site_id,target_date,true_wetdry,label_is_hobo,pred_wetdry_prob
55000900029021,2020-09-11,1,1,0.9864622
55000900029021,2020-09-12,1,1,0.96989113
55000900029021,2020-09-13,1,1,0.96288127
55000900029021,2020-09-14,1,1,0.9773931
55000900029021,2020-09-15,1,1,0.98735124
55000900029021,2020-09-16,1,1,0.9826314
55000900029021,2020-09-17,1,1,0.98145723
55000900029021,2020-09-18,1,1,0.97873
55000900029021,2020-09-19,1,1,0.97215605
55000900029021,2020-09-20,1,1,0.9714243
55000900029021,2020-09-21,1,1,0.9890472
55000900029021,2020-09-22,1,1,0.98856586
55000900029021,2020-09-23,1,1,0.9828334
55000900029021,2020-09-24,1,1,0.98224854
55000900029021,2020-09-25,1,1,0.9832222
55000900029021,2020-09-26,1,1,0.99596137
55000900029021,2020-09-27,1,1,0.9991172
55000900029021,2020-09-28,1,1,0.99986815
55000900029021,2020-09-29,1,1,0.9998803
55000900029021,2020-09-30,1,1,0.99993885
55000900029021,2020-10-01,1,1,0.99988544
55000900029021,2020-10-02,1,1,0.99963474
55000900029021,2020-10-03,1,1,0.9994778
55000900029021,2020-10-04,1,1,0.9994778
55000900029021,2020-10-05,1,1,0.99946684
55000900029021,2020-10-06,1,1,0.99942064
55000900029021,2020-10-07,1,1,0.9994305
55000900029021,2020-10-08,1,1,0.99943
55000900029021,2020-10-09,1,1,0.99930143
55000900029021,2020-10-10,1,1,0.9994204
55000900029021,2020-10-11,1,1,0.99913365
55000900029021,2020-10-12,1,1,0.9990865
55000900029021,2020-10-13,1,1,0.99991274
55000900029021,2020-10-14,1,1,0.9999597
55000900029021,2020-10-15,1,1,0.9999211
55000900029021,2020-10-16,1,1,0.9999467
55000900029021,2020-10-17,1,1,0.99993217
55000900029021,2020-10-18,1,1,0.9999498
55000900029021,2020-10-19,1,1,0.9999701
55000900029021,2020-10-20,1,1,0.9999703
55000900029021,2020-10-21,1,0,0.9999634
55000900029021,2020-10-22,1,0,0.9999616
55000900029021,2020-10-23,1,0,0.99996257
55000900029021,2020-10-24,1,0,0.9999391
55000900029021,2020-10-25,1,0,0.99994886
55000900029021,2020-10-26,1,0,0.9999498
55000900029021,2020-10-27,1,0,0.9999509
55000900029021,2020-10-28,1,0,0.99994147
55000900029021,2020-10-29,0,0,0.9999391
55000900029021,2020-10-30,1,0,0.99996257
55000900029021,2020-10-31,1,0,0.9998118
55000900029021,2020-11-01,1,0,0.87892795
55000900029021,2020-11-02,0,0,0.9438644
55000900029021,2020-11-03,0,0,0.9622307
55000900029021,2020-11-04,0,0,0.98127156
55000900029021,2020-11-05,1,0,0.67006266
55000900029021,2020-11-06,1,0,0.7575392
55000900029021,2020-11-07,1,0,0.4923738
55000900029021,2020-11-08,1,0,0.93588054
55000900029021,2020-11-09,1,0,0.96968687
55000900029021,2020-11-10,1,0,0.9898252
55000900029021,2020-11-11,1,0,0.9804848
55000900029021,2020-11-12,1,0,0.97711414
55000900029021,2020-11-13,1,0,0.9987436
55000900029021,2020-11-14,1,0,0.9966613
55000900029021,2020-11-15,1,0,0.99932325
55000900029021,2020-11-16,1,0,0.99989104
55000900029021,2020-11-17,1,0,0.99991226
55000900029021,2020-11-18,1,0,0.9999721
55000900029021,2020-11-19,1,0,0.9999629
55000900029021,2020-11-20,1,0,0.9999745
55000900029021,2020-11-21,1,0,0.99997246
55000900029021,2020-11-22,1,0,0.99996185
55000900029021,2020-11-23,1,0,0.99987507
55000900029021,2020-11-24,1,0,0.99986625
55000900029021,2020-11-25,1,0,0.9999168
55000900029021,2020-11-26,1,0,0.9999541
55000900029021,2020-11-27,1,0,0.999951
55000900029021,2020-11-28,1,0,0.9999701
55000900029021,2020-11-29,1,0,0.9999193
55000900029021,2020-11-30,1,0,0.99994695
55000900029021,2020-12-01,1,0,0.99996054
55000900029021,2020-12-02,1,0,0.9999603
55000900029021,2020-12-03,1,0,0.9999651
55000900029021,2020-12-04,1,0,0.99993277
55000900029021,2020-12-05,1,0,0.99995565
55000900029021,2020-12-06,1,0,0.9999597
55000900029021,2020-12-07,1,0,0.999962
55000900029021,2020-12-08,1,0,0.9999634
55000900029021,2020-12-09,1,0,0.9999559
55000900029021,2020-12-10,1,0,0.99995327
55000900029021,2020-12-11,1,0,0.9999584
55000900029021,2020-12-12,1,0,0.9999511
55000900029021,2020-12-13,1,0,0.99994445
55000900029021,2020-12-14,1,0,0.9999596
55000900029021,2020-12-15,1,0,0.99994695
55000900029021,2020-12-16,1,0,0.99995434
55000900029021,2020-12-17,1,0,0.99993956
55000900029021,2020-12-18,1,0,0.9999515
55000900029021,2020-12-19,1,0,0.999977
55000900029021,2020-12-20,1,0,0.99997556
55000900029021,2020-12-21,1,0,0.99995816
55000900029021,2020-12-22,1,0,0.99997985
55000900029021,2020-12-23,1,0,0.9999871
55000900029021,2020-12-24,1,0,0.99998736
55000900029021,2020-12-25,1,0,0.99997103
55000900029021,2020-12-26,1,0,0.99993074
55000900029021,2020-12-27,1,0,0.99994254
55000900029021,2020-12-28,1,0,0.9999641
55000900029021,2020-12-29,1,0,0.99995196
55000900029021,2020-12-30,1,0,0.99993813
55000900029021,2020-12-31,1,0,0.99995506
55000900029021,2021-01-01,1,0,0.99995947
55000900029021,2021-01-02,1,0,0.99995303
55000900029021,2021-01-03,1,0,0.9999696
55000900029021,2021-01-04,1,0,0.99995863
55000900029021,2021-01-05,1,0,0.9999585
55000900029021,2021-01-06,1,0,0.99995816
55000900029021,2021-01-07,1,0,0.9999584
55000900029021,2021-01-08,1,0,0.99996006
55000900029021,2021-01-09,1,0,0.99996126
55000900029021,2021-01-10,1,0,0.99996376
55000900029021,2021-01-11,1,0,0.9999713
55000900029021,2021-01-12,1,0,0.9999708
55000900029021,2021-01-13,1,0,0.9999708
55000900029021,2021-01-14,1,0,0.99996996
55000900029021,2021-01-15,1,0,0.9999696
55000900029021,2021-01-16,1,0,0.99996984
55000900029021,2021-01-17,1,0,0.9999696
55000900029021,2021-01-18,1,0,0.99996936
55000900029021,2021-01-19,1,0,0.9999683
55000900029021,2021-01-20,1,0,0.99996746
55000900029021,2021-01-21,1,0,0.999969
55000900029021,2021-01-22,1,0,0.99996626
55000900029021,2021-01-23,1,0,0.9999684
55000900029021,2021-01-24,1,0,0.99996877
55000900029021,2021-01-25,1,0,0.9999689
55000900029021,2021-01-26,1,0,0.999967
55000900029021,2021-01-27,1,0,0.99996674
55000900029021,2021-01-28,1,0,0.9999658
55000900029021,2021-01-29,1,0,0.99996865
55000900029021,2021-01-30,1,0,0.9999683
55000900029021,2021-01-31,1,0,0.9999665
55000900029021,2021-02-01,1,0,0.99996686
55000900029021,2021-02-02,1,0,0.99996686
55000900029021,2021-02-03,1,0,0.99996686
55000900029021,2021-02-04,1,0,0.99996686
55000900029021,2021-02-05,1,0,0.99996686
55000900029021,2021-02-06,1,0,0.99996686
55000900029021,2021-02-07,1,0,0.99996686
55000900029021,2021-02-08,1,0,0.99996686
55000900029021,2021-02-09,1,0,0.99996686
55000900029021,2021-02-10,1,0,0.99996686
55000900029021,2021-02-11,1,0,0.99996686
55000900029021,2021-02-12,1,0,0.99996686
55000900029021,2021-02-13,1,0,0.99996686
55000900029021,2021-02-14,1,0,0.99996686
55000900029021,2021-02-15,1,0,0.99996686
55000900029021,2021-02-16,1,0,0.99996686
55000900029021,2021-02-17,1,0,0.99996686
55000900029021,2021-02-18,1,0,0.99996686
55000900029021,2021-02-19,1,0,0.99996686
55000900029021,2021-02-20,1,0,0.99996686
55000900029021,2021-02-21,1,0,0.99996686
55000900029021,2021-02-22,1,0,0.99996686
55000900029021,2021-02-23,1,0,0.99996686
55000900029021,2021-02-24,1,0,0.99996686
55000900029021,2021-02-25,1,0,0.99996686
55000900029021,2021-02-26,1,0,0.99996686
55000900029021,2021-02-27,1,0,0.99996686
55000900029021,2021-02-28,1,0,0.99996686
55000900029021,2021-03-01,1,0,0.99996686
55000900029021,2021-03-02,1,0,0.99996686
55000900029021,2021-03-03,1,0,0.99996686
55000900029021,2021-03-04,1,0,0.99996686
55000900029021,2021-03-05,1,0,0.99996686
55000900029021,2021-03-06,1,0,0.99996686
55000900029021,2021-03-07,1,0,0.99996686
55000900029021,2021-03-08,1,0,0.99996686
55000900029021,2021-03-09,1,0,0.99996686
55000900029021,2021-03-10,1,0,0.99996686
55000900029021,2021-03-11,1,0,0.99996686
55000900029021,2021-03-12,1,0,0.99996686
55000900029021,2021-03-13,1,0,0.99996686
55000900029021,2021-03-15,1,0,0.99996686
55000900029021,2021-03-16,1,0,0.99996686
55000900029021,2021-03-17,1,0,0.99996686
55000900029021,2021-03-18,1,0,0.99996686
55000900029021,2021-03-19,1,0,0.99996686
55000900029021,2021-03-20,1,0,0.99996686
55000900029021,2021-03-21,1,0,0.99996686
55000900029021,2021-03-22,1,0,0.99996686
55000900029021,2021-03-23,1,0,0.99996686
55000900029021,2021-03-24,1,0,0.99996686
55000900029021,2021-03-25,1,0,0.99996686
55000900029021,2021-03-26,1,0,0.99996686
55000900029021,2021-03-27,1,0,0.99996686
55000900029021,2021-03-28,1,0,0.99996686
55000900029021,2021-03-29,1,0,0.99996686
55000900029021,2021-03-30,1,0,0.99996686
55000900029021,2021-03-31,1,0,0.99996686
55000900029021,2021-04-01,1,0,0.99996686
55000900029021,2021-04-02,1,0,0.99996686
55000900029021,2021-04-03,1,0,0.99996686
55000900029021,2021-04-04,1,0,0.99996686
55000900029021,2021-04-05,1,0,0.99996686
55000900029021,2021-04-06,1,0,0.99996686
55000900029021,2021-04-07,1,0,0.99996686
55000900029021,2021-04-08,1,0,0.99996686
55000900029021,2021-04-09,1,0,0.99996686
55000900029021,2021-04-10,1,0,0.99996686
55000900029021,2021-04-11,1,0,0.99996686
55000900029021,2021-04-12,1,0,0.99996686
55000900029021,2021-04-13,1,0,0.99996686
55000900029021,2021-04-14,1,0,0.99996686
55000900029021,2021-04-15,1,0,0.99996686
55000900029021,2021-04-16,1,0,0.99996686
55000900029021,2021-04-17,1,0,0.99996686
55000900029021,2021-04-18,1,0,0.99996686
55000900029021,2021-04-19,1,0,0.99996686
55000900029021,2021-04-20,1,0,0.99996686
55000900029021,2021-04-21,1,0,0.99996686
55000900029021,2021-04-22,1,0,0.99996686
55000900029021,2021-04-23,1,0,0.99996686
55000900029021,2021-04-24,1,0,0.99996686
55000900029021,2021-04-25,1,0,0.99996686
55000900029021,2021-04-26,1,0,0.99996686
55000900029021,2021-04-27,1,0,0.99996686
55000900029021,2021-04-28,1,0,0.99996686
55000900029021,2021-04-29,1,0,0.99996686
55000900029021,2021-04-30,1,0,0.99996686
55000900029021,2021-05-01,1,0,0.99996686
55000900029021,2021-05-02,1,0,0.99996686
55000900029021,2021-05-03,1,0,0.99996686
55000900029021,2021-05-04,1,0,0.99996686
55000900029021,2021-05-05,1,0,0.99996686
55000900029021,2021-05-06,1,0,0.99996686
55000900029021,2021-05-07,1,0,0.99996686
55000900029021,2021-05-08,1,0,0.99996686
55000900029021,2021-05-09,1,0,0.99996686
55000900029021,2021-05-10,1,0,0.99996686
55000900029021,2021-05-11,1,0,0.99996686
55000900029021,2021-05-12,1,0,0.99996686
55000900029021,2021-05-13,1,0,0.99996686
55000900029021,2021-05-14,1,0,0.99996686
55000900029021,2021-05-15,1,0,0.99996686
55000900029021,2021-05-16,1,0,0.99996686
55000900029021,2021-05-17,1,0,0.99996686
55000900029021,2021-05-18,1,0,0.99996686
55000900029021,2021-05-19,1,0,0.99996686
55000900029021,2021-05-20,1,0,0.99996686
55000900029021,2021-05-21,1,0,0.99996686
55000900029021,2021-05-22,1,0,0.99996686
55000900029021,2021-05-23,1,0,0.99996686
55000900029021,2021-05-24,1,0,0.99996686
55000900029021,2021-05-25,1,0,0.99996686
55000900029021,2021-05-26,1,0,0.99996686
55000900029021,2021-05-27,1,0,0.99996686
55000900029021,2021-05-28,1,0,0.99996686
55000900029021,2021-05-29,1,0,0.99996686
55000900029021,2021-05-30,1,0,0.99996686
55000900029021,2021-05-31,1,0,0.99996686
55000900029021,2021-06-01,1,0,0.99996686
55000900029021,2021-06-02,1,0,0.99996686
55000900029021,2021-06-03,1,0,0.99996686
55000900029021,2021-06-04,1,0,0.99996686
55000900029021,2021-06-05,1,0,0.99996686
55000900029021,2021-06-06,1,0,0.99996686
55000900029021,2021-06-07,1,0,0.99996686
55000900029021,2021-06-08,1,0,0.99996686
55000900029021,2021-06-09,1,0,0.99996686
55000900029021,2021-06-10,1,0,0.99996686
55000900029021,2021-06-11,1,0,0.99996686
55000900029021,2021-06-12,1,0,0.99996686
55000900029021,2021-06-13,1,0,0.99996686
55000900029021,2021-06-14,1,0,0.99996686
55000900029021,2021-06-15,1,0,0.99996686
55000900029021,2021-06-16,1,0,0.99996686
55000900029021,2021-06-17,1,0,0.99996686
55000900029021,2021-06-18,1,0,0.99996686
55000900029021,2021-06-19,1,0,0.99996686
55000900029021,2021-06-20,1,0,0.99996686
55000900029021,2021-06-21,1,0,0.99996686
55000900029021,2021-06-22,1,0,0.99996686
55000900029021,2021-06-23,1,0,0.99996686
55000900029021,2021-06-24,1,0,0.99996686
55000900029021,2021-06-25,1,0,0.99996686
55000900029021,2021-06-26,1,0,0.99996686
55000900029021,2021-06-27,1,0,0.99996686
55000900029021,2021-06-28,1,0,0.99996686
55000900029021,2021-06-29,1,0,0.99996686
55000900029021,2021-06-30,1,0,0.99996686
55000900029021,2021-07-01,1,0,0.99996686
55000900029021,2021-07-02,1,0,0.99996686
55000900029021,2021-07-03,1,0,0.99996686
55000900029021,2021-07-04,1,0,0.99996686
55000900029021,2021-07-05,1,0,0.99996686
55000900029021,2021-07-06,1,0,0.99996686
55000900029021,2021-07-07,1,0,0.99996686
55000900029021,2021-07-08,1,0,0.99996686
55000900029021,2021-07-09,1,0,0.99996686
55000900029021,2021-07-10,1,0,0.99996686
55000900029021,2021-07-11,1,0,0.99996686
55000900029021,2021-07-12,1,0,0.99996686
55000900029021,2021-07-13,1,0,0.99996686
55000900029021,2021-07-14,1,0,0.99996686
55000900029021,2021-07-15,1,0,0.99996686
55000900029021,2021-07-16,1,0,0.99996686
55000900029021,2021-07-17,1,0,0.99996686
55000900029021,2021-07-18,1,0,0.99996686
55000900029021,2021-07-19,1,0,0.99996686
55000900029021,2021-07-20,1,0,0.99996686
55000900029021,2021-07-21,1,0,0.99996686
55000900029021,2021-07-22,1,0,0.99996686
55000900029021,2021-07-23,1,0,0.99996686
55000900029021,2021-07-24,1,0,0.99996686
55000900029021,2021-07-25,0,0,0.99996686
55000900029021,2021-07-26,1,0,0.99996686
55000900029021,2021-07-27,1,0,0.99996686
55000900029021,2021-07-28,0,0,0.9998398
55000900029021,2021-07-29,0,0,0.9998863
55000900029021,2021-07-30,0,0,0.99994934
55000900029021,2021-07-31,0,0,0.9991973
55000900029021,2021-08-01,0,0,0.9936433
55000900029021,2021-08-02,0,0,0.9874298
55000900029021,2021-08-03,0,0,0.9914954
55000900029021,2021-08-04,0,0,0.99087393
55000900029021,2021-08-05,0,0,0.994027
55000900029021,2021-08-06,0,0,0.9938226
55000900029021,2021-08-07,0,0,0.9945022
55000900029021,2021-08-08,0,0,0.99698526
55000900029021,2021-08-09,0,0,0.9990237
55000900029021,2021-08-10,0,0,0.9999634
55000900029021,2021-08-11,0,0,0.9999896
55000900029021,2021-08-12,0,0,0.9999907
55000900029021,2021-08-13,0,0,0.99998987
55000900029021,2021-08-14,0,0,0.9999907
55000900029021,2021-08-15,0,0,0.9999906
55000900029021,2021-08-16,0,0,0.9999907
55000900029021,2021-08-17,0,0,0.9999906
55000900029021,2021-08-18,0,0,0.9999907
55000900029021,2021-08-19,0,0,0.9999907
55000900029021,2021-08-20,0,0,0.9999907
55000900029021,2021-08-21,0,0,0.9999908
55000900029021,2021-08-22,0,0,0.9999908
55000900029021,2021-08-23,0,0,0.9999908
55000900029021,2021-08-24,0,0,0.9999908
55000900029021,2021-08-25,0,0,0.9999908
55000900029021,2021-08-26,0,0,0.99999094
55000900029021,2021-08-27,0,0,0.99999094
55000900029021,2021-08-28,0,0,0.99999094
55000900029021,2021-08-29,0,0,0.99999094
55000900029021,2021-08-30,0,0,0.99999094
55000900029021,2021-08-31,0,0,0.99999094
55000900029021,2021-09-01,0,0,0.99999094
55000900029021,2021-09-02,0,0,0.99999094
55000900029021,2021-09-03,0,0,0.99999094
55000900029021,2021-09-04,0,0,0.99999094
55000900029021,2021-09-05,0,0,0.99999094
55000900029021,2021-09-06,0,0,0.99999094
55000900029021,2021-09-07,0,0,0.99999094
55000900029021,2021-09-08,0,0,0.99999094
55000900029021,2021-09-09,0,0,0.99999094
55000900029021,2021-09-10,0,0,0.99999094
55000900029021,2021-09-11,0,0,0.99999094
55000900029021,2021-09-12,0,0,0.99999094
55000900029021,2021-09-13,0,0,0.99999094
55000900029021,2021-09-14,0,0,0.99999094
55000900029021,2021-09-15,0,0,0.99999094
55000900029021,2021-09-16,0,0,0.99999094
55000900029021,2021-09-17,0,0,0.99999094
55000900029021,2021-09-18,1,0,0.99999094
55000900029021,2021-09-19,1,0,0.99999094
55000900029021,2021-09-20,1,0,0.99999094
55000900029021,2021-09-21,0,0,0.99998975
55000900029021,2021-09-22,0,0,0.99999106
55000900029021,2021-09-23,0,0,0.99998975
55000900029021,2021-09-24,0,0,0.9999912
55000900029021,2021-09-25,0,0,0.99999034
55000900029021,2021-09-26,0,0,0.99999094
55000900029021,2021-09-27,1,0,0.9999912
55000900029021,2021-09-28,1,0,0.99999094
55000900029021,2021-09-29,1,0,0.99999094
55000900029021,2021-09-30,1,0,0.99999
55000900029021,2021-10-01,1,0,0.99999094
55000900029021,2021-10-02,0,0,0.99998975
55000900029021,2021-10-03,0,0,0.9999907
55000900029021,2021-10-04,0,0,0.9999902
55000900029021,2021-10-05,0,0,0.99999106
55000900029021,2021-10-06,0,0,0.9999902
55000900029021,2021-10-07,0,0,0.9999908
55000900029021,2021-10-08,0,0,0.99999106
55000900029021,2021-10-09,0,0,0.9999908
55000900029021,2021-10-10,1,0,0.9999908
55000900029021,2021-10-11,1,0,0.9999908
55000900029021,2021-10-12,1,0,0.9999907
55000900029021,2021-10-13,0,0,0.9999895
55000900029021,2021-10-14,1,0,0.99999106
55000900029021,2021-10-15,1,0,0.9999896
55000900029021,2021-10-16,0,0,0.9999912
55000900029021,2021-10-17,1,0,0.9999889
55000900029021,2021-10-18,1,0,0.99999094
55000900029021,2021-10-19,1,0,0.99998915
55000900029021,2021-10-20,1,0,0.9999876
55000900029021,2021-10-21,1,0,0.9999864
55000900029021,2021-10-22,1,0,0.99998474
55000900029021,2021-10-23,1,0,0.99984527
55000900029021,2021-10-24,1,0,0.9992766
55000900029021,2021-10-25,1,0,0.99964285
55000900029021,2021-10-26,1,0,0.99976915
55000900029021,2021-10-27,1,0,0.9999461
55000900029021,2021-10-28,1,0,0.99997723
55000900029021,2021-10-29,1,0,0.99998033
55000900029021,2021-10-30,1,0,0.9999796
55000900029021,2021-10-31,1,0,0.9999815
55000900029021,2021-11-01,1,0,0.99998224
55000900029021,2021-11-02,1,0,0.99997294
55000900029021,2021-11-03,1,0,0.9993117
55000900029021,2021-11-04,1,0,0.99922836
55000900029021,2021-11-05,1,0,0.9990675
55000900029021,2021-11-06,1,0,0.99813724
55000900029021,2021-11-07,1,0,0.99773103
55000900029021,2021-11-08,1,0,0.9977102
55000900029021,2021-11-09,1,0,0.99807703
55000900029021,2021-11-10,1,0,0.9987206
55000900029021,2021-11-11,1,0,0.9997439
55000900029021,2021-11-12,1,0,0.9995215
55000900029021,2021-11-13,1,0,0.9994703
55000900029021,2021-11-14,1,0,0.9993668
55000900029021,2021-11-15,1,0,0.99994445
55000900029021,2021-11-16,1,0,0.99994195
55000900029021,2021-11-17,1,0,0.999908
55000900029021,2021-11-18,1,0,0.99996686
55000900029021,2021-11-19,1,0,0.99996686
55000900029021,2021-11-20,1,0,0.99996686
55000900029021,2021-11-21,1,0,0.99996686
55000900029021,2021-11-22,1,0,0.99996686
55000900029021,2021-11-23,1,0,0.99996686
55000900029021,2021-11-24,1,0,0.99996686
55000900029021,2021-11-25,1,0,0.99996686
55000900029021,2021-11-26,1,0,0.99996686
55000900029021,2021-11-27,1,0,0.99996686
55000900029021,2021-11-28,1,0,0.99996686
55000900029021,2021-11-29,1,0,0.99996686
55000900029021,2021-11-30,1,0,0.99996686
55000900029021,2021-12-01,1,0,0.99996686
55000900029021,2021-12-02,1,0,0.99996686
55000900029021,2021-12-03,1,0,0.99996686
55000900029021,2021-12-04,1,0,0.99996686
55000900029021,2021-12-05,1,0,0.99996686
55000900029021,2021-12-06,1,0,0.99996686
55000900029021,2021-12-07,1,0,0.99996686
55000900029021,2021-12-08,1,0,0.99996686
55000900029021,2021-12-09,1,0,0.99996686
55000900029021,2021-12-10,1,0,0.99996686
55000900029021,2021-12-11,1,0,0.99996686
55000900029021,2021-12-12,1,0,0.99996686
55000900029021,2021-12-13,1,0,0.99996686
55000900029021,2021-12-14,1,0,0.99996686
55000900029021,2021-12-15,1,0,0.99996686
55000900029021,2021-12-16,1,0,0.99996686
55000900029021,2021-12-17,1,0,0.99996686
55000900029021,2021-12-18,1,0,0.99996686
55000900029021,2021-12-19,1,0,0.99996686
55000900029021,2021-12-20,1,0,0.99996686
55000900029021,2021-12-21,1,0,0.99996686
55000900029021,2021-12-22,1,0,0.99996686
55000900029021,2021-12-23,1,0,0.99996686
55000900029021,2021-12-24,1,0,0.99996686
55000900029021,2021-12-25,1,0,0.99996686
55000900029021,2021-12-26,1,0,0.99996686
55000900029021,2021-12-27,1,0,0.99996686
55000900029021,2021-12-28,1,0,0.99996686
55000900029021,2021-12-29,1,0,0.99996686
55000900029021,2021-12-30,1,0,0.99996686
55000900029021,2021-12-31,1,0,0.99996686
55000900029021,2022-01-01,1,0,0.99996686
55000900029021,2022-01-02,1,0,0.99996686
55000900029021,2022-01-03,1,0,0.99996686
55000900029021,2022-01-04,1,0,0.99996686
55000900029021,2022-01-05,1,0,0.99996686
55000900029021,2022-01-06,1,0,0.99996686
55000900029021,2022-01-07,1,0,0.99996686
55000900029021,2022-01-08,1,0,0.99996686
55000900029021,2022-01-09,1,0,0.99996686
55000900029021,2022-01-10,1,0,0.99996686
55000900029021,2022-01-11,1,0,0.99996686
55000900029021,2022-01-12,1,0,0.99996686
55000900029021,2022-01-13,1,0,0.99996686
55000900029021,2022-01-14,1,0,0.99996686
55000900029021,2022-01-15,1,0,0.99996686
55000900029021,2022-01-16,1,0,0.99996686
55000900029021,2022-01-17,1,0,0.99996686
55000900029021,2022-01-18,1,0,0.99996686
55000900029021,2022-01-19,1,0,0.99996686
55000900029021,2022-01-20,1,0,0.99996686
55000900029021,2022-01-21,1,0,0.99996686
55000900029021,2022-01-22,1,0,0.99996686
55000900029021,2022-01-23,1,0,0.99996686
55000900029021,2022-01-24,1,0,0.99996686
55000900029021,2022-01-25,1,0,0.99996686
55000900029021,2022-01-26,1,0,0.99996686
55000900029021,2022-01-27,1,0,0.99996686
55000900029021,2022-01-28,1,0,0.99996686
55000900029021,2022-01-29,1,0,0.99996686
55000900029021,2022-01-30,1,0,0.99996686
55000900029021,2022-01-31,1,0,0.99996686
55000900029021,2022-02-01,1,0,0.99996686
55000900029021,2022-02-02,1,0,0.99996686
55000900029021,2022-02-03,1,0,0.99996686
55000900029021,2022-02-04,1,0,0.99996686
55000900029021,2022-02-05,1,0,0.99996686
55000900029021,2022-02-06,1,0,0.99996686
55000900029021,2022-02-07,1,0,0.99996686
55000900029021,2022-02-08,1,0,0.99996686
55000900029021,2022-02-09,1,0,0.99996686
55000900029021,2022-02-10,1,0,0.99996686
55000900029021,2022-02-11,1,0,0.99996686
55000900029021,2022-02-12,1,0,0.99996686
55000900029021,2022-02-13,1,0,0.99996686
55000900029021,2022-02-14,1,0,0.99996686
55000900029021,2022-02-15,1,0,0.99996686
55000900029021,2022-02-16,1,0,0.99996686
55000900029021,2022-02-17,1,0,0.99996686
55000900029021,2022-02-18,1,0,0.99996686
55000900029021,2022-02-19,1,0,0.99996686
55000900029021,2022-02-20,1,0,0.99996686
55000900029021,2022-02-21,1,0,0.99996686
55000900029021,2022-02-22,1,0,0.99996686
55000900029021,2022-02-23,1,0,0.99996686
55000900029021,2022-02-24,1,0,0.99996686
55000900029021,2022-02-25,1,0,0.99996686
55000900029021,2022-02-26,1,0,0.99996686
55000900029021,2022-02-27,1,0,0.99996686
55000900029021,2022-02-28,1,0,0.99996686
55000900029021,2022-03-01,1,0,0.99996686
55000900029021,2022-03-02,1,0,0.99996686
55000900029021,2022-03-03,1,0,0.99996686
55000900029021,2022-03-04,1,0,0.99996686
55000900029021,2022-03-05,1,0,0.99996686
55000900029021,2022-03-06,1,0,0.99996686
55000900029021,2022-03-07,1,0,0.99996686
55000900029021,2022-03-08,1,0,0.99996686
55000900029021,2022-03-09,1,0,0.99996686
55000900029021,2022-03-10,1,0,0.99996686
55000900029021,2022-03-11,1,0,0.99996686
55000900029021,2022-03-12,1,0,0.99996686
55000900029021,2022-03-14,1,0,0.99996686
55000900029021,2022-03-15,1,0,0.99996686
55000900029021,2022-03-16,1,0,0.99996686
55000900029021,2022-03-17,1,0,0.99996686
55000900029021,2022-03-18,1,0,0.99996686
55000900029021,2022-03-19,1,0,0.99996686
55000900029021,2022-03-20,1,0,0.99996686
55000900029021,2022-03-21,1,0,0.99996686
55000900029021,2022-03-22,1,0,0.99996686
55000900029021,2022-03-23,1,0,0.99996686
55000900029021,2022-03-24,1,0,0.99996686
55000900029021,2022-03-25,1,0,0.99996686
55000900029021,2022-03-26,1,0,0.99996686
55000900029021,2022-03-27,1,0,0.99996686
55000900029021,2022-03-28,1,0,0.99996686
55000900029021,2022-03-29,1,0,0.99996686
55000900029021,2022-03-30,1,0,0.99996686
55000900029021,2022-03-31,1,0,0.99996686
55000900029021,2022-04-01,1,0,0.99996686
55000900029021,2022-04-02,1,0,0.99996686
55000900029021,2022-04-03,1,0,0.99996686
55000900029021,2022-04-04,1,0,0.99996686
55000900029021,2022-04-05,1,0,0.99996686
55000900029021,2022-04-06,1,0,0.99996686
55000900029021,2022-04-07,1,0,0.99996686
55000900029021,2022-04-08,1,0,0.99996686
55000900029021,2022-04-09,1,0,0.99996686
55000900029021,2022-04-10,1,0,0.99996686
55000900029021,2022-04-11,1,0,0.99996686
55000900029021,2022-04-12,1,0,0.99996686
55000900029021,2022-04-13,1,0,0.99996686
55000900029021,2022-04-14,1,0,0.99996686
55000900029021,2022-04-15,1,0,0.99996686
55000900029021,2022-04-16,1,0,0.99996686
55000900029021,2022-04-17,1,0,0.99996686
55000900029021,2022-04-18,1,0,0.99996686
55000900029021,2022-04-19,1,0,0.99996686
55000900029021,2022-04-20,1,0,0.99996686
55000900029021,2022-04-21,1,0,0.99996686
55000900029021,2022-04-22,1,0,0.99996686
55000900029021,2022-04-23,1,0,0.99996686
55000900029021,2022-04-24,1,0,0.99996686
55000900029021,2022-04-25,1,0,0.99996686
55000900029021,2022-04-26,1,0,0.99996686
55000900029021,2022-04-27,1,0,0.99996686
55000900029021,2022-04-28,1,0,0.99996686
55000900029021,2022-04-29,1,0,0.99996686
55000900029021,2022-04-30,1,0,0.99996686
55000900029021,2022-05-01,1,0,0.99996686
55000900029021,2022-05-02,1,0,0.99996686
55000900029021,2022-05-03,1,0,0.99996686
55000900029021,2022-05-04,1,0,0.99996686
55000900029021,2022-05-05,1,0,0.99996686
55000900029021,2022-05-06,1,0,0.99996686
55000900029021,2022-05-07,1,0,0.99996686
55000900029021,2022-05-08,1,0,0.99996686
55000900029021,2022-05-09,1,0,0.99996686
55000900029021,2022-05-10,1,0,0.99996686
55000900029021,2022-05-11,1,0,0.99996686
55000900029021,2022-05-12,1,0,0.99996686
55000900029021,2022-05-13,1,0,0.99996686
55000900029021,2022-05-14,1,0,0.99996686
55000900029021,2022-05-15,1,0,0.99996686
55000900029021,2022-05-16,1,0,0.99996686
55000900029021,2022-05-17,1,0,0.99996686
55000900029021,2022-05-18,1,0,0.99996686
55000900029021,2022-05-19,1,0,0.99996686
55000900029021,2022-05-20,1,0,0.99996686
55000900029021,2022-05-21,1,0,0.99996686
55000900029021,2022-05-22,1,0,0.99996686
55000900029021,2022-05-23,1,0,0.99996686
55000900029021,2022-05-24,1,0,0.99996686
55000900029021,2022-05-25,1,0,0.99996686
55000900029021,2022-05-26,1,0,0.99996686
55000900029021,2022-05-27,1,0,0.99996686
55000900029021,2022-05-28,1,0,0.99996686
55000900029021,2022-05-29,1,0,0.99996686
55000900029021,2022-05-30,1,0,0.99996686
55000900029021,2022-05-31,1,0,0.99996686
55000900029021,2022-06-01,1,0,0.99996686
55000900029021,2022-06-02,1,0,0.99996686
55000900029021,2022-06-03,1,0,0.99996686
55000900029021,2022-06-04,1,0,0.99996686
55000900029021,2022-06-05,1,0,0.99996686
55000900029021,2022-06-06,1,0,0.99996686
55000900029021,2022-06-07,1,0,0.99996686
55000900029021,2022-06-08,1,0,0.99996686
55000900029021,2022-06-09,1,0,0.99996686
55000900029021,2022-06-10,1,0,0.99996686
55000900029021,2022-06-11,1,0,0.99996686
55000900029021,2022-06-12,1,0,0.99996686
55000900029021,2022-06-13,1,0,0.99996686
55000900029021,2022-06-14,1,0,0.99996686
55000900029021,2022-06-15,1,0,0.99996686
55000900029021,2022-06-16,1,0,0.99996686
55000900029021,2022-06-17,1,0,0.99996686
55000900029021,2022-06-18,1,0,0.99996686
55000900029021,2022-06-19,1,0,0.99996686
55000900029021,2022-06-20,1,0,0.99996686
55000900029021,2022-06-21,1,0,0.99996686
55000900029021,2022-06-22,1,0,0.99996686
55000900029021,2022-06-23,1,0,0.99996686
55000900029021,2022-06-24,1,0,0.99996686
55000900029021,2022-06-25,1,0,0.99996686
55000900029021,2022-06-26,1,0,0.99996686
55000900029021,2022-06-27,1,0,0.99996686
55000900029021,2022-06-28,1,0,0.99996686
55000900029021,2022-06-29,1,0,0.99996686
55000900029021,2022-06-30,1,0,0.99996686
55000900029021,2022-07-01,1,0,0.99996686
55000900029021,2022-07-02,1,0,0.99996686
55000900029021,2022-07-03,1,0,0.99996686
55000900029021,2022-07-04,1,0,0.99996686
55000900029021,2022-07-05,1,0,0.99996686
55000900029021,2022-07-06,1,0,0.99996686
55000900029021,2022-07-07,1,0,0.99996686
55000900029021,2022-07-08,1,0,0.99996686
55000900029021,2022-07-09,1,0,0.99996686
55000900029021,2022-07-10,1,0,0.99996686
55000900029021,2022-07-11,1,0,0.99996686
55000900029021,2022-07-12,1,0,0.99996686
55000900029021,2022-07-13,1,0,0.99996686
55000900029021,2022-07-14,1,0,0.99996686
55000900029021,2022-07-15,1,0,0.99996686
55000900029021,2022-07-16,1,0,0.99996686
55000900029021,2022-07-17,1,0,0.99996686
55000900029021,2022-07-18,1,0,0.99996686
55000900029021,2022-07-19,1,0,0.99996686
55000900029021,2022-07-20,1,0,0.99996686
55000900029021,2022-07-21,1,0,0.99996686
55000900029021,2022-07-22,1,0,0.99996686
55000900029021,2022-07-23,1,0,0.99996686
55000900029021,2022-07-24,1,0,0.99996686
55000900029021,2022-07-25,1,0,0.99996686
55000900029021,2022-07-26,1,0,0.99996686
55000900029021,2022-07-27,1,0,0.99996686
55000900029021,2022-07-28,1,0,0.99996686
55000900029021,2022-07-29,1,0,0.99996686
55000900029021,2022-07-30,1,0,0.99996686
55000900029021,2022-07-31,1,0,0.99996686
55000900029021,2022-08-01,1,0,0.99996686
55000900029021,2022-08-02,1,0,0.99996686
55000900029021,2022-08-03,1,0,0.99996686
55000900029021,2022-08-04,1,0,0.99996686
55000900029021,2022-08-05,1,0,0.99996686
55000900029021,2022-08-06,1,0,0.99996686
55000900029021,2022-08-07,1,0,0.99996686
55000900029021,2022-08-08,1,0,0.99996686
55000900029021,2022-08-09,1,0,0.99996686
55000900029021,2022-08-10,1,0,0.99996686
55000900029021,2022-08-11,1,0,0.99996686
55000900029021,2022-08-12,1,0,0.99996686
55000900029021,2022-08-13,1,0,0.99996686
55000900029021,2022-08-14,1,0,0.99996686
55000900029021,2022-08-15,1,0,0.99996686
55000900029021,2022-08-16,1,0,0.99996686
55000900029021,2022-08-17,1,0,0.99996686
55000900029021,2022-08-18,1,0,0.99996686
55000900029021,2022-08-19,1,0,0.99996686
55000900029021,2022-08-20,1,0,0.99996686
55000900029021,2022-08-21,1,0,0.99996686
55000900029021,2022-08-22,1,0,0.99996686
55000900029021,2022-08-23,1,0,0.99996686
55000900029021,2022-08-24,1,0,0.99996686
55000900029021,2022-08-25,1,0,0.99996686
55000900029021,2022-08-26,1,0,0.99996686
55000900029021,2022-08-27,1,0,0.99996686
55000900029021,2022-08-28,1,0,0.99996686
55000900029021,2022-08-29,1,0,0.99996686
55000900029021,2022-08-30,1,0,0.99996686
55000900029021,2022-08-31,1,0,0.99996686
55000900029021,2022-09-01,1,0,0.99996686
55000900029021,2022-09-02,1,0,0.99996686
55000900029021,2022-09-03,1,0,0.99996686
55000900029021,2022-09-04,1,0,0.99996686
55000900029021,2022-09-05,1,0,0.99996686
55000900029021,2022-09-06,1,0,0.99996686
55000900029021,2022-09-07,1,0,0.99996686
55000900029021,2022-09-08,1,0,0.99996686
55000900029021,2022-09-09,1,0,0.99996686
55000900029021,2022-09-10,1,0,0.99996686
55000900029021,2022-09-11,1,0,0.99996686
55000900029021,2022-09-12,1,0,0.99996686
55000900029021,2022-09-13,1,0,0.99996686
55000900029021,2022-09-14,1,0,0.99996686
55000900029021,2022-09-15,1,0,0.99996686
55000900029021,2022-09-16,1,0,0.99996686
55000900029021,2022-09-17,1,0,0.99996686
55000900029021,2022-09-18,1,0,0.99996686
55000900029021,2022-09-19,1,0,0.99996686
55000900029021,2022-09-20,1,0,0.99996686
55000900029021,2022-09-21,1,0,0.99996686
55000900029021,2022-09-22,1,0,0.99996686
55000900029021,2022-09-23,1,0,0.99996686
55000900029021,2022-09-24,1,0,0.99996686
55000900029021,2022-09-25,1,0,0.99996686
55000900029021,2022-09-26,1,0,0.99996686
55000900029021,2022-09-27,1,0,0.99996686
55000900029021,2022-09-28,1,0,0.99996686
55000900029021,2022-09-29,1,0,0.99996686
55000900029021,2022-09-30,1,0,0.99996686
55000900029021,2022-10-01,1,0,0.99996686
55000900029021,2022-10-02,0,0,0.99996686
55000900029021,2022-10-03,0,0,0.99996686
55000900029021,2022-10-04,0,0,0.99996686
55000900029021,2022-10-05,0,0,0.9998398
55000900029021,2022-10-06,0,0,0.99612266
55000900029021,2022-10-07,1,0,0.98943514
55000900029021,2022-10-08,1,0,0.9908799
55000900029021,2022-10-09,0,0,0.99174607
55000900029021,2022-10-10,0,0,0.99764794
55000900029021,2022-10-11,0,0,0.99799585
55000900029021,2022-10-12,0,0,0.995419
55000900029021,2022-10-13,0,0,0.9953413
55000900029021,2022-10-14,0,0,0.9943136
55000900029021,2022-10-15,0,0,0.99746007
55000900029021,2022-10-16,0,0,0.99933726
55000900029021,2022-10-17,0,0,0.99997187
55000900029021,2022-10-18,0,0,0.9999902
55000900029021,2022-10-19,0,0,0.9999906
55000900029021,2022-10-20,0,0,0.99998975
55000900029021,2022-10-21,1,0,0.9999908
55000900029021,2022-10-22,1,0,0.9999907
55000900029021,2022-10-23,1,0,0.9999907
55000900029021,2022-10-24,1,0,0.9999894
55000900029021,2022-10-25,1,0,0.9999908
55000900029021,2022-10-26,1,0,0.9999895
55000900029021,2022-10-27,1,0,0.99999046
55000900029021,2022-10-28,1,0,0.99999
55000900029021,2022-10-29,1,0,0.99999
55000900029021,2022-10-30,1,0,0.9999893
55000900029021,2022-10-31,1,0,0.9999882
55000900029021,2022-11-01,1,0,0.9999865
55000900029021,2022-11-02,1,0,0.99998856
55000900029021,2022-11-03,1,0,0.9999877
55000900029021,2022-11-04,1,0,0.9999851
55000900029021,2022-11-05,1,0,0.99998486
55000900029021,2022-11-06,1,0,0.9999846
55000900029021,2022-11-07,1,0,0.9999844
55000900029021,2022-11-08,1,0,0.9999833
55000900029021,2022-11-09,1,0,0.9999838
55000900029021,2022-11-10,1,0,0.99969864
55000900029021,2022-11-11,1,0,0.9995055
55000900029021,2022-11-12,1,0,0.9993339
55000900029021,2022-11-13,1,0,0.99918824
55000900029021,2022-11-14,1,0,0.999175
55000900029021,2022-11-15,1,0,0.99871993
55000900029021,2022-11-16,1,0,0.9980027
55000900029021,2022-11-17,1,0,0.99780077
55000900029021,2022-11-18,1,0,0.9974734
55000900029021,2022-11-19,1,0,0.99769956
55000900029021,2022-11-20,1,0,0.99837506
55000900029021,2022-11-21,1,0,0.999908
55000900029021,2022-11-22,1,0,0.99996686
55000900029021,2022-11-23,1,0,0.99996686
55000900029021,2022-11-24,1,0,0.99996686
55000900029021,2022-11-25,1,0,0.99996686
55000900029021,2022-11-26,1,0,0.99996686
55000900029021,2022-11-27,1,0,0.99996686
55000900029021,2022-11-28,1,0,0.99996686
55000900029021,2022-11-29,1,0,0.99996686
55000900029021,2022-11-30,1,0,0.99996686
55000900029021,2022-12-01,1,0,0.99996686
55000900029021,2022-12-02,1,0,0.99996686
55000900029021,2022-12-03,1,0,0.99996686
55000900029021,2022-12-04,1,0,0.99996686
55000900029021,2022-12-05,1,0,0.99996686
55000900029021,2022-12-06,1,0,0.99996686
55000900029021,2022-12-07,1,0,0.99996686
55000900029021,2022-12-08,1,0,0.99996686
55000900029021,2022-12-09,1,0,0.99996686
55000900029021,2022-12-10,1,0,0.99996686
55000900029021,2022-12-11,1,0,0.99996686
55000900029021,2022-12-12,1,0,0.99996686
55000900029021,2022-12-13,1,0,0.99996686
55000900029021,2022-12-14,1,0,0.99996686
55000900029021,2022-12-15,1,0,0.99996686
55000900029021,2022-12-16,1,0,0.99996686
55000900029021,2022-12-17,1,0,0.99996686
55000900029021,2022-12-18,1,0,0.99996686
55000900029021,2022-12-19,1,0,0.99996686
55000900029021,2022-12-20,1,0,0.99996686
55000900029021,2022-12-21,1,0,0.99996686
55000900029021,2022-12-22,1,0,0.99996686
55000900029021,2022-12-23,1,0,0.99996686
55000900029021,2022-12-24,1,0,0.99996686
55000900029021,2022-12-25,1,0,0.99996686
55000900029021,2022-12-26,1,0,0.99996686
55000900029021,2022-12-27,1,0,0.99996686
55000900029021,2022-12-28,1,0,0.99996686
55000900029021,2022-12-29,1,0,0.99996686
55000900029021,2022-12-30,1,0,0.99996686
55000900029021,2022-12-31,1,0,0.99996686
55000900029021,2023-01-01,1,0,0.99996686
55000900029021,2023-01-02,1,0,0.99996686
55000900029021,2023-01-03,1,0,0.99996686
55000900029021,2023-01-04,1,0,0.99996686
55000900029021,2023-01-05,1,0,0.99996686
55000900029021,2023-01-06,1,0,0.99996686
55000900029021,2023-01-07,1,0,0.99996686
55000900029021,2023-01-08,1,0,0.99996686
55000900029021,2023-01-09,1,0,0.99996686
55000900029021,2023-01-10,1,0,0.99996686
55000900029021,2023-01-11,1,0,0.99996686
55000900029021,2023-01-12,1,0,0.99996686
55000900029021,2023-01-13,1,0,0.99996686
55000900029021,2023-01-14,1,0,0.99996686
55000900029021,2023-01-15,1,0,0.99996686
55000900029021,2023-01-16,1,0,0.99996686
55000900029021,2023-01-17,1,0,0.99996686
55000900029021,2023-01-18,1,0,0.99996686
55000900029021,2023-01-19,1,0,0.99996686
55000900029021,2023-01-20,1,0,0.99996686
55000900029021,2023-01-21,1,0,0.99996686
55000900029021,2023-01-22,1,0,0.99996686
55000900029021,2023-01-23,1,0,0.99996686
55000900029021,2023-01-24,1,0,0.99996686
55000900029021,2023-01-25,1,0,0.99996686
55000900029021,2023-01-26,1,0,0.99996686
55000900029021,2023-01-27,1,0,0.99996686
55000900029021,2023-01-28,1,0,0.99996686
55000900029021,2023-01-29,1,0,0.99996686
55000900029021,2023-01-30,1,0,0.99996686
55000900029021,2023-01-31,1,0,0.99996686
55000900029021,2023-02-01,1,0,0.99996686
55000900029021,2023-02-02,1,0,0.99996686
55000900029021,2023-02-03,1,0,0.99996686
55000900029021,2023-02-04,1,0,0.99996686
55000900029021,2023-02-05,1,0,0.99996686
55000900029021,2023-02-06,1,0,0.99996686
55000900029021,2023-02-07,1,0,0.99996686
55000900029021,2023-02-08,1,0,0.99996686
55000900029021,2023-02-09,1,0,0.99996686
55000900029021,2023-02-10,1,0,0.99996686
55000900029021,2023-02-11,1,0,0.99996686
55000900029021,2023-02-12,1,0,0.99996686
55000900029021,2023-02-13,1,0,0.99996686
55000900029021,2023-02-14,1,0,0.99996686
55000900029021,2023-02-15,1,0,0.99996686
55000900029021,2023-02-16,1,0,0.99996686
55000900029021,2023-02-17,1,0,0.99996686
55000900029021,2023-02-18,1,0,0.99996686
55000900029021,2023-02-19,1,0,0.99996686
55000900029021,2023-02-20,1,0,0.99996686
55000900029021,2023-02-21,1,0,0.99996686
55000900029021,2023-02-22,1,0,0.99996686
55000900029021,2023-02-23,1,0,0.99996686
55000900029021,2023-02-24,1,0,0.99996686
55000900029021,2023-02-25,1,0,0.99996686
55000900029021,2023-02-26,1,0,0.99996686
55000900029021,2023-02-27,1,0,0.99996686
55000900029021,2023-02-28,1,0,0.99996686
55000900029021,2023-03-01,1,0,0.99996686
55000900029021,2023-03-02,1,0,0.99996686
55000900029021,2023-03-03,1,0,0.99996686
55000900029021,2023-03-04,1,0,0.99996686
55000900029021,2023-03-05,1,0,0.99996686
55000900029021,2023-03-06,1,0,0.99996686
55000900029021,2023-03-07,1,0,0.99996686
55000900029021,2023-03-08,1,0,0.99996686
55000900029021,2023-03-09,1,0,0.99996686
55000900029021,2023-03-10,1,0,0.99996686
55000900029021,2023-03-11,1,0,0.99996686
55000900029021,2023-03-13,1,0,0.99996686
55000900029021,2023-03-14,1,0,0.99996686
55000900029021,2023-03-15,1,0,0.99996686
55000900029021,2023-03-16,1,0,0.99996686
55000900029021,2023-03-17,1,0,0.99996686
55000900029021,2023-03-18,1,0,0.99996686
55000900029021,2023-03-19,1,0,0.99996686
55000900029021,2023-03-20,1,0,0.99996686
55000900029021,2023-03-21,1,0,0.99996686
55000900029021,2023-03-22,1,0,0.99996686
55000900029021,2023-03-23,1,0,0.99996686
55000900029021,2023-03-24,1,0,0.99996686
55000900029021,2023-03-25,1,0,0.99996686
55000900029021,2023-03-26,1,0,0.99996686
55000900029021,2023-03-27,1,0,0.99996686
55000900029021,2023-03-28,1,0,0.99996686
55000900029021,2023-03-29,1,0,0.99996686
55000900029021,2023-03-30,1,0,0.99996686
55000900029021,2023-03-31,1,0,0.99996686
55000900029021,2023-04-01,1,0,0.99996686
55000900029021,2023-04-02,1,0,0.99996686
55000900029021,2023-04-03,1,0,0.99996686
55000900029021,2023-04-04,1,0,0.99996686
55000900029021,2023-04-05,1,0,0.99996686
55000900029021,2023-04-06,1,0,0.99996686
55000900029021,2023-04-07,1,0,0.99996686
55000900029021,2023-04-08,1,0,0.99996686
55000900029021,2023-04-09,1,0,0.99996686
55000900029021,2023-04-10,1,0,0.99996686
55000900029021,2023-04-11,1,0,0.99996686
55000900029021,2023-04-12,1,0,0.99996686
55000900029021,2023-04-13,1,0,0.99996686
55000900029021,2023-04-14,1,0,0.99996686
55000900029021,2023-04-15,1,0,0.99996686
55000900029021,2023-04-16,1,0,0.99996686
55000900029021,2023-04-17,1,0,0.99996686
55000900029021,2023-04-18,1,0,0.99996686
55000900029021,2023-04-19,1,0,0.99996686
55000900029021,2023-04-20,1,0,0.99996686
55000900029608,2020-09-11,1,0,0.9999938
55000900029608,2020-09-12,1,0,0.9999969
55000900029608,2020-09-13,1,0,0.9999968
55000900029608,2020-09-14,1,0,0.99999666
55000900029608,2020-09-15,1,0,0.99999654
55000900029608,2020-09-16,1,0,0.9999958
55000900029608,2020-09-17,1,0,0.99999547
55000900029608,2020-09-18,1,0,0.9999925
55000900029608,2020-09-19,1,0,0.99998856
55000900029608,2020-09-20,1,0,0.9999889
55000900029608,2020-09-21,1,0,0.9999962
55000900029608,2020-09-22,1,0,0.9999949
55000900029608,2020-09-23,1,0,0.99999714
55000900029608,2020-09-24,1,0,0.999997
55000900029608,2020-09-25,1,0,0.99999714
55000900029608,2020-09-26,1,0,0.99999714
55000900029608,2020-09-27,1,0,0.9999962
55000900029608,2020-09-28,1,0,0.99999726
55000900029608,2020-09-29,1,0,0.9999956
55000900029608,2020-09-30,1,0,0.9999975
55000900029608,2020-10-01,1,0,0.9999974
55000900029608,2020-10-02,1,0,0.9999974
55000900029608,2020-10-03,1,0,0.9999975
55000900029608,2020-10-04,1,0,0.9999975
55000900029608,2020-10-05,1,0,0.9999974
55000900029608,2020-10-06,1,0,0.99999726
55000900029608,2020-10-07,1,0,0.999997
55000900029608,2020-10-08,1,0,0.9999968
55000900029608,2020-10-09,1,0,0.99999654
55000900029608,2020-10-10,1,0,0.99999714
55000900029608,2020-10-11,1,0,0.99999726
55000900029608,2020-10-12,1,0,0.9999969
55000900029608,2020-10-13,1,0,0.9999974
55000900029608,2020-10-14,1,0,0.9999975
55000900029608,2020-10-15,1,0,0.99999666
55000900029608,2020-10-16,1,0,0.9999976
55000900029608,2020-10-17,1,0,0.999997
55000900029608,2020-10-18,1,0,0.99999726
55000900029608,2020-10-19,1,0,0.9999968
55000900029608,2020-10-20,1,0,0.99999726
55000900029608,2020-10-21,1,0,0.99999774
55000900029608,2020-10-22,1,0,0.999997
55000900029608,2020-10-23,1,0,0.9999974
55000900029608,2020-10-24,1,0,0.9999968
55000900029608,2020-10-25,1,0,0.99999785
55000900029608,2020-10-26,1,0,0.99999774
55000900029608,2020-10-27,1,0,0.99999785
55000900029608,2020-10-28,1,0,0.999998
55000900029608,2020-10-29,1,0,0.99999475
55000900029608,2020-10-30,1,0,0.99999535
55000900029608,2020-10-31,1,0,0.9999945
55000900029608,2020-11-01,1,0,0.99999523
55000900029608,2020-11-02,1,0,0.9999975
55000900029608,2020-11-03,1,0,0.99999785
55000900029608,2020-11-04,1,0,0.9999976
55000900029608,2020-11-05,1,0,0.9999976
55000900029608,2020-11-06,1,0,0.99999726
55000900029608,2020-11-07,1,0,0.9999974
55000900029608,2020-11-08,1,0,0.9999975
55000900029608,2020-11-09,1,0,0.9999975
55000900029608,2020-11-10,1,0,0.9999976
55000900029608,2020-11-11,1,0,0.999998
55000900029608,2020-11-12,1,0,0.999998
55000900029608,2020-11-13,1,0,0.9999981
55000900029608,2020-11-14,1,0,0.999998
55000900029608,2020-11-15,1,0,0.9999981
55000900029608,2020-11-16,1,0,0.9999981
55000900029608,2020-11-17,1,0,0.999998
55000900029608,2020-11-18,1,0,0.9999981
55000900029608,2020-11-19,1,0,0.9999981
55000900029608,2020-11-20,1,0,0.9999981
55000900029608,2020-11-21,1,0,0.9999981
55000900029608,2020-11-22,1,0,0.9999982
55000900029608,2020-11-23,1,0,0.9999982
55000900029608,2020-11-24,1,0,0.99999833
55000900029608,2020-11-25,1,0,0.99999833
55000900029608,2020-11-26,1,0,0.99999785
55000900029608,2020-11-27,1,0,0.9999982
55000900029608,2020-11-28,1,0,0.9999982
55000900029608,2020-11-29,1,0,0.999998
55000900029608,2020-11-30,1,0,0.9999981
55000900029608,2020-12-01,1,0,0.99999774
55000900029608,2020-12-02,1,0,0.99999833
55000900029608,2020-12-03,1,0,0.99999833
55000900029608,2020-12-04,1,0,0.99999833
55000900029608,2020-12-05,1,0,0.9999987
55000900029608,2020-12-06,1,0,0.99999774
55000900029608,2020-12-07,1,0,0.99999833
55000900029608,2020-12-08,1,0,0.99999833
55000900029608,2020-12-09,1,0,0.9999982
55000900029608,2020-12-10,1,0,0.999998
55000900029608,2020-12-11,1,0,0.9999982
55000900029608,2020-12-12,1,0,0.9999975
55000900029608,2020-12-13,1,0,0.9999982
55000900029608,2020-12-14,1,0,0.99999833
55000900029608,2020-12-15,1,0,0.99999833
55000900029608,2020-12-16,1,0,0.99999833
55000900029608,2020-12-17,1,0,0.99999833
55000900029608,2020-12-18,1,0,0.99999833
55000900029608,2020-12-19,1,0,0.9999982
55000900029608,2020-12-20,1,0,0.9999982
55000900029608,2020-12-21,1,0,0.99999845
55000900029608,2020-12-22,1,0,0.99999833
55000900029608,2020-12-23,1,0,0.9999982
55000900029608,2020-12-24,1,0,0.9999982
55000900029608,2020-12-25,1,0,0.99999833
55000900029608,2020-12-26,1,0,0.99999845
55000900029608,2020-12-27,1,0,0.99999857
55000900029608,2020-12-28,1,0,0.9999982
55000900029608,2020-12-29,1,0,0.99999833
55000900029608,2020-12-30,1,0,0.99999845
55000900029608,2020-12-31,1,0,0.99999857
55000900029608,2021-01-01,1,0,0.99999845
55000900029608,2021-01-02,1,0,0.99999833
55000900029608,2021-01-03,1,0,0.9999982
55000900029608,2021-01-04,1,0,0.99999833
55000900029608,2021-01-05,1,0,0.9999982
55000900029608,2021-01-06,1,0,0.99999833
55000900029608,2021-01-07,1,0,0.99999833
55000900029608,2021-01-08,1,0,0.99999833
55000900029608,2021-01-09,1,0,0.9999982
55000900029608,2021-01-10,1,0,0.9999982
55000900029608,2021-01-11,1,0,0.9999982
55000900029608,2021-01-12,1,0,0.99999833
55000900029608,2021-01-13,1,0,0.9999982
55000900029608,2021-01-14,1,0,0.99999833
55000900029608,2021-01-15,1,0,0.99999833
55000900029608,2021-01-16,1,0,0.99999833
55000900029608,2021-01-17,1,0,0.99999833
55000900029608,2021-01-18,1,0,0.99999833
55000900029608,2021-01-19,1,0,0.99999833
55000900029608,2021-01-20,1,0,0.9999982
55000900029608,2021-01-21,1,0,0.9999982
55000900029608,2021-01-22,1,0,0.99999833
55000900029608,2021-01-23,1,0,0.99999833
55000900029608,2021-01-24,1,0,0.9999982
55000900029608,2021-01-25,1,0,0.9999981
55000900029608,2021-01-26,1,0,0.9999982
55000900029608,2021-01-27,1,0,0.99999833
55000900029608,2021-01-28,1,0,0.9999982
55000900029608,2021-01-29,1,0,0.99999785
55000900029608,2021-01-30,1,0,0.9999975
55000900029608,2021-01-31,1,0,0.99999774
55000900029608,2021-02-01,1,0,0.99999774
55000900029608,2021-02-02,1,0,0.99999774
55000900029608,2021-02-03,1,0,0.99999774
55000900029608,2021-02-04,1,0,0.99999774
55000900029608,2021-02-05,1,0,0.99999774
55000900029608,2021-02-06,1,0,0.99999774
55000900029608,2021-02-07,1,0,0.99999774
55000900029608,2021-02-08,1,0,0.99999774
55000900029608,2021-02-09,1,0,0.99999774
55000900029608,2021-02-10,1,0,0.99999774
55000900029608,2021-02-11,1,0,0.99999774
55000900029608,2021-02-12,1,0,0.99999774
55000900029608,2021-02-13,1,0,0.99999774
55000900029608,2021-02-14,1,0,0.99999774
55000900029608,2021-02-15,1,0,0.99999774
55000900029608,2021-02-16,1,0,0.99999774
55000900029608,2021-02-17,1,0,0.99999774
55000900029608,2021-02-18,1,0,0.99999774
55000900029608,2021-02-19,1,0,0.99999774
55000900029608,2021-02-20,1,0,0.99999774
55000900029608,2021-02-21,1,0,0.99999774
55000900029608,2021-02-22,1,0,0.99999774
55000900029608,2021-02-23,1,0,0.99999774
55000900029608,2021-02-24,1,0,0.99999774
55000900029608,2021-02-25,1,0,0.99999774
55000900029608,2021-02-26,1,0,0.99999774
55000900029608,2021-02-27,1,0,0.99999774
55000900029608,2021-02-28,1,0,0.99999774
55000900029608,2021-03-01,1,0,0.99999774
55000900029608,2021-03-02,1,0,0.99999774
55000900029608,2021-03-03,1,0,0.99999774
55000900029608,2021-03-04,1,0,0.99999774
55000900029608,2021-03-05,1,0,0.99999774
55000900029608,2021-03-06,1,0,0.99999774
55000900029608,2021-03-07,1,0,0.99999774
55000900029608,2021-03-08,1,0,0.99999774
55000900029608,2021-03-09,1,0,0.99999774
55000900029608,2021-03-10,1,0,0.99999774
55000900029608,2021-03-11,1,0,0.99999774
55000900029608,2021-03-12,1,0,0.99999774
55000900029608,2021-03-13,1,0,0.99999774
55000900029608,2021-03-15,1,0,0.99999774
55000900029608,2021-03-16,1,0,0.99999774
55000900029608,2021-03-17,1,0,0.99999774
55000900029608,2021-03-18,1,0,0.99999774
55000900029608,2021-03-19,1,0,0.99999774
55000900029608,2021-03-20,1,0,0.99999774
55000900029608,2021-03-21,1,0,0.99999774
55000900029608,2021-03-22,1,0,0.99999774
55000900029608,2021-03-23,1,0,0.99999774
55000900029608,2021-03-24,1,0,0.99999774
55000900029608,2021-03-25,1,0,0.99999774
55000900029608,2021-03-26,1,0,0.99999774
55000900029608,2021-03-27,1,0,0.99999774
55000900029608,2021-03-28,1,0,0.99999774
55000900029608,2021-03-29,1,0,0.99999774
55000900029608,2021-03-30,1,0,0.99999774
55000900029608,2021-03-31,1,0,0.99999774
55000900029608,2021-04-01,1,0,0.99999774
55000900029608,2021-04-02,1,0,0.99999774
55000900029608,2021-04-03,1,0,0.99999774
55000900029608,2021-04-04,1,0,0.99999774
55000900029608,2021-04-05,1,0,0.99999774
55000900029608,2021-04-06,1,0,0.99999774
55000900029608,2021-04-07,1,0,0.99999774
55000900029608,2021-04-08,1,0,0.99999774
55000900029608,2021-04-09,1,0,0.99999774
55000900029608,2021-04-10,1,0,0.99999774
55000900029608,2021-04-11,1,0,0.99999774
55000900029608,2021-04-12,1,0,0.99999774
55000900029608,2021-04-13,1,0,0.99999774
55000900029608,2021-04-14,1,0,0.99999774
55000900029608,2021-04-15,1,0,0.99999774
55000900029608,2021-04-16,1,0,0.99999774
55000900029608,2021-04-17,1,0,0.99999774
55000900029608,2021-04-18,1,0,0.99999774
55000900029608,2021-04-19,1,0,0.99999774
55000900029608,2021-04-20,1,0,0.99999774
55000900029608,2021-04-21,1,0,0.99999774
55000900029608,2021-04-22,1,0,0.99999774
55000900029608,2021-04-23,1,0,0.99999774
55000900029608,2021-04-24,1,0,0.99999774
55000900029608,2021-04-25,1,0,0.99999774
55000900029608,2021-04-26,1,0,0.99999774
55000900029608,2021-04-27,1,0,0.99999774
55000900029608,2021-04-28,1,0,0.99999774
55000900029608,2021-04-29,1,0,0.99999774
55000900029608,2021-04-30,1,0,0.99999774
55000900029608,2021-05-01,1,0,0.99999774
55000900029608,2021-05-02,1,0,0.99999774
55000900029608,2021-05-03,1,0,0.99999774
55000900029608,2021-05-04,1,0,0.99999774
55000900029608,2021-05-05,1,0,0.99999774
55000900029608,2021-05-06,1,0,0.99999774
55000900029608,2021-05-07,1,0,0.99999774
55000900029608,2021-05-08,1,0,0.99999774
55000900029608,2021-05-09,1,0,0.99999774
55000900029608,2021-05-10,1,0,0.99999774
55000900029608,2021-05-11,1,0,0.99999774
55000900029608,2021-05-12,1,0,0.99999774
55000900029608,2021-05-13,1,0,0.99999774
55000900029608,2021-05-14,1,0,0.99999774
55000900029608,2021-05-15,1,0,0.99999774
55000900029608,2021-05-16,1,0,0.99999774
55000900029608,2021-05-17,1,0,0.99999774
55000900029608,2021-05-18,1,0,0.99999774
55000900029608,2021-05-19,1,0,0.99999774
55000900029608,2021-05-20,1,0,0.99999774
55000900029608,2021-05-21,1,0,0.99999774
55000900029608,2021-05-22,1,0,0.99999774
55000900029608,2021-05-23,1,0,0.99999774
55000900029608,2021-05-24,1,0,0.99999774
55000900029608,2021-05-25,1,0,0.99999774
55000900029608,2021-05-26,1,0,0.99999774
55000900029608,2021-05-27,1,0,0.99999774
55000900029608,2021-05-28,1,0,0.99999774
55000900029608,2021-05-29,1,0,0.99999774
55000900029608,2021-05-30,1,0,0.99999774
55000900029608,2021-05-31,1,0,0.99999774
55000900029608,2021-06-01,1,0,0.99999774
55000900029608,2021-06-02,1,0,0.99999774
55000900029608,2021-06-03,1,0,0.99999774
55000900029608,2021-06-04,1,0,0.99999774
55000900029608,2021-06-05,1,0,0.99999774
55000900029608,2021-06-06,1,0,0.99999774
55000900029608,2021-06-07,1,0,0.99999774
55000900029608,2021-06-08,1,0,0.99999774
55000900029608,2021-06-09,1,0,0.99999774
55000900029608,2021-06-10,1,0,0.99999774
55000900029608,2021-06-11,1,0,0.99999774
55000900029608,2021-06-12,1,0,0.99999774
55000900029608,2021-06-13,1,0,0.99999774
55000900029608,2021-06-14,1,0,0.99999774
55000900029608,2021-06-15,1,0,0.99999774
55000900029608,2021-06-16,1,0,0.99999774
55000900029608,2021-06-17,1,0,0.99999774
55000900029608,2021-06-18,1,0,0.99999774
55000900029608,2021-06-19,1,0,0.99999774
55000900029608,2021-06-20,1,0,0.99999774
55000900029608,2021-06-21,1,0,0.99999774
55000900029608,2021-06-22,1,0,0.99999774
55000900029608,2021-06-23,1,0,0.99999774
55000900029608,2021-06-24,1,0,0.99999774
55000900029608,2021-06-25,1,0,0.99999774
55000900029608,2021-06-26,1,0,0.99999774
55000900029608,2021-06-27,1,0,0.99999774
55000900029608,2021-06-28,1,0,0.99999774
55000900029608,2021-06-29,1,0,0.99999774
55000900029608,2021-06-30,1,0,0.99999774
55000900029608,2021-07-01,1,0,0.99999774
55000900029608,2021-07-02,1,0,0.99999774
55000900029608,2021-07-03,1,0,0.99999774
55000900029608,2021-07-04,1,0,0.99999774
55000900029608,2021-07-05,1,0,0.99999774
55000900029608,2021-07-06,1,0,0.99999774
55000900029608,2021-07-07,1,0,0.99999774
55000900029608,2021-07-08,1,0,0.99999774
55000900029608,2021-07-09,1,0,0.99999774
55000900029608,2021-07-10,1,0,0.99999774
55000900029608,2021-07-11,1,0,0.99999774
55000900029608,2021-07-12,1,0,0.99999774
55000900029608,2021-07-13,1,0,0.99999774
55000900029608,2021-07-14,1,0,0.99999774
55000900029608,2021-07-15,1,0,0.99999774
55000900029608,2021-07-16,1,0,0.99999774
55000900029608,2021-07-17,1,0,0.99999774
55000900029608,2021-07-18,1,0,0.99999774
55000900029608,2021-07-19,1,0,0.99999774
55000900029608,2021-07-20,1,0,0.99999774
55000900029608,2021-07-21,1,0,0.99999774
55000900029608,2021-07-22,1,0,0.99999774
55000900029608,2021-07-23,1,0,0.99999774
55000900029608,2021-07-24,1,0,0.99999774
55000900029608,2021-07-25,1,0,0.99999774
55000900029608,2021-07-26,1,0,0.99999774
55000900029608,2021-07-27,1,0,0.99999774
55000900029608,2021-07-28,1,0,0.99999774
55000900029608,2021-07-29,1,0,0.99999774
55000900029608,2021-07-30,1,0,0.99999774
55000900029608,2021-07-31,1,0,0.99999774
55000900029608,2021-08-01,1,0,0.99999774
55000900029608,2021-08-02,1,0,0.99999774
55000900029608,2021-08-03,1,0,0.99999774
55000900029608,2021-08-04,1,0,0.99999774
55000900029608,2021-08-05,1,0,0.99999774
55000900029608,2021-08-06,1,0,0.99999774
55000900029608,2021-08-07,1,0,0.99999774
55000900029608,2021-08-08,1,0,0.99999774
55000900029608,2021-08-09,1,0,0.99999774
55000900029608,2021-08-10,1,0,0.99999774
55000900029608,2021-08-11,1,0,0.99999774
55000900029608,2021-08-12,1,0,0.99999774
55000900029608,2021-08-13,1,0,0.99999774
55000900029608,2021-08-14,1,0,0.99999774
55000900029608,2021-08-15,1,0,0.99999774
55000900029608,2021-08-16,1,0,0.99999774
55000900029608,2021-08-17,1,0,0.99999774
55000900029608,2021-08-18,1,0,0.99999774
55000900029608,2021-08-19,1,0,0.99999774
55000900029608,2021-08-20,1,0,0.99999774
55000900029608,2021-08-21,1,0,0.99999774
55000900029608,2021-08-22,1,0,0.99999774
55000900029608,2021-08-23,1,0,0.99999774
55000900029608,2021-08-24,1,0,0.99999774
55000900029608,2021-08-25,1,0,0.99999774
55000900029608,2021-08-26,1,0,0.99999774
55000900029608,2021-08-27,1,0,0.99999774
55000900029608,2021-08-28,1,0,0.99999774
55000900029608,2021-08-29,1,0,0.99999774
55000900029608,2021-08-30,1,0,0.99999774
55000900029608,2021-08-31,1,0,0.99999774
55000900029608,2021-09-01,1,0,0.99999774
55000900029608,2021-09-02,1,0,0.99999774
55000900029608,2021-09-03,1,0,0.99999774
55000900029608,2021-09-04,1,0,0.99999774
55000900029608,2021-09-05,1,0,0.99999774
55000900029608,2021-09-06,1,0,0.99999774
55000900029608,2021-09-07,1,0,0.99999774
55000900029608,2021-09-08,1,0,0.99999774
55000900029608,2021-09-09,1,0,0.99999774
55000900029608,2021-09-10,1,0,0.99999774
55000900029608,2021-09-11,1,0,0.99999774
55000900029608,2021-09-12,1,0,0.99999774
55000900029608,2021-09-13,1,0,0.99999774
55000900029608,2021-09-14,1,0,0.99999774
55000900029608,2021-09-15,1,0,0.99999774
55000900029608,2021-09-16,1,0,0.99999774
55000900029608,2021-09-17,1,0,0.99999774
55000900029608,2021-09-18,1,0,0.99999774
55000900029608,2021-09-19,1,0,0.99999774
55000900029608,2021-09-20,1,0,0.99999774
55000900029608,2021-09-21,1,0,0.99999774
55000900029608,2021-09-22,1,0,0.99999774
55000900029608,2021-09-23,1,0,0.99999774
55000900029608,2021-09-24,1,0,0.99999774
55000900029608,2021-09-25,1,0,0.99999774
55000900029608,2021-09-26,1,0,0.99999774
55000900029608,2021-09-27,1,0,0.99999774
55000900029608,2021-09-28,1,0,0.99999774
55000900029608,2021-09-29,1,0,0.99999774
55000900029608,2021-09-30,1,0,0.99999774
55000900029608,2021-10-01,1,0,0.99999774
55000900029608,2021-10-02,1,0,0.99999774
55000900029608,2021-10-03,1,0,0.99999774
55000900029608,2021-10-04,1,0,0.99999774
55000900029608,2021-10-05,1,0,0.99999774
55000900029608,2021-10-06,1,0,0.99999774
55000900029608,2021-10-07,1,0,0.99999774
55000900029608,2021-10-08,1,0,0.99999774
55000900029608,2021-10-09,1,0,0.99999774
55000900029608,2021-10-10,1,0,0.99999774
55000900029608,2021-10-11,1,0,0.99999774
55000900029608,2021-10-12,1,0,0.99999774
55000900029608,2021-10-13,1,0,0.99999774
55000900029608,2021-10-14,1,0,0.99999774
55000900029608,2021-10-15,1,0,0.99999774
55000900029608,2021-10-16,1,0,0.99999774
55000900029608,2021-10-17,1,0,0.99999774
55000900029608,2021-10-18,1,0,0.99999774
55000900029608,2021-10-19,1,0,0.99999774
55000900029608,2021-10-20,1,0,0.99999774
55000900029608,2021-10-21,1,0,0.99999774
55000900029608,2021-10-22,1,0,0.99999774
55000900029608,2021-10-23,1,0,0.99999774
55000900029608,2021-10-24,1,0,0.99999774
55000900029608,2021-10-25,1,0,0.99999774
55000900029608,2021-10-26,1,0,0.99999774
55000900029608,2021-10-27,1,0,0.99999774
55000900029608,2021-10-28,1,0,0.99999774
55000900029608,2021-10-29,1,0,0.99999774
55000900029608,2021-10-30,1,0,0.99999774
55000900029608,2021-10-31,1,0,0.99999774
55000900029608,2021-11-01,1,0,0.99999774
55000900029608,2021-11-02,1,0,0.99999774
55000900029608,2021-11-03,1,0,0.99999774
55000900029608,2021-11-04,1,0,0.99999774
55000900029608,2021-11-05,1,0,0.99999774
55000900029608,2021-11-06,1,0,0.99999774
55000900029608,2021-11-07,1,0,0.99999774
55000900029608,2021-11-08,1,0,0.99999774
55000900029608,2021-11-09,1,0,0.99999774
55000900029608,2021-11-10,1,0,0.99999774
55000900029608,2021-11-11,1,0,0.99999774
55000900029608,2021-11-12,1,0,0.99999774
55000900029608,2021-11-13,1,0,0.99999774
55000900029608,2021-11-14,1,0,0.99999774
55000900029608,2021-11-15,1,0,0.99999774
55000900029608,2021-11-16,1,0,0.99999774
55000900029608,2021-11-17,1,0,0.99999774
55000900029608,2021-11-18,1,0,0.99999774
55000900029608,2021-11-19,1,0,0.99999774
55000900029608,2021-11-20,1,0,0.99999774
55000900029608,2021-11-21,1,0,0.99999774
55000900029608,2021-11-22,1,0,0.99999774
55000900029608,2021-11-23,1,0,0.99999774
55000900029608,2021-11-24,1,0,0.99999774
55000900029608,2021-11-25,1,0,0.99999774
55000900029608,2021-11-26,1,0,0.99999774
55000900029608,2021-11-27,1,0,0.99999774
55000900029608,2021-11-28,1,0,0.99999774
55000900029608,2021-11-29,1,0,0.99999774
55000900029608,2021-11-30,1,0,0.99999774
55000900029608,2021-12-01,1,0,0.99999774
55000900029608,2021-12-02,1,0,0.99999774
55000900029608,2021-12-03,1,0,0.99999774
55000900029608,2021-12-04,1,0,0.99999774
55000900029608,2021-12-05,1,0,0.99999774
55000900029608,2021-12-06,1,0,0.99999774
55000900029608,2021-12-07,1,0,0.99999774
55000900029608,2021-12-08,1,0,0.99999774
55000900029608,2021-12-09,1,0,0.99999774
55000900029608,2021-12-10,1,0,0.99999774
55000900029608,2021-12-11,1,0,0.99999774
55000900029608,2021-12-12,1,0,0.99999774
55000900029608,2021-12-13,1,0,0.99999774
55000900029608,2021-12-14,1,0,0.99999774
55000900029608,2021-12-15,1,0,0.99999774
55000900029608,2021-12-16,1,0,0.99999774
55000900029608,2021-12-17,1,0,0.99999774
55000900029608,2021-12-18,1,0,0.99999774
55000900029608,2021-12-19,1,0,0.99999774
55000900029608,2021-12-20,1,0,0.99999774
55000900029608,2021-12-21,1,0,0.99999774
55000900029608,2021-12-22,1,0,0.99999774
55000900029608,2021-12-23,1,0,0.99999774
55000900029608,2021-12-24,1,0,0.99999774
55000900029608,2021-12-25,1,0,0.99999774
55000900029608,2021-12-26,1,0,0.99999774
55000900029608,2021-12-27,1,0,0.99999774
55000900029608,2021-12-28,1,0,0.99999774
55000900029608,2021-12-29,1,0,0.99999774
55000900029608,2021-12-30,1,0,0.99999774
55000900029608,2021-12-31,1,0,0.99999774
55000900029608,2022-01-01,1,0,0.99999774
55000900029608,2022-01-02,1,0,0.99999774
55000900029608,2022-01-03,1,0,0.99999774
55000900029608,2022-01-04,1,0,0.99999774
55000900029608,2022-01-05,1,0,0.99999774
55000900029608,2022-01-06,1,0,0.99999774
55000900029608,2022-01-07,1,0,0.99999774
55000900029608,2022-01-08,1,0,0.99999774
55000900029608,2022-01-09,1,0,0.99999774
55000900029608,2022-01-10,1,0,0.99999774
55000900029608,2022-01-11,1,0,0.99999774
55000900029608,2022-01-12,1,0,0.99999774
55000900029608,2022-01-13,1,0,0.99999774
55000900029608,2022-01-14,1,0,0.99999774
55000900029608,2022-01-15,1,0,0.99999774
55000900029608,2022-01-16,1,0,0.99999774
55000900029608,2022-01-17,1,0,0.99999774
55000900029608,2022-01-18,1,0,0.99999774
55000900029608,2022-01-19,1,0,0.99999774
55000900029608,2022-01-20,1,0,0.99999774
55000900029608,2022-01-21,1,0,0.99999774
55000900029608,2022-01-22,1,0,0.99999774
55000900029608,2022-01-23,1,0,0.99999774
55000900029608,2022-01-24,1,0,0.99999774
55000900029608,2022-01-25,1,0,0.99999774
55000900029608,2022-01-26,1,0,0.99999774
55000900029608,2022-01-27,1,0,0.99999774
55000900029608,2022-01-28,1,0,0.99999774
55000900029608,2022-01-29,1,0,0.99999774
55000900029608,2022-01-30,1,0,0.99999774
55000900029608,2022-01-31,1,0,0.99999774
55000900029608,2022-02-01,1,0,0.99999774
55000900029608,2022-02-02,1,0,0.99999774
55000900029608,2022-02-03,1,0,0.99999774
55000900029608,2022-02-04,1,0,0.99999774
55000900029608,2022-02-05,1,0,0.99999774
55000900029608,2022-02-06,1,0,0.99999774
55000900029608,2022-02-07,1,0,0.99999774
55000900029608,2022-02-08,1,0,0.99999774
55000900029608,2022-02-09,1,0,0.99999774
55000900029608,2022-02-10,1,0,0.99999774
55000900029608,2022-02-11,1,0,0.99999774
55000900029608,2022-02-12,1,0,0.99999774
55000900029608,2022-02-13,1,0,0.99999774
55000900029608,2022-02-14,1,0,0.99999774
55000900029608,2022-02-15,1,0,0.99999774
55000900029608,2022-02-16,1,0,0.99999774
55000900029608,2022-02-17,1,0,0.99999774
55000900029608,2022-02-18,1,0,0.99999774
55000900029608,2022-02-19,1,0,0.99999774
55000900029608,2022-02-20,1,0,0.99999774
55000900029608,2022-02-21,1,0,0.99999774
55000900029608,2022-02-22,1,0,0.99999774
55000900029608,2022-02-23,1,0,0.99999774
55000900029608,2022-02-24,1,0,0.99999774
55000900029608,2022-02-25,1,0,0.99999774
55000900029608,2022-02-26,1,0,0.99999774
55000900029608,2022-02-27,1,0,0.99999774
55000900029608,2022-02-28,1,0,0.99999774
55000900029608,2022-03-01,1,0,0.99999774
55000900029608,2022-03-02,1,0,0.99999774
55000900029608,2022-03-03,1,0,0.99999774
55000900029608,2022-03-04,1,0,0.99999774
55000900029608,2022-03-05,1,0,0.99999774
55000900029608,2022-03-06,1,0,0.99999774
55000900029608,2022-03-07,1,0,0.99999774
55000900029608,2022-03-08,1,0,0.99999774
55000900029608,2022-03-09,1,0,0.99999774
55000900029608,2022-03-10,1,0,0.99999774
55000900029608,2022-03-11,1,0,0.99999774
55000900029608,2022-03-12,1,0,0.99999774
55000900029608,2022-03-14,1,0,0.99999774
55000900029608,2022-03-15,1,0,0.99999774
55000900029608,2022-03-16,1,0,0.99999774
55000900029608,2022-03-17,1,0,0.99999774
55000900029608,2022-03-18,1,0,0.99999774
55000900029608,2022-03-19,1,0,0.99999774
55000900029608,2022-03-20,1,0,0.99999774
55000900029608,2022-03-21,1,0,0.99999774
55000900029608,2022-03-22,1,0,0.99999774
55000900029608,2022-03-23,1,0,0.99999774
55000900029608,2022-03-24,1,0,0.99999774
55000900029608,2022-03-25,1,0,0.99999774
55000900029608,2022-03-26,1,0,0.99999774
55000900029608,2022-03-27,1,0,0.99999774
55000900029608,2022-03-28,1,0,0.99999774
55000900029608,2022-03-29,1,0,0.99999774
55000900029608,2022-03-30,1,0,0.99999774
55000900029608,2022-03-31,1,0,0.99999774
55000900029608,2022-04-01,1,0,0.99999774
55000900029608,2022-04-02,1,0,0.99999774
55000900029608,2022-04-03,1,0,0.99999774
55000900029608,2022-04-04,1,0,0.99999774
55000900029608,2022-04-05,1,0,0.99999774
55000900029608,2022-04-06,1,0,0.99999774
55000900029608,2022-04-07,1,0,0.99999774
55000900029608,2022-04-08,1,0,0.99999774
55000900029608,2022-04-09,1,0,0.99999774
55000900029608,2022-04-10,1,0,0.99999774
55000900029608,2022-04-11,1,0,0.99999774
55000900029608,2022-04-12,1,0,0.99999774
55000900029608,2022-04-13,1,0,0.99999774
55000900029608,2022-04-14,1,0,0.99999774
55000900029608,2022-04-15,1,0,0.99999774
55000900029608,2022-04-16,1,0,0.99999774
55000900029608,2022-04-17,1,0,0.99999774
55000900029608,2022-04-18,1,0,0.99999774
55000900029608,2022-04-19,1,0,0.99999774
55000900029608,2022-04-20,1,0,0.99999774
55000900029608,2022-04-21,1,0,0.99999774
55000900029608,2022-04-22,1,0,0.99999774
55000900029608,2022-04-23,1,0,0.99999774
55000900029608,2022-04-24,1,0,0.99999774
55000900029608,2022-04-25,1,0,0.99999774
55000900029608,2022-04-26,1,0,0.99999774
55000900029608,2022-04-27,1,0,0.99999774
55000900029608,2022-04-28,1,0,0.99999774
55000900029608,2022-04-29,1,0,0.99999774
55000900029608,2022-04-30,1,0,0.99999774
55000900029608,2022-05-01,1,0,0.99999774
55000900029608,2022-05-02,1,0,0.99999774
55000900029608,2022-05-03,1,0,0.99999774
55000900029608,2022-05-04,1,0,0.99999774
55000900029608,2022-05-05,1,0,0.99999774
55000900029608,2022-05-06,1,0,0.99999774
55000900029608,2022-05-07,1,0,0.99999774
55000900029608,2022-05-08,1,0,0.99999774
55000900029608,2022-05-09,1,0,0.99999774
55000900029608,2022-05-10,1,0,0.99999774
55000900029608,2022-05-11,1,0,0.99999774
55000900029608,2022-05-12,1,0,0.99999774
55000900029608,2022-05-13,1,0,0.99999774
55000900029608,2022-05-14,1,0,0.99999774
55000900029608,2022-05-15,1,0,0.99999774
55000900029608,2022-05-16,1,0,0.99999774
55000900029608,2022-05-17,1,0,0.99999774
55000900029608,2022-05-18,1,0,0.99999774
55000900029608,2022-05-19,1,0,0.99999774
55000900029608,2022-05-20,1,0,0.99999774
55000900029608,2022-05-21,1,0,0.99999774
55000900029608,2022-05-22,1,0,0.99999774
55000900029608,2022-05-23,1,0,0.99999774
55000900029608,2022-05-24,1,0,0.99999774
55000900029608,2022-05-25,1,0,0.99999774
55000900029608,2022-05-26,1,0,0.99999774
55000900029608,2022-05-27,1,0,0.99999774
55000900029608,2022-05-28,1,0,0.99999774
55000900029608,2022-05-29,1,0,0.99999774
55000900029608,2022-05-30,1,0,0.99999774
55000900029608,2022-05-31,1,0,0.99999774
55000900029608,2022-06-01,1,0,0.99999774
55000900029608,2022-06-02,1,0,0.99999774
55000900029608,2022-06-03,1,0,0.99999774
55000900029608,2022-06-04,1,0,0.99999774
55000900029608,2022-06-05,1,0,0.99999774
55000900029608,2022-06-06,1,0,0.99999774
55000900029608,2022-06-07,1,0,0.99999774
55000900029608,2022-06-08,1,0,0.99999774
55000900029608,2022-06-09,1,0,0.99999774
55000900029608,2022-06-10,1,0,0.99999774
55000900029608,2022-06-11,1,0,0.99999774
55000900029608,2022-06-12,1,0,0.99999774
55000900029608,2022-06-13,1,0,0.99999774
55000900029608,2022-06-14,1,0,0.99999774
55000900029608,2022-06-15,1,0,0.99999774
55000900029608,2022-06-16,1,0,0.99999774
55000900029608,2022-06-17,1,0,0.99999774
55000900029608,2022-06-18,1,0,0.99999774
55000900029608,2022-06-19,1,0,0.99999774
55000900029608,2022-06-20,1,0,0.99999774
55000900029608,2022-06-21,1,0,0.99999774
55000900029608,2022-06-22,1,0,0.99999774
55000900029608,2022-06-23,1,0,0.99999774
55000900029608,2022-06-24,1,0,0.99999774
55000900029608,2022-06-25,1,0,0.99999774
55000900029608,2022-06-26,1,0,0.99999774
55000900029608,2022-06-27,1,0,0.99999774
55000900029608,2022-06-28,1,0,0.99999774
55000900029608,2022-06-29,1,0,0.99999774
55000900029608,2022-06-30,1,0,0.99999774
55000900029608,2022-07-01,1,0,0.99999774
55000900029608,2022-07-02,1,0,0.99999774
55000900029608,2022-07-03,1,0,0.99999774
55000900029608,2022-07-04,1,0,0.99999774
55000900029608,2022-07-05,1,0,0.99999774
55000900029608,2022-07-06,1,0,0.99999774
55000900029608,2022-07-07,1,0,0.99999774
55000900029608,2022-07-08,1,0,0.99999774
55000900029608,2022-07-09,1,0,0.99999774
55000900029608,2022-07-10,1,0,0.99999774
55000900029608,2022-07-11,1,0,0.99999774
55000900029608,2022-07-12,1,0,0.99999774
55000900029608,2022-07-13,1,0,0.99999774
55000900029608,2022-07-14,1,0,0.99999774
55000900029608,2022-07-15,1,0,0.99999774
55000900029608,2022-07-16,1,0,0.99999774
55000900029608,2022-07-17,1,0,0.99999774
55000900029608,2022-07-18,1,0,0.99999774
55000900029608,2022-07-19,1,0,0.99999774
55000900029608,2022-07-20,1,0,0.99999774
55000900029608,2022-07-21,1,0,0.99999774
55000900029608,2022-07-22,1,0,0.99999774
55000900029608,2022-07-23,1,0,0.99999774
55000900029608,2022-07-24,1,0,0.99999774
55000900029608,2022-07-25,1,0,0.99999774
55000900029608,2022-07-26,1,0,0.99999774
55000900029608,2022-07-27,1,0,0.99999774
55000900029608,2022-07-28,1,0,0.99999774
55000900029608,2022-07-29,1,0,0.99999774
55000900029608,2022-07-30,1,0,0.99999774
55000900029608,2022-07-31,1,0,0.99999774
55000900029608,2022-08-01,1,0,0.99999774
55000900029608,2022-08-02,1,0,0.99999774
55000900029608,2022-08-03,1,0,0.99999774
55000900029608,2022-08-04,1,0,0.99999774
55000900029608,2022-08-05,1,0,0.99999774
55000900029608,2022-08-06,1,0,0.99999774
55000900029608,2022-08-07,1,0,0.99999774
55000900029608,2022-08-08,1,0,0.99999774
55000900029608,2022-08-09,1,0,0.99999774
55000900029608,2022-08-10,1,0,0.99999774
55000900029608,2022-08-11,1,0,0.99999774
55000900029608,2022-08-12,1,0,0.99999774
55000900029608,2022-08-13,1,0,0.99999774
55000900029608,2022-08-14,1,0,0.99999774
55000900029608,2022-08-15,1,0,0.99999774
55000900029608,2022-08-16,1,0,0.99999774
55000900029608,2022-08-17,1,0,0.99999774
55000900029608,2022-08-18,1,0,0.99999774
55000900029608,2022-08-19,1,0,0.99999774
55000900029608,2022-08-20,1,0,0.99999774
55000900029608,2022-08-21,1,0,0.99999774
55000900029608,2022-08-22,1,0,0.99999774
55000900029608,2022-08-23,1,0,0.99999774
55000900029608,2022-08-24,1,0,0.99999774
55000900029608,2022-08-25,1,0,0.99999774
55000900029608,2022-08-26,1,0,0.99999774
55000900029608,2022-08-27,1,0,0.99999774
55000900029608,2022-08-28,1,0,0.99999774
55000900029608,2022-08-29,1,0,0.99999774
55000900029608,2022-08-30,1,0,0.99999774
55000900029608,2022-08-31,1,0,0.99999774
55000900029608,2022-09-01,1,0,0.99999774
55000900029608,2022-09-02,1,0,0.99999774
55000900029608,2022-09-03,1,0,0.99999774
55000900029608,2022-09-04,1,0,0.99999774
55000900029608,2022-09-05,1,0,0.99999774
55000900029608,2022-09-06,1,0,0.99999774
55000900029608,2022-09-07,1,0,0.99999774
55000900029608,2022-09-08,1,0,0.99999774
55000900029608,2022-09-09,1,0,0.99999774
55000900029608,2022-09-10,1,0,0.99999774
55000900029608,2022-09-11,1,0,0.99999774
55000900029608,2022-09-12,1,0,0.99999774
55000900029608,2022-09-13,1,0,0.99999774
55000900029608,2022-09-14,1,0,0.99999774
55000900029608,2022-09-15,1,0,0.99999774
55000900029608,2022-09-16,1,0,0.99999774
55000900029608,2022-09-17,1,0,0.99999774
55000900029608,2022-09-18,1,0,0.99999774
55000900029608,2022-09-19,1,0,0.99999774
55000900029608,2022-09-20,1,0,0.99999774
55000900029608,2022-09-21,1,0,0.99999774
55000900029608,2022-09-22,1,0,0.99999774
55000900029608,2022-09-23,1,0,0.99999774
55000900029608,2022-09-24,1,0,0.99999774
55000900029608,2022-09-25,1,0,0.99999774
55000900029608,2022-09-26,1,0,0.99999774
55000900029608,2022-09-27,1,0,0.99999774
55000900029608,2022-09-28,1,0,0.99999774
55000900029608,2022-09-29,1,0,0.99999774
55000900029608,2022-09-30,1,0,0.99999774
55000900029608,2022-10-01,1,0,0.99999774
55000900029608,2022-10-02,1,0,0.99999774
55000900029608,2022-10-03,1,0,0.99999774
55000900029608,2022-10-04,1,0,0.99999774
55000900029608,2022-10-05,1,0,0.99999774
55000900029608,2022-10-06,1,0,0.99999774
55000900029608,2022-10-07,1,0,0.99999774
55000900029608,2022-10-08,1,0,0.99999774
55000900029608,2022-10-09,1,0,0.99999774
55000900029608,2022-10-10,1,0,0.99999774
55000900029608,2022-10-11,1,0,0.99999774
55000900029608,2022-10-12,1,0,0.99999774
55000900029608,2022-10-13,1,0,0.99999774
55000900029608,2022-10-14,1,0,0.99999774
55000900029608,2022-10-15,1,0,0.99999774
55000900029608,2022-10-16,1,0,0.99999774
55000900029608,2022-10-17,1,0,0.99999774
55000900029608,2022-10-18,1,0,0.99999774
55000900029608,2022-10-19,1,0,0.99999774
55000900029608,2022-10-20,1,0,0.99999774
55000900029608,2022-10-21,1,0,0.99999774
55000900029608,2022-10-22,1,0,0.99999774
55000900029608,2022-10-23,1,0,0.99999774
55000900029608,2022-10-24,1,0,0.99999774
55000900029608,2022-10-25,1,0,0.99999774
55000900029608,2022-10-26,1,0,0.99999774
55000900029608,2022-10-27,1,0,0.99999774
55000900029608,2022-10-28,1,0,0.99999774
55000900029608,2022-10-29,1,0,0.99999774
55000900029608,2022-10-30,1,0,0.99999774
55000900029608,2022-10-31,1,0,0.99999774
55000900029608,2022-11-01,1,0,0.99999774
55000900029608,2022-11-02,1,0,0.99999774
55000900029608,2022-11-03,1,0,0.99999774
55000900029608,2022-11-04,1,0,0.99999774
55000900029608,2022-11-05,1,0,0.99999774
55000900029608,2022-11-06,1,0,0.99999774
55000900029608,2022-11-07,1,0,0.99999774
55000900029608,2022-11-08,1,0,0.99999774
55000900029608,2022-11-09,1,0,0.99999774
55000900029608,2022-11-10,1,0,0.99999774
55000900029608,2022-11-11,1,0,0.99999774
55000900029608,2022-11-12,1,0,0.99999774
55000900029608,2022-11-13,1,0,0.99999774
55000900029608,2022-11-14,1,0,0.99999774
55000900029608,2022-11-15,1,0,0.99999774
55000900029608,2022-11-16,1,0,0.99999774
55000900029608,2022-11-17,1,0,0.99999774
55000900029608,2022-11-18,1,0,0.99999774
55000900029608,2022-11-19,1,0,0.99999774
55000900029608,2022-11-20,1,0,0.99999774
55000900029608,2022-11-21,1,0,0.99999774
55000900029608,2022-11-22,1,0,0.99999774
55000900029608,2022-11-23,1,0,0.99999774
55000900029608,2022-11-24,1,0,0.99999774
55000900029608,2022-11-25,1,0,0.99999774
55000900029608,2022-11-26,1,0,0.99999774
55000900029608,2022-11-27,1,0,0.99999774
55000900029608,2022-11-28,1,0,0.99999774
55000900029608,2022-11-29,1,0,0.99999774
55000900029608,2022-11-30,1,0,0.99999774
55000900029608,2022-12-01,1,0,0.99999774
55000900029608,2022-12-02,1,0,0.99999774
55000900029608,2022-12-03,1,0,0.99999774
55000900029608,2022-12-04,1,0,0.99999774
55000900029608,2022-12-05,1,0,0.99999774
55000900029608,2022-12-06,1,0,0.99999774
55000900029608,2022-12-07,1,0,0.99999774
55000900029608,2022-12-08,1,0,0.99999774
55000900029608,2022-12-09,1,0,0.99999774
55000900029608,2022-12-10,1,0,0.99999774
55000900029608,2022-12-11,1,0,0.99999774
55000900029608,2022-12-12,1,0,0.99999774
55000900029608,2022-12-13,1,0,0.99999774
55000900029608,2022-12-14,1,0,0.99999774
55000900029608,2022-12-15,1,0,0.99999774
55000900029608,2022-12-16,1,0,0.99999774
55000900029608,2022-12-17,1,0,0.99999774
55000900029608,2022-12-18,1,0,0.99999774
55000900029608,2022-12-19,1,0,0.99999774
55000900029608,2022-12-20,1,0,0.99999774
55000900029608,2022-12-21,1,0,0.99999774
55000900029608,2022-12-22,1,0,0.99999774
55000900029608,2022-12-23,1,0,0.99999774
55000900029608,2022-12-24,1,0,0.99999774
55000900029608,2022-12-25,1,0,0.99999774
55000900029608,2022-12-26,1,0,0.99999774
55000900029608,2022-12-27,1,0,0.99999774
55000900029608,2022-12-28,1,0,0.99999774
55000900029608,2022-12-29,1,0,0.99999774
55000900029608,2022-12-30,1,0,0.99999774
55000900029608,2022-12-31,1,0,0.99999774
55000900029608,2023-01-01,1,0,0.99999774
55000900029608,2023-01-02,1,0,0.99999774
55000900029608,2023-01-03,1,0,0.99999774
55000900029608,2023-01-04,1,0,0.99999774
55000900029608,2023-01-05,1,0,0.99999774
55000900029608,2023-01-06,1,0,0.99999774
55000900029608,2023-01-07,1,0,0.99999774
55000900029608,2023-01-08,1,0,0.99999774
55000900029608,2023-01-09,1,0,0.99999774
55000900029608,2023-01-10,1,0,0.99999774
55000900029608,2023-01-11,1,0,0.99999774
55000900029608,2023-01-12,1,0,0.99999774
55000900029608,2023-01-13,1,0,0.99999774
55000900029608,2023-01-14,1,0,0.99999774
55000900029608,2023-01-15,1,0,0.99999774
55000900029608,2023-01-16,1,0,0.99999774
55000900029608,2023-01-17,1,0,0.99999774
55000900029608,2023-01-18,1,0,0.99999774
55000900029608,2023-01-19,1,0,0.99999774
55000900029608,2023-01-20,1,0,0.99999774
55000900029608,2023-01-21,1,0,0.99999774
55000900029608,2023-01-22,1,0,0.99999774
55000900029608,2023-01-23,1,0,0.99999774
55000900029608,2023-01-24,1,0,0.99999774
55000900029608,2023-01-25,1,0,0.99999774
55000900029608,2023-01-26,1,0,0.99999774
55000900029608,2023-01-27,1,0,0.99999774
55000900029608,2023-01-28,1,0,0.99999774
55000900029608,2023-01-29,1,0,0.99999774
55000900029608,2023-01-30,1,0,0.99999774
55000900029608,2023-01-31,1,0,0.99999774
55000900029608,2023-02-01,1,0,0.99999774
55000900029608,2023-02-02,1,0,0.99999774
55000900029608,2023-02-03,1,0,0.99999774
55000900029608,2023-02-04,1,0,0.99999774
55000900029608,2023-02-05,1,0,0.99999774
55000900029608,2023-02-06,1,0,0.99999774
55000900029608,2023-02-07,1,0,0.99999774
55000900029608,2023-02-08,1,0,0.99999774
55000900029608,2023-02-09,1,0,0.99999774
55000900029608,2023-02-10,1,0,0.99999774
55000900029608,2023-02-11,1,0,0.99999774
55000900029608,2023-02-12,1,0,0.99999774
55000900029608,2023-02-13,1,0,0.99999774
55000900029608,2023-02-14,1,0,0.99999774
55000900029608,2023-02-15,1,0,0.99999774
55000900029608,2023-02-16,1,0,0.99999774
55000900029608,2023-02-17,1,0,0.99999774
55000900029608,2023-02-18,1,0,0.99999774
55000900029608,2023-02-19,1,0,0.99999774
55000900029608,2023-02-20,1,0,0.99999774
55000900029608,2023-02-21,1,0,0.99999774
55000900029608,2023-02-22,1,0,0.99999774
55000900029608,2023-02-23,1,0,0.99999774
55000900029608,2023-02-24,1,0,0.99999774
55000900029608,2023-02-25,1,0,0.99999774
55000900029608,2023-02-26,1,0,0.99999774
55000900029608,2023-02-27,1,0,0.99999774
55000900029608,2023-02-28,1,0,0.99999774
55000900029608,2023-03-01,1,0,0.99999774
55000900029608,2023-03-02,1,0,0.99999774
55000900029608,2023-03-03,1,0,0.99999774
55000900029608,2023-03-04,1,0,0.99999774
55000900029608,2023-03-05,1,0,0.99999774
55000900029608,2023-03-06,1,0,0.99999774
55000900029608,2023-03-07,1,0,0.99999774
55000900029608,2023-03-08,1,0,0.99999774
55000900029608,2023-03-09,1,0,0.99999774
55000900029608,2023-03-10,1,0,0.99999774
55000900029608,2023-03-11,1,0,0.99999774
55000900029608,2023-03-13,1,0,0.99999774
55000900029608,2023-03-14,1,0,0.99999774
55000900029608,2023-03-15,1,0,0.99999774
55000900029608,2023-03-16,1,0,0.99999774
55000900029608,2023-03-17,1,0,0.99999774
55000900029608,2023-03-18,1,0,0.99999774
55000900029608,2023-03-19,1,0,0.99999774
55000900029608,2023-03-20,1,0,0.99999774
55000900029608,2023-03-21,1,0,0.99999774
55000900029608,2023-03-22,1,0,0.99999774
55000900029608,2023-03-23,1,0,0.99999774
55000900029608,2023-03-24,1,0,0.99999774
55000900029608,2023-03-25,1,0,0.99999774
55000900029608,2023-03-26,1,0,0.99999774
55000900029608,2023-03-27,1,0,0.99999774
55000900029608,2023-03-28,1,0,0.99999774
55000900029608,2023-03-29,1,0,0.99999774
55000900029608,2023-03-30,1,0,0.99999774
55000900029608,2023-03-31,1,0,0.99999774
55000900029608,2023-04-01,1,0,0.99999774
55000900029608,2023-04-02,1,0,0.99999774
55000900029608,2023-04-03,1,0,0.99999774
55000900029608,2023-04-04,1,0,0.99999774
55000900029608,2023-04-05,1,0,0.99999774
55000900029608,2023-04-06,1,0,0.99999774
55000900029608,2023-04-07,1,0,0.99999774
55000900029608,2023-04-08,1,0,0.99999774
55000900029608,2023-04-09,1,0,0.99999774
55000900029608,2023-04-10,1,0,0.99999774
55000900029608,2023-04-11,1,0,0.99999774
55000900029608,2023-04-12,1,0,0.99999774
55000900029608,2023-04-13,1,0,0.99999774
55000900029608,2023-04-14,1,0,0.99999774
55000900029608,2023-04-15,1,0,0.99999774
55000900029608,2023-04-16,1,0,0.99999774
55000900029608,2023-04-17,1,0,0.99999774
55000900029608,2023-04-18,1,0,0.99999774
55000900029608,2023-04-19,1,0,0.99999774
55000900029608,2023-04-20,1,0,0.99999774
55000900030173,2020-09-11,1,1,0.99877554
55000900030173,2020-09-12,1,1,0.9993144
55000900030173,2020-09-13,1,1,0.9993032
55000900030173,2020-09-14,1,1,0.99909306
55000900030173,2020-09-15,1,1,0.9989625
55000900030173,2020-09-16,1,1,0.9982126
55000900030173,2020-09-17,1,1,0.99708503
55000900030173,2020-09-18,1,1,0.9967296
55000900030173,2020-09-19,1,1,0.99764436
55000900030173,2020-09-20,1,1,0.9995616
55000900030173,2020-09-21,1,1,0.99939084
55000900030173,2020-09-22,1,1,0.99947816
55000900030173,2020-09-23,1,1,0.9994628
55000900030173,2020-09-24,1,1,0.99949
55000900030173,2020-09-25,1,1,0.99938154
55000900030173,2020-09-26,1,1,0.99939907
55000900030173,2020-09-27,1,1,0.9996979
55000900030173,2020-09-28,1,1,0.99987674
55000900030173,2020-09-29,1,1,0.99992
55000900030173,2020-09-30,1,1,0.9998989
55000900030173,2020-10-01,1,1,0.9998764
55000900030173,2020-10-02,1,1,0.9999585
55000900030173,2020-10-03,1,1,0.9999492
55000900030173,2020-10-04,1,1,0.9999199
55000900030173,2020-10-05,1,1,0.99980503
55000900030173,2020-10-06,1,1,0.99971694
55000900030173,2020-10-07,1,1,0.99975747
55000900030173,2020-10-08,1,1,0.99979323
55000900030173,2020-10-09,1,1,0.9996804
55000900030173,2020-10-10,1,1,0.99966145
55000900030173,2020-10-11,1,1,0.99955386
55000900030173,2020-10-12,1,1,0.99958533
55000900030173,2020-10-13,1,1,0.9995585
55000900030173,2020-10-14,1,1,0.99990153
55000900030173,2020-10-15,1,1,0.99991846
55000900030173,2020-10-16,1,1,0.999902
55000900030173,2020-10-17,1,1,0.9999298
55000900030173,2020-10-18,1,1,0.99990666
55000900030173,2020-10-19,1,1,0.9999571
55000900030173,2020-10-20,1,1,0.99993324
55000900030173,2020-10-21,1,0,0.9998524
55000900030173,2020-10-22,1,0,0.99980146
55000900061097,2020-09-11,1,0,0.9999969
55000900061097,2020-09-12,1,0,0.9999974
55000900061097,2020-09-13,1,0,0.9999969
55000900061097,2020-09-14,1,0,0.99999774
55000900061097,2020-09-15,1,0,0.9999975
55000900061097,2020-09-16,1,0,0.9999976
55000900061097,2020-09-17,1,0,0.9999976
55000900061097,2020-09-18,1,0,0.9999975
55000900061097,2020-09-19,1,0,0.99999845
55000900061097,2020-09-20,1,0,0.99999845
55000900061097,2020-09-21,1,0,0.99999833
55000900061097,2020-09-22,1,0,0.9999981
55000900061097,2020-09-23,1,0,0.9999988
55000900061097,2020-09-24,1,0,0.99999833
55000900061097,2020-09-25,1,0,0.99999833
55000900061097,2020-09-26,1,0,0.99999833
55000900061097,2020-09-27,1,0,0.99999845
55000900061097,2020-09-28,1,0,0.9999975
55000900061097,2020-09-29,1,0,0.9999976
55000900061097,2020-09-30,1,0,0.99999833
55000900061097,2020-10-01,1,0,0.999998
55000900061097,2020-10-02,1,0,0.9999981
55000900061097,2020-10-03,1,0,0.999998
55000900061097,2020-10-04,1,0,0.9999976
55000900061097,2020-10-05,1,0,0.99999774
55000900061097,2020-10-06,1,0,0.99999833
55000900061097,2020-10-07,1,0,0.9999982
55000900061097,2020-10-08,1,0,0.99999774
55000900061097,2020-10-09,1,0,0.99999774
55000900061097,2020-10-10,1,0,0.9999976
55000900061097,2020-10-11,1,0,0.99999785
55000900061097,2020-10-12,1,0,0.99999785
55000900061097,2020-10-13,1,0,0.9999976
55000900061097,2020-10-14,1,0,0.99999774
55000900061097,2020-10-15,1,0,0.9999975
55000900061097,2020-10-16,1,0,0.99999785
55000900061097,2020-10-17,1,0,0.999998
55000900061097,2020-10-18,1,0,0.99999857
55000900061097,2020-10-19,1,0,0.9999982
55000900061097,2020-10-20,1,0,0.9999974
55000900061097,2020-10-21,1,0,0.99999726
55000900061097,2020-10-22,1,0,0.9999976
55000900061097,2020-10-23,1,0,0.99999785
55000900061097,2020-10-24,1,0,0.9999982
55000900061097,2020-10-25,1,0,0.9999982
55000900061097,2020-10-26,1,0,0.99999833
55000900061097,2020-10-27,1,0,0.9999976
55000900061097,2020-10-28,1,0,0.999998
55000900061097,2020-10-29,1,0,0.99999857
55000900061097,2020-10-30,1,0,0.99999845
55000900061097,2020-10-31,1,0,0.99999785
55000900061097,2020-11-01,1,0,0.99999785
55000900061097,2020-11-02,1,0,0.9999981
55000900061097,2020-11-03,1,0,0.9999987
55000900061097,2020-11-04,1,0,0.99999774
55000900061097,2020-11-05,1,0,0.99999833
55000900061097,2020-11-06,1,0,0.99999833
55000900061097,2020-11-07,1,0,0.999998
55000900061097,2020-11-08,1,0,0.999998
55000900061097,2020-11-09,1,0,0.9999976
55000900061097,2020-11-10,1,0,0.99999774
55000900061097,2020-11-11,1,0,0.9999981
55000900061097,2020-11-12,1,0,0.999998
55000900061097,2020-11-13,1,0,0.99999774
55000900061097,2020-11-14,1,0,0.999998
55000900061097,2020-11-15,1,0,0.999998
55000900061097,2020-11-16,1,0,0.99999774
55000900061097,2020-11-17,1,0,0.999998
55000900061097,2020-11-18,1,0,0.99999774
55000900061097,2020-11-19,1,0,0.9999974
55000900061097,2020-11-20,1,0,0.9999981
55000900061097,2020-11-21,1,0,0.999998
55000900061097,2020-11-22,1,0,0.999998
55000900061097,2020-11-23,1,0,0.9999981
55000900061097,2020-11-24,1,0,0.99999845
55000900061097,2020-11-25,1,0,0.99999833
55000900061097,2020-11-26,1,0,0.99999726
55000900061097,2020-11-27,1,0,0.9999976
55000900061097,2020-11-28,1,0,0.9999975
55000900061097,2020-11-29,1,0,0.99999774
55000900061097,2020-11-30,1,0,0.99999833
55000900061097,2020-12-01,1,0,0.99999833
55000900061097,2020-12-02,1,0,0.99999845
55000900061097,2020-12-03,1,0,0.99999726
55000900061097,2020-12-04,1,0,0.99999726
55000900061097,2020-12-05,1,0,0.99999785
55000900061097,2020-12-06,1,0,0.9999975
55000900061097,2020-12-07,1,0,0.9999976
55000900061097,2020-12-08,1,0,0.9999976
55000900061097,2020-12-09,1,0,0.99999714
55000900061097,2020-12-10,1,0,0.9999975
55000900061097,2020-12-11,1,0,0.9999976
55000900061097,2020-12-12,1,0,0.99999714
55000900061097,2020-12-13,1,0,0.99999714
55000900061097,2020-12-14,1,0,0.99999714
55000900061097,2020-12-15,1,0,0.99999714
55000900061097,2020-12-16,1,0,0.999997
55000900061097,2020-12-17,1,0,0.99999714
55000900061097,2020-12-18,1,0,0.99999714
55000900061097,2020-12-19,1,0,0.9999969
55000900061097,2020-12-20,1,0,0.999997
55000900061097,2020-12-21,1,0,0.99999714
55000900061097,2020-12-22,1,0,0.9999969
55000900061097,2020-12-23,1,0,0.9999975
55000900061097,2020-12-24,1,0,0.9999974
55000900061097,2020-12-25,1,0,0.999997
55000900061097,2020-12-26,1,0,0.9999976
55000900061097,2020-12-27,1,0,0.99999833
55000900061097,2020-12-28,1,0,0.99999726
55000900061097,2020-12-29,1,0,0.99999714
55000900061097,2020-12-30,1,0,0.9999974
55000900061097,2020-12-31,1,0,0.9999981
55000900061097,2021-01-01,1,0,0.999998
55000900061097,2021-01-02,1,0,0.9999969
55000900061097,2021-01-03,1,0,0.99999714
55000900061097,2021-01-04,1,0,0.9999969
55000900061097,2021-01-05,1,0,0.999997
55000900061097,2021-01-06,1,0,0.999997
55000900061097,2021-01-07,1,0,0.999997
55000900061097,2021-01-08,1,0,0.999997
55000900061097,2021-01-09,1,0,0.999997
55000900061097,2021-01-10,1,0,0.999997
55000900061097,2021-01-11,1,0,0.999997
55000900061097,2021-01-12,1,0,0.999997
55000900061097,2021-01-13,1,0,0.999997
55000900061097,2021-01-14,1,0,0.999997
55000900061097,2021-01-15,1,0,0.999997
55000900061097,2021-01-16,1,0,0.999997
55000900061097,2021-01-17,1,0,0.999997
55000900061097,2021-01-18,1,0,0.999997
55000900061097,2021-01-19,1,0,0.999997
55000900061097,2021-01-20,1,0,0.999997
55000900061097,2021-01-21,1,0,0.99999714
55000900061097,2021-01-22,1,0,0.999997
55000900061097,2021-01-23,1,0,0.999997
55000900061097,2021-01-24,1,0,0.999997
55000900061097,2021-01-25,1,0,0.9999969
55000900061097,2021-01-26,1,0,0.999997
55000900061097,2021-01-27,1,0,0.999997
55000900061097,2021-01-28,1,0,0.99999714
55000900061097,2021-01-29,1,0,0.999997
55000900061097,2021-01-30,1,0,0.999997
55000900061097,2021-01-31,1,0,0.999997
55000900061097,2021-02-01,1,0,0.999997
55000900061097,2021-02-02,1,0,0.999997
55000900061097,2021-02-03,1,0,0.999997
55000900061097,2021-02-04,1,0,0.999997
55000900061097,2021-02-05,1,0,0.999997
55000900061097,2021-02-06,1,0,0.999997
55000900061097,2021-02-07,1,0,0.999997
55000900061097,2021-02-08,1,0,0.999997
55000900061097,2021-02-09,1,0,0.999997
55000900061097,2021-02-10,1,0,0.999997
55000900061097,2021-02-11,1,0,0.999997
55000900061097,2021-02-12,1,0,0.999997
55000900061097,2021-02-13,1,0,0.999997
55000900061097,2021-02-14,1,0,0.999997
55000900061097,2021-02-15,1,0,0.999997
55000900061097,2021-02-16,1,0,0.999997
55000900061097,2021-02-17,1,0,0.999997
55000900061097,2021-02-18,1,0,0.999997
55000900061097,2021-02-19,1,0,0.999997
55000900061097,2021-02-20,1,0,0.999997
55000900061097,2021-02-21,1,0,0.999997
55000900061097,2021-02-22,1,0,0.999997
55000900061097,2021-02-23,1,0,0.999997
55000900061097,2021-02-24,1,0,0.999997
55000900061097,2021-02-25,1,0,0.999997
55000900061097,2021-02-26,1,0,0.999997
55000900061097,2021-02-27,1,0,0.999997
55000900061097,2021-02-28,1,0,0.999997
55000900061097,2021-03-01,1,0,0.999997
55000900061097,2021-03-02,1,0,0.999997
55000900061097,2021-03-03,1,0,0.999997
55000900061097,2021-03-04,1,0,0.999997
55000900061097,2021-03-05,1,0,0.999997
55000900061097,2021-03-06,1,0,0.999997
55000900061097,2021-03-07,1,0,0.999997
55000900061097,2021-03-08,1,0,0.999997
55000900061097,2021-03-09,1,0,0.999997
55000900061097,2021-03-10,1,0,0.999997
55000900061097,2021-03-11,1,0,0.999997
55000900061097,2021-03-12,1,0,0.999997
55000900061097,2021-03-13,1,0,0.999997
55000900061097,2021-03-14,1,0,0.999997
55000900061097,2021-03-15,1,0,0.999997
55000900061097,2021-03-16,1,0,0.999997
55000900061097,2021-03-17,1,0,0.999997
55000900061097,2021-03-18,1,0,0.999997
55000900061097,2021-03-19,1,0,0.999997
55000900061097,2021-03-20,1,0,0.999997
55000900061097,2021-03-21,1,0,0.999997
55000900061097,2021-03-22,1,0,0.999997
55000900061097,2021-03-23,1,0,0.999997
55000900061097,2021-03-24,1,0,0.999997
55000900061097,2021-03-25,1,0,0.999997
55000900061097,2021-03-26,1,0,0.999997
55000900061097,2021-03-27,1,0,0.999997
55000900061097,2021-03-28,1,0,0.999997
55000900061097,2021-03-29,1,0,0.999997
55000900061097,2021-03-30,1,0,0.999997
55000900061097,2021-03-31,1,0,0.999997
55000900061097,2021-04-01,1,0,0.999997
55000900061097,2021-04-02,1,0,0.999997
55000900061097,2021-04-03,1,0,0.999997
55000900061097,2021-04-04,1,0,0.999997
55000900061097,2021-04-05,1,0,0.999997
55000900061097,2021-04-06,1,0,0.999997
55000900061097,2021-04-07,1,0,0.999997
55000900061097,2021-04-08,1,0,0.999997
55000900061097,2021-04-09,1,0,0.999997
55000900061097,2021-04-10,1,0,0.999997
55000900061097,2021-04-11,1,0,0.999997
55000900061097,2021-04-12,1,0,0.999997
55000900061097,2021-04-13,1,0,0.999997
55000900061097,2021-04-14,1,0,0.999997
55000900061097,2021-04-15,1,0,0.999997
55000900061097,2021-04-16,1,0,0.999997
55000900061097,2021-04-17,1,0,0.999997
55000900061097,2021-04-18,1,0,0.999997
55000900061097,2021-04-19,1,0,0.999997
55000900061097,2021-04-20,1,0,0.999997
55000900061097,2021-04-21,1,0,0.999997
55000900061097,2021-04-22,1,0,0.999997
55000900061097,2021-04-23,1,0,0.999997
55000900061097,2021-04-24,1,0,0.999997
55000900061097,2021-04-25,1,0,0.999997
55000900061097,2021-04-26,1,0,0.999997
55000900061097,2021-04-27,1,0,0.999997
55000900061097,2021-04-28,1,0,0.999997
55000900061097,2021-04-29,1,0,0.999997
55000900061097,2021-04-30,1,0,0.999997
55000900061097,2021-05-01,1,0,0.999997
55000900061097,2021-05-02,1,0,0.999997
55000900061097,2021-05-03,1,0,0.999997
55000900061097,2021-05-04,1,0,0.999997
55000900061097,2021-05-05,1,0,0.999997
55000900061097,2021-05-06,1,0,0.999997
55000900061097,2021-05-07,1,0,0.999997
55000900061097,2021-05-08,1,0,0.999997
55000900061097,2021-05-09,1,0,0.999997
55000900061097,2021-05-10,1,0,0.999997
55000900061097,2021-05-11,1,0,0.999997
55000900061097,2021-05-12,1,0,0.999997
55000900061097,2021-05-13,1,0,0.999997
55000900061097,2021-05-14,1,0,0.999997
55000900061097,2021-05-15,1,0,0.999997
55000900061097,2021-05-16,1,0,0.999997
55000900061097,2021-05-17,1,0,0.999997
55000900061097,2021-05-18,1,0,0.999997
55000900061097,2021-05-19,1,0,0.999997
55000900061097,2021-05-20,1,0,0.999997
55000900061097,2021-05-21,1,0,0.999997
55000900061097,2021-05-22,1,0,0.999997
55000900061097,2021-05-23,1,0,0.999997
55000900061097,2021-05-24,1,0,0.999997
55000900061097,2021-05-25,1,0,0.999997
55000900061097,2021-05-26,1,0,0.999997
55000900061097,2021-05-27,1,0,0.999997
55000900061097,2021-05-28,1,0,0.999997
55000900061097,2021-05-29,1,0,0.999997
55000900061097,2021-05-30,1,0,0.999997
55000900061097,2021-05-31,1,0,0.999997
55000900061097,2021-06-01,1,0,0.999997
55000900061097,2021-06-02,1,0,0.999997
55000900061097,2021-06-03,1,0,0.999997
55000900061097,2021-06-04,1,0,0.999997
55000900061097,2021-06-05,1,0,0.999997
55000900061097,2021-06-06,1,0,0.999997
55000900061097,2021-06-07,1,0,0.999997
55000900061097,2021-06-08,1,0,0.999997
55000900061097,2021-06-09,1,0,0.999997
55000900061097,2021-06-10,1,0,0.999997
55000900061097,2021-06-11,1,0,0.999997
55000900061097,2021-06-12,1,0,0.999997
55000900061097,2021-06-13,1,0,0.999997
55000900061097,2021-06-14,1,0,0.999997
55000900061097,2021-06-15,1,0,0.999997
55000900061097,2021-06-16,1,0,0.999997
55000900061097,2021-06-17,1,0,0.999997
55000900061097,2021-06-18,1,0,0.999997
55000900061097,2021-06-19,1,0,0.999997
55000900061097,2021-06-20,1,0,0.999997
55000900061097,2021-06-21,1,0,0.999997
55000900061097,2021-06-22,1,0,0.999997
55000900061097,2021-06-23,1,0,0.999997
55000900061097,2021-06-24,1,0,0.999997
55000900061097,2021-06-25,1,0,0.999997
55000900061097,2021-06-26,1,0,0.999997
55000900061097,2021-06-27,1,0,0.999997
55000900061097,2021-06-28,1,0,0.999997
55000900061097,2021-06-29,1,0,0.999997
55000900061097,2021-06-30,1,0,0.999997
55000900061097,2021-07-01,1,0,0.999997
55000900061097,2021-07-02,1,0,0.999997
55000900061097,2021-07-03,1,0,0.999997
55000900061097,2021-07-04,1,0,0.999997
55000900061097,2021-07-05,1,0,0.999997
55000900061097,2021-07-06,1,0,0.999997
55000900061097,2021-07-07,1,0,0.999997
55000900061097,2021-07-08,1,0,0.999997
55000900061097,2021-07-09,1,0,0.999997
55000900061097,2021-07-10,1,0,0.999997
55000900061097,2021-07-11,1,0,0.999997
55000900061097,2021-07-12,1,0,0.999997
55000900061097,2021-07-13,1,0,0.999997
55000900061097,2021-07-14,1,0,0.999997
55000900061097,2021-07-15,1,0,0.999997
55000900061097,2021-07-16,1,0,0.999997
55000900061097,2021-07-17,1,0,0.999997
55000900061097,2021-07-18,1,0,0.999997
55000900061097,2021-07-19,1,0,0.999997
55000900061097,2021-07-20,1,0,0.999997
55000900061097,2021-07-21,1,0,0.999997
55000900061097,2021-07-22,1,0,0.999997
55000900061097,2021-07-23,1,0,0.999997
55000900061097,2021-07-24,1,0,0.999997
55000900061097,2021-07-25,1,0,0.999997
55000900061097,2021-07-26,1,0,0.999997
55000900061097,2021-07-27,1,0,0.999997
55000900061097,2021-07-28,1,0,0.999997
55000900061097,2021-07-29,1,0,0.999997
55000900061097,2021-07-30,1,0,0.999997
55000900061097,2021-07-31,1,0,0.999997
55000900061097,2021-08-01,1,0,0.999997
55000900061097,2021-08-02,1,0,0.999997
55000900061097,2021-08-03,1,0,0.999997
55000900061097,2021-08-04,1,0,0.999997
55000900061097,2021-08-05,1,0,0.999997
55000900061097,2021-08-06,1,0,0.999997
55000900061097,2021-08-07,1,0,0.999997
55000900061097,2021-08-08,1,0,0.999997
55000900061097,2021-08-09,1,0,0.999997
55000900061097,2021-08-10,1,0,0.999997
55000900061097,2021-08-11,1,0,0.999997
55000900061097,2021-08-12,1,0,0.999997
55000900061097,2021-08-13,1,0,0.999997
55000900061097,2021-08-14,1,0,0.999997
55000900061097,2021-08-15,1,0,0.999997
55000900061097,2021-08-16,1,0,0.999997
55000900061097,2021-08-17,1,0,0.999997
55000900061097,2021-08-18,1,0,0.999997
55000900061097,2021-08-19,1,0,0.999997
55000900061097,2021-08-20,1,0,0.999997
55000900061097,2021-08-21,1,0,0.999997
55000900061097,2021-08-22,1,0,0.999997
55000900061097,2021-08-23,1,0,0.999997
55000900061097,2021-08-24,1,0,0.999997
55000900061097,2021-08-25,1,0,0.999997
55000900061097,2021-08-26,1,0,0.999997
55000900061097,2021-08-27,1,0,0.999997
55000900061097,2021-08-28,1,0,0.999997
55000900061097,2021-08-29,1,0,0.999997
55000900061097,2021-08-30,1,0,0.999997
55000900061097,2021-08-31,1,0,0.999997
55000900061097,2021-09-01,1,0,0.999997
55000900061097,2021-09-02,1,0,0.999997
55000900061097,2021-09-03,1,0,0.999997
55000900061097,2021-09-04,1,0,0.999997
55000900061097,2021-09-05,1,0,0.999997
55000900061097,2021-09-06,1,0,0.999997
55000900061097,2021-09-07,1,0,0.999997
55000900061097,2021-09-08,1,0,0.999997
55000900061097,2021-09-09,1,0,0.999997
55000900061097,2021-09-10,1,0,0.999997
55000900061097,2021-09-11,1,0,0.999997
55000900061097,2021-09-12,1,0,0.999997
55000900061097,2021-09-13,1,0,0.999997
55000900061097,2021-09-14,1,0,0.999997
55000900061097,2021-09-15,1,0,0.999997
55000900061097,2021-09-16,1,0,0.999997
55000900061097,2021-09-17,1,0,0.999997
55000900061097,2021-09-18,1,0,0.999997
55000900061097,2021-09-19,1,0,0.999997
55000900061097,2021-09-20,1,0,0.999997
55000900061097,2021-09-21,1,0,0.999997
55000900061097,2021-09-22,1,0,0.999997
55000900061097,2021-09-23,1,0,0.999997
55000900061097,2021-09-24,1,0,0.999997
55000900061097,2021-09-25,1,0,0.999997
55000900061097,2021-09-26,1,0,0.999997
55000900061097,2021-09-27,1,0,0.999997
55000900061097,2021-09-28,1,0,0.999997
55000900061097,2021-09-29,1,0,0.999997
55000900061097,2021-09-30,1,0,0.999997
55000900061097,2021-10-01,1,0,0.999997
55000900061097,2021-10-02,1,0,0.999997
55000900061097,2021-10-03,1,0,0.999997
55000900061097,2021-10-04,1,0,0.999997
55000900061097,2021-10-05,1,0,0.999997
55000900061097,2021-10-06,1,0,0.999997
55000900061097,2021-10-07,1,0,0.999997
55000900061097,2021-10-08,1,0,0.999997
55000900061097,2021-10-09,1,0,0.999997
55000900061097,2021-10-10,1,0,0.999997
55000900061097,2021-10-11,1,0,0.999997
55000900061097,2021-10-12,1,0,0.999997
55000900061097,2021-10-13,1,0,0.999997
55000900061097,2021-10-14,1,0,0.999997
55000900061097,2021-10-15,1,0,0.999997
55000900061097,2021-10-16,1,0,0.999997
55000900061097,2021-10-17,1,0,0.999997
55000900061097,2021-10-18,1,0,0.999997
55000900061097,2021-10-19,1,0,0.999997
55000900061097,2021-10-20,1,0,0.999997
55000900061097,2021-10-21,1,0,0.999997
55000900061097,2021-10-22,1,0,0.999997
55000900061097,2021-10-23,1,0,0.999997
55000900061097,2021-10-24,1,0,0.999997
55000900061097,2021-10-25,1,0,0.999997
55000900061097,2021-10-26,1,0,0.999997
55000900061097,2021-10-27,1,0,0.999997
55000900061097,2021-10-28,1,0,0.999997
55000900061097,2021-10-29,1,0,0.999997
55000900061097,2021-10-30,1,0,0.999997
55000900061097,2021-10-31,1,0,0.999997
55000900061097,2021-11-01,1,0,0.999997
55000900061097,2021-11-02,1,0,0.999997
55000900061097,2021-11-03,1,0,0.999997
55000900061097,2021-11-04,1,0,0.999997
55000900061097,2021-11-05,1,0,0.999997
55000900061097,2021-11-06,1,0,0.999997
55000900061097,2021-11-07,1,0,0.999997
55000900061097,2021-11-08,1,0,0.999997
55000900061097,2021-11-09,1,0,0.999997
55000900061097,2021-11-10,1,0,0.999997
55000900061097,2021-11-11,1,0,0.999997
55000900061097,2021-11-12,1,0,0.999997
55000900061097,2021-11-13,1,0,0.999997
55000900061097,2021-11-14,1,0,0.999997
55000900061097,2021-11-15,1,0,0.999997
55000900061097,2021-11-16,1,0,0.999997
55000900061097,2021-11-17,1,0,0.999997
55000900061097,2021-11-18,1,0,0.999997
55000900061097,2021-11-19,1,0,0.999997
55000900061097,2021-11-20,1,0,0.999997
55000900061097,2021-11-21,1,0,0.999997
55000900061097,2021-11-22,1,0,0.999997
55000900061097,2021-11-23,1,0,0.999997
55000900061097,2021-11-24,1,0,0.999997
55000900061097,2021-11-25,1,0,0.999997
55000900061097,2021-11-26,1,0,0.999997
55000900061097,2021-11-27,1,0,0.999997
55000900061097,2021-11-28,1,0,0.999997
55000900061097,2021-11-29,1,0,0.999997
55000900061097,2021-11-30,1,0,0.999997
55000900061097,2021-12-01,1,0,0.999997
55000900061097,2021-12-02,1,0,0.999997
55000900061097,2021-12-03,1,0,0.999997
55000900061097,2021-12-04,1,0,0.999997
55000900061097,2021-12-05,1,0,0.999997
55000900061097,2021-12-06,1,0,0.999997
55000900061097,2021-12-07,1,0,0.999997
55000900061097,2021-12-08,1,0,0.999997
55000900061097,2021-12-09,1,0,0.999997
55000900061097,2021-12-10,1,0,0.999997
55000900061097,2021-12-11,1,0,0.999997
55000900061097,2021-12-12,1,0,0.999997
55000900061097,2021-12-13,1,0,0.999997
55000900061097,2021-12-14,1,0,0.999997
55000900061097,2021-12-15,1,0,0.999997
55000900061097,2021-12-16,1,0,0.999997
55000900061097,2021-12-17,1,0,0.999997
55000900061097,2021-12-18,1,0,0.999997
55000900061097,2021-12-19,1,0,0.999997
55000900061097,2021-12-20,1,0,0.999997
55000900061097,2021-12-21,1,0,0.999997
55000900061097,2021-12-22,1,0,0.999997
55000900061097,2021-12-23,1,0,0.999997
55000900061097,2021-12-24,1,0,0.999997
55000900061097,2021-12-25,1,0,0.999997
55000900061097,2021-12-26,1,0,0.999997
55000900061097,2021-12-27,1,0,0.999997
55000900061097,2021-12-28,1,0,0.999997
55000900061097,2021-12-29,1,0,0.999997
55000900061097,2021-12-30,1,0,0.999997
55000900061097,2021-12-31,1,0,0.999997
55000900061097,2022-01-01,1,0,0.999997
55000900061097,2022-01-02,1,0,0.999997
55000900061097,2022-01-03,1,0,0.999997
55000900061097,2022-01-04,1,0,0.999997
55000900061097,2022-01-05,1,0,0.999997
55000900061097,2022-01-06,1,0,0.999997
55000900061097,2022-01-07,1,0,0.999997
55000900061097,2022-01-08,1,0,0.999997
55000900061097,2022-01-09,1,0,0.999997
55000900061097,2022-01-10,1,0,0.999997
55000900061097,2022-01-11,1,0,0.999997
55000900061097,2022-01-12,1,0,0.999997
55000900061097,2022-01-13,1,0,0.999997
55000900061097,2022-01-14,1,0,0.999997
55000900061097,2022-01-15,1,0,0.999997
55000900061097,2022-01-16,1,0,0.999997
55000900061097,2022-01-17,1,0,0.999997
55000900061097,2022-01-18,1,0,0.999997
55000900061097,2022-01-19,1,0,0.999997
55000900061097,2022-01-20,1,0,0.999997
55000900061097,2022-01-21,1,0,0.999997
55000900061097,2022-01-22,1,0,0.999997
55000900061097,2022-01-23,1,0,0.999997
55000900061097,2022-01-24,1,0,0.999997
55000900061097,2022-01-25,1,0,0.999997
55000900061097,2022-01-26,1,0,0.999997
55000900061097,2022-01-27,1,0,0.999997
55000900061097,2022-01-28,1,0,0.999997
55000900061097,2022-01-29,1,0,0.999997
55000900061097,2022-01-30,1,0,0.999997
55000900061097,2022-01-31,1,0,0.999997
55000900061097,2022-02-01,1,0,0.999997
55000900061097,2022-02-02,1,0,0.999997
55000900061097,2022-02-03,1,0,0.999997
55000900061097,2022-02-04,1,0,0.999997
55000900061097,2022-02-05,1,0,0.999997
55000900061097,2022-02-06,1,0,0.999997
55000900061097,2022-02-07,1,0,0.999997
55000900061097,2022-02-08,1,0,0.999997
55000900061097,2022-02-09,1,0,0.999997
55000900061097,2022-02-10,1,0,0.999997
55000900061097,2022-02-11,1,0,0.999997
55000900061097,2022-02-12,1,0,0.999997
55000900061097,2022-02-13,1,0,0.999997
55000900061097,2022-02-14,1,0,0.999997
55000900061097,2022-02-15,1,0,0.999997
55000900061097,2022-02-16,1,0,0.999997
55000900061097,2022-02-17,1,0,0.999997
55000900061097,2022-02-18,1,0,0.999997
55000900061097,2022-02-19,1,0,0.999997
55000900061097,2022-02-20,1,0,0.999997
55000900061097,2022-02-21,1,0,0.999997
55000900061097,2022-02-22,1,0,0.999997
55000900061097,2022-02-23,1,0,0.999997
55000900061097,2022-02-24,1,0,0.999997
55000900061097,2022-02-25,1,0,0.999997
55000900061097,2022-02-26,1,0,0.999997
55000900061097,2022-02-27,1,0,0.999997
55000900061097,2022-02-28,1,0,0.999997
55000900061097,2022-03-01,1,0,0.999997
55000900061097,2022-03-02,1,0,0.999997
55000900061097,2022-03-03,1,0,0.999997
55000900061097,2022-03-04,1,0,0.999997
55000900061097,2022-03-05,1,0,0.999997
55000900061097,2022-03-06,1,0,0.999997
55000900061097,2022-03-07,1,0,0.999997
55000900061097,2022-03-08,1,0,0.999997
55000900061097,2022-03-09,1,0,0.999997
55000900061097,2022-03-10,1,0,0.999997
55000900061097,2022-03-11,1,0,0.999997
55000900061097,2022-03-12,1,0,0.999997
55000900061097,2022-03-13,1,0,0.999997
55000900061097,2022-03-14,1,0,0.999997
55000900061097,2022-03-15,1,0,0.999997
55000900061097,2022-03-16,1,0,0.999997
55000900061097,2022-03-17,1,0,0.999997
55000900061097,2022-03-18,1,0,0.999997
55000900061097,2022-03-19,1,0,0.999997
55000900061097,2022-03-20,1,0,0.999997
55000900061097,2022-03-21,1,0,0.999997
55000900061097,2022-03-22,1,0,0.999997
55000900061097,2022-03-23,1,0,0.999997
55000900061097,2022-03-24,1,0,0.999997
55000900061097,2022-03-25,1,0,0.999997
55000900061097,2022-03-26,1,0,0.999997
55000900061097,2022-03-27,1,0,0.999997
55000900061097,2022-03-28,1,0,0.999997
55000900061097,2022-03-29,1,0,0.999997
55000900061097,2022-03-30,1,0,0.999997
55000900061097,2022-03-31,1,0,0.999997
55000900061097,2022-04-01,1,0,0.999997
55000900061097,2022-04-02,1,0,0.999997
55000900061097,2022-04-03,1,0,0.999997
55000900061097,2022-04-04,1,0,0.999997
55000900061097,2022-04-05,1,0,0.999997
55000900061097,2022-04-06,1,0,0.999997
55000900061097,2022-04-07,1,0,0.999997
55000900061097,2022-04-08,1,0,0.999997
55000900061097,2022-04-09,1,0,0.999997
55000900061097,2022-04-10,1,0,0.999997
55000900061097,2022-04-11,1,0,0.999997
55000900061097,2022-04-12,1,0,0.999997
55000900061097,2022-04-13,1,0,0.999997
55000900061097,2022-04-14,1,0,0.999997
55000900061097,2022-04-15,1,0,0.999997
55000900061097,2022-04-16,1,0,0.999997
55000900061097,2022-04-17,1,0,0.999997
55000900061097,2022-04-18,1,0,0.999997
55000900061097,2022-04-19,1,0,0.999997
55000900061097,2022-04-20,1,0,0.999997
55000900061097,2022-04-21,1,0,0.999997
55000900061097,2022-04-22,1,0,0.999997
55000900061097,2022-04-23,1,0,0.999997
55000900061097,2022-04-24,1,0,0.999997
55000900061097,2022-04-25,1,0,0.999997
55000900061097,2022-04-26,1,0,0.999997
55000900061097,2022-04-27,1,0,0.999997
55000900061097,2022-04-28,1,0,0.999997
55000900061097,2022-04-29,1,0,0.999997
55000900061097,2022-04-30,1,0,0.999997
55000900061097,2022-05-01,1,0,0.999997
55000900061097,2022-05-02,1,0,0.999997
55000900061097,2022-05-03,1,0,0.999997
55000900061097,2022-05-04,1,0,0.999997
55000900061097,2022-05-05,1,0,0.999997
55000900061097,2022-05-06,1,0,0.999997
55000900061097,2022-05-07,1,0,0.999997
55000900061097,2022-05-08,1,0,0.999997
55000900061097,2022-05-09,1,0,0.999997
55000900061097,2022-05-10,1,0,0.999997
55000900061097,2022-05-11,1,0,0.999997
55000900061097,2022-05-12,1,0,0.999997
55000900061097,2022-05-13,1,0,0.999997
55000900061097,2022-05-14,1,0,0.999997
55000900061097,2022-05-15,1,0,0.999997
55000900061097,2022-05-16,1,0,0.999997
55000900061097,2022-05-17,1,0,0.999997
55000900061097,2022-05-18,1,0,0.999997
55000900061097,2022-05-19,1,0,0.999997
55000900061097,2022-05-20,1,0,0.999997
55000900061097,2022-05-21,1,0,0.999997
55000900061097,2022-05-22,1,0,0.999997
55000900061097,2022-05-23,1,0,0.999997
55000900061097,2022-05-24,1,0,0.999997
55000900061097,2022-05-25,1,0,0.999997
55000900061097,2022-05-26,1,0,0.999997
55000900061097,2022-05-27,1,0,0.999997
55000900061097,2022-05-28,1,0,0.999997
55000900061097,2022-05-29,1,0,0.999997
55000900061097,2022-05-30,1,0,0.999997
55000900061097,2022-05-31,1,0,0.999997
55000900061097,2022-06-01,1,0,0.999997
55000900061097,2022-06-02,1,0,0.999997
55000900061097,2022-06-03,1,0,0.999997
55000900061097,2022-06-04,1,0,0.999997
55000900061097,2022-06-05,1,0,0.999997
55000900061097,2022-06-06,1,0,0.999997
55000900061097,2022-06-07,1,0,0.999997
55000900061097,2022-06-08,1,0,0.999997
55000900061097,2022-06-09,1,0,0.999997
55000900061097,2022-06-10,1,0,0.999997
55000900061097,2022-06-11,1,0,0.999997
55000900061097,2022-06-12,1,0,0.999997
55000900061097,2022-06-13,1,0,0.999997
55000900061097,2022-06-14,1,0,0.999997
55000900061097,2022-06-15,1,0,0.999997
55000900061097,2022-06-16,1,0,0.999997
55000900061097,2022-06-17,1,0,0.999997
55000900061097,2022-06-18,1,0,0.999997
55000900061097,2022-06-19,1,0,0.999997
55000900061097,2022-06-20,1,0,0.999997
55000900061097,2022-06-21,1,0,0.999997
55000900061097,2022-06-22,1,0,0.999997
55000900061097,2022-06-23,1,0,0.999997
55000900061097,2022-06-24,1,0,0.999997
55000900061097,2022-06-25,1,0,0.999997
55000900061097,2022-06-26,1,0,0.999997
55000900061097,2022-06-27,1,0,0.999997
55000900061097,2022-06-28,1,0,0.999997
55000900061097,2022-06-29,1,0,0.999997
55000900061097,2022-06-30,1,0,0.999997
55000900061097,2022-07-01,1,0,0.999997
55000900061097,2022-07-02,1,0,0.999997
55000900061097,2022-07-03,1,0,0.999997
55000900061097,2022-07-04,1,0,0.999997
55000900061097,2022-07-05,1,0,0.999997
55000900061097,2022-07-06,1,0,0.999997
55000900061097,2022-07-07,1,0,0.999997
55000900061097,2022-07-08,1,0,0.999997
55000900061097,2022-07-09,1,0,0.999997
55000900061097,2022-07-10,1,0,0.999997
55000900061097,2022-07-11,1,0,0.999997
55000900061097,2022-07-12,1,0,0.999997
55000900061097,2022-07-13,1,0,0.999997
55000900061097,2022-07-14,1,0,0.999997
55000900061097,2022-07-15,1,0,0.999997
55000900061097,2022-07-16,1,0,0.999997
55000900061097,2022-07-17,1,0,0.999997
55000900061097,2022-07-18,1,0,0.999997
55000900061097,2022-07-19,1,0,0.999997
55000900061097,2022-07-20,1,0,0.999997
55000900061097,2022-07-21,1,0,0.999997
55000900061097,2022-07-22,1,0,0.999997
55000900061097,2022-07-23,1,0,0.999997
55000900061097,2022-07-24,1,0,0.999997
55000900061097,2022-07-25,1,0,0.999997
55000900061097,2022-07-26,1,0,0.999997
55000900061097,2022-07-27,1,0,0.999997
55000900061097,2022-07-28,1,0,0.999997
55000900061097,2022-07-29,1,0,0.999997
55000900061097,2022-07-30,1,0,0.999997
55000900061097,2022-07-31,1,0,0.999997
55000900061097,2022-08-01,1,0,0.999997
55000900061097,2022-08-02,1,0,0.999997
55000900061097,2022-08-03,1,0,0.999997
55000900061097,2022-08-04,1,0,0.999997
55000900061097,2022-08-05,1,0,0.999997
55000900061097,2022-08-06,1,0,0.999997
55000900061097,2022-08-07,1,0,0.999997
55000900061097,2022-08-08,1,0,0.999997
55000900061097,2022-08-09,1,0,0.999997
55000900061097,2022-08-10,1,0,0.999997
55000900061097,2022-08-11,1,0,0.999997
55000900061097,2022-08-12,1,0,0.999997
55000900061097,2022-08-13,1,0,0.999997
55000900061097,2022-08-14,1,0,0.999997
55000900061097,2022-08-15,1,0,0.999997
55000900061097,2022-08-16,1,0,0.999997
55000900061097,2022-08-17,1,0,0.999997
55000900061097,2022-08-18,1,0,0.999997
55000900061097,2022-08-19,1,0,0.999997
55000900061097,2022-08-20,1,0,0.999997
55000900061097,2022-08-21,1,0,0.999997
55000900061097,2022-08-22,1,0,0.999997
55000900061097,2022-08-23,1,0,0.999997
55000900061097,2022-08-24,1,0,0.999997
55000900061097,2022-08-25,1,0,0.999997
55000900061097,2022-08-26,1,0,0.999997
55000900061097,2022-08-27,1,0,0.999997
55000900061097,2022-08-28,1,0,0.999997
55000900061097,2022-08-29,1,0,0.999997
55000900061097,2022-08-30,1,0,0.999997
55000900061097,2022-08-31,1,0,0.999997
55000900061097,2022-09-01,1,0,0.999997
55000900061097,2022-09-02,1,0,0.999997
55000900061097,2022-09-03,1,0,0.999997
55000900061097,2022-09-04,1,0,0.999997
55000900061097,2022-09-05,1,0,0.999997
55000900061097,2022-09-06,1,0,0.999997
55000900061097,2022-09-07,1,0,0.999997
55000900061097,2022-09-08,1,0,0.999997
55000900061097,2022-09-09,1,0,0.999997
55000900061097,2022-09-10,1,0,0.999997
55000900061097,2022-09-11,1,0,0.999997
55000900061097,2022-09-12,1,0,0.999997
55000900061097,2022-09-13,1,0,0.999997
55000900061097,2022-09-14,1,0,0.999997
55000900061097,2022-09-15,1,0,0.999997
55000900061097,2022-09-16,1,0,0.999997
55000900061097,2022-09-17,1,0,0.999997
55000900061097,2022-09-18,1,0,0.999997
55000900061097,2022-09-19,1,0,0.999997
55000900061097,2022-09-20,1,0,0.999997
55000900061097,2022-09-21,1,0,0.999997
55000900061097,2022-09-22,1,0,0.999997
55000900061097,2022-09-23,1,0,0.999997
55000900061097,2022-09-24,1,0,0.999997
55000900061097,2022-09-25,1,0,0.999997
55000900061097,2022-09-26,1,0,0.999997
55000900061097,2022-09-27,1,0,0.999997
55000900061097,2022-09-28,1,0,0.999997
55000900061097,2022-09-29,1,0,0.999997
55000900061097,2022-09-30,1,0,0.999997
55000900061097,2022-10-01,1,0,0.999997
55000900061097,2022-10-02,1,0,0.999997
55000900061097,2022-10-03,1,0,0.999997
55000900061097,2022-10-04,1,0,0.999997
55000900061097,2022-10-05,1,0,0.999997
55000900061097,2022-10-06,1,0,0.999997
55000900061097,2022-10-07,1,0,0.999997
55000900061097,2022-10-08,1,0,0.999997
55000900061097,2022-10-09,1,0,0.999997
55000900061097,2022-10-10,1,0,0.999997
55000900061097,2022-10-11,1,0,0.999997
55000900061097,2022-10-12,1,0,0.999997
55000900061097,2022-10-13,1,0,0.999997
55000900061097,2022-10-14,1,0,0.999997
55000900061097,2022-10-15,1,0,0.999997
55000900061097,2022-10-16,1,0,0.999997
55000900061097,2022-10-17,1,0,0.999997
55000900061097,2022-10-18,1,0,0.999997
55000900061097,2022-10-19,1,0,0.999997
55000900061097,2022-10-20,1,0,0.999997
55000900061097,2022-10-21,1,0,0.999997
55000900061097,2022-10-22,1,0,0.999997
55000900061097,2022-10-23,1,0,0.999997
55000900061097,2022-10-24,1,0,0.999997
55000900061097,2022-10-25,1,0,0.999997
55000900061097,2022-10-26,1,0,0.999997
55000900061097,2022-10-27,1,0,0.999997
55000900061097,2022-10-28,1,0,0.999997
55000900061097,2022-10-29,1,0,0.999997
55000900061097,2022-10-30,1,0,0.999997
55000900061097,2022-10-31,1,0,0.999997
55000900061097,2022-11-01,1,0,0.999997
55000900061097,2022-11-02,1,0,0.999997
55000900061097,2022-11-03,1,0,0.999997
55000900061097,2022-11-04,1,0,0.999997
55000900061097,2022-11-05,1,0,0.999997
55000900061097,2022-11-06,1,0,0.999997
55000900061097,2022-11-07,1,0,0.999997
55000900061097,2022-11-08,1,0,0.999997
55000900061097,2022-11-09,1,0,0.999997
55000900061097,2022-11-10,1,0,0.999997
55000900061097,2022-11-11,1,0,0.999997
55000900061097,2022-11-12,1,0,0.999997
55000900061097,2022-11-13,1,0,0.999997
55000900061097,2022-11-14,1,0,0.999997
55000900061097,2022-11-15,1,0,0.999997
55000900061097,2022-11-16,1,0,0.999997
55000900061097,2022-11-17,1,0,0.999997
55000900061097,2022-11-18,1,0,0.999997
55000900061097,2022-11-19,1,0,0.999997
55000900061097,2022-11-20,1,0,0.999997
55000900061097,2022-11-21,1,0,0.999997
55000900061097,2022-11-22,1,0,0.999997
55000900061097,2022-11-23,1,0,0.999997
55000900061097,2022-11-24,1,0,0.999997
55000900061097,2022-11-25,1,0,0.999997
55000900061097,2022-11-26,1,0,0.999997
55000900061097,2022-11-27,1,0,0.999997
55000900061097,2022-11-28,1,0,0.999997
55000900061097,2022-11-29,1,0,0.999997
55000900061097,2022-11-30,1,0,0.999997
55000900061097,2022-12-01,1,0,0.999997
55000900061097,2022-12-02,1,0,0.999997
55000900061097,2022-12-03,1,0,0.999997
55000900061097,2022-12-04,1,0,0.999997
55000900061097,2022-12-05,1,0,0.999997
55000900061097,2022-12-06,1,0,0.999997
55000900061097,2022-12-07,1,0,0.999997
55000900061097,2022-12-08,1,0,0.999997
55000900061097,2022-12-09,1,0,0.999997
55000900061097,2022-12-10,1,0,0.999997
55000900061097,2022-12-11,1,0,0.999997
55000900061097,2022-12-12,1,0,0.999997
55000900061097,2022-12-13,1,0,0.999997
55000900061097,2022-12-14,1,0,0.999997
55000900061097,2022-12-15,1,0,0.999997
55000900061097,2022-12-16,1,0,0.999997
55000900061097,2022-12-17,1,0,0.999997
55000900061097,2022-12-18,1,0,0.999997
55000900061097,2022-12-19,1,0,0.999997
55000900061097,2022-12-20,1,0,0.999997
55000900061097,2022-12-21,1,0,0.999997
55000900061097,2022-12-22,1,0,0.999997
55000900061097,2022-12-23,1,0,0.999997
55000900061097,2022-12-24,1,0,0.999997
55000900061097,2022-12-25,1,0,0.999997
55000900061097,2022-12-26,1,0,0.999997
55000900061097,2022-12-27,1,0,0.999997
55000900061097,2022-12-28,1,0,0.999997
55000900061097,2022-12-29,1,0,0.999997
55000900061097,2022-12-30,1,0,0.999997
55000900061097,2022-12-31,1,0,0.999997
55000900061097,2023-01-01,1,0,0.999997
55000900061097,2023-01-02,1,0,0.999997
55000900061097,2023-01-03,1,0,0.999997
55000900061097,2023-01-04,1,0,0.999997
55000900061097,2023-01-05,1,0,0.999997
55000900061097,2023-01-06,1,0,0.999997
55000900061097,2023-01-07,1,0,0.999997
55000900061097,2023-01-08,1,0,0.999997
55000900061097,2023-01-09,1,0,0.999997
55000900061097,2023-01-10,1,0,0.999997
55000900061097,2023-01-11,1,0,0.999997
55000900061097,2023-01-12,1,0,0.999997
55000900061097,2023-01-13,1,0,0.999997
55000900061097,2023-01-14,1,0,0.999997
55000900061097,2023-01-15,1,0,0.999997
55000900061097,2023-01-16,1,0,0.999997
55000900061097,2023-01-17,1,0,0.999997
55000900061097,2023-01-18,1,0,0.999997
55000900061097,2023-01-19,1,0,0.999997
55000900061097,2023-01-20,1,0,0.999997
55000900061097,2023-01-21,1,0,0.999997
55000900061097,2023-01-22,1,0,0.999997
55000900061097,2023-01-23,1,0,0.999997
55000900061097,2023-01-24,1,0,0.999997
55000900061097,2023-01-25,1,0,0.999997
55000900061097,2023-01-26,1,0,0.999997
55000900061097,2023-01-27,1,0,0.999997
55000900061097,2023-01-28,1,0,0.999997
55000900061097,2023-01-29,1,0,0.999997
55000900061097,2023-01-30,1,0,0.999997
55000900061097,2023-01-31,1,0,0.999997
55000900061097,2023-02-01,1,0,0.999997
55000900061097,2023-02-02,1,0,0.999997
55000900061097,2023-02-03,1,0,0.999997
55000900061097,2023-02-04,1,0,0.999997
55000900061097,2023-02-05,1,0,0.999997
55000900061097,2023-02-06,1,0,0.999997
55000900061097,2023-02-07,1,0,0.999997
55000900061097,2023-02-08,1,0,0.999997
55000900061097,2023-02-09,1,0,0.999997
55000900061097,2023-02-10,1,0,0.999997
55000900061097,2023-02-11,1,0,0.999997
55000900061097,2023-02-12,1,0,0.999997
55000900061097,2023-02-13,1,0,0.999997
55000900061097,2023-02-14,1,0,0.999997
55000900061097,2023-02-15,1,0,0.999997
55000900061097,2023-02-16,1,0,0.999997
55000900061097,2023-02-17,1,0,0.999997
55000900061097,2023-02-18,1,0,0.999997
55000900061097,2023-02-19,1,0,0.999997
55000900061097,2023-02-20,1,0,0.999997
55000900061097,2023-02-21,1,0,0.999997
55000900061097,2023-02-22,1,0,0.999997
55000900061097,2023-02-23,1,0,0.999997
55000900061097,2023-02-24,1,0,0.999997
55000900061097,2023-02-25,1,0,0.999997
55000900061097,2023-02-26,1,0,0.999997
55000900061097,2023-02-27,1,0,0.999997
55000900061097,2023-02-28,1,0,0.999997
55000900061097,2023-03-01,1,0,0.999997
55000900061097,2023-03-02,1,0,0.999997
55000900061097,2023-03-03,1,0,0.999997
55000900061097,2023-03-04,1,0,0.999997
55000900061097,2023-03-05,1,0,0.999997
55000900061097,2023-03-06,1,0,0.999997
55000900061097,2023-03-07,1,0,0.999997
55000900061097,2023-03-08,1,0,0.999997
55000900061097,2023-03-09,1,0,0.999997
55000900061097,2023-03-10,1,0,0.999997
55000900061097,2023-03-11,1,0,0.999997
55000900061097,2023-03-12,1,0,0.999997
55000900061097,2023-03-13,1,0,0.999997
55000900061097,2023-03-14,1,0,0.999997
55000900061097,2023-03-15,1,0,0.999997
55000900061097,2023-03-16,1,0,0.999997
55000900061097,2023-03-17,1,0,0.999997
55000900061097,2023-03-18,1,0,0.999997
55000900061097,2023-03-19,1,0,0.999997
55000900061097,2023-03-20,1,0,0.999997
55000900061097,2023-03-21,1,0,0.999997
55000900061097,2023-03-22,1,0,0.999997
55000900061097,2023-03-23,1,0,0.999997
55000900061097,2023-03-24,1,0,0.999997
55000900061097,2023-03-25,1,0,0.999997
55000900061097,2023-03-26,1,0,0.999997
55000900061097,2023-03-27,1,0,0.999997
55000900061097,2023-03-28,1,0,0.999997
55000900061097,2023-03-29,1,0,0.999997
55000900061097,2023-03-30,1,0,0.999997
55000900061097,2023-03-31,1,0,0.999997
55000900061097,2023-04-01,1,0,0.999997
55000900061097,2023-04-02,1,0,0.999997
55000900061097,2023-04-03,1,0,0.999997
55000900061097,2023-04-04,1,0,0.999997
55000900061097,2023-04-05,1,0,0.999997
55000900061097,2023-04-06,1,0,0.999997
55000900061097,2023-04-07,1,0,0.999997
55000900061097,2023-04-08,1,0,0.999997
55000900061097,2023-04-09,1,0,0.999997
55000900061097,2023-04-10,1,0,0.999997
55000900061097,2023-04-11,1,0,0.999997
55000900061097,2023-04-12,1,0,0.999997
55000900061097,2023-04-13,1,0,0.999997
55000900061097,2023-04-14,1,0,0.999997
55000900061097,2023-04-15,1,0,0.999997
55000900061097,2023-04-16,1,0,0.999997
55000900061097,2023-04-17,1,0,0.999997
55000900061097,2023-04-18,1,0,0.999997
55000900061097,2023-04-19,1,0,0.999997
55000900061097,2023-04-20,1,0,0.999997
55000900061097,2023-04-21,1,0,0.999997
55000900061097,2023-04-22,1,0,0.999997
55000900061097,2023-04-23,1,0,0.999997
55000900061097,2023-04-24,1,0,0.999997
55000900061097,2023-04-25,1,0,0.999997
55000900061097,2023-04-26,1,0,0.999997
55000900061097,2023-04-27,1,0,0.999997
55000900061097,2023-04-28,1,0,0.999997
55000900061097,2023-04-29,1,0,0.999997
55000900061097,2023-04-30,1,0,0.999997
55000900061097,2023-05-01,1,0,0.999997
55000900061097,2023-05-02,1,0,0.999997
55000900061097,2023-05-03,1,0,0.999997
55000900061097,2023-05-04,1,0,0.999997
55000900061097,2023-05-05,1,0,0.999997
55000900061097,2023-05-06,1,0,0.999997
55000900061097,2023-05-07,1,0,0.999997
55000900061097,2023-05-08,1,0,0.999997
55000900061097,2023-05-09,1,0,0.999997
55000900061097,2023-05-10,1,0,0.999997
55000900061097,2023-05-11,1,0,0.999997
55000900061097,2023-05-12,1,0,0.999997
55000900061097,2023-05-13,1,0,0.999997
55000900061097,2023-05-14,1,0,0.999997
55000900061097,2023-05-15,1,0,0.999997
55000900061097,2023-05-16,1,0,0.999997
55000900061097,2023-05-17,1,0,0.999997
55000900061097,2023-05-18,1,0,0.999997
55000900061097,2023-05-19,1,0,0.999997
55000900061097,2023-05-20,1,0,0.999997
55000900061097,2023-05-21,1,0,0.999997
55000900061097,2023-05-22,1,0,0.999997
55000900061097,2023-05-23,1,0,0.999997
55000900061097,2023-05-24,1,0,0.999997
55000900061097,2023-05-25,1,0,0.999997
55000900061097,2023-05-26,1,0,0.999997
55000900061097,2023-05-27,1,0,0.999997
55000900061097,2023-05-28,1,0,0.999997
55000900061097,2023-05-29,1,0,0.999997
55000900061097,2023-05-30,1,0,0.999997
55000900061097,2023-05-31,1,0,0.999997
55000900061097,2023-06-01,1,0,0.999997
55000900061097,2023-06-02,1,0,0.999997
55000900061097,2023-06-03,1,0,0.999997
55000900061097,2023-06-04,1,0,0.999997
55000900061097,2023-06-05,1,0,0.999997
55000900061097,2023-06-06,1,0,0.999997
55000900061097,2023-06-07,1,0,0.999997
55000900061097,2023-06-08,1,0,0.999997
55000900061097,2023-06-09,1,0,0.999997
55000900061097,2023-06-10,1,0,0.999997
55000900061097,2023-06-11,1,0,0.999997
55000900061097,2023-06-12,1,0,0.999997
55000900061097,2023-06-13,1,0,0.999997
55000900061097,2023-06-14,1,0,0.999997
55000900061097,2023-06-15,1,0,0.999997
55000900061097,2023-06-16,1,0,0.999997
55000900061097,2023-06-17,1,0,0.999997
55000900061097,2023-06-18,1,0,0.999997
55000900061097,2023-06-19,1,0,0.999997
55000900061097,2023-06-20,1,0,0.999997
55000900061097,2023-06-21,1,0,0.999997
55000900061097,2023-06-22,1,0,0.999997
55000900061097,2023-06-23,1,0,0.999997
55000900061097,2023-06-24,1,0,0.999997
55000900061097,2023-06-25,1,0,0.999997
55000900095919,2020-09-11,0,0,0.11125989
55000900095919,2020-09-12,0,0,0.11125989
55000900095919,2020-09-13,0,0,0.11125989
55000900095919,2020-09-14,0,0,0.11125989
55000900095919,2020-09-20,1,0,0.11125989
55000900095919,2020-09-21,1,0,0.11125989
55000900095919,2020-09-22,0,0,0.11125989
55000900095919,2020-09-23,1,0,0.5806418
55000900095919,2020-09-24,1,0,0.61083686
55000900095919,2020-09-25,1,0,0.31338078
55000900095919,2020-09-26,1,0,0.74118894
55000900095919,2020-09-27,1,0,0.8410439
55000900095919,2020-09-28,1,0,0.8756492
55000900095919,2020-09-29,1,0,0.88162756
55000900095919,2020-09-30,0,0,0.8903601
55000900095919,2020-10-01,0,0,0.8926889
55000900095919,2020-10-02,0,0,0.8948538
55000900095919,2020-10-03,0,0,0.3748176
55000900095919,2020-10-04,0,0,0.34984452
55000900095919,2020-10-05,0,0,0.29588863
55000900095919,2020-10-06,0,0,0.24872111
55000900095919,2020-10-07,0,0,0.24639307
55000900095919,2020-10-08,0,0,0.24468634
55000900095919,2020-10-09,0,0,0.24327092
55000900095919,2020-10-10,1,0,0.24197525
55000900095919,2020-10-11,1,0,0.24067289
55000900095919,2020-10-12,1,0,0.23938304
55000900095919,2020-10-13,1,0,0.7013412
55000900095919,2020-10-14,1,0,0.8376998
55000900095919,2020-10-15,1,0,0.8985924
55000900095919,2020-10-16,1,0,0.89302355
55000900095919,2020-10-17,1,0,0.8913376
55000900095919,2020-10-18,0,0,0.8924819
55000900095919,2020-10-19,0,0,0.89444053
55000900095919,2020-10-20,0,0,0.89537644
55000900095919,2020-10-21,0,0,0.37889212
55000900095919,2020-10-22,0,0,0.30004984
55000900095919,2020-10-23,0,0,0.2814392
55000900095919,2020-10-24,1,0,0.24921113
55000900095919,2020-10-25,0,0,0.18569134
55000900095919,2020-10-26,0,0,0.18372102
55000900095919,2020-10-27,0,0,0.6688604
55000900095919,2020-10-28,0,0,0.19599469
55000900095919,2020-10-29,0,0,0.19592868
55000900095919,2020-10-30,0,0,0.19698468
55000900095919,2020-10-31,0,0,0.20469373
55000900095919,2020-11-01,0,0,0.24458158
55000900095919,2020-11-02,0,0,0.24321404
55000900095919,2020-11-03,0,0,0.24189927
55000900095919,2020-11-04,0,0,0.2405943
55000900095919,2020-11-05,1,0,0.23928133
55000900095919,2020-11-06,1,0,0.23795676
55000900095919,2020-11-07,1,0,0.2366216
55000900095919,2020-11-08,1,0,0.70209277
55000900095919,2020-11-09,1,0,0.8356691
55000900095919,2020-11-10,1,0,0.896017
55000900095919,2020-11-11,1,0,0.86344063
55000900095919,2020-11-12,1,0,0.87530863
55000900095919,2020-11-13,1,0,0.8845917
55000900095919,2020-11-14,1,0,0.8908189
55000900095919,2020-11-15,1,0,0.8930345
55000900095919,2020-11-16,1,0,0.8942825
55000900095919,2020-11-17,1,0,0.8952792
55000900095919,2020-11-18,1,0,0.89696896
55000900095919,2020-11-19,1,0,0.9003647
55000900095919,2020-11-20,1,0,0.9077024
55000900095919,2020-11-21,1,0,0.92812705
55000900095919,2020-11-22,1,0,0.95858103
55000900095919,2020-11-23,1,0,0.9807552
55000900095919,2020-11-24,1,0,0.9882569
55000900095919,2020-11-25,1,0,0.9875322
55000900095919,2020-11-26,1,0,0.98877525
55000900095919,2020-11-27,1,0,0.9889291
55000900095919,2020-11-28,1,0,0.98905575
55000900095919,2020-11-29,1,0,0.9891851
55000900095919,2020-11-30,1,0,0.98930013
55000900095919,2020-12-01,1,0,0.98943824
55000900095919,2020-12-03,1,0,0.9890486
55000900095919,2020-12-04,1,0,0.9879629
55000900095919,2020-12-05,1,0,0.98486286
55000900095919,2020-12-06,1,0,0.97858846
55000900095919,2020-12-07,1,0,0.98533475
55000900095919,2020-12-08,1,0,0.9952867
55000900095919,2020-12-09,1,0,0.9952867
55000900095919,2020-12-10,1,0,0.9952867
55000900095919,2020-12-11,1,0,0.9952867
55000900095919,2020-12-12,1,0,0.9952867
55000900095919,2020-12-13,1,0,0.9952867
55000900095919,2020-12-14,1,0,0.9952867
55000900095919,2020-12-15,1,0,0.9952867
55000900095919,2020-12-16,1,0,0.9952867
55000900095919,2020-12-17,1,0,0.9952867
55000900095919,2020-12-18,1,0,0.9952867
55000900095919,2020-12-19,1,0,0.9952867
55000900095919,2020-12-20,1,0,0.9952867
55000900095919,2020-12-21,1,0,0.9952867
55000900095919,2020-12-22,1,0,0.9952867
55000900095919,2020-12-23,1,0,0.9952867
55000900095919,2020-12-24,1,0,0.9952867
55000900095919,2020-12-25,1,0,0.9952867
55000900095919,2020-12-26,1,0,0.9952867
55000900095919,2020-12-27,1,0,0.9952867
55000900095919,2020-12-28,1,0,0.9952867
55000900095919,2020-12-29,1,0,0.9952867
55000900095919,2020-12-30,1,0,0.9952867
55000900095919,2020-12-31,1,0,0.9952867
55000900095919,2021-01-01,1,0,0.9952867
55000900095919,2021-01-02,1,0,0.9952867
55000900095919,2021-01-03,1,0,0.9952867
55000900095919,2021-01-04,1,0,0.9952867
55000900095919,2021-01-05,1,0,0.9952867
55000900095919,2021-01-06,1,0,0.9952867
55000900095919,2021-01-07,1,0,0.9952867
55000900095919,2021-01-08,1,0,0.9952867
55000900095919,2021-01-09,1,0,0.9952867
55000900095919,2021-01-10,1,0,0.9952867
55000900095919,2021-01-11,1,0,0.9952867
55000900095919,2021-01-12,1,0,0.9952867
55000900095919,2021-01-13,1,0,0.9952867
55000900095919,2021-01-14,1,0,0.9952867
55000900095919,2021-01-15,1,0,0.9952867
55000900095919,2021-01-16,1,0,0.9952867
55000900095919,2021-01-17,1,0,0.9952867
55000900095919,2021-01-18,1,0,0.9952867
55000900095919,2021-01-19,1,0,0.9952867
55000900095919,2021-01-20,1,0,0.9952867
55000900095919,2021-01-21,1,0,0.9952867
55000900095919,2021-01-22,1,0,0.9952867
55000900095919,2021-01-23,1,0,0.9952867
55000900095919,2021-01-24,1,0,0.9952867
55000900095919,2021-01-25,1,0,0.9952867
55000900095919,2021-01-26,1,0,0.9952867
55000900095919,2021-01-27,1,0,0.9952867
55000900095919,2021-01-28,1,0,0.9952867
55000900095919,2021-01-29,1,0,0.9952867
55000900095919,2021-01-30,1,0,0.9952867
55000900095919,2021-01-31,1,0,0.9952867
55000900095919,2021-02-01,1,0,0.9952867
55000900095919,2021-02-02,1,0,0.9952867
55000900095919,2021-02-03,1,0,0.9952867
55000900095919,2021-02-04,1,0,0.9952867
55000900095919,2021-02-05,1,0,0.9952867
55000900095919,2021-02-06,1,0,0.9952867
55000900095919,2021-02-07,1,0,0.9952867
55000900095919,2021-02-08,1,0,0.9952867
55000900095919,2021-02-09,1,0,0.9952867
55000900095919,2021-02-10,1,0,0.9952867
55000900095919,2021-02-11,1,0,0.9952867
55000900095919,2021-02-12,1,0,0.9952867
55000900095919,2021-02-13,1,0,0.9952867
55000900095919,2021-02-14,1,0,0.9952867
55000900095919,2021-02-15,1,0,0.9952867
55000900095919,2021-02-16,1,0,0.9952867
55000900095919,2021-02-17,1,0,0.9952867
55000900095919,2021-02-18,1,0,0.9952867
55000900095919,2021-02-19,1,0,0.9952867
55000900095919,2021-02-20,1,0,0.9952867
55000900095919,2021-02-21,1,0,0.9952867
55000900095919,2021-02-22,1,0,0.9952867
55000900095919,2021-02-23,1,0,0.9952867
55000900095919,2021-02-24,1,0,0.9952867
55000900095919,2021-02-25,1,0,0.9952867
55000900095919,2021-02-26,1,0,0.9952867
55000900095919,2021-02-27,1,0,0.9952867
55000900095919,2021-02-28,1,0,0.9952867
55000900095919,2021-03-01,1,0,0.9952867
55000900095919,2021-03-02,1,0,0.9952867
55000900095919,2021-03-03,1,0,0.9952867
55000900095919,2021-03-04,1,0,0.9952867
55000900095919,2021-03-05,1,0,0.9952867
55000900095919,2021-03-06,1,0,0.9952867
55000900095919,2021-03-07,1,0,0.9952867
55000900095919,2021-03-08,1,0,0.9952867
55000900095919,2021-03-09,1,0,0.9952867
55000900095919,2021-03-10,1,0,0.9952867
55000900095919,2021-03-11,1,0,0.9952867
55000900095919,2021-03-12,1,0,0.9952867
55000900095919,2021-03-13,1,0,0.9952867
55000900095919,2021-03-15,1,0,0.9952867
55000900095919,2021-03-16,1,0,0.9952867
55000900095919,2021-03-17,1,0,0.9952867
55000900095919,2021-03-18,1,0,0.9952867
55000900095919,2021-03-19,1,0,0.9952867
55000900095919,2021-03-20,1,0,0.9952867
55000900095919,2021-03-21,1,0,0.9952867
55000900095919,2021-03-22,1,0,0.9952867
55000900095919,2021-03-23,1,0,0.9952867
55000900095919,2021-03-24,1,0,0.9952867
55000900095919,2021-03-25,1,0,0.9952867
55000900095919,2021-03-26,1,0,0.9952867
55000900095919,2021-03-27,1,0,0.9952867
55000900095919,2021-03-28,1,0,0.9952867
55000900095919,2021-03-29,1,0,0.9952867
55000900095919,2021-03-30,1,0,0.9952867
55000900095919,2021-03-31,1,0,0.9952867
55000900095919,2021-04-01,1,0,0.9952867
55000900095919,2021-04-02,1,0,0.9952867
55000900095919,2021-04-03,1,0,0.9952867
55000900095919,2021-04-04,1,0,0.9952867
55000900095919,2021-04-05,1,0,0.9952867
55000900095919,2021-04-06,1,0,0.9952867
55000900095919,2021-04-07,1,0,0.9952867
55000900095919,2021-04-08,1,0,0.9952867
55000900095919,2021-04-09,1,0,0.9952867
55000900095919,2021-04-10,1,0,0.9952867
55000900095919,2021-04-11,1,0,0.9952867
55000900095919,2021-04-12,1,0,0.9952867
55000900095919,2021-04-13,1,0,0.9952867
55000900095919,2021-04-14,1,0,0.9952867
55000900095919,2021-04-15,1,0,0.9952867
55000900095919,2021-04-16,1,0,0.9952867
55000900095919,2021-04-17,1,0,0.9952867
55000900095919,2021-04-18,1,0,0.9952867
55000900095919,2021-04-19,1,0,0.9952867
55000900095919,2021-04-20,1,0,0.9952867
55000900095919,2021-04-21,1,0,0.9952867
55000900095919,2021-04-22,1,0,0.9952867
55000900095919,2021-04-23,1,0,0.9952867
55000900095919,2021-04-24,1,0,0.9952867
55000900095919,2021-04-25,1,0,0.9952867
55000900095919,2021-04-26,1,0,0.9952867
55000900095919,2021-04-27,1,0,0.9952867
55000900095919,2021-04-28,1,0,0.9952867
55000900095919,2021-04-29,1,0,0.9952867
55000900095919,2021-04-30,1,0,0.9952867
55000900095919,2021-05-01,1,0,0.9952867
55000900095919,2021-05-02,1,0,0.9952867
55000900095919,2021-05-03,1,0,0.9952867
55000900095919,2021-05-04,1,0,0.9952867
55000900095919,2021-05-05,1,0,0.9952867
55000900095919,2021-05-06,1,0,0.9952867
55000900095919,2021-05-07,1,0,0.9952867
55000900095919,2021-05-08,1,0,0.9952867
55000900095919,2021-05-09,1,0,0.9952867
55000900095919,2021-05-10,1,0,0.9952867
55000900095919,2021-05-11,1,0,0.9952867
55000900095919,2021-05-12,1,0,0.9952867
55000900095919,2021-05-13,1,0,0.9952867
55000900095919,2021-05-14,1,0,0.9952867
55000900095919,2021-05-15,1,0,0.9952867
55000900095919,2021-05-16,1,0,0.9952867
55000900095919,2021-05-17,1,0,0.9952867
55000900095919,2021-05-18,1,0,0.9952867
55000900095919,2021-05-19,1,0,0.9952867
55000900095919,2021-05-20,1,0,0.9952867
55000900095919,2021-05-21,1,0,0.9952867
55000900095919,2021-05-22,1,0,0.9952867
55000900095919,2021-05-23,1,0,0.9952867
55000900095919,2021-05-24,1,0,0.9952867
55000900095919,2021-05-26,1,0,0.9952867
55000900095919,2021-05-27,1,0,0.9952867
55000900095919,2021-05-28,1,0,0.9952867
55000900095919,2021-05-29,1,0,0.9952867
55000900095919,2021-05-30,1,0,0.9952867
55000900095919,2021-05-31,1,0,0.9952867
55000900095919,2021-06-01,1,0,0.9952867
55000900095919,2021-06-02,1,0,0.9952867
55000900095919,2021-06-03,1,0,0.9952867
55000900095919,2021-06-04,1,0,0.9952867
55000900095919,2021-06-05,1,0,0.9952867
55000900095919,2021-06-06,1,0,0.9952867
55000900095919,2021-06-07,1,0,0.9952867
55000900095919,2021-06-08,1,0,0.9952867
55000900095919,2021-06-09,1,0,0.9952867
55000900095919,2021-06-10,1,0,0.9952867
55000900095919,2021-06-11,1,0,0.9952867
55000900095919,2021-06-12,1,0,0.9952867
55000900095919,2021-06-13,1,0,0.9952867
55000900095919,2021-06-14,1,0,0.9952867
55000900095919,2021-06-15,1,0,0.9952867
55000900095919,2021-06-16,1,0,0.9952867
55000900095919,2021-06-17,1,0,0.9952867
55000900095919,2021-06-18,1,0,0.9952867
55000900095919,2021-06-19,1,0,0.9952867
55000900095919,2021-06-20,1,0,0.9952867
55000900095919,2021-06-21,1,0,0.9952867
55000900095919,2021-06-22,1,0,0.9952867
55000900095919,2021-06-23,1,0,0.9952867
55000900095919,2021-06-24,1,0,0.9952867
55000900095919,2021-06-25,1,0,0.9952867
55000900095919,2021-06-26,1,0,0.9952867
55000900095919,2021-06-27,1,0,0.9952867
55000900095919,2021-06-28,1,0,0.9952867
55000900095919,2021-06-29,1,0,0.9952867
55000900095919,2021-06-30,1,0,0.9952867
55000900095919,2021-07-01,1,0,0.9952867
55000900095919,2021-07-02,1,0,0.9952867
55000900095919,2021-07-03,1,0,0.9952867
55000900095919,2021-07-04,1,0,0.9952867
55000900095919,2021-07-05,1,0,0.9952867
55000900095919,2021-07-06,1,0,0.9952867
55000900095919,2021-07-07,1,0,0.9952867
55000900095919,2021-07-08,1,0,0.9952867
55000900095919,2021-07-09,1,0,0.9952867
55000900095919,2021-07-10,1,0,0.9952867
55000900095919,2021-07-11,1,0,0.9952867
55000900095919,2021-07-12,1,0,0.9952867
55000900095919,2021-07-13,1,0,0.9952867
55000900095919,2021-07-14,1,0,0.9952867
55000900095919,2021-07-15,1,0,0.9952867
55000900095919,2021-07-16,1,0,0.9952867
55000900095919,2021-07-17,1,0,0.9952867
55000900095919,2021-07-18,1,0,0.9952867
55000900095919,2021-07-19,1,0,0.9952867
55000900095919,2021-07-20,1,0,0.9952867
55000900095919,2021-07-21,1,0,0.9952867
55000900095919,2021-07-22,1,0,0.9952867
55000900095919,2021-07-23,1,0,0.9952867
55000900095919,2021-07-24,1,0,0.9952867
55000900095919,2021-07-25,1,0,0.9952867
55000900095919,2021-07-26,1,0,0.9952867
55000900095919,2021-07-27,1,0,0.9952867
55000900095919,2021-07-28,1,0,0.9952867
55000900095919,2021-07-29,1,0,0.9952867
55000900095919,2021-07-30,1,0,0.9952867
55000900095919,2021-07-31,1,0,0.9952867
55000900095919,2021-08-01,1,0,0.9952867
55000900095919,2021-08-02,1,0,0.9952867
55000900095919,2021-08-03,1,0,0.9952867
55000900095919,2021-08-04,1,0,0.9952867
55000900095919,2021-08-05,1,0,0.9952867
55000900095919,2021-08-06,1,0,0.9952867
55000900095919,2021-08-07,1,0,0.9952867
55000900095919,2021-08-08,0,0,0.9952867
55000900095919,2021-08-09,0,0,0.9952867
55000900095919,2021-08-10,0,0,0.9952867
55000900095919,2021-08-11,0,0,0.32164615
55000900095919,2021-08-12,0,0,0.18039885
55000900095919,2021-08-13,0,0,0.17656824
55000900095919,2021-08-14,0,0,0.14601041
55000900095919,2021-08-15,0,0,0.13889743
55000900095919,2021-08-16,0,0,0.13537997
55000900095919,2021-08-17,0,0,0.13170949
55000900095919,2021-08-19,0,0,0.12809914
55000900095919,2021-08-20,0,0,0.12454953
55000900095919,2021-08-21,0,0,0.12112152
55000900095919,2021-08-22,0,0,0.11785821
55000900095919,2021-08-23,0,0,0.114777476
55000900095919,2021-08-24,0,0,0.11188964
55000900095919,2021-08-25,0,0,0.10919459
55000900095919,2021-08-26,0,0,0.10669086
55000900095919,2021-08-27,0,0,0.1043713
55000900095919,2021-08-28,0,0,0.10222488
55000900095919,2021-08-29,0,0,0.10024672
55000900095919,2021-08-30,0,0,0.0984256
55000900095919,2021-08-31,0,0,0.09675256
55000900095919,2021-09-01,0,0,0.09521975
55000900095919,2021-09-02,0,0,0.09381277
55000900095919,2021-09-03,0,0,0.09253161
55000900095919,2021-09-04,0,0,0.091357775
55000900095919,2021-09-05,0,0,0.09029794
55000900095919,2021-09-06,0,0,0.08936498
55000900095919,2021-09-07,0,0,0.0886579
55000900095919,2021-09-08,0,0,0.08873868
55000900095919,2021-09-09,0,0,0.093649365
55000900095919,2021-09-10,0,0,0.11125989
55000900095919,2021-09-11,0,0,0.11125989
55000900095919,2021-09-12,0,0,0.11125989
55000900095919,2021-09-13,0,0,0.11125989
55000900095919,2021-09-14,0,0,0.11125989
55000900095919,2021-09-15,0,0,0.11125989
55000900095919,2021-09-16,0,0,0.11125989
55000900095919,2021-09-17,0,0,0.11125989
55000900095919,2021-09-18,1,0,0.11125989
55000900095919,2021-09-19,1,0,0.11125989
55000900095919,2021-09-20,1,0,0.11125989
55000900095919,2021-09-21,1,0,0.5806418
55000900095919,2021-09-22,1,0,0.61083686
55000900095919,2021-09-23,1,0,0.76942647
55000900095919,2021-09-24,1,0,0.822078
55000900095919,2021-09-25,1,0,0.84536064
55000900095919,2021-09-26,1,0,0.8671046
55000900095919,2021-09-27,1,0,0.88256127
55000900095919,2021-09-28,1,0,0.88869077
55000900095919,2021-09-29,1,0,0.8917653
55000900095919,2021-09-30,1,0,0.89384884
55000900095919,2021-10-01,1,0,0.8961291
55000900095919,2021-10-02,1,0,0.8998796
55000900095919,2021-10-03,1,0,0.90920085
55000900095919,2021-10-04,1,0,0.93304455
55000900095919,2021-10-05,1,0,0.96221745
55000900095919,2021-10-06,1,0,0.98138165
55000900095919,2021-10-07,1,0,0.987649
55000900095919,2021-10-08,1,0,0.98859006
55000900095919,2021-10-09,1,0,0.98877525
55000900095919,2021-10-10,1,0,0.9889291
55000900095919,2021-10-11,1,0,0.98905575
55000900095919,2021-10-12,1,0,0.9891851
55000900095919,2021-10-13,1,0,0.98930013
55000900095919,2021-10-14,1,0,0.98943824
55000900095919,2021-10-15,1,0,0.9890486
55000900095919,2021-10-16,1,0,0.9879629
55000900095919,2021-10-17,1,0,0.98486286
55000900095919,2021-10-18,1,0,0.97858846
55000900095919,2021-10-19,1,0,0.98533475
55000900095919,2021-10-20,1,0,0.9952867
55000900095919,2021-10-21,1,0,0.9952867
55000900095919,2021-10-22,1,0,0.9952867
55000900095919,2021-10-23,1,0,0.9952867
55000900095919,2021-10-24,1,0,0.9952867
55000900095919,2021-10-25,1,0,0.9952867
55000900095919,2021-10-26,1,0,0.9952867
55000900095919,2021-10-27,1,0,0.9952867
55000900095919,2021-10-28,1,0,0.9952867
55000900095919,2021-10-29,1,0,0.9952867
55000900095919,2021-10-30,1,0,0.9952867
55000900095919,2021-10-31,1,0,0.9952867
55000900095919,2021-11-01,1,0,0.9952867
55000900095919,2021-11-02,1,0,0.9952867
55000900095919,2021-11-03,1,0,0.9952867
55000900095919,2021-11-04,1,0,0.9952867
55000900095919,2021-11-05,1,0,0.9952867
55000900095919,2021-11-06,1,0,0.9952867
55000900095919,2021-11-07,1,0,0.9952867
55000900095919,2021-11-08,1,0,0.9952867
55000900095919,2021-11-09,1,0,0.9952867
55000900095919,2021-11-10,1,0,0.9952867
55000900095919,2021-11-11,1,0,0.9952867
55000900095919,2021-11-12,1,0,0.9952867
55000900095919,2021-11-13,1,0,0.9952867
55000900095919,2021-11-14,1,0,0.9952867
55000900095919,2021-11-15,1,0,0.9952867
55000900095919,2021-11-16,1,0,0.9952867
55000900095919,2021-11-17,1,0,0.9952867
55000900095919,2021-11-18,1,0,0.9952867
55000900095919,2021-11-19,1,0,0.9952867
55000900095919,2021-11-20,1,0,0.9952867
55000900095919,2021-11-21,1,0,0.9952867
55000900095919,2021-11-22,1,0,0.9952867
55000900095919,2021-11-23,1,0,0.9952867
55000900095919,2021-11-24,1,0,0.9952867
55000900095919,2021-11-25,1,0,0.9952867
55000900095919,2021-11-26,1,0,0.9952867
55000900095919,2021-11-27,1,0,0.9952867
55000900095919,2021-11-28,1,0,0.9952867
55000900095919,2021-11-29,1,0,0.9952867
55000900095919,2021-11-30,1,0,0.9952867
55000900095919,2021-12-01,1,0,0.9952867
55000900095919,2021-12-02,1,0,0.9952867
55000900095919,2021-12-03,1,0,0.9952867
55000900095919,2021-12-04,1,0,0.9952867
55000900095919,2021-12-05,1,0,0.9952867
55000900095919,2021-12-06,1,0,0.9952867
55000900095919,2021-12-07,1,0,0.9952867
55000900095919,2021-12-08,1,0,0.9952867
55000900095919,2021-12-09,1,0,0.9952867
55000900095919,2021-12-10,1,0,0.9952867
55000900095919,2021-12-11,1,0,0.9952867
55000900095919,2021-12-12,1,0,0.9952867
55000900095919,2021-12-13,1,0,0.9952867
55000900095919,2021-12-14,1,0,0.9952867
55000900095919,2021-12-15,1,0,0.9952867
55000900095919,2021-12-16,1,0,0.9952867
55000900095919,2021-12-17,1,0,0.9952867
55000900095919,2021-12-18,1,0,0.9952867
55000900095919,2021-12-19,1,0,0.9952867
55000900095919,2021-12-20,1,0,0.9952867
55000900095919,2021-12-21,1,0,0.9952867
55000900095919,2021-12-22,1,0,0.9952867
55000900095919,2021-12-23,1,0,0.9952867
55000900095919,2021-12-24,1,0,0.9952867
55000900095919,2021-12-25,1,0,0.9952867
55000900095919,2021-12-26,1,0,0.9952867
55000900095919,2021-12-27,1,0,0.9952867
55000900095919,2021-12-28,1,0,0.9952867
55000900095919,2021-12-29,1,0,0.9952867
55000900095919,2021-12-30,1,0,0.9952867
55000900095919,2021-12-31,1,0,0.9952867
55000900095919,2022-01-01,1,0,0.9952867
55000900095919,2022-01-02,1,0,0.9952867
55000900095919,2022-01-03,1,0,0.9952867
55000900095919,2022-01-04,1,0,0.9952867
55000900095919,2022-01-05,1,0,0.9952867
55000900095919,2022-01-06,1,0,0.9952867
55000900095919,2022-01-07,1,0,0.9952867
55000900095919,2022-01-08,1,0,0.9952867
55000900095919,2022-01-09,1,0,0.9952867
55000900095919,2022-01-10,1,0,0.9952867
55000900095919,2022-01-11,1,0,0.9952867
55000900095919,2022-01-12,1,0,0.9952867
55000900095919,2022-01-13,1,0,0.9952867
55000900095919,2022-01-14,1,0,0.9952867
55000900095919,2022-01-15,1,0,0.9952867
55000900095919,2022-01-16,1,0,0.9952867
55000900095919,2022-01-17,1,0,0.9952867
55000900095919,2022-01-18,1,0,0.9952867
55000900095919,2022-01-19,1,0,0.9952867
55000900095919,2022-01-20,1,0,0.9952867
55000900095919,2022-01-21,1,0,0.9952867
55000900095919,2022-01-22,1,0,0.9952867
55000900095919,2022-01-23,1,0,0.9952867
55000900095919,2022-01-24,1,0,0.9952867
55000900095919,2022-01-25,1,0,0.9952867
55000900095919,2022-01-26,1,0,0.9952867
55000900095919,2022-01-27,1,0,0.9952867
55000900095919,2022-01-28,1,0,0.9952867
55000900095919,2022-01-29,1,0,0.9952867
55000900095919,2022-01-30,1,0,0.9952867
55000900095919,2022-01-31,1,0,0.9952867
55000900095919,2022-02-01,1,0,0.9952867
55000900095919,2022-02-02,1,0,0.9952867
55000900095919,2022-02-03,1,0,0.9952867
55000900095919,2022-02-04,1,0,0.9952867
55000900095919,2022-02-05,1,0,0.9952867
55000900095919,2022-02-06,1,0,0.9952867
55000900095919,2022-02-07,1,0,0.9952867
55000900095919,2022-02-08,1,0,0.9952867
55000900095919,2022-02-09,1,0,0.9952867
55000900095919,2022-02-10,1,0,0.9952867
55000900095919,2022-02-11,1,0,0.9952867
55000900095919,2022-02-12,1,0,0.9952867
55000900095919,2022-02-13,1,0,0.9952867
55000900095919,2022-02-14,1,0,0.9952867
55000900095919,2022-02-15,1,0,0.9952867
55000900095919,2022-02-16,1,0,0.9952867
55000900095919,2022-02-17,1,0,0.9952867
55000900095919,2022-02-18,1,0,0.9952867
55000900095919,2022-02-19,1,0,0.9952867
55000900095919,2022-02-20,1,0,0.9952867
55000900095919,2022-02-21,1,0,0.9952867
55000900095919,2022-02-22,1,0,0.9952867
55000900095919,2022-02-23,1,0,0.9952867
55000900095919,2022-02-24,1,0,0.9952867
55000900095919,2022-02-25,1,0,0.9952867
55000900095919,2022-02-26,1,0,0.9952867
55000900095919,2022-02-27,1,0,0.9952867
55000900095919,2022-02-28,1,0,0.9952867
55000900095919,2022-03-01,1,0,0.9952867
55000900095919,2022-03-02,1,0,0.9952867
55000900095919,2022-03-03,1,0,0.9952867
55000900095919,2022-03-04,1,0,0.9952867
55000900095919,2022-03-05,1,0,0.9952867
55000900095919,2022-03-06,1,0,0.9952867
55000900095919,2022-03-07,1,0,0.9952867
55000900095919,2022-03-08,1,0,0.9952867
55000900095919,2022-03-09,1,0,0.9952867
55000900095919,2022-03-10,1,0,0.9952867
55000900095919,2022-03-11,1,0,0.9952867
55000900095919,2022-03-12,1,0,0.9952867
55000900095919,2022-03-14,1,0,0.9952867
55000900095919,2022-03-15,1,0,0.9952867
55000900095919,2022-03-16,1,0,0.9952867
55000900095919,2022-03-17,1,0,0.9952867
55000900095919,2022-03-18,1,0,0.9952867
55000900095919,2022-03-19,1,0,0.9952867
55000900095919,2022-03-20,1,0,0.9952867
55000900095919,2022-03-21,1,0,0.9952867
55000900095919,2022-03-22,1,0,0.9952867
55000900095919,2022-03-23,1,0,0.9952867
55000900095919,2022-03-24,1,0,0.9952867
55000900095919,2022-03-25,1,0,0.9952867
55000900095919,2022-03-26,1,0,0.9952867
55000900095919,2022-03-27,1,0,0.9952867
55000900095919,2022-03-28,1,0,0.9952867
55000900095919,2022-03-29,1,0,0.9952867
55000900095919,2022-03-30,1,0,0.9952867
55000900095919,2022-03-31,1,0,0.9952867
55000900095919,2022-04-01,1,0,0.9952867
55000900095919,2022-04-02,1,0,0.9952867
55000900095919,2022-04-03,1,0,0.9952867
55000900095919,2022-04-04,1,0,0.9952867
55000900095919,2022-04-05,1,0,0.9952867
55000900095919,2022-04-06,1,0,0.9952867
55000900095919,2022-04-07,1,0,0.9952867
55000900095919,2022-04-08,1,0,0.9952867
55000900095919,2022-04-09,1,0,0.9952867
55000900095919,2022-04-10,1,0,0.9952867
55000900095919,2022-04-11,1,0,0.9952867
55000900095919,2022-04-12,1,0,0.9952867
55000900095919,2022-04-13,1,0,0.9952867
55000900095919,2022-04-14,1,0,0.9952867
55000900095919,2022-04-15,1,0,0.9952867
55000900095919,2022-04-16,1,0,0.9952867
55000900095919,2022-04-17,1,0,0.9952867
55000900095919,2022-04-18,1,0,0.9952867
55000900095919,2022-04-19,1,0,0.9952867
55000900095919,2022-04-20,1,0,0.9952867
55000900095919,2022-04-21,1,0,0.9952867
55000900095919,2022-04-22,1,0,0.9952867
55000900095919,2022-04-23,1,0,0.9952867
55000900095919,2022-04-24,1,0,0.9952867
55000900095919,2022-04-25,1,0,0.9952867
55000900095919,2022-04-26,1,0,0.9952867
55000900095919,2022-04-27,1,0,0.9952867
55000900095919,2022-04-28,1,0,0.9952867
55000900095919,2022-04-29,1,0,0.9952867
55000900095919,2022-04-30,1,0,0.9952867
55000900095919,2022-05-01,1,0,0.9952867
55000900095919,2022-05-02,1,0,0.9952867
55000900095919,2022-05-03,1,0,0.9952867
55000900095919,2022-05-04,1,0,0.9952867
55000900095919,2022-05-05,1,0,0.9952867
55000900095919,2022-05-06,1,0,0.9952867
55000900095919,2022-05-07,1,0,0.9952867
55000900095919,2022-05-08,1,0,0.9952867
55000900095919,2022-05-09,1,0,0.9952867
55000900095919,2022-05-10,1,0,0.9952867
55000900095919,2022-05-11,1,0,0.9952867
55000900095919,2022-05-12,1,0,0.9952867
55000900095919,2022-05-13,1,0,0.9952867
55000900095919,2022-05-14,1,0,0.9952867
55000900095919,2022-05-15,1,0,0.9952867
55000900095919,2022-05-16,1,0,0.9952867
55000900095919,2022-05-17,1,0,0.9952867
55000900095919,2022-05-18,1,0,0.9952867
55000900095919,2022-05-19,1,0,0.9952867
55000900095919,2022-05-20,1,0,0.9952867
55000900095919,2022-05-21,1,0,0.9952867
55000900095919,2022-05-22,1,0,0.9952867
55000900095919,2022-05-23,1,0,0.9952867
55000900095919,2022-05-24,1,0,0.9952867
55000900095919,2022-05-25,1,0,0.9952867
55000900095919,2022-05-26,1,0,0.9952867
55000900095919,2022-05-27,1,0,0.9952867
55000900095919,2022-05-28,1,0,0.9952867
55000900095919,2022-05-29,1,0,0.9952867
55000900095919,2022-05-30,1,0,0.9952867
55000900095919,2022-05-31,1,0,0.9952867
55000900095919,2022-06-01,1,0,0.9952867
55000900095919,2022-06-02,1,0,0.9952867
55000900095919,2022-06-03,1,0,0.9952867
55000900095919,2022-06-04,1,0,0.9952867
55000900095919,2022-06-05,1,0,0.9952867
55000900095919,2022-06-06,1,0,0.9952867
55000900095919,2022-06-07,1,0,0.9952867
55000900095919,2022-06-08,1,0,0.9952867
55000900095919,2022-06-09,1,0,0.9952867
55000900095919,2022-06-10,1,0,0.9952867
55000900095919,2022-06-11,1,0,0.9952867
55000900095919,2022-06-12,1,0,0.9952867
55000900095919,2022-06-13,1,0,0.9952867
55000900095919,2022-06-14,1,0,0.9952867
55000900095919,2022-06-15,1,0,0.9952867
55000900095919,2022-06-16,1,0,0.9952867
55000900095919,2022-06-17,1,0,0.9952867
55000900095919,2022-06-18,1,0,0.9952867
55000900095919,2022-06-19,1,0,0.9952867
55000900095919,2022-06-20,1,0,0.9952867
55000900095919,2022-06-21,1,0,0.9952867
55000900095919,2022-06-22,1,0,0.9952867
55000900095919,2022-06-23,1,0,0.9952867
55000900095919,2022-06-24,1,0,0.9952867
55000900095919,2022-06-25,1,0,0.9952867
55000900095919,2022-06-26,1,0,0.9952867
55000900095919,2022-06-27,1,0,0.9952867
55000900095919,2022-06-28,1,0,0.9952867
55000900095919,2022-06-29,1,0,0.9952867
55000900095919,2022-06-30,1,0,0.9952867
55000900095919,2022-07-01,1,0,0.9952867
55000900095919,2022-07-02,1,0,0.9952867
55000900095919,2022-07-03,1,0,0.9952867
55000900095919,2022-07-04,1,0,0.9952867
55000900095919,2022-07-05,1,0,0.9952867
55000900095919,2022-07-06,1,0,0.9952867
55000900095919,2022-07-07,1,0,0.9952867
55000900095919,2022-07-08,1,0,0.9952867
55000900095919,2022-07-09,1,0,0.9952867
55000900095919,2022-07-10,1,0,0.9952867
55000900095919,2022-07-11,1,0,0.9952867
55000900095919,2022-07-12,1,0,0.9952867
55000900095919,2022-07-13,1,0,0.9952867
55000900095919,2022-07-14,1,0,0.9952867
55000900095919,2022-07-15,1,0,0.9952867
55000900095919,2022-07-16,1,0,0.9952867
55000900095919,2022-07-17,1,0,0.9952867
55000900095919,2022-07-18,1,0,0.9952867
55000900095919,2022-07-19,1,0,0.9952867
55000900095919,2022-07-20,1,0,0.9952867
55000900095919,2022-07-21,1,0,0.9952867
55000900095919,2022-07-22,1,0,0.9952867
55000900095919,2022-07-23,1,0,0.9952867
55000900095919,2022-07-24,1,0,0.9952867
55000900095919,2022-07-25,1,0,0.9952867
55000900095919,2022-07-26,1,0,0.9952867
55000900095919,2022-07-27,1,0,0.9952867
55000900095919,2022-07-28,1,0,0.9952867
55000900095919,2022-07-29,1,0,0.9952867
55000900095919,2022-07-30,1,0,0.9952867
55000900095919,2022-07-31,1,0,0.9952867
55000900095919,2022-08-01,1,0,0.9952867
55000900095919,2022-08-02,1,0,0.9952867
55000900095919,2022-08-03,1,0,0.9952867
55000900095919,2022-08-04,1,0,0.9952867
55000900095919,2022-08-05,1,0,0.9952867
55000900095919,2022-08-06,1,0,0.9952867
55000900095919,2022-08-07,1,0,0.9952867
55000900095919,2022-08-08,1,0,0.9952867
55000900095919,2022-08-09,1,0,0.9952867
55000900095919,2022-08-10,1,0,0.9952867
55000900095919,2022-08-11,1,0,0.9952867
55000900095919,2022-08-12,1,0,0.9952867
55000900095919,2022-08-13,1,0,0.9952867
55000900095919,2022-08-14,1,0,0.9952867
55000900095919,2022-08-15,1,0,0.9952867
55000900095919,2022-08-16,1,0,0.9952867
55000900095919,2022-08-17,1,0,0.9952867
55000900095919,2022-08-18,1,0,0.9952867
55000900095919,2022-08-19,1,0,0.9952867
55000900095919,2022-08-20,1,0,0.9952867
55000900095919,2022-08-21,1,0,0.9952867
55000900095919,2022-08-22,1,0,0.9952867
55000900095919,2022-08-23,1,0,0.9952867
55000900095919,2022-08-24,1,0,0.9952867
55000900095919,2022-08-25,1,0,0.9952867
55000900095919,2022-08-26,1,0,0.9952867
55000900095919,2022-08-27,1,0,0.9952867
55000900095919,2022-08-28,1,0,0.9952867
55000900095919,2022-08-29,1,0,0.9952867
55000900095919,2022-08-30,1,0,0.9952867
55000900095919,2022-08-31,1,0,0.9952867
55000900095919,2022-09-01,1,0,0.9952867
55000900095919,2022-09-02,1,0,0.9952867
55000900095919,2022-09-03,1,0,0.9952867
55000900095919,2022-09-04,1,0,0.9952867
55000900095919,2022-09-05,1,0,0.9952867
55000900095919,2022-09-06,1,0,0.9952867
55000900095919,2022-09-07,1,0,0.9952867
55000900095919,2022-09-08,1,0,0.9952867
55000900095919,2022-09-09,1,0,0.9952867
55000900095919,2022-09-10,1,0,0.9952867
55000900095919,2022-09-11,1,0,0.9952867
55000900095919,2022-09-12,1,0,0.9952867
55000900095919,2022-09-13,1,0,0.9952867
55000900095919,2022-09-14,1,0,0.9952867
55000900095919,2022-09-15,1,0,0.9952867
55000900095919,2022-09-16,1,0,0.9952867
55000900095919,2022-09-17,1,0,0.9952867
55000900095919,2022-09-18,1,0,0.9952867
55000900095919,2022-09-19,1,0,0.9952867
55000900095919,2022-09-20,1,0,0.9952867
55000900095919,2022-09-21,1,0,0.9952867
55000900095919,2022-09-22,1,0,0.9952867
55000900095919,2022-09-23,1,0,0.9952867
55000900095919,2022-09-24,1,0,0.9952867
55000900095919,2022-09-25,1,0,0.9952867
55000900095919,2022-09-26,1,0,0.9952867
55000900095919,2022-09-27,1,0,0.9952867
55000900095919,2022-09-28,1,0,0.9952867
55000900095919,2022-09-29,1,0,0.9952867
55000900095919,2022-09-30,1,0,0.9952867
55000900095919,2022-10-01,1,0,0.9952867
55000900095919,2022-10-02,1,0,0.9952867
55000900095919,2022-10-03,1,0,0.9952867
55000900095919,2022-10-04,1,0,0.9952867
55000900095919,2022-10-05,1,0,0.9952867
55000900095919,2022-10-06,1,0,0.9952867
55000900095919,2022-10-07,1,0,0.9952867
55000900095919,2022-10-08,1,0,0.9952867
55000900095919,2022-10-09,1,0,0.9952867
55000900095919,2022-10-10,1,0,0.9952867
55000900095919,2022-10-11,1,0,0.9952867
55000900095919,2022-10-12,1,0,0.9952867
55000900095919,2022-10-13,1,0,0.9952867
55000900095919,2022-10-14,1,0,0.9952867
55000900095919,2022-10-15,1,0,0.9952867
55000900095919,2022-10-16,1,0,0.9952867
55000900095919,2022-10-17,1,0,0.9952867
55000900095919,2022-10-18,1,0,0.9952867
55000900095919,2022-10-19,1,0,0.9952867
55000900095919,2022-10-20,1,0,0.9952867
55000900095919,2022-10-21,1,0,0.9952867
55000900095919,2022-10-22,1,0,0.9952867
55000900095919,2022-10-23,1,0,0.9952867
55000900095919,2022-10-24,1,0,0.9952867
55000900095919,2022-10-25,1,0,0.9952867
55000900095919,2022-10-26,1,0,0.9952867
55000900095919,2022-10-27,1,0,0.9952867
55000900095919,2022-10-28,1,0,0.9952867
55000900095919,2022-10-29,1,0,0.9952867
55000900095919,2022-10-30,1,0,0.9952867
55000900095919,2022-10-31,1,0,0.9952867
55000900095919,2022-11-01,1,0,0.9952867
55000900095919,2022-11-02,1,0,0.9952867
55000900095919,2022-11-03,1,0,0.9952867
55000900095919,2022-11-04,1,0,0.9952867
55000900095919,2022-11-05,1,0,0.9952867
55000900095919,2022-11-06,1,0,0.9952867
55000900095919,2022-11-07,1,0,0.9952867
55000900095919,2022-11-08,1,0,0.9952867
55000900095919,2022-11-09,1,0,0.9952867
55000900095919,2022-11-10,1,0,0.9952867
55000900095919,2022-11-11,1,0,0.9952867
55000900095919,2022-11-12,1,0,0.9952867
55000900095919,2022-11-13,1,0,0.9952867
55000900095919,2022-11-14,1,0,0.9952867
55000900095919,2022-11-15,1,0,0.9952867
55000900095919,2022-11-16,1,0,0.9952867
55000900095919,2022-11-17,1,0,0.9952867
55000900095919,2022-11-18,1,0,0.9952867
55000900095919,2022-11-19,1,0,0.9952867
55000900095919,2022-11-20,1,0,0.9952867
55000900095919,2022-11-21,1,0,0.9952867
55000900095919,2022-11-22,1,0,0.9952867
55000900095919,2022-11-23,1,0,0.9952867
55000900095919,2022-11-24,1,0,0.9952867
55000900095919,2022-11-25,1,0,0.9952867
55000900095919,2022-11-26,1,0,0.9952867
55000900095919,2022-11-27,1,0,0.9952867
55000900095919,2022-11-28,1,0,0.9952867
55000900095919,2022-11-29,1,0,0.9952867
55000900095919,2022-11-30,1,0,0.9952867
55000900095919,2022-12-01,1,0,0.9952867
55000900095919,2022-12-02,1,0,0.9952867
55000900095919,2022-12-03,1,0,0.9952867
55000900095919,2022-12-04,1,0,0.9952867
55000900095919,2022-12-05,1,0,0.9952867
55000900095919,2022-12-06,1,0,0.9952867
55000900095919,2022-12-07,1,0,0.9952867
55000900095919,2022-12-08,1,0,0.9952867
55000900095919,2022-12-09,1,0,0.9952867
55000900095919,2022-12-10,1,0,0.9952867
55000900095919,2022-12-11,1,0,0.9952867
55000900095919,2022-12-12,1,0,0.9952867
55000900095919,2022-12-13,1,0,0.9952867
55000900095919,2022-12-14,1,0,0.9952867
55000900095919,2022-12-15,1,0,0.9952867
55000900095919,2022-12-16,1,0,0.9952867
55000900095919,2022-12-17,1,0,0.9952867
55000900095919,2022-12-18,1,0,0.9952867
55000900095919,2022-12-19,1,0,0.9952867
55000900095919,2022-12-20,1,0,0.9952867
55000900095919,2022-12-21,1,0,0.9952867
55000900095919,2022-12-22,1,0,0.9952867
55000900095919,2022-12-23,1,0,0.9952867
55000900095919,2022-12-24,1,0,0.9952867
55000900095919,2022-12-25,1,0,0.9952867
55000900095919,2022-12-26,1,0,0.9952867
55000900095919,2022-12-27,1,0,0.9952867
55000900095919,2022-12-28,1,0,0.9952867
55000900095919,2022-12-29,1,0,0.9952867
55000900095919,2022-12-30,1,0,0.9952867
55000900095919,2022-12-31,1,0,0.9952867
55000900095919,2023-01-01,1,0,0.9952867
55000900095919,2023-01-02,1,0,0.9952867
55000900095919,2023-01-03,1,0,0.9952867
55000900095919,2023-01-04,1,0,0.9952867
55000900095919,2023-01-05,1,0,0.9952867
55000900095919,2023-01-06,1,0,0.9952867
55000900095919,2023-01-07,1,0,0.9952867
55000900095919,2023-01-08,1,0,0.9952867
55000900095919,2023-01-09,1,0,0.9952867
55000900095919,2023-01-10,1,0,0.9952867
55000900095919,2023-01-11,1,0,0.9952867
55000900095919,2023-01-12,1,0,0.9952867
55000900095919,2023-01-13,1,0,0.9952867
55000900095919,2023-01-14,1,0,0.9952867
55000900095919,2023-01-15,1,0,0.9952867
55000900095919,2023-01-16,1,0,0.9952867
55000900095919,2023-01-17,1,0,0.9952867
55000900095919,2023-01-18,1,0,0.9952867
55000900095919,2023-01-19,1,0,0.9952867
55000900095919,2023-01-20,1,0,0.9952867
55000900095919,2023-01-21,1,0,0.9952867
55000900095919,2023-01-22,1,0,0.9952867
55000900096564,2020-09-11,1,1,0.9994444
55000900096564,2020-09-12,1,1,0.99837047
55000900096564,2020-09-13,1,1,0.99849176
55000900096564,2020-09-14,1,1,0.9978085
55000900096564,2020-09-15,1,1,0.9979527
55000900096564,2020-09-16,1,1,0.9957781
55000900096564,2020-09-17,1,1,0.9915275
55000900096564,2020-09-20,1,1,0.9899979
55000900096564,2020-09-21,1,1,0.9921976
55000900096564,2020-09-22,1,1,0.9953431
55000900096564,2020-09-27,1,1,0.99540085
55000900096564,2020-09-28,1,1,0.9943177
55000900096564,2020-09-29,1,1,0.9954797
55000900096564,2020-09-30,1,1,0.99459547
55000900096564,2020-10-01,1,1,0.99294996
55000900096564,2020-10-02,1,1,0.99422246
55000900096564,2020-10-03,1,1,0.9970157
55000900096564,2020-10-04,1,1,0.9981528
55000900096564,2020-10-05,1,1,0.99628204
55000900096564,2020-10-06,1,1,0.9981408
55000900096564,2020-10-07,1,1,0.99636143
55000900096564,2020-10-08,1,1,0.995426
55000900096564,2020-10-09,1,1,0.9928005
55000900096564,2020-10-11,1,1,0.9921483
55000900096564,2020-10-13,0,1,0.9894533
55000900096564,2020-10-15,1,1,0.9892342
55000900096564,2020-10-16,1,1,0.9997429
55000900096564,2020-10-17,1,1,0.9998572
55000900096564,2020-10-18,1,1,0.99591523
55000900096564,2020-10-19,1,1,0.9962023
55000900096564,2020-10-20,1,1,0.9983612
55000900096564,2020-10-22,1,1,0.9996319
55000900096564,2020-10-25,1,1,0.9995813
55000900096564,2020-10-23,1,0,0.99961865
55000900096564,2020-10-25,1,0,0.9996213
55000900097164,2020-09-11,0,1,0.07500289
55000900097164,2020-09-12,0,1,0.076772355
55000900097164,2020-09-13,0,1,0.075565785
55000900097164,2020-09-14,0,1,0.08314028
55000900097164,2020-09-15,0,1,0.09198153
55000900097164,2020-09-16,0,1,0.0846225
55000900097164,2020-09-17,0,1,0.069135986
55000900097164,2020-09-18,0,1,0.074971214
55000900097164,2020-09-19,0,1,0.07287855
55000900097164,2020-09-20,0,1,0.08035645
55000900097164,2020-09-21,0,1,0.061793376
55000900097164,2020-09-22,0,1,0.05740231
55000900097164,2020-09-23,0,1,0.06907635
55000900097164,2020-09-24,0,1,0.07604319
55000900097164,2020-09-25,0,1,0.09056389
55000900097164,2020-09-26,0,1,0.08675046
55000900097164,2020-09-27,0,1,0.06375223
55000900097164,2020-09-28,0,1,0.29373667
55000900097164,2020-09-29,0,1,0.27257597
55000900097164,2020-09-30,0,1,0.16638927
55000900097164,2020-10-01,0,1,0.12353185
55000900097164,2020-10-02,0,1,0.13749579
55000900097164,2020-10-03,0,1,0.1398974
55000900097164,2020-10-04,0,1,0.13587865
55000900097164,2020-10-05,0,1,0.14120762
55000900097164,2020-10-06,0,1,0.14316182
55000900097164,2020-10-07,0,1,0.14855269
55000900097164,2020-10-08,0,1,0.16514912
55000900097164,2020-10-09,0,1,0.16758735
55000900097164,2020-10-11,1,1,0.15764424
55000900097164,2020-10-12,1,1,0.16711341
55000900097164,2020-10-13,1,1,0.34899452
55000900097164,2020-10-14,1,1,0.77427816
55000900097164,2020-10-15,1,1,0.75065947
55000900097164,2020-10-16,1,1,0.9947431
55000900097164,2020-10-17,1,1,0.98340964
55000900097164,2020-10-18,1,1,0.98041415
55000900097164,2020-10-19,1,1,0.9267241
55000900097164,2020-10-20,1,0,0.9793968
55000900097164,2020-10-21,1,0,0.9909757
55000900097169,2020-09-11,0,1,0.00043558676
55000900097169,2020-09-12,0,1,0.00034978255
55000900097169,2020-09-13,0,1,0.0009041263
55000900097169,2020-09-14,0,1,0.0012248247
55000900097169,2020-09-15,0,1,0.000932357
55000900097169,2020-09-16,0,1,0.00070278905
55000900097169,2020-09-17,0,1,0.0003904758
55000900097169,2020-09-18,0,1,0.00034379502
55000900097169,2020-09-19,0,1,0.0003318922
55000900097169,2020-09-20,0,1,0.00035677178
55000900097169,2020-09-21,0,1,0.00037035177
55000900097169,2020-09-22,0,1,0.00038140625
55000900097169,2020-09-23,0,1,0.00033278822
55000900097169,2020-09-24,0,1,0.00037100734
55000900097169,2020-09-25,0,1,0.0003731348
55000900097169,2020-09-26,0,1,0.000390551
55000900097169,2020-09-27,0,1,0.00037279882
55000900097169,2020-09-28,0,1,0.0010187979
55000900097169,2020-09-29,0,1,0.0004747289
55000900097169,2020-09-30,0,1,0.00033948311
55000900097169,2020-10-01,0,1,0.00032400683
55000900097169,2020-10-02,0,1,0.00060296385
55000900097169,2020-10-03,0,1,0.0009968427
55000900097169,2020-10-04,0,1,0.00082681724
55000900097169,2020-10-05,0,1,0.0010710908
55000900097169,2020-10-06,0,1,0.0009275374
55000900097169,2020-10-07,0,1,0.00059153774
55000900097169,2020-10-08,0,1,0.00034584437
55000900097169,2020-10-09,0,1,0.0007957409
55000900097169,2020-10-10,1,1,0.00072764145
55000900097169,2020-10-11,1,1,0.00093829655
55000900097169,2020-10-12,1,1,0.0004966167
55000900097169,2020-10-13,1,1,0.0020555798
55000900097169,2020-10-14,1,1,0.0026200137
55000900097169,2020-10-15,1,1,0.001857684
55000900097169,2020-10-16,0,1,0.002431529
55000900097169,2020-10-17,0,1,0.00077564636
55000900097169,2020-10-18,0,1,0.000583717
55000900097169,2020-10-19,0,1,0.00063168403
55000900097169,2020-10-20,0,0,0.0011531746
55000900097169,2020-10-21,0,0,0.0019476523
55000900097170,2020-09-11,0,1,0.05985813
55000900097170,2020-09-12,0,1,0.050912503
55000900097170,2020-09-13,0,1,0.053832144
55000900097170,2020-09-14,0,1,0.045706525
55000900097170,2020-09-15,0,1,0.04318885
55000900097170,2020-09-16,0,1,0.04973925
55000900097170,2020-09-17,0,1,0.046202585
55000900097170,2020-09-18,0,1,0.043392435
55000900097170,2020-09-19,0,1,0.043912034
55000900097170,2020-09-20,0,1,0.05280509
55000900097170,2020-09-21,0,1,0.052715722
55000900097170,2020-09-22,0,1,0.05312218
55000900097170,2020-09-23,0,1,0.031965002
55000900097170,2020-09-24,0,1,0.06358883
55000900097170,2020-09-26,0,1,0.037855078
55000900097170,2020-09-27,0,1,0.047702212
55000900097170,2020-09-28,0,1,0.05133154
55000900097170,2020-09-29,0,1,0.045670632
55000900097170,2020-09-30,0,1,0.043300834
55000900097170,2020-10-01,0,1,0.03894232
55000900097170,2020-10-02,0,1,0.058187947
55000900097170,2020-10-03,0,1,0.060568653
55000900097170,2020-10-04,0,1,0.06130985
55000900097170,2020-10-05,0,1,0.053888932
55000900097170,2020-10-06,0,1,0.07763941
55000900097170,2020-10-07,0,1,0.062831916
55000900097170,2020-10-08,0,1,0.043172188
55000900097170,2020-10-09,0,1,0.07661349
55000900097170,2020-10-10,0,1,0.06933731
55000900097170,2020-10-11,0,1,0.07728859
55000900097170,2020-10-12,0,1,0.07922267
55000900097170,2020-10-13,1,1,0.66725886
55000900097170,2020-10-14,0,1,0.6930103
55000900097170,2020-10-15,0,1,0.24708201
55000900097170,2020-10-16,0,1,0.84341955
55000900097170,2020-10-17,0,1,0.839848
55000900097170,2020-10-18,0,1,0.45842388
55000900097170,2020-10-19,0,1,0.16013706
55000900097170,2020-10-20,0,1,0.34228817
55000900097170,2020-10-21,0,1,0.40690765
55000900097170,2020-10-22,0,1,0.35114
55000900097170,2020-10-23,0,1,0.2963284
55000900097170,2020-10-24,0,1,0.30481133
55000900097170,2020-10-25,1,1,0.19763203
55000900097170,2020-10-26,0,1,0.33717185
55000900097170,2020-10-27,0,0,0.25927424
55000900097170,2020-10-28,0,0,0.7336749
55000900098500,2020-09-11,1,0,0.98543674
55000900098500,2020-09-12,1,0,0.99033535
55000900098500,2020-09-13,1,0,0.9928598
55000900098500,2020-09-14,1,0,0.9916761
55000900098500,2020-09-15,1,0,0.9891522
55000900098500,2020-09-16,1,0,0.9818811
55000900098500,2020-09-17,1,0,0.9869953
55000900098500,2020-09-18,1,0,0.9782376
55000900098500,2020-09-19,1,0,0.9816104
55000900098500,2020-09-20,1,0,0.9822009
55000900098500,2020-09-21,1,0,0.98330367
55000900098500,2020-09-22,1,0,0.99057466
55000900098500,2020-09-23,1,0,0.9934407
55000900098500,2020-09-24,1,0,0.996929
55000900098500,2020-09-25,1,0,0.9967277
55000900098500,2020-09-26,1,0,0.9970156
55000900098500,2020-09-27,1,0,0.9967528
55000900098500,2020-09-28,1,0,0.999749
55000900098500,2020-09-29,1,0,0.999874
55000900098500,2020-09-30,1,0,0.99986136
55000900098500,2020-10-01,1,0,0.99975616
55000900098500,2020-10-02,1,0,0.9996457
55000900098500,2020-10-03,1,0,0.99961334
55000900098500,2020-10-04,1,0,0.9993474
55000900098500,2020-10-05,1,0,0.99890184
55000900098500,2020-10-06,1,0,0.9984769
55000900098500,2020-10-07,1,0,0.9986455
55000900098500,2020-10-08,1,0,0.99917954
55000900098500,2020-10-09,1,0,0.99924123
55000900098500,2020-10-10,1,0,0.9991565
55000900098500,2020-10-11,1,0,0.9997031
55000900098500,2020-10-12,1,0,0.9997079
55000900098500,2020-10-13,1,0,0.9999671
55000900098500,2020-10-14,1,0,0.99994874
55000900098500,2020-10-15,1,0,0.9999366
55000900098500,2020-10-16,1,0,0.99995446
55000900098500,2020-10-17,1,0,0.99994636
55000900098500,2020-10-18,1,0,0.99996424
55000900098500,2020-10-19,1,0,0.99996185
55000900098500,2020-10-20,1,0,0.9999597
55000900098500,2020-10-21,1,0,0.9999434
55000900098500,2020-10-22,1,0,0.9999516
55000900098500,2020-10-23,1,0,0.9999491
55000900098500,2020-10-24,1,0,0.9999231
55000900098500,2020-10-25,1,0,0.999954
55000900098500,2020-10-26,1,0,0.9999486
55000900098500,2020-10-27,1,0,0.999926
55000900098500,2020-10-28,1,0,0.9999387
55000900098500,2020-10-29,1,0,0.99996245
55000900098500,2020-10-30,1,0,0.99996114
55000900098500,2020-10-31,1,0,0.99995816
55000900098500,2020-11-01,1,0,0.9999603
55000900098500,2020-11-02,1,0,0.99995255
55000900098500,2020-11-03,1,0,0.99995923
55000900098500,2020-11-04,1,0,0.99993324
55000900098500,2020-11-05,1,0,0.99961734
55000900098500,2020-11-06,1,0,0.99958974
55000900098500,2020-11-07,1,0,0.9996314
55000900098500,2020-11-08,1,0,0.99988484
55000900098500,2020-11-09,1,0,0.9999485
55000900098500,2020-11-10,1,0,0.9998846
55000900098500,2020-11-11,1,0,0.9997675
55000900098500,2020-11-12,1,0,0.99973196
55000900098500,2020-11-13,1,0,0.99995494
55000900098500,2020-11-14,1,0,0.99995756
55000900098500,2020-11-15,1,0,0.99996614
55000900098500,2020-11-16,1,0,0.9999902
55000900098500,2020-11-17,1,0,0.9999919
55000900098500,2020-11-18,1,0,0.9999833
55000900098500,2020-11-19,1,0,0.99998474
55000900098500,2020-11-20,1,0,0.9999864
55000900098500,2020-11-21,1,0,0.9999919
55000900098500,2020-11-22,1,0,0.99998355
55000900098500,2020-11-23,1,0,0.9999808
55000900098500,2020-11-24,1,0,0.9999652
55000900098500,2020-11-25,1,0,0.9999734
55000900098500,2020-11-26,1,0,0.99998045
55000900098500,2020-11-27,1,0,0.99997497
55000900098500,2020-11-28,1,0,0.9999832
55000900098500,2020-11-29,1,0,0.99997616
55000900098500,2020-11-30,1,0,0.99995077
55000900098500,2020-12-01,1,0,0.99996185
55000900099610,2020-09-11,1,1,0.9997353
55000900099610,2020-09-12,1,1,0.9997261
55000900099610,2020-09-13,1,1,0.9997317
55000900099610,2020-09-14,1,1,0.9996973
55000900099610,2020-09-15,1,1,0.9996983
55000900099610,2020-09-16,1,1,0.99970907
55000900099610,2020-09-17,1,1,0.99972016
55000900099610,2020-09-18,1,1,0.99972206
55000900099610,2020-09-19,1,1,0.99966705
55000900099610,2020-09-20,1,1,0.9995459
55000900099610,2020-09-21,1,1,0.9995875
55000900099610,2020-09-22,1,1,0.999326
55000900099610,2020-09-24,1,1,0.9986512
55000900099610,2020-09-25,1,1,0.9992355
55000900099610,2020-09-26,1,1,0.99948514
55000900099610,2020-09-27,1,1,0.99969053
55000900099610,2020-09-28,1,1,0.9999311
55000900099610,2020-09-29,1,1,0.99994445
55000900099610,2020-09-30,1,1,0.99992776
55000900099610,2020-10-01,1,1,0.9999329
55000900099610,2020-10-02,1,1,0.9999306
55000900099610,2020-10-03,1,1,0.9999393
55000900099610,2020-10-04,1,1,0.9999491
55000900099610,2020-10-05,1,1,0.9999372
55000900099610,2020-10-06,1,1,0.9999368
55000900099610,2020-10-07,1,1,0.99994886
55000900099610,2020-10-08,1,1,0.99994016
55000900099610,2020-10-09,1,1,0.9999405
55000900099610,2020-10-10,1,1,0.9999274
55000900099610,2020-10-11,1,1,0.99995613
55000900099610,2020-10-12,1,1,0.99995196
55000900099610,2020-10-13,1,1,0.9999194
55000900099610,2020-10-14,1,1,0.9999478
55000900099610,2020-10-15,1,1,0.9999763
55000900099610,2020-10-16,1,1,0.9999819
55000900099610,2020-10-17,1,1,0.99995744
55000900099610,2020-10-18,1,0,0.99994886
55000900099610,2020-10-19,1,0,0.99996114
55000900100137,2020-09-11,0,1,0.005997902
55000900100137,2020-09-12,0,1,0.00949741
55000900100137,2020-09-13,0,1,0.043963343
55000900100137,2020-09-14,0,1,0.045502957
55000900100137,2020-09-15,0,1,0.040738925
55000900100137,2020-09-16,0,1,0.037542477
55000900100137,2020-09-17,0,1,0.03696495
55000900100137,2020-09-18,0,1,0.039221924
55000900100137,2020-09-19,0,1,0.026144527
55000900100137,2020-09-20,0,1,0.0360523
55000900100137,2020-09-21,0,1,0.045059245
55000900100137,2020-09-22,0,1,0.041880667
55000900100137,2020-09-23,0,1,0.026247712
55000900100137,2020-09-24,0,1,0.038000677
55000900100137,2020-09-25,0,1,0.026216215
55000900100137,2020-09-26,0,1,0.014314272
55000900100137,2020-09-27,0,1,0.009753857
55000900100137,2020-09-28,0,1,0.036714103
55000900100137,2020-09-29,0,1,0.004673145
55000900100137,2020-09-30,0,1,0.0016875963
55000900100137,2020-10-01,0,1,0.0021780906
55000900100137,2020-10-02,0,1,0.0027297775
55000900100137,2020-10-03,0,1,0.017777966
55000900100137,2020-10-04,0,1,0.034705423
55000900100137,2020-10-05,0,1,0.039271858
55000900100137,2020-10-06,0,1,0.041694254
55000900100137,2020-10-07,0,1,0.047093015
55000900100137,2020-10-08,0,1,0.03476834
55000900100137,2020-10-09,0,1,0.038258154
55000900100137,2020-10-10,0,1,0.039465073
55000900100137,2020-10-11,1,1,0.0465943
55000900100137,2020-10-12,1,1,0.045700483
55000900100137,2020-10-13,1,1,0.20186707
55000900100137,2020-10-14,1,1,0.91076803
55000900100137,2020-10-16,0,1,0.87208956
55000900100137,2020-10-17,0,1,0.97721076
55000900100137,2020-10-18,0,1,0.9762624
55000900100137,2020-10-19,0,0,0.72876537
55000900100137,2020-10-20,0,0,0.70683557
55000900130309,2020-09-11,1,0,0.9996145
55000900130309,2020-09-12,1,0,0.9993357
55000900130309,2020-09-13,1,0,0.9985245
55000900130309,2020-09-14,1,0,0.9989317
55000900130309,2020-09-15,1,0,0.9995989
55000900130309,2020-09-16,1,0,0.9993451
55000900130309,2020-09-17,1,0,0.9992397
55000900130309,2020-09-18,1,0,0.9993068
55000900130309,2020-09-19,1,0,0.99959725
55000900130309,2020-09-20,1,0,0.9995635
55000900130309,2020-09-21,1,0,0.99955314
55000900130309,2020-09-22,1,0,0.9991517
55000900130309,2020-09-23,1,0,0.99865854
55000900130309,2020-09-24,1,0,0.9991605
55000900130309,2020-09-25,1,0,0.99930286
55000900130309,2020-09-26,1,0,0.9998702
55000900130309,2020-09-27,1,0,0.99993193
55000900130309,2020-09-28,1,0,0.99998
55000900130309,2020-09-29,1,0,0.99999046
55000900130309,2020-09-30,1,0,0.999992
55000900130309,2020-10-01,1,0,0.9999888
55000900130309,2020-10-02,1,0,0.9999894
55000900130309,2020-10-03,1,0,0.9999734
55000900130309,2020-10-04,1,0,0.99996877
55000900130309,2020-10-05,1,0,0.9999676
55000900130309,2020-10-06,1,0,0.99996996
55000900130309,2020-10-07,1,0,0.9999714
55000900130309,2020-10-08,1,0,0.9999765
55000900130309,2020-10-09,1,0,0.9999726
55000900130309,2020-10-10,1,0,0.99996865
55000900130309,2020-10-11,1,0,0.99997103
55000900130309,2020-10-12,1,0,0.99997723
55000900130309,2020-10-13,1,0,0.99997985
55000900130309,2020-10-14,1,0,0.99998415
55000900130309,2020-10-15,1,0,0.99999356
55000900130309,2020-10-16,1,0,0.99998796
55000900130309,2020-10-17,1,0,0.99999344
55000900130309,2020-10-18,1,0,0.9999944
55000900130309,2020-10-19,1,0,0.9999951
55000900130309,2020-10-20,1,0,0.9999949
55000900130309,2020-10-21,1,0,0.99999475
55000900130309,2020-10-22,1,0,0.9999944
55000900130309,2020-10-23,1,0,0.9999932
55000900130309,2020-10-24,1,0,0.999995
55000900130309,2020-10-25,1,0,0.99999464
55000900130309,2020-10-26,1,0,0.9999949
55000900130309,2020-10-27,1,0,0.99999714
55000900130309,2020-10-28,1,0,0.99999654
55000900130309,2020-10-29,1,0,0.9999949
55000900130309,2020-10-30,1,0,0.9999927
55000900130309,2020-10-31,1,0,0.99999034
55000900130309,2020-11-01,1,0,0.99998784
55000900130309,2020-11-02,1,0,0.99999416
55000900130309,2020-11-03,1,0,0.9999908
55000900130309,2020-11-04,1,0,0.9999765
55000900130309,2020-11-05,1,0,0.99997723
55000900130309,2020-11-06,1,0,0.99997866
55000900130309,2020-11-07,1,0,0.99997985
55000900130309,2020-11-08,1,0,0.9999887
55000900130309,2020-11-09,1,0,0.9999956
55000900130309,2020-11-10,1,0,0.999997
55000900130309,2020-11-11,1,0,0.999995
55000900130309,2020-11-12,1,0,0.999995
55000900130309,2020-11-13,1,0,0.9999963
55000900130309,2020-11-14,1,0,0.99999666
55000900130309,2020-11-15,1,0,0.99999726
55000900130309,2020-11-16,1,0,0.99999714
55000900130309,2020-11-17,1,0,0.9999964
55000900130309,2020-11-18,1,0,0.999998
55000900130309,2020-11-19,1,0,0.999997
55000900130309,2020-11-20,1,0,0.99999714
55000900130309,2020-11-21,1,0,0.99999595
55000900130309,2020-11-22,1,0,0.99999726
55000900130309,2020-11-23,1,0,0.99999595
55000900130309,2020-11-24,1,0,0.9999958
55000900130309,2020-11-25,1,0,0.9999951
55000900130309,2020-11-26,1,0,0.9999958
55000900130309,2020-11-27,1,0,0.9999951
55000900130309,2020-11-28,1,0,0.99999654
55000900130309,2020-11-29,1,0,0.999998
55000900130309,2020-11-30,1,0,0.99999714
55000900130309,2020-12-01,1,0,0.9999963
55000900130309,2020-12-03,1,0,0.9999962
55000900130309,2020-12-04,1,0,0.99999607
55000900130309,2020-12-05,1,0,0.9999962
55000900130309,2020-12-06,1,0,0.9999962
55000900130309,2020-12-07,1,0,0.9999938
55000900130309,2020-12-08,1,0,0.9999969
55000900130309,2020-12-09,1,0,0.99999547
55000900130309,2020-12-10,1,0,0.99999595
55000900130309,2020-12-11,1,0,0.99999547
55000900130309,2020-12-12,1,0,0.99999464
55000900130309,2020-12-13,1,0,0.9999945
55000900130309,2020-12-14,1,0,0.9999957
55000900130309,2020-12-15,1,0,0.999995
55000900130309,2020-12-16,1,0,0.99999523
55000900130309,2020-12-18,1,0,0.99999595
55000900130309,2020-12-19,1,0,0.99999666
55000900130309,2020-12-20,1,0,0.999997
55000900130309,2020-12-21,1,0,0.99999666
55000900130309,2020-12-22,1,0,0.9999956
55000900130309,2020-12-23,1,0,0.99999726
55000900130309,2020-12-24,1,0,0.9999963
55000900130309,2020-12-25,1,0,0.9999975
55000900130309,2020-12-26,1,0,0.99999714
55000900130309,2020-12-27,1,0,0.9999949
55000900130309,2020-12-28,1,0,0.99999654
55000900130309,2020-12-29,1,0,0.99999666
55000900130309,2020-12-30,1,0,0.99999726
55000900130309,2020-12-31,1,0,0.9999962
55000900130309,2021-01-01,1,0,0.9999974
55000900130309,2021-01-02,1,0,0.99999404
55000900130309,2021-01-03,1,0,0.9999963
55000900130309,2021-01-04,1,0,0.99999547
55000900130309,2021-01-05,1,0,0.99999535
55000900130309,2021-01-06,1,0,0.9999957
55000900130309,2021-01-07,1,0,0.99999607
55000900130309,2021-01-08,1,0,0.99999595
55000900130309,2021-01-09,1,0,0.9999949
55000900130309,2021-01-10,1,0,0.99999225
55000900130309,2021-01-11,1,0,0.9999933
55000900130309,2021-01-12,1,0,0.999995
55000900130309,2021-01-13,1,0,0.99999535
55000900130309,2021-01-14,1,0,0.99999547
55000900130309,2021-01-15,1,0,0.9999957
55000900130309,2021-01-16,1,0,0.9999958
55000900130309,2021-01-17,1,0,0.99999595
55000900130309,2021-01-18,1,0,0.9999957
55000900130309,2021-01-19,1,0,0.9999956
55000900130309,2021-01-20,1,0,0.9999945
55000900130309,2021-01-21,1,0,0.9999951
55000900130309,2021-01-22,1,0,0.99999547
55000900130309,2021-01-23,1,0,0.9999958
55000900130309,2021-01-24,1,0,0.9999964
55000900130309,2021-01-25,1,0,0.9999956
55000900130309,2021-01-26,1,0,0.9999958
55000900130309,2021-01-27,1,0,0.9999957
55000900130309,2021-01-28,1,0,0.99999475
55000900130309,2021-01-29,1,0,0.99999535
55000900130309,2021-01-30,1,0,0.99999607
55000900130309,2021-01-31,1,0,0.99999607
55000900130309,2021-02-01,1,0,0.99999607
55000900130309,2021-02-02,1,0,0.99999607
55000900130309,2021-02-03,1,0,0.99999607
55000900130309,2021-02-04,1,0,0.99999607
55000900130309,2021-02-05,1,0,0.99999607
55000900130309,2021-02-06,1,0,0.99999607
55000900130309,2021-02-07,1,0,0.99999607
55000900130309,2021-02-08,1,0,0.99999607
55000900130309,2021-02-09,1,0,0.99999607
55000900130309,2021-02-10,1,0,0.99999607
55000900130309,2021-02-11,1,0,0.99999607
55000900130309,2021-02-12,1,0,0.99999607
55000900130309,2021-02-13,1,0,0.99999607
55000900130309,2021-02-14,1,0,0.99999607
55000900130309,2021-02-15,1,0,0.99999607
55000900130309,2021-02-16,1,0,0.99999607
55000900130309,2021-02-17,1,0,0.99999607
55000900130309,2021-02-18,1,0,0.99999607
55000900130309,2021-02-19,1,0,0.99999607
55000900130309,2021-02-20,1,0,0.99999607
55000900130309,2021-02-21,1,0,0.99999607
55000900130309,2021-02-22,1,0,0.99999607
55000900130309,2021-02-23,1,0,0.99999607
55000900130309,2021-02-24,1,0,0.99999607
55000900130309,2021-02-25,1,0,0.99999607
55000900130309,2021-02-26,1,0,0.99999607
55000900130309,2021-02-27,1,0,0.99999607
55000900130309,2021-02-28,1,0,0.99999607
55000900130309,2021-03-01,1,0,0.99999607
55000900130309,2021-03-02,1,0,0.99999607
55000900130309,2021-03-03,1,0,0.99999607
55000900130309,2021-03-04,1,0,0.99999607
55000900130309,2021-03-05,1,0,0.99999607
55000900130309,2021-03-06,1,0,0.99999607
55000900130309,2021-03-07,1,0,0.99999607
55000900130309,2021-03-08,1,0,0.99999607
55000900130309,2021-03-09,1,0,0.99999607
55000900130309,2021-03-10,1,0,0.99999607
55000900130309,2021-03-11,1,0,0.99999607
55000900130309,2021-03-12,1,0,0.99999607
55000900130309,2021-03-13,1,0,0.99999607
55000900130309,2021-03-15,1,0,0.99999607
55000900130309,2021-03-16,1,0,0.99999607
55000900130309,2021-03-17,1,0,0.99999607
55000900130309,2021-03-18,1,0,0.99999607
55000900130309,2021-03-19,1,0,0.99999607
55000900130309,2021-03-20,1,0,0.99999607
55000900130309,2021-03-21,1,0,0.99999607
55000900130309,2021-03-22,1,0,0.99999607
55000900130309,2021-03-23,1,0,0.99999607
55000900130309,2021-03-24,1,0,0.99999607
55000900130309,2021-03-25,1,0,0.99999607
55000900130309,2021-03-26,1,0,0.99999607
55000900130309,2021-03-27,1,0,0.99999607
55000900130309,2021-03-28,1,0,0.99999607
55000900130309,2021-03-29,1,0,0.99999607
55000900130309,2021-03-30,1,0,0.99999607
55000900130309,2021-03-31,1,0,0.99999607
55000900130309,2021-04-01,1,0,0.99999607
55000900130309,2021-04-02,1,0,0.99999607
55000900130309,2021-04-03,1,0,0.99999607
55000900130309,2021-04-04,1,0,0.99999607
55000900130309,2021-04-05,1,0,0.99999607
55000900130309,2021-04-06,1,0,0.99999607
55000900130309,2021-04-07,1,0,0.99999607
55000900130309,2021-04-08,1,0,0.99999607
55000900130309,2021-04-09,1,0,0.99999607
55000900130309,2021-04-10,1,0,0.99999607
55000900130309,2021-04-11,1,0,0.99999607
55000900130309,2021-04-12,1,0,0.99999607
55000900130309,2021-04-13,1,0,0.99999607
55000900130309,2021-04-14,1,0,0.99999607
55000900130309,2021-04-15,1,0,0.99999607
55000900130309,2021-04-16,1,0,0.99999607
55000900130309,2021-04-17,1,0,0.99999607
55000900130309,2021-04-18,1,0,0.99999607
55000900130309,2021-04-19,1,0,0.99999607
55000900130309,2021-04-20,1,0,0.99999607
55000900130309,2021-04-21,1,0,0.99999607
55000900130309,2021-04-22,1,0,0.99999607
55000900130309,2021-04-23,1,0,0.99999607
55000900130309,2021-04-24,1,0,0.99999607
55000900130309,2021-04-25,1,0,0.99999607
55000900130309,2021-04-26,1,0,0.99999607
55000900130309,2021-04-27,1,0,0.99999607
55000900130309,2021-04-28,1,0,0.99999607
55000900130309,2021-04-29,1,0,0.99999607
55000900130309,2021-04-30,1,0,0.99999607
55000900130309,2021-05-01,1,0,0.99999607
55000900130309,2021-05-02,1,0,0.99999607
55000900130309,2021-05-03,1,0,0.99999607
55000900130309,2021-05-04,1,0,0.99999607
55000900130309,2021-05-05,1,0,0.99999607
55000900130309,2021-05-06,1,0,0.99999607
55000900130309,2021-05-07,1,0,0.99999607
55000900130309,2021-05-08,1,0,0.99999607
55000900130309,2021-05-09,1,0,0.99999607
55000900130309,2021-05-10,1,0,0.99999607
55000900130309,2021-05-11,1,0,0.99999607
55000900130309,2021-05-12,1,0,0.99999607
55000900130309,2021-05-13,1,0,0.99999607
55000900130309,2021-05-14,1,0,0.99999607
55000900130309,2021-05-15,1,0,0.99999607
55000900130309,2021-05-16,1,0,0.99999607
55000900130309,2021-05-17,1,0,0.99999607
55000900130309,2021-05-18,1,0,0.99999607
55000900130309,2021-05-19,1,0,0.99999607
55000900130309,2021-05-20,1,0,0.99999607
55000900130309,2021-05-21,1,0,0.99999607
55000900130309,2021-05-22,1,0,0.99999607
55000900130309,2021-05-23,1,0,0.99999607
55000900130309,2021-05-24,1,0,0.99999607
55000900130309,2021-05-25,1,0,0.99999607
55000900130309,2021-05-26,1,0,0.99999607
55000900130309,2021-05-27,1,0,0.99999607
55000900130309,2021-05-28,1,0,0.99999607
55000900130309,2021-05-29,1,0,0.99999607
55000900130309,2021-05-30,1,0,0.99999607
55000900130309,2021-05-31,1,0,0.99999607
55000900130309,2021-06-01,1,0,0.99999607
55000900130309,2021-06-02,1,0,0.99999607
55000900130309,2021-06-03,1,0,0.99999607
55000900130309,2021-06-04,1,0,0.99999607
55000900130309,2021-06-05,1,0,0.99999607
55000900130309,2021-06-06,1,0,0.99999607
55000900130309,2021-06-07,1,0,0.99999607
55000900130309,2021-06-08,1,0,0.99999607
55000900130309,2021-06-09,1,0,0.99999607
55000900130309,2021-06-10,1,0,0.99999607
55000900130309,2021-06-11,1,0,0.99999607
55000900130309,2021-06-12,1,0,0.99999607
55000900130309,2021-06-13,1,0,0.99999607
55000900130309,2021-06-14,1,0,0.99999607
55000900130309,2021-06-15,1,0,0.99999607
55000900130309,2021-06-16,1,0,0.99999607
55000900130309,2021-06-17,1,0,0.99999607
55000900130309,2021-06-18,1,0,0.99999607
55000900130309,2021-06-19,1,0,0.99999607
55000900130309,2021-06-20,1,0,0.99999607
55000900130309,2021-06-21,1,0,0.99999607
55000900130309,2021-06-22,1,0,0.99999607
55000900130309,2021-06-23,1,0,0.99999607
55000900130309,2021-06-24,1,0,0.99999607
55000900130309,2021-06-25,1,0,0.99999607
55000900130309,2021-06-26,1,0,0.99999607
55000900130309,2021-06-27,1,0,0.99999607
55000900130309,2021-06-28,1,0,0.99999607
55000900130309,2021-06-29,1,0,0.99999607
55000900130309,2021-06-30,1,0,0.99999607
55000900130309,2021-07-01,1,0,0.99999607
55000900130309,2021-07-02,1,0,0.99999607
55000900130309,2021-07-03,1,0,0.99999607
55000900130309,2021-07-04,1,0,0.99999607
55000900130309,2021-07-05,1,0,0.99999607
55000900130309,2021-07-06,1,0,0.99999607
55000900130309,2021-07-07,1,0,0.99999607
55000900130309,2021-07-08,1,0,0.99999607
55000900130309,2021-07-09,1,0,0.99999607
55000900130309,2021-07-10,1,0,0.99999607
55000900130309,2021-07-11,1,0,0.99999607
55000900130309,2021-07-12,1,0,0.99999607
55000900130309,2021-07-13,1,0,0.99999607
55000900130309,2021-07-14,1,0,0.99999607
55000900130309,2021-07-15,1,0,0.99999607
55000900130309,2021-07-16,1,0,0.99999607
55000900130309,2021-07-20,1,0,0.99999607
55000900130309,2021-07-21,1,0,0.99999607
55000900130309,2021-07-22,1,0,0.99999607
55000900130309,2021-07-23,1,0,0.99999607
55000900130309,2021-07-24,1,0,0.99999607
55000900130309,2021-07-25,1,0,0.99999607
55000900130309,2021-07-26,1,0,0.99999607
55000900130309,2021-07-27,1,0,0.99999607
55000900130309,2021-07-28,1,0,0.99999607
55000900130309,2021-07-29,1,0,0.99999607
55000900130309,2021-07-30,1,0,0.99999607
55000900130309,2021-07-31,1,0,0.99999607
55000900130309,2021-08-01,1,0,0.99999607
55000900130309,2021-08-02,1,0,0.99999607
55000900130309,2021-08-03,1,0,0.99999607
55000900130309,2021-08-04,1,0,0.99999607
55000900130309,2021-08-05,1,0,0.99999607
55000900130309,2021-08-06,1,0,0.99999607
55000900130309,2021-08-07,1,0,0.99999607
55000900130309,2021-08-08,1,0,0.99999607
55000900130309,2021-08-09,1,0,0.99999607
55000900130309,2021-08-10,1,0,0.99999607
55000900130309,2021-08-11,1,0,0.99999607
55000900130309,2021-08-12,1,0,0.99999607
55000900130309,2021-08-13,1,0,0.99999607
55000900130309,2021-08-14,1,0,0.99999607
55000900130309,2021-08-15,1,0,0.99999607
55000900130309,2021-08-16,1,0,0.99999607
55000900130309,2021-08-25,1,0,0.99999607
55000900130309,2021-08-26,1,0,0.99999607
55000900130309,2021-08-27,1,0,0.99999607
55000900130309,2021-08-28,1,0,0.99999607
55000900130309,2021-08-29,1,0,0.99999607
55000900130309,2021-08-30,1,0,0.99999607
55000900130309,2021-08-31,1,0,0.99999607
55000900130309,2021-09-01,1,0,0.99999607
55000900130309,2021-09-02,1,0,0.99999607
55000900130309,2021-09-03,1,0,0.99999607
55000900130309,2021-09-04,1,0,0.99999607
55000900130309,2021-09-05,1,0,0.99999607
55000900130309,2021-09-06,1,0,0.99999607
55000900130309,2021-09-07,1,0,0.99999607
55000900130309,2021-09-08,1,0,0.99999607
55000900130309,2021-09-09,1,0,0.99999607
55000900130309,2021-09-10,1,0,0.99999607
55000900130309,2021-09-11,1,0,0.99999607
55000900130309,2021-09-12,1,0,0.99999607
55000900130309,2021-09-13,1,0,0.99999607
55000900130309,2021-09-14,1,0,0.99999607
55000900130309,2021-09-15,1,0,0.99999607
55000900130309,2021-09-16,1,0,0.99999607
55000900130309,2021-09-17,1,0,0.99999607
55000900130309,2021-09-18,1,0,0.99999607
55000900130309,2021-09-19,1,0,0.99999607
55000900130309,2021-09-20,1,0,0.99999607
55000900130309,2021-09-21,1,0,0.99999607
55000900130309,2021-09-22,1,0,0.99999607
55000900130309,2021-09-23,1,0,0.99999607
55000900130309,2021-09-24,1,0,0.99999607
55000900130309,2021-09-25,1,0,0.99999607
55000900130309,2021-09-26,1,0,0.99999607
55000900130309,2021-09-27,1,0,0.99999607
55000900130309,2021-09-28,1,0,0.99999607
55000900130309,2021-09-29,1,0,0.99999607
55000900130309,2021-09-30,1,0,0.99999607
55000900130309,2021-10-01,1,0,0.99999607
55000900130309,2021-10-02,1,0,0.99999607
55000900130309,2021-10-03,1,0,0.99999607
55000900130309,2021-10-04,1,0,0.99999607
55000900130309,2021-10-05,1,0,0.99999607
55000900130309,2021-10-06,1,0,0.99999607
55000900130309,2021-10-07,1,0,0.99999607
55000900130309,2021-10-08,1,0,0.99999607
55000900130309,2021-10-09,1,0,0.99999607
55000900130309,2021-10-10,1,0,0.99999607
55000900130309,2021-10-11,1,0,0.99999607
55000900130309,2021-10-12,1,0,0.99999607
55000900130309,2021-10-13,1,0,0.99999607
55000900130309,2021-10-14,1,0,0.99999607
55000900130309,2021-10-15,1,0,0.99999607
55000900130309,2021-10-16,1,0,0.99999607
55000900130309,2021-10-17,1,0,0.99999607
55000900130309,2021-10-18,1,0,0.99999607
55000900130309,2021-10-19,1,0,0.99999607
55000900130309,2021-10-20,1,0,0.99999607
55000900130309,2021-10-21,1,0,0.99999607
55000900130309,2021-10-22,1,0,0.99999607
55000900130309,2021-10-23,1,0,0.99999607
55000900130309,2021-10-24,1,0,0.99999607
55000900130309,2021-10-25,1,0,0.99999607
55000900130309,2021-10-26,1,0,0.99999607
55000900130309,2021-10-27,1,0,0.99999607
55000900130309,2021-10-28,1,0,0.99999607
55000900130309,2021-10-29,1,0,0.99999607
55000900130309,2021-10-30,1,0,0.99999607
55000900130309,2021-10-31,1,0,0.99999607
55000900130309,2021-11-01,1,0,0.99999607
55000900130309,2021-11-02,1,0,0.99999607
55000900130309,2021-11-03,1,0,0.99999607
55000900130309,2021-11-04,1,0,0.99999607
55000900130309,2021-11-05,1,0,0.99999607
55000900130309,2021-11-06,1,0,0.99999607
55000900130309,2021-11-07,1,0,0.99999607
55000900130309,2021-11-08,1,0,0.99999607
55000900130309,2021-11-09,1,0,0.99999607
55000900130309,2021-11-10,1,0,0.99999607
55000900130309,2021-11-11,1,0,0.99999607
55000900130309,2021-11-12,1,0,0.99999607
55000900130309,2021-11-13,1,0,0.99999607
55000900130309,2021-11-14,1,0,0.99999607
55000900130309,2021-11-15,1,0,0.99999607
55000900130309,2021-11-16,1,0,0.99999607
55000900130309,2021-11-17,1,0,0.99999607
55000900130309,2021-11-18,1,0,0.99999607
55000900130309,2021-11-19,1,0,0.99999607
55000900130309,2021-11-20,1,0,0.99999607
55000900130309,2021-11-21,1,0,0.99999607
55000900130309,2021-11-22,1,0,0.99999607
55000900130309,2021-11-23,1,0,0.99999607
55000900130309,2021-11-24,1,0,0.99999607
55000900130309,2021-11-25,1,0,0.99999607
55000900130309,2021-11-26,1,0,0.99999607
55000900130309,2021-11-27,1,0,0.99999607
55000900130309,2021-11-28,1,0,0.99999607
55000900130309,2021-11-29,1,0,0.99999607
55000900130309,2021-11-30,1,0,0.99999607
55000900130309,2021-12-01,1,0,0.99999607
55000900130309,2021-12-02,1,0,0.99999607
55000900130309,2021-12-03,1,0,0.99999607
55000900130309,2021-12-04,1,0,0.99999607
55000900130309,2021-12-05,1,0,0.99999607
55000900130309,2021-12-06,1,0,0.99999607
55000900130309,2021-12-07,1,0,0.99999607
55000900130309,2021-12-08,1,0,0.99999607
55000900130309,2021-12-09,1,0,0.99999607
55000900130309,2021-12-10,1,0,0.99999607
55000900130309,2021-12-11,1,0,0.99999607
55000900130309,2021-12-12,1,0,0.99999607
55000900130309,2021-12-13,1,0,0.99999607
55000900130309,2021-12-14,1,0,0.99999607
55000900130309,2021-12-15,1,0,0.99999607
55000900130309,2021-12-16,1,0,0.99999607
55000900130309,2021-12-17,1,0,0.99999607
55000900130309,2021-12-18,1,0,0.99999607
55000900130309,2021-12-19,1,0,0.99999607
55000900130309,2021-12-20,1,0,0.99999607
55000900130309,2021-12-21,1,0,0.99999607
55000900130309,2021-12-22,1,0,0.99999607
55000900130309,2021-12-23,1,0,0.99999607
55000900130309,2021-12-24,1,0,0.99999607
55000900130309,2021-12-25,1,0,0.99999607
55000900130309,2021-12-26,1,0,0.99999607
55000900130309,2021-12-27,1,0,0.99999607
55000900130309,2021-12-28,1,0,0.99999607
55000900130309,2021-12-29,1,0,0.99999607
55000900130309,2021-12-30,1,0,0.99999607
55000900130309,2021-12-31,1,0,0.99999607
55000900130309,2022-01-01,1,0,0.99999607
55000900130309,2022-01-02,1,0,0.99999607
55000900130309,2022-01-03,1,0,0.99999607
55000900130309,2022-01-04,1,0,0.99999607
55000900130309,2022-01-05,1,0,0.99999607
55000900130309,2022-01-06,1,0,0.99999607
55000900130309,2022-01-07,1,0,0.99999607
55000900130309,2022-01-08,1,0,0.99999607
55000900130309,2022-01-09,1,0,0.99999607
55000900130309,2022-01-10,1,0,0.99999607
55000900130309,2022-01-11,1,0,0.99999607
55000900130309,2022-01-12,1,0,0.99999607
55000900130309,2022-01-13,1,0,0.99999607
55000900130309,2022-01-14,1,0,0.99999607
55000900130309,2022-01-15,1,0,0.99999607
55000900130309,2022-01-16,1,0,0.99999607
55000900130309,2022-01-17,1,0,0.99999607
55000900130309,2022-01-18,1,0,0.99999607
55000900130309,2022-01-19,1,0,0.99999607
55000900130309,2022-01-20,1,0,0.99999607
55000900130309,2022-01-21,1,0,0.99999607
55000900130309,2022-01-22,1,0,0.99999607
55000900130309,2022-01-23,1,0,0.99999607
55000900130309,2022-01-24,1,0,0.99999607
55000900130309,2022-01-25,1,0,0.99999607
55000900130309,2022-01-26,1,0,0.99999607
55000900130309,2022-01-27,1,0,0.99999607
55000900130309,2022-01-28,1,0,0.99999607
55000900130309,2022-01-29,1,0,0.99999607
55000900130309,2022-01-30,1,0,0.99999607
55000900130309,2022-01-31,1,0,0.99999607
55000900130309,2022-02-01,1,0,0.99999607
55000900130309,2022-02-02,1,0,0.99999607
55000900130309,2022-02-03,1,0,0.99999607
55000900130309,2022-02-04,1,0,0.99999607
55000900130309,2022-02-05,1,0,0.99999607
55000900130309,2022-02-06,1,0,0.99999607
55000900130309,2022-02-07,1,0,0.99999607
55000900130309,2022-02-08,1,0,0.99999607
55000900130309,2022-02-09,1,0,0.99999607
55000900130309,2022-02-10,1,0,0.99999607
55000900130309,2022-02-11,1,0,0.99999607
55000900130309,2022-02-12,1,0,0.99999607
55000900130309,2022-02-13,1,0,0.99999607
55000900130309,2022-02-14,1,0,0.99999607
55000900130309,2022-02-15,1,0,0.99999607
55000900130309,2022-02-16,1,0,0.99999607
55000900130309,2022-02-17,1,0,0.99999607
55000900130309,2022-02-18,1,0,0.99999607
55000900130309,2022-02-19,1,0,0.99999607
55000900130309,2022-02-20,1,0,0.99999607
55000900130309,2022-02-21,1,0,0.99999607
55000900130309,2022-02-22,1,0,0.99999607
55000900130309,2022-02-23,1,0,0.99999607
55000900130309,2022-02-24,1,0,0.99999607
55000900130309,2022-02-25,1,0,0.99999607
55000900130309,2022-02-26,1,0,0.99999607
55000900130309,2022-02-27,1,0,0.99999607
55000900130309,2022-02-28,1,0,0.99999607
55000900130309,2022-03-01,1,0,0.99999607
55000900130309,2022-03-02,1,0,0.99999607
55000900130309,2022-03-03,1,0,0.99999607
55000900130309,2022-03-04,1,0,0.99999607
55000900130309,2022-03-05,1,0,0.99999607
55000900130309,2022-03-06,1,0,0.99999607
55000900130309,2022-03-07,1,0,0.99999607
55000900130309,2022-03-08,1,0,0.99999607
55000900130309,2022-03-09,1,0,0.99999607
55000900130309,2022-03-10,1,0,0.99999607
55000900130309,2022-03-11,1,0,0.99999607
55000900130309,2022-03-12,1,0,0.99999607
55000900130309,2022-03-14,1,0,0.99999607
55000900130309,2022-03-15,1,0,0.99999607
55000900130309,2022-03-16,1,0,0.99999607
55000900130309,2022-03-17,1,0,0.99999607
55000900130309,2022-03-18,1,0,0.99999607
55000900130309,2022-03-19,1,0,0.99999607
55000900130309,2022-03-20,1,0,0.99999607
55000900130309,2022-03-21,1,0,0.99999607
55000900130309,2022-03-22,1,0,0.99999607
55000900130309,2022-03-23,1,0,0.99999607
55000900130309,2022-03-24,1,0,0.99999607
55000900130309,2022-03-25,1,0,0.99999607
55000900130309,2022-03-26,1,0,0.99999607
55000900130309,2022-03-27,1,0,0.99999607
55000900130309,2022-03-28,1,0,0.99999607
55000900130309,2022-03-29,1,0,0.99999607
55000900130309,2022-03-30,1,0,0.99999607
55000900130309,2022-03-31,1,0,0.99999607
55000900130309,2022-04-01,1,0,0.99999607
55000900130309,2022-04-02,1,0,0.99999607
55000900130309,2022-04-03,1,0,0.99999607
55000900130309,2022-04-04,1,0,0.99999607
55000900130309,2022-04-05,1,0,0.99999607
55000900130309,2022-04-06,1,0,0.99999607
55000900130309,2022-04-07,1,0,0.99999607
55000900130309,2022-04-08,1,0,0.99999607
55000900130309,2022-04-09,1,0,0.99999607
55000900130309,2022-04-10,1,0,0.99999607
55000900130309,2022-04-11,1,0,0.99999607
55000900130309,2022-04-12,1,0,0.99999607
55000900130309,2022-04-13,1,0,0.99999607
55000900130309,2022-04-14,1,0,0.99999607
55000900130309,2022-04-15,1,0,0.99999607
55000900130309,2022-04-16,1,0,0.99999607
55000900130309,2022-04-17,1,0,0.99999607
55000900130309,2022-04-18,1,0,0.99999607
55000900130309,2022-04-19,1,0,0.99999607
55000900130309,2022-04-20,1,0,0.99999607
55000900130309,2022-04-21,1,0,0.99999607
55000900130309,2022-04-22,1,0,0.99999607
55000900130309,2022-04-23,1,0,0.99999607
55000900130309,2022-04-24,1,0,0.99999607
55000900130309,2022-04-25,1,0,0.99999607
55000900130309,2022-04-26,1,0,0.99999607
55000900130309,2022-04-27,1,0,0.99999607
55000900130309,2022-04-28,1,0,0.99999607
55000900130309,2022-04-29,1,0,0.99999607
55000900130309,2022-04-30,1,0,0.99999607
55000900130309,2022-05-01,1,0,0.99999607
55000900130309,2022-05-02,1,0,0.99999607
55000900130309,2022-05-03,1,0,0.99999607
55000900130309,2022-05-04,1,0,0.99999607
55000900130309,2022-05-05,1,0,0.99999607
55000900130309,2022-05-06,1,0,0.99999607
55000900130309,2022-05-07,1,0,0.99999607
55000900130309,2022-05-08,1,0,0.99999607
55000900130309,2022-05-09,1,0,0.99999607
55000900130309,2022-05-10,1,0,0.99999607
55000900130309,2022-05-11,1,0,0.99999607
55000900130309,2022-05-12,1,0,0.99999607
55000900130309,2022-05-13,1,0,0.99999607
55000900130309,2022-05-14,1,0,0.99999607
55000900130309,2022-05-15,1,0,0.99999607
55000900130309,2022-05-16,1,0,0.99999607
55000900130309,2022-05-17,1,0,0.99999607
55000900130309,2022-05-18,1,0,0.99999607
55000900130309,2022-05-19,1,0,0.99999607
55000900130309,2022-05-20,1,0,0.99999607
55000900130309,2022-05-21,1,0,0.99999607
55000900130309,2022-05-22,1,0,0.99999607
55000900130309,2022-05-23,1,0,0.99999607
55000900130309,2022-05-24,1,0,0.99999607
55000900130309,2022-05-25,1,0,0.99999607
55000900130309,2022-05-26,1,0,0.99999607
55000900130309,2022-05-27,1,0,0.99999607
55000900130309,2022-05-28,1,0,0.99999607
55000900130309,2022-05-29,1,0,0.99999607
55000900130309,2022-05-30,1,0,0.99999607
55000900130309,2022-05-31,1,0,0.99999607
55000900130309,2022-06-01,1,0,0.99999607
55000900130309,2022-06-02,1,0,0.99999607
55000900130309,2022-06-03,1,0,0.99999607
55000900130309,2022-06-04,1,0,0.99999607
55000900130309,2022-06-05,1,0,0.99999607
55000900130309,2022-06-06,1,0,0.99999607
55000900130309,2022-06-07,1,0,0.99999607
55000900130309,2022-06-08,1,0,0.99999607
55000900130309,2022-06-09,1,0,0.99999607
55000900130309,2022-06-10,1,0,0.99999607
55000900130309,2022-06-11,1,0,0.99999607
55000900130309,2022-06-12,1,0,0.99999607
55000900130309,2022-06-13,1,0,0.99999607
55000900130309,2022-06-14,1,0,0.99999607
55000900130309,2022-06-15,1,0,0.99999607
55000900130309,2022-06-16,1,0,0.99999607
55000900130309,2022-06-17,1,0,0.99999607
55000900130309,2022-06-18,1,0,0.99999607
55000900130309,2022-06-19,1,0,0.99999607
55000900130309,2022-06-20,1,0,0.99999607
55000900130309,2022-06-21,1,0,0.99999607
55000900130309,2022-06-22,1,0,0.99999607
55000900130309,2022-06-23,1,0,0.99999607
55000900130309,2022-06-24,1,0,0.99999607
55000900130309,2022-06-25,1,0,0.99999607
55000900130309,2022-06-26,1,0,0.99999607
55000900130309,2022-06-27,1,0,0.99999607
55000900130309,2022-06-28,1,0,0.99999607
55000900130309,2022-06-29,1,0,0.99999607
55000900130309,2022-06-30,1,0,0.99999607
55000900130309,2022-07-01,1,0,0.99999607
55000900130309,2022-07-02,1,0,0.99999607
55000900130309,2022-07-03,1,0,0.99999607
55000900130309,2022-07-04,1,0,0.99999607
55000900130309,2022-07-05,1,0,0.99999607
55000900130309,2022-07-06,1,0,0.99999607
55000900130309,2022-07-07,1,0,0.99999607
55000900130309,2022-07-08,1,0,0.99999607
55000900130309,2022-07-09,1,0,0.99999607
55000900130309,2022-07-10,1,0,0.99999607
55000900130309,2022-07-11,1,0,0.99999607
55000900130309,2022-07-12,1,0,0.99999607
55000900130309,2022-07-13,1,0,0.99999607
55000900130309,2022-07-14,1,0,0.99999607
55000900130309,2022-07-15,1,0,0.99999607
55000900130309,2022-07-16,1,0,0.99999607
55000900130309,2022-07-17,1,0,0.99999607
55000900130309,2022-07-18,1,0,0.99999607
55000900130309,2022-07-19,1,0,0.99999607
55000900130309,2022-07-20,1,0,0.99999607
55000900130309,2022-07-21,1,0,0.99999607
55000900130309,2022-07-22,1,0,0.99999607
55000900130309,2022-07-23,1,0,0.99999607
55000900130309,2022-07-24,1,0,0.99999607
55000900130309,2022-07-25,1,0,0.99999607
55000900130309,2022-07-26,1,0,0.99999607
55000900130309,2022-07-27,1,0,0.99999607
55000900130309,2022-07-28,1,0,0.99999607
55000900130309,2022-07-29,1,0,0.99999607
55000900130309,2022-07-30,1,0,0.99999607
55000900130309,2022-07-31,1,0,0.99999607
55000900130309,2022-08-01,1,0,0.99999607
55000900130309,2022-08-02,1,0,0.99999607
55000900130309,2022-08-03,1,0,0.99999607
55000900130309,2022-08-04,1,0,0.99999607
55000900130309,2022-08-05,1,0,0.99999607
55000900130309,2022-08-06,1,0,0.99999607
55000900130309,2022-08-07,1,0,0.99999607
55000900130309,2022-08-08,1,0,0.99999607
55000900130309,2022-08-09,1,0,0.99999607
55000900130309,2022-08-10,1,0,0.99999607
55000900130309,2022-08-11,1,0,0.99999607
55000900130309,2022-08-12,1,0,0.99999607
55000900130309,2022-08-13,1,0,0.99999607
55000900130309,2022-08-14,1,0,0.99999607
55000900130309,2022-08-15,1,0,0.99999607
55000900130309,2022-08-16,1,0,0.99999607
55000900130309,2022-08-17,1,0,0.99999607
55000900130309,2022-08-18,1,0,0.99999607
55000900130309,2022-08-19,1,0,0.99999607
55000900130309,2022-08-20,1,0,0.99999607
55000900130309,2022-08-21,1,0,0.99999607
55000900130309,2022-08-22,1,0,0.99999607
55000900130309,2022-08-23,1,0,0.99999607
55000900130309,2022-08-24,1,0,0.99999607
55000900130309,2022-08-25,1,0,0.99999607
55000900130309,2022-08-26,1,0,0.99999607
55000900130309,2022-08-27,1,0,0.99999607
55000900130309,2022-08-28,1,0,0.99999607
55000900130309,2022-08-29,1,0,0.99999607
55000900130309,2022-08-30,1,0,0.99999607
55000900130309,2022-08-31,1,0,0.99999607
55000900130309,2022-09-01,1,0,0.99999607
55000900130309,2022-09-02,1,0,0.99999607
55000900130309,2022-09-03,1,0,0.99999607
55000900130309,2022-09-04,1,0,0.99999607
55000900130309,2022-09-05,1,0,0.99999607
55000900130309,2022-09-06,1,0,0.99999607
55000900130309,2022-09-07,1,0,0.99999607
55000900130309,2022-09-08,1,0,0.99999607
55000900130309,2022-09-09,1,0,0.99999607
55000900130309,2022-09-10,1,0,0.99999607
55000900130309,2022-09-11,1,0,0.99999607
55000900130309,2022-09-12,1,0,0.99999607
55000900130309,2022-09-13,1,0,0.99999607
55000900130309,2022-09-14,1,0,0.99999607
55000900130309,2022-09-15,1,0,0.99999607
55000900130309,2022-09-16,1,0,0.99999607
55000900130309,2022-09-17,1,0,0.99999607
55000900130309,2022-09-18,1,0,0.99999607
55000900130309,2022-09-19,1,0,0.99999607
55000900130309,2022-09-20,1,0,0.99999607
55000900130309,2022-09-21,1,0,0.99999607
55000900130309,2022-09-22,1,0,0.99999607
55000900130309,2022-09-23,1,0,0.99999607
55000900130309,2022-09-24,1,0,0.99999607
55000900130309,2022-09-25,1,0,0.99999607
55000900130309,2022-09-26,1,0,0.99999607
55000900130309,2022-09-27,1,0,0.99999607
55000900130309,2022-09-28,1,0,0.99999607
55000900130309,2022-09-29,1,0,0.99999607
55000900130309,2022-09-30,1,0,0.99999607
55000900130309,2022-10-01,1,0,0.99999607
55000900130309,2022-10-02,1,0,0.99999607
55000900130309,2022-10-03,1,0,0.99999607
55000900130309,2022-10-04,1,0,0.99999607
55000900130309,2022-10-05,1,0,0.99999607
55000900130309,2022-10-06,1,0,0.99999607
55000900130309,2022-10-07,1,0,0.99999607
55000900130309,2022-10-08,1,0,0.99999607
55000900130309,2022-10-09,1,0,0.99999607
55000900130309,2022-10-10,1,0,0.99999607
55000900130309,2022-10-11,1,0,0.99999607
55000900130309,2022-10-12,1,0,0.99999607
55000900130309,2022-10-13,1,0,0.99999607
55000900130309,2022-10-14,1,0,0.99999607
55000900130309,2022-10-15,1,0,0.99999607
55000900130309,2022-10-16,1,0,0.99999607
55000900130309,2022-10-17,1,0,0.99999607
55000900130309,2022-10-18,1,0,0.99999607
55000900130309,2022-10-19,1,0,0.99999607
55000900130309,2022-10-20,1,0,0.99999607
55000900130309,2022-10-21,1,0,0.99999607
55000900130309,2022-10-22,1,0,0.99999607
55000900130309,2022-10-23,1,0,0.99999607
55000900130309,2022-10-24,1,0,0.99999607
55000900130309,2022-10-25,1,0,0.99999607
55000900130309,2022-10-26,1,0,0.99999607
55000900130309,2022-10-27,1,0,0.99999607
55000900130309,2022-10-28,1,0,0.99999607
55000900130309,2022-10-29,1,0,0.99999607
55000900130309,2022-10-30,1,0,0.99999607
55000900130309,2022-10-31,1,0,0.99999607
55000900130309,2022-11-01,1,0,0.99999607
55000900130309,2022-11-02,1,0,0.99999607
55000900130309,2022-11-03,1,0,0.99999607
55000900130309,2022-11-04,1,0,0.99999607
55000900130309,2022-11-05,1,0,0.99999607
55000900130309,2022-11-06,1,0,0.99999607
55000900130309,2022-11-07,1,0,0.99999607
55000900130309,2022-11-08,1,0,0.99999607
55000900130309,2022-11-09,1,0,0.99999607
55000900130309,2022-11-10,1,0,0.99999607
55000900130309,2022-11-11,1,0,0.99999607
55000900130309,2022-11-12,1,0,0.99999607
55000900130309,2022-11-13,1,0,0.99999607
55000900130309,2022-11-14,1,0,0.99999607
55000900130309,2022-11-15,1,0,0.99999607
55000900130309,2022-11-16,1,0,0.99999607
55000900130309,2022-11-17,1,0,0.99999607
55000900130309,2022-11-18,1,0,0.99999607
55000900130309,2022-11-19,1,0,0.99999607
55000900130309,2022-11-20,1,0,0.99999607
55000900130309,2022-11-21,1,0,0.99999607
55000900130309,2022-11-22,1,0,0.99999607
55000900130309,2022-11-23,1,0,0.99999607
55000900130309,2022-11-24,1,0,0.99999607
55000900130309,2022-11-25,1,0,0.99999607
55000900130309,2022-11-26,1,0,0.99999607
55000900130309,2022-11-27,1,0,0.99999607
55000900130309,2022-11-28,1,0,0.99999607
55000900130309,2022-11-29,1,0,0.99999607
55000900130309,2022-11-30,1,0,0.99999607
55000900130309,2022-12-01,1,0,0.99999607
55000900130309,2022-12-02,1,0,0.99999607
55000900130309,2022-12-03,1,0,0.99999607
55000900130309,2022-12-04,1,0,0.99999607
55000900130309,2022-12-05,1,0,0.99999607
55000900130309,2022-12-06,1,0,0.99999607
55000900130309,2022-12-07,1,0,0.99999607
55000900130309,2022-12-08,1,0,0.99999607
55000900130309,2022-12-09,1,0,0.99999607
55000900130309,2022-12-10,1,0,0.99999607
55000900130309,2022-12-11,1,0,0.99999607
55000900130309,2022-12-12,1,0,0.99999607
55000900130309,2022-12-13,1,0,0.99999607
55000900130309,2022-12-14,1,0,0.99999607
55000900130309,2022-12-15,1,0,0.99999607
55000900130309,2022-12-16,1,0,0.99999607
55000900130309,2022-12-17,1,0,0.99999607
55000900130309,2022-12-18,1,0,0.99999607
55000900130309,2022-12-19,1,0,0.99999607
55000900130309,2022-12-20,1,0,0.99999607
55000900130309,2022-12-21,1,0,0.99999607
55000900130309,2022-12-22,1,0,0.99999607
55000900130309,2022-12-23,1,0,0.99999607
55000900130309,2022-12-24,1,0,0.99999607
55000900130309,2022-12-25,1,0,0.99999607
55000900130309,2022-12-26,1,0,0.99999607
55000900130309,2022-12-27,1,0,0.99999607
55000900130309,2022-12-28,1,0,0.99999607
55000900130309,2022-12-29,1,0,0.99999607
55000900130309,2022-12-30,1,0,0.99999607
55000900130309,2022-12-31,1,0,0.99999607
55000900130309,2023-01-01,1,0,0.99999607
55000900130309,2023-01-02,1,0,0.99999607
55000900130309,2023-01-03,1,0,0.99999607
55000900130309,2023-01-04,1,0,0.99999607
55000900130309,2023-01-05,1,0,0.99999607
55000900130309,2023-01-06,1,0,0.99999607
55000900130309,2023-01-07,1,0,0.99999607
55000900130309,2023-01-08,1,0,0.99999607
55000900130309,2023-01-09,1,0,0.99999607
55000900130309,2023-01-10,1,0,0.99999607
55000900130309,2023-01-11,1,0,0.99999607
55000900130309,2023-01-12,1,0,0.99999607
55000900130309,2023-01-13,1,0,0.99999607
55000900130309,2023-01-14,1,0,0.99999607
55000900130309,2023-01-15,1,0,0.99999607
55000900130309,2023-01-16,1,0,0.99999607
55000900130309,2023-01-17,1,0,0.99999607
55000900130309,2023-01-18,1,0,0.99999607
55000900130309,2023-01-19,1,0,0.99999607
55000900130309,2023-01-20,1,0,0.99999607
55000900130309,2023-01-21,1,0,0.99999607
55000900130309,2023-01-22,1,0,0.99999607
55000900130309,2023-01-23,1,0,0.99999607
55000900130309,2023-01-24,1,0,0.99999607
55000900130309,2023-01-25,1,0,0.99999607
55000900130309,2023-01-26,1,0,0.99999607
55000900130309,2023-01-27,1,0,0.99999607
55000900130309,2023-01-28,1,0,0.99999607
55000900130309,2023-01-29,1,0,0.99999607
55000900130309,2023-01-30,1,0,0.99999607
55000900130309,2023-01-31,1,0,0.99999607
55000900130309,2023-02-01,1,0,0.99999607
55000900130309,2023-02-02,1,0,0.99999607
55000900130309,2023-02-03,1,0,0.99999607
55000900130309,2023-02-04,1,0,0.99999607
55000900130309,2023-02-05,1,0,0.99999607
55000900130309,2023-02-06,1,0,0.99999607
55000900130309,2023-02-07,1,0,0.99999607
55000900130309,2023-02-08,1,0,0.99999607
55000900130309,2023-02-09,1,0,0.99999607
55000900130309,2023-02-10,1,0,0.99999607
55000900130309,2023-02-11,1,0,0.99999607
55000900130309,2023-02-12,1,0,0.99999607
55000900130309,2023-02-13,1,0,0.99999607
55000900130309,2023-02-14,1,0,0.99999607
55000900130309,2023-02-15,1,0,0.99999607
55000900130309,2023-02-16,1,0,0.99999607
55000900130309,2023-02-17,1,0,0.99999607
55000900130309,2023-02-18,1,0,0.99999607
55000900130309,2023-02-19,1,0,0.99999607
55000900130309,2023-02-20,1,0,0.99999607
55000900130309,2023-02-21,1,0,0.99999607
55000900130309,2023-02-22,1,0,0.99999607
55000900130309,2023-02-23,1,0,0.99999607
55000900130309,2023-02-24,1,0,0.99999607
55000900130309,2023-02-25,1,0,0.99999607
55000900130309,2023-02-26,1,0,0.99999607
55000900130309,2023-02-27,1,0,0.99999607
55000900130309,2023-02-28,1,0,0.99999607
55000900130309,2023-03-01,1,0,0.99999607
55000900130309,2023-03-02,1,0,0.99999607
55000900130309,2023-03-03,1,0,0.99999607
55000900130309,2023-03-04,1,0,0.99999607
55000900130309,2023-03-05,1,0,0.99999607
55000900130309,2023-03-06,1,0,0.99999607
55000900130309,2023-03-07,1,0,0.99999607
55000900130309,2023-03-08,1,0,0.99999607
55000900130309,2023-03-09,1,0,0.99999607
55000900130309,2023-03-10,1,0,0.99999607
55000900130309,2023-03-11,1,0,0.99999607
55000900130309,2023-03-13,1,0,0.99999607
55000900130309,2023-03-14,1,0,0.99999607
55000900130309,2023-03-15,1,0,0.99999607
55000900130309,2023-03-16,1,0,0.99999607
55000900130309,2023-03-17,1,0,0.99999607
55000900130309,2023-03-18,1,0,0.99999607
55000900130309,2023-03-19,1,0,0.99999607
55000900130309,2023-03-20,1,0,0.99999607
55000900130309,2023-03-21,1,0,0.99999607
55000900130309,2023-03-22,1,0,0.99999607
55000900130309,2023-03-23,1,0,0.99999607
55000900130309,2023-03-24,1,0,0.99999607
55000900130309,2023-03-25,1,0,0.99999607
55000900130309,2023-03-26,1,0,0.99999607
55000900130309,2023-03-27,1,0,0.99999607
55000900130309,2023-03-28,1,0,0.99999607
55000900130309,2023-03-29,1,0,0.99999607
55000900130309,2023-03-30,1,0,0.99999607
55000900130309,2023-03-31,1,0,0.99999607
55000900130309,2023-04-01,1,0,0.99999607
55000900130309,2023-04-02,1,0,0.99999607
55000900130309,2023-04-03,1,0,0.99999607
55000900130309,2023-04-04,1,0,0.99999607
55000900130309,2023-04-05,1,0,0.99999607
55000900130309,2023-04-06,1,0,0.99999607
55000900130309,2023-04-07,1,0,0.99999607
55000900130309,2023-04-08,1,0,0.99999607
55000900130309,2023-04-09,1,0,0.99999607
55000900130309,2023-04-10,1,0,0.99999607
55000900130309,2023-04-11,1,0,0.99999607
55000900130309,2023-04-12,1,0,0.99999607
55000900130309,2023-04-13,1,0,0.99999607
55000900130309,2023-04-14,1,0,0.99999607
55000900130309,2023-04-15,1,0,0.99999607
55000900130309,2023-04-16,1,0,0.99999607
55000900130309,2023-04-17,1,0,0.99999607
55000900130309,2023-04-18,1,0,0.99999607
55000900130309,2023-04-19,1,0,0.99999607
55000900130309,2023-04-20,1,0,0.99999607
55000900130316,2020-09-11,0,0,0.113035075
55000900130316,2020-09-12,0,0,0.113035075
55000900130316,2020-09-13,0,0,0.113035075
55000900130316,2020-09-14,0,0,0.113035075
55000900130316,2020-09-15,0,0,0.113035075
55000900130316,2020-09-16,0,0,0.113035075
55000900130316,2020-09-17,0,0,0.113035075
55000900130316,2020-09-18,0,0,0.113035075
55000900130316,2020-09-19,1,0,0.113035075
55000900130316,2020-09-20,0,0,0.113035075
55000900130316,2020-09-21,0,0,0.113035075
55000900130316,2020-09-22,0,0,0.5854007
55000900130316,2020-09-23,0,0,0.14997414
55000900130316,2020-09-24,1,0,0.14617637
55000900130316,2020-09-25,1,0,0.1458378
55000900130316,2020-09-26,1,0,0.14580908
55000900130316,2020-09-27,0,0,0.6676199
55000900130316,2020-09-28,0,0,0.7827319
55000900130316,2020-09-29,0,0,0.86390316
55000900130316,2020-09-30,0,0,0.41823974
55000900130316,2020-10-01,0,0,0.34655926
55000900130316,2020-10-02,0,0,0.3195995
55000900130316,2020-10-03,0,0,0.24592459
55000900130316,2020-10-04,0,0,0.24304841
55000900130316,2020-10-05,0,0,0.24127004
55000900130316,2020-10-06,0,0,0.239619
55000900130316,2020-10-07,0,0,0.23814075
55000900130316,2020-10-08,0,0,0.23665586
55000900130316,2020-10-09,0,0,0.23518272
55000900130316,2020-10-10,1,0,0.23373388
55000900130316,2020-10-11,1,0,0.23230058
55000900130316,2020-10-12,1,0,0.23088591
55000900130316,2020-10-13,1,0,0.69538355
55000900130316,2020-10-14,1,0,0.8215776
55000900130316,2020-10-15,1,0,0.88570654
55000900130316,2020-10-16,1,0,0.89585316
55000900130316,2020-10-17,0,0,0.8968129
55000900130316,2020-10-18,0,0,0.8944418
55000900130316,2020-10-19,0,0,0.89351696
55000900130316,2020-10-20,0,0,0.44202596
55000900130316,2020-10-21,0,0,0.35225886
55000900130316,2020-10-22,0,0,0.3392736
55000900130316,2020-10-23,0,0,0.2709961
55000900130316,2020-10-24,0,0,0.24074364
55000900130316,2020-10-25,0,0,0.22464122
55000900130316,2020-10-26,0,0,0.17177086
55000900130316,2020-10-27,0,0,0.17653115
55000900130316,2020-10-28,0,0,0.19838922
55000900130316,2020-10-29,0,0,0.20967938
55000900130316,2020-10-30,0,0,0.20702589
55000900130316,2020-10-31,0,0,0.20443097
55000900130316,2020-11-01,0,0,0.20189416
55000900130316,2020-11-02,0,0,0.19941328
55000900130316,2020-11-03,0,0,0.19696325
55000900130316,2020-11-04,0,0,0.1945485
55000900130316,2020-11-05,1,0,0.19212288
55000900130316,2020-11-06,1,0,0.18951428
55000900130316,2020-11-07,1,0,0.18641904
55000900130316,2020-11-08,1,0,0.6590055
55000900130316,2020-11-09,1,0,0.7348626
55000900130316,2020-11-10,1,0,0.79159945
55000900130316,2020-11-11,1,0,0.84196895
55000900130316,2020-11-12,1,0,0.8743744
55000900130316,2020-11-13,1,0,0.87929577
55000900130316,2020-11-14,1,0,0.8793383
55000900130316,2020-11-15,1,0,0.8798406
55000900130316,2020-11-16,1,0,0.8816352
55000900130316,2020-11-17,1,0,0.88515323
55000900130316,2020-11-18,1,0,0.8932494
55000900130316,2020-11-19,1,0,0.9238389
55000900130316,2020-11-20,1,0,0.97114336
55000900130316,2020-11-21,1,0,0.99217355
55000900130316,2020-11-22,1,0,0.99442685
55000900130316,2020-11-23,1,0,0.9945333
55000900130316,2020-11-24,1,0,0.99463177
55000900130316,2020-11-25,1,0,0.99477094
55000900130316,2020-11-26,1,0,0.99491066
55000900130316,2020-11-27,1,0,0.9950352
55000900130316,2020-11-28,1,0,0.9951444
55000900130316,2020-11-29,1,0,0.99523723
55000900130316,2020-11-30,1,0,0.99531543
55000900130316,2020-12-01,1,0,0.9953744
55000900130316,2020-12-02,1,0,0.99512464
55000900130316,2020-12-03,1,0,0.9947572
55000900130316,2020-12-04,1,0,0.9943904
55000900130316,2020-12-05,1,0,0.9934622
55000900130316,2020-12-06,1,0,0.9931571
55000900130316,2020-12-07,1,0,0.99340326
55000900130316,2020-12-08,1,0,0.99340326
55000900130316,2020-12-09,1,0,0.99340326
55000900130316,2020-12-10,1,0,0.99340326
55000900130316,2020-12-11,1,0,0.99340326
55000900130316,2020-12-12,1,0,0.99340326
55000900130316,2020-12-13,1,0,0.99340326
55000900130316,2020-12-14,1,0,0.99340326
55000900130316,2020-12-15,1,0,0.99340326
55000900130316,2020-12-16,1,0,0.99340326
55000900130316,2020-12-17,1,0,0.99340326
55000900130316,2020-12-18,1,0,0.99340326
55000900130316,2020-12-19,1,0,0.99340326
55000900130316,2020-12-20,1,0,0.99340326
55000900130316,2020-12-21,1,0,0.99340326
55000900130316,2020-12-22,1,0,0.99340326
55000900130316,2020-12-23,1,0,0.99340326
55000900130316,2020-12-24,1,0,0.99340326
55000900130316,2020-12-25,1,0,0.99340326
55000900130316,2020-12-26,1,0,0.99340326
55000900130316,2020-12-27,1,0,0.99340326
55000900130316,2020-12-28,1,0,0.99340326
55000900130316,2020-12-29,1,0,0.99340326
55000900130316,2020-12-30,1,0,0.99340326
55000900130316,2020-12-31,1,0,0.99340326
55000900130316,2021-01-01,1,0,0.99340326
55000900130316,2021-01-02,1,0,0.99340326
55000900130316,2021-01-03,1,0,0.99340326
55000900130316,2021-01-04,1,0,0.99340326
55000900130316,2021-01-05,1,0,0.99340326
55000900130316,2021-01-06,1,0,0.99340326
55000900130316,2021-01-07,1,0,0.99340326
55000900130316,2021-01-08,1,0,0.99340326
55000900130316,2021-01-09,1,0,0.99340326
55000900130316,2021-01-10,1,0,0.99340326
55000900130316,2021-01-11,1,0,0.99340326
55000900130316,2021-01-12,1,0,0.99340326
55000900130316,2021-01-13,1,0,0.99340326
55000900130316,2021-01-14,1,0,0.99340326
55000900130316,2021-01-15,1,0,0.99340326
55000900130316,2021-01-16,1,0,0.99340326
55000900130316,2021-01-17,1,0,0.99340326
55000900130316,2021-01-18,1,0,0.99340326
55000900130316,2021-01-19,1,0,0.99340326
55000900130316,2021-01-20,1,0,0.99340326
55000900130316,2021-01-21,1,0,0.99340326
55000900130316,2021-01-22,1,0,0.99340326
55000900130316,2021-01-23,1,0,0.99340326
55000900130316,2021-01-24,1,0,0.99340326
55000900130316,2021-01-25,1,0,0.99340326
55000900130316,2021-01-26,1,0,0.99340326
55000900130316,2021-01-27,1,0,0.99340326
55000900130316,2021-01-28,1,0,0.99340326
55000900130316,2021-01-29,1,0,0.99340326
55000900130316,2021-01-30,1,0,0.99340326
55000900130316,2021-01-31,1,0,0.99340326
55000900130316,2021-02-01,1,0,0.99340326
55000900130316,2021-02-02,1,0,0.99340326
55000900130316,2021-02-03,1,0,0.99340326
55000900130316,2021-02-04,1,0,0.99340326
55000900130316,2021-02-05,1,0,0.99340326
55000900130316,2021-02-06,1,0,0.99340326
55000900130316,2021-02-07,1,0,0.99340326
55000900130316,2021-02-08,1,0,0.99340326
55000900130316,2021-02-09,1,0,0.99340326
55000900130316,2021-02-10,1,0,0.99340326
55000900130316,2021-02-11,1,0,0.99340326
55000900130316,2021-02-12,1,0,0.99340326
55000900130316,2021-02-13,1,0,0.99340326
55000900130316,2021-02-14,1,0,0.99340326
55000900130316,2021-02-15,1,0,0.99340326
55000900130316,2021-02-16,1,0,0.99340326
55000900130316,2021-02-17,1,0,0.99340326
55000900130316,2021-02-18,1,0,0.99340326
55000900130316,2021-02-19,1,0,0.99340326
55000900130316,2021-02-20,1,0,0.99340326
55000900130316,2021-02-21,1,0,0.99340326
55000900130316,2021-02-22,1,0,0.99340326
55000900130316,2021-02-23,1,0,0.99340326
55000900130316,2021-02-24,1,0,0.99340326
55000900130316,2021-02-25,1,0,0.99340326
55000900130316,2021-02-26,1,0,0.99340326
55000900130316,2021-02-27,1,0,0.99340326
55000900130316,2021-02-28,1,0,0.99340326
55000900130316,2021-03-01,1,0,0.99340326
55000900130316,2021-03-02,1,0,0.99340326
55000900130316,2021-03-03,1,0,0.99340326
55000900130316,2021-03-04,1,0,0.99340326
55000900130316,2021-03-05,1,0,0.99340326
55000900130316,2021-03-06,1,0,0.99340326
55000900130316,2021-03-07,1,0,0.99340326
55000900130316,2021-03-08,1,0,0.99340326
55000900130316,2021-03-09,1,0,0.99340326
55000900130316,2021-03-10,1,0,0.99340326
55000900130316,2021-03-11,1,0,0.99340326
55000900130316,2021-03-12,1,0,0.99340326
55000900130316,2021-03-13,1,0,0.99340326
55000900130316,2021-03-15,1,0,0.99340326
55000900130316,2021-03-16,1,0,0.99340326
55000900130316,2021-03-17,1,0,0.99340326
55000900130316,2021-03-18,1,0,0.99340326
55000900130316,2021-03-19,1,0,0.99340326
55000900130316,2021-03-20,1,0,0.99340326
55000900130316,2021-03-21,1,0,0.99340326
55000900130316,2021-03-22,1,0,0.99340326
55000900130316,2021-03-23,1,0,0.99340326
55000900130316,2021-03-24,1,0,0.99340326
55000900130316,2021-03-25,1,0,0.99340326
55000900130316,2021-03-26,1,0,0.99340326
55000900130316,2021-03-27,1,0,0.99340326
55000900130316,2021-03-28,1,0,0.99340326
55000900130316,2021-03-29,1,0,0.99340326
55000900130316,2021-03-30,1,0,0.99340326
55000900130316,2021-03-31,1,0,0.99340326
55000900130316,2021-04-01,1,0,0.99340326
55000900130316,2021-04-02,1,0,0.99340326
55000900130316,2021-04-03,1,0,0.99340326
55000900130316,2021-04-04,1,0,0.99340326
55000900130316,2021-04-05,1,0,0.99340326
55000900130316,2021-04-06,1,0,0.99340326
55000900130316,2021-04-07,1,0,0.99340326
55000900130316,2021-04-08,1,0,0.99340326
55000900130316,2021-04-09,1,0,0.99340326
55000900130316,2021-04-10,1,0,0.99340326
55000900130316,2021-04-11,1,0,0.99340326
55000900130316,2021-04-12,1,0,0.99340326
55000900130316,2021-04-13,1,0,0.99340326
55000900130316,2021-04-14,1,0,0.99340326
55000900130316,2021-04-15,1,0,0.99340326
55000900130316,2021-04-16,1,0,0.99340326
55000900130316,2021-04-17,1,0,0.99340326
55000900130316,2021-04-18,1,0,0.99340326
55000900130316,2021-04-19,1,0,0.99340326
55000900130316,2021-04-20,1,0,0.99340326
55000900130316,2021-04-21,1,0,0.99340326
55000900130316,2021-04-22,1,0,0.99340326
55000900130316,2021-04-23,1,0,0.99340326
55000900130316,2021-04-24,1,0,0.99340326
55000900130316,2021-04-25,1,0,0.99340326
55000900130316,2021-04-26,1,0,0.99340326
55000900130316,2021-04-27,1,0,0.99340326
55000900130316,2021-04-28,1,0,0.99340326
55000900130316,2021-04-29,1,0,0.99340326
55000900130316,2021-04-30,1,0,0.99340326
55000900130316,2021-05-01,1,0,0.99340326
55000900130316,2021-05-02,1,0,0.99340326
55000900130316,2021-05-03,1,0,0.99340326
55000900130316,2021-05-04,1,0,0.99340326
55000900130316,2021-05-05,1,0,0.99340326
55000900130316,2021-05-06,1,0,0.99340326
55000900130316,2021-05-07,1,0,0.99340326
55000900130316,2021-05-08,1,0,0.99340326
55000900130316,2021-05-09,1,0,0.99340326
55000900130316,2021-05-10,1,0,0.99340326
55000900130316,2021-05-11,1,0,0.99340326
55000900130316,2021-05-12,1,0,0.99340326
55000900130316,2021-05-13,1,0,0.99340326
55000900130316,2021-05-14,1,0,0.99340326
55000900130316,2021-05-15,1,0,0.99340326
55000900130316,2021-05-16,1,0,0.99340326
55000900130316,2021-05-17,1,0,0.99340326
55000900130316,2021-05-18,1,0,0.99340326
55000900130316,2021-05-19,1,0,0.99340326
55000900130316,2021-05-20,1,0,0.99340326
55000900130316,2021-05-21,1,0,0.99340326
55000900130316,2021-05-22,1,0,0.99340326
55000900130316,2021-05-23,1,0,0.99340326
55000900130316,2021-05-24,1,0,0.99340326
55000900130316,2021-05-25,1,0,0.99340326
55000900130316,2021-05-26,1,0,0.99340326
55000900130316,2021-05-27,1,0,0.99340326
55000900130316,2021-05-28,1,0,0.99340326
55000900130316,2021-05-29,1,0,0.99340326
55000900130316,2021-05-30,1,0,0.99340326
55000900130316,2021-05-31,1,0,0.99340326
55000900130316,2021-06-01,1,0,0.99340326
55000900130316,2021-06-02,1,0,0.99340326
55000900130316,2021-06-03,1,0,0.99340326
55000900130316,2021-06-04,1,0,0.99340326
55000900130316,2021-06-05,1,0,0.99340326
55000900130316,2021-06-06,1,0,0.99340326
55000900130316,2021-06-07,1,0,0.99340326
55000900130316,2021-06-08,1,0,0.99340326
55000900130316,2021-06-09,1,0,0.99340326
55000900130316,2021-06-10,1,0,0.99340326
55000900130316,2021-06-11,1,0,0.99340326
55000900130316,2021-06-12,1,0,0.99340326
55000900130316,2021-06-13,1,0,0.99340326
55000900130316,2021-06-14,1,0,0.99340326
55000900130316,2021-06-15,1,0,0.99340326
55000900130316,2021-06-16,0,0,0.99340326
55000900130316,2021-06-17,0,0,0.99340326
55000900130316,2021-06-18,0,0,0.99340326
55000900130316,2021-06-19,0,0,0.34418976
55000900130316,2021-06-20,0,0,0.22948581
55000900130316,2021-06-21,0,0,0.2254471
55000900130316,2021-06-22,0,0,0.14853592
55000900130316,2021-06-23,0,0,0.1381358
55000900130316,2021-06-24,1,0,0.13334344
55000900130316,2021-06-25,1,0,0.12898317
55000900130316,2021-06-26,0,0,0.12503847
55000900130316,2021-06-27,0,0,0.5565186
55000900130316,2021-06-28,0,0,0.6620776
55000900130316,2021-06-29,0,0,0.24079947
55000900130316,2021-06-30,0,0,0.25896102
55000900130316,2021-07-01,0,0,0.22135694
55000900130316,2021-07-02,0,0,0.17542621
55000900130316,2021-07-03,0,0,0.17246814
55000900130316,2021-07-04,0,0,0.17117648
55000900130316,2021-07-05,0,0,0.16971597
55000900130316,2021-07-06,0,0,0.1684529
55000900130316,2021-07-07,0,0,0.16715199
55000900130316,2021-07-08,0,0,0.16586365
55000900130316,2021-07-09,0,0,0.16458066
55000900130316,2021-07-10,0,0,0.16331562
55000900130316,2021-07-11,0,0,0.1620631
55000900130316,2021-07-12,0,0,0.1608248
55000900130316,2021-07-13,0,0,0.15968794
55000900130316,2021-07-14,0,0,0.15873764
55000900130316,2021-07-15,0,0,0.15788767
55000900130316,2021-07-16,0,0,0.16139066
55000900130316,2021-07-17,0,0,0.17692192
55000900130316,2021-07-18,0,0,0.18412447
55000900130316,2021-07-19,0,0,0.18220416
55000900130316,2021-07-20,0,0,0.18016864
55000900130316,2021-07-21,0,0,0.1777999
55000900130316,2021-07-22,0,0,0.17470424
55000900130316,2021-07-23,0,0,0.1628755
55000900130316,2021-07-24,0,0,0.14502087
55000900130316,2021-07-25,0,0,0.116416246
55000900130316,2021-07-26,0,0,0.09273808
55000900130316,2021-07-27,0,0,0.10466357
55000900130316,2021-07-28,0,0,0.113035075
55000900130316,2021-07-29,0,0,0.113035075
55000900130316,2021-07-30,0,0,0.113035075
55000900130316,2021-07-31,0,0,0.113035075
55000900130316,2021-08-01,0,0,0.113035075
55000900130316,2021-08-02,0,0,0.113035075
55000900130316,2021-08-03,0,0,0.113035075
55000900130316,2021-08-04,0,0,0.113035075
55000900130316,2021-08-05,0,0,0.113035075
55000900130316,2021-08-06,0,0,0.113035075
55000900130316,2021-08-07,0,0,0.113035075
55000900130316,2021-08-08,0,0,0.113035075
55000900130316,2021-08-09,0,0,0.113035075
55000900130316,2021-08-10,0,0,0.113035075
55000900130316,2021-08-11,0,0,0.113035075
55000900130316,2021-08-12,0,0,0.113035075
55000900130316,2021-08-13,0,0,0.113035075
55000900130316,2021-08-14,0,0,0.113035075
55000900130316,2021-08-15,0,0,0.113035075
55000900130316,2021-08-16,0,0,0.113035075
55000900130316,2021-08-17,0,0,0.113035075
55000900130316,2021-08-18,0,0,0.113035075
55000900130316,2021-08-19,0,0,0.113035075
55000900130316,2021-08-20,0,0,0.113035075
55000900130316,2021-08-21,0,0,0.113035075
55000900130316,2021-08-22,0,0,0.113035075
55000900130316,2021-08-23,0,0,0.113035075
55000900130316,2021-08-24,0,0,0.113035075
55000900130316,2021-08-25,0,0,0.113035075
55000900130316,2021-08-26,0,0,0.113035075
55000900130316,2021-08-27,0,0,0.113035075
55000900130316,2021-08-28,0,0,0.113035075
55000900130316,2021-08-29,0,0,0.113035075
55000900130316,2021-08-30,0,0,0.113035075
55000900130316,2021-08-31,0,0,0.113035075
55000900130316,2021-09-01,0,0,0.113035075
55000900130316,2021-09-02,0,0,0.113035075
55000900130316,2021-09-03,0,0,0.113035075
55000900130316,2021-09-04,0,0,0.113035075
55000900130316,2021-09-05,0,0,0.113035075
55000900130316,2021-09-06,0,0,0.113035075
55000900130316,2021-09-07,0,0,0.113035075
55000900130316,2021-09-08,0,0,0.113035075
55000900130316,2021-09-09,0,0,0.113035075
55000900130316,2021-09-10,0,0,0.113035075
55000900130316,2021-09-11,0,0,0.113035075
55000900130316,2021-09-12,0,0,0.113035075
55000900130316,2021-09-13,0,0,0.113035075
55000900130316,2021-09-14,0,0,0.113035075
55000900130316,2021-09-15,0,0,0.113035075
55000900130316,2021-09-16,0,0,0.113035075
55000900130316,2021-09-17,0,0,0.113035075
55000900130316,2021-09-18,1,0,0.113035075
55000900130316,2021-09-19,1,0,0.113035075
55000900130316,2021-09-20,1,0,0.113035075
55000900130316,2021-09-21,0,0,0.5854007
55000900130316,2021-09-22,0,0,0.61759806
55000900130316,2021-09-23,0,0,0.76796854
55000900130316,2021-09-24,0,0,0.35988507
55000900130316,2021-09-25,0,0,0.3125126
55000900130316,2021-09-26,0,0,0.2882291
55000900130316,2021-09-27,1,0,0.22358279
55000900130316,2021-09-28,1,0,0.21934469
55000900130316,2021-09-29,1,0,0.21612744
55000900130316,2021-09-30,0,0,0.6684775
55000900130316,2021-10-01,0,0,0.8058318
55000900130316,2021-10-02,0,0,0.87487113
55000900130316,2021-10-03,0,0,0.42533472
55000900130316,2021-10-04,0,0,0.35390407
55000900130316,2021-10-05,0,0,0.3287989
55000900130316,2021-10-06,0,0,0.24651611
55000900130316,2021-10-07,0,0,0.2426261
55000900130316,2021-10-08,0,0,0.24059433
55000900130316,2021-10-09,0,0,0.23889391
55000900130316,2021-10-10,0,0,0.23730902
55000900130316,2021-10-11,0,0,0.23574233
55000900130316,2021-10-12,0,0,0.23417334
55000900130316,2021-10-13,0,0,0.23261333
55000900130316,2021-10-14,0,0,0.23105566
55000900130316,2021-10-15,0,0,0.22945845
55000900130316,2021-10-16,0,0,0.22774148
55000900130316,2021-10-17,0,0,0.22394273
55000900130316,2021-10-18,0,0,0.21742976
55000900130316,2021-10-19,0,0,0.19445872
55000900130316,2021-10-20,0,0,0.1545529
55000900130316,2021-10-21,1,0,0.15788007
55000900130316,2021-10-22,1,0,0.17284268
55000900130316,2021-10-23,1,0,0.17980851
55000900130316,2021-10-24,1,0,0.6637693
55000900130316,2021-10-25,1,0,0.7590027
55000900130316,2021-10-26,1,0,0.8498755
55000900130316,2021-10-27,1,0,0.8798156
55000900130316,2021-10-28,1,0,0.88033044
55000900130316,2021-10-29,1,0,0.8793498
55000900130316,2021-10-30,1,0,0.8795857
55000900130316,2021-10-31,1,0,0.8807871
55000900130316,2021-11-01,1,0,0.88234025
55000900130316,2021-11-02,1,0,0.88492954
55000900130316,2021-11-03,1,0,0.8932494
55000900130316,2021-11-04,1,0,0.9238389
55000900130316,2021-11-05,1,0,0.97114336
55000900130316,2021-11-06,1,0,0.99217355
55000900130316,2021-11-07,1,0,0.99442685
55000900130316,2021-11-08,1,0,0.9945333
55000900130316,2021-11-09,1,0,0.99463177
55000900130316,2021-11-10,1,0,0.99477094
55000900130316,2021-11-11,1,0,0.99491066
55000900130316,2021-11-12,1,0,0.9950352
55000900130316,2021-11-13,1,0,0.9951444
55000900130316,2021-11-14,1,0,0.99523723
55000900130316,2021-11-15,1,0,0.99531543
55000900130316,2021-11-16,1,0,0.9953744
55000900130316,2021-11-17,1,0,0.99512464
55000900130316,2021-11-18,1,0,0.9947572
55000900130316,2021-11-19,1,0,0.9943904
55000900130316,2021-11-20,1,0,0.9934622
55000900130316,2021-11-21,1,0,0.9931571
55000900130316,2021-11-22,1,0,0.99340326
55000900130316,2021-11-23,1,0,0.99340326
55000900130316,2021-11-24,1,0,0.99340326
55000900130316,2021-11-25,1,0,0.99340326
55000900130316,2021-11-26,1,0,0.99340326
55000900130316,2021-11-27,1,0,0.99340326
55000900130316,2021-11-28,1,0,0.99340326
55000900130316,2021-11-29,1,0,0.99340326
55000900130316,2021-11-30,1,0,0.99340326
55000900130316,2021-12-01,1,0,0.99340326
55000900130316,2021-12-02,1,0,0.99340326
55000900130316,2021-12-03,1,0,0.99340326
55000900130316,2021-12-04,1,0,0.99340326
55000900130316,2021-12-05,1,0,0.99340326
55000900130316,2021-12-06,1,0,0.99340326
55000900130316,2021-12-07,1,0,0.99340326
55000900130316,2021-12-08,1,0,0.99340326
55000900130316,2021-12-09,1,0,0.99340326
55000900130316,2021-12-10,1,0,0.99340326
55000900130316,2021-12-11,1,0,0.99340326
55000900130316,2021-12-12,1,0,0.99340326
55000900130316,2021-12-13,1,0,0.99340326
55000900130316,2021-12-14,1,0,0.99340326
55000900130316,2021-12-15,1,0,0.99340326
55000900130316,2021-12-16,1,0,0.99340326
55000900130316,2021-12-17,1,0,0.99340326
55000900130316,2021-12-18,1,0,0.99340326
55000900130316,2021-12-19,1,0,0.99340326
55000900130316,2021-12-20,1,0,0.99340326
55000900130316,2021-12-21,1,0,0.99340326
55000900130316,2021-12-22,1,0,0.99340326
55000900130316,2021-12-23,1,0,0.99340326
55000900130316,2021-12-24,1,0,0.99340326
55000900130316,2021-12-25,1,0,0.99340326
55000900130316,2021-12-26,1,0,0.99340326
55000900130316,2021-12-27,1,0,0.99340326
55000900130316,2021-12-28,1,0,0.99340326
55000900130316,2021-12-29,1,0,0.99340326
55000900130316,2021-12-30,1,0,0.99340326
55000900130316,2021-12-31,1,0,0.99340326
55000900130316,2022-01-01,1,0,0.99340326
55000900130316,2022-01-02,1,0,0.99340326
55000900130316,2022-01-03,1,0,0.99340326
55000900130316,2022-01-04,1,0,0.99340326
55000900130316,2022-01-05,1,0,0.99340326
55000900130316,2022-01-06,1,0,0.99340326
55000900130316,2022-01-07,1,0,0.99340326
55000900130316,2022-01-08,1,0,0.99340326
55000900130316,2022-01-09,1,0,0.99340326
55000900130316,2022-01-10,1,0,0.99340326
55000900130316,2022-01-11,1,0,0.99340326
55000900130316,2022-01-12,1,0,0.99340326
55000900130316,2022-01-13,1,0,0.99340326
55000900130316,2022-01-14,1,0,0.99340326
55000900130316,2022-01-15,1,0,0.99340326
55000900130316,2022-01-16,1,0,0.99340326
55000900130316,2022-01-17,1,0,0.99340326
55000900130316,2022-01-18,1,0,0.99340326
55000900130316,2022-01-19,1,0,0.99340326
55000900130316,2022-01-20,1,0,0.99340326
55000900130316,2022-01-21,1,0,0.99340326
55000900130316,2022-01-22,1,0,0.99340326
55000900130316,2022-01-23,1,0,0.99340326
55000900130316,2022-01-24,1,0,0.99340326
55000900130316,2022-01-25,1,0,0.99340326
55000900130316,2022-01-26,1,0,0.99340326
55000900130316,2022-01-27,1,0,0.99340326
55000900130316,2022-01-28,1,0,0.99340326
55000900130316,2022-01-29,1,0,0.99340326
55000900130316,2022-01-30,1,0,0.99340326
55000900130316,2022-01-31,1,0,0.99340326
55000900130316,2022-02-01,1,0,0.99340326
55000900130316,2022-02-02,1,0,0.99340326
55000900130316,2022-02-03,1,0,0.99340326
55000900130316,2022-02-04,1,0,0.99340326
55000900130316,2022-02-05,1,0,0.99340326
55000900130316,2022-02-06,1,0,0.99340326
55000900130316,2022-02-07,1,0,0.99340326
55000900130316,2022-02-08,1,0,0.99340326
55000900130316,2022-02-09,1,0,0.99340326
55000900130316,2022-02-10,1,0,0.99340326
55000900130316,2022-02-11,1,0,0.99340326
55000900130316,2022-02-12,1,0,0.99340326
55000900130316,2022-02-13,1,0,0.99340326
55000900130316,2022-02-14,1,0,0.99340326
55000900130316,2022-02-15,1,0,0.99340326
55000900130316,2022-02-16,1,0,0.99340326
55000900130316,2022-02-17,1,0,0.99340326
55000900130316,2022-02-18,1,0,0.99340326
55000900130316,2022-02-19,1,0,0.99340326
55000900130316,2022-02-20,1,0,0.99340326
55000900130316,2022-02-21,1,0,0.99340326
55000900130316,2022-02-22,1,0,0.99340326
55000900130316,2022-02-23,1,0,0.99340326
55000900130316,2022-02-24,1,0,0.99340326
55000900130316,2022-02-25,1,0,0.99340326
55000900130316,2022-02-26,1,0,0.99340326
55000900130316,2022-02-27,1,0,0.99340326
55000900130316,2022-02-28,1,0,0.99340326
55000900130316,2022-03-01,1,0,0.99340326
55000900130316,2022-03-02,1,0,0.99340326
55000900130316,2022-03-03,1,0,0.99340326
55000900130316,2022-03-04,1,0,0.99340326
55000900130316,2022-03-05,1,0,0.99340326
55000900130316,2022-03-06,1,0,0.99340326
55000900130316,2022-03-07,1,0,0.99340326
55000900130316,2022-03-08,1,0,0.99340326
55000900130316,2022-03-09,1,0,0.99340326
55000900130316,2022-03-10,1,0,0.99340326
55000900130316,2022-03-11,1,0,0.99340326
55000900130316,2022-03-12,1,0,0.99340326
55000900130316,2022-03-14,1,0,0.99340326
55000900130316,2022-03-15,1,0,0.99340326
55000900130316,2022-03-16,1,0,0.99340326
55000900130316,2022-03-17,1,0,0.99340326
55000900130316,2022-03-18,1,0,0.99340326
55000900130316,2022-03-19,1,0,0.99340326
55000900130316,2022-03-20,1,0,0.99340326
55000900130316,2022-03-21,1,0,0.99340326
55000900130316,2022-03-22,1,0,0.99340326
55000900130316,2022-03-23,1,0,0.99340326
55000900130316,2022-03-24,1,0,0.99340326
55000900130316,2022-03-25,1,0,0.99340326
55000900130316,2022-03-26,1,0,0.99340326
55000900130316,2022-03-27,1,0,0.99340326
55000900130316,2022-03-28,1,0,0.99340326
55000900130316,2022-03-29,1,0,0.99340326
55000900130316,2022-03-30,1,0,0.99340326
55000900130316,2022-03-31,1,0,0.99340326
55000900130316,2022-04-01,1,0,0.99340326
55000900130316,2022-04-02,1,0,0.99340326
55000900130316,2022-04-03,1,0,0.99340326
55000900130316,2022-04-04,1,0,0.99340326
55000900130316,2022-04-05,1,0,0.99340326
55000900130316,2022-04-06,1,0,0.99340326
55000900130316,2022-04-07,1,0,0.99340326
55000900130316,2022-04-08,1,0,0.99340326
55000900130316,2022-04-09,1,0,0.99340326
55000900130316,2022-04-10,1,0,0.99340326
55000900130316,2022-04-11,1,0,0.99340326
55000900130316,2022-04-12,1,0,0.99340326
55000900130316,2022-04-13,1,0,0.99340326
55000900130316,2022-04-14,1,0,0.99340326
55000900130316,2022-04-15,1,0,0.99340326
55000900130316,2022-04-16,1,0,0.99340326
55000900130316,2022-04-17,1,0,0.99340326
55000900130316,2022-04-18,1,0,0.99340326
55000900130316,2022-04-19,1,0,0.99340326
55000900130316,2022-04-20,1,0,0.99340326
55000900130316,2022-04-21,1,0,0.99340326
55000900130316,2022-04-22,1,0,0.99340326
55000900130316,2022-04-23,1,0,0.99340326
55000900130316,2022-04-24,1,0,0.99340326
55000900130316,2022-04-25,1,0,0.99340326
55000900130316,2022-04-26,1,0,0.99340326
55000900130316,2022-04-27,1,0,0.99340326
55000900130316,2022-04-28,1,0,0.99340326
55000900130316,2022-04-29,1,0,0.99340326
55000900130316,2022-04-30,1,0,0.99340326
55000900130316,2022-05-01,1,0,0.99340326
55000900130316,2022-05-02,1,0,0.99340326
55000900130316,2022-05-03,1,0,0.99340326
55000900130316,2022-05-04,1,0,0.99340326
55000900130316,2022-05-05,1,0,0.99340326
55000900130316,2022-05-06,1,0,0.99340326
55000900130316,2022-05-07,1,0,0.99340326
55000900130316,2022-05-08,1,0,0.99340326
55000900130316,2022-05-09,1,0,0.99340326
55000900130316,2022-05-10,1,0,0.99340326
55000900130316,2022-05-11,1,0,0.99340326
55000900130316,2022-05-12,1,0,0.99340326
55000900130316,2022-05-13,1,0,0.99340326
55000900130316,2022-05-14,1,0,0.99340326
55000900130316,2022-05-15,1,0,0.99340326
55000900130316,2022-05-16,1,0,0.99340326
55000900130316,2022-05-17,1,0,0.99340326
55000900130316,2022-05-18,1,0,0.99340326
55000900130316,2022-05-19,1,0,0.99340326
55000900130316,2022-05-20,1,0,0.99340326
55000900130316,2022-05-21,1,0,0.99340326
55000900130316,2022-05-22,1,0,0.99340326
55000900130316,2022-05-23,1,0,0.99340326
55000900130316,2022-05-24,1,0,0.99340326
55000900130316,2022-05-25,1,0,0.99340326
55000900130316,2022-05-26,1,0,0.99340326
55000900130316,2022-05-27,1,0,0.99340326
55000900130316,2022-05-28,1,0,0.99340326
55000900130316,2022-05-29,1,0,0.99340326
55000900130316,2022-05-30,1,0,0.99340326
55000900130316,2022-05-31,1,0,0.99340326
55000900130316,2022-06-01,1,0,0.99340326
55000900130316,2022-06-02,1,0,0.99340326
55000900130316,2022-06-03,1,0,0.99340326
55000900130316,2022-06-04,1,0,0.99340326
55000900130316,2022-06-05,1,0,0.99340326
55000900130316,2022-06-06,1,0,0.99340326
55000900130316,2022-06-07,1,0,0.99340326
55000900130316,2022-06-08,1,0,0.99340326
55000900130316,2022-06-09,1,0,0.99340326
55000900130316,2022-06-10,1,0,0.99340326
55000900130316,2022-06-11,1,0,0.99340326
55000900130316,2022-06-12,1,0,0.99340326
55000900130316,2022-06-13,1,0,0.99340326
55000900130316,2022-06-14,1,0,0.99340326
55000900130316,2022-06-15,1,0,0.99340326
55000900130316,2022-06-16,1,0,0.99340326
55000900130316,2022-06-17,1,0,0.99340326
55000900130316,2022-06-18,1,0,0.99340326
55000900130316,2022-06-19,1,0,0.99340326
55000900130316,2022-06-20,1,0,0.99340326
55000900130316,2022-06-21,1,0,0.99340326
55000900130316,2022-06-22,1,0,0.99340326
55000900130316,2022-06-23,1,0,0.99340326
55000900130316,2022-06-24,1,0,0.99340326
55000900130316,2022-06-25,1,0,0.99340326
55000900130316,2022-06-26,1,0,0.99340326
55000900130316,2022-06-29,1,0,0.99340326
55000900130316,2022-06-30,1,0,0.99340326
55000900130316,2022-07-01,1,0,0.99340326
55000900130316,2022-07-02,1,0,0.99340326
55000900130316,2022-07-03,1,0,0.99340326
55000900130316,2022-07-04,1,0,0.99340326
55000900130316,2022-07-05,1,0,0.99340326
55000900130316,2022-07-06,1,0,0.99340326
55000900130316,2022-07-07,1,0,0.99340326
55000900130316,2022-07-08,1,0,0.99340326
55000900130316,2022-07-09,1,0,0.99340326
55000900130316,2022-07-10,1,0,0.99340326
55000900130316,2022-07-11,1,0,0.99340326
55000900130316,2022-07-12,1,0,0.99340326
55000900130316,2022-07-13,1,0,0.99340326
55000900130316,2022-07-14,1,0,0.99340326
55000900130316,2022-07-15,1,0,0.99340326
55000900130316,2022-07-16,1,0,0.99340326
55000900130316,2022-07-17,1,0,0.99340326
55000900130316,2022-07-18,1,0,0.99340326
55000900130316,2022-07-19,1,0,0.99340326
55000900130316,2022-07-20,1,0,0.99340326
55000900130316,2022-07-21,1,0,0.99340326
55000900130316,2022-07-22,1,0,0.99340326
55000900130316,2022-07-23,1,0,0.99340326
55000900130316,2022-07-24,1,0,0.99340326
55000900130316,2022-07-25,1,0,0.99340326
55000900130316,2022-07-26,1,0,0.99340326
55000900130316,2022-07-27,1,0,0.99340326
55000900130316,2022-07-28,1,0,0.99340326
55000900130316,2022-07-29,1,0,0.99340326
55000900130316,2022-07-30,1,0,0.99340326
55000900130316,2022-07-31,1,0,0.99340326
55000900130316,2022-08-01,1,0,0.99340326
55000900130316,2022-08-02,1,0,0.99340326
55000900130316,2022-08-03,1,0,0.99340326
55000900130316,2022-08-04,1,0,0.99340326
55000900130316,2022-08-05,1,0,0.99340326
55000900130316,2022-08-06,1,0,0.99340326
55000900130316,2022-08-07,1,0,0.99340326
55000900130316,2022-08-08,1,0,0.99340326
55000900130316,2022-08-09,1,0,0.99340326
55000900130316,2022-08-10,1,0,0.99340326
55000900130316,2022-08-11,1,0,0.99340326
55000900130316,2022-08-12,1,0,0.99340326
55000900130316,2022-08-13,1,0,0.99340326
55000900130316,2022-08-14,1,0,0.99340326
55000900130316,2022-08-15,1,0,0.99340326
55000900130316,2022-08-16,1,0,0.99340326
55000900130316,2022-08-17,1,0,0.99340326
55000900130316,2022-08-18,1,0,0.99340326
55000900130316,2022-08-19,1,0,0.99340326
55000900130316,2022-08-20,1,0,0.99340326
55000900130316,2022-08-21,1,0,0.99340326
55000900130316,2022-08-22,1,0,0.99340326
55000900130316,2022-08-23,1,0,0.99340326
55000900130316,2022-08-24,1,0,0.99340326
55000900130316,2022-08-25,1,0,0.99340326
55000900130316,2022-08-26,0,0,0.99340326
55000900130316,2022-08-27,0,0,0.99340326
55000900130316,2022-08-28,0,0,0.99340326
55000900130316,2022-08-29,0,0,0.34418976
55000900130316,2022-08-30,0,0,0.22948581
55000900130316,2022-08-31,0,0,0.2254471
55000900130316,2022-09-01,0,0,0.14853592
55000900130316,2022-09-02,0,0,0.1381358
55000900130316,2022-09-03,0,0,0.13334344
55000900130316,2022-09-04,0,0,0.12898317
55000900130316,2022-09-05,0,0,0.12503847
55000900130316,2022-09-06,0,0,0.12134136
55000900130316,2022-09-07,0,0,0.11789322
55000900130316,2022-09-08,0,0,0.114715695
55000900130316,2022-09-09,0,0,0.11178253
55000900130316,2022-09-10,0,0,0.10910128
55000900130316,2022-09-11,0,0,0.10664511
55000900130316,2022-09-12,0,0,0.104416974
55000900130316,2022-09-13,0,0,0.10239472
55000900130316,2022-09-14,0,0,0.100568324
55000900130316,2022-09-15,0,0,0.098917335
55000900130316,2022-09-16,0,0,0.09743287
55000900130316,2022-09-17,0,0,0.09609524
55000900130316,2022-09-18,0,0,0.09490175
55000900130316,2022-09-19,0,0,0.093837045
55000900130316,2022-09-20,0,0,0.092881545
55000900130316,2022-09-21,1,0,0.09206614
55000900130316,2022-09-22,1,0,0.091330945
55000900130316,2022-09-23,0,0,0.090851
55000900130316,2022-09-24,0,0,0.51790226
55000900130316,2022-09-25,0,0,0.59657735
55000900130316,2022-09-26,0,0,0.28620982
55000900130316,2022-09-27,0,0,0.31126827
55000900130316,2022-09-28,0,0,0.25945592
55000900130316,2022-09-29,0,0,0.2229343
55000900130316,2022-09-30,0,0,0.21872303
55000900130316,2022-10-01,0,0,0.21581477
55000900130316,2022-10-02,0,0,0.21300764
55000900130316,2022-10-03,0,0,0.2103617
55000900130316,2022-10-04,0,0,0.2077832
55000900130316,2022-10-05,0,0,0.2052728
55000900130316,2022-10-06,0,0,0.20284651
55000900130316,2022-10-07,0,0,0.20049791
55000900130316,2022-10-08,0,0,0.19823779
55000900130316,2022-10-09,0,0,0.1960491
55000900130316,2022-10-10,0,0,0.19393352
55000900130316,2022-10-11,0,0,0.19188009
55000900130316,2022-10-12,0,0,0.18988949
55000900130316,2022-10-13,0,0,0.18794069
55000900130316,2022-10-14,0,0,0.18603273
55000900130316,2022-10-15,0,0,0.18412447
55000900130316,2022-10-16,0,0,0.18220416
55000900130316,2022-10-17,0,0,0.18016864
55000900130316,2022-10-18,0,0,0.1777999
55000900130316,2022-10-19,0,0,0.17470424
55000900130316,2022-10-20,0,0,0.1628755
55000900130316,2022-10-21,1,0,0.14502087
55000900130316,2022-10-22,1,0,0.116416246
55000900130316,2022-10-23,1,0,0.09273808
55000900130316,2022-10-24,1,0,0.566736
55000900130316,2022-10-25,1,0,0.61759806
55000900130316,2022-10-26,1,0,0.76796854
55000900130316,2022-10-27,1,0,0.84722906
55000900130316,2022-10-28,0,0,0.87654567
55000900130316,2022-10-29,0,0,0.8809825
55000900130316,2022-10-30,0,0,0.88075143
55000900130316,2022-10-31,0,0,0.41161022
55000900130316,2022-11-01,1,0,0.3275594
55000900130316,2022-11-02,1,0,0.30913252
55000900130316,2022-11-03,1,0,0.25060332
55000900130316,2022-11-04,1,0,0.68409985
55000900130316,2022-11-05,1,0,0.8024105
55000900130316,2022-11-06,1,0,0.87108004
55000900130316,2022-11-07,1,0,0.8871726
55000900130316,2022-11-08,1,0,0.8912295
55000900130316,2022-11-09,1,0,0.89169604
55000900130316,2022-11-10,1,0,0.89273125
55000900130316,2022-11-11,1,0,0.89536685
55000900130316,2022-11-12,1,0,0.90557575
55000900130316,2022-11-13,1,0,0.93821126
55000900130316,2022-11-14,1,0,0.97646594
55000900130316,2022-11-15,1,0,0.9920615
55000900130316,2022-11-16,1,0,0.99392796
55000900130316,2022-11-17,1,0,0.99408394
55000900130316,2022-11-18,0,0,0.99418724
55000900130316,2022-11-19,0,0,0.99431956
55000900130316,2022-11-20,0,0,0.9943401
55000900130316,2022-11-21,0,0,0.470569
55000900130316,2022-11-22,1,0,0.23472138
55000900130316,2022-11-23,1,0,0.2764887
55000900130316,2022-11-24,1,0,0.18046862
55000900130316,2022-11-25,1,0,0.65586376
55000900130316,2022-11-26,1,0,0.75973415
55000900130316,2022-11-27,1,0,0.85122794
55000900130316,2022-11-28,1,0,0.8849899
55000900130316,2022-11-29,1,0,0.8913245
55000900130316,2022-11-30,1,0,0.890759
55000900130316,2022-12-01,1,0,0.8901578
55000900130316,2022-12-02,1,0,0.88655216
55000900130316,2022-12-03,1,0,0.89014745
55000900130316,2022-12-04,1,0,0.9108407
55000900130316,2022-12-05,1,0,0.95410275
55000900130316,2022-12-06,1,0,0.98601043
55000900130316,2022-12-07,1,0,0.9934047
55000900130316,2022-12-08,1,0,0.9940071
55000900130316,2022-12-09,1,0,0.9941057
55000900130316,2022-12-10,1,0,0.99419904
55000900130316,2022-12-11,1,0,0.9943135
55000900130316,2022-12-12,1,0,0.99440646
55000900130316,2022-12-13,1,0,0.9945003
55000900130316,2022-12-14,1,0,0.99456525
55000900130316,2022-12-15,1,0,0.99467623
55000900130316,2022-12-16,1,0,0.9947343
55000900130316,2022-12-17,1,0,0.9948657
55000900130316,2022-12-18,1,0,0.9948167
55000900130316,2022-12-19,1,0,0.9947037
55000900130316,2022-12-20,1,0,0.9947572
55000900130316,2022-12-21,1,0,0.9943904
55000900130316,2022-12-22,1,0,0.9934622
55000900130316,2022-12-23,1,0,0.9931571
55000900130316,2022-12-24,1,0,0.99340326
55000900130316,2022-12-25,1,0,0.99340326
55000900130316,2022-12-26,1,0,0.99340326
55000900130316,2022-12-27,1,0,0.99340326
55000900130316,2022-12-28,1,0,0.99340326
55000900130316,2022-12-29,1,0,0.99340326
55000900130316,2022-12-30,1,0,0.99340326
55000900130316,2022-12-31,1,0,0.99340326
55000900130316,2023-01-01,1,0,0.99340326
55000900130316,2023-01-02,1,0,0.99340326
55000900130316,2023-01-03,1,0,0.99340326
55000900130316,2023-01-04,1,0,0.99340326
55000900130316,2023-01-05,1,0,0.99340326
55000900130316,2023-01-06,1,0,0.99340326
55000900130316,2023-01-07,1,0,0.99340326
55000900130316,2023-01-08,1,0,0.99340326
55000900130316,2023-01-09,1,0,0.99340326
55000900130316,2023-01-10,1,0,0.99340326
55000900130316,2023-01-11,1,0,0.99340326
55000900130316,2023-01-12,1,0,0.99340326
55000900130316,2023-01-13,1,0,0.99340326
55000900130316,2023-01-14,1,0,0.99340326
55000900130316,2023-01-15,1,0,0.99340326
55000900130316,2023-01-16,1,0,0.99340326
55000900130316,2023-01-17,1,0,0.99340326
55000900130316,2023-01-18,1,0,0.99340326
55000900130316,2023-01-19,1,0,0.99340326
55000900130316,2023-01-20,1,0,0.99340326
55000900130316,2023-01-21,1,0,0.99340326
55000900130316,2023-01-22,1,0,0.99340326
55000900130316,2023-01-23,1,0,0.99340326
55000900130316,2023-01-24,1,0,0.99340326
55000900130316,2023-01-25,1,0,0.99340326
55000900130316,2023-01-26,1,0,0.99340326
55000900130316,2023-01-27,1,0,0.99340326
55000900130316,2023-01-28,1,0,0.99340326
55000900130316,2023-01-29,1,0,0.99340326
55000900130316,2023-01-30,1,0,0.99340326
55000900130316,2023-01-31,1,0,0.99340326
55000900130316,2023-02-01,1,0,0.99340326
55000900130316,2023-02-02,1,0,0.99340326
55000900130316,2023-02-03,1,0,0.99340326
55000900130316,2023-02-04,1,0,0.99340326
55000900130316,2023-02-05,1,0,0.99340326
55000900130316,2023-02-06,1,0,0.99340326
55000900130316,2023-02-07,1,0,0.99340326
55000900130316,2023-02-08,1,0,0.99340326
55000900130316,2023-02-09,1,0,0.99340326
55000900130316,2023-02-10,1,0,0.99340326
55000900130316,2023-02-11,1,0,0.99340326
55000900130316,2023-02-12,1,0,0.99340326
55000900130316,2023-02-13,1,0,0.99340326
55000900130316,2023-02-14,1,0,0.99340326
55000900130316,2023-02-15,1,0,0.99340326
55000900130316,2023-02-16,1,0,0.99340326
55000900130316,2023-02-17,1,0,0.99340326
55000900130316,2023-02-18,1,0,0.99340326
55000900130316,2023-02-19,1,0,0.99340326
55000900130316,2023-02-20,1,0,0.99340326
55000900130316,2023-02-21,1,0,0.99340326
55000900130316,2023-02-22,1,0,0.99340326
55000900130316,2023-02-23,1,0,0.99340326
55000900130316,2023-02-24,1,0,0.99340326
55000900130316,2023-02-25,1,0,0.99340326
55000900130316,2023-02-26,1,0,0.99340326
55000900130316,2023-02-27,1,0,0.99340326
55000900130316,2023-02-28,1,0,0.99340326
55000900130316,2023-03-01,1,0,0.99340326
55000900130316,2023-03-02,1,0,0.99340326
55000900130316,2023-03-03,1,0,0.99340326
55000900130316,2023-03-04,1,0,0.99340326
55000900130316,2023-03-05,1,0,0.99340326
55000900130316,2023-03-06,1,0,0.99340326
55000900130316,2023-03-07,1,0,0.99340326
55000900130316,2023-03-08,1,0,0.99340326
55000900130316,2023-03-09,1,0,0.99340326
55000900130316,2023-03-10,1,0,0.99340326
55000900130316,2023-03-11,1,0,0.99340326
55000900130316,2023-03-13,1,0,0.99340326
55000900130316,2023-03-14,1,0,0.99340326
55000900130316,2023-03-15,1,0,0.99340326
55000900130316,2023-03-16,1,0,0.99340326
55000900130316,2023-03-17,1,0,0.99340326
55000900130316,2023-03-18,1,0,0.99340326
55000900130316,2023-03-19,1,0,0.99340326
55000900130316,2023-03-20,1,0,0.99340326
55000900130316,2023-03-21,1,0,0.99340326
55000900130316,2023-03-22,1,0,0.99340326
55000900130316,2023-03-23,1,0,0.99340326
55000900130316,2023-03-24,1,0,0.99340326
55000900130316,2023-03-25,1,0,0.99340326
55000900130316,2023-03-26,1,0,0.99340326
55000900130316,2023-03-27,1,0,0.99340326
55000900130316,2023-03-28,1,0,0.99340326
55000900130316,2023-03-29,1,0,0.99340326
55000900130316,2023-03-30,1,0,0.99340326
55000900130316,2023-03-31,1,0,0.99340326
55000900130316,2023-04-01,1,0,0.99340326
55000900130316,2023-04-02,1,0,0.99340326
55000900130316,2023-04-03,1,0,0.99340326
55000900130316,2023-04-04,1,0,0.99340326
55000900130316,2023-04-05,1,0,0.99340326
55000900130316,2023-04-06,1,0,0.99340326
55000900130316,2023-04-07,1,0,0.99340326
55000900130316,2023-04-08,1,0,0.99340326
55000900130316,2023-04-09,1,0,0.99340326
55000900130316,2023-04-10,1,0,0.99340326
55000900130316,2023-04-11,1,0,0.99340326
55000900130316,2023-04-12,1,0,0.99340326
55000900130316,2023-04-13,1,0,0.99340326
55000900130316,2023-04-14,1,0,0.99340326
55000900130316,2023-04-15,1,0,0.99340326
55000900130316,2023-04-16,1,0,0.99340326
55000900130316,2023-04-17,1,0,0.99340326
55000900130316,2023-04-18,1,0,0.99340326
55000900130316,2023-04-19,1,0,0.99340326
55000900130316,2023-04-20,1,0,0.99340326
55000900131558,2020-09-11,1,1,0.9357227
55000900131558,2020-09-12,1,1,0.9772589
55000900131558,2020-09-13,1,1,0.9910569
55000900131558,2020-09-14,1,1,0.9918903
55000900131558,2020-09-15,1,1,0.98709154
55000900131558,2020-09-16,1,1,0.98453796
55000900131558,2020-09-17,1,1,0.9840103
55000900131558,2020-09-18,1,1,0.9839918
55000900131558,2020-09-19,1,1,0.98437816
55000900131558,2020-09-20,1,1,0.9870738
55000900131558,2020-09-21,1,1,0.9946114
55000900131558,2020-09-22,1,1,0.99692947
55000900131558,2020-09-23,1,1,0.98908013
55000900131558,2020-09-24,1,1,0.99381185
55000900131558,2020-09-25,1,1,0.9950368
55000900131558,2020-09-26,1,1,0.9954412
55000900131558,2020-09-27,1,1,0.9988514
55000900131558,2020-09-28,1,1,0.9999753
55000900131558,2020-09-29,1,1,0.99998367
55000900131558,2020-09-30,1,1,0.9999598
55000900131558,2020-10-01,1,1,0.999972
55000900131558,2020-10-02,1,1,0.9998901
55000900131558,2020-10-03,1,1,0.99970704
55000900131558,2020-10-04,1,1,0.999209
55000900131558,2020-10-05,1,1,0.9992919
55000900131558,2020-10-06,1,1,0.99932444
55000900131558,2020-10-07,1,1,0.99933165
55000900131558,2020-10-08,1,1,0.9990433
55000900131558,2020-10-09,1,1,0.9989374
55000900131558,2020-10-10,1,1,0.99895585
55000900131558,2020-10-11,1,1,0.9993242
55000900131558,2020-10-12,1,1,0.9990631
55000900131558,2020-10-13,1,1,0.99994373
55000900131558,2020-10-14,1,1,0.9999902
55000900131558,2020-10-15,1,1,0.999995
55000900131558,2020-10-16,1,1,0.99999225
55000900131558,2020-10-17,1,1,0.99999547
55000900131558,2020-10-18,1,1,0.9999951
55000900131558,2020-10-19,1,1,0.99998915
55000900131558,2020-10-20,1,0,0.9999918
55000900131558,2020-10-21,1,0,0.99999464
55000900133417,2020-09-11,1,0,0.99998283
55000900133417,2020-09-12,1,0,0.99998736
55000900133417,2020-09-13,1,0,0.99998426
55000900133417,2020-09-14,1,0,0.999982
55000900133417,2020-09-15,1,0,0.99999225
55000900133417,2020-09-16,1,0,0.9999944
55000900133417,2020-09-17,1,0,0.9999956
55000900133417,2020-09-18,1,0,0.99999297
55000900133417,2020-09-19,1,0,0.99998
55000900133417,2020-09-20,1,0,0.9999758
55000900133417,2020-09-21,1,0,0.99997354
55000900133417,2020-09-22,1,0,0.9999858
55000900133417,2020-09-23,1,0,0.9999895
55000900133417,2020-09-24,1,0,0.99998903
55000900133417,2020-09-25,1,0,0.9999851
55000900133417,2020-09-26,1,0,0.999984
55000900133417,2020-09-27,1,0,0.99999464
55000900133417,2020-09-28,1,0,0.99999464
55000900133417,2020-09-29,1,0,0.99999404
55000900133417,2020-09-30,1,0,0.9999933
55000900133417,2020-10-01,1,0,0.99999416
55000900133417,2020-10-02,1,0,0.99999464
55000900133417,2020-10-03,1,0,0.999992
55000900133417,2020-10-04,1,0,0.9999908
55000900133417,2020-10-05,1,0,0.99999166
55000900133417,2020-10-06,1,0,0.9999949
55000900133417,2020-10-07,1,0,0.999995
55000900133417,2020-10-08,1,0,0.999995
55000900133417,2020-10-09,1,0,0.99999464
55000900133417,2020-10-10,1,0,0.9999951
55000900133417,2020-10-11,1,0,0.999995
55000900133417,2020-10-12,1,0,0.9999939
55000900133417,2020-10-13,1,0,0.9999938
55000900133417,2020-10-14,1,0,0.999995
55000900133417,2020-10-15,1,0,0.9999958
55000900133417,2020-10-16,1,0,0.99999595
55000900133417,2020-10-17,1,0,0.9999932
55000900133417,2020-10-18,1,0,0.99999595
55000900133417,2020-10-19,1,0,0.99999416
55000900133417,2020-10-20,1,0,0.99999475
55000900133417,2020-10-21,1,0,0.99999404
55000900133417,2020-10-22,1,0,0.99999404
55000900133417,2020-10-23,1,0,0.9999945
55000900133417,2020-10-24,1,0,0.99999523
55000900133417,2020-10-25,1,0,0.99998975
55000900133417,2020-10-26,1,0,0.99999213
55000900133417,2020-10-27,1,0,0.9999901
55000900133417,2020-10-28,1,0,0.99999166
55000900133417,2020-10-29,1,0,0.9999902
55000900133417,2020-10-30,1,0,0.99999225
55000900133417,2020-10-31,1,0,0.99999094
55000900133417,2020-11-01,1,0,0.99999166
55000900133417,2020-11-02,1,0,0.99999344
55000900133417,2020-11-03,1,0,0.99999356
55000900133417,2020-11-04,1,0,0.9999888
55000900133417,2020-11-05,1,0,0.9999863
55000900133417,2020-11-06,1,0,0.99998987
55000900133417,2020-11-07,1,0,0.99999213
55000900133417,2020-11-08,1,0,0.9999914
55000900133417,2020-11-09,1,0,0.99999046
55000900133417,2020-11-10,1,0,0.99999106
55000900133417,2020-11-11,1,0,0.9999956
55000900133417,2020-11-12,1,0,0.99999297
55000900133417,2020-11-13,1,0,0.99999416
55000900133417,2020-11-14,1,0,0.9999939
55000900133417,2020-11-16,1,0,0.9999924
55000900133417,2020-11-17,1,0,0.99999404
55000900133417,2020-11-18,1,0,0.9999924
55000900133417,2020-11-19,1,0,0.9999908
55000900133417,2020-11-20,1,0,0.9999924
55000900133417,2020-11-21,1,0,0.99999404
55000900133417,2020-11-22,1,0,0.99999297
55000900133417,2020-11-23,1,0,0.99999464
55000900133417,2020-11-24,1,0,0.9999943
55000900133417,2020-11-25,1,0,0.99999464
55000900133417,2020-11-26,1,0,0.9999945
55000900133417,2020-11-27,1,0,0.99999166
55000900133417,2020-11-28,1,0,0.9999931
55000900133417,2020-11-29,1,0,0.99999166
55000900133417,2020-11-30,1,0,0.99999416
55000900133417,2020-12-01,1,0,0.9999937
55000900167054,2020-09-11,1,1,0.99960023
55000900167054,2020-09-12,1,1,0.9995479
55000900167054,2020-09-13,1,1,0.99955493
55000900167054,2020-09-14,1,1,0.9996195
55000900167054,2020-09-15,1,1,0.9996425
55000900167054,2020-09-16,1,1,0.9996363
55000900167054,2020-09-17,1,1,0.9995958
55000900167054,2020-09-18,1,1,0.99960333
55000900167054,2020-09-19,1,1,0.9995758
55000900167054,2020-09-20,1,1,0.99957365
55000900167054,2020-09-21,1,1,0.99979156
55000900167054,2020-09-22,1,1,0.99972445
55000900167054,2020-09-23,1,1,0.99951136
55000900167054,2020-09-24,1,1,0.99941766
55000900167054,2020-09-25,1,1,0.99946123
55000900167054,2020-09-26,1,1,0.99957496
55000900167054,2020-09-27,1,1,0.9997334
55000900167054,2020-09-28,1,1,0.99979156
55000900167054,2020-09-29,1,1,0.99973875
55000900167054,2020-09-30,1,1,0.99967873
55000900167054,2020-10-01,1,1,0.99979144
55000900167054,2020-10-02,1,1,0.9998185
55000900167054,2020-10-03,1,1,0.9998185
55000900167054,2020-10-04,1,1,0.9998393
55000900167054,2020-10-05,1,1,0.9998252
55000900167054,2020-10-06,1,1,0.99982893
55000900167054,2020-10-07,1,1,0.9998373
55000900167054,2020-10-08,1,1,0.9998574
55000900167054,2020-10-09,1,1,0.9998293
55000900167054,2020-10-10,1,1,0.9998223
55000900167054,2020-10-11,1,1,0.999856
55000900167054,2020-10-12,1,1,0.9998691
55000900167054,2020-10-13,1,1,0.99988806
55000900167054,2020-10-14,1,1,0.99994195
55000900167054,2020-10-15,1,1,0.9999515
55000900167054,2020-10-16,1,1,0.9998479
55000900167054,2020-10-17,1,1,0.99992514
55000900167054,2020-10-18,1,1,0.99986994
55000900167054,2020-10-19,1,0,0.99984705
55000900167054,2020-10-20,1,0,0.9999126
55000900167055,2020-09-11,1,0,0.9999962
55000900167055,2020-09-12,1,0,0.99999547
55000900167055,2020-09-13,1,0,0.9999964
55000900167055,2020-09-14,1,0,0.99999535
55000900167055,2020-09-15,1,0,0.9999957
55000900167055,2020-09-16,1,0,0.99999523
55000900167055,2020-09-17,1,0,0.9999958
55000900167055,2020-09-18,1,0,0.99999595
55000900167055,2020-09-19,1,0,0.99999607
55000900167055,2020-09-20,1,0,0.99999666
55000900167055,2020-09-21,1,0,0.9999956
55000900167055,2020-09-22,1,0,0.9999938
55000900167055,2020-09-23,1,0,0.9999958
55000900167055,2020-09-24,1,0,0.9999963
55000900167055,2020-09-25,1,0,0.9999957
55000900167055,2020-09-26,1,0,0.99999666
55000900167055,2020-09-27,1,0,0.9999949
55000900167055,2020-09-28,1,0,0.99999726
55000900167055,2020-09-29,1,0,0.99999547
55000900167055,2020-09-30,1,0,0.99999547
55000900167055,2020-10-01,1,0,0.9999969
55000900167055,2020-10-02,1,0,0.999997
55000900167055,2020-10-03,1,0,0.99999714
55000900167055,2020-10-04,1,0,0.999997
55000900167055,2020-10-05,1,0,0.999997
55000900167055,2020-10-06,1,0,0.999997
55000900167055,2020-10-07,1,0,0.999997
55000900167055,2020-10-08,1,0,0.9999968
55000900167055,2020-10-09,1,0,0.999997
55000900167055,2020-10-10,1,0,0.9999968
55000900167055,2020-10-11,1,0,0.99999714
55000900167055,2020-10-12,1,0,0.9999969
55000900167055,2020-10-13,1,0,0.9999974
55000900167055,2020-10-14,1,0,0.99999726
55000900167055,2020-10-15,1,0,0.9999969
55000900167055,2020-10-16,1,0,0.99999774
55000900167055,2020-10-17,1,0,0.99999714
55000900167055,2020-10-18,1,0,0.999997
55000900167055,2020-10-19,1,0,0.99999714
55000900167055,2020-10-20,1,0,0.999997
55000900167055,2020-10-21,1,0,0.99999654
55000900167055,2020-10-22,1,0,0.99999607
55000900167055,2020-10-23,1,0,0.99999607
55000900167055,2020-10-24,1,0,0.99999714
55000900167055,2020-10-25,1,0,0.9999975
55000900167055,2020-10-26,1,0,0.99999774
55000900167055,2020-10-27,1,0,0.99999774
55000900167055,2020-10-28,1,0,0.9999982
55000900167055,2020-10-29,1,0,0.99999833
55000900167055,2020-10-30,1,0,0.9999975
55000900167055,2020-10-31,1,0,0.99999785
55000900167055,2020-11-01,1,0,0.9999981
55000900167055,2020-11-02,1,0,0.9999975
55000900167055,2020-11-03,1,0,0.99999774
55000900167055,2020-11-04,1,0,0.999998
55000900167055,2020-11-05,1,0,0.9999982
55000900167055,2020-11-06,1,0,0.999998
55000900167055,2020-11-07,1,0,0.99999785
55000900167055,2020-11-08,1,0,0.9999982
55000900167055,2020-11-09,1,0,0.99999785
55000900167055,2020-11-10,1,0,0.9999981
55000900167055,2020-11-11,1,0,0.99999833
55000900167055,2020-11-12,1,0,0.99999833
55000900167055,2020-11-13,1,0,0.9999982
55000900167055,2020-11-14,1,0,0.9999982
55000900167055,2020-11-16,1,0,0.99999833
55000900167055,2020-11-17,1,0,0.999998
55000900167055,2020-11-18,1,0,0.999998
55000900167055,2020-11-19,1,0,0.9999982
55000900167055,2020-11-20,1,0,0.9999981
55000900167055,2020-11-21,1,0,0.9999981
55000900167055,2020-11-22,1,0,0.99999845
55000900167055,2020-11-23,1,0,0.99999785
55000900167055,2020-11-24,1,0,0.9999982
55000900167055,2020-11-25,1,0,0.99999833
55000900167055,2020-11-26,1,0,0.99999845
55000900167055,2020-11-27,1,0,0.99999845
55000900167055,2020-11-28,1,0,0.99999845
55000900167055,2020-11-29,1,0,0.99999774
55000900167055,2020-11-30,1,0,0.9999976
55000900167692,2020-09-11,1,1,0.97460735
55000900167692,2020-09-12,1,1,0.9550859
55000900167692,2020-09-13,1,1,0.9533574
55000900167692,2020-09-14,1,1,0.9609844
55000900167692,2020-09-15,1,1,0.96765
55000900167692,2020-09-16,1,1,0.97933954
55000900167692,2020-09-17,1,1,0.9829558
55000900167692,2020-09-19,1,1,0.98802817
55000900167692,2020-09-20,1,1,0.99017197
55000900167692,2020-09-21,1,1,0.9895034
55000900167692,2020-09-22,1,1,0.9905438
55000900167692,2020-09-23,1,1,0.9842284
55000900167692,2020-09-24,1,1,0.97673905
55000900167692,2020-09-25,1,1,0.9790085
55000900167692,2020-09-26,1,1,0.99803144
55000900167692,2020-09-27,1,1,0.99903643
55000900167692,2020-09-28,1,1,0.99995303
55000900167692,2020-09-29,1,1,0.9999851
55000900167692,2020-09-30,1,1,0.9999175
55000900167692,2020-10-01,1,1,0.9999027
55000900167692,2020-10-02,1,1,0.99986434
55000900167692,2020-10-03,1,1,0.99985147
55000900167692,2020-10-04,1,1,0.99985135
55000900167692,2020-10-05,1,1,0.99985194
55000900167692,2020-10-10,1,1,0.9998492
55000900167692,2020-10-11,1,1,0.99988246
55000900167692,2020-10-12,1,1,0.99966633
55000900167692,2020-10-13,1,1,0.99991155
55000900167692,2020-10-14,1,1,0.9999869
55000900167692,2020-10-15,1,1,0.9999889
55000900167692,2020-10-16,1,1,0.9999906
55000900167692,2020-10-17,1,1,0.9999887
55000900167692,2020-10-18,1,0,0.999992
55000900167692,2020-10-19,1,0,0.9999882
55000900167704,2020-09-11,1,1,0.98036236
55000900167704,2020-09-12,1,1,0.9809703
55000900167704,2020-09-13,1,1,0.96605176
55000900167704,2020-09-14,1,1,0.99119735
55000900167704,2020-09-15,1,1,0.9901911
55000900167704,2020-09-16,1,1,0.990476
55000900167704,2020-09-17,1,1,0.9891606
55000900167704,2020-09-18,1,1,0.9886801
55000900167704,2020-09-19,1,1,0.98712236
55000900167704,2020-09-20,1,1,0.98620266
55000900167704,2020-09-21,1,1,0.98817855
55000900167704,2020-09-22,1,1,0.97848666
55000900167704,2020-09-23,1,1,0.9837775
55000900167704,2020-09-24,1,1,0.98681134
55000900167704,2020-09-25,1,1,0.98728186
55000900167704,2020-09-26,1,1,0.99541485
55000900167704,2020-09-27,1,1,0.9979367
55000900167704,2020-09-28,1,1,0.99906796
55000900167704,2020-09-29,1,1,0.99932206
55000900167704,2020-09-30,1,1,0.99851996
55000900167704,2020-10-01,1,1,0.9975681
55000900167704,2020-10-02,1,1,0.99652207
55000900167704,2020-10-03,1,1,0.9962521
55000900167704,2020-10-04,1,1,0.9963289
55000900167704,2020-10-05,1,1,0.9954906
55000900167704,2020-10-06,1,1,0.9957634
55000900167704,2020-10-07,1,1,0.9938393
55000900167704,2020-10-08,1,1,0.990945
55000900167704,2020-10-09,1,1,0.9871072
55000900167704,2020-10-10,1,1,0.9931706
55000900167704,2020-10-11,1,1,0.99309444
55000900167704,2020-10-12,1,1,0.9902332
55000900167704,2020-10-13,1,1,0.99946636
55000900167704,2020-10-14,1,1,0.9999312
55000900167704,2020-10-15,1,1,0.9999207
55000900167704,2020-10-16,1,1,0.99988353
55000900167704,2020-10-17,1,1,0.99996066
55000900167704,2020-10-18,1,1,0.99993885
55000900167704,2020-10-19,1,1,0.99996233
55000900167704,2020-10-20,1,1,0.99995506
55000900167704,2020-10-21,1,1,0.9999541
55000900167704,2020-10-22,0,0,0.99994636
55000900167704,2020-10-23,0,0,0.9999455
55000900167704,2020-10-24,0,0,0.9998791
55000900167704,2020-10-25,1,0,0.9970126
55000900167704,2020-10-26,1,0,0.9823612
55000900167704,2020-10-27,1,0,0.72245735
55000900167704,2020-10-28,1,0,0.971151
55000900167704,2020-10-29,0,0,0.9594989
55000900167704,2020-10-30,0,0,0.9754773
55000900167704,2020-10-31,0,0,0.807828
55000900167704,2020-11-01,0,0,0.57981217
55000900167704,2020-11-02,0,0,0.6387507
55000900167704,2020-11-03,0,0,0.4183498
55000900167704,2020-11-04,0,0,0.18914191
55000900167704,2020-11-05,1,0,0.15767743
55000900167704,2020-11-06,1,0,0.32247227
55000900167704,2020-11-07,1,0,0.35243544
55000900167704,2020-11-08,0,0,0.8205598
55000900167704,2020-11-09,0,0,0.88316774
55000900167704,2020-11-10,1,0,0.9315166
55000900167704,2020-11-11,1,0,0.47651863
55000900167704,2020-11-12,1,0,0.3792941
55000900167704,2020-11-13,1,0,0.87709236
55000900167704,2020-11-14,1,0,0.8095447
55000900167704,2020-11-15,1,0,0.9430078
55000900167704,2020-11-16,1,0,0.99854624
55000900167704,2020-11-17,1,0,0.9997867
55000900167704,2020-11-18,1,0,0.9997404
55000900167704,2020-11-19,1,0,0.9998449
55000900167704,2020-11-20,1,0,0.9999157
55000900167704,2020-11-21,1,0,0.9998987
55000900167704,2020-11-22,1,0,0.99985945
55000900167704,2020-11-23,1,0,0.999801
55000900167704,2020-11-24,1,0,0.99989355
55000900167704,2020-11-25,1,0,0.9999193
55000900167704,2020-11-26,1,0,0.99991906
55000900167704,2020-11-27,1,0,0.99994457
55000900167704,2020-11-28,1,0,0.999902
55000900167704,2020-11-29,1,0,0.99990356
55000900167704,2020-11-30,1,0,0.999881
55000900167704,2020-12-01,1,0,0.99988914
55000900167704,2020-12-02,1,0,0.9998729
55000900167704,2020-12-03,1,0,0.99992824
55000900167704,2020-12-04,1,0,0.99990606
55000900167704,2020-12-05,1,0,0.9999069
55000900167704,2020-12-06,1,0,0.9999492
55000900167704,2020-12-07,1,0,0.999954
55000900167704,2020-12-08,1,0,0.9999572
55000900167704,2020-12-09,1,0,0.9999566
55000900167704,2020-12-10,1,0,0.999941
55000900167704,2020-12-11,1,0,0.9999366
55000900167704,2020-12-12,1,0,0.9999516
55000900167704,2020-12-13,1,0,0.9999471
55000900167704,2020-12-14,1,0,0.99995816
55000900167704,2020-12-15,1,0,0.9999223
55000900167704,2020-12-16,1,0,0.99995553
55000900167704,2020-12-17,1,0,0.999925
55000900167704,2020-12-18,1,0,0.9999572
55000900167704,2020-12-19,1,0,0.9999523
55000900167704,2020-12-20,1,0,0.99993646
55000900167704,2020-12-21,1,0,0.99992156
55000900167704,2020-12-22,1,0,0.99995446
55000900167704,2020-12-23,1,0,0.99998343
55000900167704,2020-12-24,1,0,0.9999722
55000900167704,2020-12-25,1,0,0.99993813
55000900167704,2020-12-26,1,0,0.99994385
55000900167704,2020-12-27,1,0,0.999949
55000900167704,2020-12-28,1,0,0.99994826
55000900167704,2020-12-29,1,0,0.9999608
55000900167704,2020-12-30,1,0,0.9999287
55000900167704,2020-12-31,1,0,0.99995005
55000900167704,2021-01-01,1,0,0.9999516
55000900167704,2021-01-02,1,0,0.9999616
55000900167704,2021-01-03,1,0,0.99995804
55000900167704,2021-01-04,1,0,0.9999672
55000900167704,2021-01-05,1,0,0.9999627
55000900167704,2021-01-06,1,0,0.99996305
55000900167704,2021-01-07,1,0,0.9999614
55000900167704,2021-01-08,1,0,0.9999627
55000900167704,2021-01-09,1,0,0.99996245
55000900167704,2021-01-10,1,0,0.9999583
55000900167704,2021-01-11,1,0,0.9999585
55000900167704,2021-01-12,1,0,0.9999583
55000900167704,2021-01-13,1,0,0.9999583
55000900167704,2021-01-14,1,0,0.9999578
55000900167704,2021-01-15,1,0,0.9999585
55000900167704,2021-01-16,1,0,0.99995863
55000900167704,2021-01-17,1,0,0.9999584
55000900167704,2021-01-18,1,0,0.9999585
55000900167704,2021-01-19,1,0,0.99995875
55000900167704,2021-01-20,1,0,0.9999589
55000900167704,2021-01-21,1,0,0.999959
55000900167704,2021-01-22,1,0,0.9999547
55000900167704,2021-01-23,1,0,0.9999552
55000900167704,2021-01-24,1,0,0.9999572
55000900167704,2021-01-25,1,0,0.9999602
55000900167704,2021-01-26,1,0,0.9999553
55000900167704,2021-01-27,1,0,0.9999553
55000900167704,2021-01-28,1,0,0.9999503
55000900167704,2021-01-29,1,0,0.99995875
55000900167704,2021-01-30,1,0,0.9999583
55000900167704,2021-01-31,1,0,0.9999572
55000900167704,2021-02-01,1,0,0.99995685
55000900167704,2021-02-02,1,0,0.99995685
55000900167704,2021-02-03,1,0,0.99995685
55000900167704,2021-02-04,1,0,0.99995685
55000900167704,2021-02-05,1,0,0.99995685
55000900167704,2021-02-06,1,0,0.99995685
55000900167704,2021-02-07,1,0,0.99995685
55000900167704,2021-02-08,1,0,0.99995685
55000900167704,2021-02-09,1,0,0.99995685
55000900167704,2021-02-10,1,0,0.99995685
55000900167704,2021-02-11,1,0,0.99995685
55000900167704,2021-02-12,1,0,0.99995685
55000900167704,2021-02-13,1,0,0.99995685
55000900167704,2021-02-14,1,0,0.99995685
55000900167704,2021-02-15,1,0,0.99995685
55000900167704,2021-02-16,1,0,0.99995685
55000900167704,2021-02-17,1,0,0.99995685
55000900167704,2021-02-18,1,0,0.99995685
55000900167704,2021-02-19,1,0,0.99995685
55000900167704,2021-02-20,1,0,0.99995685
55000900167704,2021-02-21,1,0,0.99995685
55000900167704,2021-02-22,1,0,0.99995685
55000900167704,2021-02-23,1,0,0.99995685
55000900167704,2021-02-24,1,0,0.99995685
55000900167704,2021-02-25,1,0,0.99995685
55000900167704,2021-02-26,1,0,0.99995685
55000900167704,2021-02-27,1,0,0.99995685
55000900167704,2021-02-28,1,0,0.99995685
55000900167704,2021-03-01,1,0,0.99995685
55000900167704,2021-03-02,1,0,0.99995685
55000900167704,2021-03-03,1,0,0.99995685
55000900167704,2021-03-04,1,0,0.99995685
55000900167704,2021-03-05,1,0,0.99995685
55000900167704,2021-03-06,1,0,0.99995685
55000900167704,2021-03-07,1,0,0.99995685
55000900167704,2021-03-08,1,0,0.99995685
55000900167704,2021-03-09,1,0,0.99995685
55000900167704,2021-03-10,1,0,0.99995685
55000900167704,2021-03-11,1,0,0.99995685
55000900167704,2021-03-12,1,0,0.99995685
55000900167704,2021-03-13,1,0,0.99995685
55000900167704,2021-03-15,1,0,0.99995685
55000900167704,2021-03-16,1,0,0.99995685
55000900167704,2021-03-17,1,0,0.99995685
55000900167704,2021-03-18,1,0,0.99995685
55000900167704,2021-03-19,1,0,0.99995685
55000900167704,2021-03-20,1,0,0.99995685
55000900167704,2021-03-21,1,0,0.99995685
55000900167704,2021-03-22,1,0,0.99995685
55000900167704,2021-03-23,1,0,0.99995685
55000900167704,2021-03-24,1,0,0.99995685
55000900167704,2021-03-25,1,0,0.99995685
55000900167704,2021-03-26,1,0,0.99995685
55000900167704,2021-03-27,1,0,0.99995685
55000900167704,2021-03-28,1,0,0.99995685
55000900167704,2021-03-29,1,0,0.99995685
55000900167704,2021-03-30,1,0,0.99995685
55000900167704,2021-03-31,1,0,0.99995685
55000900167704,2021-04-01,1,0,0.99995685
55000900167704,2021-04-02,1,0,0.99995685
55000900167704,2021-04-03,1,0,0.99995685
55000900167704,2021-04-04,1,0,0.99995685
55000900167704,2021-04-05,1,0,0.99995685
55000900167704,2021-04-06,1,0,0.99995685
55000900167704,2021-04-07,1,0,0.99995685
55000900167704,2021-04-08,1,0,0.99995685
55000900167704,2021-04-09,1,0,0.99995685
55000900167704,2021-04-10,1,0,0.99995685
55000900167704,2021-04-11,1,0,0.99995685
55000900167704,2021-04-12,1,0,0.99995685
55000900167704,2021-04-13,1,0,0.99995685
55000900167704,2021-04-14,1,0,0.99995685
55000900167704,2021-04-15,1,0,0.99995685
55000900167704,2021-04-16,1,0,0.99995685
55000900167704,2021-04-17,1,0,0.99995685
55000900167704,2021-04-18,1,0,0.99995685
55000900167704,2021-04-19,1,0,0.99995685
55000900167704,2021-04-20,1,0,0.99995685
55000900167704,2021-04-21,1,0,0.99995685
55000900167704,2021-04-22,1,0,0.99995685
55000900167704,2021-04-23,1,0,0.99995685
55000900167704,2021-04-24,1,0,0.99995685
55000900167704,2021-04-25,1,0,0.99995685
55000900167704,2021-04-26,1,0,0.99995685
55000900167704,2021-04-27,1,0,0.99995685
55000900167704,2021-04-28,1,0,0.99995685
55000900167704,2021-04-29,1,0,0.99995685
55000900167704,2021-04-30,1,0,0.99995685
55000900167704,2021-05-01,1,0,0.99995685
55000900167704,2021-05-02,1,0,0.99995685
55000900167704,2021-05-03,1,0,0.99995685
55000900167704,2021-05-04,1,0,0.99995685
55000900167704,2021-05-05,1,0,0.99995685
55000900167704,2021-05-06,1,0,0.99995685
55000900167704,2021-05-07,1,0,0.99995685
55000900167704,2021-05-08,1,0,0.99995685
55000900167704,2021-05-09,1,0,0.99995685
55000900167704,2021-05-10,1,0,0.99995685
55000900167704,2021-05-11,1,0,0.99995685
55000900167704,2021-05-12,1,0,0.99995685
55000900167704,2021-05-13,1,0,0.99995685
55000900167704,2021-05-14,1,0,0.99995685
55000900167704,2021-05-15,1,0,0.99995685
55000900167704,2021-05-16,1,0,0.99995685
55000900167704,2021-05-17,1,0,0.99995685
55000900167704,2021-05-18,1,0,0.99995685
55000900167704,2021-05-19,1,0,0.99995685
55000900167704,2021-05-20,1,0,0.99995685
55000900167704,2021-05-21,1,0,0.99995685
55000900167704,2021-05-22,1,0,0.99995685
55000900167704,2021-05-23,1,0,0.99995685
55000900167704,2021-05-24,1,0,0.99995685
55000900167704,2021-05-25,1,0,0.99995685
55000900167704,2021-05-26,1,0,0.99995685
55000900167704,2021-05-27,1,0,0.99995685
55000900167704,2021-05-28,1,0,0.99995685
55000900167704,2021-05-29,1,0,0.99995685
55000900167704,2021-05-30,1,0,0.99995685
55000900167704,2021-05-31,1,0,0.99995685
55000900167704,2021-06-01,1,0,0.99995685
55000900167704,2021-06-02,1,0,0.99995685
55000900167704,2021-06-03,1,0,0.99995685
55000900167704,2021-06-04,1,0,0.99995685
55000900167704,2021-06-05,1,0,0.99995685
55000900167704,2021-06-06,1,0,0.99995685
55000900167704,2021-06-07,1,0,0.99995685
55000900167704,2021-06-08,1,0,0.99995685
55000900167704,2021-06-09,1,0,0.99995685
55000900167704,2021-06-10,1,0,0.99995685
55000900167704,2021-06-11,1,0,0.99995685
55000900167704,2021-06-12,1,0,0.99995685
55000900167704,2021-06-13,1,0,0.99995685
55000900167704,2021-06-14,1,0,0.99995685
55000900167704,2021-06-15,1,0,0.99995685
55000900167704,2021-06-16,1,0,0.99995685
55000900167704,2021-06-17,1,0,0.99995685
55000900167704,2021-06-18,1,0,0.99995685
55000900167704,2021-06-19,1,0,0.99995685
55000900167704,2021-06-20,1,0,0.99995685
55000900167704,2021-06-21,1,0,0.99995685
55000900167704,2021-06-22,1,0,0.99995685
55000900167704,2021-06-23,1,0,0.99995685
55000900167704,2021-06-24,1,0,0.99995685
55000900167704,2021-06-25,1,0,0.99995685
55000900167704,2021-06-26,1,0,0.99995685
55000900167704,2021-06-27,1,0,0.99995685
55000900167704,2021-06-28,1,0,0.99995685
55000900167704,2021-06-29,1,0,0.99995685
55000900167704,2021-06-30,1,0,0.99995685
55000900167704,2021-07-01,1,0,0.99995685
55000900167704,2021-07-02,1,0,0.99995685
55000900167704,2021-07-03,1,0,0.99995685
55000900167704,2021-07-04,1,0,0.99995685
55000900167704,2021-07-05,1,0,0.99995685
55000900167704,2021-07-06,1,0,0.99995685
55000900167704,2021-07-07,1,0,0.99995685
55000900167704,2021-07-08,1,0,0.99995685
55000900167704,2021-07-09,0,0,0.99995685
55000900167704,2021-07-10,0,0,0.99995685
55000900167704,2021-07-11,0,0,0.99995685
55000900167704,2021-07-12,0,0,0.9994561
55000900167704,2021-07-13,0,0,0.9933803
55000900167704,2021-07-14,0,0,0.9748551
55000900167704,2021-07-15,0,0,0.8654712
55000900167704,2021-07-16,0,0,0.8384056
55000900167704,2021-07-17,0,0,0.83944446
55000900167704,2021-07-18,0,0,0.8374756
55000900167704,2021-07-19,0,0,0.83683115
55000900167704,2021-07-20,0,0,0.836039
55000900167704,2021-07-21,0,0,0.8342595
55000900167704,2021-07-22,0,0,0.83412623
55000900167704,2021-07-23,0,0,0.8206415
55000900167704,2021-07-24,0,0,0.8172697
55000900167704,2021-07-25,0,0,0.81717736
55000900167704,2021-07-26,0,0,0.8170846
55000900167704,2021-07-27,0,0,0.8168459
55000900167704,2021-07-28,0,0,0.8166307
55000900167704,2021-07-29,0,0,0.8164632
55000900167704,2021-07-30,0,0,0.8164033
55000900167704,2021-07-31,0,0,0.81639713
55000900167704,2021-08-01,0,0,0.8164298
55000900167704,2021-08-02,0,0,0.81646985
55000900167704,2021-08-03,0,0,0.8164998
55000900167704,2021-08-04,0,0,0.81653976
55000900167704,2021-08-05,0,0,0.81656426
55000900167704,2021-08-06,0,0,0.8165698
55000900167704,2021-08-07,0,0,0.816399
55000900167704,2021-08-08,0,0,0.81119514
55000900167704,2021-08-09,0,0,0.78210276
55000900167704,2021-08-10,0,0,0.7222618
55000900167704,2021-08-11,0,0,0.7222618
55000900167704,2021-08-12,0,0,0.7222618
55000900167704,2021-08-13,0,0,0.7222618
55000900167704,2021-08-14,0,0,0.7222618
55000900167704,2021-08-15,0,0,0.7222618
55000900167704,2021-08-16,0,0,0.7222618
55000900167704,2021-08-17,0,0,0.7222618
55000900167704,2021-08-18,0,0,0.7222618
55000900167704,2021-08-20,0,0,0.7222618
55000900167704,2021-08-21,0,0,0.7222618
55000900167704,2021-08-22,0,0,0.7222618
55000900167704,2021-08-23,0,0,0.7222618
55000900167704,2021-08-24,0,0,0.7222618
55000900167704,2021-08-25,0,0,0.7222618
55000900167704,2021-08-26,0,0,0.7222618
55000900167704,2021-08-27,0,0,0.7222618
55000900167704,2021-08-28,0,0,0.7222618
55000900167704,2021-08-29,0,0,0.7222618
55000900167704,2021-08-30,0,0,0.7222618
55000900167704,2021-08-31,0,0,0.7222618
55000900167704,2021-09-01,0,0,0.7222618
55000900167704,2021-09-02,0,0,0.7222618
55000900167704,2021-09-03,0,0,0.7222618
55000900167704,2021-09-04,0,0,0.7222618
55000900167704,2021-09-05,0,0,0.7222618
55000900167704,2021-09-06,0,0,0.7222618
55000900167704,2021-09-07,0,0,0.7222618
55000900167704,2021-09-08,0,0,0.7222618
55000900167704,2021-09-09,0,0,0.7222618
55000900167704,2021-09-10,0,0,0.7222618
55000900167704,2021-09-11,0,0,0.7222618
55000900167704,2021-09-12,0,0,0.7222618
55000900167704,2021-09-13,0,0,0.7222618
55000900167704,2021-09-14,0,0,0.7222618
55000900167704,2021-09-15,0,0,0.7222618
55000900167704,2021-09-16,0,0,0.7222618
55000900167704,2021-09-17,0,0,0.7222618
55000900167704,2021-09-18,1,0,0.7222618
55000900167704,2021-09-19,1,0,0.7222618
55000900167704,2021-09-20,0,0,0.7222618
55000900167704,2021-09-21,0,0,0.8408317
55000900167704,2021-09-22,0,0,0.8861757
55000900167704,2021-09-23,0,0,0.8028598
55000900167704,2021-09-24,0,0,0.7681771
55000900167704,2021-09-25,0,0,0.7703755
55000900167704,2021-09-26,0,0,0.77556765
55000900167704,2021-09-27,1,0,0.7775751
55000900167704,2021-09-28,1,0,0.7780956
55000900167704,2021-09-29,0,0,0.7769763
55000900167704,2021-09-30,0,0,0.9206069
55000900167704,2021-10-01,0,0,0.97278214
55000900167704,2021-10-02,0,0,0.92726165
55000900167704,2021-10-03,0,0,0.82417136
55000900167704,2021-10-04,0,0,0.81234145
55000900167704,2021-10-05,0,0,0.8127627
55000900167704,2021-10-06,0,0,0.8098987
55000900167704,2021-10-07,0,0,0.8105252
55000900167704,2021-10-08,0,0,0.80804986
55000900167704,2021-10-09,0,0,0.80895317
55000900167704,2021-10-10,0,0,0.8083979
55000900167704,2021-10-11,0,0,0.8088237
55000900167704,2021-10-12,0,0,0.8085818
55000900167704,2021-10-13,0,0,0.8089297
55000900167704,2021-10-14,0,0,0.80888087
55000900167704,2021-10-15,0,0,0.80899566
55000900167704,2021-10-16,0,0,0.8088527
55000900167704,2021-10-17,0,0,0.80876434
55000900167704,2021-10-18,0,0,0.8084611
55000900167704,2021-10-19,0,0,0.8074537
55000900167704,2021-10-21,0,0,0.81497437
55000900167704,2021-10-22,1,0,0.7991928
55000900167704,2021-10-23,1,0,0.77792907
55000900167704,2021-10-24,1,0,0.7782047
55000900167704,2021-10-25,1,0,0.92674166
55000900167704,2021-10-26,1,0,0.9764173
55000900167704,2021-10-27,1,0,0.98654455
55000900167704,2021-10-28,1,0,0.98714244
55000900167704,2021-10-29,1,0,0.9874215
55000900167704,2021-10-30,1,0,0.9874956
55000900167704,2021-10-31,1,0,0.9873864
55000900167704,2021-11-01,1,0,0.98258394
55000900167704,2021-11-02,1,0,0.9838749
55000900167704,2021-11-03,1,0,0.984671
55000900167704,2021-11-04,1,0,0.9851667
55000900167704,2021-11-05,1,0,0.98551154
55000900167704,2021-11-06,1,0,0.9857539
55000900167704,2021-11-07,1,0,0.9859243
55000900167704,2021-11-08,1,0,0.9860757
55000900167704,2021-11-09,1,0,0.98626816
55000900167704,2021-11-10,1,0,0.9864356
55000900167704,2021-11-11,1,0,0.987394
55000900167704,2021-11-12,1,0,0.9735511
55000900167704,2021-11-13,1,0,0.9676577
55000900167704,2021-11-14,1,0,0.96710354
55000900167704,2021-11-15,1,0,0.9665814
55000900167704,2021-11-16,1,0,0.9662651
55000900167704,2021-11-17,1,0,0.9666163
55000900167704,2021-11-18,1,0,0.96815443
55000900167704,2021-11-19,1,0,0.9719064
55000900167704,2021-11-20,1,0,0.97851676
55000900167704,2021-11-21,1,0,0.9909339
55000900167704,2021-11-22,1,0,0.99952626
55000900167704,2021-11-23,1,0,0.99995685
55000900167704,2021-11-24,1,0,0.99995685
55000900167704,2021-11-25,1,0,0.99995685
55000900167704,2021-11-26,1,0,0.99995685
55000900167704,2021-11-27,1,0,0.99995685
55000900167704,2021-11-28,1,0,0.99995685
55000900167704,2021-11-29,1,0,0.99995685
55000900167704,2021-11-30,1,0,0.99995685
55000900167704,2021-12-01,1,0,0.99995685
55000900167704,2021-12-02,1,0,0.99995685
55000900167704,2021-12-03,1,0,0.99995685
55000900167704,2021-12-04,1,0,0.99995685
55000900167704,2021-12-05,1,0,0.99995685
55000900167704,2021-12-06,1,0,0.99995685
55000900167704,2021-12-07,1,0,0.99995685
55000900167704,2021-12-08,1,0,0.99995685
55000900167704,2021-12-09,1,0,0.99995685
55000900167704,2021-12-10,1,0,0.99995685
55000900167704,2021-12-11,1,0,0.99995685
55000900167704,2021-12-12,1,0,0.99995685
55000900167704,2021-12-13,1,0,0.99995685
55000900167704,2021-12-14,1,0,0.99995685
55000900167704,2021-12-15,1,0,0.99995685
55000900167704,2021-12-16,1,0,0.99995685
55000900167704,2021-12-17,1,0,0.99995685
55000900167704,2021-12-18,1,0,0.99995685
55000900167704,2021-12-19,1,0,0.99995685
55000900167704,2021-12-20,1,0,0.99995685
55000900167704,2021-12-21,1,0,0.99995685
55000900167704,2021-12-22,1,0,0.99995685
55000900167704,2021-12-23,1,0,0.99995685
55000900167704,2021-12-24,1,0,0.99995685
55000900167704,2021-12-25,1,0,0.99995685
55000900167704,2021-12-26,1,0,0.99995685
55000900167704,2021-12-27,1,0,0.99995685
55000900167704,2021-12-28,1,0,0.99995685
55000900167704,2021-12-29,1,0,0.99995685
55000900167704,2021-12-30,1,0,0.99995685
55000900167704,2021-12-31,1,0,0.99995685
55000900167704,2022-01-01,1,0,0.99995685
55000900167704,2022-01-02,1,0,0.99995685
55000900167704,2022-01-03,1,0,0.99995685
55000900167704,2022-01-04,1,0,0.99995685
55000900167704,2022-01-05,1,0,0.99995685
55000900167704,2022-01-06,1,0,0.99995685
55000900167704,2022-01-07,1,0,0.99995685
55000900167704,2022-01-08,1,0,0.99995685
55000900167704,2022-01-09,1,0,0.99995685
55000900167704,2022-01-10,1,0,0.99995685
55000900167704,2022-01-11,1,0,0.99995685
55000900167704,2022-01-12,1,0,0.99995685
55000900167704,2022-01-13,1,0,0.99995685
55000900167704,2022-01-14,1,0,0.99995685
55000900167704,2022-01-15,1,0,0.99995685
55000900167704,2022-01-16,1,0,0.99995685
55000900167704,2022-01-17,1,0,0.99995685
55000900167704,2022-01-18,1,0,0.99995685
55000900167704,2022-01-19,1,0,0.99995685
55000900167704,2022-01-20,1,0,0.99995685
55000900167704,2022-01-21,1,0,0.99995685
55000900167704,2022-01-22,1,0,0.99995685
55000900167704,2022-01-23,1,0,0.99995685
55000900167704,2022-01-24,1,0,0.99995685
55000900167704,2022-01-25,1,0,0.99995685
55000900167704,2022-01-26,1,0,0.99995685
55000900167704,2022-01-27,1,0,0.99995685
55000900167704,2022-01-28,1,0,0.99995685
55000900167704,2022-01-29,1,0,0.99995685
55000900167704,2022-01-30,1,0,0.99995685
55000900167704,2022-01-31,1,0,0.99995685
55000900167704,2022-02-01,1,0,0.99995685
55000900167704,2022-02-02,1,0,0.99995685
55000900167704,2022-02-03,1,0,0.99995685
55000900167704,2022-02-04,1,0,0.99995685
55000900167704,2022-02-05,1,0,0.99995685
55000900167704,2022-02-06,1,0,0.99995685
55000900167704,2022-02-07,1,0,0.99995685
55000900167704,2022-02-08,1,0,0.99995685
55000900167704,2022-02-09,1,0,0.99995685
55000900167704,2022-02-10,1,0,0.99995685
55000900167704,2022-02-11,1,0,0.99995685
55000900167704,2022-02-12,1,0,0.99995685
55000900167704,2022-02-13,1,0,0.99995685
55000900167704,2022-02-14,1,0,0.99995685
55000900167704,2022-02-15,1,0,0.99995685
55000900167704,2022-02-16,1,0,0.99995685
55000900167704,2022-02-17,1,0,0.99995685
55000900167704,2022-02-18,1,0,0.99995685
55000900167704,2022-02-19,1,0,0.99995685
55000900167704,2022-02-20,1,0,0.99995685
55000900167704,2022-02-21,1,0,0.99995685
55000900167704,2022-02-22,1,0,0.99995685
55000900167704,2022-02-23,1,0,0.99995685
55000900167704,2022-02-24,1,0,0.99995685
55000900167704,2022-02-25,1,0,0.99995685
55000900167704,2022-02-26,1,0,0.99995685
55000900167704,2022-02-27,1,0,0.99995685
55000900167704,2022-02-28,1,0,0.99995685
55000900167704,2022-03-01,1,0,0.99995685
55000900167704,2022-03-02,1,0,0.99995685
55000900167704,2022-03-03,1,0,0.99995685
55000900167704,2022-03-04,1,0,0.99995685
55000900167704,2022-03-05,1,0,0.99995685
55000900167704,2022-03-06,1,0,0.99995685
55000900167704,2022-03-07,1,0,0.99995685
55000900167704,2022-03-08,1,0,0.99995685
55000900167704,2022-03-09,1,0,0.99995685
55000900167704,2022-03-10,1,0,0.99995685
55000900167704,2022-03-11,1,0,0.99995685
55000900167704,2022-03-12,1,0,0.99995685
55000900167704,2022-03-14,1,0,0.99995685
55000900167704,2022-03-15,1,0,0.99995685
55000900167704,2022-03-16,1,0,0.99995685
55000900167704,2022-03-17,1,0,0.99995685
55000900167704,2022-03-18,1,0,0.99995685
55000900167704,2022-03-19,1,0,0.99995685
55000900167704,2022-03-20,1,0,0.99995685
55000900167704,2022-03-21,1,0,0.99995685
55000900167704,2022-03-22,1,0,0.99995685
55000900167704,2022-03-23,1,0,0.99995685
55000900167704,2022-03-24,1,0,0.99995685
55000900167704,2022-03-25,1,0,0.99995685
55000900167704,2022-03-26,1,0,0.99995685
55000900167704,2022-03-27,1,0,0.99995685
55000900167704,2022-03-28,1,0,0.99995685
55000900167704,2022-03-29,1,0,0.99995685
55000900167704,2022-03-30,1,0,0.99995685
55000900167704,2022-03-31,1,0,0.99995685
55000900167704,2022-04-01,1,0,0.99995685
55000900167704,2022-04-02,1,0,0.99995685
55000900167704,2022-04-03,1,0,0.99995685
55000900167704,2022-04-04,1,0,0.99995685
55000900167704,2022-04-05,1,0,0.99995685
55000900167704,2022-04-06,1,0,0.99995685
55000900167704,2022-04-07,1,0,0.99995685
55000900167704,2022-04-08,1,0,0.99995685
55000900167704,2022-04-09,1,0,0.99995685
55000900167704,2022-04-10,1,0,0.99995685
55000900167704,2022-04-11,1,0,0.99995685
55000900167704,2022-04-12,1,0,0.99995685
55000900167704,2022-04-13,1,0,0.99995685
55000900167704,2022-04-14,1,0,0.99995685
55000900167704,2022-04-15,1,0,0.99995685
55000900167704,2022-04-16,1,0,0.99995685
55000900167704,2022-04-17,1,0,0.99995685
55000900167704,2022-04-18,1,0,0.99995685
55000900167704,2022-04-19,1,0,0.99995685
55000900167704,2022-04-20,1,0,0.99995685
55000900167704,2022-04-21,1,0,0.99995685
55000900167704,2022-04-22,1,0,0.99995685
55000900167704,2022-04-23,1,0,0.99995685
55000900167704,2022-04-24,1,0,0.99995685
55000900167704,2022-04-25,1,0,0.99995685
55000900167704,2022-04-26,1,0,0.99995685
55000900167704,2022-04-27,1,0,0.99995685
55000900167704,2022-04-28,1,0,0.99995685
55000900167704,2022-04-29,1,0,0.99995685
55000900167704,2022-04-30,1,0,0.99995685
55000900167704,2022-05-01,1,0,0.99995685
55000900167704,2022-05-02,1,0,0.99995685
55000900167704,2022-05-03,1,0,0.99995685
55000900167704,2022-05-04,1,0,0.99995685
55000900167704,2022-05-05,1,0,0.99995685
55000900167704,2022-05-06,1,0,0.99995685
55000900167704,2022-05-07,1,0,0.99995685
55000900167704,2022-05-08,1,0,0.99995685
55000900167704,2022-05-09,1,0,0.99995685
55000900167704,2022-05-10,1,0,0.99995685
55000900167704,2022-05-11,1,0,0.99995685
55000900167704,2022-05-12,1,0,0.99995685
55000900167704,2022-05-13,1,0,0.99995685
55000900167704,2022-05-14,1,0,0.99995685
55000900167704,2022-05-15,1,0,0.99995685
55000900167704,2022-05-16,1,0,0.99995685
55000900167704,2022-05-17,1,0,0.99995685
55000900167704,2022-05-18,1,0,0.99995685
55000900167704,2022-05-19,1,0,0.99995685
55000900167704,2022-05-20,1,0,0.99995685
55000900167704,2022-05-21,1,0,0.99995685
55000900167704,2022-05-22,1,0,0.99995685
55000900167704,2022-05-23,1,0,0.99995685
55000900167704,2022-05-24,1,0,0.99995685
55000900167704,2022-05-25,1,0,0.99995685
55000900167704,2022-05-26,1,0,0.99995685
55000900167704,2022-05-27,1,0,0.99995685
55000900167704,2022-05-28,1,0,0.99995685
55000900167704,2022-05-29,1,0,0.99995685
55000900167704,2022-05-30,1,0,0.99995685
55000900167704,2022-05-31,1,0,0.99995685
55000900167704,2022-06-01,1,0,0.99995685
55000900167704,2022-06-02,1,0,0.99995685
55000900167704,2022-06-03,1,0,0.99995685
55000900167704,2022-06-04,1,0,0.99995685
55000900167704,2022-06-05,1,0,0.99995685
55000900167704,2022-06-06,1,0,0.99995685
55000900167704,2022-06-07,1,0,0.99995685
55000900167704,2022-06-08,1,0,0.99995685
55000900167704,2022-06-09,1,0,0.99995685
55000900167704,2022-06-10,1,0,0.99995685
55000900167704,2022-06-11,1,0,0.99995685
55000900167704,2022-06-12,1,0,0.99995685
55000900167704,2022-06-13,1,0,0.99995685
55000900167704,2022-06-14,1,0,0.99995685
55000900167704,2022-06-15,1,0,0.99995685
55000900167704,2022-06-16,1,0,0.99995685
55000900167704,2022-06-17,1,0,0.99995685
55000900167704,2022-06-18,1,0,0.99995685
55000900167704,2022-06-19,1,0,0.99995685
55000900167704,2022-06-20,1,0,0.99995685
55000900167704,2022-06-21,1,0,0.99995685
55000900167704,2022-06-22,1,0,0.99995685
55000900167704,2022-06-23,1,0,0.99995685
55000900167704,2022-06-24,1,0,0.99995685
55000900167704,2022-06-25,1,0,0.99995685
55000900167704,2022-06-26,1,0,0.99995685
55000900167704,2022-06-27,1,0,0.99995685
55000900167704,2022-06-28,1,0,0.99995685
55000900167704,2022-06-29,1,0,0.99995685
55000900167704,2022-06-30,1,0,0.99995685
55000900167704,2022-07-01,1,0,0.99995685
55000900167704,2022-07-02,1,0,0.99995685
55000900167704,2022-07-03,1,0,0.99995685
55000900167704,2022-07-04,1,0,0.99995685
55000900167704,2022-07-05,1,0,0.99995685
55000900167704,2022-07-06,1,0,0.99995685
55000900167704,2022-07-07,1,0,0.99995685
55000900167704,2022-07-08,1,0,0.99995685
55000900167704,2022-07-09,1,0,0.99995685
55000900167704,2022-07-10,1,0,0.99995685
55000900167704,2022-07-11,1,0,0.99995685
55000900167704,2022-07-12,1,0,0.99995685
55000900167704,2022-07-13,1,0,0.99995685
55000900167704,2022-07-14,1,0,0.99995685
55000900167704,2022-07-15,1,0,0.99995685
55000900167704,2022-07-16,1,0,0.99995685
55000900167704,2022-07-17,1,0,0.99995685
55000900167704,2022-07-18,1,0,0.99995685
55000900167704,2022-07-19,1,0,0.99995685
55000900167704,2022-07-20,1,0,0.99995685
55000900167704,2022-07-21,1,0,0.99995685
55000900167704,2022-07-22,1,0,0.99995685
55000900167704,2022-07-23,1,0,0.99995685
55000900167704,2022-07-24,1,0,0.99995685
55000900167704,2022-07-25,1,0,0.99995685
55000900167704,2022-07-26,1,0,0.99995685
55000900167704,2022-07-27,1,0,0.99995685
55000900167704,2022-07-28,1,0,0.99995685
55000900167704,2022-07-29,1,0,0.99995685
55000900167704,2022-07-30,1,0,0.99995685
55000900167704,2022-07-31,1,0,0.99995685
55000900167704,2022-08-01,1,0,0.99995685
55000900167704,2022-08-02,1,0,0.99995685
55000900167704,2022-08-03,1,0,0.99995685
55000900167704,2022-08-04,1,0,0.99995685
55000900167704,2022-08-05,1,0,0.99995685
55000900167704,2022-08-06,1,0,0.99995685
55000900167704,2022-08-07,1,0,0.99995685
55000900167704,2022-08-08,1,0,0.99995685
55000900167704,2022-08-09,1,0,0.99995685
55000900167704,2022-08-10,1,0,0.99995685
55000900167704,2022-08-11,1,0,0.99995685
55000900167704,2022-08-12,1,0,0.99995685
55000900167704,2022-08-13,1,0,0.99995685
55000900167704,2022-08-14,1,0,0.99995685
55000900167704,2022-08-15,1,0,0.99995685
55000900167704,2022-08-16,1,0,0.99995685
55000900167704,2022-08-17,1,0,0.99995685
55000900167704,2022-08-18,1,0,0.99995685
55000900167704,2022-08-19,1,0,0.99995685
55000900167704,2022-08-20,1,0,0.99995685
55000900167704,2022-08-21,1,0,0.99995685
55000900167704,2022-08-22,1,0,0.99995685
55000900167704,2022-08-23,1,0,0.99995685
55000900167704,2022-08-24,1,0,0.99995685
55000900167704,2022-08-25,1,0,0.99995685
55000900167704,2022-08-26,1,0,0.99995685
55000900167704,2022-08-27,1,0,0.99995685
55000900167704,2022-08-28,1,0,0.99995685
55000900167704,2022-08-29,1,0,0.99995685
55000900167704,2022-08-30,1,0,0.99995685
55000900167704,2022-08-31,1,0,0.99995685
55000900167704,2022-09-01,1,0,0.99995685
55000900167704,2022-09-02,1,0,0.99995685
55000900167704,2022-09-03,1,0,0.99995685
55000900167704,2022-09-04,1,0,0.99995685
55000900167704,2022-09-05,0,0,0.99995685
55000900167704,2022-09-06,0,0,0.99995685
55000900167704,2022-09-07,0,0,0.99995685
55000900167704,2022-09-08,0,0,0.9994561
55000900167704,2022-09-09,0,0,0.9933803
55000900167704,2022-09-10,0,0,0.9748551
55000900167704,2022-09-11,0,0,0.8654712
55000900167704,2022-09-12,0,0,0.8384056
55000900167704,2022-09-13,0,0,0.83944446
55000900167704,2022-09-14,0,0,0.8374756
55000900167704,2022-09-15,0,0,0.83683115
55000900167704,2022-09-16,0,0,0.836039
55000900167704,2022-09-17,0,0,0.8342595
55000900167704,2022-09-18,0,0,0.83412623
55000900167704,2022-09-19,0,0,0.8206415
55000900167704,2022-09-20,0,0,0.8172697
55000900167704,2022-09-21,0,0,0.81717736
55000900167704,2022-09-22,0,0,0.8170846
55000900167704,2022-09-23,0,0,0.8168459
55000900167704,2022-09-24,0,0,0.8166307
55000900167704,2022-09-25,0,0,0.8164632
55000900167704,2022-09-26,0,0,0.8164033
55000900167704,2022-09-27,0,0,0.81639713
55000900167704,2022-09-28,0,0,0.8164298
55000900167704,2022-09-29,0,0,0.81646985
55000900167704,2022-09-30,0,0,0.8164998
55000900167704,2022-10-01,0,0,0.81653976
55000900167704,2022-10-02,0,0,0.81656426
55000900167704,2022-10-03,0,0,0.8165698
55000900167704,2022-10-04,0,0,0.816399
55000900167704,2022-10-05,0,0,0.81119514
55000900167704,2022-10-06,0,0,0.78210276
55000900167704,2022-10-07,0,0,0.7222618
55000900167704,2022-10-08,0,0,0.7222618
55000900167704,2022-10-09,0,0,0.7222618
55000900167704,2022-10-10,0,0,0.7222618
55000900167704,2022-10-11,0,0,0.7222618
55000900167704,2022-10-12,0,0,0.7222618
55000900167704,2022-10-13,0,0,0.7222618
55000900167704,2022-10-14,0,0,0.7222618
55000900167704,2022-10-15,0,0,0.7222618
55000900167704,2022-10-16,0,0,0.7222618
55000900167704,2022-10-17,0,0,0.7222618
55000900167704,2022-10-18,0,0,0.7222618
55000900167704,2022-10-19,0,0,0.7222618
55000900167704,2022-10-20,0,0,0.7222618
55000900167704,2022-10-21,0,0,0.7222618
55000900167704,2022-10-22,1,0,0.7222618
55000900167704,2022-10-23,0,0,0.7222618
55000900167704,2022-10-24,1,0,0.7222618
55000900167704,2022-10-25,1,0,0.8408317
55000900167704,2022-10-26,1,0,0.76692694
55000900167704,2022-10-27,0,0,0.8455025
55000900167704,2022-10-28,0,0,0.9206605
55000900167704,2022-10-29,0,0,0.9647803
55000900167704,2022-10-30,0,0,0.9111688
55000900167704,2022-10-31,0,0,0.8166872
55000900167704,2022-11-01,1,0,0.81166685
55000900167704,2022-11-02,0,0,0.813059
55000900167704,2022-11-03,0,0,0.81185174
55000900167704,2022-11-04,1,0,0.94088817
55000900167704,2022-11-05,1,0,0.8900616
55000900167704,2022-11-06,1,0,0.8186499
55000900167704,2022-11-07,1,0,0.95016193
55000900167704,2022-11-08,1,0,0.982689
55000900167704,2022-11-09,1,0,0.9872372
55000900167704,2022-11-10,1,0,0.9866599
55000900167704,2022-11-11,1,0,0.98678106
55000900167704,2022-11-12,1,0,0.9869647
55000900167704,2022-11-13,1,0,0.98686546
55000900167704,2022-11-14,1,0,0.9868522
55000900167704,2022-11-15,1,0,0.98690724
55000900167704,2022-11-16,1,0,0.98701376
55000900167704,2022-11-17,1,0,0.98741186
55000900167704,2022-11-18,1,0,0.98802364
55000900167704,2022-11-19,1,0,0.9883936
55000900167704,2022-11-20,1,0,0.98847497
55000900167704,2022-11-21,1,0,0.9885726
55000900167704,2022-11-22,1,0,0.9888919
55000900167704,2022-11-23,1,0,0.9788495
55000900167704,2022-11-24,1,0,0.9770666
55000900167704,2022-11-25,1,0,0.9783735
55000900167704,2022-11-26,1,0,0.97827864
55000900167704,2022-11-27,1,0,0.9768812
55000900167704,2022-11-28,1,0,0.97259235
55000900167704,2022-11-29,1,0,0.9718036
55000900167704,2022-11-30,1,0,0.9716115
55000900167704,2022-12-01,1,0,0.9727324
55000900167704,2022-12-02,1,0,0.97516495
55000900167704,2022-12-03,1,0,0.9829102
55000900167704,2022-12-04,1,0,0.9909339
55000900167704,2022-12-05,1,0,0.99952626
55000900167704,2022-12-06,1,0,0.99995685
55000900167704,2022-12-07,1,0,0.99995685
55000900167704,2022-12-08,1,0,0.99995685
55000900167704,2022-12-09,1,0,0.99995685
55000900167704,2022-12-10,1,0,0.99995685
55000900167704,2022-12-11,1,0,0.99995685
55000900167704,2022-12-12,1,0,0.99995685
55000900167704,2022-12-13,1,0,0.99995685
55000900167704,2022-12-14,1,0,0.99995685
55000900167704,2022-12-15,1,0,0.99995685
55000900167704,2022-12-16,1,0,0.99995685
55000900167704,2022-12-17,1,0,0.99995685
55000900167704,2022-12-18,1,0,0.99995685
55000900167704,2022-12-19,1,0,0.99995685
55000900167704,2022-12-20,1,0,0.99995685
55000900167704,2022-12-21,1,0,0.99995685
55000900167704,2022-12-22,1,0,0.99995685
55000900167704,2022-12-23,1,0,0.99995685
55000900167704,2022-12-24,1,0,0.99995685
55000900167704,2022-12-25,1,0,0.99995685
55000900167704,2022-12-26,1,0,0.99995685
55000900167704,2022-12-27,1,0,0.99995685
55000900167704,2022-12-28,1,0,0.99995685
55000900167704,2022-12-29,1,0,0.99995685
55000900167704,2022-12-30,1,0,0.99995685
55000900167704,2022-12-31,1,0,0.99995685
55000900167704,2023-01-01,1,0,0.99995685
55000900167704,2023-01-02,1,0,0.99995685
55000900167704,2023-01-03,1,0,0.99995685
55000900167704,2023-01-04,1,0,0.99995685
55000900167704,2023-01-05,1,0,0.99995685
55000900167704,2023-01-06,1,0,0.99995685
55000900167704,2023-01-07,1,0,0.99995685
55000900167704,2023-01-08,1,0,0.99995685
55000900167704,2023-01-09,1,0,0.99995685
55000900167704,2023-01-10,1,0,0.99995685
55000900167704,2023-01-11,1,0,0.99995685
55000900167704,2023-01-12,1,0,0.99995685
55000900167704,2023-01-13,1,0,0.99995685
55000900167704,2023-01-14,1,0,0.99995685
55000900167704,2023-01-15,1,0,0.99995685
55000900167704,2023-01-16,1,0,0.99995685
55000900167704,2023-01-17,1,0,0.99995685
55000900167704,2023-01-18,1,0,0.99995685
55000900167704,2023-01-19,1,0,0.99995685
55000900167704,2023-01-20,1,0,0.99995685
55000900167704,2023-01-21,1,0,0.99995685
55000900167704,2023-01-22,1,0,0.99995685
55000900167704,2023-01-23,1,0,0.99995685
55000900167704,2023-01-24,1,0,0.99995685
55000900167704,2023-01-25,1,0,0.99995685
55000900167704,2023-01-26,1,0,0.99995685
55000900167704,2023-01-27,1,0,0.99995685
55000900167704,2023-01-28,1,0,0.99995685
55000900167704,2023-01-29,1,0,0.99995685
55000900167704,2023-01-30,1,0,0.99995685
55000900167704,2023-01-31,1,0,0.99995685
55000900167704,2023-02-01,1,0,0.99995685
55000900167704,2023-02-02,1,0,0.99995685
55000900167704,2023-02-03,1,0,0.99995685
55000900167704,2023-02-04,1,0,0.99995685
55000900167704,2023-02-05,1,0,0.99995685
55000900167704,2023-02-06,1,0,0.99995685
55000900167704,2023-02-07,1,0,0.99995685
55000900167704,2023-02-08,1,0,0.99995685
55000900167704,2023-02-09,1,0,0.99995685
55000900167704,2023-02-10,1,0,0.99995685
55000900167704,2023-02-11,1,0,0.99995685
55000900167704,2023-02-12,1,0,0.99995685
55000900167704,2023-02-13,1,0,0.99995685
55000900167704,2023-02-14,1,0,0.99995685
55000900167704,2023-02-15,1,0,0.99995685
55000900167704,2023-02-16,1,0,0.99995685
55000900167704,2023-02-17,1,0,0.99995685
55000900167704,2023-02-18,1,0,0.99995685
55000900167704,2023-02-19,1,0,0.99995685
55000900167704,2023-02-20,1,0,0.99995685
55000900167704,2023-02-21,1,0,0.99995685
55000900167704,2023-02-22,1,0,0.99995685
55000900167704,2023-02-23,1,0,0.99995685
55000900167704,2023-02-24,1,0,0.99995685
55000900167704,2023-02-25,1,0,0.99995685
55000900167704,2023-02-26,1,0,0.99995685
55000900167704,2023-02-27,1,0,0.99995685
55000900167704,2023-02-28,1,0,0.99995685
55000900167704,2023-03-01,1,0,0.99995685
55000900167704,2023-03-02,1,0,0.99995685
55000900167704,2023-03-03,1,0,0.99995685
55000900167704,2023-03-04,1,0,0.99995685
55000900167704,2023-03-05,1,0,0.99995685
55000900167704,2023-03-06,1,0,0.99995685
55000900167704,2023-03-07,1,0,0.99995685
55000900167704,2023-03-08,1,0,0.99995685
55000900167704,2023-03-09,1,0,0.99995685
55000900167704,2023-03-10,1,0,0.99995685
55000900167704,2023-03-11,1,0,0.99995685
55000900167704,2023-03-13,1,0,0.99995685
55000900167704,2023-03-14,1,0,0.99995685
55000900167704,2023-03-15,1,0,0.99995685
55000900167704,2023-03-16,1,0,0.99995685
55000900167704,2023-03-17,1,0,0.99995685
55000900167704,2023-03-18,1,0,0.99995685
55000900167704,2023-03-19,1,0,0.99995685
55000900167704,2023-03-20,1,0,0.99995685
55000900167704,2023-03-21,1,0,0.99995685
55000900167704,2023-03-22,1,0,0.99995685
55000900167704,2023-03-23,1,0,0.99995685
55000900167704,2023-03-24,1,0,0.99995685
55000900167704,2023-03-25,1,0,0.99995685
55000900167704,2023-03-26,1,0,0.99995685
55000900167704,2023-03-27,1,0,0.99995685
55000900167704,2023-03-28,1,0,0.99995685
55000900167704,2023-03-29,1,0,0.99995685
55000900167704,2023-03-30,1,0,0.99995685
55000900167704,2023-03-31,1,0,0.99995685
55000900167704,2023-04-01,1,0,0.99995685
55000900167704,2023-04-02,1,0,0.99995685
55000900167704,2023-04-03,1,0,0.99995685
55000900167704,2023-04-04,1,0,0.99995685
55000900167704,2023-04-05,1,0,0.99995685
55000900167704,2023-04-06,1,0,0.99995685
55000900167704,2023-04-07,1,0,0.99995685
55000900167704,2023-04-08,1,0,0.99995685
55000900167704,2023-04-09,1,0,0.99995685
55000900167704,2023-04-10,1,0,0.99995685
55000900167704,2023-04-11,1,0,0.99995685
55000900167704,2023-04-12,1,0,0.99995685
55000900167704,2023-04-13,1,0,0.99995685
55000900167704,2023-04-14,1,0,0.99995685
55000900167704,2023-04-15,1,0,0.99995685
55000900167704,2023-04-16,1,0,0.99995685
55000900167704,2023-04-17,1,0,0.99995685
55000900167704,2023-04-18,1,0,0.99995685
55000900167704,2023-04-19,1,0,0.99995685
55000900167704,2023-04-20,1,0,0.99995685
55000900200040,2020-09-11,1,0,0.9999877
55000900200040,2020-09-12,1,0,0.9999485
55000900200040,2020-09-13,1,0,0.99997604
55000900200040,2020-09-14,1,0,0.9999939
55000900200040,2020-09-15,1,0,0.9999945
55000900200040,2020-09-16,1,0,0.99999535
55000900200040,2020-09-17,1,0,0.99999535
55000900200040,2020-09-18,1,0,0.99999523
55000900200040,2020-09-19,1,0,0.99999523
55000900200040,2020-09-20,1,0,0.9999939
55000900200040,2020-09-21,1,0,0.9999949
55000900200040,2020-09-22,1,0,0.99999464
55000900200040,2020-09-23,1,0,0.9999931
55000900200040,2020-09-24,1,0,0.9999938
55000900200040,2020-09-25,1,0,0.9999938
55000900200040,2020-09-26,1,0,0.99999404
55000900200040,2020-09-27,1,0,0.99999595
55000900200040,2020-09-28,1,0,0.9999949
55000900200040,2020-09-29,1,0,0.9999968
55000900200040,2020-09-30,1,0,0.9999956
55000900200040,2020-10-01,1,0,0.99999523
55000900200040,2020-10-02,1,0,0.9999958
55000900200040,2020-10-03,1,0,0.9999958
55000900200040,2020-10-04,1,0,0.9999963
55000900200040,2020-10-05,1,0,0.9999963
55000900200040,2020-10-06,1,0,0.99999607
55000900200040,2020-10-07,1,0,0.9999957
55000900200040,2020-10-08,1,0,0.99999595
55000900200040,2020-10-09,1,0,0.9999963
55000900200040,2020-10-10,1,0,0.99999595
55000900200040,2020-10-11,1,0,0.9999962
55000900200040,2020-10-12,1,0,0.99999595
55000900200040,2020-10-13,1,0,0.9999958
55000900200040,2020-10-14,1,0,0.9999974
55000900200040,2020-10-15,1,0,0.9999982
55000900200040,2020-10-16,1,0,0.9999975
55000900200040,2020-10-17,1,0,0.99999833
55000900200040,2020-10-18,1,0,0.99999833
55000900200040,2020-10-19,1,0,0.9999982
55000900200040,2020-10-20,1,0,0.9999982
55000900200040,2020-10-21,1,0,0.9999982
55000900200040,2020-10-22,1,0,0.9999982
55000900200040,2020-10-23,1,0,0.9999982
55000900200040,2020-10-24,1,0,0.999998
55000900200040,2020-10-25,1,0,0.999998
55000900200040,2020-10-26,1,0,0.99999845
55000900200040,2020-10-27,1,0,0.9999982
55000900200040,2020-10-28,1,0,0.99999416
55000900200040,2020-10-29,1,0,0.9999945
55000900200040,2020-10-30,1,0,0.99999464
55000900200040,2020-10-31,1,0,0.99999547
55000900200040,2020-11-01,1,0,0.9999968
55000900200040,2020-11-02,1,0,0.99999714
55000900200040,2020-11-03,1,0,0.9999976
55000900200040,2020-11-04,1,0,0.9999981
55000900200040,2020-11-05,1,0,0.9999982
55000900200040,2020-11-06,1,0,0.9999981
55000900200040,2020-11-07,1,0,0.99999785
55000900200040,2020-11-08,1,0,0.99999833
55000900200040,2020-11-09,1,0,0.99999726
55000900200040,2020-11-10,1,0,0.99999833
55000900200040,2020-11-11,1,0,0.99999785
55000900200040,2020-11-12,1,0,0.9999982
55000900200040,2020-11-13,1,0,0.9999981
55000900200040,2020-11-14,1,0,0.99999774
55000900200040,2020-11-15,1,0,0.99999845
55000900200040,2020-11-16,1,0,0.99999833
55000900200040,2020-11-17,1,0,0.99999845
55000900200040,2020-11-18,1,0,0.99999833
55000900200040,2020-11-19,1,0,0.9999976
55000900200040,2020-11-20,1,0,0.99999845
55000900200040,2020-11-21,1,0,0.99999833
55000900200040,2020-11-22,1,0,0.99999845
55000900200040,2020-11-23,1,0,0.99999714
55000900200040,2020-11-24,1,0,0.9999981
55000900200040,2020-11-25,1,0,0.99999833
55000900200040,2020-11-26,1,0,0.9999981
55000900200040,2020-11-27,1,0,0.99999833
55000900200040,2020-11-28,1,0,0.99999833
55000900200040,2020-11-29,1,0,0.99999714
55000900200040,2020-11-30,1,0,0.99999714
55000900200040,2020-12-01,1,0,0.999997
55000900200040,2020-12-02,1,0,0.999998
55000900200040,2020-12-03,1,0,0.99999833
55000900200040,2020-12-04,1,0,0.9999982
55000900200040,2020-12-05,1,0,0.9999982
55000900200040,2020-12-06,1,0,0.99999774
55000900200040,2020-12-07,1,0,0.9999976
55000900200040,2020-12-08,1,0,0.999998
55000900200040,2020-12-09,1,0,0.99999726
55000900200040,2020-12-10,1,0,0.99999726
55000900200040,2020-12-11,1,0,0.99999785
55000900200040,2020-12-12,1,0,0.9999969
55000900200040,2020-12-13,1,0,0.99999774
55000900200040,2020-12-14,1,0,0.999998
55000900200040,2020-12-15,1,0,0.9999975
55000900200040,2020-12-16,1,0,0.9999975
55000900200040,2020-12-17,1,0,0.9999974
55000900200040,2020-12-18,1,0,0.9999981
55000900200040,2020-12-19,1,0,0.9999963
55000900200040,2020-12-20,1,0,0.99999833
55000900200040,2020-12-21,1,0,0.99999845
55000900200040,2020-12-22,1,0,0.99999833
55000900200040,2020-12-23,1,0,0.99999785
55000900200040,2020-12-24,1,0,0.9999982
55000900200040,2020-12-25,1,0,0.9999982
55000900200040,2020-12-26,1,0,0.99999833
55000900200040,2020-12-27,1,0,0.99999833
55000900200040,2020-12-28,1,0,0.99999833
55000900200040,2020-12-29,1,0,0.99999845
55000900200040,2020-12-30,1,0,0.9999975
55000900200040,2020-12-31,1,0,0.9999981
55000900200040,2021-01-01,1,0,0.99999845
55000900200040,2021-01-02,1,0,0.9999982
55000900200040,2021-01-03,1,0,0.9999982
55000900200040,2021-01-04,1,0,0.9999981
55000900200040,2021-01-05,1,0,0.99999547
55000900200040,2021-01-06,1,0,0.9999962
55000900200040,2021-01-07,1,0,0.99999845
55000900200040,2021-01-08,1,0,0.99999845
55000900200040,2021-01-09,1,0,0.99999845
55000900200040,2021-01-10,1,0,0.99999833
55000900200040,2021-01-11,1,0,0.9999981
55000900200040,2021-01-12,1,0,0.9999981
55000900200040,2021-01-13,1,0,0.9999981
55000900200040,2021-01-14,1,0,0.9999981
55000900200040,2021-01-15,1,0,0.999998
55000900200040,2021-01-16,1,0,0.999998
55000900200040,2021-01-17,1,0,0.999998
55000900200040,2021-01-18,1,0,0.999998
55000900200040,2021-01-19,1,0,0.999998
55000900200040,2021-01-20,1,0,0.9999981
55000900200040,2021-01-21,1,0,0.9999982
55000900200040,2021-01-22,1,0,0.99999833
55000900200040,2021-01-23,1,0,0.99999785
55000900200040,2021-01-24,1,0,0.999998
55000900200040,2021-01-25,1,0,0.99999785
55000900200040,2021-01-26,1,0,0.9999982
55000900200040,2021-01-27,1,0,0.9999982
55000900200040,2021-01-28,1,0,0.9999982
55000900200040,2021-01-29,1,0,0.99999726
55000900200040,2021-01-30,1,0,0.9999974
55000900200040,2021-01-31,1,0,0.9999969
55000900200040,2021-02-01,1,0,0.9999975
55000900200040,2021-02-02,1,0,0.9999975
55000900200040,2021-02-03,1,0,0.9999975
55000900200040,2021-02-04,1,0,0.9999975
55000900200040,2021-02-05,1,0,0.9999975
55000900200040,2021-02-06,1,0,0.9999975
55000900200040,2021-02-07,1,0,0.9999975
55000900200040,2021-02-08,1,0,0.9999975
55000900200040,2021-02-09,1,0,0.9999975
55000900200040,2021-02-10,1,0,0.9999975
55000900200040,2021-02-11,1,0,0.9999975
55000900200040,2021-02-12,1,0,0.9999975
55000900200040,2021-02-13,1,0,0.9999975
55000900200040,2021-02-14,1,0,0.9999975
55000900200040,2021-02-15,1,0,0.9999975
55000900200040,2021-02-16,1,0,0.9999975
55000900200040,2021-02-17,1,0,0.9999975
55000900200040,2021-02-18,1,0,0.9999975
55000900200040,2021-02-19,1,0,0.9999975
55000900200040,2021-02-20,1,0,0.9999975
55000900200040,2021-02-21,1,0,0.9999975
55000900200040,2021-02-22,1,0,0.9999975
55000900200040,2021-02-23,1,0,0.9999975
55000900200040,2021-02-24,1,0,0.9999975
55000900200040,2021-02-25,1,0,0.9999975
55000900200040,2021-02-26,1,0,0.9999975
55000900200040,2021-02-27,1,0,0.9999975
55000900200040,2021-02-28,1,0,0.9999975
55000900200040,2021-03-01,1,0,0.9999975
55000900200040,2021-03-02,1,0,0.9999975
55000900200040,2021-03-03,1,0,0.9999975
55000900200040,2021-03-04,1,0,0.9999975
55000900200040,2021-03-05,1,0,0.9999975
55000900200040,2021-03-06,1,0,0.9999975
55000900200040,2021-03-07,1,0,0.9999975
55000900200040,2021-03-08,1,0,0.9999975
55000900200040,2021-03-09,1,0,0.9999975
55000900200040,2021-03-10,1,0,0.9999975
55000900200040,2021-03-11,1,0,0.9999975
55000900200040,2021-03-12,1,0,0.9999975
55000900200040,2021-03-13,1,0,0.9999975
55000900200040,2021-03-15,1,0,0.9999975
55000900200040,2021-03-16,1,0,0.9999975
55000900200040,2021-03-17,1,0,0.9999975
55000900200040,2021-03-18,1,0,0.9999975
55000900200040,2021-03-19,1,0,0.9999975
55000900200040,2021-03-20,1,0,0.9999975
55000900200040,2021-03-21,1,0,0.9999975
55000900200040,2021-03-22,1,0,0.9999975
55000900200040,2021-03-23,1,0,0.9999975
55000900200040,2021-03-24,1,0,0.9999975
55000900200040,2021-03-25,1,0,0.9999975
55000900200040,2021-03-26,1,0,0.9999975
55000900200040,2021-03-27,1,0,0.9999975
55000900200040,2021-03-28,1,0,0.9999975
55000900200040,2021-03-29,1,0,0.9999975
55000900200040,2021-03-30,1,0,0.9999975
55000900200040,2021-03-31,1,0,0.9999975
55000900200040,2021-04-01,1,0,0.9999975
55000900200040,2021-04-02,1,0,0.9999975
55000900200040,2021-04-03,1,0,0.9999975
55000900200040,2021-04-04,1,0,0.9999975
55000900200040,2021-04-05,1,0,0.9999975
55000900200040,2021-04-06,1,0,0.9999975
55000900200040,2021-04-07,1,0,0.9999975
55000900200040,2021-04-08,1,0,0.9999975
55000900200040,2021-04-09,1,0,0.9999975
55000900200040,2021-04-10,1,0,0.9999975
55000900200040,2021-04-11,1,0,0.9999975
55000900200040,2021-04-12,1,0,0.9999975
55000900200040,2021-04-13,1,0,0.9999975
55000900200040,2021-04-14,1,0,0.9999975
55000900200040,2021-04-15,1,0,0.9999975
55000900200040,2021-04-16,1,0,0.9999975
55000900200040,2021-04-17,1,0,0.9999975
55000900200040,2021-04-18,1,0,0.9999975
55000900200040,2021-04-19,1,0,0.9999975
55000900200040,2021-04-20,1,0,0.9999975
55000900200040,2021-04-21,1,0,0.9999975
55000900200040,2021-04-22,1,0,0.9999975
55000900200040,2021-04-23,1,0,0.9999975
55000900200040,2021-04-24,1,0,0.9999975
55000900200040,2021-04-25,1,0,0.9999975
55000900200040,2021-04-26,1,0,0.9999975
55000900200040,2021-04-27,1,0,0.9999975
55000900200040,2021-04-28,1,0,0.9999975
55000900200040,2021-04-29,1,0,0.9999975
55000900200040,2021-04-30,1,0,0.9999975
55000900200040,2021-05-01,1,0,0.9999975
55000900200040,2021-05-02,1,0,0.9999975
55000900200040,2021-05-03,1,0,0.9999975
55000900200040,2021-05-04,1,0,0.9999975
55000900200040,2021-05-05,1,0,0.9999975
55000900200040,2021-05-06,1,0,0.9999975
55000900200040,2021-05-07,1,0,0.9999975
55000900200040,2021-05-08,1,0,0.9999975
55000900200040,2021-05-09,1,0,0.9999975
55000900200040,2021-05-10,1,0,0.9999975
55000900200040,2021-05-11,1,0,0.9999975
55000900200040,2021-05-12,1,0,0.9999975
55000900200040,2021-05-13,1,0,0.9999975
55000900200040,2021-05-14,1,0,0.9999975
55000900200040,2021-05-15,1,0,0.9999975
55000900200040,2021-05-16,1,0,0.9999975
55000900200040,2021-05-17,1,0,0.9999975
55000900200040,2021-05-18,1,0,0.9999975
55000900200040,2021-05-19,1,0,0.9999975
55000900200040,2021-05-20,1,0,0.9999975
55000900200040,2021-05-21,1,0,0.9999975
55000900200040,2021-05-22,1,0,0.9999975
55000900200040,2021-05-23,1,0,0.9999975
55000900200040,2021-05-24,1,0,0.9999975
55000900200040,2021-05-27,1,0,0.9999975
55000900200040,2021-05-28,1,0,0.9999975
55000900200040,2021-05-29,1,0,0.9999975
55000900200040,2021-05-30,1,0,0.9999975
55000900200040,2021-05-31,1,0,0.9999975
55000900200040,2021-06-01,1,0,0.9999975
55000900200040,2021-06-02,1,0,0.9999975
55000900200040,2021-06-03,1,0,0.9999975
55000900200040,2021-06-04,1,0,0.9999975
55000900200040,2021-06-05,1,0,0.9999975
55000900200040,2021-06-06,1,0,0.9999975
55000900200040,2021-06-07,1,0,0.9999975
55000900200040,2021-06-08,1,0,0.9999975
55000900200040,2021-06-09,1,0,0.9999975
55000900200040,2021-06-10,1,0,0.9999975
55000900200040,2021-06-11,1,0,0.9999975
55000900200040,2021-06-12,1,0,0.9999975
55000900200040,2021-06-13,1,0,0.9999975
55000900200040,2021-06-14,1,0,0.9999975
55000900200040,2021-06-15,1,0,0.9999975
55000900200040,2021-06-16,1,0,0.9999975
55000900200040,2021-06-17,1,0,0.9999975
55000900200040,2021-06-18,1,0,0.9999975
55000900200040,2021-06-19,1,0,0.9999975
55000900200040,2021-06-20,1,0,0.9999975
55000900200040,2021-06-21,1,0,0.9999975
55000900200040,2021-06-22,1,0,0.9999975
55000900200040,2021-06-23,1,0,0.9999975
55000900200040,2021-06-24,1,0,0.9999975
55000900200040,2021-06-25,1,0,0.9999975
55000900200040,2021-06-26,1,0,0.9999975
55000900200040,2021-06-27,1,0,0.9999975
55000900200040,2021-06-28,1,0,0.9999975
55000900200040,2021-06-29,1,0,0.9999975
55000900200040,2021-06-30,1,0,0.9999975
55000900200040,2021-07-01,1,0,0.9999975
55000900200040,2021-07-02,1,0,0.9999975
55000900200040,2021-07-03,1,0,0.9999975
55000900200040,2021-07-04,1,0,0.9999975
55000900200040,2021-07-05,1,0,0.9999975
55000900200040,2021-07-06,1,0,0.9999975
55000900200040,2021-07-07,1,0,0.9999975
55000900200040,2021-07-08,1,0,0.9999975
55000900200040,2021-07-09,1,0,0.9999975
55000900200040,2021-07-10,1,0,0.9999975
55000900200040,2021-07-11,1,0,0.9999975
55000900200040,2021-07-12,1,0,0.9999975
55000900200040,2021-07-13,1,0,0.9999975
55000900200040,2021-07-14,1,0,0.9999975
55000900200040,2021-07-15,1,0,0.9999975
55000900200040,2021-07-16,1,0,0.9999975
55000900200040,2021-07-17,1,0,0.9999975
55000900200040,2021-07-18,1,0,0.9999975
55000900200040,2021-07-19,1,0,0.9999975
55000900200040,2021-07-20,1,0,0.9999975
55000900200040,2021-07-21,1,0,0.9999975
55000900200040,2021-07-22,1,0,0.9999975
55000900200040,2021-07-23,1,0,0.9999975
55000900200040,2021-07-24,1,0,0.9999975
55000900200040,2021-07-25,1,0,0.9999975
55000900200040,2021-07-26,1,0,0.9999975
55000900200040,2021-07-27,1,0,0.9999975
55000900200040,2021-07-28,1,0,0.9999975
55000900200040,2021-07-29,1,0,0.9999975
55000900200040,2021-07-30,1,0,0.9999975
55000900200040,2021-07-31,1,0,0.9999975
55000900200040,2021-08-01,1,0,0.9999975
55000900200040,2021-08-02,1,0,0.9999975
55000900200040,2021-08-03,1,0,0.9999975
55000900200040,2021-08-04,1,0,0.9999975
55000900200040,2021-08-05,1,0,0.9999975
55000900200040,2021-08-06,1,0,0.9999975
55000900200040,2021-08-07,1,0,0.9999975
55000900200040,2021-08-08,1,0,0.9999975
55000900200040,2021-08-09,1,0,0.9999975
55000900200040,2021-08-10,1,0,0.9999975
55000900200040,2021-08-11,1,0,0.9999975
55000900200040,2021-08-12,1,0,0.9999975
55000900200040,2021-08-13,1,0,0.9999975
55000900200040,2021-08-14,1,0,0.9999975
55000900200040,2021-08-15,1,0,0.9999975
55000900200040,2021-08-16,1,0,0.9999975
55000900200040,2021-08-17,1,0,0.9999975
55000900200040,2021-08-18,1,0,0.9999975
55000900200040,2021-08-19,1,0,0.9999975
55000900200040,2021-08-20,1,0,0.9999975
55000900200040,2021-08-21,1,0,0.9999975
55000900200040,2021-08-22,1,0,0.9999975
55000900200040,2021-08-23,1,0,0.9999975
55000900200040,2021-08-24,1,0,0.9999975
55000900200040,2021-08-25,1,0,0.9999975
55000900200040,2021-08-26,1,0,0.9999975
55000900200040,2021-08-27,1,0,0.9999975
55000900200040,2021-08-28,1,0,0.9999975
55000900200040,2021-08-29,1,0,0.9999975
55000900200040,2021-08-30,1,0,0.9999975
55000900200040,2021-08-31,1,0,0.9999975
55000900200040,2021-09-01,1,0,0.9999975
55000900200040,2021-09-02,1,0,0.9999975
55000900200040,2021-09-03,1,0,0.9999975
55000900200040,2021-09-04,1,0,0.9999975
55000900200040,2021-09-05,1,0,0.9999975
55000900200040,2021-09-06,1,0,0.9999975
55000900200040,2021-09-07,1,0,0.9999975
55000900200040,2021-09-08,1,0,0.9999975
55000900200040,2021-09-09,1,0,0.9999975
55000900200040,2021-09-10,1,0,0.9999975
55000900200040,2021-09-11,1,0,0.9999975
55000900200040,2021-09-12,1,0,0.9999975
55000900200040,2021-09-13,1,0,0.9999975
55000900200040,2021-09-14,1,0,0.9999975
55000900200040,2021-09-15,1,0,0.9999975
55000900200040,2021-09-16,1,0,0.9999975
55000900200040,2021-09-17,1,0,0.9999975
55000900200040,2021-09-18,1,0,0.9999975
55000900200040,2021-09-19,1,0,0.9999975
55000900200040,2021-09-20,1,0,0.9999975
55000900200040,2021-09-21,1,0,0.9999975
55000900200040,2021-09-22,1,0,0.9999975
55000900200040,2021-09-23,1,0,0.9999975
55000900200040,2021-09-24,1,0,0.9999975
55000900200040,2021-09-25,1,0,0.9999975
55000900200040,2021-09-26,1,0,0.9999975
55000900200040,2021-09-27,1,0,0.9999975
55000900200040,2021-09-28,1,0,0.9999975
55000900200040,2021-09-29,1,0,0.9999975
55000900200040,2021-09-30,1,0,0.9999975
55000900200040,2021-10-01,1,0,0.9999975
55000900200040,2021-10-02,1,0,0.9999975
55000900200040,2021-10-03,1,0,0.9999975
55000900200040,2021-10-04,1,0,0.9999975
55000900200040,2021-10-05,1,0,0.9999975
55000900200040,2021-10-06,1,0,0.9999975
55000900200040,2021-10-07,1,0,0.9999975
55000900200040,2021-10-08,1,0,0.9999975
55000900200040,2021-10-09,1,0,0.9999975
55000900200040,2021-10-10,1,0,0.9999975
55000900200040,2021-10-11,1,0,0.9999975
55000900200040,2021-10-12,1,0,0.9999975
55000900200040,2021-10-13,1,0,0.9999975
55000900200040,2021-10-14,1,0,0.9999975
55000900200040,2021-10-15,1,0,0.9999975
55000900200040,2021-10-16,1,0,0.9999975
55000900200040,2021-10-17,1,0,0.9999975
55000900200040,2021-10-18,1,0,0.9999975
55000900200040,2021-10-19,1,0,0.9999975
55000900200040,2021-10-20,1,0,0.9999975
55000900200040,2021-10-21,1,0,0.9999975
55000900200040,2021-10-22,1,0,0.9999975
55000900200040,2021-10-23,1,0,0.9999975
55000900200040,2021-10-24,1,0,0.9999975
55000900200040,2021-10-25,1,0,0.9999975
55000900200040,2021-10-26,1,0,0.9999975
55000900200040,2021-10-27,1,0,0.9999975
55000900200040,2021-10-28,1,0,0.9999975
55000900200040,2021-10-29,1,0,0.9999975
55000900200040,2021-10-30,1,0,0.9999975
55000900200040,2021-10-31,1,0,0.9999975
55000900200040,2021-11-01,1,0,0.9999975
55000900200040,2021-11-02,1,0,0.9999975
55000900200040,2021-11-03,1,0,0.9999975
55000900200040,2021-11-04,1,0,0.9999975
55000900200040,2021-11-05,1,0,0.9999975
55000900200040,2021-11-06,1,0,0.9999975
55000900200040,2021-11-07,1,0,0.9999975
55000900200040,2021-11-08,1,0,0.9999975
55000900200040,2021-11-09,1,0,0.9999975
55000900200040,2021-11-10,1,0,0.9999975
55000900200040,2021-11-11,1,0,0.9999975
55000900200040,2021-11-12,1,0,0.9999975
55000900200040,2021-11-13,1,0,0.9999975
55000900200040,2021-11-14,1,0,0.9999975
55000900200040,2021-11-15,1,0,0.9999975
55000900200040,2021-11-16,1,0,0.9999975
55000900200040,2021-11-17,1,0,0.9999975
55000900200040,2021-11-18,1,0,0.9999975
55000900200040,2021-11-19,1,0,0.9999975
55000900200040,2021-11-20,1,0,0.9999975
55000900200040,2021-11-21,1,0,0.9999975
55000900200040,2021-11-22,1,0,0.9999975
55000900200040,2021-11-23,1,0,0.9999975
55000900200040,2021-11-24,1,0,0.9999975
55000900200040,2021-11-25,1,0,0.9999975
55000900200040,2021-11-26,1,0,0.9999975
55000900200040,2021-11-27,1,0,0.9999975
55000900200040,2021-11-28,1,0,0.9999975
55000900200040,2021-11-29,1,0,0.9999975
55000900200040,2021-11-30,1,0,0.9999975
55000900200040,2021-12-01,1,0,0.9999975
55000900200040,2021-12-02,1,0,0.9999975
55000900200040,2021-12-03,1,0,0.9999975
55000900200040,2021-12-04,1,0,0.9999975
55000900200040,2021-12-05,1,0,0.9999975
55000900200040,2021-12-06,1,0,0.9999975
55000900200040,2021-12-07,1,0,0.9999975
55000900200040,2021-12-08,1,0,0.9999975
55000900200040,2021-12-09,1,0,0.9999975
55000900200040,2021-12-10,1,0,0.9999975
55000900200040,2021-12-11,1,0,0.9999975
55000900200040,2021-12-12,1,0,0.9999975
55000900200040,2021-12-13,1,0,0.9999975
55000900200040,2021-12-14,1,0,0.9999975
55000900200040,2021-12-15,1,0,0.9999975
55000900200040,2021-12-16,1,0,0.9999975
55000900200040,2021-12-17,1,0,0.9999975
55000900200040,2021-12-18,1,0,0.9999975
55000900200040,2021-12-19,1,0,0.9999975
55000900200040,2021-12-20,1,0,0.9999975
55000900200040,2021-12-21,1,0,0.9999975
55000900200040,2021-12-22,1,0,0.9999975
55000900200040,2021-12-23,1,0,0.9999975
55000900200040,2021-12-24,1,0,0.9999975
55000900200040,2021-12-25,1,0,0.9999975
55000900200040,2021-12-26,1,0,0.9999975
55000900200040,2021-12-27,1,0,0.9999975
55000900200040,2021-12-28,1,0,0.9999975
55000900200040,2021-12-29,1,0,0.9999975
55000900200040,2021-12-30,1,0,0.9999975
55000900200040,2021-12-31,1,0,0.9999975
55000900200040,2022-01-01,1,0,0.9999975
55000900200040,2022-01-02,1,0,0.9999975
55000900200040,2022-01-03,1,0,0.9999975
55000900200040,2022-01-04,1,0,0.9999975
55000900200040,2022-01-05,1,0,0.9999975
55000900200040,2022-01-06,1,0,0.9999975
55000900200040,2022-01-07,1,0,0.9999975
55000900200040,2022-01-08,1,0,0.9999975
55000900200040,2022-01-09,1,0,0.9999975
55000900200040,2022-01-10,1,0,0.9999975
55000900200040,2022-01-11,1,0,0.9999975
55000900200040,2022-01-12,1,0,0.9999975
55000900200040,2022-01-13,1,0,0.9999975
55000900200040,2022-01-14,1,0,0.9999975
55000900200040,2022-01-15,1,0,0.9999975
55000900200040,2022-01-16,1,0,0.9999975
55000900200040,2022-01-17,1,0,0.9999975
55000900200040,2022-01-18,1,0,0.9999975
55000900200040,2022-01-19,1,0,0.9999975
55000900200040,2022-01-20,1,0,0.9999975
55000900200040,2022-01-21,1,0,0.9999975
55000900200040,2022-01-22,1,0,0.9999975
55000900200040,2022-01-23,1,0,0.9999975
55000900200040,2022-01-24,1,0,0.9999975
55000900200040,2022-01-25,1,0,0.9999975
55000900200040,2022-01-26,1,0,0.9999975
55000900200040,2022-01-27,1,0,0.9999975
55000900200040,2022-01-28,1,0,0.9999975
55000900200040,2022-01-29,1,0,0.9999975
55000900200040,2022-01-30,1,0,0.9999975
55000900200040,2022-01-31,1,0,0.9999975
55000900200040,2022-02-01,1,0,0.9999975
55000900200040,2022-02-02,1,0,0.9999975
55000900200040,2022-02-03,1,0,0.9999975
55000900200040,2022-02-04,1,0,0.9999975
55000900200040,2022-02-05,1,0,0.9999975
55000900200040,2022-02-06,1,0,0.9999975
55000900200040,2022-02-07,1,0,0.9999975
55000900200040,2022-02-08,1,0,0.9999975
55000900200040,2022-02-09,1,0,0.9999975
55000900200040,2022-02-10,1,0,0.9999975
55000900200040,2022-02-11,1,0,0.9999975
55000900200040,2022-02-12,1,0,0.9999975
55000900200040,2022-02-13,1,0,0.9999975
55000900200040,2022-02-14,1,0,0.9999975
55000900200040,2022-02-15,1,0,0.9999975
55000900200040,2022-02-16,1,0,0.9999975
55000900200040,2022-02-17,1,0,0.9999975
55000900200040,2022-02-18,1,0,0.9999975
55000900200040,2022-02-19,1,0,0.9999975
55000900200040,2022-02-20,1,0,0.9999975
55000900200040,2022-02-21,1,0,0.9999975
55000900200040,2022-02-22,1,0,0.9999975
55000900200040,2022-02-23,1,0,0.9999975
55000900200040,2022-02-24,1,0,0.9999975
55000900200040,2022-02-25,1,0,0.9999975
55000900200040,2022-02-26,1,0,0.9999975
55000900200040,2022-02-27,1,0,0.9999975
55000900200040,2022-02-28,1,0,0.9999975
55000900200040,2022-03-01,1,0,0.9999975
55000900200040,2022-03-02,1,0,0.9999975
55000900200040,2022-03-03,1,0,0.9999975
55000900200040,2022-03-04,1,0,0.9999975
55000900200040,2022-03-05,1,0,0.9999975
55000900200040,2022-03-06,1,0,0.9999975
55000900200040,2022-03-07,1,0,0.9999975
55000900200040,2022-03-08,1,0,0.9999975
55000900200040,2022-03-09,1,0,0.9999975
55000900200040,2022-03-10,1,0,0.9999975
55000900200040,2022-03-11,1,0,0.9999975
55000900200040,2022-03-12,1,0,0.9999975
55000900200040,2022-03-14,1,0,0.9999975
55000900200040,2022-03-15,1,0,0.9999975
55000900200040,2022-03-16,1,0,0.9999975
55000900200040,2022-03-17,1,0,0.9999975
55000900200040,2022-03-18,1,0,0.9999975
55000900200040,2022-03-19,1,0,0.9999975
55000900200040,2022-03-20,1,0,0.9999975
55000900200040,2022-03-21,1,0,0.9999975
55000900200040,2022-03-22,1,0,0.9999975
55000900200040,2022-03-23,1,0,0.9999975
55000900200040,2022-03-24,1,0,0.9999975
55000900200040,2022-03-25,1,0,0.9999975
55000900200040,2022-03-26,1,0,0.9999975
55000900200040,2022-03-27,1,0,0.9999975
55000900200040,2022-03-28,1,0,0.9999975
55000900200040,2022-03-29,1,0,0.9999975
55000900200040,2022-03-30,1,0,0.9999975
55000900200040,2022-03-31,1,0,0.9999975
55000900200040,2022-04-01,1,0,0.9999975
55000900200040,2022-04-02,1,0,0.9999975
55000900200040,2022-04-03,1,0,0.9999975
55000900200040,2022-04-04,1,0,0.9999975
55000900200040,2022-04-05,1,0,0.9999975
55000900200040,2022-04-06,1,0,0.9999975
55000900200040,2022-04-07,1,0,0.9999975
55000900200040,2022-04-08,1,0,0.9999975
55000900200040,2022-04-09,1,0,0.9999975
55000900200040,2022-04-10,1,0,0.9999975
55000900200040,2022-04-11,1,0,0.9999975
55000900200040,2022-04-12,1,0,0.9999975
55000900200040,2022-04-13,1,0,0.9999975
55000900200040,2022-04-14,1,0,0.9999975
55000900200040,2022-04-15,1,0,0.9999975
55000900200040,2022-04-16,1,0,0.9999975
55000900200040,2022-04-17,1,0,0.9999975
55000900200040,2022-04-18,1,0,0.9999975
55000900200040,2022-04-19,1,0,0.9999975
55000900200040,2022-04-20,1,0,0.9999975
55000900200040,2022-04-21,1,0,0.9999975
55000900200040,2022-04-22,1,0,0.9999975
55000900200040,2022-04-23,1,0,0.9999975
55000900200040,2022-04-24,1,0,0.9999975
55000900200040,2022-04-25,1,0,0.9999975
55000900200040,2022-04-26,1,0,0.9999975
55000900200040,2022-04-27,1,0,0.9999975
55000900200040,2022-04-28,1,0,0.9999975
55000900200040,2022-04-29,1,0,0.9999975
55000900200040,2022-04-30,1,0,0.9999975
55000900200040,2022-05-01,1,0,0.9999975
55000900200040,2022-05-02,1,0,0.9999975
55000900200040,2022-05-03,1,0,0.9999975
55000900200040,2022-05-04,1,0,0.9999975
55000900200040,2022-05-05,1,0,0.9999975
55000900200040,2022-05-06,1,0,0.9999975
55000900200040,2022-05-07,1,0,0.9999975
55000900200040,2022-05-08,1,0,0.9999975
55000900200040,2022-05-09,1,0,0.9999975
55000900200040,2022-05-10,1,0,0.9999975
55000900200040,2022-05-11,1,0,0.9999975
55000900200040,2022-05-12,1,0,0.9999975
55000900200040,2022-05-13,1,0,0.9999975
55000900200040,2022-05-14,1,0,0.9999975
55000900200040,2022-05-15,1,0,0.9999975
55000900200040,2022-05-16,1,0,0.9999975
55000900200040,2022-05-17,1,0,0.9999975
55000900200040,2022-05-18,1,0,0.9999975
55000900200040,2022-05-19,1,0,0.9999975
55000900200040,2022-05-20,1,0,0.9999975
55000900200040,2022-05-21,1,0,0.9999975
55000900200040,2022-05-22,1,0,0.9999975
55000900200040,2022-05-23,1,0,0.9999975
55000900200040,2022-05-24,1,0,0.9999975
55000900200040,2022-05-25,1,0,0.9999975
55000900200040,2022-05-26,1,0,0.9999975
55000900200040,2022-05-27,1,0,0.9999975
55000900200040,2022-05-28,1,0,0.9999975
55000900200040,2022-05-29,1,0,0.9999975
55000900200040,2022-05-30,1,0,0.9999975
55000900200040,2022-05-31,1,0,0.9999975
55000900200040,2022-06-01,1,0,0.9999975
55000900200040,2022-06-02,1,0,0.9999975
55000900200040,2022-06-03,1,0,0.9999975
55000900200040,2022-06-04,1,0,0.9999975
55000900200040,2022-06-05,1,0,0.9999975
55000900200040,2022-06-06,1,0,0.9999975
55000900200040,2022-06-07,1,0,0.9999975
55000900200040,2022-06-08,1,0,0.9999975
55000900200040,2022-06-09,1,0,0.9999975
55000900200040,2022-06-10,1,0,0.9999975
55000900200040,2022-06-11,1,0,0.9999975
55000900200040,2022-06-12,1,0,0.9999975
55000900200040,2022-06-13,1,0,0.9999975
55000900200040,2022-06-14,1,0,0.9999975
55000900200040,2022-06-15,1,0,0.9999975
55000900200040,2022-06-16,1,0,0.9999975
55000900200040,2022-06-17,1,0,0.9999975
55000900200040,2022-06-18,1,0,0.9999975
55000900200040,2022-06-19,1,0,0.9999975
55000900200040,2022-06-20,1,0,0.9999975
55000900200040,2022-06-21,1,0,0.9999975
55000900200040,2022-06-22,1,0,0.9999975
55000900200040,2022-06-23,1,0,0.9999975
55000900200040,2022-06-24,1,0,0.9999975
55000900200040,2022-06-25,1,0,0.9999975
55000900200040,2022-06-26,1,0,0.9999975
55000900200040,2022-06-27,1,0,0.9999975
55000900200040,2022-06-28,1,0,0.9999975
55000900200040,2022-06-29,1,0,0.9999975
55000900200040,2022-06-30,1,0,0.9999975
55000900200040,2022-07-01,1,0,0.9999975
55000900200040,2022-07-02,1,0,0.9999975
55000900200040,2022-07-03,1,0,0.9999975
55000900200040,2022-07-04,1,0,0.9999975
55000900200040,2022-07-05,1,0,0.9999975
55000900200040,2022-07-06,1,0,0.9999975
55000900200040,2022-07-07,1,0,0.9999975
55000900200040,2022-07-08,1,0,0.9999975
55000900200040,2022-07-09,1,0,0.9999975
55000900200040,2022-07-10,1,0,0.9999975
55000900200040,2022-07-11,1,0,0.9999975
55000900200040,2022-07-12,1,0,0.9999975
55000900200040,2022-07-13,1,0,0.9999975
55000900200040,2022-07-14,1,0,0.9999975
55000900200040,2022-07-15,1,0,0.9999975
55000900200040,2022-07-16,1,0,0.9999975
55000900200040,2022-07-17,1,0,0.9999975
55000900200040,2022-07-18,1,0,0.9999975
55000900200040,2022-07-19,1,0,0.9999975
55000900200040,2022-07-20,1,0,0.9999975
55000900200040,2022-07-21,1,0,0.9999975
55000900200040,2022-07-22,1,0,0.9999975
55000900200040,2022-07-23,1,0,0.9999975
55000900200040,2022-07-24,1,0,0.9999975
55000900200040,2022-07-25,1,0,0.9999975
55000900200040,2022-07-26,1,0,0.9999975
55000900200040,2022-07-27,1,0,0.9999975
55000900200040,2022-07-28,1,0,0.9999975
55000900200040,2022-07-29,1,0,0.9999975
55000900200040,2022-07-30,1,0,0.9999975
55000900200040,2022-07-31,1,0,0.9999975
55000900200040,2022-08-01,1,0,0.9999975
55000900200040,2022-08-02,1,0,0.9999975
55000900200040,2022-08-03,1,0,0.9999975
55000900200040,2022-08-04,1,0,0.9999975
55000900200040,2022-08-05,1,0,0.9999975
55000900200040,2022-08-06,1,0,0.9999975
55000900200040,2022-08-07,1,0,0.9999975
55000900200040,2022-08-08,1,0,0.9999975
55000900200040,2022-08-09,1,0,0.9999975
55000900200040,2022-08-10,1,0,0.9999975
55000900200040,2022-08-11,1,0,0.9999975
55000900200040,2022-08-12,1,0,0.9999975
55000900200040,2022-08-13,1,0,0.9999975
55000900200040,2022-08-14,1,0,0.9999975
55000900200040,2022-08-15,1,0,0.9999975
55000900200040,2022-08-16,1,0,0.9999975
55000900200040,2022-08-17,1,0,0.9999975
55000900200040,2022-08-18,1,0,0.9999975
55000900200040,2022-08-19,1,0,0.9999975
55000900200040,2022-08-20,1,0,0.9999975
55000900200040,2022-08-21,1,0,0.9999975
55000900200040,2022-08-22,1,0,0.9999975
55000900200040,2022-08-23,1,0,0.9999975
55000900200040,2022-08-24,1,0,0.9999975
55000900200040,2022-08-25,1,0,0.9999975
55000900200040,2022-08-26,1,0,0.9999975
55000900200040,2022-08-27,1,0,0.9999975
55000900200040,2022-08-28,1,0,0.9999975
55000900200040,2022-08-29,1,0,0.9999975
55000900200040,2022-08-30,1,0,0.9999975
55000900200040,2022-08-31,1,0,0.9999975
55000900200040,2022-09-01,1,0,0.9999975
55000900200040,2022-09-02,1,0,0.9999975
55000900200040,2022-09-03,1,0,0.9999975
55000900200040,2022-09-04,1,0,0.9999975
55000900200040,2022-09-05,1,0,0.9999975
55000900200040,2022-09-06,1,0,0.9999975
55000900200040,2022-09-07,1,0,0.9999975
55000900200040,2022-09-08,1,0,0.9999975
55000900200040,2022-09-09,1,0,0.9999975
55000900200040,2022-09-10,1,0,0.9999975
55000900200040,2022-09-11,1,0,0.9999975
55000900200040,2022-09-12,1,0,0.9999975
55000900200040,2022-09-13,1,0,0.9999975
55000900200040,2022-09-14,1,0,0.9999975
55000900200040,2022-09-15,1,0,0.9999975
55000900200040,2022-09-16,1,0,0.9999975
55000900200040,2022-09-17,1,0,0.9999975
55000900200040,2022-09-18,1,0,0.9999975
55000900200040,2022-09-19,1,0,0.9999975
55000900200040,2022-09-20,1,0,0.9999975
55000900200040,2022-09-21,1,0,0.9999975
55000900200040,2022-09-22,1,0,0.9999975
55000900200040,2022-09-23,1,0,0.9999975
55000900200040,2022-09-24,1,0,0.9999975
55000900200040,2022-09-25,1,0,0.9999975
55000900200040,2022-09-26,1,0,0.9999975
55000900200040,2022-09-27,1,0,0.9999975
55000900200040,2022-09-28,1,0,0.9999975
55000900200040,2022-09-29,1,0,0.9999975
55000900200040,2022-09-30,1,0,0.9999975
55000900200040,2022-10-01,1,0,0.9999975
55000900200040,2022-10-02,1,0,0.9999975
55000900200040,2022-10-03,1,0,0.9999975
55000900200040,2022-10-04,1,0,0.9999975
55000900200040,2022-10-05,1,0,0.9999975
55000900200040,2022-10-06,1,0,0.9999975
55000900200040,2022-10-07,1,0,0.9999975
55000900200040,2022-10-08,1,0,0.9999975
55000900200040,2022-10-09,1,0,0.9999975
55000900200040,2022-10-10,1,0,0.9999975
55000900200040,2022-10-11,1,0,0.9999975
55000900200040,2022-10-12,1,0,0.9999975
55000900200040,2022-10-13,1,0,0.9999975
55000900200040,2022-10-14,1,0,0.9999975
55000900200040,2022-10-15,1,0,0.9999975
55000900200040,2022-10-16,1,0,0.9999975
55000900200040,2022-10-17,1,0,0.9999975
55000900200040,2022-10-18,1,0,0.9999975
55000900200040,2022-10-19,1,0,0.9999975
55000900200040,2022-10-20,1,0,0.9999975
55000900200040,2022-10-21,1,0,0.9999975
55000900200040,2022-10-22,1,0,0.9999975
55000900200040,2022-10-23,1,0,0.9999975
55000900200040,2022-10-24,1,0,0.9999975
55000900200040,2022-10-25,1,0,0.9999975
55000900200040,2022-10-26,1,0,0.9999975
55000900200040,2022-10-27,1,0,0.9999975
55000900200040,2022-10-28,1,0,0.9999975
55000900200040,2022-10-29,1,0,0.9999975
55000900200040,2022-10-30,1,0,0.9999975
55000900200040,2022-10-31,1,0,0.9999975
55000900200040,2022-11-01,1,0,0.9999975
55000900200040,2022-11-02,1,0,0.9999975
55000900200040,2022-11-03,1,0,0.9999975
55000900200040,2022-11-04,1,0,0.9999975
55000900200040,2022-11-05,1,0,0.9999975
55000900200040,2022-11-06,1,0,0.9999975
55000900200040,2022-11-07,1,0,0.9999975
55000900200040,2022-11-08,1,0,0.9999975
55000900200040,2022-11-09,1,0,0.9999975
55000900200040,2022-11-10,1,0,0.9999975
55000900200040,2022-11-11,1,0,0.9999975
55000900200040,2022-11-12,1,0,0.9999975
55000900200040,2022-11-13,1,0,0.9999975
55000900200040,2022-11-14,1,0,0.9999975
55000900200040,2022-11-15,1,0,0.9999975
55000900200040,2022-11-16,1,0,0.9999975
55000900200040,2022-11-17,1,0,0.9999975
55000900200040,2022-11-18,1,0,0.9999975
55000900200040,2022-11-19,1,0,0.9999975
55000900200040,2022-11-20,1,0,0.9999975
55000900200040,2022-11-21,1,0,0.9999975
55000900200040,2022-11-22,1,0,0.9999975
55000900200040,2022-11-23,1,0,0.9999975
55000900200040,2022-11-24,1,0,0.9999975
55000900200040,2022-11-25,1,0,0.9999975
55000900200040,2022-11-26,1,0,0.9999975
55000900200040,2022-11-27,1,0,0.9999975
55000900200040,2022-11-28,1,0,0.9999975
55000900200040,2022-11-29,1,0,0.9999975
55000900200040,2022-11-30,1,0,0.9999975
55000900200040,2022-12-01,1,0,0.9999975
55000900200040,2022-12-02,1,0,0.9999975
55000900200040,2022-12-03,1,0,0.9999975
55000900200040,2022-12-04,1,0,0.9999975
55000900200040,2022-12-05,1,0,0.9999975
55000900200040,2022-12-06,1,0,0.9999975
55000900200040,2022-12-07,1,0,0.9999975
55000900200040,2022-12-08,1,0,0.9999975
55000900200040,2022-12-09,1,0,0.9999975
55000900200040,2022-12-10,1,0,0.9999975
55000900200040,2022-12-11,1,0,0.9999975
55000900200040,2022-12-12,1,0,0.9999975
55000900200040,2022-12-13,1,0,0.9999975
55000900200040,2022-12-14,1,0,0.9999975
55000900200040,2022-12-15,1,0,0.9999975
55000900200040,2022-12-16,1,0,0.9999975
55000900200040,2022-12-17,1,0,0.9999975
55000900200040,2022-12-18,1,0,0.9999975
55000900200040,2022-12-19,1,0,0.9999975
55000900200040,2022-12-20,1,0,0.9999975
55000900200040,2022-12-21,1,0,0.9999975
55000900200040,2022-12-22,1,0,0.9999975
55000900200040,2022-12-23,1,0,0.9999975
55000900200040,2022-12-24,1,0,0.9999975
55000900200040,2022-12-25,1,0,0.9999975
55000900200040,2022-12-26,1,0,0.9999975
55000900200040,2022-12-27,1,0,0.9999975
55000900200040,2022-12-28,1,0,0.9999975
55000900200040,2022-12-29,1,0,0.9999975
55000900200040,2022-12-30,1,0,0.9999975
55000900200040,2022-12-31,1,0,0.9999975
55000900200040,2023-01-01,1,0,0.9999975
55000900200040,2023-01-02,1,0,0.9999975
55000900200040,2023-01-03,1,0,0.9999975
55000900200040,2023-01-04,1,0,0.9999975
55000900200040,2023-01-05,1,0,0.9999975
55000900200040,2023-01-06,1,0,0.9999975
55000900200040,2023-01-07,1,0,0.9999975
55000900200040,2023-01-08,1,0,0.9999975
55000900200040,2023-01-09,1,0,0.9999975
55000900200040,2023-01-10,1,0,0.9999975
55000900200040,2023-01-11,1,0,0.9999975
55000900200040,2023-01-12,1,0,0.9999975
55000900200040,2023-01-13,1,0,0.9999975
55000900200040,2023-01-14,1,0,0.9999975
55000900200040,2023-01-15,1,0,0.9999975
55000900200040,2023-01-16,1,0,0.9999975
55000900200040,2023-01-17,1,0,0.9999975
55000900200040,2023-01-18,1,0,0.9999975
55000900200040,2023-01-19,1,0,0.9999975
55000900200040,2023-01-20,1,0,0.9999975
55000900200040,2023-01-21,1,0,0.9999975
55000900200040,2023-01-22,1,0,0.9999975
55000900200040,2023-01-23,1,0,0.9999975
55000900200040,2023-01-24,1,0,0.9999975
55000900200040,2023-01-25,1,0,0.9999975
55000900200040,2023-01-26,1,0,0.9999975
55000900200040,2023-01-27,1,0,0.9999975
55000900200040,2023-01-28,1,0,0.9999975
55000900200040,2023-01-29,1,0,0.9999975
55000900200040,2023-01-30,1,0,0.9999975
55000900200040,2023-01-31,1,0,0.9999975
55000900200040,2023-02-01,1,0,0.9999975
55000900200040,2023-02-02,1,0,0.9999975
55000900200040,2023-02-03,1,0,0.9999975
55000900200040,2023-02-04,1,0,0.9999975
55000900200040,2023-02-05,1,0,0.9999975
55000900200040,2023-02-06,1,0,0.9999975
55000900200040,2023-02-07,1,0,0.9999975
55000900200040,2023-02-08,1,0,0.9999975
55000900200040,2023-02-09,1,0,0.9999975
55000900200040,2023-02-10,1,0,0.9999975
55000900200040,2023-02-11,1,0,0.9999975
55000900200040,2023-02-12,1,0,0.9999975
55000900200040,2023-02-13,1,0,0.9999975
55000900200040,2023-02-14,1,0,0.9999975
55000900200040,2023-02-15,1,0,0.9999975
55000900200040,2023-02-16,1,0,0.9999975
55000900200040,2023-02-17,1,0,0.9999975
55000900200040,2023-02-18,1,0,0.9999975
55000900200040,2023-02-19,1,0,0.9999975
55000900200040,2023-02-20,1,0,0.9999975
55000900200040,2023-02-21,1,0,0.9999975
55000900200040,2023-02-22,1,0,0.9999975
55000900200040,2023-02-23,1,0,0.9999975
55000900200040,2023-02-24,1,0,0.9999975
55000900200040,2023-02-25,1,0,0.9999975
55000900200040,2023-02-26,1,0,0.9999975
55000900200040,2023-02-27,1,0,0.9999975
55000900200040,2023-02-28,1,0,0.9999975
55000900200040,2023-03-01,1,0,0.9999975
55000900200040,2023-03-02,1,0,0.9999975
55000900200040,2023-03-03,1,0,0.9999975
55000900200040,2023-03-04,1,0,0.9999975
55000900200040,2023-03-05,1,0,0.9999975
55000900200040,2023-03-06,1,0,0.9999975
55000900200040,2023-03-07,1,0,0.9999975
55000900200040,2023-03-08,1,0,0.9999975
55000900200040,2023-03-09,1,0,0.9999975
55000900200040,2023-03-10,1,0,0.9999975
55000900200040,2023-03-11,1,0,0.9999975
55000900200040,2023-03-13,1,0,0.9999975
55000900200040,2023-03-14,1,0,0.9999975
55000900200040,2023-03-15,1,0,0.9999975
55000900200040,2023-03-16,1,0,0.9999975
55000900200040,2023-03-17,1,0,0.9999975
55000900200040,2023-03-18,1,0,0.9999975
55000900200040,2023-03-19,1,0,0.9999975
55000900200040,2023-03-20,1,0,0.9999975
55000900200040,2023-03-21,1,0,0.9999975
55000900200040,2023-03-22,1,0,0.9999975
55000900200040,2023-03-23,1,0,0.9999975
55000900200040,2023-03-24,1,0,0.9999975
55000900200040,2023-03-25,1,0,0.9999975
55000900200040,2023-03-26,1,0,0.9999975
55000900200040,2023-03-27,1,0,0.9999975
55000900200040,2023-03-28,1,0,0.9999975
55000900200040,2023-03-29,1,0,0.9999975
55000900200040,2023-03-30,1,0,0.9999975
55000900200040,2023-03-31,1,0,0.9999975
55000900200040,2023-04-01,1,0,0.9999975
55000900200040,2023-04-02,1,0,0.9999975
55000900200040,2023-04-03,1,0,0.9999975
55000900200040,2023-04-04,1,0,0.9999975
55000900200040,2023-04-05,1,0,0.9999975
55000900200040,2023-04-06,1,0,0.9999975
55000900200040,2023-04-07,1,0,0.9999975
55000900200040,2023-04-08,1,0,0.9999975
55000900200040,2023-04-09,1,0,0.9999975
55000900200040,2023-04-10,1,0,0.9999975
55000900200040,2023-04-11,1,0,0.9999975
55000900200040,2023-04-12,1,0,0.9999975
55000900200040,2023-04-13,1,0,0.9999975
55000900200040,2023-04-14,1,0,0.9999975
55000900200040,2023-04-15,1,0,0.9999975
55000900200040,2023-04-16,1,0,0.9999975
55000900200040,2023-04-17,1,0,0.9999975
55000900200040,2023-04-18,1,0,0.9999975
55000900200040,2023-04-19,1,0,0.9999975
55000900200040,2023-04-20,1,0,0.9999975
55000900201800,2020-09-11,1,1,0.9996251
55000900201800,2020-09-12,1,1,0.9996086
55000900201800,2020-09-13,1,1,0.9996426
55000900201800,2020-09-14,1,1,0.9997384
55000900201800,2020-09-15,1,1,0.99962103
55000900201800,2020-09-16,1,1,0.99961406
55000900201800,2020-09-17,1,1,0.99967253
55000900201800,2020-09-18,1,1,0.9997003
55000900201800,2020-09-19,1,1,0.99965656
55000900201800,2020-09-20,1,1,0.99971396
55000900201800,2020-09-21,1,1,0.9997812
55000900201800,2020-09-22,1,1,0.99973255
55000900201800,2020-09-23,1,1,0.9995876
55000900201800,2020-09-24,1,1,0.99951017
55000900201800,2020-09-25,1,1,0.99969673
55000900201800,2020-09-26,1,1,0.9996207
55000900201800,2020-09-27,1,1,0.9997943
55000900201800,2020-09-28,1,1,0.999635
55000900201800,2020-09-29,1,1,0.99957675
55000900201800,2020-09-30,1,1,0.9996635
55000900201800,2020-10-01,1,1,0.999723
55000900201800,2020-10-02,1,1,0.9996269
55000900201800,2020-10-03,1,1,0.99968076
55000900201800,2020-10-04,1,1,0.9996896
55000900201800,2020-10-05,1,1,0.9997569
55000900201800,2020-10-06,1,1,0.99974245
55000900201800,2020-10-07,1,1,0.9996469
55000900201800,2020-10-08,1,1,0.9995541
55000900201800,2020-10-09,1,1,0.9996332
55000900201800,2020-10-11,1,1,0.9997216
55000900201800,2020-10-12,1,1,0.9995159
55000900201800,2020-10-13,1,1,0.9988896
55000900201800,2020-10-14,1,1,0.9993205
55000900201800,2020-10-15,1,1,0.9995466
55000900201800,2020-10-16,1,1,0.99968064
55000900201800,2020-10-17,1,1,0.9994967
55000900201800,2020-10-18,1,1,0.9984225
55000900201800,2020-10-19,1,1,0.9979207
55000900201800,2020-10-20,1,0,0.998926
55000900201800,2020-10-21,1,0,0.99867874
55000900201811,2020-09-11,1,1,0.99983144
55000900201811,2020-09-12,1,1,0.99968314
55000900201811,2020-09-13,1,1,0.99941826
55000900201811,2020-09-14,1,1,0.99940693
55000900201811,2020-09-15,1,1,0.99971443
55000900201811,2020-09-16,1,1,0.9997402
55000900201811,2020-09-17,1,1,0.9996356
55000900201811,2020-09-18,1,1,0.9996451
55000900201811,2020-09-19,1,1,0.99986494
55000900201811,2020-09-20,1,1,0.99983835
55000900201811,2020-09-21,1,1,0.9997124
55000900201811,2020-09-22,1,1,0.9997917
55000900201811,2020-09-23,1,1,0.999741
55000900201811,2020-09-24,1,1,0.9996817
55000900201811,2020-09-25,1,1,0.99969757
55000900201811,2020-09-26,1,1,0.9997253
55000900201811,2020-09-27,1,1,0.9997019
55000900201811,2020-09-28,1,1,0.99992406
55000900201811,2020-09-29,1,1,0.99990106
55000900201811,2020-09-30,1,1,0.99986076
55000900201811,2020-10-01,1,1,0.99988735
55000900201811,2020-10-02,1,1,0.99994504
55000900201811,2020-10-03,1,1,0.99993086
55000900201811,2020-10-04,1,1,0.9998796
55000900201811,2020-10-05,1,1,0.9999312
55000900201811,2020-10-06,1,1,0.99993134
55000900201811,2020-10-07,1,1,0.9999263
55000900201811,2020-10-08,1,1,0.9999447
55000900201811,2020-10-09,1,1,0.99993014
55000900201811,2020-10-10,1,1,0.999908
55000900201811,2020-10-11,1,1,0.9999393
55000900201811,2020-10-12,1,1,0.9999243
55000900201811,2020-10-13,1,1,0.99983466
55000900201811,2020-10-14,1,1,0.9998765
55000900201811,2020-10-15,1,1,0.9999598
55000900201811,2020-10-16,1,1,0.9999536
55000900201811,2020-10-17,1,1,0.9999504
55000900201811,2020-10-18,1,1,0.99991274
55000900201811,2020-10-19,1,1,0.99993885
55000900201811,2020-10-20,1,1,0.99995744
55000900201811,2020-10-21,1,1,0.9999738
55000900201811,2020-10-22,1,0,0.99995506
55000900201811,2020-10-23,1,0,0.99994016
55000900202948,2020-09-11,1,1,0.9994486
55000900202948,2020-09-12,1,1,0.9997242
55000900202948,2020-09-13,1,1,0.999846
55000900202948,2020-09-14,1,1,0.9996087
55000900202948,2020-09-15,1,1,0.9992816
55000900202948,2020-09-16,1,1,0.99952257
55000900202948,2020-09-17,1,1,0.9993544
55000900202948,2020-09-18,1,1,0.9990068
55000900202948,2020-09-19,1,1,0.9995334
55000900202948,2020-09-20,1,1,0.9997243
55000900202948,2020-09-21,1,1,0.99960226
55000900202948,2020-09-22,1,1,0.9997062
55000900202948,2020-09-23,1,1,0.9998018
55000900202948,2020-09-24,1,1,0.99965096
55000900202948,2020-09-25,1,1,0.9996774
55000900202948,2020-09-26,1,1,0.99969745
55000900202948,2020-09-27,1,1,0.9997967
55000900202948,2020-09-28,1,1,0.99997675
55000900202948,2020-09-29,1,1,0.9999503
55000900202948,2020-09-30,1,1,0.99988854
55000900202948,2020-10-01,1,1,0.99990034
55000900202948,2020-10-02,1,1,0.9999522
55000900202948,2020-10-03,1,1,0.9999697
55000900202948,2020-10-04,1,1,0.999962
55000900202948,2020-10-05,1,1,0.99996185
55000900202948,2020-10-06,1,1,0.9999627
55000900202948,2020-10-07,1,1,0.999949
55000900202948,2020-10-08,1,1,0.999951
55000900202948,2020-10-09,1,1,0.9999536
55000900202948,2020-10-10,1,1,0.99995804
55000900202948,2020-10-11,1,1,0.9999529
55000900202948,2020-10-12,1,1,0.9999418
55000900202948,2020-10-13,1,1,0.9998615
55000900202948,2020-10-14,1,1,0.9999645
55000900202948,2020-10-15,1,1,0.99997985
55000900202948,2020-10-16,1,1,0.9999857
55000900202948,2020-10-17,1,1,0.99996567
55000900202948,2020-10-18,1,1,0.9998971
55000900202948,2020-10-19,1,1,0.99994504
55000900202948,2020-10-20,1,1,0.99996686
55000900202948,2020-10-21,1,0,0.9999542
55000900202948,2020-10-22,1,0,0.99995387
55000900233930,2020-09-11,1,1,0.9995944
55000900233930,2020-09-12,1,1,0.9995944
55000900233930,2020-09-13,1,1,0.9995944
55000900233930,2020-09-14,1,1,0.9995944
55000900233930,2020-09-15,1,1,0.9995944
55000900233930,2020-09-16,1,1,0.9995944
55000900233930,2020-09-17,1,1,0.9995944
55000900233930,2020-09-18,1,1,0.9995944
55000900233930,2020-09-19,1,1,0.9995944
55000900233930,2020-09-20,1,1,0.9995944
55000900233930,2020-09-21,1,1,0.9995944
55000900233930,2020-09-22,1,1,0.9995944
55000900233930,2020-09-23,1,1,0.9995944
55000900233930,2020-09-24,1,1,0.9995944
55000900233930,2020-09-25,1,1,0.9995944
55000900233930,2020-09-26,1,1,0.9995944
55000900233930,2020-09-27,1,1,0.9995944
55000900233930,2020-09-28,1,1,0.9995944
55000900233930,2020-09-29,1,1,0.9995944
55000900233930,2020-09-30,1,1,0.9995944
55000900233930,2020-10-01,1,1,0.9995944
55000900233930,2020-10-02,1,1,0.9995944
55000900233930,2020-10-03,1,1,0.9995944
55000900233930,2020-10-04,1,1,0.9995944
55000900233930,2020-10-05,1,1,0.9995944
55000900233930,2020-10-06,1,1,0.9995944
55000900233930,2020-10-07,1,1,0.9995944
55000900233930,2020-10-08,1,1,0.9995944
55000900233930,2020-10-09,1,1,0.9995944
55000900233930,2020-10-10,1,1,0.9995944
55000900233930,2020-10-11,1,1,0.9995944
55000900233930,2020-10-12,1,1,0.9995944
55000900233930,2020-10-13,1,1,0.9995944
55000900233930,2020-10-14,1,1,0.9995944
55000900233930,2020-10-15,1,1,0.9995944
55000900233930,2020-10-16,1,1,0.9995944
55000900233930,2020-10-17,1,1,0.9995944
55000900233930,2020-10-18,1,1,0.9995944
55000900233930,2020-10-19,1,1,0.9995944
55000900233930,2020-10-20,1,1,0.9995944
55000900233930,2020-10-21,1,1,0.9995944
55000900233930,2020-10-22,1,1,0.9995944
55000900233930,2020-10-23,1,1,0.9995944
55000900233930,2020-10-24,1,1,0.9995944
55000900233930,2020-10-25,1,1,0.9995944
55000900233930,2020-10-26,1,0,0.9995944
55000900233930,2020-10-27,1,0,0.9995944
55000900234607,2020-09-11,1,0,0.99924797
55000900234607,2020-09-12,1,0,0.9961904
55000900234607,2020-09-13,1,0,0.9959454
55000900234607,2020-09-14,1,0,0.99431026
55000900234607,2020-09-15,1,0,0.9977451
55000900234607,2020-09-16,1,0,0.9938048
55000900234607,2020-09-17,1,0,0.9951711
55000900234607,2020-09-18,1,0,0.9965395
55000900234607,2020-09-19,1,0,0.9994505
55000900234607,2020-09-20,1,0,0.99961543
55000900234607,2020-09-21,1,0,0.999721
55000900234607,2020-09-22,1,0,0.9984964
55000900234607,2020-09-23,1,0,0.9975477
55000900234607,2020-09-24,1,0,0.99673957
55000900234607,2020-09-25,1,0,0.9958312
55000900234607,2020-09-26,1,0,0.9987999
55000900234607,2020-09-27,1,0,0.99982053
55000900234607,2020-09-28,1,0,0.99995685
55000900234607,2020-09-29,1,0,0.9999827
55000900234607,2020-09-30,1,0,0.99999225
55000900234607,2020-10-01,1,0,0.99997556
55000900234607,2020-10-02,1,0,0.9998808
55000900234607,2020-10-03,1,0,0.99992394
55000900234607,2020-10-04,1,0,0.9999529
55000900234607,2020-10-05,1,0,0.99995494
55000900234607,2020-10-06,1,0,0.99995625
55000900234607,2020-10-07,1,0,0.9999567
55000900234607,2020-10-08,1,0,0.99994063
55000900234607,2020-10-09,1,0,0.9999155
55000900234607,2020-10-10,1,0,0.9999304
55000900234607,2020-10-11,1,0,0.9999603
55000900234607,2020-10-12,1,0,0.9999553
55000900234607,2020-10-13,1,0,0.99997675
55000900234607,2020-10-14,1,0,0.9999858
55000900234607,2020-10-15,1,0,0.99998903
55000900234607,2020-10-16,1,0,0.99998796
55000900234607,2020-10-17,1,0,0.99999356
55000900234607,2020-10-18,1,0,0.99999416
55000900234607,2020-10-19,1,0,0.9999852
55000900234607,2020-10-20,1,0,0.9999745
55000900234607,2020-10-21,1,0,0.999977
55000900234607,2020-10-22,1,0,0.99997675
55000900234607,2020-10-23,1,0,0.9999758
55000900234607,2020-10-24,1,0,0.99997616
55000900234607,2020-10-25,1,0,0.99997103
55000900234607,2020-10-26,1,0,0.99997497
55000900234607,2020-10-27,1,0,0.99997675
55000900234607,2020-10-28,1,0,0.99999416
55000900234607,2020-10-29,1,0,0.9999924
55000900234607,2020-10-30,1,0,0.99997234
55000900234607,2020-10-31,1,0,0.9999734
55000900234607,2020-11-01,1,0,0.99996483
55000900234607,2020-11-02,1,0,0.9999738
55000900234607,2020-11-03,1,0,0.99994445
55000900234607,2020-11-04,1,0,0.9999101
55000900234607,2020-11-05,1,0,0.99976283
55000900234607,2020-11-06,1,0,0.9999589
55000900234607,2020-11-07,1,0,0.9999751
55000900234607,2020-11-08,1,0,0.9999876
55000900234607,2020-11-09,1,0,0.99999404
55000900234607,2020-11-10,1,0,0.9999925
55000900234607,2020-11-11,1,0,0.9999949
55000900234607,2020-11-12,1,0,0.9999927
55000900234607,2020-11-13,1,0,0.99999
55000900234607,2020-11-14,1,0,0.999995
55000900234607,2020-11-15,1,0,0.99999046
55000900234607,2020-11-16,1,0,0.9999918
55000900234607,2020-11-17,1,0,0.9999933
55000900234607,2020-11-18,1,0,0.99999297
55000900234607,2020-11-19,1,0,0.9999969
55000900234607,2020-11-20,1,0,0.9999951
55000900234607,2020-11-21,1,0,0.99999464
55000900234607,2020-11-22,1,0,0.9999943
55000900234607,2020-11-23,1,0,0.9999957
55000900234607,2020-11-24,1,0,0.9999975
55000900234607,2020-11-25,1,0,0.9999957
55000900234607,2020-11-26,1,0,0.9999958
55000900234607,2020-11-27,1,0,0.9999945
55000900234607,2020-11-28,1,0,0.9999957
55000900234607,2020-11-29,1,0,0.9999939
55000900234607,2020-11-30,1,0,0.99999714
55000900234607,2020-12-01,1,0,0.99999774
55000900234607,2020-12-02,1,0,0.99999595
55000900234607,2020-12-03,1,0,0.9999943
55000900234607,2020-12-04,1,0,0.9999926
55000900234607,2020-12-05,1,0,0.99999464
55000900234607,2020-12-06,1,0,0.99999535
55000900234607,2020-12-07,1,0,0.9999976
55000900234607,2020-12-08,1,0,0.99999547
55000900234607,2020-12-09,1,0,0.9999944
55000900234607,2020-12-10,1,0,0.9999976
55000900234607,2020-12-11,1,0,0.9999969
55000900234607,2020-12-12,1,0,0.9999956
55000900234607,2020-12-13,1,0,0.99999464
55000900234607,2020-12-14,1,0,0.9999945
55000900234607,2020-12-15,1,0,0.9999943
55000900234607,2020-12-16,1,0,0.9999951
55000900234607,2020-12-17,1,0,0.999992
55000900234607,2020-12-18,1,0,0.9999951
55000900234607,2020-12-19,1,0,0.999995
55000900234607,2020-12-20,1,0,0.9999945
55000900234607,2020-12-21,1,0,0.99999213
55000900234607,2020-12-22,1,0,0.99999344
55000900234607,2020-12-23,1,0,0.99999475
55000900234607,2020-12-24,1,0,0.99999523
55000900234607,2020-12-25,1,0,0.9999926
55000900234607,2020-12-26,1,0,0.99999547
55000900234607,2020-12-27,1,0,0.99999714
55000900234607,2020-12-28,1,0,0.9999958
55000900234607,2020-12-29,1,0,0.9999943
55000900234607,2020-12-30,1,0,0.9999957
55000900234607,2020-12-31,1,0,0.9999956
55000900234607,2021-01-01,1,0,0.9999956
55000900234607,2021-01-02,1,0,0.9999912
55000900234607,2021-01-03,1,0,0.9999926
55000900234607,2021-01-04,1,0,0.9999924
55000900234607,2021-01-05,1,0,0.99999166
55000900234607,2021-01-06,1,0,0.9999912
55000900234607,2021-01-07,1,0,0.9999914
55000900234607,2021-01-08,1,0,0.99999
55000900234607,2021-01-09,1,0,0.99998903
55000900234607,2021-01-10,1,0,0.9999931
55000900234607,2021-01-11,1,0,0.999992
55000900234607,2021-01-12,1,0,0.9999932
55000900234607,2021-01-13,1,0,0.9999925
55000900234607,2021-01-14,1,0,0.99999285
55000900234607,2021-01-15,1,0,0.99999285
55000900234607,2021-01-16,1,0,0.9999927
55000900234607,2021-01-17,1,0,0.99999404
55000900234607,2021-01-18,1,0,0.99999297
55000900234607,2021-01-19,1,0,0.99999297
55000900234607,2021-01-20,1,0,0.9999944
55000900234607,2021-01-21,1,0,0.9999931
55000900234607,2021-01-22,1,0,0.9999943
55000900234607,2021-01-23,1,0,0.9999927
55000900234607,2021-01-24,1,0,0.99999416
55000900234607,2021-01-25,1,0,0.9999939
55000900234607,2021-01-26,1,0,0.99999416
55000900234607,2021-01-27,1,0,0.9999943
55000900234607,2021-01-28,1,0,0.99999666
55000900234607,2021-01-29,1,0,0.9999964
55000900234607,2021-01-30,1,0,0.99999726
55000900234607,2021-01-31,1,0,0.9999974
55000900234607,2021-02-01,1,0,0.9999968
55000900234607,2021-02-02,1,0,0.9999968
55000900234607,2021-02-03,1,0,0.9999968
55000900234607,2021-02-04,1,0,0.9999968
55000900234607,2021-02-05,1,0,0.9999968
55000900234607,2021-02-06,1,0,0.9999968
55000900234607,2021-02-07,1,0,0.9999968
55000900234607,2021-02-08,1,0,0.9999968
55000900234607,2021-02-09,1,0,0.9999968
55000900234607,2021-02-10,1,0,0.9999968
55000900234607,2021-02-11,1,0,0.9999968
55000900234607,2021-02-12,1,0,0.9999968
55000900234607,2021-02-13,1,0,0.9999968
55000900234607,2021-02-14,1,0,0.9999968
55000900234607,2021-02-15,1,0,0.9999968
55000900234607,2021-02-16,1,0,0.9999968
55000900234607,2021-02-17,1,0,0.9999968
55000900234607,2021-02-18,1,0,0.9999968
55000900234607,2021-02-19,1,0,0.9999968
55000900234607,2021-02-20,1,0,0.9999968
55000900234607,2021-02-21,1,0,0.9999968
55000900234607,2021-02-22,1,0,0.9999968
55000900234607,2021-02-23,1,0,0.9999968
55000900234607,2021-02-24,1,0,0.9999968
55000900234607,2021-02-25,1,0,0.9999968
55000900234607,2021-02-26,1,0,0.9999968
55000900234607,2021-02-27,1,0,0.9999968
55000900234607,2021-02-28,1,0,0.9999968
55000900234607,2021-03-01,1,0,0.9999968
55000900234607,2021-03-02,1,0,0.9999968
55000900234607,2021-03-03,1,0,0.9999968
55000900234607,2021-03-04,1,0,0.9999968
55000900234607,2021-03-05,1,0,0.9999968
55000900234607,2021-03-06,1,0,0.9999968
55000900234607,2021-03-07,1,0,0.9999968
55000900234607,2021-03-08,1,0,0.9999968
55000900234607,2021-03-09,1,0,0.9999968
55000900234607,2021-03-10,1,0,0.9999968
55000900234607,2021-03-11,1,0,0.9999968
55000900234607,2021-03-12,1,0,0.9999968
55000900234607,2021-03-13,1,0,0.9999968
55000900234607,2021-03-15,1,0,0.9999968
55000900234607,2021-03-16,1,0,0.9999968
55000900234607,2021-03-17,1,0,0.9999968
55000900234607,2021-03-18,1,0,0.9999968
55000900234607,2021-03-19,1,0,0.9999968
55000900234607,2021-03-20,1,0,0.9999968
55000900234607,2021-03-21,1,0,0.9999968
55000900234607,2021-03-22,1,0,0.9999968
55000900234607,2021-03-23,1,0,0.9999968
55000900234607,2021-03-24,1,0,0.9999968
55000900234607,2021-03-25,1,0,0.9999968
55000900234607,2021-03-26,1,0,0.9999968
55000900234607,2021-03-27,1,0,0.9999968
55000900234607,2021-03-28,1,0,0.9999968
55000900234607,2021-03-29,1,0,0.9999968
55000900234607,2021-03-30,1,0,0.9999968
55000900234607,2021-03-31,1,0,0.9999968
55000900234607,2021-04-01,1,0,0.9999968
55000900234607,2021-04-02,1,0,0.9999968
55000900234607,2021-04-03,1,0,0.9999968
55000900234607,2021-04-04,1,0,0.9999968
55000900234607,2021-04-05,1,0,0.9999968
55000900234607,2021-04-06,1,0,0.9999968
55000900234607,2021-04-07,1,0,0.9999968
55000900234607,2021-04-08,1,0,0.9999968
55000900234607,2021-04-09,1,0,0.9999968
55000900234607,2021-04-10,1,0,0.9999968
55000900234607,2021-04-11,1,0,0.9999968
55000900234607,2021-04-12,1,0,0.9999968
55000900234607,2021-04-13,1,0,0.9999968
55000900234607,2021-04-14,1,0,0.9999968
55000900234607,2021-04-15,1,0,0.9999968
55000900234607,2021-04-16,1,0,0.9999968
55000900234607,2021-04-17,1,0,0.9999968
55000900234607,2021-04-18,1,0,0.9999968
55000900234607,2021-04-19,1,0,0.9999968
55000900234607,2021-04-20,1,0,0.9999968
55000900234607,2021-04-21,1,0,0.9999968
55000900234607,2021-04-22,1,0,0.9999968
55000900234607,2021-04-23,1,0,0.9999968
55000900234607,2021-04-24,1,0,0.9999968
55000900234607,2021-04-25,1,0,0.9999968
55000900234607,2021-04-26,1,0,0.9999968
55000900234607,2021-04-27,1,0,0.9999968
55000900234607,2021-04-28,1,0,0.9999968
55000900234607,2021-04-29,1,0,0.9999968
55000900234607,2021-04-30,1,0,0.9999968
55000900234607,2021-05-01,1,0,0.9999968
55000900234607,2021-05-02,1,0,0.9999968
55000900234607,2021-05-03,1,0,0.9999968
55000900234607,2021-05-04,1,0,0.9999968
55000900234607,2021-05-05,1,0,0.9999968
55000900234607,2021-05-06,1,0,0.9999968
55000900234607,2021-05-07,1,0,0.9999968
55000900234607,2021-05-08,1,0,0.9999968
55000900234607,2021-05-09,1,0,0.9999968
55000900234607,2021-05-10,1,0,0.9999968
55000900234607,2021-05-11,1,0,0.9999968
55000900234607,2021-05-12,1,0,0.9999968
55000900234607,2021-05-13,1,0,0.9999968
55000900234607,2021-05-14,1,0,0.9999968
55000900234607,2021-05-15,1,0,0.9999968
55000900234607,2021-05-16,1,0,0.9999968
55000900234607,2021-05-17,1,0,0.9999968
55000900234607,2021-05-18,1,0,0.9999968
55000900234607,2021-05-19,1,0,0.9999968
55000900234607,2021-05-20,1,0,0.9999968
55000900234607,2021-05-21,1,0,0.9999968
55000900234607,2021-05-22,1,0,0.9999968
55000900234607,2021-05-23,1,0,0.9999968
55000900234607,2021-05-24,1,0,0.9999968
55000900234607,2021-05-25,1,0,0.9999968
55000900234607,2021-05-26,1,0,0.9999968
55000900234607,2021-05-27,1,0,0.9999968
55000900234607,2021-05-28,1,0,0.9999968
55000900234607,2021-05-29,1,0,0.9999968
55000900234607,2021-05-30,1,0,0.9999968
55000900234607,2021-05-31,1,0,0.9999968
55000900234607,2021-06-01,1,0,0.9999968
55000900234607,2021-06-02,1,0,0.9999968
55000900234607,2021-06-03,1,0,0.9999968
55000900234607,2021-06-04,1,0,0.9999968
55000900234607,2021-06-05,1,0,0.9999968
55000900234607,2021-06-06,1,0,0.9999968
55000900234607,2021-06-07,1,0,0.9999968
55000900234607,2021-06-08,1,0,0.9999968
55000900234607,2021-06-09,1,0,0.9999968
55000900234607,2021-06-10,1,0,0.9999968
55000900234607,2021-06-11,1,0,0.9999968
55000900234607,2021-06-12,1,0,0.9999968
55000900234607,2021-06-13,1,0,0.9999968
55000900234607,2021-06-14,1,0,0.9999968
55000900234607,2021-06-15,1,0,0.9999968
55000900234607,2021-06-16,1,0,0.9999968
55000900234607,2021-06-17,1,0,0.9999968
55000900234607,2021-06-18,1,0,0.9999968
55000900234607,2021-06-19,1,0,0.9999968
55000900234607,2021-06-20,1,0,0.9999968
55000900234607,2021-06-22,1,0,0.9999968
55000900234607,2021-06-23,1,0,0.9999968
55000900234607,2021-06-24,1,0,0.9999968
55000900234607,2021-06-25,1,0,0.9999968
55000900234607,2021-06-26,1,0,0.9999968
55000900234607,2021-06-27,1,0,0.9999968
55000900234607,2021-06-28,1,0,0.9999968
55000900234607,2021-06-29,1,0,0.9999968
55000900234607,2021-06-30,1,0,0.9999968
55000900234607,2021-07-01,1,0,0.9999968
55000900234607,2021-07-02,1,0,0.9999968
55000900234607,2021-07-03,1,0,0.9999968
55000900234607,2021-07-04,1,0,0.9999968
55000900234607,2021-07-05,1,0,0.9999968
55000900234607,2021-07-06,1,0,0.9999968
55000900234607,2021-07-07,1,0,0.9999968
55000900234607,2021-07-08,1,0,0.9999968
55000900234607,2021-07-09,1,0,0.9999968
55000900234607,2021-07-10,1,0,0.9999968
55000900234607,2021-07-11,1,0,0.9999968
55000900234607,2021-07-12,1,0,0.9999968
55000900234607,2021-07-13,1,0,0.9999968
55000900234607,2021-07-14,1,0,0.9999968
55000900234607,2021-07-15,1,0,0.9999968
55000900234607,2021-07-16,1,0,0.9999968
55000900234607,2021-07-17,1,0,0.9999968
55000900234607,2021-07-18,1,0,0.9999968
55000900234607,2021-07-19,1,0,0.9999968
55000900234607,2021-07-27,1,0,0.9999968
55000900234607,2021-07-28,1,0,0.9999968
55000900234607,2021-07-29,1,0,0.9999968
55000900234607,2021-07-30,1,0,0.9999968
55000900234607,2021-07-31,1,0,0.9999968
55000900234607,2021-08-01,1,0,0.9999968
55000900234607,2021-08-02,1,0,0.9999968
55000900234607,2021-08-03,1,0,0.9999968
55000900234607,2021-08-04,1,0,0.9999968
55000900234607,2021-08-05,1,0,0.9999968
55000900234607,2021-08-06,1,0,0.9999968
55000900234607,2021-08-07,1,0,0.9999968
55000900234607,2021-08-08,1,0,0.9999968
55000900234607,2021-08-09,1,0,0.9999968
55000900234607,2021-08-10,1,0,0.9999968
55000900234607,2021-08-11,1,0,0.9999968
55000900234607,2021-08-12,1,0,0.9999968
55000900234607,2021-08-13,1,0,0.9999968
55000900234607,2021-08-14,1,0,0.9999968
55000900234607,2021-08-15,1,0,0.9999968
55000900234607,2021-08-16,1,0,0.9999968
55000900234607,2021-08-17,1,0,0.9999968
55000900234607,2021-08-18,1,0,0.9999968
55000900234607,2021-08-19,1,0,0.9999968
55000900234607,2021-08-20,1,0,0.9999968
55000900234607,2021-08-21,1,0,0.9999968
55000900234607,2021-08-22,1,0,0.9999968
55000900234607,2021-08-23,1,0,0.9999968
55000900234607,2021-08-24,1,0,0.9999968
55000900234607,2021-08-25,1,0,0.9999968
55000900234607,2021-08-26,1,0,0.9999968
55000900234607,2021-08-27,1,0,0.9999968
55000900234607,2021-08-28,1,0,0.9999968
55000900234607,2021-08-29,1,0,0.9999968
55000900234607,2021-08-30,1,0,0.9999968
55000900234607,2021-08-31,1,0,0.9999968
55000900234607,2021-09-01,1,0,0.9999968
55000900234607,2021-09-02,1,0,0.9999968
55000900234607,2021-09-03,1,0,0.9999968
55000900234607,2021-09-04,1,0,0.9999968
55000900234607,2021-09-05,1,0,0.9999968
55000900234607,2021-09-06,1,0,0.9999968
55000900234607,2021-09-07,1,0,0.9999968
55000900234607,2021-09-08,1,0,0.9999968
55000900234607,2021-09-09,1,0,0.9999968
55000900234607,2021-09-10,1,0,0.9999968
55000900234607,2021-09-11,1,0,0.9999968
55000900234607,2021-09-12,1,0,0.9999968
55000900234607,2021-09-13,1,0,0.9999968
55000900234607,2021-09-14,1,0,0.9999968
55000900234607,2021-09-15,1,0,0.9999968
55000900234607,2021-09-16,1,0,0.9999968
55000900234607,2021-09-17,1,0,0.9999968
55000900234607,2021-09-18,1,0,0.9999968
55000900234607,2021-09-19,1,0,0.9999968
55000900234607,2021-09-20,1,0,0.9999968
55000900234607,2021-09-21,1,0,0.9999968
55000900234607,2021-09-22,1,0,0.9999968
55000900234607,2021-09-23,1,0,0.9999968
55000900234607,2021-09-24,1,0,0.9999968
55000900234607,2021-09-25,1,0,0.9999968
55000900234607,2021-09-26,1,0,0.9999968
55000900234607,2021-09-27,1,0,0.9999968
55000900234607,2021-09-28,1,0,0.9999968
55000900234607,2021-09-29,1,0,0.9999968
55000900234607,2021-09-30,1,0,0.9999968
55000900234607,2021-10-01,1,0,0.9999968
55000900234607,2021-10-02,1,0,0.9999968
55000900234607,2021-10-03,1,0,0.9999968
55000900234607,2021-10-04,1,0,0.9999968
55000900234607,2021-10-05,1,0,0.9999968
55000900234607,2021-10-06,1,0,0.9999968
55000900234607,2021-10-07,1,0,0.9999968
55000900234607,2021-10-08,1,0,0.9999968
55000900234607,2021-10-09,1,0,0.9999968
55000900234607,2021-10-10,1,0,0.9999968
55000900234607,2021-10-11,1,0,0.9999968
55000900234607,2021-10-12,1,0,0.9999968
55000900234607,2021-10-13,1,0,0.9999968
55000900234607,2021-10-14,1,0,0.9999968
55000900234607,2021-10-15,1,0,0.9999968
55000900234607,2021-10-16,1,0,0.9999968
55000900234607,2021-10-17,1,0,0.9999968
55000900234607,2021-10-18,1,0,0.9999968
55000900234607,2021-10-19,1,0,0.9999968
55000900234607,2021-10-20,1,0,0.9999968
55000900234607,2021-10-21,1,0,0.9999968
55000900234607,2021-10-22,1,0,0.9999968
55000900234607,2021-10-23,1,0,0.9999968
55000900234607,2021-10-24,1,0,0.9999968
55000900234607,2021-10-25,1,0,0.9999968
55000900234607,2021-10-26,1,0,0.9999968
55000900234607,2021-10-27,1,0,0.9999968
55000900234607,2021-10-28,1,0,0.9999968
55000900234607,2021-10-29,1,0,0.9999968
55000900234607,2021-10-30,1,0,0.9999968
55000900234607,2021-10-31,1,0,0.9999968
55000900234607,2021-11-01,1,0,0.9999968
55000900234607,2021-11-02,1,0,0.9999968
55000900234607,2021-11-03,1,0,0.9999968
55000900234607,2021-11-04,1,0,0.9999968
55000900234607,2021-11-05,1,0,0.9999968
55000900234607,2021-11-06,1,0,0.9999968
55000900234607,2021-11-07,1,0,0.9999968
55000900234607,2021-11-08,1,0,0.9999968
55000900234607,2021-11-09,1,0,0.9999968
55000900234607,2021-11-10,1,0,0.9999968
55000900234607,2021-11-11,1,0,0.9999968
55000900234607,2021-11-12,1,0,0.9999968
55000900234607,2021-11-13,1,0,0.9999968
55000900234607,2021-11-14,1,0,0.9999968
55000900234607,2021-11-15,1,0,0.9999968
55000900234607,2021-11-16,1,0,0.9999968
55000900234607,2021-11-17,1,0,0.9999968
55000900234607,2021-11-18,1,0,0.9999968
55000900234607,2021-11-19,1,0,0.9999968
55000900234607,2021-11-20,1,0,0.9999968
55000900234607,2021-11-21,1,0,0.9999968
55000900234607,2021-11-22,1,0,0.9999968
55000900234607,2021-11-23,1,0,0.9999968
55000900234607,2021-11-24,1,0,0.9999968
55000900234607,2021-11-25,1,0,0.9999968
55000900234607,2021-11-26,1,0,0.9999968
55000900234607,2021-11-27,1,0,0.9999968
55000900234607,2021-11-28,1,0,0.9999968
55000900234607,2021-11-29,1,0,0.9999968
55000900234607,2021-11-30,1,0,0.9999968
55000900234607,2021-12-01,1,0,0.9999968
55000900234607,2021-12-02,1,0,0.9999968
55000900234607,2021-12-03,1,0,0.9999968
55000900234607,2021-12-04,1,0,0.9999968
55000900234607,2021-12-05,1,0,0.9999968
55000900234607,2021-12-06,1,0,0.9999968
55000900234607,2021-12-07,1,0,0.9999968
55000900234607,2021-12-08,1,0,0.9999968
55000900234607,2021-12-09,1,0,0.9999968
55000900234607,2021-12-10,1,0,0.9999968
55000900234607,2021-12-11,1,0,0.9999968
55000900234607,2021-12-12,1,0,0.9999968
55000900234607,2021-12-13,1,0,0.9999968
55000900234607,2021-12-14,1,0,0.9999968
55000900234607,2021-12-15,1,0,0.9999968
55000900234607,2021-12-16,1,0,0.9999968
55000900234607,2021-12-17,1,0,0.9999968
55000900234607,2021-12-18,1,0,0.9999968
55000900234607,2021-12-19,1,0,0.9999968
55000900234607,2021-12-20,1,0,0.9999968
55000900234607,2021-12-21,1,0,0.9999968
55000900234607,2021-12-22,1,0,0.9999968
55000900234607,2021-12-23,1,0,0.9999968
55000900234607,2021-12-24,1,0,0.9999968
55000900234607,2021-12-25,1,0,0.9999968
55000900234607,2021-12-26,1,0,0.9999968
55000900234607,2021-12-27,1,0,0.9999968
55000900234607,2021-12-28,1,0,0.9999968
55000900234607,2021-12-29,1,0,0.9999968
55000900234607,2021-12-30,1,0,0.9999968
55000900234607,2021-12-31,1,0,0.9999968
55000900234607,2022-01-01,1,0,0.9999968
55000900234607,2022-01-02,1,0,0.9999968
55000900234607,2022-01-03,1,0,0.9999968
55000900234607,2022-01-04,1,0,0.9999968
55000900234607,2022-01-05,1,0,0.9999968
55000900234607,2022-01-06,1,0,0.9999968
55000900234607,2022-01-07,1,0,0.9999968
55000900234607,2022-01-08,1,0,0.9999968
55000900234607,2022-01-09,1,0,0.9999968
55000900234607,2022-01-10,1,0,0.9999968
55000900234607,2022-01-11,1,0,0.9999968
55000900234607,2022-01-12,1,0,0.9999968
55000900234607,2022-01-13,1,0,0.9999968
55000900234607,2022-01-14,1,0,0.9999968
55000900234607,2022-01-15,1,0,0.9999968
55000900234607,2022-01-16,1,0,0.9999968
55000900234607,2022-01-17,1,0,0.9999968
55000900234607,2022-01-18,1,0,0.9999968
55000900234607,2022-01-19,1,0,0.9999968
55000900234607,2022-01-20,1,0,0.9999968
55000900234607,2022-01-21,1,0,0.9999968
55000900234607,2022-01-22,1,0,0.9999968
55000900234607,2022-01-23,1,0,0.9999968
55000900234607,2022-01-24,1,0,0.9999968
55000900234607,2022-01-25,1,0,0.9999968
55000900234607,2022-01-26,1,0,0.9999968
55000900234607,2022-01-27,1,0,0.9999968
55000900234607,2022-01-28,1,0,0.9999968
55000900234607,2022-01-29,1,0,0.9999968
55000900234607,2022-01-30,1,0,0.9999968
55000900234607,2022-01-31,1,0,0.9999968
55000900234607,2022-02-01,1,0,0.9999968
55000900234607,2022-02-02,1,0,0.9999968
55000900234607,2022-02-03,1,0,0.9999968
55000900234607,2022-02-04,1,0,0.9999968
55000900234607,2022-02-05,1,0,0.9999968
55000900234607,2022-02-06,1,0,0.9999968
55000900234607,2022-02-07,1,0,0.9999968
55000900234607,2022-02-08,1,0,0.9999968
55000900234607,2022-02-09,1,0,0.9999968
55000900234607,2022-02-10,1,0,0.9999968
55000900234607,2022-02-11,1,0,0.9999968
55000900234607,2022-02-12,1,0,0.9999968
55000900234607,2022-02-13,1,0,0.9999968
55000900234607,2022-02-14,1,0,0.9999968
55000900234607,2022-02-15,1,0,0.9999968
55000900234607,2022-02-16,1,0,0.9999968
55000900234607,2022-02-17,1,0,0.9999968
55000900234607,2022-02-18,1,0,0.9999968
55000900234607,2022-02-19,1,0,0.9999968
55000900234607,2022-02-20,1,0,0.9999968
55000900234607,2022-02-21,1,0,0.9999968
55000900234607,2022-02-22,1,0,0.9999968
55000900234607,2022-02-23,1,0,0.9999968
55000900234607,2022-02-24,1,0,0.9999968
55000900234607,2022-02-25,1,0,0.9999968
55000900234607,2022-02-26,1,0,0.9999968
55000900234607,2022-02-27,1,0,0.9999968
55000900234607,2022-02-28,1,0,0.9999968
55000900234607,2022-03-01,1,0,0.9999968
55000900234607,2022-03-02,1,0,0.9999968
55000900234607,2022-03-03,1,0,0.9999968
55000900234607,2022-03-04,1,0,0.9999968
55000900234607,2022-03-05,1,0,0.9999968
55000900234607,2022-03-06,1,0,0.9999968
55000900234607,2022-03-07,1,0,0.9999968
55000900234607,2022-03-08,1,0,0.9999968
55000900234607,2022-03-09,1,0,0.9999968
55000900234607,2022-03-10,1,0,0.9999968
55000900234607,2022-03-11,1,0,0.9999968
55000900234607,2022-03-12,1,0,0.9999968
55000900234607,2022-03-14,1,0,0.9999968
55000900234607,2022-03-15,1,0,0.9999968
55000900234607,2022-03-16,1,0,0.9999968
55000900234607,2022-03-17,1,0,0.9999968
55000900234607,2022-03-18,1,0,0.9999968
55000900234607,2022-03-19,1,0,0.9999968
55000900234607,2022-03-20,1,0,0.9999968
55000900234607,2022-03-21,1,0,0.9999968
55000900234607,2022-03-22,1,0,0.9999968
55000900234607,2022-03-23,1,0,0.9999968
55000900234607,2022-03-24,1,0,0.9999968
55000900234607,2022-03-25,1,0,0.9999968
55000900234607,2022-03-26,1,0,0.9999968
55000900234607,2022-03-27,1,0,0.9999968
55000900234607,2022-03-28,1,0,0.9999968
55000900234607,2022-03-29,1,0,0.9999968
55000900234607,2022-03-30,1,0,0.9999968
55000900234607,2022-03-31,1,0,0.9999968
55000900234607,2022-04-01,1,0,0.9999968
55000900234607,2022-04-02,1,0,0.9999968
55000900234607,2022-04-03,1,0,0.9999968
55000900234607,2022-04-04,1,0,0.9999968
55000900234607,2022-04-05,1,0,0.9999968
55000900234607,2022-04-06,1,0,0.9999968
55000900234607,2022-04-07,1,0,0.9999968
55000900234607,2022-04-08,1,0,0.9999968
55000900234607,2022-04-09,1,0,0.9999968
55000900234607,2022-04-10,1,0,0.9999968
55000900234607,2022-04-11,1,0,0.9999968
55000900234607,2022-04-12,1,0,0.9999968
55000900234607,2022-04-13,1,0,0.9999968
55000900234607,2022-04-14,1,0,0.9999968
55000900234607,2022-04-15,1,0,0.9999968
55000900234607,2022-04-16,1,0,0.9999968
55000900234607,2022-04-17,1,0,0.9999968
55000900234607,2022-04-18,1,0,0.9999968
55000900234607,2022-04-19,1,0,0.9999968
55000900234607,2022-04-20,1,0,0.9999968
55000900234607,2022-04-21,1,0,0.9999968
55000900234607,2022-04-22,1,0,0.9999968
55000900234607,2022-04-23,1,0,0.9999968
55000900234607,2022-04-24,1,0,0.9999968
55000900234607,2022-04-25,1,0,0.9999968
55000900234607,2022-04-26,1,0,0.9999968
55000900234607,2022-04-27,1,0,0.9999968
55000900234607,2022-04-28,1,0,0.9999968
55000900234607,2022-04-29,1,0,0.9999968
55000900234607,2022-04-30,1,0,0.9999968
55000900234607,2022-05-01,1,0,0.9999968
55000900234607,2022-05-02,1,0,0.9999968
55000900234607,2022-05-03,1,0,0.9999968
55000900234607,2022-05-04,1,0,0.9999968
55000900234607,2022-05-05,1,0,0.9999968
55000900234607,2022-05-06,1,0,0.9999968
55000900234607,2022-05-07,1,0,0.9999968
55000900234607,2022-05-08,1,0,0.9999968
55000900234607,2022-05-09,1,0,0.9999968
55000900234607,2022-05-10,1,0,0.9999968
55000900234607,2022-05-11,1,0,0.9999968
55000900234607,2022-05-12,1,0,0.9999968
55000900234607,2022-05-13,1,0,0.9999968
55000900234607,2022-05-14,1,0,0.9999968
55000900234607,2022-05-15,1,0,0.9999968
55000900234607,2022-05-16,1,0,0.9999968
55000900234607,2022-05-17,1,0,0.9999968
55000900234607,2022-05-18,1,0,0.9999968
55000900234607,2022-05-19,1,0,0.9999968
55000900234607,2022-05-20,1,0,0.9999968
55000900234607,2022-05-21,1,0,0.9999968
55000900234607,2022-05-22,1,0,0.9999968
55000900234607,2022-05-23,1,0,0.9999968
55000900234607,2022-05-24,1,0,0.9999968
55000900234607,2022-05-25,1,0,0.9999968
55000900234607,2022-05-26,1,0,0.9999968
55000900234607,2022-05-27,1,0,0.9999968
55000900234607,2022-05-28,1,0,0.9999968
55000900234607,2022-05-29,1,0,0.9999968
55000900234607,2022-05-30,1,0,0.9999968
55000900234607,2022-05-31,1,0,0.9999968
55000900234607,2022-06-01,1,0,0.9999968
55000900234607,2022-06-02,1,0,0.9999968
55000900234607,2022-06-03,1,0,0.9999968
55000900234607,2022-06-04,1,0,0.9999968
55000900234607,2022-06-05,1,0,0.9999968
55000900234607,2022-06-06,1,0,0.9999968
55000900234607,2022-06-07,1,0,0.9999968
55000900234607,2022-06-08,1,0,0.9999968
55000900234607,2022-06-09,1,0,0.9999968
55000900234607,2022-06-10,1,0,0.9999968
55000900234607,2022-06-11,1,0,0.9999968
55000900234607,2022-06-12,1,0,0.9999968
55000900234607,2022-06-13,1,0,0.9999968
55000900234607,2022-06-14,1,0,0.9999968
55000900234607,2022-06-15,1,0,0.9999968
55000900234607,2022-06-16,1,0,0.9999968
55000900234607,2022-06-17,1,0,0.9999968
55000900234607,2022-06-18,1,0,0.9999968
55000900234607,2022-06-19,1,0,0.9999968
55000900234607,2022-06-20,1,0,0.9999968
55000900234607,2022-06-21,1,0,0.9999968
55000900234607,2022-06-22,1,0,0.9999968
55000900234607,2022-06-23,1,0,0.9999968
55000900234607,2022-06-24,1,0,0.9999968
55000900234607,2022-06-25,1,0,0.9999968
55000900234607,2022-06-26,1,0,0.9999968
55000900234607,2022-06-27,1,0,0.9999968
55000900234607,2022-06-28,1,0,0.9999968
55000900234607,2022-06-29,1,0,0.9999968
55000900234607,2022-06-30,1,0,0.9999968
55000900234607,2022-07-01,1,0,0.9999968
55000900234607,2022-07-02,1,0,0.9999968
55000900234607,2022-07-03,1,0,0.9999968
55000900234607,2022-07-04,1,0,0.9999968
55000900234607,2022-07-05,1,0,0.9999968
55000900234607,2022-07-06,1,0,0.9999968
55000900234607,2022-07-07,1,0,0.9999968
55000900234607,2022-07-08,1,0,0.9999968
55000900234607,2022-07-09,1,0,0.9999968
55000900234607,2022-07-10,1,0,0.9999968
55000900234607,2022-07-11,1,0,0.9999968
55000900234607,2022-07-12,1,0,0.9999968
55000900234607,2022-07-13,1,0,0.9999968
55000900234607,2022-07-14,1,0,0.9999968
55000900234607,2022-07-15,1,0,0.9999968
55000900234607,2022-07-16,1,0,0.9999968
55000900234607,2022-07-17,1,0,0.9999968
55000900234607,2022-07-18,1,0,0.9999968
55000900234607,2022-07-19,1,0,0.9999968
55000900234607,2022-07-20,1,0,0.9999968
55000900234607,2022-07-21,1,0,0.9999968
55000900234607,2022-07-22,1,0,0.9999968
55000900234607,2022-07-23,1,0,0.9999968
55000900234607,2022-07-24,1,0,0.9999968
55000900234607,2022-07-25,1,0,0.9999968
55000900234607,2022-07-26,1,0,0.9999968
55000900234607,2022-07-27,1,0,0.9999968
55000900234607,2022-07-28,1,0,0.9999968
55000900234607,2022-07-29,1,0,0.9999968
55000900234607,2022-07-30,1,0,0.9999968
55000900234607,2022-07-31,1,0,0.9999968
55000900234607,2022-08-01,1,0,0.9999968
55000900234607,2022-08-02,1,0,0.9999968
55000900234607,2022-08-03,1,0,0.9999968
55000900234607,2022-08-04,1,0,0.9999968
55000900234607,2022-08-05,1,0,0.9999968
55000900234607,2022-08-06,1,0,0.9999968
55000900234607,2022-08-07,1,0,0.9999968
55000900234607,2022-08-08,1,0,0.9999968
55000900234607,2022-08-09,1,0,0.9999968
55000900234607,2022-08-10,1,0,0.9999968
55000900234607,2022-08-11,1,0,0.9999968
55000900234607,2022-08-12,1,0,0.9999968
55000900234607,2022-08-13,1,0,0.9999968
55000900234607,2022-08-14,1,0,0.9999968
55000900234607,2022-08-15,1,0,0.9999968
55000900234607,2022-08-16,1,0,0.9999968
55000900234607,2022-08-17,1,0,0.9999968
55000900234607,2022-08-18,1,0,0.9999968
55000900234607,2022-08-19,1,0,0.9999968
55000900234607,2022-08-20,1,0,0.9999968
55000900234607,2022-08-21,1,0,0.9999968
55000900234607,2022-08-22,1,0,0.9999968
55000900234607,2022-08-23,1,0,0.9999968
55000900234607,2022-08-24,1,0,0.9999968
55000900234607,2022-08-25,1,0,0.9999968
55000900234607,2022-08-26,1,0,0.9999968
55000900234607,2022-08-27,1,0,0.9999968
55000900234607,2022-08-28,1,0,0.9999968
55000900234607,2022-08-29,1,0,0.9999968
55000900234607,2022-08-30,1,0,0.9999968
55000900234607,2022-08-31,1,0,0.9999968
55000900234607,2022-09-01,1,0,0.9999968
55000900234607,2022-09-02,1,0,0.9999968
55000900234607,2022-09-03,1,0,0.9999968
55000900234607,2022-09-04,1,0,0.9999968
55000900234607,2022-09-05,1,0,0.9999968
55000900234607,2022-09-06,1,0,0.9999968
55000900234607,2022-09-07,1,0,0.9999968
55000900234607,2022-09-08,1,0,0.9999968
55000900234607,2022-09-09,1,0,0.9999968
55000900234607,2022-09-10,1,0,0.9999968
55000900234607,2022-09-11,1,0,0.9999968
55000900234607,2022-09-12,1,0,0.9999968
55000900234607,2022-09-13,1,0,0.9999968
55000900234607,2022-09-14,1,0,0.9999968
55000900234607,2022-09-15,1,0,0.9999968
55000900234607,2022-09-16,1,0,0.9999968
55000900234607,2022-09-17,1,0,0.9999968
55000900234607,2022-09-18,1,0,0.9999968
55000900234607,2022-09-19,1,0,0.9999968
55000900234607,2022-09-20,1,0,0.9999968
55000900234607,2022-09-21,1,0,0.9999968
55000900234607,2022-09-22,1,0,0.9999968
55000900234607,2022-09-23,1,0,0.9999968
55000900234607,2022-09-24,1,0,0.9999968
55000900234607,2022-09-25,1,0,0.9999968
55000900234607,2022-09-26,1,0,0.9999968
55000900234607,2022-09-27,1,0,0.9999968
55000900234607,2022-09-28,1,0,0.9999968
55000900234607,2022-09-29,1,0,0.9999968
55000900234607,2022-09-30,1,0,0.9999968
55000900234607,2022-10-01,1,0,0.9999968
55000900234607,2022-10-02,1,0,0.9999968
55000900234607,2022-10-03,1,0,0.9999968
55000900234607,2022-10-04,1,0,0.9999968
55000900234607,2022-10-05,1,0,0.9999968
55000900234607,2022-10-06,1,0,0.9999968
55000900234607,2022-10-07,1,0,0.9999968
55000900234607,2022-10-08,1,0,0.9999968
55000900234607,2022-10-09,1,0,0.9999968
55000900234607,2022-10-10,1,0,0.9999968
55000900234607,2022-10-11,1,0,0.9999968
55000900234607,2022-10-12,1,0,0.9999968
55000900234607,2022-10-13,1,0,0.9999968
55000900234607,2022-10-14,1,0,0.9999968
55000900234607,2022-10-15,1,0,0.9999968
55000900234607,2022-10-16,1,0,0.9999968
55000900234607,2022-10-17,1,0,0.9999968
55000900234607,2022-10-18,1,0,0.9999968
55000900234607,2022-10-19,1,0,0.9999968
55000900234607,2022-10-20,1,0,0.9999968
55000900234607,2022-10-21,1,0,0.9999968
55000900234607,2022-10-22,1,0,0.9999968
55000900234607,2022-10-23,1,0,0.9999968
55000900234607,2022-10-24,1,0,0.9999968
55000900234607,2022-10-25,1,0,0.9999968
55000900234607,2022-10-26,1,0,0.9999968
55000900234607,2022-10-27,1,0,0.9999968
55000900234607,2022-10-28,1,0,0.9999968
55000900234607,2022-10-29,1,0,0.9999968
55000900234607,2022-10-30,1,0,0.9999968
55000900234607,2022-10-31,1,0,0.9999968
55000900234607,2022-11-01,1,0,0.9999968
55000900234607,2022-11-02,1,0,0.9999968
55000900234607,2022-11-03,1,0,0.9999968
55000900234607,2022-11-04,1,0,0.9999968
55000900234607,2022-11-05,1,0,0.9999968
55000900234607,2022-11-06,1,0,0.9999968
55000900234607,2022-11-07,1,0,0.9999968
55000900234607,2022-11-08,1,0,0.9999968
55000900234607,2022-11-09,1,0,0.9999968
55000900234607,2022-11-10,1,0,0.9999968
55000900234607,2022-11-11,1,0,0.9999968
55000900234607,2022-11-12,1,0,0.9999968
55000900234607,2022-11-13,1,0,0.9999968
55000900234607,2022-11-14,1,0,0.9999968
55000900234607,2022-11-15,1,0,0.9999968
55000900234607,2022-11-16,1,0,0.9999968
55000900234607,2022-11-17,1,0,0.9999968
55000900234607,2022-11-18,1,0,0.9999968
55000900234607,2022-11-19,1,0,0.9999968
55000900234607,2022-11-20,1,0,0.9999968
55000900234607,2022-11-21,1,0,0.9999968
55000900234607,2022-11-22,1,0,0.9999968
55000900234607,2022-11-23,1,0,0.9999968
55000900234607,2022-11-24,1,0,0.9999968
55000900234607,2022-11-25,1,0,0.9999968
55000900234607,2022-11-26,1,0,0.9999968
55000900234607,2022-11-27,1,0,0.9999968
55000900234607,2022-11-28,1,0,0.9999968
55000900234607,2022-11-29,1,0,0.9999968
55000900234607,2022-11-30,1,0,0.9999968
55000900234607,2022-12-01,1,0,0.9999968
55000900234607,2022-12-02,1,0,0.9999968
55000900234607,2022-12-03,1,0,0.9999968
55000900234607,2022-12-04,1,0,0.9999968
55000900234607,2022-12-05,1,0,0.9999968
55000900234607,2022-12-06,1,0,0.9999968
55000900234607,2022-12-07,1,0,0.9999968
55000900234607,2022-12-08,1,0,0.9999968
55000900234607,2022-12-09,1,0,0.9999968
55000900234607,2022-12-10,1,0,0.9999968
55000900234607,2022-12-11,1,0,0.9999968
55000900234607,2022-12-12,1,0,0.9999968
55000900234607,2022-12-13,1,0,0.9999968
55000900234607,2022-12-14,1,0,0.9999968
55000900234607,2022-12-15,1,0,0.9999968
55000900234607,2022-12-16,1,0,0.9999968
55000900234607,2022-12-17,1,0,0.9999968
55000900234607,2022-12-18,1,0,0.9999968
55000900234607,2022-12-19,1,0,0.9999968
55000900234607,2022-12-20,1,0,0.9999968
55000900234607,2022-12-21,1,0,0.9999968
55000900234607,2022-12-22,1,0,0.9999968
55000900234607,2022-12-23,1,0,0.9999968
55000900234607,2022-12-24,1,0,0.9999968
55000900234607,2022-12-25,1,0,0.9999968
55000900234607,2022-12-26,1,0,0.9999968
55000900234607,2022-12-27,1,0,0.9999968
55000900234607,2022-12-28,1,0,0.9999968
55000900234607,2022-12-29,1,0,0.9999968
55000900234607,2022-12-30,1,0,0.9999968
55000900234607,2022-12-31,1,0,0.9999968
55000900234607,2023-01-01,1,0,0.9999968
55000900234607,2023-01-02,1,0,0.9999968
55000900234607,2023-01-03,1,0,0.9999968
55000900234607,2023-01-04,1,0,0.9999968
55000900234607,2023-01-05,1,0,0.9999968
55000900234607,2023-01-06,1,0,0.9999968
55000900234607,2023-01-07,1,0,0.9999968
55000900234607,2023-01-08,1,0,0.9999968
55000900234607,2023-01-09,1,0,0.9999968
55000900234607,2023-01-10,1,0,0.9999968
55000900234607,2023-01-11,1,0,0.9999968
55000900234607,2023-01-12,1,0,0.9999968
55000900234607,2023-01-13,1,0,0.9999968
55000900234607,2023-01-14,1,0,0.9999968
55000900234607,2023-01-15,1,0,0.9999968
55000900234607,2023-01-16,1,0,0.9999968
55000900234607,2023-01-17,1,0,0.9999968
55000900234607,2023-01-18,1,0,0.9999968
55000900234607,2023-01-19,1,0,0.9999968
55000900234607,2023-01-20,1,0,0.9999968
55000900234607,2023-01-21,1,0,0.9999968
55000900234607,2023-01-22,1,0,0.9999968
55000900234607,2023-01-23,1,0,0.9999968
55000900234607,2023-01-24,1,0,0.9999968
55000900234607,2023-01-25,1,0,0.9999968
55000900234607,2023-01-26,1,0,0.9999968
55000900234607,2023-01-27,1,0,0.9999968
55000900234607,2023-01-28,1,0,0.9999968
55000900234607,2023-01-29,1,0,0.9999968
55000900234607,2023-01-30,1,0,0.9999968
55000900234607,2023-01-31,1,0,0.9999968
55000900234607,2023-02-01,1,0,0.9999968
55000900234607,2023-02-02,1,0,0.9999968
55000900234607,2023-02-03,1,0,0.9999968
55000900234607,2023-02-04,1,0,0.9999968
55000900234607,2023-02-05,1,0,0.9999968
55000900234607,2023-02-06,1,0,0.9999968
55000900234607,2023-02-07,1,0,0.9999968
55000900234607,2023-02-08,1,0,0.9999968
55000900234607,2023-02-09,1,0,0.9999968
55000900234607,2023-02-10,1,0,0.9999968
55000900234607,2023-02-11,1,0,0.9999968
55000900234607,2023-02-12,1,0,0.9999968
55000900234607,2023-02-14,1,0,0.9999968
55000900234607,2023-02-15,1,0,0.9999968
55000900234607,2023-02-16,1,0,0.9999968
55000900234607,2023-02-17,1,0,0.9999968
55000900234607,2023-02-18,1,0,0.9999968
55000900234607,2023-02-19,1,0,0.9999968
55000900234607,2023-02-20,1,0,0.9999968
55000900234607,2023-02-21,1,0,0.9999968
55000900234607,2023-02-22,1,0,0.9999968
55000900234607,2023-02-23,1,0,0.9999968
55000900234607,2023-02-24,1,0,0.9999968
55000900234607,2023-02-25,1,0,0.9999968
55000900234607,2023-02-26,1,0,0.9999968
55000900234607,2023-02-27,1,0,0.9999968
55000900234607,2023-02-28,1,0,0.9999968
55000900234607,2023-03-01,1,0,0.9999968
55000900234607,2023-03-02,1,0,0.9999968
55000900234607,2023-03-03,1,0,0.9999968
55000900234607,2023-03-04,1,0,0.9999968
55000900234607,2023-03-05,1,0,0.9999968
55000900234607,2023-03-06,1,0,0.9999968
55000900234607,2023-03-07,1,0,0.9999968
55000900234607,2023-03-08,1,0,0.9999968
55000900234607,2023-03-09,1,0,0.9999968
55000900234607,2023-03-10,1,0,0.9999968
55000900234607,2023-03-11,1,0,0.9999968
55000900234607,2023-03-13,1,0,0.9999968
55000900234607,2023-03-14,1,0,0.9999968
55000900234607,2023-03-15,1,0,0.9999968
55000900234607,2023-03-16,1,0,0.9999968
55000900234607,2023-03-17,1,0,0.9999968
55000900234607,2023-03-18,1,0,0.9999968
55000900234607,2023-03-19,1,0,0.9999968
55000900234607,2023-03-20,1,0,0.9999968
55000900234607,2023-03-21,1,0,0.9999968
55000900234607,2023-03-22,1,0,0.9999968
55000900234607,2023-03-23,1,0,0.9999968
55000900234607,2023-03-24,1,0,0.9999968
55000900234607,2023-03-25,1,0,0.9999968
55000900234607,2023-03-26,1,0,0.9999968
55000900234607,2023-03-27,1,0,0.9999968
55000900234607,2023-03-28,1,0,0.9999968
55000900234607,2023-03-29,1,0,0.9999968
55000900234607,2023-03-30,1,0,0.9999968
55000900234607,2023-03-31,1,0,0.9999968
55000900234607,2023-04-01,1,0,0.9999968
55000900234607,2023-04-02,1,0,0.9999968
55000900234607,2023-04-03,1,0,0.9999968
55000900234607,2023-04-04,1,0,0.9999968
55000900234607,2023-04-05,1,0,0.9999968
55000900234607,2023-04-06,1,0,0.9999968
55000900234607,2023-04-07,1,0,0.9999968
55000900234607,2023-04-08,1,0,0.9999968
55000900234607,2023-04-09,1,0,0.9999968
55000900234607,2023-04-10,1,0,0.9999968
55000900234607,2023-04-11,1,0,0.9999968
55000900234607,2023-04-12,1,0,0.9999968
55000900234607,2023-04-13,1,0,0.9999968
55000900234607,2023-04-14,1,0,0.9999968
55000900234607,2023-04-15,1,0,0.9999968
55000900234607,2023-04-16,1,0,0.9999968
55000900234607,2023-04-17,1,0,0.9999968
55000900234607,2023-04-18,1,0,0.9999968
55000900234607,2023-04-19,1,0,0.9999968
55000900234607,2023-04-20,1,0,0.9999968
55000900235848,2020-09-11,1,1,0.9993242
55000900235848,2020-09-12,1,1,0.99954295
55000900235848,2020-09-13,1,1,0.9988518
55000900235848,2020-09-14,1,1,0.99812514
55000900235848,2020-09-15,1,1,0.9991429
55000900235848,2020-09-16,1,1,0.99934584
55000900235848,2020-09-17,1,1,0.9994288
55000900235848,2020-09-18,1,1,0.9981589
55000900235848,2020-09-19,1,1,0.9964799
55000900235848,2020-09-20,1,1,0.99688053
55000900235848,2020-09-21,1,1,0.99852043
55000900235848,2020-09-22,1,1,0.997171
55000900235848,2020-09-23,1,1,0.9995995
55000900235848,2020-09-24,1,1,0.9983644
55000900235848,2020-09-25,1,1,0.99896884
55000900235848,2020-09-26,1,1,0.9994462
55000900235848,2020-09-27,1,1,0.9998186
55000900235848,2020-09-28,1,1,0.9998591
55000900235848,2020-09-29,1,1,0.9998357
55000900235848,2020-09-30,1,1,0.9996675
55000900235848,2020-10-01,1,1,0.9994468
55000900235848,2020-10-02,1,1,0.99923563
55000900235848,2020-10-03,1,1,0.99747294
55000900235848,2020-10-04,1,1,0.9976495
55000900235848,2020-10-05,1,1,0.99767846
55000900235848,2020-10-06,1,1,0.9978096
55000900235848,2020-10-07,1,1,0.9978811
55000900235848,2020-10-08,1,1,0.99834895
55000900235848,2020-10-09,1,1,0.9976428
55000900235848,2020-10-10,1,1,0.99737984
55000900235848,2020-10-11,1,1,0.9973152
55000900235848,2020-10-12,1,1,0.990265
55000900235848,2020-10-13,1,1,0.99928844
55000900235848,2020-10-14,1,1,0.9999049
55000900235848,2020-10-15,1,1,0.9999435
55000900235848,2020-10-16,1,1,0.99993193
55000900235848,2020-10-17,1,1,0.9999205
55000900235848,2020-10-18,1,1,0.9998785
55000900235848,2020-10-19,1,0,0.99991083
55000900235848,2020-10-20,1,0,0.9999372
55000900236525,2020-09-11,1,1,0.96657985
55000900236525,2020-09-12,1,1,0.9338013
55000900236525,2020-09-13,1,1,0.92922205
55000900236525,2020-09-14,1,1,0.97056186
55000900236525,2020-09-15,1,1,0.9789449
55000900236525,2020-09-16,1,1,0.9824547
55000900236525,2020-09-17,1,1,0.9783844
55000900236525,2020-09-18,1,1,0.9697725
55000900236525,2020-09-19,1,1,0.96289575
55000900236525,2020-09-20,1,1,0.9640876
55000900236525,2020-09-21,1,1,0.98848265
55000900236525,2020-09-22,1,1,0.9789332
55000900236525,2020-09-23,1,1,0.9796881
55000900236525,2020-09-24,1,1,0.9675964
55000900236525,2020-09-25,1,1,0.9670605
55000900236525,2020-09-26,1,1,0.99492884
55000900236525,2020-09-27,1,1,0.99845326
55000900236525,2020-09-28,1,1,0.99947256
55000900236525,2020-09-29,1,1,0.9996747
55000900236525,2020-09-30,1,1,0.999605
55000900236525,2020-10-01,1,1,0.99819344
55000900236525,2020-10-02,1,1,0.99595994
55000900236525,2020-10-03,1,1,0.998197
55000900236525,2020-10-04,1,1,0.99853754
55000900236525,2020-10-05,1,1,0.99841154
55000900236525,2020-10-06,1,1,0.9982874
55000900236525,2020-10-07,1,1,0.9980636
55000900236525,2020-10-08,1,1,0.9979236
55000900236525,2020-10-09,1,1,0.99855334
55000900236525,2020-10-10,1,1,0.99878687
55000900236525,2020-10-11,1,1,0.9991217
55000900236525,2020-10-12,1,1,0.99943656
55000900236525,2020-10-13,1,1,0.9999293
55000900236525,2020-10-14,1,1,0.9999156
55000900236525,2020-10-15,1,1,0.9999362
55000900236525,2020-10-16,1,1,0.9999058
55000900236525,2020-10-17,1,1,0.9999306
55000900236525,2020-10-18,1,0,0.9999516
55000900236525,2020-10-19,1,0,0.9999684
55000900237668,2020-09-11,0,1,0.0013159892
55000900237668,2020-09-12,0,1,0.0013777261
55000900237668,2020-09-13,0,1,0.0014452016
55000900237668,2020-09-14,0,1,0.0015245236
55000900237668,2020-09-15,0,1,0.0015987472
55000900237668,2020-09-16,0,1,0.001533017
55000900237668,2020-09-17,0,1,0.001566566
55000900237668,2020-09-18,0,1,0.0015360438
55000900237668,2020-09-19,0,1,0.0017492782
55000900237668,2020-09-20,0,1,0.001697542
55000900237668,2020-09-21,0,1,0.002251182
55000900237668,2020-09-22,0,1,0.002522259
55000900237668,2020-09-23,0,1,0.0017684544
55000900237668,2020-09-24,0,1,0.0015390436
55000900237668,2020-09-25,0,1,0.0019544053
55000900237668,2020-09-26,0,1,0.0013099954
55000900237668,2020-09-27,0,1,0.0008257019
55000900237668,2020-09-28,0,1,0.0011051286
55000900237668,2020-09-29,0,1,0.0010101383
55000900237668,2020-09-30,0,1,0.0005976708
55000900237668,2020-10-01,0,1,0.0012381084
55000900237668,2020-10-02,0,1,0.0013609423
55000900237668,2020-10-03,0,1,0.0012223993
55000900237668,2020-10-04,0,1,0.0014855795
55000900237668,2020-10-05,0,1,0.0011603832
55000900237668,2020-10-06,0,1,0.0013577776
55000900237668,2020-10-07,0,1,0.001498662
55000900237668,2020-10-08,0,1,0.0013991072
55000900237668,2020-10-09,0,1,0.0014899749
55000900237668,2020-10-10,0,1,0.0018978646
55000900237668,2020-10-11,1,1,0.002638799
55000900237668,2020-10-12,1,1,0.0017647285
55000900237668,2020-10-13,1,1,0.002441492
55000900237668,2020-10-14,1,1,0.02856477
55000900237668,2020-10-15,1,1,0.030902939
55000900237668,2020-10-16,0,1,0.06543699
55000900237668,2020-10-17,0,1,0.25609392
55000900237668,2020-10-18,0,1,0.15800445
55000900237668,2020-10-19,0,1,0.1123844
55000900237668,2020-10-20,0,1,0.6267245
55000900237668,2020-10-21,0,1,0.5905645
55000900237668,2020-10-22,0,1,0.20106198
55000900237668,2020-10-23,0,1,0.45738572
55000900237668,2020-10-24,1,1,0.65407723
55000900237668,2020-10-25,0,1,0.6270017
55000900237668,2020-10-26,0,0,0.6082791
55000900237668,2020-10-27,0,0,0.8646136
55000900271029,2020-09-11,1,1,0.9998907
55000900271029,2020-09-12,1,1,0.9999094
55000900271029,2020-09-13,1,1,0.9998859
55000900271029,2020-09-14,1,1,0.9998946
55000900271029,2020-09-15,1,1,0.9999236
55000900271029,2020-09-16,1,1,0.9998938
55000900271029,2020-09-17,1,1,0.99990356
55000900271029,2020-09-18,1,1,0.99982446
55000900271029,2020-09-19,1,1,0.9997453
55000900271029,2020-09-20,1,1,0.9993166
55000900271029,2020-09-21,1,1,0.99942845
55000900271029,2020-09-22,1,1,0.99942267
55000900271029,2020-09-23,1,1,0.99920076
55000900271029,2020-09-24,1,1,0.9990044
55000900271029,2020-09-25,1,1,0.99894017
55000900271029,2020-09-26,1,1,0.9997869
55000900271029,2020-09-27,1,1,0.99985886
55000900271029,2020-09-28,1,1,0.9999727
55000900271029,2020-09-29,1,1,0.99997115
55000900271029,2020-09-30,1,1,0.99997425
55000900271029,2020-10-01,1,1,0.99996555
55000900271029,2020-10-02,1,1,0.99997413
55000900271029,2020-10-03,1,1,0.9999443
55000900271029,2020-10-04,1,1,0.99994624
55000900271029,2020-10-05,1,1,0.9999521
55000900271029,2020-10-06,1,1,0.99995756
55000900271029,2020-10-07,1,1,0.999961
55000900271029,2020-10-08,1,1,0.99997914
55000900271029,2020-10-09,1,1,0.99997175
55000900271029,2020-10-10,1,1,0.9999682
55000900271029,2020-10-11,1,1,0.9999441
55000900271029,2020-10-12,1,1,0.9999261
55000900271029,2020-10-13,1,1,0.9999844
55000900271029,2020-10-14,1,1,0.99998164
55000900271029,2020-10-15,1,1,0.9999876
55000900271029,2020-10-16,1,1,0.9999883
55000900271029,2020-10-17,1,1,0.99997735
55000900271029,2020-10-18,1,1,0.99998856
55000900271029,2020-10-19,1,1,0.99997985
55000900271029,2020-10-20,1,0,0.99997914
55000900271029,2020-10-21,1,0,0.99998903
55000900271031,2020-09-11,1,0,0.9903424
55000900271031,2020-09-12,1,0,0.9836278
55000900271031,2020-09-13,1,0,0.21938549
55000900271031,2020-09-14,1,0,0.60577476
55000900271031,2020-09-15,0,0,0.89207435
55000900271031,2020-09-16,0,0,0.87892044
55000900271031,2020-09-17,0,0,0.88201416
55000900271031,2020-09-18,1,0,0.25164083
55000900271031,2020-09-19,1,0,0.34958115
55000900271031,2020-09-20,1,0,0.34828314
55000900271031,2020-09-21,1,0,0.6885342
55000900271031,2020-09-22,0,0,0.73314327
55000900271031,2020-09-23,1,0,0.7570408
55000900271031,2020-09-24,1,0,0.8228374
55000900271031,2020-09-25,1,0,0.2689553
55000900271031,2020-09-26,1,0,0.8065326
55000900271031,2020-09-27,1,0,0.7177327
55000900271031,2020-09-28,1,0,0.9926131
55000900271031,2020-09-29,1,0,0.9984394
55000900271031,2020-09-30,1,0,0.99556845
55000900271031,2020-10-01,1,0,0.9870595
55000900271031,2020-10-02,1,0,0.98004615
55000900271031,2020-10-03,0,0,0.9806176
55000900271031,2020-10-04,0,0,0.9794631
55000900271031,2020-10-05,0,0,0.98250335
55000900271031,2020-10-06,0,0,0.55376184
55000900271031,2020-10-07,0,0,0.41729328
55000900271031,2020-10-08,0,0,0.24256068
55000900271031,2020-10-09,0,0,0.21054906
55000900271031,2020-10-10,1,0,0.35443977
55000900271031,2020-10-11,1,0,0.40443328
55000900271031,2020-10-12,1,0,0.4107715
55000900271031,2020-10-13,1,0,0.91656005
55000900271031,2020-10-14,1,0,0.99886477
55000900271031,2020-10-15,0,0,0.9987024
55000900271031,2020-10-16,0,0,0.9998834
55000900271031,2020-10-17,0,0,0.9998722
55000900271031,2020-10-18,0,0,0.9928524
55000900271031,2020-10-19,0,0,0.7913239
55000900271031,2020-10-20,0,0,0.60527754
55000900271031,2020-10-21,0,0,0.40065375
55000900271031,2020-10-22,0,0,0.3575513
55000900271031,2020-10-23,0,0,0.4227595
55000900271031,2020-10-24,0,0,0.3621387
55000900271031,2020-10-25,0,0,0.4071487
55000900271031,2020-10-26,0,0,0.4858408
55000900271031,2020-10-27,0,0,0.39120683
55000900271031,2020-10-29,1,0,0.4670067
55000900271031,2020-10-30,1,0,0.2971868
55000900271031,2020-10-31,1,0,0.40732923
55000900271031,2020-11-01,1,0,0.7260242
55000900271031,2020-11-02,1,0,0.8839571
55000900271031,2020-11-03,1,0,0.9059021
55000900271031,2020-11-04,1,0,0.74350834
55000900271031,2020-11-05,1,0,0.65584254
55000900271031,2020-11-06,1,0,0.8993176
55000900271031,2020-11-07,1,0,0.9531782
55000900271031,2020-11-08,1,0,0.9959992
55000900271031,2020-11-09,1,0,0.99938333
55000900271031,2020-11-10,1,0,0.99968386
55000900271031,2020-11-11,1,0,0.9988288
55000900271031,2020-11-12,1,0,0.99872094
55000900271031,2020-11-13,1,0,0.9998902
55000900271031,2020-11-14,1,0,0.99958414
55000900271031,2020-11-15,1,0,0.99978524
55000900271031,2020-11-16,1,0,0.99996495
55000900271031,2020-11-17,1,0,0.9999653
55000900271031,2020-11-18,1,0,0.9999721
55000900271031,2020-11-19,1,0,0.9999635
55000900271031,2020-11-20,1,0,0.9999573
55000900271031,2020-11-21,1,0,0.999974
55000900271031,2020-11-22,1,0,0.99995697
55000900271031,2020-11-23,1,0,0.999931
55000900271031,2020-11-24,1,0,0.9999504
55000900271031,2020-11-25,1,0,0.99995136
55000900271031,2020-11-26,1,0,0.9999423
55000900271031,2020-11-27,1,0,0.99995804
55000900271031,2020-11-28,1,0,0.9999541
55000900271031,2020-11-29,1,0,0.9999199
55000900271031,2020-11-30,1,0,0.9999443
55000900271031,2020-12-01,1,0,0.99995136
55000900271031,2020-12-02,1,0,0.9999554
55000900271031,2020-12-03,1,0,0.9999666
55000900271031,2020-12-04,1,0,0.9999486
55000900271031,2020-12-05,1,0,0.9999527
55000900271031,2020-12-06,1,0,0.9999577
55000900271031,2020-12-07,1,0,0.9999589
55000900271031,2020-12-08,1,0,0.9999598
55000900271031,2020-12-09,1,0,0.99995625
55000900271031,2020-12-10,1,0,0.9999465
55000900271031,2020-12-11,1,0,0.9999505
55000900271031,2020-12-12,1,0,0.99995136
55000900271031,2020-12-13,1,0,0.99994135
55000900271031,2020-12-14,1,0,0.9999559
55000900271031,2020-12-15,1,0,0.9999385
55000900271031,2020-12-16,1,0,0.999949
55000900271031,2020-12-17,1,0,0.9999342
55000900271031,2020-12-18,1,0,0.9999504
55000900271031,2020-12-19,1,0,0.9999653
55000900271031,2020-12-20,1,0,0.99995315
55000900271031,2020-12-21,1,0,0.9999466
55000900271031,2020-12-22,1,0,0.9999701
55000900271031,2020-12-23,1,0,0.99998224
55000900271031,2020-12-24,1,0,0.9999814
55000900271031,2020-12-25,1,0,0.99995124
55000900271031,2020-12-26,1,0,0.9999511
55000900271031,2020-12-27,1,0,0.9999498
55000900271031,2020-12-28,1,0,0.9999602
55000900271031,2020-12-29,1,0,0.9999516
55000900271031,2020-12-30,1,0,0.9999422
55000900271031,2020-12-31,1,0,0.9999492
55000900271031,2021-01-01,1,0,0.99994946
55000900271031,2021-01-02,1,0,0.99995315
55000900271031,2021-01-03,1,0,0.9999577
55000900271031,2021-01-04,1,0,0.9999565
55000900271031,2021-01-05,1,0,0.99995625
55000900271031,2021-01-06,1,0,0.9999566
55000900271031,2021-01-07,1,0,0.9999573
55000900271031,2021-01-08,1,0,0.9999579
55000900271031,2021-01-09,1,0,0.99995697
55000900271031,2021-01-10,1,0,0.9999573
55000900271031,2021-01-11,1,0,0.9999602
55000900271031,2021-01-12,1,0,0.99996066
55000900271031,2021-01-13,1,0,0.99995995
55000900271031,2021-01-14,1,0,0.9999598
55000900271031,2021-01-15,1,0,0.99995863
55000900271031,2021-01-16,1,0,0.9999604
55000900271031,2021-01-17,1,0,0.99996054
55000900271031,2021-01-18,1,0,0.9999603
55000900271031,2021-01-19,1,0,0.99995995
55000900271031,2021-01-20,1,0,0.99995995
55000900271031,2021-01-21,1,0,0.9999596
55000900271031,2021-01-22,1,0,0.999959
55000900271031,2021-01-23,1,0,0.9999608
55000900271031,2021-01-24,1,0,0.99996114
55000900271031,2021-01-25,1,0,0.9999647
55000900271031,2021-01-26,1,0,0.9999603
55000900271031,2021-01-27,1,0,0.99995875
55000900271031,2021-01-28,1,0,0.9999583
55000900271031,2021-01-29,1,0,0.9999596
55000900271031,2021-01-30,1,0,0.99996054
55000900271031,2021-01-31,1,0,0.99996054
55000900271031,2021-02-01,1,0,0.9999608
55000900271031,2021-02-02,1,0,0.9999608
55000900271031,2021-02-03,1,0,0.9999608
55000900271031,2021-02-04,1,0,0.9999608
55000900271031,2021-02-05,1,0,0.9999608
55000900271031,2021-02-06,1,0,0.9999608
55000900271031,2021-02-07,1,0,0.9999608
55000900271031,2021-02-08,1,0,0.9999608
55000900271031,2021-02-09,1,0,0.9999608
55000900271031,2021-02-10,1,0,0.9999608
55000900271031,2021-02-11,1,0,0.9999608
55000900271031,2021-02-12,1,0,0.9999608
55000900271031,2021-02-13,1,0,0.9999608
55000900271031,2021-02-14,1,0,0.9999608
55000900271031,2021-02-15,1,0,0.9999608
55000900271031,2021-02-16,1,0,0.9999608
55000900271031,2021-02-17,1,0,0.9999608
55000900271031,2021-02-18,1,0,0.9999608
55000900271031,2021-02-19,1,0,0.9999608
55000900271031,2021-02-20,1,0,0.9999608
55000900271031,2021-02-21,1,0,0.9999608
55000900271031,2021-02-22,1,0,0.9999608
55000900271031,2021-02-23,1,0,0.9999608
55000900271031,2021-02-24,1,0,0.9999608
55000900271031,2021-02-25,1,0,0.9999608
55000900271031,2021-02-26,1,0,0.9999608
55000900271031,2021-02-27,1,0,0.9999608
55000900271031,2021-02-28,1,0,0.9999608
55000900271031,2021-03-01,1,0,0.9999608
55000900271031,2021-03-02,1,0,0.9999608
55000900271031,2021-03-03,1,0,0.9999608
55000900271031,2021-03-04,1,0,0.9999608
55000900271031,2021-03-05,1,0,0.9999608
55000900271031,2021-03-06,1,0,0.9999608
55000900271031,2021-03-07,1,0,0.9999608
55000900271031,2021-03-08,1,0,0.9999608
55000900271031,2021-03-09,1,0,0.9999608
55000900271031,2021-03-10,1,0,0.9999608
55000900271031,2021-03-11,1,0,0.9999608
55000900271031,2021-03-12,1,0,0.9999608
55000900271031,2021-03-13,1,0,0.9999608
55000900271031,2021-03-15,1,0,0.9999608
55000900271031,2021-03-16,1,0,0.9999608
55000900271031,2021-03-17,1,0,0.9999608
55000900271031,2021-03-18,1,0,0.9999608
55000900271031,2021-03-19,1,0,0.9999608
55000900271031,2021-03-20,1,0,0.9999608
55000900271031,2021-03-21,1,0,0.9999608
55000900271031,2021-03-22,1,0,0.9999608
55000900271031,2021-03-23,1,0,0.9999608
55000900271031,2021-03-24,1,0,0.9999608
55000900271031,2021-03-25,1,0,0.9999608
55000900271031,2021-03-26,1,0,0.9999608
55000900271031,2021-03-27,1,0,0.9999608
55000900271031,2021-03-28,1,0,0.9999608
55000900271031,2021-03-29,1,0,0.9999608
55000900271031,2021-03-30,1,0,0.9999608
55000900271031,2021-03-31,1,0,0.9999608
55000900271031,2021-04-01,1,0,0.9999608
55000900271031,2021-04-02,1,0,0.9999608
55000900271031,2021-04-03,1,0,0.9999608
55000900271031,2021-04-04,1,0,0.9999608
55000900271031,2021-04-05,1,0,0.9999608
55000900271031,2021-04-06,1,0,0.9999608
55000900271031,2021-04-07,1,0,0.9999608
55000900271031,2021-04-08,1,0,0.9999608
55000900271031,2021-04-09,1,0,0.9999608
55000900271031,2021-04-10,1,0,0.9999608
55000900271031,2021-04-11,1,0,0.9999608
55000900271031,2021-04-12,1,0,0.9999608
55000900271031,2021-04-13,1,0,0.9999608
55000900271031,2021-04-14,1,0,0.9999608
55000900271031,2021-04-15,1,0,0.9999608
55000900271031,2021-04-16,1,0,0.9999608
55000900271031,2021-04-17,1,0,0.9999608
55000900271031,2021-04-18,1,0,0.9999608
55000900271031,2021-04-19,1,0,0.9999608
55000900271031,2021-04-20,1,0,0.9999608
55000900271031,2021-04-21,1,0,0.9999608
55000900271031,2021-04-22,1,0,0.9999608
55000900271031,2021-04-23,1,0,0.9999608
55000900271031,2021-04-24,1,0,0.9999608
55000900271031,2021-04-25,1,0,0.9999608
55000900271031,2021-04-26,1,0,0.9999608
55000900271031,2021-04-27,1,0,0.9999608
55000900271031,2021-04-28,1,0,0.9999608
55000900271031,2021-04-29,1,0,0.9999608
55000900271031,2021-04-30,1,0,0.9999608
55000900271031,2021-05-01,1,0,0.9999608
55000900271031,2021-05-02,1,0,0.9999608
55000900271031,2021-05-03,1,0,0.9999608
55000900271031,2021-05-04,1,0,0.9999608
55000900271031,2021-05-05,1,0,0.9999608
55000900271031,2021-05-06,1,0,0.9999608
55000900271031,2021-05-07,1,0,0.9999608
55000900271031,2021-05-08,1,0,0.9999608
55000900271031,2021-05-09,1,0,0.9999608
55000900271031,2021-05-10,1,0,0.9999608
55000900271031,2021-05-11,1,0,0.9999608
55000900271031,2021-05-12,1,0,0.9999608
55000900271031,2021-05-13,1,0,0.9999608
55000900271031,2021-05-14,1,0,0.9999608
55000900271031,2021-05-15,1,0,0.9999608
55000900271031,2021-05-16,1,0,0.9999608
55000900271031,2021-05-17,1,0,0.9999608
55000900271031,2021-05-18,1,0,0.9999608
55000900271031,2021-05-19,1,0,0.9999608
55000900271031,2021-05-20,1,0,0.9999608
55000900271031,2021-05-21,1,0,0.9999608
55000900271031,2021-05-22,1,0,0.9999608
55000900271031,2021-05-23,1,0,0.9999608
55000900271031,2021-05-24,1,0,0.9999608
55000900271031,2021-05-25,1,0,0.9999608
55000900271031,2021-05-26,1,0,0.9999608
55000900271031,2021-05-27,1,0,0.9999608
55000900271031,2021-05-28,1,0,0.9999608
55000900271031,2021-05-29,1,0,0.9999608
55000900271031,2021-05-30,1,0,0.9999608
55000900271031,2021-05-31,1,0,0.9999608
55000900271031,2021-06-01,1,0,0.9999608
55000900271031,2021-06-02,1,0,0.9999608
55000900271031,2021-06-03,1,0,0.9999608
55000900271031,2021-06-04,1,0,0.9999608
55000900271031,2021-06-05,1,0,0.9999608
55000900271031,2021-06-06,1,0,0.9999608
55000900271031,2021-06-07,1,0,0.9999608
55000900271031,2021-06-08,1,0,0.9999608
55000900271031,2021-06-09,1,0,0.9999608
55000900271031,2021-06-10,1,0,0.9999608
55000900271031,2021-06-11,1,0,0.9999608
55000900271031,2021-06-12,1,0,0.9999608
55000900271031,2021-06-13,1,0,0.9999608
55000900271031,2021-06-14,1,0,0.9999608
55000900271031,2021-06-15,1,0,0.9999608
55000900271031,2021-06-16,1,0,0.9999608
55000900271031,2021-06-17,1,0,0.9999608
55000900271031,2021-06-18,1,0,0.9999608
55000900271031,2021-06-19,1,0,0.9999608
55000900271031,2021-06-20,1,0,0.9999608
55000900271031,2021-06-21,1,0,0.9999608
55000900271031,2021-06-22,1,0,0.9999608
55000900271031,2021-06-23,1,0,0.9999608
55000900271031,2021-06-24,1,0,0.9999608
55000900271031,2021-06-25,1,0,0.9999608
55000900271031,2021-06-26,1,0,0.9999608
55000900271031,2021-06-27,1,0,0.9999608
55000900271031,2021-06-28,1,0,0.9999608
55000900271031,2021-06-29,1,0,0.9999608
55000900271031,2021-06-30,1,0,0.9999608
55000900271031,2021-07-01,1,0,0.9999608
55000900271031,2021-07-02,1,0,0.9999608
55000900271031,2021-07-03,1,0,0.9999608
55000900271031,2021-07-04,1,0,0.9999608
55000900271031,2021-07-05,1,0,0.9999608
55000900271031,2021-07-06,1,0,0.9999608
55000900271031,2021-07-07,1,0,0.9999608
55000900271031,2021-07-08,1,0,0.9999608
55000900271031,2021-07-09,1,0,0.9999608
55000900271031,2021-07-10,1,0,0.9999608
55000900271031,2021-07-11,1,0,0.9999608
55000900271031,2021-07-12,1,0,0.9999608
55000900271031,2021-07-13,1,0,0.9999608
55000900271031,2021-07-14,1,0,0.9999608
55000900271031,2021-07-15,1,0,0.9999608
55000900271031,2021-07-16,1,0,0.9999608
55000900271031,2021-07-17,1,0,0.9999608
55000900271031,2021-07-18,1,0,0.9999608
55000900271031,2021-07-19,1,0,0.9999608
55000900271031,2021-07-20,1,0,0.9999608
55000900271031,2021-07-21,1,0,0.9999608
55000900271031,2021-07-22,1,0,0.9999608
55000900271031,2021-07-23,1,0,0.9999608
55000900271031,2021-07-24,1,0,0.9999608
55000900271031,2021-07-25,1,0,0.9999608
55000900271031,2021-07-26,1,0,0.9999608
55000900271031,2021-07-27,1,0,0.9999608
55000900271031,2021-07-28,1,0,0.9999608
55000900271031,2021-07-29,1,0,0.9999608
55000900271031,2021-07-30,1,0,0.9999608
55000900271031,2021-07-31,1,0,0.9999608
55000900271031,2021-08-01,1,0,0.9999608
55000900271031,2021-08-02,1,0,0.9999608
55000900271031,2021-08-03,0,0,0.9999608
55000900271031,2021-08-04,0,0,0.9999608
55000900271031,2021-08-05,0,0,0.9999608
55000900271031,2021-08-06,0,0,0.9994054
55000900271031,2021-08-07,0,0,0.98771685
55000900271031,2021-08-08,0,0,0.9796469
55000900271031,2021-08-09,0,0,0.9587879
55000900271031,2021-08-10,0,0,0.89381945
55000900271031,2021-08-11,0,0,0.8804657
55000900271031,2021-08-12,0,0,0.8698758
55000900271031,2021-08-13,0,0,0.86882234
55000900271031,2021-08-14,0,0,0.8673382
55000900271031,2021-08-15,0,0,0.8672773
55000900271031,2021-08-16,0,0,0.8660911
55000900271031,2021-08-17,0,0,0.8659068
55000900271031,2021-08-18,0,0,0.86550564
55000900271031,2021-08-19,0,0,0.8650906
55000900271031,2021-08-20,0,0,0.86488473
55000900271031,2021-08-21,0,0,0.864645
55000900271031,2021-08-22,0,0,0.864384
55000900271031,2021-08-23,0,0,0.86425585
55000900271031,2021-08-24,0,0,0.8640575
55000900271031,2021-08-25,0,0,0.86393017
55000900271031,2021-08-26,0,0,0.86370254
55000900271031,2021-08-27,0,0,0.86319023
55000900271031,2021-08-28,0,0,0.8618772
55000900271031,2021-08-29,0,0,0.86083364
55000900271031,2021-08-30,0,0,0.8604541
55000900271031,2021-08-31,0,0,0.8603718
55000900271031,2021-09-01,0,0,0.86055255
55000900271031,2021-09-02,0,0,0.8612182
55000900271031,2021-09-03,0,0,0.858373
55000900271031,2021-09-04,0,0,0.8101561
55000900271031,2021-09-05,0,0,0.8101561
55000900271031,2021-09-06,0,0,0.8101561
55000900271031,2021-09-07,0,0,0.8101561
55000900271031,2021-09-08,0,0,0.8101561
55000900271031,2021-09-09,0,0,0.8101561
55000900271031,2021-09-10,0,0,0.8101561
55000900271031,2021-09-11,0,0,0.8101561
55000900271031,2021-09-12,0,0,0.8101561
55000900271031,2021-09-13,0,0,0.8101561
55000900271031,2021-09-14,0,0,0.8101561
55000900271031,2021-09-15,0,0,0.8101561
55000900271031,2021-09-16,0,0,0.8101561
55000900271031,2021-09-17,0,0,0.8101561
55000900271031,2021-09-18,1,0,0.8101561
55000900271031,2021-09-19,1,0,0.8101561
55000900271031,2021-09-20,1,0,0.8101561
55000900271031,2021-09-21,1,0,0.9623268
55000900271031,2021-09-22,1,0,0.9889492
55000900271031,2021-09-23,1,0,0.98585224
55000900271031,2021-09-24,1,0,0.98806095
55000900271031,2021-09-25,0,0,0.98885393
55000900271031,2021-09-26,0,0,0.99146444
55000900271031,2021-09-27,1,0,0.9917738
55000900271031,2021-09-28,1,0,0.9783287
55000900271031,2021-09-29,1,0,0.94666857
55000900271031,2021-09-30,1,0,0.9765197
55000900271031,2021-10-01,1,0,0.9940714
55000900271031,2021-10-02,1,0,0.99050456
55000900271031,2021-10-03,1,0,0.99376595
55000900271031,2021-10-04,1,0,0.99164736
55000900271031,2021-10-05,1,0,0.99448377
55000900271031,2021-10-06,1,0,0.9941029
55000900271031,2021-10-07,1,0,0.99504256
55000900271031,2021-10-08,1,0,0.9960872
55000900271031,2021-10-09,1,0,0.9959304
55000900271031,2021-10-10,1,0,0.99577796
55000900271031,2021-10-11,1,0,0.9958509
55000900271031,2021-10-12,1,0,0.99585897
55000900271031,2021-10-13,1,0,0.9957749
55000900271031,2021-10-14,1,0,0.99580437
55000900271031,2021-10-15,1,0,0.9957074
55000900271031,2021-10-16,1,0,0.9955916
55000900271031,2021-10-17,1,0,0.9953852
55000900271031,2021-10-18,1,0,0.9954541
55000900271031,2021-10-19,1,0,0.9973007
55000900271031,2021-10-20,1,0,0.99894637
55000900271031,2021-10-21,1,0,0.99896765
55000900271031,2021-10-22,1,0,0.9989378
55000900271031,2021-10-23,1,0,0.9988188
55000900271031,2021-10-24,1,0,0.99867153
55000900271031,2021-10-25,1,0,0.9983948
55000900271031,2021-10-26,1,0,0.99681145
55000900271031,2021-10-27,1,0,0.99745196
55000900271031,2021-10-28,1,0,0.9995377
55000900271031,2021-10-29,1,0,0.9999608
55000900271031,2021-10-30,1,0,0.9999608
55000900271031,2021-10-31,1,0,0.9999608
55000900271031,2021-11-01,1,0,0.9999608
55000900271031,2021-11-02,1,0,0.9999608
55000900271031,2021-11-03,1,0,0.9999608
55000900271031,2021-11-04,1,0,0.9999608
55000900271031,2021-11-05,1,0,0.9999608
55000900271031,2021-11-06,1,0,0.9999608
55000900271031,2021-11-07,1,0,0.9999608
55000900271031,2021-11-08,1,0,0.9999608
55000900271031,2021-11-09,1,0,0.9999608
55000900271031,2021-11-10,1,0,0.9999608
55000900271031,2021-11-11,1,0,0.9999608
55000900271031,2021-11-12,1,0,0.9999608
55000900271031,2021-11-13,1,0,0.9999608
55000900271031,2021-11-14,1,0,0.9999608
55000900271031,2021-11-15,1,0,0.9999608
55000900271031,2021-11-16,1,0,0.9999608
55000900271031,2021-11-17,1,0,0.9999608
55000900271031,2021-11-18,1,0,0.9999608
55000900271031,2021-11-19,1,0,0.9999608
55000900271031,2021-11-20,1,0,0.9999608
55000900271031,2021-11-21,1,0,0.9999608
55000900271031,2021-11-22,1,0,0.9999608
55000900271031,2021-11-23,1,0,0.9999608
55000900271031,2021-11-24,1,0,0.9999608
55000900271031,2021-11-25,1,0,0.9999608
55000900271031,2021-11-26,1,0,0.9999608
55000900271031,2021-11-27,1,0,0.9999608
55000900271031,2021-11-28,1,0,0.9999608
55000900271031,2021-11-29,1,0,0.9999608
55000900271031,2021-11-30,1,0,0.9999608
55000900271031,2021-12-01,1,0,0.9999608
55000900271031,2021-12-02,1,0,0.9999608
55000900271031,2021-12-03,1,0,0.9999608
55000900271031,2021-12-04,1,0,0.9999608
55000900271031,2021-12-05,1,0,0.9999608
55000900271031,2021-12-06,1,0,0.9999608
55000900271031,2021-12-07,1,0,0.9999608
55000900271031,2021-12-08,1,0,0.9999608
55000900271031,2021-12-09,1,0,0.9999608
55000900271031,2021-12-10,1,0,0.9999608
55000900271031,2021-12-11,1,0,0.9999608
55000900271031,2021-12-12,1,0,0.9999608
55000900271031,2021-12-13,1,0,0.9999608
55000900271031,2021-12-14,1,0,0.9999608
55000900271031,2021-12-15,1,0,0.9999608
55000900271031,2021-12-16,1,0,0.9999608
55000900271031,2021-12-17,1,0,0.9999608
55000900271031,2021-12-18,1,0,0.9999608
55000900271031,2021-12-19,1,0,0.9999608
55000900271031,2021-12-20,1,0,0.9999608
55000900271031,2021-12-21,1,0,0.9999608
55000900271031,2021-12-22,1,0,0.9999608
55000900271031,2021-12-23,1,0,0.9999608
55000900271031,2021-12-24,1,0,0.9999608
55000900271031,2021-12-25,1,0,0.9999608
55000900271031,2021-12-26,1,0,0.9999608
55000900271031,2021-12-27,1,0,0.9999608
55000900271031,2021-12-28,1,0,0.9999608
55000900271031,2021-12-29,1,0,0.9999608
55000900271031,2021-12-30,1,0,0.9999608
55000900271031,2021-12-31,1,0,0.9999608
55000900271031,2022-01-01,1,0,0.9999608
55000900271031,2022-01-02,1,0,0.9999608
55000900271031,2022-01-03,1,0,0.9999608
55000900271031,2022-01-04,1,0,0.9999608
55000900271031,2022-01-05,1,0,0.9999608
55000900271031,2022-01-06,1,0,0.9999608
55000900271031,2022-01-07,1,0,0.9999608
55000900271031,2022-01-08,1,0,0.9999608
55000900271031,2022-01-09,1,0,0.9999608
55000900271031,2022-01-10,1,0,0.9999608
55000900271031,2022-01-11,1,0,0.9999608
55000900271031,2022-01-12,1,0,0.9999608
55000900271031,2022-01-13,1,0,0.9999608
55000900271031,2022-01-14,1,0,0.9999608
55000900271031,2022-01-15,1,0,0.9999608
55000900271031,2022-01-16,1,0,0.9999608
55000900271031,2022-01-17,1,0,0.9999608
55000900271031,2022-01-18,1,0,0.9999608
55000900271031,2022-01-19,1,0,0.9999608
55000900271031,2022-01-20,1,0,0.9999608
55000900271031,2022-01-21,1,0,0.9999608
55000900271031,2022-01-22,1,0,0.9999608
55000900271031,2022-01-23,1,0,0.9999608
55000900271031,2022-01-24,1,0,0.9999608
55000900271031,2022-01-25,1,0,0.9999608
55000900271031,2022-01-26,1,0,0.9999608
55000900271031,2022-01-27,1,0,0.9999608
55000900271031,2022-01-28,1,0,0.9999608
55000900271031,2022-01-29,1,0,0.9999608
55000900271031,2022-01-30,1,0,0.9999608
55000900271031,2022-01-31,1,0,0.9999608
55000900271031,2022-02-01,1,0,0.9999608
55000900271031,2022-02-02,1,0,0.9999608
55000900271031,2022-02-03,1,0,0.9999608
55000900271031,2022-02-04,1,0,0.9999608
55000900271031,2022-02-05,1,0,0.9999608
55000900271031,2022-02-06,1,0,0.9999608
55000900271031,2022-02-07,1,0,0.9999608
55000900271031,2022-02-08,1,0,0.9999608
55000900271031,2022-02-09,1,0,0.9999608
55000900271031,2022-02-10,1,0,0.9999608
55000900271031,2022-02-11,1,0,0.9999608
55000900271031,2022-02-12,1,0,0.9999608
55000900271031,2022-02-13,1,0,0.9999608
55000900271031,2022-02-14,1,0,0.9999608
55000900271031,2022-02-15,1,0,0.9999608
55000900271031,2022-02-16,1,0,0.9999608
55000900271031,2022-02-17,1,0,0.9999608
55000900271031,2022-02-18,1,0,0.9999608
55000900271031,2022-02-19,1,0,0.9999608
55000900271031,2022-02-20,1,0,0.9999608
55000900271031,2022-02-21,1,0,0.9999608
55000900271031,2022-02-22,1,0,0.9999608
55000900271031,2022-02-23,1,0,0.9999608
55000900271031,2022-02-24,1,0,0.9999608
55000900271031,2022-02-25,1,0,0.9999608
55000900271031,2022-02-26,1,0,0.9999608
55000900271031,2022-02-27,1,0,0.9999608
55000900271031,2022-02-28,1,0,0.9999608
55000900271031,2022-03-01,1,0,0.9999608
55000900271031,2022-03-02,1,0,0.9999608
55000900271031,2022-03-03,1,0,0.9999608
55000900271031,2022-03-04,1,0,0.9999608
55000900271031,2022-03-05,1,0,0.9999608
55000900271031,2022-03-06,1,0,0.9999608
55000900271031,2022-03-07,1,0,0.9999608
55000900271031,2022-03-08,1,0,0.9999608
55000900271031,2022-03-09,1,0,0.9999608
55000900271031,2022-03-10,1,0,0.9999608
55000900271031,2022-03-11,1,0,0.9999608
55000900271031,2022-03-12,1,0,0.9999608
55000900271031,2022-03-14,1,0,0.9999608
55000900271031,2022-03-15,1,0,0.9999608
55000900271031,2022-03-16,1,0,0.9999608
55000900271031,2022-03-17,1,0,0.9999608
55000900271031,2022-03-18,1,0,0.9999608
55000900271031,2022-03-19,1,0,0.9999608
55000900271031,2022-03-20,1,0,0.9999608
55000900271031,2022-03-21,1,0,0.9999608
55000900271031,2022-03-22,1,0,0.9999608
55000900271031,2022-03-23,1,0,0.9999608
55000900271031,2022-03-24,1,0,0.9999608
55000900271031,2022-03-25,1,0,0.9999608
55000900271031,2022-03-26,1,0,0.9999608
55000900271031,2022-03-27,1,0,0.9999608
55000900271031,2022-03-28,1,0,0.9999608
55000900271031,2022-03-29,1,0,0.9999608
55000900271031,2022-03-30,1,0,0.9999608
55000900271031,2022-03-31,1,0,0.9999608
55000900271031,2022-04-01,1,0,0.9999608
55000900271031,2022-04-02,1,0,0.9999608
55000900271031,2022-04-03,1,0,0.9999608
55000900271031,2022-04-04,1,0,0.9999608
55000900271031,2022-04-05,1,0,0.9999608
55000900271031,2022-04-06,1,0,0.9999608
55000900271031,2022-04-07,1,0,0.9999608
55000900271031,2022-04-08,1,0,0.9999608
55000900271031,2022-04-09,1,0,0.9999608
55000900271031,2022-04-10,1,0,0.9999608
55000900271031,2022-04-11,1,0,0.9999608
55000900271031,2022-04-12,1,0,0.9999608
55000900271031,2022-04-13,1,0,0.9999608
55000900271031,2022-04-14,1,0,0.9999608
55000900271031,2022-04-15,1,0,0.9999608
55000900271031,2022-04-16,1,0,0.9999608
55000900271031,2022-04-17,1,0,0.9999608
55000900271031,2022-04-18,1,0,0.9999608
55000900271031,2022-04-19,1,0,0.9999608
55000900271031,2022-04-20,1,0,0.9999608
55000900271031,2022-04-21,1,0,0.9999608
55000900271031,2022-04-22,1,0,0.9999608
55000900271031,2022-04-23,1,0,0.9999608
55000900271031,2022-04-24,1,0,0.9999608
55000900271031,2022-04-25,1,0,0.9999608
55000900271031,2022-04-26,1,0,0.9999608
55000900271031,2022-04-27,1,0,0.9999608
55000900271031,2022-04-28,1,0,0.9999608
55000900271031,2022-04-29,1,0,0.9999608
55000900271031,2022-04-30,1,0,0.9999608
55000900271031,2022-05-01,1,0,0.9999608
55000900271031,2022-05-02,1,0,0.9999608
55000900271031,2022-05-03,1,0,0.9999608
55000900271031,2022-05-04,1,0,0.9999608
55000900271031,2022-05-05,1,0,0.9999608
55000900271031,2022-05-06,1,0,0.9999608
55000900271031,2022-05-07,1,0,0.9999608
55000900271031,2022-05-08,1,0,0.9999608
55000900271031,2022-05-09,1,0,0.9999608
55000900271031,2022-05-10,1,0,0.9999608
55000900271031,2022-05-11,1,0,0.9999608
55000900271031,2022-05-12,1,0,0.9999608
55000900271031,2022-05-13,1,0,0.9999608
55000900271031,2022-05-14,1,0,0.9999608
55000900271031,2022-05-15,1,0,0.9999608
55000900271031,2022-05-16,1,0,0.9999608
55000900271031,2022-05-17,1,0,0.9999608
55000900271031,2022-05-18,1,0,0.9999608
55000900271031,2022-05-19,1,0,0.9999608
55000900271031,2022-05-20,1,0,0.9999608
55000900271031,2022-05-21,1,0,0.9999608
55000900271031,2022-05-22,1,0,0.9999608
55000900271031,2022-05-23,1,0,0.9999608
55000900271031,2022-05-24,1,0,0.9999608
55000900271031,2022-05-25,1,0,0.9999608
55000900271031,2022-05-26,1,0,0.9999608
55000900271031,2022-05-27,1,0,0.9999608
55000900271031,2022-05-28,1,0,0.9999608
55000900271031,2022-05-29,1,0,0.9999608
55000900271031,2022-05-30,1,0,0.9999608
55000900271031,2022-05-31,1,0,0.9999608
55000900271031,2022-06-01,1,0,0.9999608
55000900271031,2022-06-02,1,0,0.9999608
55000900271031,2022-06-03,1,0,0.9999608
55000900271031,2022-06-04,1,0,0.9999608
55000900271031,2022-06-05,1,0,0.9999608
55000900271031,2022-06-06,1,0,0.9999608
55000900271031,2022-06-07,1,0,0.9999608
55000900271031,2022-06-08,1,0,0.9999608
55000900271031,2022-06-09,1,0,0.9999608
55000900271031,2022-06-10,1,0,0.9999608
55000900271031,2022-06-11,1,0,0.9999608
55000900271031,2022-06-12,1,0,0.9999608
55000900271031,2022-06-13,1,0,0.9999608
55000900271031,2022-06-14,1,0,0.9999608
55000900271031,2022-06-15,1,0,0.9999608
55000900271031,2022-06-16,1,0,0.9999608
55000900271031,2022-06-17,1,0,0.9999608
55000900271031,2022-06-18,1,0,0.9999608
55000900271031,2022-06-19,1,0,0.9999608
55000900271031,2022-06-20,1,0,0.9999608
55000900271031,2022-06-21,1,0,0.9999608
55000900271031,2022-06-22,1,0,0.9999608
55000900271031,2022-06-23,1,0,0.9999608
55000900271031,2022-06-24,1,0,0.9999608
55000900271031,2022-06-25,1,0,0.9999608
55000900271031,2022-06-26,1,0,0.9999608
55000900271031,2022-06-27,1,0,0.9999608
55000900271031,2022-06-28,1,0,0.9999608
55000900271031,2022-06-29,1,0,0.9999608
55000900271031,2022-06-30,1,0,0.9999608
55000900271031,2022-07-01,1,0,0.9999608
55000900271031,2022-07-02,1,0,0.9999608
55000900271031,2022-07-03,1,0,0.9999608
55000900271031,2022-07-04,1,0,0.9999608
55000900271031,2022-07-05,1,0,0.9999608
55000900271031,2022-07-06,1,0,0.9999608
55000900271031,2022-07-07,1,0,0.9999608
55000900271031,2022-07-08,1,0,0.9999608
55000900271031,2022-07-09,1,0,0.9999608
55000900271031,2022-07-10,1,0,0.9999608
55000900271031,2022-07-11,1,0,0.9999608
55000900271031,2022-07-12,1,0,0.9999608
55000900271031,2022-07-13,1,0,0.9999608
55000900271031,2022-07-14,1,0,0.9999608
55000900271031,2022-07-15,1,0,0.9999608
55000900271031,2022-07-16,1,0,0.9999608
55000900271031,2022-07-17,1,0,0.9999608
55000900271031,2022-07-18,1,0,0.9999608
55000900271031,2022-07-19,1,0,0.9999608
55000900271031,2022-07-20,1,0,0.9999608
55000900271031,2022-07-21,1,0,0.9999608
55000900271031,2022-07-22,1,0,0.9999608
55000900271031,2022-07-23,1,0,0.9999608
55000900271031,2022-07-24,1,0,0.9999608
55000900271031,2022-07-25,1,0,0.9999608
55000900271031,2022-07-26,1,0,0.9999608
55000900271031,2022-07-27,1,0,0.9999608
55000900271031,2022-07-28,1,0,0.9999608
55000900271031,2022-07-29,1,0,0.9999608
55000900271031,2022-07-30,1,0,0.9999608
55000900271031,2022-07-31,1,0,0.9999608
55000900271031,2022-08-01,1,0,0.9999608
55000900271031,2022-08-02,1,0,0.9999608
55000900271031,2022-08-03,1,0,0.9999608
55000900271031,2022-08-04,1,0,0.9999608
55000900271031,2022-08-05,1,0,0.9999608
55000900271031,2022-08-06,1,0,0.9999608
55000900271031,2022-08-07,1,0,0.9999608
55000900271031,2022-08-08,1,0,0.9999608
55000900271031,2022-08-09,1,0,0.9999608
55000900271031,2022-08-10,1,0,0.9999608
55000900271031,2022-08-11,1,0,0.9999608
55000900271031,2022-08-12,1,0,0.9999608
55000900271031,2022-08-13,1,0,0.9999608
55000900271031,2022-08-14,1,0,0.9999608
55000900271031,2022-08-15,1,0,0.9999608
55000900271031,2022-08-16,1,0,0.9999608
55000900271031,2022-08-17,1,0,0.9999608
55000900271031,2022-08-18,1,0,0.9999608
55000900271031,2022-08-19,1,0,0.9999608
55000900271031,2022-08-20,1,0,0.9999608
55000900271031,2022-08-21,1,0,0.9999608
55000900271031,2022-08-22,1,0,0.9999608
55000900271031,2022-08-23,1,0,0.9999608
55000900271031,2022-08-24,1,0,0.9999608
55000900271031,2022-08-25,1,0,0.9999608
55000900271031,2022-08-26,1,0,0.9999608
55000900271031,2022-08-27,1,0,0.9999608
55000900271031,2022-08-28,1,0,0.9999608
55000900271031,2022-08-29,1,0,0.9999608
55000900271031,2022-08-30,1,0,0.9999608
55000900271031,2022-08-31,1,0,0.9999608
55000900271031,2022-09-01,1,0,0.9999608
55000900271031,2022-09-02,1,0,0.9999608
55000900271031,2022-09-03,1,0,0.9999608
55000900271031,2022-09-04,1,0,0.9999608
55000900271031,2022-09-05,1,0,0.9999608
55000900271031,2022-09-06,1,0,0.9999608
55000900271031,2022-09-07,1,0,0.9999608
55000900271031,2022-09-08,0,0,0.9999608
55000900271031,2022-09-09,1,0,0.9999608
55000900271031,2022-09-10,1,0,0.9999608
55000900271031,2022-09-11,1,0,0.9994054
55000900271031,2022-09-12,1,0,0.9987895
55000900271031,2022-09-13,1,0,0.99967444
55000900271031,2022-09-14,1,0,0.9999324
55000900271031,2022-09-15,0,0,0.99995065
55000900271031,2022-09-16,1,0,0.9999467
55000900271031,2022-09-17,1,0,0.9999473
55000900271031,2022-09-18,1,0,0.9973809
55000900271031,2022-09-19,1,0,0.99331844
55000900271031,2022-09-20,0,0,0.99771047
55000900271031,2022-09-21,1,0,0.99836594
55000900271031,2022-09-22,1,0,0.9989969
55000900271031,2022-09-23,1,0,0.9908675
55000900271031,2022-09-24,0,0,0.99421114
55000900271031,2022-09-25,0,0,0.9964275
55000900271031,2022-09-26,0,0,0.9976948
55000900271031,2022-09-27,0,0,0.98844284
55000900271031,2022-09-28,0,0,0.96889496
55000900271031,2022-09-29,1,0,0.91321355
55000900271031,2022-09-30,1,0,0.88584495
55000900271031,2022-10-01,1,0,0.87626517
55000900271031,2022-10-02,0,0,0.9735747
55000900271031,2022-10-03,0,0,0.99277896
55000900271031,2022-10-04,0,0,0.9946979
55000900271031,2022-10-05,0,0,0.9742621
55000900271031,2022-10-06,0,0,0.92065555
55000900271031,2022-10-07,0,0,0.87396175
55000900271031,2022-10-08,0,0,0.8695737
55000900271031,2022-10-09,0,0,0.8714639
55000900271031,2022-10-10,0,0,0.8595539
55000900271031,2022-10-11,0,0,0.8666785
55000900271031,2022-10-12,0,0,0.8651811
55000900271031,2022-10-13,0,0,0.86196846
55000900271031,2022-10-14,0,0,0.8643507
55000900271031,2022-10-15,0,0,0.86312
55000900271031,2022-10-16,0,0,0.86242175
55000900271031,2022-10-17,0,0,0.8628899
55000900271031,2022-10-18,0,0,0.86119395
55000900271031,2022-10-19,0,0,0.8616142
55000900271031,2022-10-20,0,0,0.8611602
55000900271031,2022-10-21,1,0,0.86098164
55000900271031,2022-10-22,1,0,0.86076486
55000900271031,2022-10-23,1,0,0.8607931
55000900271031,2022-10-24,1,0,0.97264874
55000900271031,2022-10-25,1,0,0.99253947
55000900271031,2022-10-26,1,0,0.9890616
55000900271031,2022-10-27,1,0,0.9892574
55000900271031,2022-10-28,1,0,0.9885994
55000900271031,2022-10-29,1,0,0.991015
55000900271031,2022-10-30,1,0,0.9903538
55000900271031,2022-10-31,1,0,0.9919492
55000900271031,2022-11-01,1,0,0.99203473
55000900271031,2022-11-02,1,0,0.9934115
55000900271031,2022-11-03,1,0,0.99563473
55000900271031,2022-11-04,1,0,0.99593997
55000900271031,2022-11-05,1,0,0.99602675
55000900271031,2022-11-06,1,0,0.996216
55000900271031,2022-11-07,1,0,0.996881
55000900271031,2022-11-08,1,0,0.99769706
55000900271031,2022-11-09,1,0,0.9978828
55000900271031,2022-11-10,1,0,0.9978284
55000900271031,2022-11-11,1,0,0.9976794
55000900271031,2022-11-12,1,0,0.9974777
55000900271031,2022-11-13,1,0,0.9972373
55000900271031,2022-11-14,1,0,0.9969502
55000900271031,2022-11-15,1,0,0.99670583
55000900271031,2022-11-16,1,0,0.9963685
55000900271031,2022-11-17,1,0,0.996014
55000900271031,2022-11-18,1,0,0.9957574
55000900271031,2022-11-19,1,0,0.9955379
55000900271031,2022-11-20,1,0,0.99745196
55000900271031,2022-11-21,1,0,0.9995377
55000900271031,2022-11-22,1,0,0.9999608
55000900271031,2022-11-23,1,0,0.9999608
55000900271031,2022-11-24,1,0,0.9999608
55000900271031,2022-11-25,1,0,0.9999608
55000900271031,2022-11-26,1,0,0.9999608
55000900271031,2022-11-27,1,0,0.9999608
55000900271031,2022-11-28,1,0,0.9999608
55000900271031,2022-11-29,1,0,0.9999608
55000900271031,2022-11-30,1,0,0.9999608
55000900271031,2022-12-01,1,0,0.9999608
55000900271031,2022-12-02,1,0,0.9999608
55000900271031,2022-12-03,1,0,0.9999608
55000900271031,2022-12-04,1,0,0.9999608
55000900271031,2022-12-05,1,0,0.9999608
55000900271031,2022-12-06,1,0,0.9999608
55000900271031,2022-12-07,1,0,0.9999608
55000900271031,2022-12-08,1,0,0.9999608
55000900271031,2022-12-09,1,0,0.9999608
55000900271031,2022-12-10,1,0,0.9999608
55000900271031,2022-12-11,1,0,0.9999608
55000900271031,2022-12-12,1,0,0.9999608
55000900271031,2022-12-13,1,0,0.9999608
55000900271031,2022-12-14,1,0,0.9999608
55000900271031,2022-12-15,1,0,0.9999608
55000900271031,2022-12-16,1,0,0.9999608
55000900271031,2022-12-17,1,0,0.9999608
55000900271031,2022-12-18,1,0,0.9999608
55000900271031,2022-12-19,1,0,0.9999608
55000900271031,2022-12-20,1,0,0.9999608
55000900271031,2022-12-21,1,0,0.9999608
55000900271031,2022-12-22,1,0,0.9999608
55000900271031,2022-12-23,1,0,0.9999608
55000900271031,2022-12-24,1,0,0.9999608
55000900271031,2022-12-25,1,0,0.9999608
55000900271031,2022-12-26,1,0,0.9999608
55000900271031,2022-12-27,1,0,0.9999608
55000900271031,2022-12-28,1,0,0.9999608
55000900271031,2022-12-29,1,0,0.9999608
55000900271031,2022-12-30,1,0,0.9999608
55000900271031,2022-12-31,1,0,0.9999608
55000900271031,2023-01-01,1,0,0.9999608
55000900271031,2023-01-02,1,0,0.9999608
55000900271031,2023-01-03,1,0,0.9999608
55000900271031,2023-01-26,1,0,0.9999608
55000900271031,2023-01-27,1,0,0.9999608
55000900271031,2023-01-28,1,0,0.9999608
55000900271031,2023-01-29,1,0,0.9999608
55000900271031,2023-01-30,1,0,0.9999608
55000900271031,2023-01-31,1,0,0.9999608
55000900271031,2023-02-01,1,0,0.9999608
55000900271031,2023-02-02,1,0,0.9999608
55000900271031,2023-02-03,1,0,0.9999608
55000900271031,2023-02-04,1,0,0.9999608
55000900271031,2023-02-05,1,0,0.9999608
55000900271031,2023-02-06,1,0,0.9999608
55000900271031,2023-02-07,1,0,0.9999608
55000900271031,2023-02-08,1,0,0.9999608
55000900271031,2023-02-09,1,0,0.9999608
55000900271031,2023-02-10,1,0,0.9999608
55000900271031,2023-02-11,1,0,0.9999608
55000900271031,2023-02-12,1,0,0.9999608
55000900271031,2023-02-13,1,0,0.9999608
55000900271031,2023-02-14,1,0,0.9999608
55000900271031,2023-02-15,1,0,0.9999608
55000900271031,2023-02-16,1,0,0.9999608
55000900271031,2023-02-17,1,0,0.9999608
55000900271031,2023-02-18,1,0,0.9999608
55000900271031,2023-02-19,1,0,0.9999608
55000900271031,2023-02-20,1,0,0.9999608
55000900271031,2023-02-21,1,0,0.9999608
55000900271031,2023-02-22,1,0,0.9999608
55000900271031,2023-02-23,1,0,0.9999608
55000900271031,2023-02-24,1,0,0.9999608
55000900271031,2023-02-25,1,0,0.9999608
55000900271031,2023-02-26,1,0,0.9999608
55000900271031,2023-02-27,1,0,0.9999608
55000900271031,2023-02-28,1,0,0.9999608
55000900271031,2023-03-01,1,0,0.9999608
55000900271031,2023-03-02,1,0,0.9999608
55000900271031,2023-03-03,1,0,0.9999608
55000900271031,2023-03-04,1,0,0.9999608
55000900271031,2023-03-05,1,0,0.9999608
55000900271031,2023-03-06,1,0,0.9999608
55000900271031,2023-03-07,1,0,0.9999608
55000900271031,2023-03-08,1,0,0.9999608
55000900271031,2023-03-09,1,0,0.9999608
55000900271031,2023-03-10,1,0,0.9999608
55000900271031,2023-03-11,1,0,0.9999608
55000900271031,2023-03-13,1,0,0.9999608
55000900271031,2023-03-14,1,0,0.9999608
55000900271031,2023-03-15,1,0,0.9999608
55000900271031,2023-03-16,1,0,0.9999608
55000900271031,2023-03-17,1,0,0.9999608
55000900271031,2023-03-18,1,0,0.9999608
55000900271031,2023-03-19,1,0,0.9999608
55000900271031,2023-03-20,1,0,0.9999608
55000900271031,2023-03-21,1,0,0.9999608
55000900271031,2023-03-22,1,0,0.9999608
55000900271031,2023-03-23,1,0,0.9999608
55000900271031,2023-03-24,1,0,0.9999608
55000900271031,2023-03-25,1,0,0.9999608
55000900271031,2023-03-26,1,0,0.9999608
55000900271031,2023-03-27,1,0,0.9999608
55000900271031,2023-03-28,1,0,0.9999608
55000900271031,2023-03-29,1,0,0.9999608
55000900271031,2023-03-30,1,0,0.9999608
55000900271031,2023-03-31,1,0,0.9999608
55000900271031,2023-04-01,1,0,0.9999608
55000900271031,2023-04-02,1,0,0.9999608
55000900271031,2023-04-03,1,0,0.9999608
55000900271031,2023-04-04,1,0,0.9999608
55000900271031,2023-04-05,1,0,0.9999608
55000900271031,2023-04-06,1,0,0.9999608
55000900271031,2023-04-07,1,0,0.9999608
55000900271031,2023-04-08,1,0,0.9999608
55000900271031,2023-04-09,1,0,0.9999608
55000900271031,2023-04-10,1,0,0.9999608
55000900271031,2023-04-11,1,0,0.9999608
55000900271031,2023-04-12,1,0,0.9999608
55000900271031,2023-04-13,1,0,0.9999608
55000900271031,2023-04-14,1,0,0.9999608
55000900271031,2023-04-15,1,0,0.9999608
55000900271031,2023-04-16,1,0,0.9999608
55000900271031,2023-04-17,1,0,0.9999608
55000900271031,2023-04-18,1,0,0.9999608
55000900271031,2023-04-19,1,0,0.9999608
55000900271031,2023-04-20,1,0,0.9999608
55000900271635,2020-09-11,1,1,0.9923239
55000900271635,2020-09-12,1,1,0.9971943
55000900271635,2020-09-13,1,1,0.99708015
55000900271635,2020-09-14,1,1,0.996784
55000900271635,2020-09-15,1,1,0.99178845
55000900271635,2020-09-16,1,1,0.9780939
55000900271635,2020-09-17,1,1,0.9765339
55000900271635,2020-09-18,1,1,0.97258425
55000900271635,2020-09-19,1,1,0.9642987
55000900271635,2020-09-20,1,1,0.9639915
55000900271635,2020-09-21,1,1,0.9792708
55000900271635,2020-09-22,1,1,0.97888684
55000900271635,2020-09-23,1,1,0.9780278
55000900271635,2020-09-24,1,1,0.9727659
55000900271635,2020-09-25,1,1,0.9615586
55000900271635,2020-09-26,1,1,0.993159
55000900271635,2020-09-27,1,1,0.9973814
55000900271635,2020-09-28,1,1,0.99852705
55000900271635,2020-09-29,1,1,0.99773514
55000900271635,2020-09-30,1,1,0.99706477
55000900271635,2020-10-01,1,1,0.9949831
55000900271635,2020-10-02,1,1,0.98881686
55000900271635,2020-10-03,1,1,0.9860977
55000900271635,2020-10-04,1,1,0.98639894
55000900271635,2020-10-05,1,1,0.9862553
55000900271635,2020-10-06,1,1,0.9871185
55000900271635,2020-10-07,1,1,0.9859431
55000900271635,2020-10-08,1,1,0.9903695
55000900271635,2020-10-09,1,1,0.9956109
55000900271635,2020-10-10,1,1,0.9964012
55000900271635,2020-10-11,1,1,0.9948224
55000900271635,2020-10-12,1,1,0.99716586
55000900271635,2020-10-13,1,1,0.99942976
55000900271635,2020-10-14,1,1,0.99991524
55000900271635,2020-10-15,1,1,0.999866
55000900271635,2020-10-16,1,1,0.9998776
55000900271635,2020-10-17,1,1,0.9998292
55000900271635,2020-10-18,1,1,0.9996773
55000900271635,2020-10-19,1,1,0.999645
55000900271635,2020-10-20,1,0,0.99966455
55000900271635,2020-10-21,1,0,0.99961996
55000900272209,2020-09-11,1,1,0.99979585
55000900272209,2020-09-12,1,1,0.99986184
55000900272209,2020-09-13,1,1,0.999703
55000900272209,2020-09-14,1,1,0.9997453
55000900272209,2020-09-15,1,1,0.99971634
55000900272209,2020-09-16,1,1,0.9996691
55000900272209,2020-09-17,1,1,0.9997137
55000900272209,2020-09-18,1,1,0.99970704
55000900272209,2020-09-19,1,1,0.9997451
55000900272209,2020-09-20,1,1,0.99975675
55000900272209,2020-09-21,1,1,0.99994326
55000900272209,2020-09-22,1,1,0.9999548
55000900272209,2020-09-23,1,1,0.99994564
55000900272209,2020-09-24,1,1,0.99994946
55000900272209,2020-09-25,1,1,0.99995315
55000900272209,2020-09-26,1,1,0.99993813
55000900272209,2020-09-27,1,1,0.99994445
55000900272209,2020-09-28,1,1,0.9999466
55000900272209,2020-09-29,1,1,0.99992275
55000900272209,2020-09-30,1,1,0.99993837
55000900272209,2020-10-01,1,1,0.99991965
55000900272209,2020-10-02,1,1,0.99995196
55000900272209,2020-10-03,1,1,0.99988043
55000900272209,2020-10-04,1,1,0.9997465
55000900272209,2020-10-05,1,1,0.9996458
55000900272209,2020-10-06,1,1,0.9996412
55000900272209,2020-10-07,1,1,0.99965835
55000900272209,2020-10-08,1,1,0.99959284
55000900272209,2020-10-09,1,1,0.9995552
55000900272209,2020-10-10,1,1,0.99952984
55000900272209,2020-10-11,1,1,0.9994336
55000900272209,2020-10-12,1,1,0.9994899
55000900272209,2020-10-13,1,1,0.9999461
55000900272209,2020-10-14,1,1,0.9999763
55000900272209,2020-10-15,1,1,0.99998283
55000900272209,2020-10-16,1,1,0.9999896
55000900272209,2020-10-17,1,1,0.99998593
55000900272209,2020-10-18,1,0,0.9999646
55000900272209,2020-10-19,1,0,0.99996936
55000900272714,2020-09-11,1,1,0.999616
55000900272714,2020-09-12,1,1,0.9995184
55000900272714,2020-09-13,1,1,0.9995858
55000900272714,2020-09-14,1,1,0.9996669
55000900272714,2020-09-15,1,1,0.999526
55000900272714,2020-09-16,1,1,0.99952936
55000900272714,2020-09-17,1,1,0.99962544
55000900272714,2020-09-18,1,1,0.99968684
55000900272714,2020-09-19,1,1,0.9996742
55000900272714,2020-09-20,1,1,0.9996917
55000900272714,2020-09-21,1,1,0.999584
55000900272714,2020-09-22,1,1,0.9995739
55000900272714,2020-09-23,1,1,0.9997483
55000900272714,2020-09-24,1,1,0.9996513
55000900272714,2020-09-25,1,1,0.99967587
55000900272714,2020-09-26,1,1,0.9998466
55000900272714,2020-09-27,1,1,0.99990237
55000900272714,2020-09-28,1,1,0.9999844
55000900272714,2020-09-29,1,1,0.9999529
55000900272714,2020-09-30,1,1,0.9999045
55000900272714,2020-10-01,1,1,0.99991274
55000900272714,2020-10-02,1,1,0.9999553
55000900272714,2020-10-03,1,1,0.99995184
55000900272714,2020-10-04,1,1,0.99995065
55000900272714,2020-10-05,1,1,0.9999534
55000900272714,2020-10-06,1,1,0.9999654
55000900272714,2020-10-07,1,1,0.9999652
55000900272714,2020-10-08,1,1,0.9999355
55000900272714,2020-10-09,1,1,0.9999546
55000900272714,2020-10-10,1,1,0.99995697
55000900272714,2020-10-11,1,1,0.99996746
55000900272714,2020-10-12,1,1,0.999969
55000900272714,2020-10-13,1,1,0.9999347
55000900272714,2020-10-14,1,1,0.99997723
55000900272714,2020-10-15,1,1,0.9999709
55000900272714,2020-10-16,1,1,0.99995947
55000900272714,2020-10-17,1,1,0.99995196
55000900272714,2020-10-18,1,1,0.9999517
55000900272714,2020-10-19,1,0,0.9999473
55000900272714,2020-10-20,1,0,0.999938
