site_id,target_date,true_wetdry,label_is_hobo,pred_wetdry_prob
55000900029021,2020-09-29,1,1,0.99049664
55000900029021,2020-09-30,1,1,0.9663233
55000900029021,2020-10-01,1,1,0.9625418
55000900029021,2020-10-02,1,1,0.958166
55000900029021,2020-10-03,1,1,0.932564
55000900029021,2020-10-04,1,1,0.9025225
55000900029021,2020-10-05,1,1,0.9243434
55000900029021,2020-10-06,1,1,0.9627747
55000900029021,2020-10-07,1,1,0.96614623
55000900029021,2020-10-08,1,1,0.95484114
55000900029021,2020-10-09,1,1,0.9596203
55000900029021,2020-10-10,1,1,0.95339644
55000900029021,2020-10-11,1,1,0.9088372
55000900029021,2020-10-12,1,1,0.9209456
55000900029021,2020-10-13,1,1,0.9998474
55000900029021,2020-10-14,1,1,0.99992216
55000900029021,2020-10-15,1,1,0.9999579
55000900029021,2020-10-16,1,1,0.9999708
55000900029021,2020-10-17,1,1,0.9999746
55000900029021,2020-10-18,1,1,0.99998534
55000900029021,2020-10-19,1,1,0.9999858
55000900029021,2020-10-20,1,1,0.99998426
55000900029021,2020-10-21,1,0,0.99998355
55000900029021,2020-10-22,1,0,0.9999702
55000900029021,2020-10-23,1,0,0.9999553
55000900029021,2020-10-24,1,0,0.99994874
55000900029021,2020-10-25,1,0,0.9999783
55000900029021,2020-10-26,1,0,0.99995184
55000900029021,2020-10-27,1,0,0.9999784
55000900029021,2020-10-28,1,0,0.999977
55000900029021,2020-10-29,0,0,0.99997663
55000900029021,2020-10-30,1,0,0.99998033
55000900029021,2020-10-31,1,0,0.999969
55000900029021,2020-11-01,1,0,0.99374443
55000900029021,2020-11-02,0,0,0.9999465
55000900029021,2020-11-03,0,0,0.99982244
55000900029021,2020-11-04,0,0,0.9996357
55000900029021,2020-11-05,1,0,0.9847602
55000900029021,2020-11-06,1,0,0.9640492
55000900029021,2020-11-07,1,0,0.9844519
55000900029021,2020-11-08,1,0,0.99977297
55000900029021,2020-11-09,1,0,0.9998838
55000900029021,2020-11-10,1,0,0.9999008
55000900029021,2020-11-11,1,0,0.999899
55000900029021,2020-11-12,1,0,0.99987125
55000900029021,2020-11-13,1,0,0.99965
55000900029021,2020-11-14,1,0,0.9998995
55000900029021,2020-11-15,1,0,0.9998149
55000900029021,2020-11-16,1,0,0.9998952
55000900029021,2020-11-17,1,0,0.99989474
55000900029021,2020-11-18,1,0,0.9999182
55000900029021,2020-11-19,1,0,0.99993265
55000900029021,2020-11-20,1,0,0.99993515
55000900029021,2020-11-21,1,0,0.9999392
55000900029021,2020-11-22,1,0,0.99993753
55000900029021,2020-11-23,1,0,0.9999467
55000900029021,2020-11-24,1,0,0.9999527
55000900029021,2020-11-25,1,0,0.9999716
55000900029021,2020-11-26,1,0,0.99995744
55000900029021,2020-11-27,1,0,0.99996066
55000900029021,2020-11-28,1,0,0.99994886
55000900029021,2020-11-29,1,0,0.99996245
55000900029021,2020-11-30,1,0,0.9999614
55000900029021,2020-12-01,1,0,0.9999691
55000900029021,2020-12-02,1,0,0.99996316
55000900029021,2020-12-03,1,0,0.9999603
55000900029021,2020-12-04,1,0,0.9999677
55000900029021,2020-12-05,1,0,0.99996126
55000900029021,2020-12-06,1,0,0.99997365
55000900029021,2020-12-07,1,0,0.99997485
55000900029021,2020-12-08,1,0,0.999966
55000900029021,2020-12-09,1,0,0.99996805
55000900029021,2020-12-10,1,0,0.9999747
55000900029021,2020-12-11,1,0,0.99996924
55000900029021,2020-12-12,1,0,0.9999689
55000900029021,2020-12-13,1,0,0.99996793
55000900029021,2020-12-14,1,0,0.99996793
55000900029021,2020-12-15,1,0,0.99997544
55000900029021,2020-12-16,1,0,0.9999691
55000900029021,2020-12-17,1,0,0.9999826
55000900029021,2020-12-18,1,0,0.99996316
55000900029021,2020-12-19,1,0,0.9999745
55000900029021,2020-12-20,1,0,0.9999658
55000900029021,2020-12-21,1,0,0.9999691
55000900029021,2020-12-22,1,0,0.99997056
55000900029021,2020-12-23,1,0,0.9999752
55000900029021,2020-12-24,1,0,0.99996746
55000900029021,2020-12-25,1,0,0.9999602
55000900029021,2020-12-26,1,0,0.99997747
55000900029021,2020-12-27,1,0,0.999964
55000900029021,2020-12-28,1,0,0.99996686
55000900029021,2020-12-29,1,0,0.9999691
55000900029021,2020-12-30,1,0,0.9999732
55000900029021,2020-12-31,1,0,0.99996305
55000900029021,2021-01-01,1,0,0.9999504
55000900029021,2021-01-02,1,0,0.99996173
55000900029021,2021-01-03,1,0,0.99996126
55000900029021,2021-01-04,1,0,0.99997747
55000900029021,2021-01-05,1,0,0.99996233
55000900029021,2021-01-06,1,0,0.99996316
55000900029021,2021-01-07,1,0,0.9999671
55000900029021,2021-01-08,1,0,0.9999658
55000900029021,2021-01-09,1,0,0.99996746
55000900029021,2021-01-10,1,0,0.99996865
55000900029021,2021-01-11,1,0,0.9999689
55000900029021,2021-01-12,1,0,0.99996734
55000900029021,2021-01-13,1,0,0.9999683
55000900029021,2021-01-14,1,0,0.99996924
55000900029021,2021-01-15,1,0,0.9999677
55000900029021,2021-01-16,1,0,0.99996924
55000900029021,2021-01-17,1,0,0.99996793
55000900029021,2021-01-18,1,0,0.9999684
55000900029021,2021-01-19,1,0,0.99996877
55000900029021,2021-01-20,1,0,0.99996865
55000900029021,2021-01-21,1,0,0.9999697
55000900029021,2021-01-22,1,0,0.99996483
55000900029021,2021-01-23,1,0,0.9999641
55000900029021,2021-01-24,1,0,0.9999641
55000900029021,2021-01-25,1,0,0.99995613
55000900029021,2021-01-26,1,0,0.9999634
55000900029021,2021-01-27,1,0,0.9999645
55000900029021,2021-01-28,1,0,0.9999653
55000900029021,2021-01-29,1,0,0.99996376
55000900029021,2021-01-30,1,0,0.9999691
55000900029021,2021-01-31,1,0,0.9999713
55000900029021,2021-02-01,1,0,0.9999708
55000900029021,2021-02-02,1,0,0.9999708
55000900029021,2021-02-03,1,0,0.9999708
55000900029021,2021-02-04,1,0,0.9999708
55000900029021,2021-02-05,1,0,0.9999708
55000900029021,2021-02-06,1,0,0.9999708
55000900029021,2021-02-07,1,0,0.9999708
55000900029021,2021-02-08,1,0,0.9999708
55000900029021,2021-02-09,1,0,0.9999708
55000900029021,2021-02-10,1,0,0.9999708
55000900029021,2021-02-11,1,0,0.9999708
55000900029021,2021-02-12,1,0,0.9999708
55000900029021,2021-02-13,1,0,0.9999708
55000900029021,2021-02-14,1,0,0.9999708
55000900029021,2021-02-15,1,0,0.9999708
55000900029021,2021-02-16,1,0,0.9999708
55000900029021,2021-02-17,1,0,0.9999708
55000900029021,2021-02-18,1,0,0.9999708
55000900029021,2021-02-19,1,0,0.9999708
55000900029021,2021-02-20,1,0,0.9999708
55000900029021,2021-02-21,1,0,0.9999708
55000900029021,2021-02-22,1,0,0.9999708
55000900029021,2021-02-23,1,0,0.9999708
55000900029021,2021-02-24,1,0,0.9999708
55000900029021,2021-02-25,1,0,0.9999708
55000900029021,2021-02-26,1,0,0.9999708
55000900029021,2021-02-27,1,0,0.9999708
55000900029021,2021-02-28,1,0,0.9999708
55000900029021,2021-03-01,1,0,0.9999708
55000900029021,2021-03-02,1,0,0.9999708
55000900029021,2021-03-03,1,0,0.9999708
55000900029021,2021-03-04,1,0,0.9999708
55000900029021,2021-03-05,1,0,0.9999708
55000900029021,2021-03-06,1,0,0.9999708
55000900029021,2021-03-07,1,0,0.9999708
55000900029021,2021-03-08,1,0,0.9999708
55000900029021,2021-03-09,1,0,0.9999708
55000900029021,2021-03-10,1,0,0.9999708
55000900029021,2021-03-11,1,0,0.9999708
55000900029021,2021-03-12,1,0,0.9999708
55000900029021,2021-03-13,1,0,0.9999708
55000900029021,2021-03-15,1,0,0.9999708
55000900029021,2021-03-16,1,0,0.9999708
55000900029021,2021-03-17,1,0,0.9999708
55000900029021,2021-03-18,1,0,0.9999708
55000900029021,2021-03-19,1,0,0.9999708
55000900029021,2021-03-20,1,0,0.9999708
55000900029021,2021-03-21,1,0,0.9999708
55000900029021,2021-03-22,1,0,0.9999708
55000900029021,2021-03-23,1,0,0.9999708
55000900029021,2021-03-24,1,0,0.9999708
55000900029021,2021-03-25,1,0,0.9999708
55000900029021,2021-03-26,1,0,0.9999708
55000900029021,2021-03-27,1,0,0.9999708
55000900029021,2021-03-28,1,0,0.9999708
55000900029021,2021-03-29,1,0,0.9999708
55000900029021,2021-03-30,1,0,0.9999708
55000900029021,2021-03-31,1,0,0.9999708
55000900029021,2021-04-01,1,0,0.9999708
55000900029021,2021-04-02,1,0,0.9999708
55000900029021,2021-04-03,1,0,0.9999708
55000900029021,2021-04-04,1,0,0.9999708
55000900029021,2021-04-05,1,0,0.9999708
55000900029021,2021-04-06,1,0,0.9999708
55000900029021,2021-04-07,1,0,0.9999708
55000900029021,2021-04-08,1,0,0.9999708
55000900029021,2021-04-09,1,0,0.9999708
55000900029021,2021-04-10,1,0,0.9999708
55000900029021,2021-04-11,1,0,0.9999708
55000900029021,2021-04-12,1,0,0.9999708
55000900029021,2021-04-13,1,0,0.9999708
55000900029021,2021-04-14,1,0,0.9999708
55000900029021,2021-04-15,1,0,0.9999708
55000900029021,2021-04-16,1,0,0.9999708
55000900029021,2021-04-17,1,0,0.9999708
55000900029021,2021-04-18,1,0,0.9999708
55000900029021,2021-04-19,1,0,0.9999708
55000900029021,2021-04-20,1,0,0.9999708
55000900029021,2021-04-21,1,0,0.9999708
55000900029021,2021-04-22,1,0,0.9999708
55000900029021,2021-04-23,1,0,0.9999708
55000900029021,2021-04-24,1,0,0.9999708
55000900029021,2021-04-25,1,0,0.9999708
55000900029021,2021-04-26,1,0,0.9999708
55000900029021,2021-04-27,1,0,0.9999708
55000900029021,2021-04-28,1,0,0.9999708
55000900029021,2021-04-29,1,0,0.9999708
55000900029021,2021-04-30,1,0,0.9999708
55000900029021,2021-05-01,1,0,0.9999708
55000900029021,2021-05-02,1,0,0.9999708
55000900029021,2021-05-03,1,0,0.9999708
55000900029021,2021-05-04,1,0,0.9999708
55000900029021,2021-05-05,1,0,0.9999708
55000900029021,2021-05-06,1,0,0.9999708
55000900029021,2021-05-07,1,0,0.9999708
55000900029021,2021-05-08,1,0,0.9999708
55000900029021,2021-05-09,1,0,0.9999708
55000900029021,2021-05-10,1,0,0.9999708
55000900029021,2021-05-11,1,0,0.9999708
55000900029021,2021-05-12,1,0,0.9999708
55000900029021,2021-05-13,1,0,0.9999708
55000900029021,2021-05-14,1,0,0.9999708
55000900029021,2021-05-15,1,0,0.9999708
55000900029021,2021-05-16,1,0,0.9999708
55000900029021,2021-05-17,1,0,0.9999708
55000900029021,2021-05-18,1,0,0.9999708
55000900029021,2021-05-19,1,0,0.9999708
55000900029021,2021-05-20,1,0,0.9999708
55000900029021,2021-05-21,1,0,0.9999708
55000900029021,2021-05-22,1,0,0.9999708
55000900029021,2021-05-23,1,0,0.9999708
55000900029021,2021-05-24,1,0,0.9999708
55000900029021,2021-05-25,1,0,0.9999708
55000900029021,2021-05-26,1,0,0.9999708
55000900029021,2021-05-27,1,0,0.9999708
55000900029021,2021-05-28,1,0,0.9999708
55000900029021,2021-05-29,1,0,0.9999708
55000900029021,2021-05-30,1,0,0.9999708
55000900029021,2021-05-31,1,0,0.9999708
55000900029021,2021-06-01,1,0,0.9999708
55000900029021,2021-06-02,1,0,0.9999708
55000900029021,2021-06-03,1,0,0.9999708
55000900029021,2021-06-04,1,0,0.9999708
55000900029021,2021-06-05,1,0,0.9999708
55000900029021,2021-06-06,1,0,0.9999708
55000900029021,2021-06-07,1,0,0.9999708
55000900029021,2021-06-08,1,0,0.9999708
55000900029021,2021-06-09,1,0,0.9999708
55000900029021,2021-06-10,1,0,0.9999708
55000900029021,2021-06-11,1,0,0.9999708
55000900029021,2021-06-12,1,0,0.9999708
55000900029021,2021-06-13,1,0,0.9999708
55000900029021,2021-06-14,1,0,0.9999708
55000900029021,2021-06-15,1,0,0.9999708
55000900029021,2021-06-16,1,0,0.9999708
55000900029021,2021-06-17,1,0,0.9999708
55000900029021,2021-06-18,1,0,0.9999708
55000900029021,2021-06-19,1,0,0.9999708
55000900029021,2021-06-20,1,0,0.9999708
55000900029021,2021-06-21,1,0,0.9999708
55000900029021,2021-06-22,1,0,0.9999708
55000900029021,2021-06-23,1,0,0.9999708
55000900029021,2021-06-24,1,0,0.9999708
55000900029021,2021-06-25,1,0,0.9999708
55000900029021,2021-06-26,1,0,0.9999708
55000900029021,2021-06-27,1,0,0.9999708
55000900029021,2021-06-28,1,0,0.9999708
55000900029021,2021-06-29,1,0,0.9999708
55000900029021,2021-06-30,1,0,0.9999708
55000900029021,2021-07-01,1,0,0.9999708
55000900029021,2021-07-02,1,0,0.9999708
55000900029021,2021-07-03,1,0,0.9999708
55000900029021,2021-07-04,1,0,0.9999708
55000900029021,2021-07-05,1,0,0.9999708
55000900029021,2021-07-06,1,0,0.9999708
55000900029021,2021-07-07,1,0,0.9999708
55000900029021,2021-07-08,1,0,0.9999708
55000900029021,2021-07-09,1,0,0.9999708
55000900029021,2021-07-10,1,0,0.9999708
55000900029021,2021-07-11,1,0,0.9999708
55000900029021,2021-07-12,1,0,0.9999708
55000900029021,2021-07-13,1,0,0.9999708
55000900029021,2021-07-14,1,0,0.9999708
55000900029021,2021-07-15,1,0,0.9999708
55000900029021,2021-07-16,1,0,0.9999708
55000900029021,2021-07-17,1,0,0.9999708
55000900029021,2021-07-18,1,0,0.9999708
55000900029021,2021-07-19,1,0,0.9999708
55000900029021,2021-07-20,1,0,0.9999708
55000900029021,2021-07-21,1,0,0.9999708
55000900029021,2021-07-22,1,0,0.9999708
55000900029021,2021-07-23,1,0,0.9999708
55000900029021,2021-07-24,1,0,0.9999708
55000900029021,2021-07-25,0,0,0.9999708
55000900029021,2021-07-26,1,0,0.9999708
55000900029021,2021-07-27,1,0,0.9999708
55000900029021,2021-07-28,0,0,0.99996436
55000900029021,2021-07-29,0,0,0.9999697
55000900029021,2021-07-30,0,0,0.9999708
55000900029021,2021-07-31,0,0,0.99995613
55000900029021,2021-08-01,0,0,0.99996996
55000900029021,2021-08-02,0,0,0.9999707
55000900029021,2021-08-03,0,0,0.9999721
55000900029021,2021-08-04,0,0,0.9999714
55000900029021,2021-08-05,0,0,0.9999709
55000900029021,2021-08-06,0,0,0.9999709
55000900029021,2021-08-07,0,0,0.9999708
55000900029021,2021-08-08,0,0,0.9999708
55000900029021,2021-08-09,0,0,0.9999708
55000900029021,2021-08-10,0,0,0.9999707
55000900029021,2021-08-11,0,0,0.9999707
55000900029021,2021-08-12,0,0,0.99997044
55000900029021,2021-08-13,0,0,0.99997044
55000900029021,2021-08-14,0,0,0.9999703
55000900029021,2021-08-15,0,0,0.9999702
55000900029021,2021-08-16,0,0,0.9999702
55000900029021,2021-08-17,0,0,0.99996996
55000900029021,2021-08-18,0,0,0.99996984
55000900029021,2021-08-19,0,0,0.9999696
55000900029021,2021-08-20,0,0,0.9999691
55000900029021,2021-08-21,0,0,0.9999691
55000900029021,2021-08-22,0,0,0.9999685
55000900029021,2021-08-23,0,0,0.9999678
55000900029021,2021-08-24,0,0,0.999966
55000900029021,2021-08-25,0,0,0.99996746
55000900029021,2021-08-26,0,0,0.9999609
55000900029021,2021-08-27,0,0,0.99996424
55000900029021,2021-08-28,0,0,0.9999629
55000900029021,2021-08-29,0,0,0.9999273
55000900029021,2021-08-30,0,0,0.9999273
55000900029021,2021-08-31,0,0,0.9999273
55000900029021,2021-09-01,0,0,0.9999273
55000900029021,2021-09-02,0,0,0.9999273
55000900029021,2021-09-03,0,0,0.9999273
55000900029021,2021-09-04,0,0,0.9999273
55000900029021,2021-09-05,0,0,0.9999273
55000900029021,2021-09-06,0,0,0.9999273
55000900029021,2021-09-07,0,0,0.9999273
55000900029021,2021-09-08,0,0,0.9999273
55000900029021,2021-09-09,0,0,0.9999273
55000900029021,2021-09-10,0,0,0.9999273
55000900029021,2021-09-11,0,0,0.9999273
55000900029021,2021-09-12,0,0,0.9999273
55000900029021,2021-09-13,0,0,0.9999273
55000900029021,2021-09-14,0,0,0.9999273
55000900029021,2021-09-15,0,0,0.9999273
55000900029021,2021-09-16,0,0,0.9999273
55000900029021,2021-09-17,0,0,0.9999273
55000900029021,2021-09-18,1,0,0.9999273
55000900029021,2021-09-19,1,0,0.9999273
55000900029021,2021-09-20,1,0,0.9999273
55000900029021,2021-09-21,0,0,0.9999794
55000900029021,2021-09-22,0,0,0.9999701
55000900029021,2021-09-23,0,0,0.9999676
55000900029021,2021-09-24,0,0,0.99996495
55000900029021,2021-09-25,0,0,0.99996245
55000900029021,2021-09-26,0,0,0.99996316
55000900029021,2021-09-27,1,0,0.999964
55000900029021,2021-09-28,1,0,0.99996376
55000900029021,2021-09-29,1,0,0.9999629
55000900029021,2021-09-30,1,0,0.99996614
55000900029021,2021-10-01,1,0,0.9999695
55000900029021,2021-10-02,0,0,0.99996865
55000900029021,2021-10-03,0,0,0.9999732
55000900029021,2021-10-04,0,0,0.9999689
55000900029021,2021-10-05,0,0,0.99995995
55000900029021,2021-10-06,0,0,0.99996376
55000900029021,2021-10-07,0,0,0.9999658
55000900029021,2021-10-08,0,0,0.9999696
55000900029021,2021-10-09,0,0,0.9999696
55000900029021,2021-10-10,1,0,0.9999695
55000900029021,2021-10-11,1,0,0.99996936
55000900029021,2021-10-12,1,0,0.99996924
55000900029021,2021-10-13,0,0,0.9999653
55000900029021,2021-10-14,1,0,0.9999701
55000900029021,2021-10-15,1,0,0.99996936
55000900029021,2021-10-16,0,0,0.9999665
55000900029021,2021-10-17,1,0,0.99996936
55000900029021,2021-10-18,1,0,0.99997044
55000900029021,2021-10-19,1,0,0.9999534
55000900029021,2021-10-20,1,0,0.999969
55000900029021,2021-10-21,1,0,0.99997115
55000900029021,2021-10-22,1,0,0.9999695
55000900029021,2021-10-23,1,0,0.9999745
55000900029021,2021-10-24,1,0,0.9999702
55000900029021,2021-10-25,1,0,0.9999728
55000900029021,2021-10-26,1,0,0.99997103
55000900029021,2021-10-27,1,0,0.9999709
55000900029021,2021-10-28,1,0,0.9999728
55000900029021,2021-10-29,1,0,0.9999703
55000900029021,2021-10-30,1,0,0.99997246
55000900029021,2021-10-31,1,0,0.9999707
55000900029021,2021-11-01,1,0,0.99997115
55000900029021,2021-11-02,1,0,0.99997187
55000900029021,2021-11-03,1,0,0.9999707
55000900029021,2021-11-04,1,0,0.99997234
55000900029021,2021-11-05,1,0,0.99997103
55000900029021,2021-11-06,1,0,0.9999716
55000900029021,2021-11-07,1,0,0.99997175
55000900029021,2021-11-08,1,0,0.9999708
55000900029021,2021-11-09,1,0,0.9999721
55000900029021,2021-11-10,1,0,0.9999708
55000900029021,2021-11-11,1,0,0.9999716
55000900029021,2021-11-12,1,0,0.99997115
55000900029021,2021-11-13,1,0,0.9999709
55000900029021,2021-11-14,1,0,0.9999716
55000900029021,2021-11-15,1,0,0.9999707
55000900029021,2021-11-16,1,0,0.9999708
55000900029021,2021-11-17,1,0,0.9999715
55000900029021,2021-11-18,1,0,0.9999708
55000900029021,2021-11-19,1,0,0.9999708
55000900029021,2021-11-20,1,0,0.9999708
55000900029021,2021-11-21,1,0,0.9999708
55000900029021,2021-11-22,1,0,0.9999708
55000900029021,2021-11-23,1,0,0.9999708
55000900029021,2021-11-24,1,0,0.9999708
55000900029021,2021-11-25,1,0,0.9999708
55000900029021,2021-11-26,1,0,0.9999708
55000900029021,2021-11-27,1,0,0.9999708
55000900029021,2021-11-28,1,0,0.9999708
55000900029021,2021-11-29,1,0,0.9999708
55000900029021,2021-11-30,1,0,0.9999708
55000900029021,2021-12-01,1,0,0.9999708
55000900029021,2021-12-02,1,0,0.9999708
55000900029021,2021-12-03,1,0,0.9999708
55000900029021,2021-12-04,1,0,0.9999708
55000900029021,2021-12-05,1,0,0.9999708
55000900029021,2021-12-06,1,0,0.9999708
55000900029021,2021-12-07,1,0,0.9999708
55000900029021,2021-12-08,1,0,0.9999708
55000900029021,2021-12-09,1,0,0.9999708
55000900029021,2021-12-10,1,0,0.9999708
55000900029021,2021-12-11,1,0,0.9999708
55000900029021,2021-12-12,1,0,0.9999708
55000900029021,2021-12-13,1,0,0.9999708
55000900029021,2021-12-14,1,0,0.9999708
55000900029021,2021-12-15,1,0,0.9999708
55000900029021,2021-12-16,1,0,0.9999708
55000900029021,2021-12-17,1,0,0.9999708
55000900029021,2021-12-18,1,0,0.9999708
55000900029021,2021-12-19,1,0,0.9999708
55000900029021,2021-12-20,1,0,0.9999708
55000900029021,2021-12-21,1,0,0.9999708
55000900029021,2021-12-22,1,0,0.9999708
55000900029021,2021-12-23,1,0,0.9999708
55000900029021,2021-12-24,1,0,0.9999708
55000900029021,2021-12-25,1,0,0.9999708
55000900029021,2021-12-26,1,0,0.9999708
55000900029021,2021-12-27,1,0,0.9999708
55000900029021,2021-12-28,1,0,0.9999708
55000900029021,2021-12-29,1,0,0.9999708
55000900029021,2021-12-30,1,0,0.9999708
55000900029021,2021-12-31,1,0,0.9999708
55000900029021,2022-01-01,1,0,0.9999708
55000900029021,2022-01-02,1,0,0.9999708
55000900029021,2022-01-03,1,0,0.9999708
55000900029021,2022-01-04,1,0,0.9999708
55000900029021,2022-01-05,1,0,0.9999708
55000900029021,2022-01-06,1,0,0.9999708
55000900029021,2022-01-07,1,0,0.9999708
55000900029021,2022-01-08,1,0,0.9999708
55000900029021,2022-01-09,1,0,0.9999708
55000900029021,2022-01-10,1,0,0.9999708
55000900029021,2022-01-11,1,0,0.9999708
55000900029021,2022-01-12,1,0,0.9999708
55000900029021,2022-01-13,1,0,0.9999708
55000900029021,2022-01-14,1,0,0.9999708
55000900029021,2022-01-15,1,0,0.9999708
55000900029021,2022-01-16,1,0,0.9999708
55000900029021,2022-01-17,1,0,0.9999708
55000900029021,2022-01-18,1,0,0.9999708
55000900029021,2022-01-19,1,0,0.9999708
55000900029021,2022-01-20,1,0,0.9999708
55000900029021,2022-01-21,1,0,0.9999708
55000900029021,2022-01-22,1,0,0.9999708
55000900029021,2022-01-23,1,0,0.9999708
55000900029021,2022-01-24,1,0,0.9999708
55000900029021,2022-01-25,1,0,0.9999708
55000900029021,2022-01-26,1,0,0.9999708
55000900029021,2022-01-27,1,0,0.9999708
55000900029021,2022-01-28,1,0,0.9999708
55000900029021,2022-01-29,1,0,0.9999708
55000900029021,2022-01-30,1,0,0.9999708
55000900029021,2022-01-31,1,0,0.9999708
55000900029021,2022-02-01,1,0,0.9999708
55000900029021,2022-02-02,1,0,0.9999708
55000900029021,2022-02-03,1,0,0.9999708
55000900029021,2022-02-04,1,0,0.9999708
55000900029021,2022-02-05,1,0,0.9999708
55000900029021,2022-02-06,1,0,0.9999708
55000900029021,2022-02-07,1,0,0.9999708
55000900029021,2022-02-08,1,0,0.9999708
55000900029021,2022-02-09,1,0,0.9999708
55000900029021,2022-02-10,1,0,0.9999708
55000900029021,2022-02-11,1,0,0.9999708
55000900029021,2022-02-12,1,0,0.9999708
55000900029021,2022-02-13,1,0,0.9999708
55000900029021,2022-02-14,1,0,0.9999708
55000900029021,2022-02-15,1,0,0.9999708
55000900029021,2022-02-16,1,0,0.9999708
55000900029021,2022-02-17,1,0,0.9999708
55000900029021,2022-02-18,1,0,0.9999708
55000900029021,2022-02-19,1,0,0.9999708
55000900029021,2022-02-20,1,0,0.9999708
55000900029021,2022-02-21,1,0,0.9999708
55000900029021,2022-02-22,1,0,0.9999708
55000900029021,2022-02-23,1,0,0.9999708
55000900029021,2022-02-24,1,0,0.9999708
55000900029021,2022-02-25,1,0,0.9999708
55000900029021,2022-02-26,1,0,0.9999708
55000900029021,2022-02-27,1,0,0.9999708
55000900029021,2022-02-28,1,0,0.9999708
55000900029021,2022-03-01,1,0,0.9999708
55000900029021,2022-03-02,1,0,0.9999708
55000900029021,2022-03-03,1,0,0.9999708
55000900029021,2022-03-04,1,0,0.9999708
55000900029021,2022-03-05,1,0,0.9999708
55000900029021,2022-03-06,1,0,0.9999708
55000900029021,2022-03-07,1,0,0.9999708
55000900029021,2022-03-08,1,0,0.9999708
55000900029021,2022-03-09,1,0,0.9999708
55000900029021,2022-03-10,1,0,0.9999708
55000900029021,2022-03-11,1,0,0.9999708
55000900029021,2022-03-12,1,0,0.9999708
55000900029021,2022-03-14,1,0,0.9999708
55000900029021,2022-03-15,1,0,0.9999708
55000900029021,2022-03-16,1,0,0.9999708
55000900029021,2022-03-17,1,0,0.9999708
55000900029021,2022-03-18,1,0,0.9999708
55000900029021,2022-03-19,1,0,0.9999708
55000900029021,2022-03-20,1,0,0.9999708
55000900029021,2022-03-21,1,0,0.9999708
55000900029021,2022-03-22,1,0,0.9999708
55000900029021,2022-03-23,1,0,0.9999708
55000900029021,2022-03-24,1,0,0.9999708
55000900029021,2022-03-25,1,0,0.9999708
55000900029021,2022-03-26,1,0,0.9999708
55000900029021,2022-03-27,1,0,0.9999708
55000900029021,2022-03-28,1,0,0.9999708
55000900029021,2022-03-29,1,0,0.9999708
55000900029021,2022-03-30,1,0,0.9999708
55000900029021,2022-03-31,1,0,0.9999708
55000900029021,2022-04-01,1,0,0.9999708
55000900029021,2022-04-02,1,0,0.9999708
55000900029021,2022-04-03,1,0,0.9999708
55000900029021,2022-04-04,1,0,0.9999708
55000900029021,2022-04-05,1,0,0.9999708
55000900029021,2022-04-06,1,0,0.9999708
55000900029021,2022-04-07,1,0,0.9999708
55000900029021,2022-04-08,1,0,0.9999708
55000900029021,2022-04-09,1,0,0.9999708
55000900029021,2022-04-10,1,0,0.9999708
55000900029021,2022-04-11,1,0,0.9999708
55000900029021,2022-04-12,1,0,0.9999708
55000900029021,2022-04-13,1,0,0.9999708
55000900029021,2022-04-14,1,0,0.9999708
55000900029021,2022-04-15,1,0,0.9999708
55000900029021,2022-04-16,1,0,0.9999708
55000900029021,2022-04-17,1,0,0.9999708
55000900029021,2022-04-18,1,0,0.9999708
55000900029021,2022-04-19,1,0,0.9999708
55000900029021,2022-04-20,1,0,0.9999708
55000900029021,2022-04-21,1,0,0.9999708
55000900029021,2022-04-22,1,0,0.9999708
55000900029021,2022-04-23,1,0,0.9999708
55000900029021,2022-04-24,1,0,0.9999708
55000900029021,2022-04-25,1,0,0.9999708
55000900029021,2022-04-26,1,0,0.9999708
55000900029021,2022-04-27,1,0,0.9999708
55000900029021,2022-04-28,1,0,0.9999708
55000900029021,2022-04-29,1,0,0.9999708
55000900029021,2022-04-30,1,0,0.9999708
55000900029021,2022-05-01,1,0,0.9999708
55000900029021,2022-05-02,1,0,0.9999708
55000900029021,2022-05-03,1,0,0.9999708
55000900029021,2022-05-04,1,0,0.9999708
55000900029021,2022-05-05,1,0,0.9999708
55000900029021,2022-05-06,1,0,0.9999708
55000900029021,2022-05-07,1,0,0.9999708
55000900029021,2022-05-08,1,0,0.9999708
55000900029021,2022-05-09,1,0,0.9999708
55000900029021,2022-05-10,1,0,0.9999708
55000900029021,2022-05-11,1,0,0.9999708
55000900029021,2022-05-12,1,0,0.9999708
55000900029021,2022-05-13,1,0,0.9999708
55000900029021,2022-05-14,1,0,0.9999708
55000900029021,2022-05-15,1,0,0.9999708
55000900029021,2022-05-16,1,0,0.9999708
55000900029021,2022-05-17,1,0,0.9999708
55000900029021,2022-05-18,1,0,0.9999708
55000900029021,2022-05-19,1,0,0.9999708
55000900029021,2022-05-20,1,0,0.9999708
55000900029021,2022-05-21,1,0,0.9999708
55000900029021,2022-05-22,1,0,0.9999708
55000900029021,2022-05-23,1,0,0.9999708
55000900029021,2022-05-24,1,0,0.9999708
55000900029021,2022-05-25,1,0,0.9999708
55000900029021,2022-05-26,1,0,0.9999708
55000900029021,2022-05-27,1,0,0.9999708
55000900029021,2022-05-28,1,0,0.9999708
55000900029021,2022-05-29,1,0,0.9999708
55000900029021,2022-05-30,1,0,0.9999708
55000900029021,2022-05-31,1,0,0.9999708
55000900029021,2022-06-01,1,0,0.9999708
55000900029021,2022-06-02,1,0,0.9999708
55000900029021,2022-06-03,1,0,0.9999708
55000900029021,2022-06-04,1,0,0.9999708
55000900029021,2022-06-05,1,0,0.9999708
55000900029021,2022-06-06,1,0,0.9999708
55000900029021,2022-06-07,1,0,0.9999708
55000900029021,2022-06-08,1,0,0.9999708
55000900029021,2022-06-09,1,0,0.9999708
55000900029021,2022-06-10,1,0,0.9999708
55000900029021,2022-06-11,1,0,0.9999708
55000900029021,2022-06-12,1,0,0.9999708
55000900029021,2022-06-13,1,0,0.9999708
55000900029021,2022-06-14,1,0,0.9999708
55000900029021,2022-06-15,1,0,0.9999708
55000900029021,2022-06-16,1,0,0.9999708
55000900029021,2022-06-17,1,0,0.9999708
55000900029021,2022-06-18,1,0,0.9999708
55000900029021,2022-06-19,1,0,0.9999708
55000900029021,2022-06-20,1,0,0.9999708
55000900029021,2022-06-21,1,0,0.9999708
55000900029021,2022-06-22,1,0,0.9999708
55000900029021,2022-06-23,1,0,0.9999708
55000900029021,2022-06-24,1,0,0.9999708
55000900029021,2022-06-25,1,0,0.9999708
55000900029021,2022-06-26,1,0,0.9999708
55000900029021,2022-06-27,1,0,0.9999708
55000900029021,2022-06-28,1,0,0.9999708
55000900029021,2022-06-29,1,0,0.9999708
55000900029021,2022-06-30,1,0,0.9999708
55000900029021,2022-07-01,1,0,0.9999708
55000900029021,2022-07-02,1,0,0.9999708
55000900029021,2022-07-03,1,0,0.9999708
55000900029021,2022-07-04,1,0,0.9999708
55000900029021,2022-07-05,1,0,0.9999708
55000900029021,2022-07-06,1,0,0.9999708
55000900029021,2022-07-07,1,0,0.9999708
55000900029021,2022-07-08,1,0,0.9999708
55000900029021,2022-07-09,1,0,0.9999708
55000900029021,2022-07-10,1,0,0.9999708
55000900029021,2022-07-11,1,0,0.9999708
55000900029021,2022-07-12,1,0,0.9999708
55000900029021,2022-07-13,1,0,0.9999708
55000900029021,2022-07-14,1,0,0.9999708
55000900029021,2022-07-15,1,0,0.9999708
55000900029021,2022-07-16,1,0,0.9999708
55000900029021,2022-07-17,1,0,0.9999708
55000900029021,2022-07-18,1,0,0.9999708
55000900029021,2022-07-19,1,0,0.9999708
55000900029021,2022-07-20,1,0,0.9999708
55000900029021,2022-07-21,1,0,0.9999708
55000900029021,2022-07-22,1,0,0.9999708
55000900029021,2022-07-23,1,0,0.9999708
55000900029021,2022-07-24,1,0,0.9999708
55000900029021,2022-07-25,1,0,0.9999708
55000900029021,2022-07-26,1,0,0.9999708
55000900029021,2022-07-27,1,0,0.9999708
55000900029021,2022-07-28,1,0,0.9999708
55000900029021,2022-07-29,1,0,0.9999708
55000900029021,2022-07-30,1,0,0.9999708
55000900029021,2022-07-31,1,0,0.9999708
55000900029021,2022-08-01,1,0,0.9999708
55000900029021,2022-08-02,1,0,0.9999708
55000900029021,2022-08-03,1,0,0.9999708
55000900029021,2022-08-04,1,0,0.9999708
55000900029021,2022-08-05,1,0,0.9999708
55000900029021,2022-08-06,1,0,0.9999708
55000900029021,2022-08-07,1,0,0.9999708
55000900029021,2022-08-08,1,0,0.9999708
55000900029021,2022-08-09,1,0,0.9999708
55000900029021,2022-08-10,1,0,0.9999708
55000900029021,2022-08-11,1,0,0.9999708
55000900029021,2022-08-12,1,0,0.9999708
55000900029021,2022-08-13,1,0,0.9999708
55000900029021,2022-08-14,1,0,0.9999708
55000900029021,2022-08-15,1,0,0.9999708
55000900029021,2022-08-16,1,0,0.9999708
55000900029021,2022-08-17,1,0,0.9999708
55000900029021,2022-08-18,1,0,0.9999708
55000900029021,2022-08-19,1,0,0.9999708
55000900029021,2022-08-20,1,0,0.9999708
55000900029021,2022-08-21,1,0,0.9999708
55000900029021,2022-08-22,1,0,0.9999708
55000900029021,2022-08-23,1,0,0.9999708
55000900029021,2022-08-24,1,0,0.9999708
55000900029021,2022-08-25,1,0,0.9999708
55000900029021,2022-08-26,1,0,0.9999708
55000900029021,2022-08-27,1,0,0.9999708
55000900029021,2022-08-28,1,0,0.9999708
55000900029021,2022-08-29,1,0,0.9999708
55000900029021,2022-08-30,1,0,0.9999708
55000900029021,2022-08-31,1,0,0.9999708
55000900029021,2022-09-01,1,0,0.9999708
55000900029021,2022-09-02,1,0,0.9999708
55000900029021,2022-09-03,1,0,0.9999708
55000900029021,2022-09-04,1,0,0.9999708
55000900029021,2022-09-05,1,0,0.9999708
55000900029021,2022-09-06,1,0,0.9999708
55000900029021,2022-09-07,1,0,0.9999708
55000900029021,2022-09-08,1,0,0.9999708
55000900029021,2022-09-09,1,0,0.9999708
55000900029021,2022-09-10,1,0,0.9999708
55000900029021,2022-09-11,1,0,0.9999708
55000900029021,2022-09-12,1,0,0.9999708
55000900029021,2022-09-13,1,0,0.9999708
55000900029021,2022-09-14,1,0,0.9999708
55000900029021,2022-09-15,1,0,0.9999708
55000900029021,2022-09-16,1,0,0.9999708
55000900029021,2022-09-17,1,0,0.9999708
55000900029021,2022-09-18,1,0,0.9999708
55000900029021,2022-09-19,1,0,0.9999708
55000900029021,2022-09-20,1,0,0.9999708
55000900029021,2022-09-21,1,0,0.9999708
55000900029021,2022-09-22,1,0,0.9999708
55000900029021,2022-09-23,1,0,0.9999708
55000900029021,2022-09-24,1,0,0.9999708
55000900029021,2022-09-25,1,0,0.9999708
55000900029021,2022-09-26,1,0,0.9999708
55000900029021,2022-09-27,1,0,0.9999708
55000900029021,2022-09-28,1,0,0.9999708
55000900029021,2022-09-29,1,0,0.9999708
55000900029021,2022-09-30,1,0,0.9999708
55000900029021,2022-10-01,1,0,0.9999708
55000900029021,2022-10-02,0,0,0.9999708
55000900029021,2022-10-03,0,0,0.9999708
55000900029021,2022-10-04,0,0,0.9999708
55000900029021,2022-10-05,0,0,0.99996436
55000900029021,2022-10-06,0,0,0.9999714
55000900029021,2022-10-07,1,0,0.99996924
55000900029021,2022-10-08,1,0,0.9999715
55000900029021,2022-10-09,0,0,0.99997103
55000900029021,2022-10-10,0,0,0.9999647
55000900029021,2022-10-11,0,0,0.9999703
55000900029021,2022-10-12,0,0,0.99995625
55000900029021,2022-10-13,0,0,0.99997044
55000900029021,2022-10-14,0,0,0.9999708
55000900029021,2022-10-15,0,0,0.99997187
55000900029021,2022-10-16,0,0,0.99997103
55000900029021,2022-10-17,0,0,0.99997056
55000900029021,2022-10-18,0,0,0.99997044
55000900029021,2022-10-19,0,0,0.9999703
55000900029021,2022-10-20,0,0,0.9999703
55000900029021,2022-10-21,1,0,0.9999702
55000900029021,2022-10-22,1,0,0.9999701
55000900029021,2022-10-23,1,0,0.99996996
55000900029021,2022-10-24,1,0,0.99996483
55000900029021,2022-10-25,1,0,0.9999701
55000900029021,2022-10-26,1,0,0.9999696
55000900029021,2022-10-27,1,0,0.99997365
55000900029021,2022-10-28,1,0,0.9999696
55000900029021,2022-10-29,1,0,0.9999721
55000900029021,2022-10-30,1,0,0.9999708
55000900029021,2022-10-31,1,0,0.9999702
55000900029021,2022-11-01,1,0,0.9999722
55000900029021,2022-11-02,1,0,0.99996936
55000900029021,2022-11-03,1,0,0.99997175
55000900029021,2022-11-04,1,0,0.9999702
55000900029021,2022-11-05,1,0,0.9999703
55000900029021,2022-11-06,1,0,0.9999716
55000900029021,2022-11-07,1,0,0.99996996
55000900029021,2022-11-08,1,0,0.99997175
55000900029021,2022-11-09,1,0,0.9999702
55000900029021,2022-11-10,1,0,0.9999721
55000900029021,2022-11-11,1,0,0.99997187
55000900029021,2022-11-12,1,0,0.9999708
55000900029021,2022-11-13,1,0,0.9999707
55000900029021,2022-11-14,1,0,0.9999715
55000900029021,2022-11-15,1,0,0.99997175
55000900029021,2022-11-16,1,0,0.99997175
55000900029021,2022-11-17,1,0,0.9999716
55000900029021,2022-11-18,1,0,0.9999709
55000900029021,2022-11-19,1,0,0.99997115
55000900029021,2022-11-20,1,0,0.99997187
55000900029021,2022-11-21,1,0,0.9999715
55000900029021,2022-11-22,1,0,0.9999708
55000900029021,2022-11-23,1,0,0.9999708
55000900029021,2022-11-24,1,0,0.9999708
55000900029021,2022-11-25,1,0,0.9999708
55000900029021,2022-11-26,1,0,0.9999708
55000900029021,2022-11-27,1,0,0.9999708
55000900029021,2022-11-28,1,0,0.9999708
55000900029021,2022-11-29,1,0,0.9999708
55000900029021,2022-11-30,1,0,0.9999708
55000900029021,2022-12-01,1,0,0.9999708
55000900029021,2022-12-02,1,0,0.9999708
55000900029021,2022-12-03,1,0,0.9999708
55000900029021,2022-12-04,1,0,0.9999708
55000900029021,2022-12-05,1,0,0.9999708
55000900029021,2022-12-06,1,0,0.9999708
55000900029021,2022-12-07,1,0,0.9999708
55000900029021,2022-12-08,1,0,0.9999708
55000900029021,2022-12-09,1,0,0.9999708
55000900029021,2022-12-10,1,0,0.9999708
55000900029021,2022-12-11,1,0,0.9999708
55000900029021,2022-12-12,1,0,0.9999708
55000900029021,2022-12-13,1,0,0.9999708
55000900029021,2022-12-14,1,0,0.9999708
55000900029021,2022-12-15,1,0,0.9999708
55000900029021,2022-12-16,1,0,0.9999708
55000900029021,2022-12-17,1,0,0.9999708
55000900029021,2022-12-18,1,0,0.9999708
55000900029021,2022-12-19,1,0,0.9999708
55000900029021,2022-12-20,1,0,0.9999708
55000900029021,2022-12-21,1,0,0.9999708
55000900029021,2022-12-22,1,0,0.9999708
55000900029021,2022-12-23,1,0,0.9999708
55000900029021,2022-12-24,1,0,0.9999708
55000900029021,2022-12-25,1,0,0.9999708
55000900029021,2022-12-26,1,0,0.9999708
55000900029021,2022-12-27,1,0,0.9999708
55000900029021,2022-12-28,1,0,0.9999708
55000900029021,2022-12-29,1,0,0.9999708
55000900029021,2022-12-30,1,0,0.9999708
55000900029021,2022-12-31,1,0,0.9999708
55000900029021,2023-01-01,1,0,0.9999708
55000900029021,2023-01-02,1,0,0.9999708
55000900029021,2023-01-03,1,0,0.9999708
55000900029021,2023-01-04,1,0,0.9999708
55000900029021,2023-01-05,1,0,0.9999708
55000900029021,2023-01-06,1,0,0.9999708
55000900029021,2023-01-07,1,0,0.9999708
55000900029021,2023-01-08,1,0,0.9999708
55000900029021,2023-01-09,1,0,0.9999708
55000900029021,2023-01-10,1,0,0.9999708
55000900029021,2023-01-11,1,0,0.9999708
55000900029021,2023-01-12,1,0,0.9999708
55000900029021,2023-01-13,1,0,0.9999708
55000900029021,2023-01-14,1,0,0.9999708
55000900029021,2023-01-15,1,0,0.9999708
55000900029021,2023-01-16,1,0,0.9999708
55000900029021,2023-01-17,1,0,0.9999708
55000900029021,2023-01-18,1,0,0.9999708
55000900029021,2023-01-19,1,0,0.9999708
55000900029021,2023-01-20,1,0,0.9999708
55000900029021,2023-01-21,1,0,0.9999708
55000900029021,2023-01-22,1,0,0.9999708
55000900029021,2023-01-23,1,0,0.9999708
55000900029021,2023-01-24,1,0,0.9999708
55000900029021,2023-01-25,1,0,0.9999708
55000900029021,2023-01-26,1,0,0.9999708
55000900029021,2023-01-27,1,0,0.9999708
55000900029021,2023-01-28,1,0,0.9999708
55000900029021,2023-01-29,1,0,0.9999708
55000900029021,2023-01-30,1,0,0.9999708
55000900029021,2023-01-31,1,0,0.9999708
55000900029021,2023-02-01,1,0,0.9999708
55000900029021,2023-02-02,1,0,0.9999708
55000900029021,2023-02-03,1,0,0.9999708
55000900029021,2023-02-04,1,0,0.9999708
55000900029021,2023-02-05,1,0,0.9999708
55000900029021,2023-02-06,1,0,0.9999708
55000900029021,2023-02-07,1,0,0.9999708
55000900029021,2023-02-08,1,0,0.9999708
55000900029021,2023-02-09,1,0,0.9999708
55000900029021,2023-02-10,1,0,0.9999708
55000900029021,2023-02-11,1,0,0.9999708
55000900029021,2023-02-12,1,0,0.9999708
55000900029021,2023-02-13,1,0,0.9999708
55000900029021,2023-02-14,1,0,0.9999708
55000900029021,2023-02-15,1,0,0.9999708
55000900029021,2023-02-16,1,0,0.9999708
55000900029021,2023-02-17,1,0,0.9999708
55000900029021,2023-02-18,1,0,0.9999708
55000900029021,2023-02-19,1,0,0.9999708
55000900029021,2023-02-20,1,0,0.9999708
55000900029021,2023-02-21,1,0,0.9999708
55000900029021,2023-02-22,1,0,0.9999708
55000900029021,2023-02-23,1,0,0.9999708
55000900029021,2023-02-24,1,0,0.9999708
55000900029021,2023-02-25,1,0,0.9999708
55000900029021,2023-02-26,1,0,0.9999708
55000900029021,2023-02-27,1,0,0.9999708
55000900029021,2023-02-28,1,0,0.9999708
55000900029021,2023-03-01,1,0,0.9999708
55000900029021,2023-03-02,1,0,0.9999708
55000900029021,2023-03-03,1,0,0.9999708
55000900029021,2023-03-04,1,0,0.9999708
55000900029021,2023-03-05,1,0,0.9999708
55000900029021,2023-03-06,1,0,0.9999708
55000900029021,2023-03-07,1,0,0.9999708
55000900029021,2023-03-08,1,0,0.9999708
55000900029021,2023-03-09,1,0,0.9999708
55000900029021,2023-03-10,1,0,0.9999708
55000900029021,2023-03-11,1,0,0.9999708
55000900029021,2023-03-13,1,0,0.9999708
55000900029021,2023-03-14,1,0,0.9999708
55000900029021,2023-03-15,1,0,0.9999708
55000900029021,2023-03-16,1,0,0.9999708
55000900029021,2023-03-17,1,0,0.9999708
55000900029021,2023-03-18,1,0,0.9999708
55000900029021,2023-03-19,1,0,0.9999708
55000900029021,2023-03-20,1,0,0.9999708
55000900029021,2023-03-21,1,0,0.9999708
55000900029021,2023-03-22,1,0,0.9999708
55000900029021,2023-03-23,1,0,0.9999708
55000900029021,2023-03-24,1,0,0.9999708
55000900029021,2023-03-25,1,0,0.9999708
55000900029021,2023-03-26,1,0,0.9999708
55000900029021,2023-03-27,1,0,0.9999708
55000900029021,2023-03-28,1,0,0.9999708
55000900029021,2023-03-29,1,0,0.9999708
55000900029021,2023-03-30,1,0,0.9999708
55000900029021,2023-03-31,1,0,0.9999708
55000900029021,2023-04-01,1,0,0.9999708
55000900029021,2023-04-02,1,0,0.9999708
55000900029021,2023-04-03,1,0,0.9999708
55000900029021,2023-04-04,1,0,0.9999708
55000900029021,2023-04-05,1,0,0.9999708
55000900029021,2023-04-06,1,0,0.9999708
55000900029021,2023-04-07,1,0,0.9999708
55000900029021,2023-04-08,1,0,0.9999708
55000900029021,2023-04-09,1,0,0.9999708
55000900029021,2023-04-10,1,0,0.9999708
55000900029021,2023-04-11,1,0,0.9999708
55000900029021,2023-04-12,1,0,0.9999708
55000900029021,2023-04-13,1,0,0.9999708
55000900029021,2023-04-14,1,0,0.9999708
55000900029021,2023-04-15,1,0,0.9999708
55000900029021,2023-04-16,1,0,0.9999708
55000900029021,2023-04-17,1,0,0.9999708
55000900029021,2023-04-18,1,0,0.9999708
55000900029021,2023-04-19,1,0,0.9999708
55000900029021,2023-04-20,1,0,0.9999708
55000900029608,2020-09-29,1,0,0.9999889
55000900029608,2020-09-30,1,0,0.9999881
55000900029608,2020-10-01,1,0,0.99999297
55000900029608,2020-10-02,1,0,0.9999845
55000900029608,2020-10-03,1,0,0.9999789
55000900029608,2020-10-04,1,0,0.9999801
55000900029608,2020-10-05,1,0,0.99998283
55000900029608,2020-10-06,1,0,0.99998415
55000900029608,2020-10-07,1,0,0.9999831
55000900029608,2020-10-08,1,0,0.99998367
55000900029608,2020-10-09,1,0,0.99998045
55000900029608,2020-10-10,1,0,0.99998343
55000900029608,2020-10-11,1,0,0.999982
55000900029608,2020-10-12,1,0,0.99998426
55000900029608,2020-10-13,1,0,0.9999908
55000900029608,2020-10-14,1,0,0.99999225
55000900029608,2020-10-15,1,0,0.99999213
55000900029608,2020-10-16,1,0,0.9999958
55000900029608,2020-10-17,1,0,0.9999913
55000900029608,2020-10-18,1,0,0.99998665
55000900029608,2020-10-19,1,0,0.9999877
55000900029608,2020-10-20,1,0,0.9999925
55000900029608,2020-10-21,1,0,0.99999285
55000900029608,2020-10-22,1,0,0.9999926
55000900029608,2020-10-23,1,0,0.9999913
55000900029608,2020-10-24,1,0,0.9999958
55000900029608,2020-10-25,1,0,0.9999945
55000900029608,2020-10-26,1,0,0.999995
55000900029608,2020-10-27,1,0,0.99999464
55000900029608,2020-10-28,1,0,0.9999943
55000900029608,2020-10-29,1,0,0.99999297
55000900029608,2020-10-30,1,0,0.9999933
55000900029608,2020-10-31,1,0,0.999992
55000900029608,2020-11-01,1,0,0.99998736
55000900029608,2020-11-02,1,0,0.99999154
55000900029608,2020-11-03,1,0,0.9999918
55000900029608,2020-11-04,1,0,0.99999225
55000900029608,2020-11-05,1,0,0.99998987
55000900029608,2020-11-06,1,0,0.9999881
55000900029608,2020-11-07,1,0,0.9999919
55000900029608,2020-11-08,1,0,0.9999962
55000900029608,2020-11-09,1,0,0.9999964
55000900029608,2020-11-10,1,0,0.99999607
55000900029608,2020-11-11,1,0,0.9999949
55000900029608,2020-11-12,1,0,0.9999945
55000900029608,2020-11-13,1,0,0.99999404
55000900029608,2020-11-14,1,0,0.99999475
55000900029608,2020-11-15,1,0,0.9999944
55000900029608,2020-11-16,1,0,0.99999356
55000900029608,2020-11-17,1,0,0.9999932
55000900029608,2020-11-18,1,0,0.9999926
55000900029608,2020-11-19,1,0,0.99999523
55000900029608,2020-11-20,1,0,0.99999356
55000900029608,2020-11-21,1,0,0.99999404
55000900029608,2020-11-22,1,0,0.9999933
55000900029608,2020-11-23,1,0,0.99999464
55000900029608,2020-11-24,1,0,0.99999416
55000900029608,2020-11-25,1,0,0.99999416
55000900029608,2020-11-26,1,0,0.99999475
55000900029608,2020-11-27,1,0,0.99999464
55000900029608,2020-11-28,1,0,0.9999937
55000900029608,2020-11-29,1,0,0.9999951
55000900029608,2020-11-30,1,0,0.99999464
55000900029608,2020-12-01,1,0,0.9999912
55000900029608,2020-12-02,1,0,0.9999931
55000900029608,2020-12-03,1,0,0.999995
55000900029608,2020-12-04,1,0,0.9999943
55000900029608,2020-12-05,1,0,0.9999906
55000900029608,2020-12-06,1,0,0.99998987
55000900029608,2020-12-07,1,0,0.9999869
55000900029608,2020-12-08,1,0,0.99999154
55000900029608,2020-12-09,1,0,0.9999893
55000900029608,2020-12-10,1,0,0.9999913
55000900029608,2020-12-11,1,0,0.99999404
55000900029608,2020-12-12,1,0,0.99998903
55000900029608,2020-12-13,1,0,0.99998975
55000900029608,2020-12-14,1,0,0.99999404
55000900029608,2020-12-15,1,0,0.9999949
55000900029608,2020-12-16,1,0,0.9999945
55000900029608,2020-12-17,1,0,0.99999
55000900029608,2020-12-18,1,0,0.999985
55000900029608,2020-12-19,1,0,0.9999871
55000900029608,2020-12-20,1,0,0.9999863
55000900029608,2020-12-21,1,0,0.9999887
55000900029608,2020-12-22,1,0,0.99998033
55000900029608,2020-12-23,1,0,0.99998224
55000900029608,2020-12-24,1,0,0.99999
55000900029608,2020-12-25,1,0,0.9999918
55000900029608,2020-12-26,1,0,0.9999895
55000900029608,2020-12-27,1,0,0.99998903
55000900029608,2020-12-28,1,0,0.9999924
55000900029608,2020-12-29,1,0,0.9999957
55000900029608,2020-12-30,1,0,0.99999547
55000900029608,2020-12-31,1,0,0.99999225
55000900029608,2021-01-01,1,0,0.99998474
55000900029608,2021-01-02,1,0,0.99998987
55000900029608,2021-01-03,1,0,0.99999166
55000900029608,2021-01-04,1,0,0.99999535
55000900029608,2021-01-05,1,0,0.99999547
55000900029608,2021-01-06,1,0,0.9999956
55000900029608,2021-01-07,1,0,0.99998736
55000900029608,2021-01-08,1,0,0.9999919
55000900029608,2021-01-09,1,0,0.9999912
55000900029608,2021-01-10,1,0,0.9999825
55000900029608,2021-01-11,1,0,0.9999863
55000900029608,2021-01-12,1,0,0.9999801
55000900029608,2021-01-13,1,0,0.999984
55000900029608,2021-01-14,1,0,0.9999846
55000900029608,2021-01-15,1,0,0.99998856
55000900029608,2021-01-16,1,0,0.9999757
55000900029608,2021-01-17,1,0,0.99998
55000900029608,2021-01-18,1,0,0.9999896
55000900029608,2021-01-19,1,0,0.99998224
55000900029608,2021-01-20,1,0,0.99997616
55000900029608,2021-01-21,1,0,0.999982
55000900029608,2021-01-22,1,0,0.9999769
55000900029608,2021-01-23,1,0,0.9999876
55000900029608,2021-01-24,1,0,0.99998236
55000900029608,2021-01-25,1,0,0.9999802
55000900029608,2021-01-26,1,0,0.9999839
55000900029608,2021-01-27,1,0,0.9999802
55000900029608,2021-01-28,1,0,0.999979
55000900029608,2021-01-29,1,0,0.99998426
55000900029608,2021-01-30,1,0,0.9999739
55000900029608,2021-01-31,1,0,0.9999757
55000900029608,2021-02-01,1,0,0.9999763
55000900029608,2021-02-02,1,0,0.9999763
55000900029608,2021-02-03,1,0,0.9999763
55000900029608,2021-02-04,1,0,0.9999763
55000900029608,2021-02-05,1,0,0.9999763
55000900029608,2021-02-06,1,0,0.9999763
55000900029608,2021-02-07,1,0,0.9999763
55000900029608,2021-02-08,1,0,0.9999763
55000900029608,2021-02-09,1,0,0.9999763
55000900029608,2021-02-10,1,0,0.9999763
55000900029608,2021-02-11,1,0,0.9999763
55000900029608,2021-02-12,1,0,0.9999763
55000900029608,2021-02-13,1,0,0.9999763
55000900029608,2021-02-14,1,0,0.9999763
55000900029608,2021-02-15,1,0,0.9999763
55000900029608,2021-02-16,1,0,0.9999763
55000900029608,2021-02-17,1,0,0.9999763
55000900029608,2021-02-18,1,0,0.9999763
55000900029608,2021-02-19,1,0,0.9999763
55000900029608,2021-02-20,1,0,0.9999763
55000900029608,2021-02-21,1,0,0.9999763
55000900029608,2021-02-22,1,0,0.9999763
55000900029608,2021-02-23,1,0,0.9999763
55000900029608,2021-02-24,1,0,0.9999763
55000900029608,2021-02-25,1,0,0.9999763
55000900029608,2021-02-26,1,0,0.9999763
55000900029608,2021-02-27,1,0,0.9999763
55000900029608,2021-02-28,1,0,0.9999763
55000900029608,2021-03-01,1,0,0.9999763
55000900029608,2021-03-02,1,0,0.9999763
55000900029608,2021-03-03,1,0,0.9999763
55000900029608,2021-03-04,1,0,0.9999763
55000900029608,2021-03-05,1,0,0.9999763
55000900029608,2021-03-06,1,0,0.9999763
55000900029608,2021-03-07,1,0,0.9999763
55000900029608,2021-03-08,1,0,0.9999763
55000900029608,2021-03-09,1,0,0.9999763
55000900029608,2021-03-10,1,0,0.9999763
55000900029608,2021-03-11,1,0,0.9999763
55000900029608,2021-03-12,1,0,0.9999763
55000900029608,2021-03-13,1,0,0.9999763
55000900029608,2021-03-15,1,0,0.9999763
55000900029608,2021-03-16,1,0,0.9999763
55000900029608,2021-03-17,1,0,0.9999763
55000900029608,2021-03-18,1,0,0.9999763
55000900029608,2021-03-19,1,0,0.9999763
55000900029608,2021-03-20,1,0,0.9999763
55000900029608,2021-03-21,1,0,0.9999763
55000900029608,2021-03-22,1,0,0.9999763
55000900029608,2021-03-23,1,0,0.9999763
55000900029608,2021-03-24,1,0,0.9999763
55000900029608,2021-03-25,1,0,0.9999763
55000900029608,2021-03-26,1,0,0.9999763
55000900029608,2021-03-27,1,0,0.9999763
55000900029608,2021-03-28,1,0,0.9999763
55000900029608,2021-03-29,1,0,0.9999763
55000900029608,2021-03-30,1,0,0.9999763
55000900029608,2021-03-31,1,0,0.9999763
55000900029608,2021-04-01,1,0,0.9999763
55000900029608,2021-04-02,1,0,0.9999763
55000900029608,2021-04-03,1,0,0.9999763
55000900029608,2021-04-04,1,0,0.9999763
55000900029608,2021-04-05,1,0,0.9999763
55000900029608,2021-04-06,1,0,0.9999763
55000900029608,2021-04-07,1,0,0.9999763
55000900029608,2021-04-08,1,0,0.9999763
55000900029608,2021-04-09,1,0,0.9999763
55000900029608,2021-04-10,1,0,0.9999763
55000900029608,2021-04-11,1,0,0.9999763
55000900029608,2021-04-12,1,0,0.9999763
55000900029608,2021-04-13,1,0,0.9999763
55000900029608,2021-04-14,1,0,0.9999763
55000900029608,2021-04-15,1,0,0.9999763
55000900029608,2021-04-16,1,0,0.9999763
55000900029608,2021-04-17,1,0,0.9999763
55000900029608,2021-04-18,1,0,0.9999763
55000900029608,2021-04-19,1,0,0.9999763
55000900029608,2021-04-20,1,0,0.9999763
55000900029608,2021-04-21,1,0,0.9999763
55000900029608,2021-04-22,1,0,0.9999763
55000900029608,2021-04-23,1,0,0.9999763
55000900029608,2021-04-24,1,0,0.9999763
55000900029608,2021-04-25,1,0,0.9999763
55000900029608,2021-04-26,1,0,0.9999763
55000900029608,2021-04-27,1,0,0.9999763
55000900029608,2021-04-28,1,0,0.9999763
55000900029608,2021-04-29,1,0,0.9999763
55000900029608,2021-04-30,1,0,0.9999763
55000900029608,2021-05-01,1,0,0.9999763
55000900029608,2021-05-02,1,0,0.9999763
55000900029608,2021-05-03,1,0,0.9999763
55000900029608,2021-05-04,1,0,0.9999763
55000900029608,2021-05-05,1,0,0.9999763
55000900029608,2021-05-06,1,0,0.9999763
55000900029608,2021-05-07,1,0,0.9999763
55000900029608,2021-05-08,1,0,0.9999763
55000900029608,2021-05-09,1,0,0.9999763
55000900029608,2021-05-10,1,0,0.9999763
55000900029608,2021-05-11,1,0,0.9999763
55000900029608,2021-05-12,1,0,0.9999763
55000900029608,2021-05-13,1,0,0.9999763
55000900029608,2021-05-14,1,0,0.9999763
55000900029608,2021-05-15,1,0,0.9999763
55000900029608,2021-05-16,1,0,0.9999763
55000900029608,2021-05-17,1,0,0.9999763
55000900029608,2021-05-18,1,0,0.9999763
55000900029608,2021-05-19,1,0,0.9999763
55000900029608,2021-05-20,1,0,0.9999763
55000900029608,2021-05-21,1,0,0.9999763
55000900029608,2021-05-22,1,0,0.9999763
55000900029608,2021-05-23,1,0,0.9999763
55000900029608,2021-05-24,1,0,0.9999763
55000900029608,2021-05-25,1,0,0.9999763
55000900029608,2021-05-26,1,0,0.9999763
55000900029608,2021-05-27,1,0,0.9999763
55000900029608,2021-05-28,1,0,0.9999763
55000900029608,2021-05-29,1,0,0.9999763
55000900029608,2021-05-30,1,0,0.9999763
55000900029608,2021-05-31,1,0,0.9999763
55000900029608,2021-06-01,1,0,0.9999763
55000900029608,2021-06-02,1,0,0.9999763
55000900029608,2021-06-03,1,0,0.9999763
55000900029608,2021-06-04,1,0,0.9999763
55000900029608,2021-06-05,1,0,0.9999763
55000900029608,2021-06-06,1,0,0.9999763
55000900029608,2021-06-07,1,0,0.9999763
55000900029608,2021-06-08,1,0,0.9999763
55000900029608,2021-06-09,1,0,0.9999763
55000900029608,2021-06-10,1,0,0.9999763
55000900029608,2021-06-11,1,0,0.9999763
55000900029608,2021-06-12,1,0,0.9999763
55000900029608,2021-06-13,1,0,0.9999763
55000900029608,2021-06-14,1,0,0.9999763
55000900029608,2021-06-15,1,0,0.9999763
55000900029608,2021-06-16,1,0,0.9999763
55000900029608,2021-06-17,1,0,0.9999763
55000900029608,2021-06-18,1,0,0.9999763
55000900029608,2021-06-19,1,0,0.9999763
55000900029608,2021-06-20,1,0,0.9999763
55000900029608,2021-06-21,1,0,0.9999763
55000900029608,2021-06-22,1,0,0.9999763
55000900029608,2021-06-23,1,0,0.9999763
55000900029608,2021-06-24,1,0,0.9999763
55000900029608,2021-06-25,1,0,0.9999763
55000900029608,2021-06-26,1,0,0.9999763
55000900029608,2021-06-27,1,0,0.9999763
55000900029608,2021-06-28,1,0,0.9999763
55000900029608,2021-06-29,1,0,0.9999763
55000900029608,2021-06-30,1,0,0.9999763
55000900029608,2021-07-01,1,0,0.9999763
55000900029608,2021-07-02,1,0,0.9999763
55000900029608,2021-07-03,1,0,0.9999763
55000900029608,2021-07-04,1,0,0.9999763
55000900029608,2021-07-05,1,0,0.9999763
55000900029608,2021-07-06,1,0,0.9999763
55000900029608,2021-07-07,1,0,0.9999763
55000900029608,2021-07-08,1,0,0.9999763
55000900029608,2021-07-09,1,0,0.9999763
55000900029608,2021-07-10,1,0,0.9999763
55000900029608,2021-07-11,1,0,0.9999763
55000900029608,2021-07-12,1,0,0.9999763
55000900029608,2021-07-13,1,0,0.9999763
55000900029608,2021-07-14,1,0,0.9999763
55000900029608,2021-07-15,1,0,0.9999763
55000900029608,2021-07-16,1,0,0.9999763
55000900029608,2021-07-17,1,0,0.9999763
55000900029608,2021-07-18,1,0,0.9999763
55000900029608,2021-07-19,1,0,0.9999763
55000900029608,2021-07-20,1,0,0.9999763
55000900029608,2021-07-21,1,0,0.9999763
55000900029608,2021-07-22,1,0,0.9999763
55000900029608,2021-07-23,1,0,0.9999763
55000900029608,2021-07-24,1,0,0.9999763
55000900029608,2021-07-25,1,0,0.9999763
55000900029608,2021-07-26,1,0,0.9999763
55000900029608,2021-07-27,1,0,0.9999763
55000900029608,2021-07-28,1,0,0.9999763
55000900029608,2021-07-29,1,0,0.9999763
55000900029608,2021-07-30,1,0,0.9999763
55000900029608,2021-07-31,1,0,0.9999763
55000900029608,2021-08-01,1,0,0.9999763
55000900029608,2021-08-02,1,0,0.9999763
55000900029608,2021-08-03,1,0,0.9999763
55000900029608,2021-08-04,1,0,0.9999763
55000900029608,2021-08-05,1,0,0.9999763
55000900029608,2021-08-06,1,0,0.9999763
55000900029608,2021-08-07,1,0,0.9999763
55000900029608,2021-08-08,1,0,0.9999763
55000900029608,2021-08-09,1,0,0.9999763
55000900029608,2021-08-10,1,0,0.9999763
55000900029608,2021-08-11,1,0,0.9999763
55000900029608,2021-08-12,1,0,0.9999763
55000900029608,2021-08-13,1,0,0.9999763
55000900029608,2021-08-14,1,0,0.9999763
55000900029608,2021-08-15,1,0,0.9999763
55000900029608,2021-08-16,1,0,0.9999763
55000900029608,2021-08-17,1,0,0.9999763
55000900029608,2021-08-18,1,0,0.9999763
55000900029608,2021-08-19,1,0,0.9999763
55000900029608,2021-08-20,1,0,0.9999763
55000900029608,2021-08-21,1,0,0.9999763
55000900029608,2021-08-22,1,0,0.9999763
55000900029608,2021-08-23,1,0,0.9999763
55000900029608,2021-08-24,1,0,0.9999763
55000900029608,2021-08-25,1,0,0.9999763
55000900029608,2021-08-26,1,0,0.9999763
55000900029608,2021-08-27,1,0,0.9999763
55000900029608,2021-08-28,1,0,0.9999763
55000900029608,2021-08-29,1,0,0.9999763
55000900029608,2021-08-30,1,0,0.9999763
55000900029608,2021-08-31,1,0,0.9999763
55000900029608,2021-09-01,1,0,0.9999763
55000900029608,2021-09-02,1,0,0.9999763
55000900029608,2021-09-03,1,0,0.9999763
55000900029608,2021-09-04,1,0,0.9999763
55000900029608,2021-09-05,1,0,0.9999763
55000900029608,2021-09-06,1,0,0.9999763
55000900029608,2021-09-07,1,0,0.9999763
55000900029608,2021-09-08,1,0,0.9999763
55000900029608,2021-09-09,1,0,0.9999763
55000900029608,2021-09-10,1,0,0.9999763
55000900029608,2021-09-11,1,0,0.9999763
55000900029608,2021-09-12,1,0,0.9999763
55000900029608,2021-09-13,1,0,0.9999763
55000900029608,2021-09-14,1,0,0.9999763
55000900029608,2021-09-15,1,0,0.9999763
55000900029608,2021-09-16,1,0,0.9999763
55000900029608,2021-09-17,1,0,0.9999763
55000900029608,2021-09-18,1,0,0.9999763
55000900029608,2021-09-19,1,0,0.9999763
55000900029608,2021-09-20,1,0,0.9999763
55000900029608,2021-09-21,1,0,0.9999763
55000900029608,2021-09-22,1,0,0.9999763
55000900029608,2021-09-23,1,0,0.9999763
55000900029608,2021-09-24,1,0,0.9999763
55000900029608,2021-09-25,1,0,0.9999763
55000900029608,2021-09-26,1,0,0.9999763
55000900029608,2021-09-27,1,0,0.9999763
55000900029608,2021-09-28,1,0,0.9999763
55000900029608,2021-09-29,1,0,0.9999763
55000900029608,2021-09-30,1,0,0.9999763
55000900029608,2021-10-01,1,0,0.9999763
55000900029608,2021-10-02,1,0,0.9999763
55000900029608,2021-10-03,1,0,0.9999763
55000900029608,2021-10-04,1,0,0.9999763
55000900029608,2021-10-05,1,0,0.9999763
55000900029608,2021-10-06,1,0,0.9999763
55000900029608,2021-10-07,1,0,0.9999763
55000900029608,2021-10-08,1,0,0.9999763
55000900029608,2021-10-09,1,0,0.9999763
55000900029608,2021-10-10,1,0,0.9999763
55000900029608,2021-10-11,1,0,0.9999763
55000900029608,2021-10-12,1,0,0.9999763
55000900029608,2021-10-13,1,0,0.9999763
55000900029608,2021-10-14,1,0,0.9999763
55000900029608,2021-10-15,1,0,0.9999763
55000900029608,2021-10-16,1,0,0.9999763
55000900029608,2021-10-17,1,0,0.9999763
55000900029608,2021-10-18,1,0,0.9999763
55000900029608,2021-10-19,1,0,0.9999763
55000900029608,2021-10-20,1,0,0.9999763
55000900029608,2021-10-21,1,0,0.9999763
55000900029608,2021-10-22,1,0,0.9999763
55000900029608,2021-10-23,1,0,0.9999763
55000900029608,2021-10-24,1,0,0.9999763
55000900029608,2021-10-25,1,0,0.9999763
55000900029608,2021-10-26,1,0,0.9999763
55000900029608,2021-10-27,1,0,0.9999763
55000900029608,2021-10-28,1,0,0.9999763
55000900029608,2021-10-29,1,0,0.9999763
55000900029608,2021-10-30,1,0,0.9999763
55000900029608,2021-10-31,1,0,0.9999763
55000900029608,2021-11-01,1,0,0.9999763
55000900029608,2021-11-02,1,0,0.9999763
55000900029608,2021-11-03,1,0,0.9999763
55000900029608,2021-11-04,1,0,0.9999763
55000900029608,2021-11-05,1,0,0.9999763
55000900029608,2021-11-06,1,0,0.9999763
55000900029608,2021-11-07,1,0,0.9999763
55000900029608,2021-11-08,1,0,0.9999763
55000900029608,2021-11-09,1,0,0.9999763
55000900029608,2021-11-10,1,0,0.9999763
55000900029608,2021-11-11,1,0,0.9999763
55000900029608,2021-11-12,1,0,0.9999763
55000900029608,2021-11-13,1,0,0.9999763
55000900029608,2021-11-14,1,0,0.9999763
55000900029608,2021-11-15,1,0,0.9999763
55000900029608,2021-11-16,1,0,0.9999763
55000900029608,2021-11-17,1,0,0.9999763
55000900029608,2021-11-18,1,0,0.9999763
55000900029608,2021-11-19,1,0,0.9999763
55000900029608,2021-11-20,1,0,0.9999763
55000900029608,2021-11-21,1,0,0.9999763
55000900029608,2021-11-22,1,0,0.9999763
55000900029608,2021-11-23,1,0,0.9999763
55000900029608,2021-11-24,1,0,0.9999763
55000900029608,2021-11-25,1,0,0.9999763
55000900029608,2021-11-26,1,0,0.9999763
55000900029608,2021-11-27,1,0,0.9999763
55000900029608,2021-11-28,1,0,0.9999763
55000900029608,2021-11-29,1,0,0.9999763
55000900029608,2021-11-30,1,0,0.9999763
55000900029608,2021-12-01,1,0,0.9999763
55000900029608,2021-12-02,1,0,0.9999763
55000900029608,2021-12-03,1,0,0.9999763
55000900029608,2021-12-04,1,0,0.9999763
55000900029608,2021-12-05,1,0,0.9999763
55000900029608,2021-12-06,1,0,0.9999763
55000900029608,2021-12-07,1,0,0.9999763
55000900029608,2021-12-08,1,0,0.9999763
55000900029608,2021-12-09,1,0,0.9999763
55000900029608,2021-12-10,1,0,0.9999763
55000900029608,2021-12-11,1,0,0.9999763
55000900029608,2021-12-12,1,0,0.9999763
55000900029608,2021-12-13,1,0,0.9999763
55000900029608,2021-12-14,1,0,0.9999763
55000900029608,2021-12-15,1,0,0.9999763
55000900029608,2021-12-16,1,0,0.9999763
55000900029608,2021-12-17,1,0,0.9999763
55000900029608,2021-12-18,1,0,0.9999763
55000900029608,2021-12-19,1,0,0.9999763
55000900029608,2021-12-20,1,0,0.9999763
55000900029608,2021-12-21,1,0,0.9999763
55000900029608,2021-12-22,1,0,0.9999763
55000900029608,2021-12-23,1,0,0.9999763
55000900029608,2021-12-24,1,0,0.9999763
55000900029608,2021-12-25,1,0,0.9999763
55000900029608,2021-12-26,1,0,0.9999763
55000900029608,2021-12-27,1,0,0.9999763
55000900029608,2021-12-28,1,0,0.9999763
55000900029608,2021-12-29,1,0,0.9999763
55000900029608,2021-12-30,1,0,0.9999763
55000900029608,2021-12-31,1,0,0.9999763
55000900029608,2022-01-01,1,0,0.9999763
55000900029608,2022-01-02,1,0,0.9999763
55000900029608,2022-01-03,1,0,0.9999763
55000900029608,2022-01-04,1,0,0.9999763
55000900029608,2022-01-05,1,0,0.9999763
55000900029608,2022-01-06,1,0,0.9999763
55000900029608,2022-01-07,1,0,0.9999763
55000900029608,2022-01-08,1,0,0.9999763
55000900029608,2022-01-09,1,0,0.9999763
55000900029608,2022-01-10,1,0,0.9999763
55000900029608,2022-01-11,1,0,0.9999763
55000900029608,2022-01-12,1,0,0.9999763
55000900029608,2022-01-13,1,0,0.9999763
55000900029608,2022-01-14,1,0,0.9999763
55000900029608,2022-01-15,1,0,0.9999763
55000900029608,2022-01-16,1,0,0.9999763
55000900029608,2022-01-17,1,0,0.9999763
55000900029608,2022-01-18,1,0,0.9999763
55000900029608,2022-01-19,1,0,0.9999763
55000900029608,2022-01-20,1,0,0.9999763
55000900029608,2022-01-21,1,0,0.9999763
55000900029608,2022-01-22,1,0,0.9999763
55000900029608,2022-01-23,1,0,0.9999763
55000900029608,2022-01-24,1,0,0.9999763
55000900029608,2022-01-25,1,0,0.9999763
55000900029608,2022-01-26,1,0,0.9999763
55000900029608,2022-01-27,1,0,0.9999763
55000900029608,2022-01-28,1,0,0.9999763
55000900029608,2022-01-29,1,0,0.9999763
55000900029608,2022-01-30,1,0,0.9999763
55000900029608,2022-01-31,1,0,0.9999763
55000900029608,2022-02-01,1,0,0.9999763
55000900029608,2022-02-02,1,0,0.9999763
55000900029608,2022-02-03,1,0,0.9999763
55000900029608,2022-02-04,1,0,0.9999763
55000900029608,2022-02-05,1,0,0.9999763
55000900029608,2022-02-06,1,0,0.9999763
55000900029608,2022-02-07,1,0,0.9999763
55000900029608,2022-02-08,1,0,0.9999763
55000900029608,2022-02-09,1,0,0.9999763
55000900029608,2022-02-10,1,0,0.9999763
55000900029608,2022-02-11,1,0,0.9999763
55000900029608,2022-02-12,1,0,0.9999763
55000900029608,2022-02-13,1,0,0.9999763
55000900029608,2022-02-14,1,0,0.9999763
55000900029608,2022-02-15,1,0,0.9999763
55000900029608,2022-02-16,1,0,0.9999763
55000900029608,2022-02-17,1,0,0.9999763
55000900029608,2022-02-18,1,0,0.9999763
55000900029608,2022-02-19,1,0,0.9999763
55000900029608,2022-02-20,1,0,0.9999763
55000900029608,2022-02-21,1,0,0.9999763
55000900029608,2022-02-22,1,0,0.9999763
55000900029608,2022-02-23,1,0,0.9999763
55000900029608,2022-02-24,1,0,0.9999763
55000900029608,2022-02-25,1,0,0.9999763
55000900029608,2022-02-26,1,0,0.9999763
55000900029608,2022-02-27,1,0,0.9999763
55000900029608,2022-02-28,1,0,0.9999763
55000900029608,2022-03-01,1,0,0.9999763
55000900029608,2022-03-02,1,0,0.9999763
55000900029608,2022-03-03,1,0,0.9999763
55000900029608,2022-03-04,1,0,0.9999763
55000900029608,2022-03-05,1,0,0.9999763
55000900029608,2022-03-06,1,0,0.9999763
55000900029608,2022-03-07,1,0,0.9999763
55000900029608,2022-03-08,1,0,0.9999763
55000900029608,2022-03-09,1,0,0.9999763
55000900029608,2022-03-10,1,0,0.9999763
55000900029608,2022-03-11,1,0,0.9999763
55000900029608,2022-03-12,1,0,0.9999763
55000900029608,2022-03-14,1,0,0.9999763
55000900029608,2022-03-15,1,0,0.9999763
55000900029608,2022-03-16,1,0,0.9999763
55000900029608,2022-03-17,1,0,0.9999763
55000900029608,2022-03-18,1,0,0.9999763
55000900029608,2022-03-19,1,0,0.9999763
55000900029608,2022-03-20,1,0,0.9999763
55000900029608,2022-03-21,1,0,0.9999763
55000900029608,2022-03-22,1,0,0.9999763
55000900029608,2022-03-23,1,0,0.9999763
55000900029608,2022-03-24,1,0,0.9999763
55000900029608,2022-03-25,1,0,0.9999763
55000900029608,2022-03-26,1,0,0.9999763
55000900029608,2022-03-27,1,0,0.9999763
55000900029608,2022-03-28,1,0,0.9999763
55000900029608,2022-03-29,1,0,0.9999763
55000900029608,2022-03-30,1,0,0.9999763
55000900029608,2022-03-31,1,0,0.9999763
55000900029608,2022-04-01,1,0,0.9999763
55000900029608,2022-04-02,1,0,0.9999763
55000900029608,2022-04-03,1,0,0.9999763
55000900029608,2022-04-04,1,0,0.9999763
55000900029608,2022-04-05,1,0,0.9999763
55000900029608,2022-04-06,1,0,0.9999763
55000900029608,2022-04-07,1,0,0.9999763
55000900029608,2022-04-08,1,0,0.9999763
55000900029608,2022-04-09,1,0,0.9999763
55000900029608,2022-04-10,1,0,0.9999763
55000900029608,2022-04-11,1,0,0.9999763
55000900029608,2022-04-12,1,0,0.9999763
55000900029608,2022-04-13,1,0,0.9999763
55000900029608,2022-04-14,1,0,0.9999763
55000900029608,2022-04-15,1,0,0.9999763
55000900029608,2022-04-16,1,0,0.9999763
55000900029608,2022-04-17,1,0,0.9999763
55000900029608,2022-04-18,1,0,0.9999763
55000900029608,2022-04-19,1,0,0.9999763
55000900029608,2022-04-20,1,0,0.9999763
55000900029608,2022-04-21,1,0,0.9999763
55000900029608,2022-04-22,1,0,0.9999763
55000900029608,2022-04-23,1,0,0.9999763
55000900029608,2022-04-24,1,0,0.9999763
55000900029608,2022-04-25,1,0,0.9999763
55000900029608,2022-04-26,1,0,0.9999763
55000900029608,2022-04-27,1,0,0.9999763
55000900029608,2022-04-28,1,0,0.9999763
55000900029608,2022-04-29,1,0,0.9999763
55000900029608,2022-04-30,1,0,0.9999763
55000900029608,2022-05-01,1,0,0.9999763
55000900029608,2022-05-02,1,0,0.9999763
55000900029608,2022-05-03,1,0,0.9999763
55000900029608,2022-05-04,1,0,0.9999763
55000900029608,2022-05-05,1,0,0.9999763
55000900029608,2022-05-06,1,0,0.9999763
55000900029608,2022-05-07,1,0,0.9999763
55000900029608,2022-05-08,1,0,0.9999763
55000900029608,2022-05-09,1,0,0.9999763
55000900029608,2022-05-10,1,0,0.9999763
55000900029608,2022-05-11,1,0,0.9999763
55000900029608,2022-05-12,1,0,0.9999763
55000900029608,2022-05-13,1,0,0.9999763
55000900029608,2022-05-14,1,0,0.9999763
55000900029608,2022-05-15,1,0,0.9999763
55000900029608,2022-05-16,1,0,0.9999763
55000900029608,2022-05-17,1,0,0.9999763
55000900029608,2022-05-18,1,0,0.9999763
55000900029608,2022-05-19,1,0,0.9999763
55000900029608,2022-05-20,1,0,0.9999763
55000900029608,2022-05-21,1,0,0.9999763
55000900029608,2022-05-22,1,0,0.9999763
55000900029608,2022-05-23,1,0,0.9999763
55000900029608,2022-05-24,1,0,0.9999763
55000900029608,2022-05-25,1,0,0.9999763
55000900029608,2022-05-26,1,0,0.9999763
55000900029608,2022-05-27,1,0,0.9999763
55000900029608,2022-05-28,1,0,0.9999763
55000900029608,2022-05-29,1,0,0.9999763
55000900029608,2022-05-30,1,0,0.9999763
55000900029608,2022-05-31,1,0,0.9999763
55000900029608,2022-06-01,1,0,0.9999763
55000900029608,2022-06-02,1,0,0.9999763
55000900029608,2022-06-03,1,0,0.9999763
55000900029608,2022-06-04,1,0,0.9999763
55000900029608,2022-06-05,1,0,0.9999763
55000900029608,2022-06-06,1,0,0.9999763
55000900029608,2022-06-07,1,0,0.9999763
55000900029608,2022-06-08,1,0,0.9999763
55000900029608,2022-06-09,1,0,0.9999763
55000900029608,2022-06-10,1,0,0.9999763
55000900029608,2022-06-11,1,0,0.9999763
55000900029608,2022-06-12,1,0,0.9999763
55000900029608,2022-06-13,1,0,0.9999763
55000900029608,2022-06-14,1,0,0.9999763
55000900029608,2022-06-15,1,0,0.9999763
55000900029608,2022-06-16,1,0,0.9999763
55000900029608,2022-06-17,1,0,0.9999763
55000900029608,2022-06-18,1,0,0.9999763
55000900029608,2022-06-19,1,0,0.9999763
55000900029608,2022-06-20,1,0,0.9999763
55000900029608,2022-06-21,1,0,0.9999763
55000900029608,2022-06-22,1,0,0.9999763
55000900029608,2022-06-23,1,0,0.9999763
55000900029608,2022-06-24,1,0,0.9999763
55000900029608,2022-06-25,1,0,0.9999763
55000900029608,2022-06-26,1,0,0.9999763
55000900029608,2022-06-27,1,0,0.9999763
55000900029608,2022-06-28,1,0,0.9999763
55000900029608,2022-06-29,1,0,0.9999763
55000900029608,2022-06-30,1,0,0.9999763
55000900029608,2022-07-01,1,0,0.9999763
55000900029608,2022-07-02,1,0,0.9999763
55000900029608,2022-07-03,1,0,0.9999763
55000900029608,2022-07-04,1,0,0.9999763
55000900029608,2022-07-05,1,0,0.9999763
55000900029608,2022-07-06,1,0,0.9999763
55000900029608,2022-07-07,1,0,0.9999763
55000900029608,2022-07-08,1,0,0.9999763
55000900029608,2022-07-09,1,0,0.9999763
55000900029608,2022-07-10,1,0,0.9999763
55000900029608,2022-07-11,1,0,0.9999763
55000900029608,2022-07-12,1,0,0.9999763
55000900029608,2022-07-13,1,0,0.9999763
55000900029608,2022-07-14,1,0,0.9999763
55000900029608,2022-07-15,1,0,0.9999763
55000900029608,2022-07-16,1,0,0.9999763
55000900029608,2022-07-17,1,0,0.9999763
55000900029608,2022-07-18,1,0,0.9999763
55000900029608,2022-07-19,1,0,0.9999763
55000900029608,2022-07-20,1,0,0.9999763
55000900029608,2022-07-21,1,0,0.9999763
55000900029608,2022-07-22,1,0,0.9999763
55000900029608,2022-07-23,1,0,0.9999763
55000900029608,2022-07-24,1,0,0.9999763
55000900029608,2022-07-25,1,0,0.9999763
55000900029608,2022-07-26,1,0,0.9999763
55000900029608,2022-07-27,1,0,0.9999763
55000900029608,2022-07-28,1,0,0.9999763
55000900029608,2022-07-29,1,0,0.9999763
55000900029608,2022-07-30,1,0,0.9999763
55000900029608,2022-07-31,1,0,0.9999763
55000900029608,2022-08-01,1,0,0.9999763
55000900029608,2022-08-02,1,0,0.9999763
55000900029608,2022-08-03,1,0,0.9999763
55000900029608,2022-08-04,1,0,0.9999763
55000900029608,2022-08-05,1,0,0.9999763
55000900029608,2022-08-06,1,0,0.9999763
55000900029608,2022-08-07,1,0,0.9999763
55000900029608,2022-08-08,1,0,0.9999763
55000900029608,2022-08-09,1,0,0.9999763
55000900029608,2022-08-10,1,0,0.9999763
55000900029608,2022-08-11,1,0,0.9999763
55000900029608,2022-08-12,1,0,0.9999763
55000900029608,2022-08-13,1,0,0.9999763
55000900029608,2022-08-14,1,0,0.9999763
55000900029608,2022-08-15,1,0,0.9999763
55000900029608,2022-08-16,1,0,0.9999763
55000900029608,2022-08-17,1,0,0.9999763
55000900029608,2022-08-18,1,0,0.9999763
55000900029608,2022-08-19,1,0,0.9999763
55000900029608,2022-08-20,1,0,0.9999763
55000900029608,2022-08-21,1,0,0.9999763
55000900029608,2022-08-22,1,0,0.9999763
55000900029608,2022-08-23,1,0,0.9999763
55000900029608,2022-08-24,1,0,0.9999763
55000900029608,2022-08-25,1,0,0.9999763
55000900029608,2022-08-26,1,0,0.9999763
55000900029608,2022-08-27,1,0,0.9999763
55000900029608,2022-08-28,1,0,0.9999763
55000900029608,2022-08-29,1,0,0.9999763
55000900029608,2022-08-30,1,0,0.9999763
55000900029608,2022-08-31,1,0,0.9999763
55000900029608,2022-09-01,1,0,0.9999763
55000900029608,2022-09-02,1,0,0.9999763
55000900029608,2022-09-03,1,0,0.9999763
55000900029608,2022-09-04,1,0,0.9999763
55000900029608,2022-09-05,1,0,0.9999763
55000900029608,2022-09-06,1,0,0.9999763
55000900029608,2022-09-07,1,0,0.9999763
55000900029608,2022-09-08,1,0,0.9999763
55000900029608,2022-09-09,1,0,0.9999763
55000900029608,2022-09-10,1,0,0.9999763
55000900029608,2022-09-11,1,0,0.9999763
55000900029608,2022-09-12,1,0,0.9999763
55000900029608,2022-09-13,1,0,0.9999763
55000900029608,2022-09-14,1,0,0.9999763
55000900029608,2022-09-15,1,0,0.9999763
55000900029608,2022-09-16,1,0,0.9999763
55000900029608,2022-09-17,1,0,0.9999763
55000900029608,2022-09-18,1,0,0.9999763
55000900029608,2022-09-19,1,0,0.9999763
55000900029608,2022-09-20,1,0,0.9999763
55000900029608,2022-09-21,1,0,0.9999763
55000900029608,2022-09-22,1,0,0.9999763
55000900029608,2022-09-23,1,0,0.9999763
55000900029608,2022-09-24,1,0,0.9999763
55000900029608,2022-09-25,1,0,0.9999763
55000900029608,2022-09-26,1,0,0.9999763
55000900029608,2022-09-27,1,0,0.9999763
55000900029608,2022-09-28,1,0,0.9999763
55000900029608,2022-09-29,1,0,0.9999763
55000900029608,2022-09-30,1,0,0.9999763
55000900029608,2022-10-01,1,0,0.9999763
55000900029608,2022-10-02,1,0,0.9999763
55000900029608,2022-10-03,1,0,0.9999763
55000900029608,2022-10-04,1,0,0.9999763
55000900029608,2022-10-05,1,0,0.9999763
55000900029608,2022-10-06,1,0,0.9999763
55000900029608,2022-10-07,1,0,0.9999763
55000900029608,2022-10-08,1,0,0.9999763
55000900029608,2022-10-09,1,0,0.9999763
55000900029608,2022-10-10,1,0,0.9999763
55000900029608,2022-10-11,1,0,0.9999763
55000900029608,2022-10-12,1,0,0.9999763
55000900029608,2022-10-13,1,0,0.9999763
55000900029608,2022-10-14,1,0,0.9999763
55000900029608,2022-10-15,1,0,0.9999763
55000900029608,2022-10-16,1,0,0.9999763
55000900029608,2022-10-17,1,0,0.9999763
55000900029608,2022-10-18,1,0,0.9999763
55000900029608,2022-10-19,1,0,0.9999763
55000900029608,2022-10-20,1,0,0.9999763
55000900029608,2022-10-21,1,0,0.9999763
55000900029608,2022-10-22,1,0,0.9999763
55000900029608,2022-10-23,1,0,0.9999763
55000900029608,2022-10-24,1,0,0.9999763
55000900029608,2022-10-25,1,0,0.9999763
55000900029608,2022-10-26,1,0,0.9999763
55000900029608,2022-10-27,1,0,0.9999763
55000900029608,2022-10-28,1,0,0.9999763
55000900029608,2022-10-29,1,0,0.9999763
55000900029608,2022-10-30,1,0,0.9999763
55000900029608,2022-10-31,1,0,0.9999763
55000900029608,2022-11-01,1,0,0.9999763
55000900029608,2022-11-02,1,0,0.9999763
55000900029608,2022-11-03,1,0,0.9999763
55000900029608,2022-11-04,1,0,0.9999763
55000900029608,2022-11-05,1,0,0.9999763
55000900029608,2022-11-06,1,0,0.9999763
55000900029608,2022-11-07,1,0,0.9999763
55000900029608,2022-11-08,1,0,0.9999763
55000900029608,2022-11-09,1,0,0.9999763
55000900029608,2022-11-10,1,0,0.9999763
55000900029608,2022-11-11,1,0,0.9999763
55000900029608,2022-11-12,1,0,0.9999763
55000900029608,2022-11-13,1,0,0.9999763
55000900029608,2022-11-14,1,0,0.9999763
55000900029608,2022-11-15,1,0,0.9999763
55000900029608,2022-11-16,1,0,0.9999763
55000900029608,2022-11-17,1,0,0.9999763
55000900029608,2022-11-18,1,0,0.9999763
55000900029608,2022-11-19,1,0,0.9999763
55000900029608,2022-11-20,1,0,0.9999763
55000900029608,2022-11-21,1,0,0.9999763
55000900029608,2022-11-22,1,0,0.9999763
55000900029608,2022-11-23,1,0,0.9999763
55000900029608,2022-11-24,1,0,0.9999763
55000900029608,2022-11-25,1,0,0.9999763
55000900029608,2022-11-26,1,0,0.9999763
55000900029608,2022-11-27,1,0,0.9999763
55000900029608,2022-11-28,1,0,0.9999763
55000900029608,2022-11-29,1,0,0.9999763
55000900029608,2022-11-30,1,0,0.9999763
55000900029608,2022-12-01,1,0,0.9999763
55000900029608,2022-12-02,1,0,0.9999763
55000900029608,2022-12-03,1,0,0.9999763
55000900029608,2022-12-04,1,0,0.9999763
55000900029608,2022-12-05,1,0,0.9999763
55000900029608,2022-12-06,1,0,0.9999763
55000900029608,2022-12-07,1,0,0.9999763
55000900029608,2022-12-08,1,0,0.9999763
55000900029608,2022-12-09,1,0,0.9999763
55000900029608,2022-12-10,1,0,0.9999763
55000900029608,2022-12-11,1,0,0.9999763
55000900029608,2022-12-12,1,0,0.9999763
55000900029608,2022-12-13,1,0,0.9999763
55000900029608,2022-12-14,1,0,0.9999763
55000900029608,2022-12-15,1,0,0.9999763
55000900029608,2022-12-16,1,0,0.9999763
55000900029608,2022-12-17,1,0,0.9999763
55000900029608,2022-12-18,1,0,0.9999763
55000900029608,2022-12-19,1,0,0.9999763
55000900029608,2022-12-20,1,0,0.9999763
55000900029608,2022-12-21,1,0,0.9999763
55000900029608,2022-12-22,1,0,0.9999763
55000900029608,2022-12-23,1,0,0.9999763
55000900029608,2022-12-24,1,0,0.9999763
55000900029608,2022-12-25,1,0,0.9999763
55000900029608,2022-12-26,1,0,0.9999763
55000900029608,2022-12-27,1,0,0.9999763
55000900029608,2022-12-28,1,0,0.9999763
55000900029608,2022-12-29,1,0,0.9999763
55000900029608,2022-12-30,1,0,0.9999763
55000900029608,2022-12-31,1,0,0.9999763
55000900029608,2023-01-01,1,0,0.9999763
55000900029608,2023-01-02,1,0,0.9999763
55000900029608,2023-01-03,1,0,0.9999763
55000900029608,2023-01-04,1,0,0.9999763
55000900029608,2023-01-05,1,0,0.9999763
55000900029608,2023-01-06,1,0,0.9999763
55000900029608,2023-01-07,1,0,0.9999763
55000900029608,2023-01-08,1,0,0.9999763
55000900029608,2023-01-09,1,0,0.9999763
55000900029608,2023-01-10,1,0,0.9999763
55000900029608,2023-01-11,1,0,0.9999763
55000900029608,2023-01-12,1,0,0.9999763
55000900029608,2023-01-13,1,0,0.9999763
55000900029608,2023-01-14,1,0,0.9999763
55000900029608,2023-01-15,1,0,0.9999763
55000900029608,2023-01-16,1,0,0.9999763
55000900029608,2023-01-17,1,0,0.9999763
55000900029608,2023-01-18,1,0,0.9999763
55000900029608,2023-01-19,1,0,0.9999763
55000900029608,2023-01-20,1,0,0.9999763
55000900029608,2023-01-21,1,0,0.9999763
55000900029608,2023-01-22,1,0,0.9999763
55000900029608,2023-01-23,1,0,0.9999763
55000900029608,2023-01-24,1,0,0.9999763
55000900029608,2023-01-25,1,0,0.9999763
55000900029608,2023-01-26,1,0,0.9999763
55000900029608,2023-01-27,1,0,0.9999763
55000900029608,2023-01-28,1,0,0.9999763
55000900029608,2023-01-29,1,0,0.9999763
55000900029608,2023-01-30,1,0,0.9999763
55000900029608,2023-01-31,1,0,0.9999763
55000900029608,2023-02-01,1,0,0.9999763
55000900029608,2023-02-02,1,0,0.9999763
55000900029608,2023-02-03,1,0,0.9999763
55000900029608,2023-02-04,1,0,0.9999763
55000900029608,2023-02-05,1,0,0.9999763
55000900029608,2023-02-06,1,0,0.9999763
55000900029608,2023-02-07,1,0,0.9999763
55000900029608,2023-02-08,1,0,0.9999763
55000900029608,2023-02-09,1,0,0.9999763
55000900029608,2023-02-10,1,0,0.9999763
55000900029608,2023-02-11,1,0,0.9999763
55000900029608,2023-02-12,1,0,0.9999763
55000900029608,2023-02-13,1,0,0.9999763
55000900029608,2023-02-14,1,0,0.9999763
55000900029608,2023-02-15,1,0,0.9999763
55000900029608,2023-02-16,1,0,0.9999763
55000900029608,2023-02-17,1,0,0.9999763
55000900029608,2023-02-18,1,0,0.9999763
55000900029608,2023-02-19,1,0,0.9999763
55000900029608,2023-02-20,1,0,0.9999763
55000900029608,2023-02-21,1,0,0.9999763
55000900029608,2023-02-22,1,0,0.9999763
55000900029608,2023-02-23,1,0,0.9999763
55000900029608,2023-02-24,1,0,0.9999763
55000900029608,2023-02-25,1,0,0.9999763
55000900029608,2023-02-26,1,0,0.9999763
55000900029608,2023-02-27,1,0,0.9999763
55000900029608,2023-02-28,1,0,0.9999763
55000900029608,2023-03-01,1,0,0.9999763
55000900029608,2023-03-02,1,0,0.9999763
55000900029608,2023-03-03,1,0,0.9999763
55000900029608,2023-03-04,1,0,0.9999763
55000900029608,2023-03-05,1,0,0.9999763
55000900029608,2023-03-06,1,0,0.9999763
55000900029608,2023-03-07,1,0,0.9999763
55000900029608,2023-03-08,1,0,0.9999763
55000900029608,2023-03-09,1,0,0.9999763
55000900029608,2023-03-10,1,0,0.9999763
55000900029608,2023-03-11,1,0,0.9999763
55000900029608,2023-03-13,1,0,0.9999763
55000900029608,2023-03-14,1,0,0.9999763
55000900029608,2023-03-15,1,0,0.9999763
55000900029608,2023-03-16,1,0,0.9999763
55000900029608,2023-03-17,1,0,0.9999763
55000900029608,2023-03-18,1,0,0.9999763
55000900029608,2023-03-19,1,0,0.9999763
55000900029608,2023-03-20,1,0,0.9999763
55000900029608,2023-03-21,1,0,0.9999763
55000900029608,2023-03-22,1,0,0.9999763
55000900029608,2023-03-23,1,0,0.9999763
55000900029608,2023-03-24,1,0,0.9999763
55000900029608,2023-03-25,1,0,0.9999763
55000900029608,2023-03-26,1,0,0.9999763
55000900029608,2023-03-27,1,0,0.9999763
55000900029608,2023-03-28,1,0,0.9999763
55000900029608,2023-03-29,1,0,0.9999763
55000900029608,2023-03-30,1,0,0.9999763
55000900029608,2023-03-31,1,0,0.9999763
55000900029608,2023-04-01,1,0,0.9999763
55000900029608,2023-04-02,1,0,0.9999763
55000900029608,2023-04-03,1,0,0.9999763
55000900029608,2023-04-04,1,0,0.9999763
55000900029608,2023-04-05,1,0,0.9999763
55000900029608,2023-04-06,1,0,0.9999763
55000900029608,2023-04-07,1,0,0.9999763
55000900029608,2023-04-08,1,0,0.9999763
55000900029608,2023-04-09,1,0,0.9999763
55000900029608,2023-04-10,1,0,0.9999763
55000900029608,2023-04-11,1,0,0.9999763
55000900029608,2023-04-12,1,0,0.9999763
55000900029608,2023-04-13,1,0,0.9999763
55000900029608,2023-04-14,1,0,0.9999763
55000900029608,2023-04-15,1,0,0.9999763
55000900029608,2023-04-16,1,0,0.9999763
55000900029608,2023-04-17,1,0,0.9999763
55000900029608,2023-04-18,1,0,0.9999763
55000900029608,2023-04-19,1,0,0.9999763
55000900029608,2023-04-20,1,0,0.9999763
55000900030173,2020-09-29,1,1,0.9933054
55000900030173,2020-09-30,1,1,0.9858214
55000900030173,2020-10-01,1,1,0.9975147
55000900030173,2020-10-02,1,1,0.9975085
55000900030173,2020-10-03,1,1,0.99847716
55000900030173,2020-10-04,1,1,0.9990023
55000900030173,2020-10-05,1,1,0.9991303
55000900030173,2020-10-06,1,1,0.9993131
55000900030173,2020-10-07,1,1,0.99923563
55000900030173,2020-10-08,1,1,0.99840385
55000900030173,2020-10-09,1,1,0.9991917
55000900030173,2020-10-10,1,1,0.9994203
55000900030173,2020-10-11,1,1,0.997056
55000900030173,2020-10-12,1,1,0.99772257
55000900030173,2020-10-13,1,1,0.9999529
55000900030173,2020-10-14,1,1,0.9999852
55000900030173,2020-10-15,1,1,0.99998
55000900030173,2020-10-16,1,1,0.99998105
55000900030173,2020-10-17,1,1,0.99996006
55000900030173,2020-10-18,1,1,0.99996936
55000900030173,2020-10-19,1,1,0.9999727
55000900030173,2020-10-20,1,1,0.99988663
55000900030173,2020-10-21,1,0,0.999915
55000900030173,2020-10-22,1,0,0.9997942
55000900061097,2020-09-29,1,0,0.9999949
55000900061097,2020-09-30,1,0,0.9999956
55000900061097,2020-10-01,1,0,0.9999944
55000900061097,2020-10-02,1,0,0.9999937
55000900061097,2020-10-03,1,0,0.999995
55000900061097,2020-10-04,1,0,0.9999949
55000900061097,2020-10-05,1,0,0.9999949
55000900061097,2020-10-06,1,0,0.9999949
55000900061097,2020-10-07,1,0,0.999995
55000900061097,2020-10-08,1,0,0.9999943
55000900061097,2020-10-09,1,0,0.9999906
55000900061097,2020-10-10,1,0,0.99999535
55000900061097,2020-10-11,1,0,0.99999726
55000900061097,2020-10-12,1,0,0.9999962
55000900061097,2020-10-13,1,0,0.9999956
55000900061097,2020-10-14,1,0,0.9999957
55000900061097,2020-10-15,1,0,0.99999714
55000900061097,2020-10-16,1,0,0.99999607
55000900061097,2020-10-17,1,0,0.99999547
55000900061097,2020-10-18,1,0,0.99999535
55000900061097,2020-10-19,1,0,0.9999951
55000900061097,2020-10-20,1,0,0.9999962
55000900061097,2020-10-21,1,0,0.99999595
55000900061097,2020-10-22,1,0,0.9999945
55000900061097,2020-10-23,1,0,0.99999464
55000900061097,2020-10-24,1,0,0.9999937
55000900061097,2020-10-25,1,0,0.999995
55000900061097,2020-10-26,1,0,0.99999416
55000900061097,2020-10-27,1,0,0.9999927
55000900061097,2020-10-28,1,0,0.9999945
55000900061097,2020-10-29,1,0,0.99999475
55000900061097,2020-10-30,1,0,0.9999958
55000900061097,2020-10-31,1,0,0.9999974
55000900061097,2020-11-01,1,0,0.9999975
55000900061097,2020-11-02,1,0,0.99999726
55000900061097,2020-11-03,1,0,0.9999975
55000900061097,2020-11-04,1,0,0.99999714
55000900061097,2020-11-05,1,0,0.9999969
55000900061097,2020-11-06,1,0,0.99999714
55000900061097,2020-11-07,1,0,0.999997
55000900061097,2020-11-08,1,0,0.99999654
55000900061097,2020-11-09,1,0,0.9999956
55000900061097,2020-11-10,1,0,0.9999956
55000900061097,2020-11-11,1,0,0.9999938
55000900061097,2020-11-12,1,0,0.99999607
55000900061097,2020-11-13,1,0,0.9999933
55000900061097,2020-11-14,1,0,0.99999535
55000900061097,2020-11-15,1,0,0.99999475
55000900061097,2020-11-16,1,0,0.9999901
55000900061097,2020-11-17,1,0,0.999992
55000900061097,2020-11-18,1,0,0.9999927
55000900061097,2020-11-19,1,0,0.99999404
55000900061097,2020-11-20,1,0,0.9999925
55000900061097,2020-11-21,1,0,0.9999914
55000900061097,2020-11-22,1,0,0.9999927
55000900061097,2020-11-23,1,0,0.99999607
55000900061097,2020-11-24,1,0,0.99999666
55000900061097,2020-11-25,1,0,0.9999962
55000900061097,2020-11-26,1,0,0.9999931
55000900061097,2020-11-27,1,0,0.9999932
55000900061097,2020-11-28,1,0,0.99999154
55000900061097,2020-11-29,1,0,0.9999932
55000900061097,2020-11-30,1,0,0.9999949
55000900061097,2020-12-01,1,0,0.99999404
55000900061097,2020-12-02,1,0,0.99999535
55000900061097,2020-12-03,1,0,0.99999344
55000900061097,2020-12-04,1,0,0.9999938
55000900061097,2020-12-05,1,0,0.99999523
55000900061097,2020-12-06,1,0,0.9999945
55000900061097,2020-12-07,1,0,0.999995
55000900061097,2020-12-08,1,0,0.9999951
55000900061097,2020-12-09,1,0,0.99999344
55000900061097,2020-12-10,1,0,0.9999939
55000900061097,2020-12-11,1,0,0.99999464
55000900061097,2020-12-12,1,0,0.9999949
55000900061097,2020-12-13,1,0,0.9999925
55000900061097,2020-12-14,1,0,0.99999285
55000900061097,2020-12-15,1,0,0.99999344
55000900061097,2020-12-16,1,0,0.9999925
55000900061097,2020-12-17,1,0,0.9999932
55000900061097,2020-12-18,1,0,0.999992
55000900061097,2020-12-19,1,0,0.99999166
55000900061097,2020-12-20,1,0,0.99999213
55000900061097,2020-12-21,1,0,0.99998987
55000900061097,2020-12-22,1,0,0.99998677
55000900061097,2020-12-23,1,0,0.9999919
55000900061097,2020-12-24,1,0,0.9999882
55000900061097,2020-12-25,1,0,0.9999924
55000900061097,2020-12-26,1,0,0.99999523
55000900061097,2020-12-27,1,0,0.99999464
55000900061097,2020-12-28,1,0,0.99999
55000900061097,2020-12-29,1,0,0.9999896
55000900061097,2020-12-30,1,0,0.9999918
55000900061097,2020-12-31,1,0,0.99999475
55000900061097,2021-01-01,1,0,0.99999297
55000900061097,2021-01-02,1,0,0.99999034
55000900061097,2021-01-03,1,0,0.9999919
55000900061097,2021-01-04,1,0,0.9999863
55000900061097,2021-01-05,1,0,0.99998975
55000900061097,2021-01-06,1,0,0.9999894
55000900061097,2021-01-07,1,0,0.99998975
55000900061097,2021-01-08,1,0,0.99998975
55000900061097,2021-01-09,1,0,0.99999034
55000900061097,2021-01-10,1,0,0.9999902
55000900061097,2021-01-11,1,0,0.99999094
55000900061097,2021-01-12,1,0,0.9999906
55000900061097,2021-01-13,1,0,0.99999
55000900061097,2021-01-14,1,0,0.99999034
55000900061097,2021-01-15,1,0,0.99999
55000900061097,2021-01-16,1,0,0.9999901
55000900061097,2021-01-17,1,0,0.99999046
55000900061097,2021-01-18,1,0,0.99999046
55000900061097,2021-01-19,1,0,0.99999046
55000900061097,2021-01-20,1,0,0.99999094
55000900061097,2021-01-21,1,0,0.99999046
55000900061097,2021-01-22,1,0,0.99999
55000900061097,2021-01-23,1,0,0.9999895
55000900061097,2021-01-24,1,0,0.99999
55000900061097,2021-01-25,1,0,0.99999
55000900061097,2021-01-26,1,0,0.9999908
55000900061097,2021-01-27,1,0,0.9999908
55000900061097,2021-01-28,1,0,0.9999925
55000900061097,2021-01-29,1,0,0.99999166
55000900061097,2021-01-30,1,0,0.9999918
55000900061097,2021-01-31,1,0,0.99999297
55000900061097,2021-02-01,1,0,0.99999297
55000900061097,2021-02-02,1,0,0.99999297
55000900061097,2021-02-03,1,0,0.99999297
55000900061097,2021-02-04,1,0,0.99999297
55000900061097,2021-02-05,1,0,0.99999297
55000900061097,2021-02-06,1,0,0.99999297
55000900061097,2021-02-07,1,0,0.99999297
55000900061097,2021-02-08,1,0,0.99999297
55000900061097,2021-02-09,1,0,0.99999297
55000900061097,2021-02-10,1,0,0.99999297
55000900061097,2021-02-11,1,0,0.99999297
55000900061097,2021-02-12,1,0,0.99999297
55000900061097,2021-02-13,1,0,0.99999297
55000900061097,2021-02-14,1,0,0.99999297
55000900061097,2021-02-15,1,0,0.99999297
55000900061097,2021-02-16,1,0,0.99999297
55000900061097,2021-02-17,1,0,0.99999297
55000900061097,2021-02-18,1,0,0.99999297
55000900061097,2021-02-19,1,0,0.99999297
55000900061097,2021-02-20,1,0,0.99999297
55000900061097,2021-02-21,1,0,0.99999297
55000900061097,2021-02-22,1,0,0.99999297
55000900061097,2021-02-23,1,0,0.99999297
55000900061097,2021-02-24,1,0,0.99999297
55000900061097,2021-02-25,1,0,0.99999297
55000900061097,2021-02-26,1,0,0.99999297
55000900061097,2021-02-27,1,0,0.99999297
55000900061097,2021-02-28,1,0,0.99999297
55000900061097,2021-03-01,1,0,0.99999297
55000900061097,2021-03-02,1,0,0.99999297
55000900061097,2021-03-03,1,0,0.99999297
55000900061097,2021-03-04,1,0,0.99999297
55000900061097,2021-03-05,1,0,0.99999297
55000900061097,2021-03-06,1,0,0.99999297
55000900061097,2021-03-07,1,0,0.99999297
55000900061097,2021-03-08,1,0,0.99999297
55000900061097,2021-03-09,1,0,0.99999297
55000900061097,2021-03-10,1,0,0.99999297
55000900061097,2021-03-11,1,0,0.99999297
55000900061097,2021-03-12,1,0,0.99999297
55000900061097,2021-03-13,1,0,0.99999297
55000900061097,2021-03-14,1,0,0.99999297
55000900061097,2021-03-15,1,0,0.99999297
55000900061097,2021-03-16,1,0,0.99999297
55000900061097,2021-03-17,1,0,0.99999297
55000900061097,2021-03-18,1,0,0.99999297
55000900061097,2021-03-19,1,0,0.99999297
55000900061097,2021-03-20,1,0,0.99999297
55000900061097,2021-03-21,1,0,0.99999297
55000900061097,2021-03-22,1,0,0.99999297
55000900061097,2021-03-23,1,0,0.99999297
55000900061097,2021-03-24,1,0,0.99999297
55000900061097,2021-03-25,1,0,0.99999297
55000900061097,2021-03-26,1,0,0.99999297
55000900061097,2021-03-27,1,0,0.99999297
55000900061097,2021-03-28,1,0,0.99999297
55000900061097,2021-03-29,1,0,0.99999297
55000900061097,2021-03-30,1,0,0.99999297
55000900061097,2021-03-31,1,0,0.99999297
55000900061097,2021-04-01,1,0,0.99999297
55000900061097,2021-04-02,1,0,0.99999297
55000900061097,2021-04-03,1,0,0.99999297
55000900061097,2021-04-04,1,0,0.99999297
55000900061097,2021-04-05,1,0,0.99999297
55000900061097,2021-04-06,1,0,0.99999297
55000900061097,2021-04-07,1,0,0.99999297
55000900061097,2021-04-08,1,0,0.99999297
55000900061097,2021-04-09,1,0,0.99999297
55000900061097,2021-04-10,1,0,0.99999297
55000900061097,2021-04-11,1,0,0.99999297
55000900061097,2021-04-12,1,0,0.99999297
55000900061097,2021-04-13,1,0,0.99999297
55000900061097,2021-04-14,1,0,0.99999297
55000900061097,2021-04-15,1,0,0.99999297
55000900061097,2021-04-16,1,0,0.99999297
55000900061097,2021-04-17,1,0,0.99999297
55000900061097,2021-04-18,1,0,0.99999297
55000900061097,2021-04-19,1,0,0.99999297
55000900061097,2021-04-20,1,0,0.99999297
55000900061097,2021-04-21,1,0,0.99999297
55000900061097,2021-04-22,1,0,0.99999297
55000900061097,2021-04-23,1,0,0.99999297
55000900061097,2021-04-24,1,0,0.99999297
55000900061097,2021-04-25,1,0,0.99999297
55000900061097,2021-04-26,1,0,0.99999297
55000900061097,2021-04-27,1,0,0.99999297
55000900061097,2021-04-28,1,0,0.99999297
55000900061097,2021-04-29,1,0,0.99999297
55000900061097,2021-04-30,1,0,0.99999297
55000900061097,2021-05-01,1,0,0.99999297
55000900061097,2021-05-02,1,0,0.99999297
55000900061097,2021-05-03,1,0,0.99999297
55000900061097,2021-05-04,1,0,0.99999297
55000900061097,2021-05-05,1,0,0.99999297
55000900061097,2021-05-06,1,0,0.99999297
55000900061097,2021-05-07,1,0,0.99999297
55000900061097,2021-05-08,1,0,0.99999297
55000900061097,2021-05-09,1,0,0.99999297
55000900061097,2021-05-10,1,0,0.99999297
55000900061097,2021-05-11,1,0,0.99999297
55000900061097,2021-05-12,1,0,0.99999297
55000900061097,2021-05-13,1,0,0.99999297
55000900061097,2021-05-14,1,0,0.99999297
55000900061097,2021-05-15,1,0,0.99999297
55000900061097,2021-05-16,1,0,0.99999297
55000900061097,2021-05-17,1,0,0.99999297
55000900061097,2021-05-18,1,0,0.99999297
55000900061097,2021-05-19,1,0,0.99999297
55000900061097,2021-05-20,1,0,0.99999297
55000900061097,2021-05-21,1,0,0.99999297
55000900061097,2021-05-22,1,0,0.99999297
55000900061097,2021-05-23,1,0,0.99999297
55000900061097,2021-05-24,1,0,0.99999297
55000900061097,2021-05-25,1,0,0.99999297
55000900061097,2021-05-26,1,0,0.99999297
55000900061097,2021-05-27,1,0,0.99999297
55000900061097,2021-05-28,1,0,0.99999297
55000900061097,2021-05-29,1,0,0.99999297
55000900061097,2021-05-30,1,0,0.99999297
55000900061097,2021-05-31,1,0,0.99999297
55000900061097,2021-06-01,1,0,0.99999297
55000900061097,2021-06-02,1,0,0.99999297
55000900061097,2021-06-03,1,0,0.99999297
55000900061097,2021-06-04,1,0,0.99999297
55000900061097,2021-06-05,1,0,0.99999297
55000900061097,2021-06-06,1,0,0.99999297
55000900061097,2021-06-07,1,0,0.99999297
55000900061097,2021-06-08,1,0,0.99999297
55000900061097,2021-06-09,1,0,0.99999297
55000900061097,2021-06-10,1,0,0.99999297
55000900061097,2021-06-11,1,0,0.99999297
55000900061097,2021-06-12,1,0,0.99999297
55000900061097,2021-06-13,1,0,0.99999297
55000900061097,2021-06-14,1,0,0.99999297
55000900061097,2021-06-15,1,0,0.99999297
55000900061097,2021-06-16,1,0,0.99999297
55000900061097,2021-06-17,1,0,0.99999297
55000900061097,2021-06-18,1,0,0.99999297
55000900061097,2021-06-19,1,0,0.99999297
55000900061097,2021-06-20,1,0,0.99999297
55000900061097,2021-06-21,1,0,0.99999297
55000900061097,2021-06-22,1,0,0.99999297
55000900061097,2021-06-23,1,0,0.99999297
55000900061097,2021-06-24,1,0,0.99999297
55000900061097,2021-06-25,1,0,0.99999297
55000900061097,2021-06-26,1,0,0.99999297
55000900061097,2021-06-27,1,0,0.99999297
55000900061097,2021-06-28,1,0,0.99999297
55000900061097,2021-06-29,1,0,0.99999297
55000900061097,2021-06-30,1,0,0.99999297
55000900061097,2021-07-01,1,0,0.99999297
55000900061097,2021-07-02,1,0,0.99999297
55000900061097,2021-07-03,1,0,0.99999297
55000900061097,2021-07-04,1,0,0.99999297
55000900061097,2021-07-05,1,0,0.99999297
55000900061097,2021-07-06,1,0,0.99999297
55000900061097,2021-07-07,1,0,0.99999297
55000900061097,2021-07-08,1,0,0.99999297
55000900061097,2021-07-09,1,0,0.99999297
55000900061097,2021-07-10,1,0,0.99999297
55000900061097,2021-07-11,1,0,0.99999297
55000900061097,2021-07-12,1,0,0.99999297
55000900061097,2021-07-13,1,0,0.99999297
55000900061097,2021-07-14,1,0,0.99999297
55000900061097,2021-07-15,1,0,0.99999297
55000900061097,2021-07-16,1,0,0.99999297
55000900061097,2021-07-17,1,0,0.99999297
55000900061097,2021-07-18,1,0,0.99999297
55000900061097,2021-07-19,1,0,0.99999297
55000900061097,2021-07-20,1,0,0.99999297
55000900061097,2021-07-21,1,0,0.99999297
55000900061097,2021-07-22,1,0,0.99999297
55000900061097,2021-07-23,1,0,0.99999297
55000900061097,2021-07-24,1,0,0.99999297
55000900061097,2021-07-25,1,0,0.99999297
55000900061097,2021-07-26,1,0,0.99999297
55000900061097,2021-07-27,1,0,0.99999297
55000900061097,2021-07-28,1,0,0.99999297
55000900061097,2021-07-29,1,0,0.99999297
55000900061097,2021-07-30,1,0,0.99999297
55000900061097,2021-07-31,1,0,0.99999297
55000900061097,2021-08-01,1,0,0.99999297
55000900061097,2021-08-02,1,0,0.99999297
55000900061097,2021-08-03,1,0,0.99999297
55000900061097,2021-08-04,1,0,0.99999297
55000900061097,2021-08-05,1,0,0.99999297
55000900061097,2021-08-06,1,0,0.99999297
55000900061097,2021-08-07,1,0,0.99999297
55000900061097,2021-08-08,1,0,0.99999297
55000900061097,2021-08-09,1,0,0.99999297
55000900061097,2021-08-10,1,0,0.99999297
55000900061097,2021-08-11,1,0,0.99999297
55000900061097,2021-08-12,1,0,0.99999297
55000900061097,2021-08-13,1,0,0.99999297
55000900061097,2021-08-14,1,0,0.99999297
55000900061097,2021-08-15,1,0,0.99999297
55000900061097,2021-08-16,1,0,0.99999297
55000900061097,2021-08-17,1,0,0.99999297
55000900061097,2021-08-18,1,0,0.99999297
55000900061097,2021-08-19,1,0,0.99999297
55000900061097,2021-08-20,1,0,0.99999297
55000900061097,2021-08-21,1,0,0.99999297
55000900061097,2021-08-22,1,0,0.99999297
55000900061097,2021-08-23,1,0,0.99999297
55000900061097,2021-08-24,1,0,0.99999297
55000900061097,2021-08-25,1,0,0.99999297
55000900061097,2021-08-26,1,0,0.99999297
55000900061097,2021-08-27,1,0,0.99999297
55000900061097,2021-08-28,1,0,0.99999297
55000900061097,2021-08-29,1,0,0.99999297
55000900061097,2021-08-30,1,0,0.99999297
55000900061097,2021-08-31,1,0,0.99999297
55000900061097,2021-09-01,1,0,0.99999297
55000900061097,2021-09-02,1,0,0.99999297
55000900061097,2021-09-03,1,0,0.99999297
55000900061097,2021-09-04,1,0,0.99999297
55000900061097,2021-09-05,1,0,0.99999297
55000900061097,2021-09-06,1,0,0.99999297
55000900061097,2021-09-07,1,0,0.99999297
55000900061097,2021-09-08,1,0,0.99999297
55000900061097,2021-09-09,1,0,0.99999297
55000900061097,2021-09-10,1,0,0.99999297
55000900061097,2021-09-11,1,0,0.99999297
55000900061097,2021-09-12,1,0,0.99999297
55000900061097,2021-09-13,1,0,0.99999297
55000900061097,2021-09-14,1,0,0.99999297
55000900061097,2021-09-15,1,0,0.99999297
55000900061097,2021-09-16,1,0,0.99999297
55000900061097,2021-09-17,1,0,0.99999297
55000900061097,2021-09-18,1,0,0.99999297
55000900061097,2021-09-19,1,0,0.99999297
55000900061097,2021-09-20,1,0,0.99999297
55000900061097,2021-09-21,1,0,0.99999297
55000900061097,2021-09-22,1,0,0.99999297
55000900061097,2021-09-23,1,0,0.99999297
55000900061097,2021-09-24,1,0,0.99999297
55000900061097,2021-09-25,1,0,0.99999297
55000900061097,2021-09-26,1,0,0.99999297
55000900061097,2021-09-27,1,0,0.99999297
55000900061097,2021-09-28,1,0,0.99999297
55000900061097,2021-09-29,1,0,0.99999297
55000900061097,2021-09-30,1,0,0.99999297
55000900061097,2021-10-01,1,0,0.99999297
55000900061097,2021-10-02,1,0,0.99999297
55000900061097,2021-10-03,1,0,0.99999297
55000900061097,2021-10-04,1,0,0.99999297
55000900061097,2021-10-05,1,0,0.99999297
55000900061097,2021-10-06,1,0,0.99999297
55000900061097,2021-10-07,1,0,0.99999297
55000900061097,2021-10-08,1,0,0.99999297
55000900061097,2021-10-09,1,0,0.99999297
55000900061097,2021-10-10,1,0,0.99999297
55000900061097,2021-10-11,1,0,0.99999297
55000900061097,2021-10-12,1,0,0.99999297
55000900061097,2021-10-13,1,0,0.99999297
55000900061097,2021-10-14,1,0,0.99999297
55000900061097,2021-10-15,1,0,0.99999297
55000900061097,2021-10-16,1,0,0.99999297
55000900061097,2021-10-17,1,0,0.99999297
55000900061097,2021-10-18,1,0,0.99999297
55000900061097,2021-10-19,1,0,0.99999297
55000900061097,2021-10-20,1,0,0.99999297
55000900061097,2021-10-21,1,0,0.99999297
55000900061097,2021-10-22,1,0,0.99999297
55000900061097,2021-10-23,1,0,0.99999297
55000900061097,2021-10-24,1,0,0.99999297
55000900061097,2021-10-25,1,0,0.99999297
55000900061097,2021-10-26,1,0,0.99999297
55000900061097,2021-10-27,1,0,0.99999297
55000900061097,2021-10-28,1,0,0.99999297
55000900061097,2021-10-29,1,0,0.99999297
55000900061097,2021-10-30,1,0,0.99999297
55000900061097,2021-10-31,1,0,0.99999297
55000900061097,2021-11-01,1,0,0.99999297
55000900061097,2021-11-02,1,0,0.99999297
55000900061097,2021-11-03,1,0,0.99999297
55000900061097,2021-11-04,1,0,0.99999297
55000900061097,2021-11-05,1,0,0.99999297
55000900061097,2021-11-06,1,0,0.99999297
55000900061097,2021-11-07,1,0,0.99999297
55000900061097,2021-11-08,1,0,0.99999297
55000900061097,2021-11-09,1,0,0.99999297
55000900061097,2021-11-10,1,0,0.99999297
55000900061097,2021-11-11,1,0,0.99999297
55000900061097,2021-11-12,1,0,0.99999297
55000900061097,2021-11-13,1,0,0.99999297
55000900061097,2021-11-14,1,0,0.99999297
55000900061097,2021-11-15,1,0,0.99999297
55000900061097,2021-11-16,1,0,0.99999297
55000900061097,2021-11-17,1,0,0.99999297
55000900061097,2021-11-18,1,0,0.99999297
55000900061097,2021-11-19,1,0,0.99999297
55000900061097,2021-11-20,1,0,0.99999297
55000900061097,2021-11-21,1,0,0.99999297
55000900061097,2021-11-22,1,0,0.99999297
55000900061097,2021-11-23,1,0,0.99999297
55000900061097,2021-11-24,1,0,0.99999297
55000900061097,2021-11-25,1,0,0.99999297
55000900061097,2021-11-26,1,0,0.99999297
55000900061097,2021-11-27,1,0,0.99999297
55000900061097,2021-11-28,1,0,0.99999297
55000900061097,2021-11-29,1,0,0.99999297
55000900061097,2021-11-30,1,0,0.99999297
55000900061097,2021-12-01,1,0,0.99999297
55000900061097,2021-12-02,1,0,0.99999297
55000900061097,2021-12-03,1,0,0.99999297
55000900061097,2021-12-04,1,0,0.99999297
55000900061097,2021-12-05,1,0,0.99999297
55000900061097,2021-12-06,1,0,0.99999297
55000900061097,2021-12-07,1,0,0.99999297
55000900061097,2021-12-08,1,0,0.99999297
55000900061097,2021-12-09,1,0,0.99999297
55000900061097,2021-12-10,1,0,0.99999297
55000900061097,2021-12-11,1,0,0.99999297
55000900061097,2021-12-12,1,0,0.99999297
55000900061097,2021-12-13,1,0,0.99999297
55000900061097,2021-12-14,1,0,0.99999297
55000900061097,2021-12-15,1,0,0.99999297
55000900061097,2021-12-16,1,0,0.99999297
55000900061097,2021-12-17,1,0,0.99999297
55000900061097,2021-12-18,1,0,0.99999297
55000900061097,2021-12-19,1,0,0.99999297
55000900061097,2021-12-20,1,0,0.99999297
55000900061097,2021-12-21,1,0,0.99999297
55000900061097,2021-12-22,1,0,0.99999297
55000900061097,2021-12-23,1,0,0.99999297
55000900061097,2021-12-24,1,0,0.99999297
55000900061097,2021-12-25,1,0,0.99999297
55000900061097,2021-12-26,1,0,0.99999297
55000900061097,2021-12-27,1,0,0.99999297
55000900061097,2021-12-28,1,0,0.99999297
55000900061097,2021-12-29,1,0,0.99999297
55000900061097,2021-12-30,1,0,0.99999297
55000900061097,2021-12-31,1,0,0.99999297
55000900061097,2022-01-01,1,0,0.99999297
55000900061097,2022-01-02,1,0,0.99999297
55000900061097,2022-01-03,1,0,0.99999297
55000900061097,2022-01-04,1,0,0.99999297
55000900061097,2022-01-05,1,0,0.99999297
55000900061097,2022-01-06,1,0,0.99999297
55000900061097,2022-01-07,1,0,0.99999297
55000900061097,2022-01-08,1,0,0.99999297
55000900061097,2022-01-09,1,0,0.99999297
55000900061097,2022-01-10,1,0,0.99999297
55000900061097,2022-01-11,1,0,0.99999297
55000900061097,2022-01-12,1,0,0.99999297
55000900061097,2022-01-13,1,0,0.99999297
55000900061097,2022-01-14,1,0,0.99999297
55000900061097,2022-01-15,1,0,0.99999297
55000900061097,2022-01-16,1,0,0.99999297
55000900061097,2022-01-17,1,0,0.99999297
55000900061097,2022-01-18,1,0,0.99999297
55000900061097,2022-01-19,1,0,0.99999297
55000900061097,2022-01-20,1,0,0.99999297
55000900061097,2022-01-21,1,0,0.99999297
55000900061097,2022-01-22,1,0,0.99999297
55000900061097,2022-01-23,1,0,0.99999297
55000900061097,2022-01-24,1,0,0.99999297
55000900061097,2022-01-25,1,0,0.99999297
55000900061097,2022-01-26,1,0,0.99999297
55000900061097,2022-01-27,1,0,0.99999297
55000900061097,2022-01-28,1,0,0.99999297
55000900061097,2022-01-29,1,0,0.99999297
55000900061097,2022-01-30,1,0,0.99999297
55000900061097,2022-01-31,1,0,0.99999297
55000900061097,2022-02-01,1,0,0.99999297
55000900061097,2022-02-02,1,0,0.99999297
55000900061097,2022-02-03,1,0,0.99999297
55000900061097,2022-02-04,1,0,0.99999297
55000900061097,2022-02-05,1,0,0.99999297
55000900061097,2022-02-06,1,0,0.99999297
55000900061097,2022-02-07,1,0,0.99999297
55000900061097,2022-02-08,1,0,0.99999297
55000900061097,2022-02-09,1,0,0.99999297
55000900061097,2022-02-10,1,0,0.99999297
55000900061097,2022-02-11,1,0,0.99999297
55000900061097,2022-02-12,1,0,0.99999297
55000900061097,2022-02-13,1,0,0.99999297
55000900061097,2022-02-14,1,0,0.99999297
55000900061097,2022-02-15,1,0,0.99999297
55000900061097,2022-02-16,1,0,0.99999297
55000900061097,2022-02-17,1,0,0.99999297
55000900061097,2022-02-18,1,0,0.99999297
55000900061097,2022-02-19,1,0,0.99999297
55000900061097,2022-02-20,1,0,0.99999297
55000900061097,2022-02-21,1,0,0.99999297
55000900061097,2022-02-22,1,0,0.99999297
55000900061097,2022-02-23,1,0,0.99999297
55000900061097,2022-02-24,1,0,0.99999297
55000900061097,2022-02-25,1,0,0.99999297
55000900061097,2022-02-26,1,0,0.99999297
55000900061097,2022-02-27,1,0,0.99999297
55000900061097,2022-02-28,1,0,0.99999297
55000900061097,2022-03-01,1,0,0.99999297
55000900061097,2022-03-02,1,0,0.99999297
55000900061097,2022-03-03,1,0,0.99999297
55000900061097,2022-03-04,1,0,0.99999297
55000900061097,2022-03-05,1,0,0.99999297
55000900061097,2022-03-06,1,0,0.99999297
55000900061097,2022-03-07,1,0,0.99999297
55000900061097,2022-03-08,1,0,0.99999297
55000900061097,2022-03-09,1,0,0.99999297
55000900061097,2022-03-10,1,0,0.99999297
55000900061097,2022-03-11,1,0,0.99999297
55000900061097,2022-03-12,1,0,0.99999297
55000900061097,2022-03-13,1,0,0.99999297
55000900061097,2022-03-14,1,0,0.99999297
55000900061097,2022-03-15,1,0,0.99999297
55000900061097,2022-03-16,1,0,0.99999297
55000900061097,2022-03-17,1,0,0.99999297
55000900061097,2022-03-18,1,0,0.99999297
55000900061097,2022-03-19,1,0,0.99999297
55000900061097,2022-03-20,1,0,0.99999297
55000900061097,2022-03-21,1,0,0.99999297
55000900061097,2022-03-22,1,0,0.99999297
55000900061097,2022-03-23,1,0,0.99999297
55000900061097,2022-03-24,1,0,0.99999297
55000900061097,2022-03-25,1,0,0.99999297
55000900061097,2022-03-26,1,0,0.99999297
55000900061097,2022-03-27,1,0,0.99999297
55000900061097,2022-03-28,1,0,0.99999297
55000900061097,2022-03-29,1,0,0.99999297
55000900061097,2022-03-30,1,0,0.99999297
55000900061097,2022-03-31,1,0,0.99999297
55000900061097,2022-04-01,1,0,0.99999297
55000900061097,2022-04-02,1,0,0.99999297
55000900061097,2022-04-03,1,0,0.99999297
55000900061097,2022-04-04,1,0,0.99999297
55000900061097,2022-04-05,1,0,0.99999297
55000900061097,2022-04-06,1,0,0.99999297
55000900061097,2022-04-07,1,0,0.99999297
55000900061097,2022-04-08,1,0,0.99999297
55000900061097,2022-04-09,1,0,0.99999297
55000900061097,2022-04-10,1,0,0.99999297
55000900061097,2022-04-11,1,0,0.99999297
55000900061097,2022-04-12,1,0,0.99999297
55000900061097,2022-04-13,1,0,0.99999297
55000900061097,2022-04-14,1,0,0.99999297
55000900061097,2022-04-15,1,0,0.99999297
55000900061097,2022-04-16,1,0,0.99999297
55000900061097,2022-04-17,1,0,0.99999297
55000900061097,2022-04-18,1,0,0.99999297
55000900061097,2022-04-19,1,0,0.99999297
55000900061097,2022-04-20,1,0,0.99999297
55000900061097,2022-04-21,1,0,0.99999297
55000900061097,2022-04-22,1,0,0.99999297
55000900061097,2022-04-23,1,0,0.99999297
55000900061097,2022-04-24,1,0,0.99999297
55000900061097,2022-04-25,1,0,0.99999297
55000900061097,2022-04-26,1,0,0.99999297
55000900061097,2022-04-27,1,0,0.99999297
55000900061097,2022-04-28,1,0,0.99999297
55000900061097,2022-04-29,1,0,0.99999297
55000900061097,2022-04-30,1,0,0.99999297
55000900061097,2022-05-01,1,0,0.99999297
55000900061097,2022-05-02,1,0,0.99999297
55000900061097,2022-05-03,1,0,0.99999297
55000900061097,2022-05-04,1,0,0.99999297
55000900061097,2022-05-05,1,0,0.99999297
55000900061097,2022-05-06,1,0,0.99999297
55000900061097,2022-05-07,1,0,0.99999297
55000900061097,2022-05-08,1,0,0.99999297
55000900061097,2022-05-09,1,0,0.99999297
55000900061097,2022-05-10,1,0,0.99999297
55000900061097,2022-05-11,1,0,0.99999297
55000900061097,2022-05-12,1,0,0.99999297
55000900061097,2022-05-13,1,0,0.99999297
55000900061097,2022-05-14,1,0,0.99999297
55000900061097,2022-05-15,1,0,0.99999297
55000900061097,2022-05-16,1,0,0.99999297
55000900061097,2022-05-17,1,0,0.99999297
55000900061097,2022-05-18,1,0,0.99999297
55000900061097,2022-05-19,1,0,0.99999297
55000900061097,2022-05-20,1,0,0.99999297
55000900061097,2022-05-21,1,0,0.99999297
55000900061097,2022-05-22,1,0,0.99999297
55000900061097,2022-05-23,1,0,0.99999297
55000900061097,2022-05-24,1,0,0.99999297
55000900061097,2022-05-25,1,0,0.99999297
55000900061097,2022-05-26,1,0,0.99999297
55000900061097,2022-05-27,1,0,0.99999297
55000900061097,2022-05-28,1,0,0.99999297
55000900061097,2022-05-29,1,0,0.99999297
55000900061097,2022-05-30,1,0,0.99999297
55000900061097,2022-05-31,1,0,0.99999297
55000900061097,2022-06-01,1,0,0.99999297
55000900061097,2022-06-02,1,0,0.99999297
55000900061097,2022-06-03,1,0,0.99999297
55000900061097,2022-06-04,1,0,0.99999297
55000900061097,2022-06-05,1,0,0.99999297
55000900061097,2022-06-06,1,0,0.99999297
55000900061097,2022-06-07,1,0,0.99999297
55000900061097,2022-06-08,1,0,0.99999297
55000900061097,2022-06-09,1,0,0.99999297
55000900061097,2022-06-10,1,0,0.99999297
55000900061097,2022-06-11,1,0,0.99999297
55000900061097,2022-06-12,1,0,0.99999297
55000900061097,2022-06-13,1,0,0.99999297
55000900061097,2022-06-14,1,0,0.99999297
55000900061097,2022-06-15,1,0,0.99999297
55000900061097,2022-06-16,1,0,0.99999297
55000900061097,2022-06-17,1,0,0.99999297
55000900061097,2022-06-18,1,0,0.99999297
55000900061097,2022-06-19,1,0,0.99999297
55000900061097,2022-06-20,1,0,0.99999297
55000900061097,2022-06-21,1,0,0.99999297
55000900061097,2022-06-22,1,0,0.99999297
55000900061097,2022-06-23,1,0,0.99999297
55000900061097,2022-06-24,1,0,0.99999297
55000900061097,2022-06-25,1,0,0.99999297
55000900061097,2022-06-26,1,0,0.99999297
55000900061097,2022-06-27,1,0,0.99999297
55000900061097,2022-06-28,1,0,0.99999297
55000900061097,2022-06-29,1,0,0.99999297
55000900061097,2022-06-30,1,0,0.99999297
55000900061097,2022-07-01,1,0,0.99999297
55000900061097,2022-07-02,1,0,0.99999297
55000900061097,2022-07-03,1,0,0.99999297
55000900061097,2022-07-04,1,0,0.99999297
55000900061097,2022-07-05,1,0,0.99999297
55000900061097,2022-07-06,1,0,0.99999297
55000900061097,2022-07-07,1,0,0.99999297
55000900061097,2022-07-08,1,0,0.99999297
55000900061097,2022-07-09,1,0,0.99999297
55000900061097,2022-07-10,1,0,0.99999297
55000900061097,2022-07-11,1,0,0.99999297
55000900061097,2022-07-12,1,0,0.99999297
55000900061097,2022-07-13,1,0,0.99999297
55000900061097,2022-07-14,1,0,0.99999297
55000900061097,2022-07-15,1,0,0.99999297
55000900061097,2022-07-16,1,0,0.99999297
55000900061097,2022-07-17,1,0,0.99999297
55000900061097,2022-07-18,1,0,0.99999297
55000900061097,2022-07-19,1,0,0.99999297
55000900061097,2022-07-20,1,0,0.99999297
55000900061097,2022-07-21,1,0,0.99999297
55000900061097,2022-07-22,1,0,0.99999297
55000900061097,2022-07-23,1,0,0.99999297
55000900061097,2022-07-24,1,0,0.99999297
55000900061097,2022-07-25,1,0,0.99999297
55000900061097,2022-07-26,1,0,0.99999297
55000900061097,2022-07-27,1,0,0.99999297
55000900061097,2022-07-28,1,0,0.99999297
55000900061097,2022-07-29,1,0,0.99999297
55000900061097,2022-07-30,1,0,0.99999297
55000900061097,2022-07-31,1,0,0.99999297
55000900061097,2022-08-01,1,0,0.99999297
55000900061097,2022-08-02,1,0,0.99999297
55000900061097,2022-08-03,1,0,0.99999297
55000900061097,2022-08-04,1,0,0.99999297
55000900061097,2022-08-05,1,0,0.99999297
55000900061097,2022-08-06,1,0,0.99999297
55000900061097,2022-08-07,1,0,0.99999297
55000900061097,2022-08-08,1,0,0.99999297
55000900061097,2022-08-09,1,0,0.99999297
55000900061097,2022-08-10,1,0,0.99999297
55000900061097,2022-08-11,1,0,0.99999297
55000900061097,2022-08-12,1,0,0.99999297
55000900061097,2022-08-13,1,0,0.99999297
55000900061097,2022-08-14,1,0,0.99999297
55000900061097,2022-08-15,1,0,0.99999297
55000900061097,2022-08-16,1,0,0.99999297
55000900061097,2022-08-17,1,0,0.99999297
55000900061097,2022-08-18,1,0,0.99999297
55000900061097,2022-08-19,1,0,0.99999297
55000900061097,2022-08-20,1,0,0.99999297
55000900061097,2022-08-21,1,0,0.99999297
55000900061097,2022-08-22,1,0,0.99999297
55000900061097,2022-08-23,1,0,0.99999297
55000900061097,2022-08-24,1,0,0.99999297
55000900061097,2022-08-25,1,0,0.99999297
55000900061097,2022-08-26,1,0,0.99999297
55000900061097,2022-08-27,1,0,0.99999297
55000900061097,2022-08-28,1,0,0.99999297
55000900061097,2022-08-29,1,0,0.99999297
55000900061097,2022-08-30,1,0,0.99999297
55000900061097,2022-08-31,1,0,0.99999297
55000900061097,2022-09-01,1,0,0.99999297
55000900061097,2022-09-02,1,0,0.99999297
55000900061097,2022-09-03,1,0,0.99999297
55000900061097,2022-09-04,1,0,0.99999297
55000900061097,2022-09-05,1,0,0.99999297
55000900061097,2022-09-06,1,0,0.99999297
55000900061097,2022-09-07,1,0,0.99999297
55000900061097,2022-09-08,1,0,0.99999297
55000900061097,2022-09-09,1,0,0.99999297
55000900061097,2022-09-10,1,0,0.99999297
55000900061097,2022-09-11,1,0,0.99999297
55000900061097,2022-09-12,1,0,0.99999297
55000900061097,2022-09-13,1,0,0.99999297
55000900061097,2022-09-14,1,0,0.99999297
55000900061097,2022-09-15,1,0,0.99999297
55000900061097,2022-09-16,1,0,0.99999297
55000900061097,2022-09-17,1,0,0.99999297
55000900061097,2022-09-18,1,0,0.99999297
55000900061097,2022-09-19,1,0,0.99999297
55000900061097,2022-09-20,1,0,0.99999297
55000900061097,2022-09-21,1,0,0.99999297
55000900061097,2022-09-22,1,0,0.99999297
55000900061097,2022-09-23,1,0,0.99999297
55000900061097,2022-09-24,1,0,0.99999297
55000900061097,2022-09-25,1,0,0.99999297
55000900061097,2022-09-26,1,0,0.99999297
55000900061097,2022-09-27,1,0,0.99999297
55000900061097,2022-09-28,1,0,0.99999297
55000900061097,2022-09-29,1,0,0.99999297
55000900061097,2022-09-30,1,0,0.99999297
55000900061097,2022-10-01,1,0,0.99999297
55000900061097,2022-10-02,1,0,0.99999297
55000900061097,2022-10-03,1,0,0.99999297
55000900061097,2022-10-04,1,0,0.99999297
55000900061097,2022-10-05,1,0,0.99999297
55000900061097,2022-10-06,1,0,0.99999297
55000900061097,2022-10-07,1,0,0.99999297
55000900061097,2022-10-08,1,0,0.99999297
55000900061097,2022-10-09,1,0,0.99999297
55000900061097,2022-10-10,1,0,0.99999297
55000900061097,2022-10-11,1,0,0.99999297
55000900061097,2022-10-12,1,0,0.99999297
55000900061097,2022-10-13,1,0,0.99999297
55000900061097,2022-10-14,1,0,0.99999297
55000900061097,2022-10-15,1,0,0.99999297
55000900061097,2022-10-16,1,0,0.99999297
55000900061097,2022-10-17,1,0,0.99999297
55000900061097,2022-10-18,1,0,0.99999297
55000900061097,2022-10-19,1,0,0.99999297
55000900061097,2022-10-20,1,0,0.99999297
55000900061097,2022-10-21,1,0,0.99999297
55000900061097,2022-10-22,1,0,0.99999297
55000900061097,2022-10-23,1,0,0.99999297
55000900061097,2022-10-24,1,0,0.99999297
55000900061097,2022-10-25,1,0,0.99999297
55000900061097,2022-10-26,1,0,0.99999297
55000900061097,2022-10-27,1,0,0.99999297
55000900061097,2022-10-28,1,0,0.99999297
55000900061097,2022-10-29,1,0,0.99999297
55000900061097,2022-10-30,1,0,0.99999297
55000900061097,2022-10-31,1,0,0.99999297
55000900061097,2022-11-01,1,0,0.99999297
55000900061097,2022-11-02,1,0,0.99999297
55000900061097,2022-11-03,1,0,0.99999297
55000900061097,2022-11-04,1,0,0.99999297
55000900061097,2022-11-05,1,0,0.99999297
55000900061097,2022-11-06,1,0,0.99999297
55000900061097,2022-11-07,1,0,0.99999297
55000900061097,2022-11-08,1,0,0.99999297
55000900061097,2022-11-09,1,0,0.99999297
55000900061097,2022-11-10,1,0,0.99999297
55000900061097,2022-11-11,1,0,0.99999297
55000900061097,2022-11-12,1,0,0.99999297
55000900061097,2022-11-13,1,0,0.99999297
55000900061097,2022-11-14,1,0,0.99999297
55000900061097,2022-11-15,1,0,0.99999297
55000900061097,2022-11-16,1,0,0.99999297
55000900061097,2022-11-17,1,0,0.99999297
55000900061097,2022-11-18,1,0,0.99999297
55000900061097,2022-11-19,1,0,0.99999297
55000900061097,2022-11-20,1,0,0.99999297
55000900061097,2022-11-21,1,0,0.99999297
55000900061097,2022-11-22,1,0,0.99999297
55000900061097,2022-11-23,1,0,0.99999297
55000900061097,2022-11-24,1,0,0.99999297
55000900061097,2022-11-25,1,0,0.99999297
55000900061097,2022-11-26,1,0,0.99999297
55000900061097,2022-11-27,1,0,0.99999297
55000900061097,2022-11-28,1,0,0.99999297
55000900061097,2022-11-29,1,0,0.99999297
55000900061097,2022-11-30,1,0,0.99999297
55000900061097,2022-12-01,1,0,0.99999297
55000900061097,2022-12-02,1,0,0.99999297
55000900061097,2022-12-03,1,0,0.99999297
55000900061097,2022-12-04,1,0,0.99999297
55000900061097,2022-12-05,1,0,0.99999297
55000900061097,2022-12-06,1,0,0.99999297
55000900061097,2022-12-07,1,0,0.99999297
55000900061097,2022-12-08,1,0,0.99999297
55000900061097,2022-12-09,1,0,0.99999297
55000900061097,2022-12-10,1,0,0.99999297
55000900061097,2022-12-11,1,0,0.99999297
55000900061097,2022-12-12,1,0,0.99999297
55000900061097,2022-12-13,1,0,0.99999297
55000900061097,2022-12-14,1,0,0.99999297
55000900061097,2022-12-15,1,0,0.99999297
55000900061097,2022-12-16,1,0,0.99999297
55000900061097,2022-12-17,1,0,0.99999297
55000900061097,2022-12-18,1,0,0.99999297
55000900061097,2022-12-19,1,0,0.99999297
55000900061097,2022-12-20,1,0,0.99999297
55000900061097,2022-12-21,1,0,0.99999297
55000900061097,2022-12-22,1,0,0.99999297
55000900061097,2022-12-23,1,0,0.99999297
55000900061097,2022-12-24,1,0,0.99999297
55000900061097,2022-12-25,1,0,0.99999297
55000900061097,2022-12-26,1,0,0.99999297
55000900061097,2022-12-27,1,0,0.99999297
55000900061097,2022-12-28,1,0,0.99999297
55000900061097,2022-12-29,1,0,0.99999297
55000900061097,2022-12-30,1,0,0.99999297
55000900061097,2022-12-31,1,0,0.99999297
55000900061097,2023-01-01,1,0,0.99999297
55000900061097,2023-01-02,1,0,0.99999297
55000900061097,2023-01-03,1,0,0.99999297
55000900061097,2023-01-04,1,0,0.99999297
55000900061097,2023-01-05,1,0,0.99999297
55000900061097,2023-01-06,1,0,0.99999297
55000900061097,2023-01-07,1,0,0.99999297
55000900061097,2023-01-08,1,0,0.99999297
55000900061097,2023-01-09,1,0,0.99999297
55000900061097,2023-01-10,1,0,0.99999297
55000900061097,2023-01-11,1,0,0.99999297
55000900061097,2023-01-12,1,0,0.99999297
55000900061097,2023-01-13,1,0,0.99999297
55000900061097,2023-01-14,1,0,0.99999297
55000900061097,2023-01-15,1,0,0.99999297
55000900061097,2023-01-16,1,0,0.99999297
55000900061097,2023-01-17,1,0,0.99999297
55000900061097,2023-01-18,1,0,0.99999297
55000900061097,2023-01-19,1,0,0.99999297
55000900061097,2023-01-20,1,0,0.99999297
55000900061097,2023-01-21,1,0,0.99999297
55000900061097,2023-01-22,1,0,0.99999297
55000900061097,2023-01-23,1,0,0.99999297
55000900061097,2023-01-24,1,0,0.99999297
55000900061097,2023-01-25,1,0,0.99999297
55000900061097,2023-01-26,1,0,0.99999297
55000900061097,2023-01-27,1,0,0.99999297
55000900061097,2023-01-28,1,0,0.99999297
55000900061097,2023-01-29,1,0,0.99999297
55000900061097,2023-01-30,1,0,0.99999297
55000900061097,2023-01-31,1,0,0.99999297
55000900061097,2023-02-01,1,0,0.99999297
55000900061097,2023-02-02,1,0,0.99999297
55000900061097,2023-02-03,1,0,0.99999297
55000900061097,2023-02-04,1,0,0.99999297
55000900061097,2023-02-05,1,0,0.99999297
55000900061097,2023-02-06,1,0,0.99999297
55000900061097,2023-02-07,1,0,0.99999297
55000900061097,2023-02-08,1,0,0.99999297
55000900061097,2023-02-09,1,0,0.99999297
55000900061097,2023-02-10,1,0,0.99999297
55000900061097,2023-02-11,1,0,0.99999297
55000900061097,2023-02-12,1,0,0.99999297
55000900061097,2023-02-13,1,0,0.99999297
55000900061097,2023-02-14,1,0,0.99999297
55000900061097,2023-02-15,1,0,0.99999297
55000900061097,2023-02-16,1,0,0.99999297
55000900061097,2023-02-17,1,0,0.99999297
55000900061097,2023-02-18,1,0,0.99999297
55000900061097,2023-02-19,1,0,0.99999297
55000900061097,2023-02-20,1,0,0.99999297
55000900061097,2023-02-21,1,0,0.99999297
55000900061097,2023-02-22,1,0,0.99999297
55000900061097,2023-02-23,1,0,0.99999297
55000900061097,2023-02-24,1,0,0.99999297
55000900061097,2023-02-25,1,0,0.99999297
55000900061097,2023-02-26,1,0,0.99999297
55000900061097,2023-02-27,1,0,0.99999297
55000900061097,2023-02-28,1,0,0.99999297
55000900061097,2023-03-01,1,0,0.99999297
55000900061097,2023-03-02,1,0,0.99999297
55000900061097,2023-03-03,1,0,0.99999297
55000900061097,2023-03-04,1,0,0.99999297
55000900061097,2023-03-05,1,0,0.99999297
55000900061097,2023-03-06,1,0,0.99999297
55000900061097,2023-03-07,1,0,0.99999297
55000900061097,2023-03-08,1,0,0.99999297
55000900061097,2023-03-09,1,0,0.99999297
55000900061097,2023-03-10,1,0,0.99999297
55000900061097,2023-03-11,1,0,0.99999297
55000900061097,2023-03-12,1,0,0.99999297
55000900061097,2023-03-13,1,0,0.99999297
55000900061097,2023-03-14,1,0,0.99999297
55000900061097,2023-03-15,1,0,0.99999297
55000900061097,2023-03-16,1,0,0.99999297
55000900061097,2023-03-17,1,0,0.99999297
55000900061097,2023-03-18,1,0,0.99999297
55000900061097,2023-03-19,1,0,0.99999297
55000900061097,2023-03-20,1,0,0.99999297
55000900061097,2023-03-21,1,0,0.99999297
55000900061097,2023-03-22,1,0,0.99999297
55000900061097,2023-03-23,1,0,0.99999297
55000900061097,2023-03-24,1,0,0.99999297
55000900061097,2023-03-25,1,0,0.99999297
55000900061097,2023-03-26,1,0,0.99999297
55000900061097,2023-03-27,1,0,0.99999297
55000900061097,2023-03-28,1,0,0.99999297
55000900061097,2023-03-29,1,0,0.99999297
55000900061097,2023-03-30,1,0,0.99999297
55000900061097,2023-03-31,1,0,0.99999297
55000900061097,2023-04-01,1,0,0.99999297
55000900061097,2023-04-02,1,0,0.99999297
55000900061097,2023-04-03,1,0,0.99999297
55000900061097,2023-04-04,1,0,0.99999297
55000900061097,2023-04-05,1,0,0.99999297
55000900061097,2023-04-06,1,0,0.99999297
55000900061097,2023-04-07,1,0,0.99999297
55000900061097,2023-04-08,1,0,0.99999297
55000900061097,2023-04-09,1,0,0.99999297
55000900061097,2023-04-10,1,0,0.99999297
55000900061097,2023-04-11,1,0,0.99999297
55000900061097,2023-04-12,1,0,0.99999297
55000900061097,2023-04-13,1,0,0.99999297
55000900061097,2023-04-14,1,0,0.99999297
55000900061097,2023-04-15,1,0,0.99999297
55000900061097,2023-04-16,1,0,0.99999297
55000900061097,2023-04-17,1,0,0.99999297
55000900061097,2023-04-18,1,0,0.99999297
55000900061097,2023-04-19,1,0,0.99999297
55000900061097,2023-04-20,1,0,0.99999297
55000900061097,2023-04-21,1,0,0.99999297
55000900061097,2023-04-22,1,0,0.99999297
55000900061097,2023-04-23,1,0,0.99999297
55000900061097,2023-04-24,1,0,0.99999297
55000900061097,2023-04-25,1,0,0.99999297
55000900061097,2023-04-26,1,0,0.99999297
55000900061097,2023-04-27,1,0,0.99999297
55000900061097,2023-04-28,1,0,0.99999297
55000900061097,2023-04-29,1,0,0.99999297
55000900061097,2023-04-30,1,0,0.99999297
55000900061097,2023-05-01,1,0,0.99999297
55000900061097,2023-05-02,1,0,0.99999297
55000900061097,2023-05-03,1,0,0.99999297
55000900061097,2023-05-04,1,0,0.99999297
55000900061097,2023-05-05,1,0,0.99999297
55000900061097,2023-05-06,1,0,0.99999297
55000900061097,2023-05-07,1,0,0.99999297
55000900061097,2023-05-08,1,0,0.99999297
55000900061097,2023-05-09,1,0,0.99999297
55000900061097,2023-05-10,1,0,0.99999297
55000900061097,2023-05-11,1,0,0.99999297
55000900061097,2023-05-12,1,0,0.99999297
55000900061097,2023-05-13,1,0,0.99999297
55000900061097,2023-05-14,1,0,0.99999297
55000900061097,2023-05-15,1,0,0.99999297
55000900061097,2023-05-16,1,0,0.99999297
55000900061097,2023-05-17,1,0,0.99999297
55000900061097,2023-05-18,1,0,0.99999297
55000900061097,2023-05-19,1,0,0.99999297
55000900061097,2023-05-20,1,0,0.99999297
55000900061097,2023-05-21,1,0,0.99999297
55000900061097,2023-05-22,1,0,0.99999297
55000900061097,2023-05-23,1,0,0.99999297
55000900061097,2023-05-24,1,0,0.99999297
55000900061097,2023-05-25,1,0,0.99999297
55000900061097,2023-05-26,1,0,0.99999297
55000900061097,2023-05-27,1,0,0.99999297
55000900061097,2023-05-28,1,0,0.99999297
55000900061097,2023-05-29,1,0,0.99999297
55000900061097,2023-05-30,1,0,0.99999297
55000900061097,2023-05-31,1,0,0.99999297
55000900061097,2023-06-01,1,0,0.99999297
55000900061097,2023-06-02,1,0,0.99999297
55000900061097,2023-06-03,1,0,0.99999297
55000900061097,2023-06-04,1,0,0.99999297
55000900061097,2023-06-05,1,0,0.99999297
55000900061097,2023-06-06,1,0,0.99999297
55000900061097,2023-06-07,1,0,0.99999297
55000900061097,2023-06-08,1,0,0.99999297
55000900061097,2023-06-09,1,0,0.99999297
55000900061097,2023-06-10,1,0,0.99999297
55000900061097,2023-06-11,1,0,0.99999297
55000900061097,2023-06-12,1,0,0.99999297
55000900061097,2023-06-13,1,0,0.99999297
55000900061097,2023-06-14,1,0,0.99999297
55000900061097,2023-06-15,1,0,0.99999297
55000900061097,2023-06-16,1,0,0.99999297
55000900061097,2023-06-17,1,0,0.99999297
55000900061097,2023-06-18,1,0,0.99999297
55000900061097,2023-06-19,1,0,0.99999297
55000900061097,2023-06-20,1,0,0.99999297
55000900061097,2023-06-21,1,0,0.99999297
55000900061097,2023-06-22,1,0,0.99999297
55000900061097,2023-06-23,1,0,0.99999297
55000900061097,2023-06-24,1,0,0.99999297
55000900061097,2023-06-25,1,0,0.99999297
55000900095919,2020-09-29,1,0,0.76874596
55000900095919,2020-09-30,0,0,0.7885941
55000900095919,2020-10-01,0,0,0.80475116
55000900095919,2020-10-02,0,0,0.82359296
55000900095919,2020-10-03,0,0,0.38342637
55000900095919,2020-10-04,0,0,0.34053582
55000900095919,2020-10-05,0,0,0.3431014
55000900095919,2020-10-06,0,0,0.34305656
55000900095919,2020-10-07,0,0,0.34314948
55000900095919,2020-10-08,0,0,0.34314314
55000900095919,2020-10-09,0,0,0.34317654
55000900095919,2020-10-10,1,0,0.3431824
55000900095919,2020-10-11,1,0,0.34319797
55000900095919,2020-10-12,1,0,0.34321138
55000900095919,2020-10-13,1,0,0.76886714
55000900095919,2020-10-14,1,0,0.7839191
55000900095919,2020-10-15,1,0,0.7992004
55000900095919,2020-10-16,1,0,0.81885415
55000900095919,2020-10-17,1,0,0.8403212
55000900095919,2020-10-18,0,0,0.85585576
55000900095919,2020-10-19,0,0,0.86953866
55000900095919,2020-10-20,0,0,0.8790983
55000900095919,2020-10-21,0,0,0.3895297
55000900095919,2020-10-22,0,0,0.34082866
55000900095919,2020-10-23,0,0,0.34327367
55000900095919,2020-10-24,1,0,0.34306064
55000900095919,2020-10-25,0,0,0.3433481
55000900095919,2020-10-26,0,0,0.3432995
55000900095919,2020-10-27,0,0,0.76883554
55000900095919,2020-10-28,0,0,0.35898465
55000900095919,2020-10-29,0,0,0.34101436
55000900095919,2020-10-30,0,0,0.34355882
55000900095919,2020-10-31,0,0,0.34307858
55000900095919,2020-11-01,0,0,0.3432815
55000900095919,2020-11-02,0,0,0.34325728
55000900095919,2020-11-03,0,0,0.34326205
55000900095919,2020-11-04,0,0,0.3432587
55000900095919,2020-11-05,1,0,0.34310958
55000900095919,2020-11-06,1,0,0.34303027
55000900095919,2020-11-07,1,0,0.34303004
55000900095919,2020-11-08,1,0,0.76888305
55000900095919,2020-11-09,1,0,0.7836137
55000900095919,2020-11-10,1,0,0.7937889
55000900095919,2020-11-11,1,0,0.75805175
55000900095919,2020-11-12,1,0,0.7818566
55000900095919,2020-11-13,1,0,0.7991712
55000900095919,2020-11-14,1,0,0.82015175
55000900095919,2020-11-15,1,0,0.8407152
55000900095919,2020-11-16,1,0,0.8578975
55000900095919,2020-11-17,1,0,0.87092024
55000900095919,2020-11-18,1,0,0.88161427
55000900095919,2020-11-19,1,0,0.89185226
55000900095919,2020-11-20,1,0,0.90045565
55000900095919,2020-11-21,1,0,0.90859884
55000900095919,2020-11-22,1,0,0.9156319
55000900095919,2020-11-23,1,0,0.92047226
55000900095919,2020-11-24,1,0,0.9267097
55000900095919,2020-11-25,1,0,0.9313414
55000900095919,2020-11-26,1,0,0.9366906
55000900095919,2020-11-27,1,0,0.9414632
55000900095919,2020-11-28,1,0,0.94614536
55000900095919,2020-11-29,1,0,0.95061535
55000900095919,2020-11-30,1,0,0.95512044
55000900095919,2020-12-01,1,0,0.95931345
55000900095919,2020-12-03,1,0,0.96310824
55000900095919,2020-12-04,1,0,0.96557873
55000900095919,2020-12-05,1,0,0.96727496
55000900095919,2020-12-06,1,0,0.97430915
55000900095919,2020-12-07,1,0,0.9859781
55000900095919,2020-12-08,1,0,0.9921995
55000900095919,2020-12-09,1,0,0.9921995
55000900095919,2020-12-10,1,0,0.9921995
55000900095919,2020-12-11,1,0,0.9921995
55000900095919,2020-12-12,1,0,0.9921995
55000900095919,2020-12-13,1,0,0.9921995
55000900095919,2020-12-14,1,0,0.9921995
55000900095919,2020-12-15,1,0,0.9921995
55000900095919,2020-12-16,1,0,0.9921995
55000900095919,2020-12-17,1,0,0.9921995
55000900095919,2020-12-18,1,0,0.9921995
55000900095919,2020-12-19,1,0,0.9921995
55000900095919,2020-12-20,1,0,0.9921995
55000900095919,2020-12-21,1,0,0.9921995
55000900095919,2020-12-22,1,0,0.9921995
55000900095919,2020-12-23,1,0,0.9921995
55000900095919,2020-12-24,1,0,0.9921995
55000900095919,2020-12-25,1,0,0.9921995
55000900095919,2020-12-26,1,0,0.9921995
55000900095919,2020-12-27,1,0,0.9921995
55000900095919,2020-12-28,1,0,0.9921995
55000900095919,2020-12-29,1,0,0.9921995
55000900095919,2020-12-30,1,0,0.9921995
55000900095919,2020-12-31,1,0,0.9921995
55000900095919,2021-01-01,1,0,0.9921995
55000900095919,2021-01-02,1,0,0.9921995
55000900095919,2021-01-03,1,0,0.9921995
55000900095919,2021-01-04,1,0,0.9921995
55000900095919,2021-01-05,1,0,0.9921995
55000900095919,2021-01-06,1,0,0.9921995
55000900095919,2021-01-07,1,0,0.9921995
55000900095919,2021-01-08,1,0,0.9921995
55000900095919,2021-01-09,1,0,0.9921995
55000900095919,2021-01-10,1,0,0.9921995
55000900095919,2021-01-11,1,0,0.9921995
55000900095919,2021-01-12,1,0,0.9921995
55000900095919,2021-01-13,1,0,0.9921995
55000900095919,2021-01-14,1,0,0.9921995
55000900095919,2021-01-15,1,0,0.9921995
55000900095919,2021-01-16,1,0,0.9921995
55000900095919,2021-01-17,1,0,0.9921995
55000900095919,2021-01-18,1,0,0.9921995
55000900095919,2021-01-19,1,0,0.9921995
55000900095919,2021-01-20,1,0,0.9921995
55000900095919,2021-01-21,1,0,0.9921995
55000900095919,2021-01-22,1,0,0.9921995
55000900095919,2021-01-23,1,0,0.9921995
55000900095919,2021-01-24,1,0,0.9921995
55000900095919,2021-01-25,1,0,0.9921995
55000900095919,2021-01-26,1,0,0.9921995
55000900095919,2021-01-27,1,0,0.9921995
55000900095919,2021-01-28,1,0,0.9921995
55000900095919,2021-01-29,1,0,0.9921995
55000900095919,2021-01-30,1,0,0.9921995
55000900095919,2021-01-31,1,0,0.9921995
55000900095919,2021-02-01,1,0,0.9921995
55000900095919,2021-02-02,1,0,0.9921995
55000900095919,2021-02-03,1,0,0.9921995
55000900095919,2021-02-04,1,0,0.9921995
55000900095919,2021-02-05,1,0,0.9921995
55000900095919,2021-02-06,1,0,0.9921995
55000900095919,2021-02-07,1,0,0.9921995
55000900095919,2021-02-08,1,0,0.9921995
55000900095919,2021-02-09,1,0,0.9921995
55000900095919,2021-02-10,1,0,0.9921995
55000900095919,2021-02-11,1,0,0.9921995
55000900095919,2021-02-12,1,0,0.9921995
55000900095919,2021-02-13,1,0,0.9921995
55000900095919,2021-02-14,1,0,0.9921995
55000900095919,2021-02-15,1,0,0.9921995
55000900095919,2021-02-16,1,0,0.9921995
55000900095919,2021-02-17,1,0,0.9921995
55000900095919,2021-02-18,1,0,0.9921995
55000900095919,2021-02-19,1,0,0.9921995
55000900095919,2021-02-20,1,0,0.9921995
55000900095919,2021-02-21,1,0,0.9921995
55000900095919,2021-02-22,1,0,0.9921995
55000900095919,2021-02-23,1,0,0.9921995
55000900095919,2021-02-24,1,0,0.9921995
55000900095919,2021-02-25,1,0,0.9921995
55000900095919,2021-02-26,1,0,0.9921995
55000900095919,2021-02-27,1,0,0.9921995
55000900095919,2021-02-28,1,0,0.9921995
55000900095919,2021-03-01,1,0,0.9921995
55000900095919,2021-03-02,1,0,0.9921995
55000900095919,2021-03-03,1,0,0.9921995
55000900095919,2021-03-04,1,0,0.9921995
55000900095919,2021-03-05,1,0,0.9921995
55000900095919,2021-03-06,1,0,0.9921995
55000900095919,2021-03-07,1,0,0.9921995
55000900095919,2021-03-08,1,0,0.9921995
55000900095919,2021-03-09,1,0,0.9921995
55000900095919,2021-03-10,1,0,0.9921995
55000900095919,2021-03-11,1,0,0.9921995
55000900095919,2021-03-12,1,0,0.9921995
55000900095919,2021-03-13,1,0,0.9921995
55000900095919,2021-03-15,1,0,0.9921995
55000900095919,2021-03-16,1,0,0.9921995
55000900095919,2021-03-17,1,0,0.9921995
55000900095919,2021-03-18,1,0,0.9921995
55000900095919,2021-03-19,1,0,0.9921995
55000900095919,2021-03-20,1,0,0.9921995
55000900095919,2021-03-21,1,0,0.9921995
55000900095919,2021-03-22,1,0,0.9921995
55000900095919,2021-03-23,1,0,0.9921995
55000900095919,2021-03-24,1,0,0.9921995
55000900095919,2021-03-25,1,0,0.9921995
55000900095919,2021-03-26,1,0,0.9921995
55000900095919,2021-03-27,1,0,0.9921995
55000900095919,2021-03-28,1,0,0.9921995
55000900095919,2021-03-29,1,0,0.9921995
55000900095919,2021-03-30,1,0,0.9921995
55000900095919,2021-03-31,1,0,0.9921995
55000900095919,2021-04-01,1,0,0.9921995
55000900095919,2021-04-02,1,0,0.9921995
55000900095919,2021-04-03,1,0,0.9921995
55000900095919,2021-04-04,1,0,0.9921995
55000900095919,2021-04-05,1,0,0.9921995
55000900095919,2021-04-06,1,0,0.9921995
55000900095919,2021-04-07,1,0,0.9921995
55000900095919,2021-04-08,1,0,0.9921995
55000900095919,2021-04-09,1,0,0.9921995
55000900095919,2021-04-10,1,0,0.9921995
55000900095919,2021-04-11,1,0,0.9921995
55000900095919,2021-04-12,1,0,0.9921995
55000900095919,2021-04-13,1,0,0.9921995
55000900095919,2021-04-14,1,0,0.9921995
55000900095919,2021-04-15,1,0,0.9921995
55000900095919,2021-04-16,1,0,0.9921995
55000900095919,2021-04-17,1,0,0.9921995
55000900095919,2021-04-18,1,0,0.9921995
55000900095919,2021-04-19,1,0,0.9921995
55000900095919,2021-04-20,1,0,0.9921995
55000900095919,2021-04-21,1,0,0.9921995
55000900095919,2021-04-22,1,0,0.9921995
55000900095919,2021-04-23,1,0,0.9921995
55000900095919,2021-04-24,1,0,0.9921995
55000900095919,2021-04-25,1,0,0.9921995
55000900095919,2021-04-26,1,0,0.9921995
55000900095919,2021-04-27,1,0,0.9921995
55000900095919,2021-04-28,1,0,0.9921995
55000900095919,2021-04-29,1,0,0.9921995
55000900095919,2021-04-30,1,0,0.9921995
55000900095919,2021-05-01,1,0,0.9921995
55000900095919,2021-05-02,1,0,0.9921995
55000900095919,2021-05-03,1,0,0.9921995
55000900095919,2021-05-04,1,0,0.9921995
55000900095919,2021-05-05,1,0,0.9921995
55000900095919,2021-05-06,1,0,0.9921995
55000900095919,2021-05-07,1,0,0.9921995
55000900095919,2021-05-08,1,0,0.9921995
55000900095919,2021-05-09,1,0,0.9921995
55000900095919,2021-05-10,1,0,0.9921995
55000900095919,2021-05-11,1,0,0.9921995
55000900095919,2021-05-12,1,0,0.9921995
55000900095919,2021-05-13,1,0,0.9921995
55000900095919,2021-05-14,1,0,0.9921995
55000900095919,2021-05-15,1,0,0.9921995
55000900095919,2021-05-16,1,0,0.9921995
55000900095919,2021-05-17,1,0,0.9921995
55000900095919,2021-05-18,1,0,0.9921995
55000900095919,2021-05-19,1,0,0.9921995
55000900095919,2021-05-20,1,0,0.9921995
55000900095919,2021-05-21,1,0,0.9921995
55000900095919,2021-05-22,1,0,0.9921995
55000900095919,2021-05-23,1,0,0.9921995
55000900095919,2021-05-24,1,0,0.9921995
55000900095919,2021-05-26,1,0,0.9921995
55000900095919,2021-05-27,1,0,0.9921995
55000900095919,2021-05-28,1,0,0.9921995
55000900095919,2021-05-29,1,0,0.9921995
55000900095919,2021-05-30,1,0,0.9921995
55000900095919,2021-05-31,1,0,0.9921995
55000900095919,2021-06-01,1,0,0.9921995
55000900095919,2021-06-02,1,0,0.9921995
55000900095919,2021-06-03,1,0,0.9921995
55000900095919,2021-06-04,1,0,0.9921995
55000900095919,2021-06-05,1,0,0.9921995
55000900095919,2021-06-06,1,0,0.9921995
55000900095919,2021-06-07,1,0,0.9921995
55000900095919,2021-06-08,1,0,0.9921995
55000900095919,2021-06-09,1,0,0.9921995
55000900095919,2021-06-10,1,0,0.9921995
55000900095919,2021-06-11,1,0,0.9921995
55000900095919,2021-06-12,1,0,0.9921995
55000900095919,2021-06-13,1,0,0.9921995
55000900095919,2021-06-14,1,0,0.9921995
55000900095919,2021-06-15,1,0,0.9921995
55000900095919,2021-06-16,1,0,0.9921995
55000900095919,2021-06-17,1,0,0.9921995
55000900095919,2021-06-18,1,0,0.9921995
55000900095919,2021-06-19,1,0,0.9921995
55000900095919,2021-06-20,1,0,0.9921995
55000900095919,2021-06-21,1,0,0.9921995
55000900095919,2021-06-22,1,0,0.9921995
55000900095919,2021-06-23,1,0,0.9921995
55000900095919,2021-06-24,1,0,0.9921995
55000900095919,2021-06-25,1,0,0.9921995
55000900095919,2021-06-26,1,0,0.9921995
55000900095919,2021-06-27,1,0,0.9921995
55000900095919,2021-06-28,1,0,0.9921995
55000900095919,2021-06-29,1,0,0.9921995
55000900095919,2021-06-30,1,0,0.9921995
55000900095919,2021-07-01,1,0,0.9921995
55000900095919,2021-07-02,1,0,0.9921995
55000900095919,2021-07-03,1,0,0.9921995
55000900095919,2021-07-04,1,0,0.9921995
55000900095919,2021-07-05,1,0,0.9921995
55000900095919,2021-07-06,1,0,0.9921995
55000900095919,2021-07-07,1,0,0.9921995
55000900095919,2021-07-08,1,0,0.9921995
55000900095919,2021-07-09,1,0,0.9921995
55000900095919,2021-07-10,1,0,0.9921995
55000900095919,2021-07-11,1,0,0.9921995
55000900095919,2021-07-12,1,0,0.9921995
55000900095919,2021-07-13,1,0,0.9921995
55000900095919,2021-07-14,1,0,0.9921995
55000900095919,2021-07-15,1,0,0.9921995
55000900095919,2021-07-16,1,0,0.9921995
55000900095919,2021-07-17,1,0,0.9921995
55000900095919,2021-07-18,1,0,0.9921995
55000900095919,2021-07-19,1,0,0.9921995
55000900095919,2021-07-20,1,0,0.9921995
55000900095919,2021-07-21,1,0,0.9921995
55000900095919,2021-07-22,1,0,0.9921995
55000900095919,2021-07-23,1,0,0.9921995
55000900095919,2021-07-24,1,0,0.9921995
55000900095919,2021-07-25,1,0,0.9921995
55000900095919,2021-07-26,1,0,0.9921995
55000900095919,2021-07-27,1,0,0.9921995
55000900095919,2021-07-28,1,0,0.9921995
55000900095919,2021-07-29,1,0,0.9921995
55000900095919,2021-07-30,1,0,0.9921995
55000900095919,2021-07-31,1,0,0.9921995
55000900095919,2021-08-01,1,0,0.9921995
55000900095919,2021-08-02,1,0,0.9921995
55000900095919,2021-08-03,1,0,0.9921995
55000900095919,2021-08-04,1,0,0.9921995
55000900095919,2021-08-05,1,0,0.9921995
55000900095919,2021-08-06,1,0,0.9921995
55000900095919,2021-08-07,1,0,0.9921995
55000900095919,2021-08-08,0,0,0.9921995
55000900095919,2021-08-09,0,0,0.9921995
55000900095919,2021-08-10,0,0,0.9921995
55000900095919,2021-08-11,0,0,0.442374
55000900095919,2021-08-12,0,0,0.19254267
55000900095919,2021-08-13,0,0,0.21105404
55000900095919,2021-08-14,0,0,0.21102783
55000900095919,2021-08-15,0,0,0.21104257
55000900095919,2021-08-16,0,0,0.2107252
55000900095919,2021-08-17,0,0,0.21057585
55000900095919,2021-08-19,0,0,0.21041119
55000900095919,2021-08-20,0,0,0.21027479
55000900095919,2021-08-21,0,0,0.21016549
55000900095919,2021-08-22,0,0,0.21007136
55000900095919,2021-08-23,0,0,0.21017513
55000900095919,2021-08-24,0,0,0.21573769
55000900095919,2021-08-25,0,0,0.220805
55000900095919,2021-08-26,0,0,0.21988437
55000900095919,2021-08-27,0,0,0.2195997
55000900095919,2021-08-28,0,0,0.21949518
55000900095919,2021-08-29,0,0,0.21945083
55000900095919,2021-08-30,0,0,0.21942423
55000900095919,2021-08-31,0,0,0.21940376
55000900095919,2021-09-01,0,0,0.21938609
55000900095919,2021-09-02,0,0,0.21936508
55000900095919,2021-09-03,0,0,0.21937166
55000900095919,2021-09-04,0,0,0.21973102
55000900095919,2021-09-05,0,0,0.22089253
55000900095919,2021-09-06,0,0,0.22026397
55000900095919,2021-09-07,0,0,0.22085825
55000900095919,2021-09-08,0,0,0.22034064
55000900095919,2021-09-09,0,0,0.21959546
55000900095919,2021-09-10,0,0,0.21810982
55000900095919,2021-09-11,0,0,0.21810982
55000900095919,2021-09-12,0,0,0.21810982
55000900095919,2021-09-13,0,0,0.21810982
55000900095919,2021-09-14,0,0,0.21810982
55000900095919,2021-09-15,0,0,0.21810982
55000900095919,2021-09-16,0,0,0.21810982
55000900095919,2021-09-17,0,0,0.21810982
55000900095919,2021-09-18,1,0,0.21810982
55000900095919,2021-09-19,1,0,0.21810982
55000900095919,2021-09-20,1,0,0.21810982
55000900095919,2021-09-21,1,0,0.64327586
55000900095919,2021-09-22,1,0,0.6799836
55000900095919,2021-09-23,1,0,0.72835976
55000900095919,2021-09-24,1,0,0.7640243
55000900095919,2021-09-25,1,0,0.7850491
55000900095919,2021-09-26,1,0,0.8022757
55000900095919,2021-09-27,1,0,0.82181144
55000900095919,2021-09-28,1,0,0.84147537
55000900095919,2021-09-29,1,0,0.8574419
55000900095919,2021-09-30,1,0,0.8705486
55000900095919,2021-10-01,1,0,0.8817735
55000900095919,2021-10-02,1,0,0.8914613
55000900095919,2021-10-03,1,0,0.90000236
55000900095919,2021-10-04,1,0,0.90755266
55000900095919,2021-10-05,1,0,0.9144059
55000900095919,2021-10-06,1,0,0.9206389
55000900095919,2021-10-07,1,0,0.9263491
55000900095919,2021-10-08,1,0,0.9316895
55000900095919,2021-10-09,1,0,0.9366906
55000900095919,2021-10-10,1,0,0.9414632
55000900095919,2021-10-11,1,0,0.94614536
55000900095919,2021-10-12,1,0,0.95061535
55000900095919,2021-10-13,1,0,0.95512044
55000900095919,2021-10-14,1,0,0.95931345
55000900095919,2021-10-15,1,0,0.96310824
55000900095919,2021-10-16,1,0,0.96557873
55000900095919,2021-10-17,1,0,0.96727496
55000900095919,2021-10-18,1,0,0.97430915
55000900095919,2021-10-19,1,0,0.9859781
55000900095919,2021-10-20,1,0,0.9921995
55000900095919,2021-10-21,1,0,0.9921995
55000900095919,2021-10-22,1,0,0.9921995
55000900095919,2021-10-23,1,0,0.9921995
55000900095919,2021-10-24,1,0,0.9921995
55000900095919,2021-10-25,1,0,0.9921995
55000900095919,2021-10-26,1,0,0.9921995
55000900095919,2021-10-27,1,0,0.9921995
55000900095919,2021-10-28,1,0,0.9921995
55000900095919,2021-10-29,1,0,0.9921995
55000900095919,2021-10-30,1,0,0.9921995
55000900095919,2021-10-31,1,0,0.9921995
55000900095919,2021-11-01,1,0,0.9921995
55000900095919,2021-11-02,1,0,0.9921995
55000900095919,2021-11-03,1,0,0.9921995
55000900095919,2021-11-04,1,0,0.9921995
55000900095919,2021-11-05,1,0,0.9921995
55000900095919,2021-11-06,1,0,0.9921995
55000900095919,2021-11-07,1,0,0.9921995
55000900095919,2021-11-08,1,0,0.9921995
55000900095919,2021-11-09,1,0,0.9921995
55000900095919,2021-11-10,1,0,0.9921995
55000900095919,2021-11-11,1,0,0.9921995
55000900095919,2021-11-12,1,0,0.9921995
55000900095919,2021-11-13,1,0,0.9921995
55000900095919,2021-11-14,1,0,0.9921995
55000900095919,2021-11-15,1,0,0.9921995
55000900095919,2021-11-16,1,0,0.9921995
55000900095919,2021-11-17,1,0,0.9921995
55000900095919,2021-11-18,1,0,0.9921995
55000900095919,2021-11-19,1,0,0.9921995
55000900095919,2021-11-20,1,0,0.9921995
55000900095919,2021-11-21,1,0,0.9921995
55000900095919,2021-11-22,1,0,0.9921995
55000900095919,2021-11-23,1,0,0.9921995
55000900095919,2021-11-24,1,0,0.9921995
55000900095919,2021-11-25,1,0,0.9921995
55000900095919,2021-11-26,1,0,0.9921995
55000900095919,2021-11-27,1,0,0.9921995
55000900095919,2021-11-28,1,0,0.9921995
55000900095919,2021-11-29,1,0,0.9921995
55000900095919,2021-11-30,1,0,0.9921995
55000900095919,2021-12-01,1,0,0.9921995
55000900095919,2021-12-02,1,0,0.9921995
55000900095919,2021-12-03,1,0,0.9921995
55000900095919,2021-12-04,1,0,0.9921995
55000900095919,2021-12-05,1,0,0.9921995
55000900095919,2021-12-06,1,0,0.9921995
55000900095919,2021-12-07,1,0,0.9921995
55000900095919,2021-12-08,1,0,0.9921995
55000900095919,2021-12-09,1,0,0.9921995
55000900095919,2021-12-10,1,0,0.9921995
55000900095919,2021-12-11,1,0,0.9921995
55000900095919,2021-12-12,1,0,0.9921995
55000900095919,2021-12-13,1,0,0.9921995
55000900095919,2021-12-14,1,0,0.9921995
55000900095919,2021-12-15,1,0,0.9921995
55000900095919,2021-12-16,1,0,0.9921995
55000900095919,2021-12-17,1,0,0.9921995
55000900095919,2021-12-18,1,0,0.9921995
55000900095919,2021-12-19,1,0,0.9921995
55000900095919,2021-12-20,1,0,0.9921995
55000900095919,2021-12-21,1,0,0.9921995
55000900095919,2021-12-22,1,0,0.9921995
55000900095919,2021-12-23,1,0,0.9921995
55000900095919,2021-12-24,1,0,0.9921995
55000900095919,2021-12-25,1,0,0.9921995
55000900095919,2021-12-26,1,0,0.9921995
55000900095919,2021-12-27,1,0,0.9921995
55000900095919,2021-12-28,1,0,0.9921995
55000900095919,2021-12-29,1,0,0.9921995
55000900095919,2021-12-30,1,0,0.9921995
55000900095919,2021-12-31,1,0,0.9921995
55000900095919,2022-01-01,1,0,0.9921995
55000900095919,2022-01-02,1,0,0.9921995
55000900095919,2022-01-03,1,0,0.9921995
55000900095919,2022-01-04,1,0,0.9921995
55000900095919,2022-01-05,1,0,0.9921995
55000900095919,2022-01-06,1,0,0.9921995
55000900095919,2022-01-07,1,0,0.9921995
55000900095919,2022-01-08,1,0,0.9921995
55000900095919,2022-01-09,1,0,0.9921995
55000900095919,2022-01-10,1,0,0.9921995
55000900095919,2022-01-11,1,0,0.9921995
55000900095919,2022-01-12,1,0,0.9921995
55000900095919,2022-01-13,1,0,0.9921995
55000900095919,2022-01-14,1,0,0.9921995
55000900095919,2022-01-15,1,0,0.9921995
55000900095919,2022-01-16,1,0,0.9921995
55000900095919,2022-01-17,1,0,0.9921995
55000900095919,2022-01-18,1,0,0.9921995
55000900095919,2022-01-19,1,0,0.9921995
55000900095919,2022-01-20,1,0,0.9921995
55000900095919,2022-01-21,1,0,0.9921995
55000900095919,2022-01-22,1,0,0.9921995
55000900095919,2022-01-23,1,0,0.9921995
55000900095919,2022-01-24,1,0,0.9921995
55000900095919,2022-01-25,1,0,0.9921995
55000900095919,2022-01-26,1,0,0.9921995
55000900095919,2022-01-27,1,0,0.9921995
55000900095919,2022-01-28,1,0,0.9921995
55000900095919,2022-01-29,1,0,0.9921995
55000900095919,2022-01-30,1,0,0.9921995
55000900095919,2022-01-31,1,0,0.9921995
55000900095919,2022-02-01,1,0,0.9921995
55000900095919,2022-02-02,1,0,0.9921995
55000900095919,2022-02-03,1,0,0.9921995
55000900095919,2022-02-04,1,0,0.9921995
55000900095919,2022-02-05,1,0,0.9921995
55000900095919,2022-02-06,1,0,0.9921995
55000900095919,2022-02-07,1,0,0.9921995
55000900095919,2022-02-08,1,0,0.9921995
55000900095919,2022-02-09,1,0,0.9921995
55000900095919,2022-02-10,1,0,0.9921995
55000900095919,2022-02-11,1,0,0.9921995
55000900095919,2022-02-12,1,0,0.9921995
55000900095919,2022-02-13,1,0,0.9921995
55000900095919,2022-02-14,1,0,0.9921995
55000900095919,2022-02-15,1,0,0.9921995
55000900095919,2022-02-16,1,0,0.9921995
55000900095919,2022-02-17,1,0,0.9921995
55000900095919,2022-02-18,1,0,0.9921995
55000900095919,2022-02-19,1,0,0.9921995
55000900095919,2022-02-20,1,0,0.9921995
55000900095919,2022-02-21,1,0,0.9921995
55000900095919,2022-02-22,1,0,0.9921995
55000900095919,2022-02-23,1,0,0.9921995
55000900095919,2022-02-24,1,0,0.9921995
55000900095919,2022-02-25,1,0,0.9921995
55000900095919,2022-02-26,1,0,0.9921995
55000900095919,2022-02-27,1,0,0.9921995
55000900095919,2022-02-28,1,0,0.9921995
55000900095919,2022-03-01,1,0,0.9921995
55000900095919,2022-03-02,1,0,0.9921995
55000900095919,2022-03-03,1,0,0.9921995
55000900095919,2022-03-04,1,0,0.9921995
55000900095919,2022-03-05,1,0,0.9921995
55000900095919,2022-03-06,1,0,0.9921995
55000900095919,2022-03-07,1,0,0.9921995
55000900095919,2022-03-08,1,0,0.9921995
55000900095919,2022-03-09,1,0,0.9921995
55000900095919,2022-03-10,1,0,0.9921995
55000900095919,2022-03-11,1,0,0.9921995
55000900095919,2022-03-12,1,0,0.9921995
55000900095919,2022-03-14,1,0,0.9921995
55000900095919,2022-03-15,1,0,0.9921995
55000900095919,2022-03-16,1,0,0.9921995
55000900095919,2022-03-17,1,0,0.9921995
55000900095919,2022-03-18,1,0,0.9921995
55000900095919,2022-03-19,1,0,0.9921995
55000900095919,2022-03-20,1,0,0.9921995
55000900095919,2022-03-21,1,0,0.9921995
55000900095919,2022-03-22,1,0,0.9921995
55000900095919,2022-03-23,1,0,0.9921995
55000900095919,2022-03-24,1,0,0.9921995
55000900095919,2022-03-25,1,0,0.9921995
55000900095919,2022-03-26,1,0,0.9921995
55000900095919,2022-03-27,1,0,0.9921995
55000900095919,2022-03-28,1,0,0.9921995
55000900095919,2022-03-29,1,0,0.9921995
55000900095919,2022-03-30,1,0,0.9921995
55000900095919,2022-03-31,1,0,0.9921995
55000900095919,2022-04-01,1,0,0.9921995
55000900095919,2022-04-02,1,0,0.9921995
55000900095919,2022-04-03,1,0,0.9921995
55000900095919,2022-04-04,1,0,0.9921995
55000900095919,2022-04-05,1,0,0.9921995
55000900095919,2022-04-06,1,0,0.9921995
55000900095919,2022-04-07,1,0,0.9921995
55000900095919,2022-04-08,1,0,0.9921995
55000900095919,2022-04-09,1,0,0.9921995
55000900095919,2022-04-10,1,0,0.9921995
55000900095919,2022-04-11,1,0,0.9921995
55000900095919,2022-04-12,1,0,0.9921995
55000900095919,2022-04-13,1,0,0.9921995
55000900095919,2022-04-14,1,0,0.9921995
55000900095919,2022-04-15,1,0,0.9921995
55000900095919,2022-04-16,1,0,0.9921995
55000900095919,2022-04-17,1,0,0.9921995
55000900095919,2022-04-18,1,0,0.9921995
55000900095919,2022-04-19,1,0,0.9921995
55000900095919,2022-04-20,1,0,0.9921995
55000900095919,2022-04-21,1,0,0.9921995
55000900095919,2022-04-22,1,0,0.9921995
55000900095919,2022-04-23,1,0,0.9921995
55000900095919,2022-04-24,1,0,0.9921995
55000900095919,2022-04-25,1,0,0.9921995
55000900095919,2022-04-26,1,0,0.9921995
55000900095919,2022-04-27,1,0,0.9921995
55000900095919,2022-04-28,1,0,0.9921995
55000900095919,2022-04-29,1,0,0.9921995
55000900095919,2022-04-30,1,0,0.9921995
55000900095919,2022-05-01,1,0,0.9921995
55000900095919,2022-05-02,1,0,0.9921995
55000900095919,2022-05-03,1,0,0.9921995
55000900095919,2022-05-04,1,0,0.9921995
55000900095919,2022-05-05,1,0,0.9921995
55000900095919,2022-05-06,1,0,0.9921995
55000900095919,2022-05-07,1,0,0.9921995
55000900095919,2022-05-08,1,0,0.9921995
55000900095919,2022-05-09,1,0,0.9921995
55000900095919,2022-05-10,1,0,0.9921995
55000900095919,2022-05-11,1,0,0.9921995
55000900095919,2022-05-12,1,0,0.9921995
55000900095919,2022-05-13,1,0,0.9921995
55000900095919,2022-05-14,1,0,0.9921995
55000900095919,2022-05-15,1,0,0.9921995
55000900095919,2022-05-16,1,0,0.9921995
55000900095919,2022-05-17,1,0,0.9921995
55000900095919,2022-05-18,1,0,0.9921995
55000900095919,2022-05-19,1,0,0.9921995
55000900095919,2022-05-20,1,0,0.9921995
55000900095919,2022-05-21,1,0,0.9921995
55000900095919,2022-05-22,1,0,0.9921995
55000900095919,2022-05-23,1,0,0.9921995
55000900095919,2022-05-24,1,0,0.9921995
55000900095919,2022-05-25,1,0,0.9921995
55000900095919,2022-05-26,1,0,0.9921995
55000900095919,2022-05-27,1,0,0.9921995
55000900095919,2022-05-28,1,0,0.9921995
55000900095919,2022-05-29,1,0,0.9921995
55000900095919,2022-05-30,1,0,0.9921995
55000900095919,2022-05-31,1,0,0.9921995
55000900095919,2022-06-01,1,0,0.9921995
55000900095919,2022-06-02,1,0,0.9921995
55000900095919,2022-06-03,1,0,0.9921995
55000900095919,2022-06-04,1,0,0.9921995
55000900095919,2022-06-05,1,0,0.9921995
55000900095919,2022-06-06,1,0,0.9921995
55000900095919,2022-06-07,1,0,0.9921995
55000900095919,2022-06-08,1,0,0.9921995
55000900095919,2022-06-09,1,0,0.9921995
55000900095919,2022-06-10,1,0,0.9921995
55000900095919,2022-06-11,1,0,0.9921995
55000900095919,2022-06-12,1,0,0.9921995
55000900095919,2022-06-13,1,0,0.9921995
55000900095919,2022-06-14,1,0,0.9921995
55000900095919,2022-06-15,1,0,0.9921995
55000900095919,2022-06-16,1,0,0.9921995
55000900095919,2022-06-17,1,0,0.9921995
55000900095919,2022-06-18,1,0,0.9921995
55000900095919,2022-06-19,1,0,0.9921995
55000900095919,2022-06-20,1,0,0.9921995
55000900095919,2022-06-21,1,0,0.9921995
55000900095919,2022-06-22,1,0,0.9921995
55000900095919,2022-06-23,1,0,0.9921995
55000900095919,2022-06-24,1,0,0.9921995
55000900095919,2022-06-25,1,0,0.9921995
55000900095919,2022-06-26,1,0,0.9921995
55000900095919,2022-06-27,1,0,0.9921995
55000900095919,2022-06-28,1,0,0.9921995
55000900095919,2022-06-29,1,0,0.9921995
55000900095919,2022-06-30,1,0,0.9921995
55000900095919,2022-07-01,1,0,0.9921995
55000900095919,2022-07-02,1,0,0.9921995
55000900095919,2022-07-03,1,0,0.9921995
55000900095919,2022-07-04,1,0,0.9921995
55000900095919,2022-07-05,1,0,0.9921995
55000900095919,2022-07-06,1,0,0.9921995
55000900095919,2022-07-07,1,0,0.9921995
55000900095919,2022-07-08,1,0,0.9921995
55000900095919,2022-07-09,1,0,0.9921995
55000900095919,2022-07-10,1,0,0.9921995
55000900095919,2022-07-11,1,0,0.9921995
55000900095919,2022-07-12,1,0,0.9921995
55000900095919,2022-07-13,1,0,0.9921995
55000900095919,2022-07-14,1,0,0.9921995
55000900095919,2022-07-15,1,0,0.9921995
55000900095919,2022-07-16,1,0,0.9921995
55000900095919,2022-07-17,1,0,0.9921995
55000900095919,2022-07-18,1,0,0.9921995
55000900095919,2022-07-19,1,0,0.9921995
55000900095919,2022-07-20,1,0,0.9921995
55000900095919,2022-07-21,1,0,0.9921995
55000900095919,2022-07-22,1,0,0.9921995
55000900095919,2022-07-23,1,0,0.9921995
55000900095919,2022-07-24,1,0,0.9921995
55000900095919,2022-07-25,1,0,0.9921995
55000900095919,2022-07-26,1,0,0.9921995
55000900095919,2022-07-27,1,0,0.9921995
55000900095919,2022-07-28,1,0,0.9921995
55000900095919,2022-07-29,1,0,0.9921995
55000900095919,2022-07-30,1,0,0.9921995
55000900095919,2022-07-31,1,0,0.9921995
55000900095919,2022-08-01,1,0,0.9921995
55000900095919,2022-08-02,1,0,0.9921995
55000900095919,2022-08-03,1,0,0.9921995
55000900095919,2022-08-04,1,0,0.9921995
55000900095919,2022-08-05,1,0,0.9921995
55000900095919,2022-08-06,1,0,0.9921995
55000900095919,2022-08-07,1,0,0.9921995
55000900095919,2022-08-08,1,0,0.9921995
55000900095919,2022-08-09,1,0,0.9921995
55000900095919,2022-08-10,1,0,0.9921995
55000900095919,2022-08-11,1,0,0.9921995
55000900095919,2022-08-12,1,0,0.9921995
55000900095919,2022-08-13,1,0,0.9921995
55000900095919,2022-08-14,1,0,0.9921995
55000900095919,2022-08-15,1,0,0.9921995
55000900095919,2022-08-16,1,0,0.9921995
55000900095919,2022-08-17,1,0,0.9921995
55000900095919,2022-08-18,1,0,0.9921995
55000900095919,2022-08-19,1,0,0.9921995
55000900095919,2022-08-20,1,0,0.9921995
55000900095919,2022-08-21,1,0,0.9921995
55000900095919,2022-08-22,1,0,0.9921995
55000900095919,2022-08-23,1,0,0.9921995
55000900095919,2022-08-24,1,0,0.9921995
55000900095919,2022-08-25,1,0,0.9921995
55000900095919,2022-08-26,1,0,0.9921995
55000900095919,2022-08-27,1,0,0.9921995
55000900095919,2022-08-28,1,0,0.9921995
55000900095919,2022-08-29,1,0,0.9921995
55000900095919,2022-08-30,1,0,0.9921995
55000900095919,2022-08-31,1,0,0.9921995
55000900095919,2022-09-01,1,0,0.9921995
55000900095919,2022-09-02,1,0,0.9921995
55000900095919,2022-09-03,1,0,0.9921995
55000900095919,2022-09-04,1,0,0.9921995
55000900095919,2022-09-05,1,0,0.9921995
55000900095919,2022-09-06,1,0,0.9921995
55000900095919,2022-09-07,1,0,0.9921995
55000900095919,2022-09-08,1,0,0.9921995
55000900095919,2022-09-09,1,0,0.9921995
55000900095919,2022-09-10,1,0,0.9921995
55000900095919,2022-09-11,1,0,0.9921995
55000900095919,2022-09-12,1,0,0.9921995
55000900095919,2022-09-13,1,0,0.9921995
55000900095919,2022-09-14,1,0,0.9921995
55000900095919,2022-09-15,1,0,0.9921995
55000900095919,2022-09-16,1,0,0.9921995
55000900095919,2022-09-17,1,0,0.9921995
55000900095919,2022-09-18,1,0,0.9921995
55000900095919,2022-09-19,1,0,0.9921995
55000900095919,2022-09-20,1,0,0.9921995
55000900095919,2022-09-21,1,0,0.9921995
55000900095919,2022-09-22,1,0,0.9921995
55000900095919,2022-09-23,1,0,0.9921995
55000900095919,2022-09-24,1,0,0.9921995
55000900095919,2022-09-25,1,0,0.9921995
55000900095919,2022-09-26,1,0,0.9921995
55000900095919,2022-09-27,1,0,0.9921995
55000900095919,2022-09-28,1,0,0.9921995
55000900095919,2022-09-29,1,0,0.9921995
55000900095919,2022-09-30,1,0,0.9921995
55000900095919,2022-10-01,1,0,0.9921995
55000900095919,2022-10-02,1,0,0.9921995
55000900095919,2022-10-03,1,0,0.9921995
55000900095919,2022-10-04,1,0,0.9921995
55000900095919,2022-10-05,1,0,0.9921995
55000900095919,2022-10-06,1,0,0.9921995
55000900095919,2022-10-07,1,0,0.9921995
55000900095919,2022-10-08,1,0,0.9921995
55000900095919,2022-10-09,1,0,0.9921995
55000900095919,2022-10-10,1,0,0.9921995
55000900095919,2022-10-11,1,0,0.9921995
55000900095919,2022-10-12,1,0,0.9921995
55000900095919,2022-10-13,1,0,0.9921995
55000900095919,2022-10-14,1,0,0.9921995
55000900095919,2022-10-15,1,0,0.9921995
55000900095919,2022-10-16,1,0,0.9921995
55000900095919,2022-10-17,1,0,0.9921995
55000900095919,2022-10-18,1,0,0.9921995
55000900095919,2022-10-19,1,0,0.9921995
55000900095919,2022-10-20,1,0,0.9921995
55000900095919,2022-10-21,1,0,0.9921995
55000900095919,2022-10-22,1,0,0.9921995
55000900095919,2022-10-23,1,0,0.9921995
55000900095919,2022-10-24,1,0,0.9921995
55000900095919,2022-10-25,1,0,0.9921995
55000900095919,2022-10-26,1,0,0.9921995
55000900095919,2022-10-27,1,0,0.9921995
55000900095919,2022-10-28,1,0,0.9921995
55000900095919,2022-10-29,1,0,0.9921995
55000900095919,2022-10-30,1,0,0.9921995
55000900095919,2022-10-31,1,0,0.9921995
55000900095919,2022-11-01,1,0,0.9921995
55000900095919,2022-11-02,1,0,0.9921995
55000900095919,2022-11-03,1,0,0.9921995
55000900095919,2022-11-04,1,0,0.9921995
55000900095919,2022-11-05,1,0,0.9921995
55000900095919,2022-11-06,1,0,0.9921995
55000900095919,2022-11-07,1,0,0.9921995
55000900095919,2022-11-08,1,0,0.9921995
55000900095919,2022-11-09,1,0,0.9921995
55000900095919,2022-11-10,1,0,0.9921995
55000900095919,2022-11-11,1,0,0.9921995
55000900095919,2022-11-12,1,0,0.9921995
55000900095919,2022-11-13,1,0,0.9921995
55000900095919,2022-11-14,1,0,0.9921995
55000900095919,2022-11-15,1,0,0.9921995
55000900095919,2022-11-16,1,0,0.9921995
55000900095919,2022-11-17,1,0,0.9921995
55000900095919,2022-11-18,1,0,0.9921995
55000900095919,2022-11-19,1,0,0.9921995
55000900095919,2022-11-20,1,0,0.9921995
55000900095919,2022-11-21,1,0,0.9921995
55000900095919,2022-11-22,1,0,0.9921995
55000900095919,2022-11-23,1,0,0.9921995
55000900095919,2022-11-24,1,0,0.9921995
55000900095919,2022-11-25,1,0,0.9921995
55000900095919,2022-11-26,1,0,0.9921995
55000900095919,2022-11-27,1,0,0.9921995
55000900095919,2022-11-28,1,0,0.9921995
55000900095919,2022-11-29,1,0,0.9921995
55000900095919,2022-11-30,1,0,0.9921995
55000900095919,2022-12-01,1,0,0.9921995
55000900095919,2022-12-02,1,0,0.9921995
55000900095919,2022-12-03,1,0,0.9921995
55000900095919,2022-12-04,1,0,0.9921995
55000900095919,2022-12-05,1,0,0.9921995
55000900095919,2022-12-06,1,0,0.9921995
55000900095919,2022-12-07,1,0,0.9921995
55000900095919,2022-12-08,1,0,0.9921995
55000900095919,2022-12-09,1,0,0.9921995
55000900095919,2022-12-10,1,0,0.9921995
55000900095919,2022-12-11,1,0,0.9921995
55000900095919,2022-12-12,1,0,0.9921995
55000900095919,2022-12-13,1,0,0.9921995
55000900095919,2022-12-14,1,0,0.9921995
55000900095919,2022-12-15,1,0,0.9921995
55000900095919,2022-12-16,1,0,0.9921995
55000900095919,2022-12-17,1,0,0.9921995
55000900095919,2022-12-18,1,0,0.9921995
55000900095919,2022-12-19,1,0,0.9921995
55000900095919,2022-12-20,1,0,0.9921995
55000900095919,2022-12-21,1,0,0.9921995
55000900095919,2022-12-22,1,0,0.9921995
55000900095919,2022-12-23,1,0,0.9921995
55000900095919,2022-12-24,1,0,0.9921995
55000900095919,2022-12-25,1,0,0.9921995
55000900095919,2022-12-26,1,0,0.9921995
55000900095919,2022-12-27,1,0,0.9921995
55000900095919,2022-12-28,1,0,0.9921995
55000900095919,2022-12-29,1,0,0.9921995
55000900095919,2022-12-30,1,0,0.9921995
55000900095919,2022-12-31,1,0,0.9921995
55000900095919,2023-01-01,1,0,0.9921995
55000900095919,2023-01-02,1,0,0.9921995
55000900095919,2023-01-03,1,0,0.9921995
55000900095919,2023-01-04,1,0,0.9921995
55000900095919,2023-01-05,1,0,0.9921995
55000900095919,2023-01-06,1,0,0.9921995
55000900095919,2023-01-07,1,0,0.9921995
55000900095919,2023-01-08,1,0,0.9921995
55000900095919,2023-01-09,1,0,0.9921995
55000900095919,2023-01-10,1,0,0.9921995
55000900095919,2023-01-11,1,0,0.9921995
55000900095919,2023-01-12,1,0,0.9921995
55000900095919,2023-01-13,1,0,0.9921995
55000900095919,2023-01-14,1,0,0.9921995
55000900095919,2023-01-15,1,0,0.9921995
55000900095919,2023-01-16,1,0,0.9921995
55000900095919,2023-01-17,1,0,0.9921995
55000900095919,2023-01-18,1,0,0.9921995
55000900095919,2023-01-19,1,0,0.9921995
55000900095919,2023-01-20,1,0,0.9921995
55000900095919,2023-01-21,1,0,0.9921995
55000900095919,2023-01-22,1,0,0.9921995
55000900096564,2020-09-29,1,1,0.99953115
55000900096564,2020-09-30,1,1,0.99985325
55000900096564,2020-10-01,1,1,0.99965024
55000900096564,2020-10-02,1,1,0.9996797
55000900096564,2020-10-03,1,1,0.99974173
55000900096564,2020-10-04,1,1,0.9996846
55000900096564,2020-10-05,1,1,0.999666
55000900096564,2020-10-06,1,1,0.99954623
55000900096564,2020-10-07,1,1,0.9991049
55000900096564,2020-10-08,1,1,0.9991105
55000900096564,2020-10-09,1,1,0.9995741
55000900096564,2020-10-11,1,1,0.9994667
55000900096564,2020-10-13,0,1,0.99915504
55000900096564,2020-10-15,1,1,0.99956733
55000900096564,2020-10-16,1,1,0.9999758
55000900096564,2020-10-17,1,1,0.99999285
55000900096564,2020-10-18,1,1,0.99999106
55000900096564,2020-10-19,1,1,0.9999902
55000900096564,2020-10-20,1,1,0.99998367
55000900096564,2020-10-22,1,1,0.9999875
55000900096564,2020-10-25,1,1,0.9999819
55000900096564,2020-10-23,1,0,0.99998224
55000900096564,2020-10-25,1,0,0.9999814
55000900097164,2020-09-29,0,1,0.035772428
55000900097164,2020-09-30,0,1,0.024121413
55000900097164,2020-10-01,0,1,0.024883129
55000900097164,2020-10-02,0,1,0.026684364
55000900097164,2020-10-03,0,1,0.028503533
55000900097164,2020-10-04,0,1,0.05078261
55000900097164,2020-10-05,0,1,0.056097697
55000900097164,2020-10-06,0,1,0.039282914
55000900097164,2020-10-07,0,1,0.035905596
55000900097164,2020-10-08,0,1,0.039897054
55000900097164,2020-10-09,0,1,0.038065173
55000900097164,2020-10-11,1,1,0.037560746
55000900097164,2020-10-12,1,1,0.028228173
55000900097164,2020-10-13,1,1,0.032999914
55000900097164,2020-10-14,1,1,0.17341124
55000900097164,2020-10-15,1,1,0.1795
55000900097164,2020-10-16,1,1,0.66287357
55000900097164,2020-10-17,1,1,0.935569
55000900097164,2020-10-18,1,1,0.960021
55000900097164,2020-10-19,1,1,0.96281517
55000900097164,2020-10-20,1,0,0.92858136
55000900097164,2020-10-21,1,0,0.99344045
55000900097169,2020-09-29,0,1,0.00041217447
55000900097169,2020-09-30,0,1,0.0003652044
55000900097169,2020-10-01,0,1,0.00045031257
55000900097169,2020-10-02,0,1,0.00047353192
55000900097169,2020-10-03,0,1,0.00049930846
55000900097169,2020-10-04,0,1,0.0005146276
55000900097169,2020-10-05,0,1,0.0004482594
55000900097169,2020-10-06,0,1,0.00042953755
55000900097169,2020-10-07,0,1,0.00035530902
55000900097169,2020-10-08,0,1,0.00046199124
55000900097169,2020-10-09,0,1,0.00048292588
55000900097169,2020-10-10,1,1,0.0010972761
55000900097169,2020-10-11,1,1,0.0003438201
55000900097169,2020-10-12,1,1,0.00036614147
55000900097169,2020-10-13,1,1,0.0025028393
55000900097169,2020-10-14,1,1,0.0004516586
55000900097169,2020-10-15,1,1,0.00094506337
55000900097169,2020-10-16,0,1,0.002652348
55000900097169,2020-10-17,0,1,0.00091108854
55000900097169,2020-10-18,0,1,0.0012194657
55000900097169,2020-10-19,0,1,0.0017103611
55000900097169,2020-10-20,0,0,0.002787542
55000900097169,2020-10-21,0,0,0.0026199603
55000900097170,2020-09-29,0,1,0.04990127
55000900097170,2020-09-30,0,1,0.008672016
55000900097170,2020-10-01,0,1,0.008944842
55000900097170,2020-10-02,0,1,0.0092398245
55000900097170,2020-10-03,0,1,0.012638698
55000900097170,2020-10-04,0,1,0.013828983
55000900097170,2020-10-05,0,1,0.014858183
55000900097170,2020-10-06,0,1,0.017035333
55000900097170,2020-10-07,0,1,0.015936738
55000900097170,2020-10-08,0,1,0.014576981
55000900097170,2020-10-09,0,1,0.016089741
55000900097170,2020-10-10,0,1,0.015022274
55000900097170,2020-10-11,0,1,0.007999701
55000900097170,2020-10-12,0,1,0.013457116
55000900097170,2020-10-13,1,1,0.04936072
55000900097170,2020-10-14,0,1,0.05923576
55000900097170,2020-10-15,0,1,0.083397165
55000900097170,2020-10-16,0,1,0.15974578
55000900097170,2020-10-17,0,1,0.04745091
55000900097170,2020-10-18,0,1,0.04136589
55000900097170,2020-10-19,0,1,0.023162708
55000900097170,2020-10-20,0,1,0.018200673
55000900097170,2020-10-21,0,1,0.017834852
55000900097170,2020-10-22,0,1,0.017663516
55000900097170,2020-10-23,0,1,0.017236782
55000900097170,2020-10-24,0,1,0.018641446
55000900097170,2020-10-25,1,1,0.017922103
55000900097170,2020-10-26,0,1,0.018386025
55000900097170,2020-10-27,0,0,0.019207947
55000900097170,2020-10-28,0,0,0.020574512
55000900098500,2020-09-29,1,0,0.99992275
55000900098500,2020-09-30,1,0,0.9999651
55000900098500,2020-10-01,1,0,0.9999825
55000900098500,2020-10-02,1,0,0.99997497
55000900098500,2020-10-03,1,0,0.9999548
55000900098500,2020-10-04,1,0,0.99990904
55000900098500,2020-10-05,1,0,0.99990976
55000900098500,2020-10-06,1,0,0.9999182
55000900098500,2020-10-07,1,0,0.99985623
55000900098500,2020-10-08,1,0,0.99968505
55000900098500,2020-10-09,1,0,0.99966025
55000900098500,2020-10-10,1,0,0.9997348
55000900098500,2020-10-11,1,0,0.99964726
55000900098500,2020-10-12,1,0,0.9996661
55000900098500,2020-10-13,1,0,0.99991024
55000900098500,2020-10-14,1,0,0.9999418
55000900098500,2020-10-15,1,0,0.99995005
55000900098500,2020-10-16,1,0,0.99995744
55000900098500,2020-10-17,1,0,0.9999714
55000900098500,2020-10-18,1,0,0.9999702
55000900098500,2020-10-19,1,0,0.99997795
55000900098500,2020-10-20,1,0,0.9999783
55000900098500,2020-10-21,1,0,0.99993706
55000900098500,2020-10-22,1,0,0.9999002
55000900098500,2020-10-23,1,0,0.99990463
55000900098500,2020-10-24,1,0,0.9999149
55000900098500,2020-10-25,1,0,0.9999676
55000900098500,2020-10-26,1,0,0.9999653
55000900098500,2020-10-27,1,0,0.9999597
55000900098500,2020-10-28,1,0,0.99996686
55000900098500,2020-10-29,1,0,0.9999305
55000900098500,2020-10-30,1,0,0.9999746
55000900098500,2020-10-31,1,0,0.99995625
55000900098500,2020-11-01,1,0,0.99995744
55000900098500,2020-11-02,1,0,0.9999603
55000900098500,2020-11-03,1,0,0.9999589
55000900098500,2020-11-04,1,0,0.9999684
55000900098500,2020-11-05,1,0,0.9999658
55000900098500,2020-11-06,1,0,0.9999752
55000900098500,2020-11-07,1,0,0.9999752
55000900098500,2020-11-08,1,0,0.99996257
55000900098500,2020-11-09,1,0,0.9999548
55000900098500,2020-11-10,1,0,0.9999666
55000900098500,2020-11-11,1,0,0.99995863
55000900098500,2020-11-12,1,0,0.99995923
55000900098500,2020-11-13,1,0,0.99997735
55000900098500,2020-11-14,1,0,0.9999571
55000900098500,2020-11-15,1,0,0.99995494
55000900098500,2020-11-16,1,0,0.9999765
55000900098500,2020-11-17,1,0,0.99998236
55000900098500,2020-11-18,1,0,0.999972
55000900098500,2020-11-19,1,0,0.9999715
55000900098500,2020-11-20,1,0,0.99996877
55000900098500,2020-11-21,1,0,0.9999659
55000900098500,2020-11-22,1,0,0.99997663
55000900098500,2020-11-23,1,0,0.99996305
55000900098500,2020-11-24,1,0,0.9999696
55000900098500,2020-11-25,1,0,0.99997056
55000900098500,2020-11-26,1,0,0.9999628
55000900098500,2020-11-27,1,0,0.99997985
55000900098500,2020-11-28,1,0,0.9999758
55000900098500,2020-11-29,1,0,0.99997854
55000900098500,2020-11-30,1,0,0.9999788
55000900098500,2020-12-01,1,0,0.9999819
55000900099610,2020-09-29,1,1,0.9999907
55000900099610,2020-09-30,1,1,0.99999154
55000900099610,2020-10-01,1,1,0.9999906
55000900099610,2020-10-02,1,1,0.9999809
55000900099610,2020-10-03,1,1,0.9999634
55000900099610,2020-10-04,1,1,0.9999722
55000900099610,2020-10-05,1,1,0.9999726
55000900099610,2020-10-06,1,1,0.9999776
55000900099610,2020-10-07,1,1,0.999979
55000900099610,2020-10-08,1,1,0.9999763
55000900099610,2020-10-09,1,1,0.9999677
55000900099610,2020-10-10,1,1,0.9999707
55000900099610,2020-10-11,1,1,0.9999813
55000900099610,2020-10-12,1,1,0.9999862
55000900099610,2020-10-13,1,1,0.9999924
55000900099610,2020-10-14,1,1,0.99999154
55000900099610,2020-10-15,1,1,0.99999166
55000900099610,2020-10-16,1,1,0.9999943
55000900099610,2020-10-17,1,1,0.9999918
55000900099610,2020-10-18,1,0,0.9999907
55000900099610,2020-10-19,1,0,0.99998844
55000900100137,2020-09-29,0,1,0.022575853
55000900100137,2020-09-30,0,1,0.0155814765
55000900100137,2020-10-01,0,1,0.012950348
55000900100137,2020-10-02,0,1,0.008159991
55000900100137,2020-10-03,0,1,0.007572531
55000900100137,2020-10-04,0,1,0.007909169
55000900100137,2020-10-05,0,1,0.0085166
55000900100137,2020-10-06,0,1,0.008870609
55000900100137,2020-10-07,0,1,0.009562786
55000900100137,2020-10-08,0,1,0.010332755
55000900100137,2020-10-09,0,1,0.008372311
55000900100137,2020-10-10,0,1,0.008699932
55000900100137,2020-10-11,1,1,0.01006802
55000900100137,2020-10-12,1,1,0.010522511
55000900100137,2020-10-13,1,1,0.19886595
55000900100137,2020-10-14,1,1,0.20043585
55000900100137,2020-10-16,0,1,0.10608154
55000900100137,2020-10-17,0,1,0.26054877
55000900100137,2020-10-18,0,1,0.26469028
55000900100137,2020-10-19,0,0,0.034104697
55000900100137,2020-10-20,0,0,0.060851485
55000900130309,2020-09-29,1,0,0.9999865
55000900130309,2020-09-30,1,0,0.99998534
55000900130309,2020-10-01,1,0,0.9999759
55000900130309,2020-10-02,1,0,0.99997103
55000900130309,2020-10-03,1,0,0.9999685
55000900130309,2020-10-04,1,0,0.99996483
55000900130309,2020-10-05,1,0,0.99996793
55000900130309,2020-10-06,1,0,0.9999385
55000900130309,2020-10-07,1,0,0.9999615
55000900130309,2020-10-08,1,0,0.9999696
55000900130309,2020-10-09,1,0,0.9999639
55000900130309,2020-10-10,1,0,0.99988663
55000900130309,2020-10-11,1,0,0.99996567
55000900130309,2020-10-12,1,0,0.99997413
55000900130309,2020-10-13,1,0,0.99999034
55000900130309,2020-10-14,1,0,0.99998736
55000900130309,2020-10-15,1,0,0.9999875
55000900130309,2020-10-16,1,0,0.9999864
55000900130309,2020-10-17,1,0,0.9999871
55000900130309,2020-10-18,1,0,0.99998486
55000900130309,2020-10-19,1,0,0.9999839
55000900130309,2020-10-20,1,0,0.999984
55000900130309,2020-10-21,1,0,0.99998724
55000900130309,2020-10-22,1,0,0.9999851
55000900130309,2020-10-23,1,0,0.99998605
55000900130309,2020-10-24,1,0,0.9999852
55000900130309,2020-10-25,1,0,0.9999877
55000900130309,2020-10-26,1,0,0.9999889
55000900130309,2020-10-27,1,0,0.9999926
55000900130309,2020-10-28,1,0,0.999992
55000900130309,2020-10-29,1,0,0.9999926
55000900130309,2020-10-30,1,0,0.99998176
55000900130309,2020-10-31,1,0,0.99998415
55000900130309,2020-11-01,1,0,0.9999832
55000900130309,2020-11-02,1,0,0.99998283
55000900130309,2020-11-03,1,0,0.9999871
55000900130309,2020-11-04,1,0,0.99998283
55000900130309,2020-11-05,1,0,0.9999795
55000900130309,2020-11-06,1,0,0.99998283
55000900130309,2020-11-07,1,0,0.9999876
55000900130309,2020-11-08,1,0,0.99998975
55000900130309,2020-11-09,1,0,0.99998665
55000900130309,2020-11-10,1,0,0.9999902
55000900130309,2020-11-11,1,0,0.99998844
55000900130309,2020-11-12,1,0,0.9999893
55000900130309,2020-11-13,1,0,0.9999896
55000900130309,2020-11-14,1,0,0.9999939
55000900130309,2020-11-15,1,0,0.9999913
55000900130309,2020-11-16,1,0,0.9999926
55000900130309,2020-11-17,1,0,0.9999927
55000900130309,2020-11-18,1,0,0.9999887
55000900130309,2020-11-19,1,0,0.99998665
55000900130309,2020-11-20,1,0,0.9999864
55000900130309,2020-11-21,1,0,0.9999937
55000900130309,2020-11-22,1,0,0.99998665
55000900130309,2020-11-23,1,0,0.9999887
55000900130309,2020-11-24,1,0,0.99999046
55000900130309,2020-11-25,1,0,0.99999046
55000900130309,2020-11-26,1,0,0.9999893
55000900130309,2020-11-27,1,0,0.9999846
55000900130309,2020-11-28,1,0,0.9999876
55000900130309,2020-11-29,1,0,0.99998665
55000900130309,2020-11-30,1,0,0.9999858
55000900130309,2020-12-01,1,0,0.9999887
55000900130309,2020-12-03,1,0,0.99998915
55000900130309,2020-12-04,1,0,0.9999893
55000900130309,2020-12-05,1,0,0.9999871
55000900130309,2020-12-06,1,0,0.99999225
55000900130309,2020-12-07,1,0,0.99998856
55000900130309,2020-12-08,1,0,0.9999896
55000900130309,2020-12-09,1,0,0.9999869
55000900130309,2020-12-10,1,0,0.9999895
55000900130309,2020-12-11,1,0,0.99999225
55000900130309,2020-12-12,1,0,0.99999225
55000900130309,2020-12-13,1,0,0.9999887
55000900130309,2020-12-14,1,0,0.99999344
55000900130309,2020-12-15,1,0,0.9999877
55000900130309,2020-12-16,1,0,0.9999893
55000900130309,2020-12-18,1,0,0.9999882
55000900130309,2020-12-19,1,0,0.99997663
55000900130309,2020-12-20,1,0,0.99997807
55000900130309,2020-12-21,1,0,0.99998903
55000900130309,2020-12-22,1,0,0.9999789
55000900130309,2020-12-23,1,0,0.99998486
55000900130309,2020-12-24,1,0,0.99999356
55000900130309,2020-12-25,1,0,0.99998486
55000900130309,2020-12-26,1,0,0.9999889
55000900130309,2020-12-27,1,0,0.99999154
55000900130309,2020-12-28,1,0,0.99998987
55000900130309,2020-12-29,1,0,0.99999285
55000900130309,2020-12-30,1,0,0.999987
55000900130309,2020-12-31,1,0,0.99998987
55000900130309,2021-01-01,1,0,0.9999889
55000900130309,2021-01-02,1,0,0.9999938
55000900130309,2021-01-03,1,0,0.9999931
55000900130309,2021-01-04,1,0,0.9999931
55000900130309,2021-01-05,1,0,0.9999895
55000900130309,2021-01-06,1,0,0.9999894
55000900130309,2021-01-07,1,0,0.99999356
55000900130309,2021-01-08,1,0,0.9999927
55000900130309,2021-01-09,1,0,0.9999871
55000900130309,2021-01-10,1,0,0.99999356
55000900130309,2021-01-11,1,0,0.9999932
55000900130309,2021-01-12,1,0,0.9999933
55000900130309,2021-01-13,1,0,0.9999925
55000900130309,2021-01-14,1,0,0.99999344
55000900130309,2021-01-15,1,0,0.99999356
55000900130309,2021-01-16,1,0,0.9999926
55000900130309,2021-01-17,1,0,0.9999933
55000900130309,2021-01-18,1,0,0.99999297
55000900130309,2021-01-19,1,0,0.9999933
55000900130309,2021-01-20,1,0,0.9999924
55000900130309,2021-01-21,1,0,0.999992
55000900130309,2021-01-22,1,0,0.9999801
55000900130309,2021-01-23,1,0,0.99999285
55000900130309,2021-01-24,1,0,0.9999815
55000900130309,2021-01-25,1,0,0.9999933
55000900130309,2021-01-26,1,0,0.9999888
55000900130309,2021-01-27,1,0,0.9999877
55000900130309,2021-01-28,1,0,0.9999846
55000900130309,2021-01-29,1,0,0.9999846
55000900130309,2021-01-30,1,0,0.99998677
55000900130309,2021-01-31,1,0,0.9999894
55000900130309,2021-02-01,1,0,0.9999924
55000900130309,2021-02-02,1,0,0.9999924
55000900130309,2021-02-03,1,0,0.9999924
55000900130309,2021-02-04,1,0,0.9999924
55000900130309,2021-02-05,1,0,0.9999924
55000900130309,2021-02-06,1,0,0.9999924
55000900130309,2021-02-07,1,0,0.9999924
55000900130309,2021-02-08,1,0,0.9999924
55000900130309,2021-02-09,1,0,0.9999924
55000900130309,2021-02-10,1,0,0.9999924
55000900130309,2021-02-11,1,0,0.9999924
55000900130309,2021-02-12,1,0,0.9999924
55000900130309,2021-02-13,1,0,0.9999924
55000900130309,2021-02-14,1,0,0.9999924
55000900130309,2021-02-15,1,0,0.9999924
55000900130309,2021-02-16,1,0,0.9999924
55000900130309,2021-02-17,1,0,0.9999924
55000900130309,2021-02-18,1,0,0.9999924
55000900130309,2021-02-19,1,0,0.9999924
55000900130309,2021-02-20,1,0,0.9999924
55000900130309,2021-02-21,1,0,0.9999924
55000900130309,2021-02-22,1,0,0.9999924
55000900130309,2021-02-23,1,0,0.9999924
55000900130309,2021-02-24,1,0,0.9999924
55000900130309,2021-02-25,1,0,0.9999924
55000900130309,2021-02-26,1,0,0.9999924
55000900130309,2021-02-27,1,0,0.9999924
55000900130309,2021-02-28,1,0,0.9999924
55000900130309,2021-03-01,1,0,0.9999924
55000900130309,2021-03-02,1,0,0.9999924
55000900130309,2021-03-03,1,0,0.9999924
55000900130309,2021-03-04,1,0,0.9999924
55000900130309,2021-03-05,1,0,0.9999924
55000900130309,2021-03-06,1,0,0.9999924
55000900130309,2021-03-07,1,0,0.9999924
55000900130309,2021-03-08,1,0,0.9999924
55000900130309,2021-03-09,1,0,0.9999924
55000900130309,2021-03-10,1,0,0.9999924
55000900130309,2021-03-11,1,0,0.9999924
55000900130309,2021-03-12,1,0,0.9999924
55000900130309,2021-03-13,1,0,0.9999924
55000900130309,2021-03-15,1,0,0.9999924
55000900130309,2021-03-16,1,0,0.9999924
55000900130309,2021-03-17,1,0,0.9999924
55000900130309,2021-03-18,1,0,0.9999924
55000900130309,2021-03-19,1,0,0.9999924
55000900130309,2021-03-20,1,0,0.9999924
55000900130309,2021-03-21,1,0,0.9999924
55000900130309,2021-03-22,1,0,0.9999924
55000900130309,2021-03-23,1,0,0.9999924
55000900130309,2021-03-24,1,0,0.9999924
55000900130309,2021-03-25,1,0,0.9999924
55000900130309,2021-03-26,1,0,0.9999924
55000900130309,2021-03-27,1,0,0.9999924
55000900130309,2021-03-28,1,0,0.9999924
55000900130309,2021-03-29,1,0,0.9999924
55000900130309,2021-03-30,1,0,0.9999924
55000900130309,2021-03-31,1,0,0.9999924
55000900130309,2021-04-01,1,0,0.9999924
55000900130309,2021-04-02,1,0,0.9999924
55000900130309,2021-04-03,1,0,0.9999924
55000900130309,2021-04-04,1,0,0.9999924
55000900130309,2021-04-05,1,0,0.9999924
55000900130309,2021-04-06,1,0,0.9999924
55000900130309,2021-04-07,1,0,0.9999924
55000900130309,2021-04-08,1,0,0.9999924
55000900130309,2021-04-09,1,0,0.9999924
55000900130309,2021-04-10,1,0,0.9999924
55000900130309,2021-04-11,1,0,0.9999924
55000900130309,2021-04-12,1,0,0.9999924
55000900130309,2021-04-13,1,0,0.9999924
55000900130309,2021-04-14,1,0,0.9999924
55000900130309,2021-04-15,1,0,0.9999924
55000900130309,2021-04-16,1,0,0.9999924
55000900130309,2021-04-17,1,0,0.9999924
55000900130309,2021-04-18,1,0,0.9999924
55000900130309,2021-04-19,1,0,0.9999924
55000900130309,2021-04-20,1,0,0.9999924
55000900130309,2021-04-21,1,0,0.9999924
55000900130309,2021-04-22,1,0,0.9999924
55000900130309,2021-04-23,1,0,0.9999924
55000900130309,2021-04-24,1,0,0.9999924
55000900130309,2021-04-25,1,0,0.9999924
55000900130309,2021-04-26,1,0,0.9999924
55000900130309,2021-04-27,1,0,0.9999924
55000900130309,2021-04-28,1,0,0.9999924
55000900130309,2021-04-29,1,0,0.9999924
55000900130309,2021-04-30,1,0,0.9999924
55000900130309,2021-05-01,1,0,0.9999924
55000900130309,2021-05-02,1,0,0.9999924
55000900130309,2021-05-03,1,0,0.9999924
55000900130309,2021-05-04,1,0,0.9999924
55000900130309,2021-05-05,1,0,0.9999924
55000900130309,2021-05-06,1,0,0.9999924
55000900130309,2021-05-07,1,0,0.9999924
55000900130309,2021-05-08,1,0,0.9999924
55000900130309,2021-05-09,1,0,0.9999924
55000900130309,2021-05-10,1,0,0.9999924
55000900130309,2021-05-11,1,0,0.9999924
55000900130309,2021-05-12,1,0,0.9999924
55000900130309,2021-05-13,1,0,0.9999924
55000900130309,2021-05-14,1,0,0.9999924
55000900130309,2021-05-15,1,0,0.9999924
55000900130309,2021-05-16,1,0,0.9999924
55000900130309,2021-05-17,1,0,0.9999924
55000900130309,2021-05-18,1,0,0.9999924
55000900130309,2021-05-19,1,0,0.9999924
55000900130309,2021-05-20,1,0,0.9999924
55000900130309,2021-05-21,1,0,0.9999924
55000900130309,2021-05-22,1,0,0.9999924
55000900130309,2021-05-23,1,0,0.9999924
55000900130309,2021-05-24,1,0,0.9999924
55000900130309,2021-05-25,1,0,0.9999924
55000900130309,2021-05-26,1,0,0.9999924
55000900130309,2021-05-27,1,0,0.9999924
55000900130309,2021-05-28,1,0,0.9999924
55000900130309,2021-05-29,1,0,0.9999924
55000900130309,2021-05-30,1,0,0.9999924
55000900130309,2021-05-31,1,0,0.9999924
55000900130309,2021-06-01,1,0,0.9999924
55000900130309,2021-06-02,1,0,0.9999924
55000900130309,2021-06-03,1,0,0.9999924
55000900130309,2021-06-04,1,0,0.9999924
55000900130309,2021-06-05,1,0,0.9999924
55000900130309,2021-06-06,1,0,0.9999924
55000900130309,2021-06-07,1,0,0.9999924
55000900130309,2021-06-08,1,0,0.9999924
55000900130309,2021-06-09,1,0,0.9999924
55000900130309,2021-06-10,1,0,0.9999924
55000900130309,2021-06-11,1,0,0.9999924
55000900130309,2021-06-12,1,0,0.9999924
55000900130309,2021-06-13,1,0,0.9999924
55000900130309,2021-06-14,1,0,0.9999924
55000900130309,2021-06-15,1,0,0.9999924
55000900130309,2021-06-16,1,0,0.9999924
55000900130309,2021-06-17,1,0,0.9999924
55000900130309,2021-06-18,1,0,0.9999924
55000900130309,2021-06-19,1,0,0.9999924
55000900130309,2021-06-20,1,0,0.9999924
55000900130309,2021-06-21,1,0,0.9999924
55000900130309,2021-06-22,1,0,0.9999924
55000900130309,2021-06-23,1,0,0.9999924
55000900130309,2021-06-24,1,0,0.9999924
55000900130309,2021-06-25,1,0,0.9999924
55000900130309,2021-06-26,1,0,0.9999924
55000900130309,2021-06-27,1,0,0.9999924
55000900130309,2021-06-28,1,0,0.9999924
55000900130309,2021-06-29,1,0,0.9999924
55000900130309,2021-06-30,1,0,0.9999924
55000900130309,2021-07-01,1,0,0.9999924
55000900130309,2021-07-02,1,0,0.9999924
55000900130309,2021-07-03,1,0,0.9999924
55000900130309,2021-07-04,1,0,0.9999924
55000900130309,2021-07-05,1,0,0.9999924
55000900130309,2021-07-06,1,0,0.9999924
55000900130309,2021-07-07,1,0,0.9999924
55000900130309,2021-07-08,1,0,0.9999924
55000900130309,2021-07-09,1,0,0.9999924
55000900130309,2021-07-10,1,0,0.9999924
55000900130309,2021-07-11,1,0,0.9999924
55000900130309,2021-07-12,1,0,0.9999924
55000900130309,2021-07-13,1,0,0.9999924
55000900130309,2021-07-14,1,0,0.9999924
55000900130309,2021-07-15,1,0,0.9999924
55000900130309,2021-07-16,1,0,0.9999924
55000900130309,2021-07-20,1,0,0.9999924
55000900130309,2021-07-21,1,0,0.9999924
55000900130309,2021-07-22,1,0,0.9999924
55000900130309,2021-07-23,1,0,0.9999924
55000900130309,2021-07-24,1,0,0.9999924
55000900130309,2021-07-25,1,0,0.9999924
55000900130309,2021-07-26,1,0,0.9999924
55000900130309,2021-07-27,1,0,0.9999924
55000900130309,2021-07-28,1,0,0.9999924
55000900130309,2021-07-29,1,0,0.9999924
55000900130309,2021-07-30,1,0,0.9999924
55000900130309,2021-07-31,1,0,0.9999924
55000900130309,2021-08-01,1,0,0.9999924
55000900130309,2021-08-02,1,0,0.9999924
55000900130309,2021-08-03,1,0,0.9999924
55000900130309,2021-08-04,1,0,0.9999924
55000900130309,2021-08-05,1,0,0.9999924
55000900130309,2021-08-06,1,0,0.9999924
55000900130309,2021-08-07,1,0,0.9999924
55000900130309,2021-08-08,1,0,0.9999924
55000900130309,2021-08-09,1,0,0.9999924
55000900130309,2021-08-10,1,0,0.9999924
55000900130309,2021-08-11,1,0,0.9999924
55000900130309,2021-08-12,1,0,0.9999924
55000900130309,2021-08-13,1,0,0.9999924
55000900130309,2021-08-14,1,0,0.9999924
55000900130309,2021-08-15,1,0,0.9999924
55000900130309,2021-08-16,1,0,0.9999924
55000900130309,2021-08-25,1,0,0.9999924
55000900130309,2021-08-26,1,0,0.9999924
55000900130309,2021-08-27,1,0,0.9999924
55000900130309,2021-08-28,1,0,0.9999924
55000900130309,2021-08-29,1,0,0.9999924
55000900130309,2021-08-30,1,0,0.9999924
55000900130309,2021-08-31,1,0,0.9999924
55000900130309,2021-09-01,1,0,0.9999924
55000900130309,2021-09-02,1,0,0.9999924
55000900130309,2021-09-03,1,0,0.9999924
55000900130309,2021-09-04,1,0,0.9999924
55000900130309,2021-09-05,1,0,0.9999924
55000900130309,2021-09-06,1,0,0.9999924
55000900130309,2021-09-07,1,0,0.9999924
55000900130309,2021-09-08,1,0,0.9999924
55000900130309,2021-09-09,1,0,0.9999924
55000900130309,2021-09-10,1,0,0.9999924
55000900130309,2021-09-11,1,0,0.9999924
55000900130309,2021-09-12,1,0,0.9999924
55000900130309,2021-09-13,1,0,0.9999924
55000900130309,2021-09-14,1,0,0.9999924
55000900130309,2021-09-15,1,0,0.9999924
55000900130309,2021-09-16,1,0,0.9999924
55000900130309,2021-09-17,1,0,0.9999924
55000900130309,2021-09-18,1,0,0.9999924
55000900130309,2021-09-19,1,0,0.9999924
55000900130309,2021-09-20,1,0,0.9999924
55000900130309,2021-09-21,1,0,0.9999924
55000900130309,2021-09-22,1,0,0.9999924
55000900130309,2021-09-23,1,0,0.9999924
55000900130309,2021-09-24,1,0,0.9999924
55000900130309,2021-09-25,1,0,0.9999924
55000900130309,2021-09-26,1,0,0.9999924
55000900130309,2021-09-27,1,0,0.9999924
55000900130309,2021-09-28,1,0,0.9999924
55000900130309,2021-09-29,1,0,0.9999924
55000900130309,2021-09-30,1,0,0.9999924
55000900130309,2021-10-01,1,0,0.9999924
55000900130309,2021-10-02,1,0,0.9999924
55000900130309,2021-10-03,1,0,0.9999924
55000900130309,2021-10-04,1,0,0.9999924
55000900130309,2021-10-05,1,0,0.9999924
55000900130309,2021-10-06,1,0,0.9999924
55000900130309,2021-10-07,1,0,0.9999924
55000900130309,2021-10-08,1,0,0.9999924
55000900130309,2021-10-09,1,0,0.9999924
55000900130309,2021-10-10,1,0,0.9999924
55000900130309,2021-10-11,1,0,0.9999924
55000900130309,2021-10-12,1,0,0.9999924
55000900130309,2021-10-13,1,0,0.9999924
55000900130309,2021-10-14,1,0,0.9999924
55000900130309,2021-10-15,1,0,0.9999924
55000900130309,2021-10-16,1,0,0.9999924
55000900130309,2021-10-17,1,0,0.9999924
55000900130309,2021-10-18,1,0,0.9999924
55000900130309,2021-10-19,1,0,0.9999924
55000900130309,2021-10-20,1,0,0.9999924
55000900130309,2021-10-21,1,0,0.9999924
55000900130309,2021-10-22,1,0,0.9999924
55000900130309,2021-10-23,1,0,0.9999924
55000900130309,2021-10-24,1,0,0.9999924
55000900130309,2021-10-25,1,0,0.9999924
55000900130309,2021-10-26,1,0,0.9999924
55000900130309,2021-10-27,1,0,0.9999924
55000900130309,2021-10-28,1,0,0.9999924
55000900130309,2021-10-29,1,0,0.9999924
55000900130309,2021-10-30,1,0,0.9999924
55000900130309,2021-10-31,1,0,0.9999924
55000900130309,2021-11-01,1,0,0.9999924
55000900130309,2021-11-02,1,0,0.9999924
55000900130309,2021-11-03,1,0,0.9999924
55000900130309,2021-11-04,1,0,0.9999924
55000900130309,2021-11-05,1,0,0.9999924
55000900130309,2021-11-06,1,0,0.9999924
55000900130309,2021-11-07,1,0,0.9999924
55000900130309,2021-11-08,1,0,0.9999924
55000900130309,2021-11-09,1,0,0.9999924
55000900130309,2021-11-10,1,0,0.9999924
55000900130309,2021-11-11,1,0,0.9999924
55000900130309,2021-11-12,1,0,0.9999924
55000900130309,2021-11-13,1,0,0.9999924
55000900130309,2021-11-14,1,0,0.9999924
55000900130309,2021-11-15,1,0,0.9999924
55000900130309,2021-11-16,1,0,0.9999924
55000900130309,2021-11-17,1,0,0.9999924
55000900130309,2021-11-18,1,0,0.9999924
55000900130309,2021-11-19,1,0,0.9999924
55000900130309,2021-11-20,1,0,0.9999924
55000900130309,2021-11-21,1,0,0.9999924
55000900130309,2021-11-22,1,0,0.9999924
55000900130309,2021-11-23,1,0,0.9999924
55000900130309,2021-11-24,1,0,0.9999924
55000900130309,2021-11-25,1,0,0.9999924
55000900130309,2021-11-26,1,0,0.9999924
55000900130309,2021-11-27,1,0,0.9999924
55000900130309,2021-11-28,1,0,0.9999924
55000900130309,2021-11-29,1,0,0.9999924
55000900130309,2021-11-30,1,0,0.9999924
55000900130309,2021-12-01,1,0,0.9999924
55000900130309,2021-12-02,1,0,0.9999924
55000900130309,2021-12-03,1,0,0.9999924
55000900130309,2021-12-04,1,0,0.9999924
55000900130309,2021-12-05,1,0,0.9999924
55000900130309,2021-12-06,1,0,0.9999924
55000900130309,2021-12-07,1,0,0.9999924
55000900130309,2021-12-08,1,0,0.9999924
55000900130309,2021-12-09,1,0,0.9999924
55000900130309,2021-12-10,1,0,0.9999924
55000900130309,2021-12-11,1,0,0.9999924
55000900130309,2021-12-12,1,0,0.9999924
55000900130309,2021-12-13,1,0,0.9999924
55000900130309,2021-12-14,1,0,0.9999924
55000900130309,2021-12-15,1,0,0.9999924
55000900130309,2021-12-16,1,0,0.9999924
55000900130309,2021-12-17,1,0,0.9999924
55000900130309,2021-12-18,1,0,0.9999924
55000900130309,2021-12-19,1,0,0.9999924
55000900130309,2021-12-20,1,0,0.9999924
55000900130309,2021-12-21,1,0,0.9999924
55000900130309,2021-12-22,1,0,0.9999924
55000900130309,2021-12-23,1,0,0.9999924
55000900130309,2021-12-24,1,0,0.9999924
55000900130309,2021-12-25,1,0,0.9999924
55000900130309,2021-12-26,1,0,0.9999924
55000900130309,2021-12-27,1,0,0.9999924
55000900130309,2021-12-28,1,0,0.9999924
55000900130309,2021-12-29,1,0,0.9999924
55000900130309,2021-12-30,1,0,0.9999924
55000900130309,2021-12-31,1,0,0.9999924
55000900130309,2022-01-01,1,0,0.9999924
55000900130309,2022-01-02,1,0,0.9999924
55000900130309,2022-01-03,1,0,0.9999924
55000900130309,2022-01-04,1,0,0.9999924
55000900130309,2022-01-05,1,0,0.9999924
55000900130309,2022-01-06,1,0,0.9999924
55000900130309,2022-01-07,1,0,0.9999924
55000900130309,2022-01-08,1,0,0.9999924
55000900130309,2022-01-09,1,0,0.9999924
55000900130309,2022-01-10,1,0,0.9999924
55000900130309,2022-01-11,1,0,0.9999924
55000900130309,2022-01-12,1,0,0.9999924
55000900130309,2022-01-13,1,0,0.9999924
55000900130309,2022-01-14,1,0,0.9999924
55000900130309,2022-01-15,1,0,0.9999924
55000900130309,2022-01-16,1,0,0.9999924
55000900130309,2022-01-17,1,0,0.9999924
55000900130309,2022-01-18,1,0,0.9999924
55000900130309,2022-01-19,1,0,0.9999924
55000900130309,2022-01-20,1,0,0.9999924
55000900130309,2022-01-21,1,0,0.9999924
55000900130309,2022-01-22,1,0,0.9999924
55000900130309,2022-01-23,1,0,0.9999924
55000900130309,2022-01-24,1,0,0.9999924
55000900130309,2022-01-25,1,0,0.9999924
55000900130309,2022-01-26,1,0,0.9999924
55000900130309,2022-01-27,1,0,0.9999924
55000900130309,2022-01-28,1,0,0.9999924
55000900130309,2022-01-29,1,0,0.9999924
55000900130309,2022-01-30,1,0,0.9999924
55000900130309,2022-01-31,1,0,0.9999924
55000900130309,2022-02-01,1,0,0.9999924
55000900130309,2022-02-02,1,0,0.9999924
55000900130309,2022-02-03,1,0,0.9999924
55000900130309,2022-02-04,1,0,0.9999924
55000900130309,2022-02-05,1,0,0.9999924
55000900130309,2022-02-06,1,0,0.9999924
55000900130309,2022-02-07,1,0,0.9999924
55000900130309,2022-02-08,1,0,0.9999924
55000900130309,2022-02-09,1,0,0.9999924
55000900130309,2022-02-10,1,0,0.9999924
55000900130309,2022-02-11,1,0,0.9999924
55000900130309,2022-02-12,1,0,0.9999924
55000900130309,2022-02-13,1,0,0.9999924
55000900130309,2022-02-14,1,0,0.9999924
55000900130309,2022-02-15,1,0,0.9999924
55000900130309,2022-02-16,1,0,0.9999924
55000900130309,2022-02-17,1,0,0.9999924
55000900130309,2022-02-18,1,0,0.9999924
55000900130309,2022-02-19,1,0,0.9999924
55000900130309,2022-02-20,1,0,0.9999924
55000900130309,2022-02-21,1,0,0.9999924
55000900130309,2022-02-22,1,0,0.9999924
55000900130309,2022-02-23,1,0,0.9999924
55000900130309,2022-02-24,1,0,0.9999924
55000900130309,2022-02-25,1,0,0.9999924
55000900130309,2022-02-26,1,0,0.9999924
55000900130309,2022-02-27,1,0,0.9999924
55000900130309,2022-02-28,1,0,0.9999924
55000900130309,2022-03-01,1,0,0.9999924
55000900130309,2022-03-02,1,0,0.9999924
55000900130309,2022-03-03,1,0,0.9999924
55000900130309,2022-03-04,1,0,0.9999924
55000900130309,2022-03-05,1,0,0.9999924
55000900130309,2022-03-06,1,0,0.9999924
55000900130309,2022-03-07,1,0,0.9999924
55000900130309,2022-03-08,1,0,0.9999924
55000900130309,2022-03-09,1,0,0.9999924
55000900130309,2022-03-10,1,0,0.9999924
55000900130309,2022-03-11,1,0,0.9999924
55000900130309,2022-03-12,1,0,0.9999924
55000900130309,2022-03-14,1,0,0.9999924
55000900130309,2022-03-15,1,0,0.9999924
55000900130309,2022-03-16,1,0,0.9999924
55000900130309,2022-03-17,1,0,0.9999924
55000900130309,2022-03-18,1,0,0.9999924
55000900130309,2022-03-19,1,0,0.9999924
55000900130309,2022-03-20,1,0,0.9999924
55000900130309,2022-03-21,1,0,0.9999924
55000900130309,2022-03-22,1,0,0.9999924
55000900130309,2022-03-23,1,0,0.9999924
55000900130309,2022-03-24,1,0,0.9999924
55000900130309,2022-03-25,1,0,0.9999924
55000900130309,2022-03-26,1,0,0.9999924
55000900130309,2022-03-27,1,0,0.9999924
55000900130309,2022-03-28,1,0,0.9999924
55000900130309,2022-03-29,1,0,0.9999924
55000900130309,2022-03-30,1,0,0.9999924
55000900130309,2022-03-31,1,0,0.9999924
55000900130309,2022-04-01,1,0,0.9999924
55000900130309,2022-04-02,1,0,0.9999924
55000900130309,2022-04-03,1,0,0.9999924
55000900130309,2022-04-04,1,0,0.9999924
55000900130309,2022-04-05,1,0,0.9999924
55000900130309,2022-04-06,1,0,0.9999924
55000900130309,2022-04-07,1,0,0.9999924
55000900130309,2022-04-08,1,0,0.9999924
55000900130309,2022-04-09,1,0,0.9999924
55000900130309,2022-04-10,1,0,0.9999924
55000900130309,2022-04-11,1,0,0.9999924
55000900130309,2022-04-12,1,0,0.9999924
55000900130309,2022-04-13,1,0,0.9999924
55000900130309,2022-04-14,1,0,0.9999924
55000900130309,2022-04-15,1,0,0.9999924
55000900130309,2022-04-16,1,0,0.9999924
55000900130309,2022-04-17,1,0,0.9999924
55000900130309,2022-04-18,1,0,0.9999924
55000900130309,2022-04-19,1,0,0.9999924
55000900130309,2022-04-20,1,0,0.9999924
55000900130309,2022-04-21,1,0,0.9999924
55000900130309,2022-04-22,1,0,0.9999924
55000900130309,2022-04-23,1,0,0.9999924
55000900130309,2022-04-24,1,0,0.9999924
55000900130309,2022-04-25,1,0,0.9999924
55000900130309,2022-04-26,1,0,0.9999924
55000900130309,2022-04-27,1,0,0.9999924
55000900130309,2022-04-28,1,0,0.9999924
55000900130309,2022-04-29,1,0,0.9999924
55000900130309,2022-04-30,1,0,0.9999924
55000900130309,2022-05-01,1,0,0.9999924
55000900130309,2022-05-02,1,0,0.9999924
55000900130309,2022-05-03,1,0,0.9999924
55000900130309,2022-05-04,1,0,0.9999924
55000900130309,2022-05-05,1,0,0.9999924
55000900130309,2022-05-06,1,0,0.9999924
55000900130309,2022-05-07,1,0,0.9999924
55000900130309,2022-05-08,1,0,0.9999924
55000900130309,2022-05-09,1,0,0.9999924
55000900130309,2022-05-10,1,0,0.9999924
55000900130309,2022-05-11,1,0,0.9999924
55000900130309,2022-05-12,1,0,0.9999924
55000900130309,2022-05-13,1,0,0.9999924
55000900130309,2022-05-14,1,0,0.9999924
55000900130309,2022-05-15,1,0,0.9999924
55000900130309,2022-05-16,1,0,0.9999924
55000900130309,2022-05-17,1,0,0.9999924
55000900130309,2022-05-18,1,0,0.9999924
55000900130309,2022-05-19,1,0,0.9999924
55000900130309,2022-05-20,1,0,0.9999924
55000900130309,2022-05-21,1,0,0.9999924
55000900130309,2022-05-22,1,0,0.9999924
55000900130309,2022-05-23,1,0,0.9999924
55000900130309,2022-05-24,1,0,0.9999924
55000900130309,2022-05-25,1,0,0.9999924
55000900130309,2022-05-26,1,0,0.9999924
55000900130309,2022-05-27,1,0,0.9999924
55000900130309,2022-05-28,1,0,0.9999924
55000900130309,2022-05-29,1,0,0.9999924
55000900130309,2022-05-30,1,0,0.9999924
55000900130309,2022-05-31,1,0,0.9999924
55000900130309,2022-06-01,1,0,0.9999924
55000900130309,2022-06-02,1,0,0.9999924
55000900130309,2022-06-03,1,0,0.9999924
55000900130309,2022-06-04,1,0,0.9999924
55000900130309,2022-06-05,1,0,0.9999924
55000900130309,2022-06-06,1,0,0.9999924
55000900130309,2022-06-07,1,0,0.9999924
55000900130309,2022-06-08,1,0,0.9999924
55000900130309,2022-06-09,1,0,0.9999924
55000900130309,2022-06-10,1,0,0.9999924
55000900130309,2022-06-11,1,0,0.9999924
55000900130309,2022-06-12,1,0,0.9999924
55000900130309,2022-06-13,1,0,0.9999924
55000900130309,2022-06-14,1,0,0.9999924
55000900130309,2022-06-15,1,0,0.9999924
55000900130309,2022-06-16,1,0,0.9999924
55000900130309,2022-06-17,1,0,0.9999924
55000900130309,2022-06-18,1,0,0.9999924
55000900130309,2022-06-19,1,0,0.9999924
55000900130309,2022-06-20,1,0,0.9999924
55000900130309,2022-06-21,1,0,0.9999924
55000900130309,2022-06-22,1,0,0.9999924
55000900130309,2022-06-23,1,0,0.9999924
55000900130309,2022-06-24,1,0,0.9999924
55000900130309,2022-06-25,1,0,0.9999924
55000900130309,2022-06-26,1,0,0.9999924
55000900130309,2022-06-27,1,0,0.9999924
55000900130309,2022-06-28,1,0,0.9999924
55000900130309,2022-06-29,1,0,0.9999924
55000900130309,2022-06-30,1,0,0.9999924
55000900130309,2022-07-01,1,0,0.9999924
55000900130309,2022-07-02,1,0,0.9999924
55000900130309,2022-07-03,1,0,0.9999924
55000900130309,2022-07-04,1,0,0.9999924
55000900130309,2022-07-05,1,0,0.9999924
55000900130309,2022-07-06,1,0,0.9999924
55000900130309,2022-07-07,1,0,0.9999924
55000900130309,2022-07-08,1,0,0.9999924
55000900130309,2022-07-09,1,0,0.9999924
55000900130309,2022-07-10,1,0,0.9999924
55000900130309,2022-07-11,1,0,0.9999924
55000900130309,2022-07-12,1,0,0.9999924
55000900130309,2022-07-13,1,0,0.9999924
55000900130309,2022-07-14,1,0,0.9999924
55000900130309,2022-07-15,1,0,0.9999924
55000900130309,2022-07-16,1,0,0.9999924
55000900130309,2022-07-17,1,0,0.9999924
55000900130309,2022-07-18,1,0,0.9999924
55000900130309,2022-07-19,1,0,0.9999924
55000900130309,2022-07-20,1,0,0.9999924
55000900130309,2022-07-21,1,0,0.9999924
55000900130309,2022-07-22,1,0,0.9999924
55000900130309,2022-07-23,1,0,0.9999924
55000900130309,2022-07-24,1,0,0.9999924
55000900130309,2022-07-25,1,0,0.9999924
55000900130309,2022-07-26,1,0,0.9999924
55000900130309,2022-07-27,1,0,0.9999924
55000900130309,2022-07-28,1,0,0.9999924
55000900130309,2022-07-29,1,0,0.9999924
55000900130309,2022-07-30,1,0,0.9999924
55000900130309,2022-07-31,1,0,0.9999924
55000900130309,2022-08-01,1,0,0.9999924
55000900130309,2022-08-02,1,0,0.9999924
55000900130309,2022-08-03,1,0,0.9999924
55000900130309,2022-08-04,1,0,0.9999924
55000900130309,2022-08-05,1,0,0.9999924
55000900130309,2022-08-06,1,0,0.9999924
55000900130309,2022-08-07,1,0,0.9999924
55000900130309,2022-08-08,1,0,0.9999924
55000900130309,2022-08-09,1,0,0.9999924
55000900130309,2022-08-10,1,0,0.9999924
55000900130309,2022-08-11,1,0,0.9999924
55000900130309,2022-08-12,1,0,0.9999924
55000900130309,2022-08-13,1,0,0.9999924
55000900130309,2022-08-14,1,0,0.9999924
55000900130309,2022-08-15,1,0,0.9999924
55000900130309,2022-08-16,1,0,0.9999924
55000900130309,2022-08-17,1,0,0.9999924
55000900130309,2022-08-18,1,0,0.9999924
55000900130309,2022-08-19,1,0,0.9999924
55000900130309,2022-08-20,1,0,0.9999924
55000900130309,2022-08-21,1,0,0.9999924
55000900130309,2022-08-22,1,0,0.9999924
55000900130309,2022-08-23,1,0,0.9999924
55000900130309,2022-08-24,1,0,0.9999924
55000900130309,2022-08-25,1,0,0.9999924
55000900130309,2022-08-26,1,0,0.9999924
55000900130309,2022-08-27,1,0,0.9999924
55000900130309,2022-08-28,1,0,0.9999924
55000900130309,2022-08-29,1,0,0.9999924
55000900130309,2022-08-30,1,0,0.9999924
55000900130309,2022-08-31,1,0,0.9999924
55000900130309,2022-09-01,1,0,0.9999924
55000900130309,2022-09-02,1,0,0.9999924
55000900130309,2022-09-03,1,0,0.9999924
55000900130309,2022-09-04,1,0,0.9999924
55000900130309,2022-09-05,1,0,0.9999924
55000900130309,2022-09-06,1,0,0.9999924
55000900130309,2022-09-07,1,0,0.9999924
55000900130309,2022-09-08,1,0,0.9999924
55000900130309,2022-09-09,1,0,0.9999924
55000900130309,2022-09-10,1,0,0.9999924
55000900130309,2022-09-11,1,0,0.9999924
55000900130309,2022-09-12,1,0,0.9999924
55000900130309,2022-09-13,1,0,0.9999924
55000900130309,2022-09-14,1,0,0.9999924
55000900130309,2022-09-15,1,0,0.9999924
55000900130309,2022-09-16,1,0,0.9999924
55000900130309,2022-09-17,1,0,0.9999924
55000900130309,2022-09-18,1,0,0.9999924
55000900130309,2022-09-19,1,0,0.9999924
55000900130309,2022-09-20,1,0,0.9999924
55000900130309,2022-09-21,1,0,0.9999924
55000900130309,2022-09-22,1,0,0.9999924
55000900130309,2022-09-23,1,0,0.9999924
55000900130309,2022-09-24,1,0,0.9999924
55000900130309,2022-09-25,1,0,0.9999924
55000900130309,2022-09-26,1,0,0.9999924
55000900130309,2022-09-27,1,0,0.9999924
55000900130309,2022-09-28,1,0,0.9999924
55000900130309,2022-09-29,1,0,0.9999924
55000900130309,2022-09-30,1,0,0.9999924
55000900130309,2022-10-01,1,0,0.9999924
55000900130309,2022-10-02,1,0,0.9999924
55000900130309,2022-10-03,1,0,0.9999924
55000900130309,2022-10-04,1,0,0.9999924
55000900130309,2022-10-05,1,0,0.9999924
55000900130309,2022-10-06,1,0,0.9999924
55000900130309,2022-10-07,1,0,0.9999924
55000900130309,2022-10-08,1,0,0.9999924
55000900130309,2022-10-09,1,0,0.9999924
55000900130309,2022-10-10,1,0,0.9999924
55000900130309,2022-10-11,1,0,0.9999924
55000900130309,2022-10-12,1,0,0.9999924
55000900130309,2022-10-13,1,0,0.9999924
55000900130309,2022-10-14,1,0,0.9999924
55000900130309,2022-10-15,1,0,0.9999924
55000900130309,2022-10-16,1,0,0.9999924
55000900130309,2022-10-17,1,0,0.9999924
55000900130309,2022-10-18,1,0,0.9999924
55000900130309,2022-10-19,1,0,0.9999924
55000900130309,2022-10-20,1,0,0.9999924
55000900130309,2022-10-21,1,0,0.9999924
55000900130309,2022-10-22,1,0,0.9999924
55000900130309,2022-10-23,1,0,0.9999924
55000900130309,2022-10-24,1,0,0.9999924
55000900130309,2022-10-25,1,0,0.9999924
55000900130309,2022-10-26,1,0,0.9999924
55000900130309,2022-10-27,1,0,0.9999924
55000900130309,2022-10-28,1,0,0.9999924
55000900130309,2022-10-29,1,0,0.9999924
55000900130309,2022-10-30,1,0,0.9999924
55000900130309,2022-10-31,1,0,0.9999924
55000900130309,2022-11-01,1,0,0.9999924
55000900130309,2022-11-02,1,0,0.9999924
55000900130309,2022-11-03,1,0,0.9999924
55000900130309,2022-11-04,1,0,0.9999924
55000900130309,2022-11-05,1,0,0.9999924
55000900130309,2022-11-06,1,0,0.9999924
55000900130309,2022-11-07,1,0,0.9999924
55000900130309,2022-11-08,1,0,0.9999924
55000900130309,2022-11-09,1,0,0.9999924
55000900130309,2022-11-10,1,0,0.9999924
55000900130309,2022-11-11,1,0,0.9999924
55000900130309,2022-11-12,1,0,0.9999924
55000900130309,2022-11-13,1,0,0.9999924
55000900130309,2022-11-14,1,0,0.9999924
55000900130309,2022-11-15,1,0,0.9999924
55000900130309,2022-11-16,1,0,0.9999924
55000900130309,2022-11-17,1,0,0.9999924
55000900130309,2022-11-18,1,0,0.9999924
55000900130309,2022-11-19,1,0,0.9999924
55000900130309,2022-11-20,1,0,0.9999924
55000900130309,2022-11-21,1,0,0.9999924
55000900130309,2022-11-22,1,0,0.9999924
55000900130309,2022-11-23,1,0,0.9999924
55000900130309,2022-11-24,1,0,0.9999924
55000900130309,2022-11-25,1,0,0.9999924
55000900130309,2022-11-26,1,0,0.9999924
55000900130309,2022-11-27,1,0,0.9999924
55000900130309,2022-11-28,1,0,0.9999924
55000900130309,2022-11-29,1,0,0.9999924
55000900130309,2022-11-30,1,0,0.9999924
55000900130309,2022-12-01,1,0,0.9999924
55000900130309,2022-12-02,1,0,0.9999924
55000900130309,2022-12-03,1,0,0.9999924
55000900130309,2022-12-04,1,0,0.9999924
55000900130309,2022-12-05,1,0,0.9999924
55000900130309,2022-12-06,1,0,0.9999924
55000900130309,2022-12-07,1,0,0.9999924
55000900130309,2022-12-08,1,0,0.9999924
55000900130309,2022-12-09,1,0,0.9999924
55000900130309,2022-12-10,1,0,0.9999924
55000900130309,2022-12-11,1,0,0.9999924
55000900130309,2022-12-12,1,0,0.9999924
55000900130309,2022-12-13,1,0,0.9999924
55000900130309,2022-12-14,1,0,0.9999924
55000900130309,2022-12-15,1,0,0.9999924
55000900130309,2022-12-16,1,0,0.9999924
55000900130309,2022-12-17,1,0,0.9999924
55000900130309,2022-12-18,1,0,0.9999924
55000900130309,2022-12-19,1,0,0.9999924
55000900130309,2022-12-20,1,0,0.9999924
55000900130309,2022-12-21,1,0,0.9999924
55000900130309,2022-12-22,1,0,0.9999924
55000900130309,2022-12-23,1,0,0.9999924
55000900130309,2022-12-24,1,0,0.9999924
55000900130309,2022-12-25,1,0,0.9999924
55000900130309,2022-12-26,1,0,0.9999924
55000900130309,2022-12-27,1,0,0.9999924
55000900130309,2022-12-28,1,0,0.9999924
55000900130309,2022-12-29,1,0,0.9999924
55000900130309,2022-12-30,1,0,0.9999924
55000900130309,2022-12-31,1,0,0.9999924
55000900130309,2023-01-01,1,0,0.9999924
55000900130309,2023-01-02,1,0,0.9999924
55000900130309,2023-01-03,1,0,0.9999924
55000900130309,2023-01-04,1,0,0.9999924
55000900130309,2023-01-05,1,0,0.9999924
55000900130309,2023-01-06,1,0,0.9999924
55000900130309,2023-01-07,1,0,0.9999924
55000900130309,2023-01-08,1,0,0.9999924
55000900130309,2023-01-09,1,0,0.9999924
55000900130309,2023-01-10,1,0,0.9999924
55000900130309,2023-01-11,1,0,0.9999924
55000900130309,2023-01-12,1,0,0.9999924
55000900130309,2023-01-13,1,0,0.9999924
55000900130309,2023-01-14,1,0,0.9999924
55000900130309,2023-01-15,1,0,0.9999924
55000900130309,2023-01-16,1,0,0.9999924
55000900130309,2023-01-17,1,0,0.9999924
55000900130309,2023-01-18,1,0,0.9999924
55000900130309,2023-01-19,1,0,0.9999924
55000900130309,2023-01-20,1,0,0.9999924
55000900130309,2023-01-21,1,0,0.9999924
55000900130309,2023-01-22,1,0,0.9999924
55000900130309,2023-01-23,1,0,0.9999924
55000900130309,2023-01-24,1,0,0.9999924
55000900130309,2023-01-25,1,0,0.9999924
55000900130309,2023-01-26,1,0,0.9999924
55000900130309,2023-01-27,1,0,0.9999924
55000900130309,2023-01-28,1,0,0.9999924
55000900130309,2023-01-29,1,0,0.9999924
55000900130309,2023-01-30,1,0,0.9999924
55000900130309,2023-01-31,1,0,0.9999924
55000900130309,2023-02-01,1,0,0.9999924
55000900130309,2023-02-02,1,0,0.9999924
55000900130309,2023-02-03,1,0,0.9999924
55000900130309,2023-02-04,1,0,0.9999924
55000900130309,2023-02-05,1,0,0.9999924
55000900130309,2023-02-06,1,0,0.9999924
55000900130309,2023-02-07,1,0,0.9999924
55000900130309,2023-02-08,1,0,0.9999924
55000900130309,2023-02-09,1,0,0.9999924
55000900130309,2023-02-10,1,0,0.9999924
55000900130309,2023-02-11,1,0,0.9999924
55000900130309,2023-02-12,1,0,0.9999924
55000900130309,2023-02-13,1,0,0.9999924
55000900130309,2023-02-14,1,0,0.9999924
55000900130309,2023-02-15,1,0,0.9999924
55000900130309,2023-02-16,1,0,0.9999924
55000900130309,2023-02-17,1,0,0.9999924
55000900130309,2023-02-18,1,0,0.9999924
55000900130309,2023-02-19,1,0,0.9999924
55000900130309,2023-02-20,1,0,0.9999924
55000900130309,2023-02-21,1,0,0.9999924
55000900130309,2023-02-22,1,0,0.9999924
55000900130309,2023-02-23,1,0,0.9999924
55000900130309,2023-02-24,1,0,0.9999924
55000900130309,2023-02-25,1,0,0.9999924
55000900130309,2023-02-26,1,0,0.9999924
55000900130309,2023-02-27,1,0,0.9999924
55000900130309,2023-02-28,1,0,0.9999924
55000900130309,2023-03-01,1,0,0.9999924
55000900130309,2023-03-02,1,0,0.9999924
55000900130309,2023-03-03,1,0,0.9999924
55000900130309,2023-03-04,1,0,0.9999924
55000900130309,2023-03-05,1,0,0.9999924
55000900130309,2023-03-06,1,0,0.9999924
55000900130309,2023-03-07,1,0,0.9999924
55000900130309,2023-03-08,1,0,0.9999924
55000900130309,2023-03-09,1,0,0.9999924
55000900130309,2023-03-10,1,0,0.9999924
55000900130309,2023-03-11,1,0,0.9999924
55000900130309,2023-03-13,1,0,0.9999924
55000900130309,2023-03-14,1,0,0.9999924
55000900130309,2023-03-15,1,0,0.9999924
55000900130309,2023-03-16,1,0,0.9999924
55000900130309,2023-03-17,1,0,0.9999924
55000900130309,2023-03-18,1,0,0.9999924
55000900130309,2023-03-19,1,0,0.9999924
55000900130309,2023-03-20,1,0,0.9999924
55000900130309,2023-03-21,1,0,0.9999924
55000900130309,2023-03-22,1,0,0.9999924
55000900130309,2023-03-23,1,0,0.9999924
55000900130309,2023-03-24,1,0,0.9999924
55000900130309,2023-03-25,1,0,0.9999924
55000900130309,2023-03-26,1,0,0.9999924
55000900130309,2023-03-27,1,0,0.9999924
55000900130309,2023-03-28,1,0,0.9999924
55000900130309,2023-03-29,1,0,0.9999924
55000900130309,2023-03-30,1,0,0.9999924
55000900130309,2023-03-31,1,0,0.9999924
55000900130309,2023-04-01,1,0,0.9999924
55000900130309,2023-04-02,1,0,0.9999924
55000900130309,2023-04-03,1,0,0.9999924
55000900130309,2023-04-04,1,0,0.9999924
55000900130309,2023-04-05,1,0,0.9999924
55000900130309,2023-04-06,1,0,0.9999924
55000900130309,2023-04-07,1,0,0.9999924
55000900130309,2023-04-08,1,0,0.9999924
55000900130309,2023-04-09,1,0,0.9999924
55000900130309,2023-04-10,1,0,0.9999924
55000900130309,2023-04-11,1,0,0.9999924
55000900130309,2023-04-12,1,0,0.9999924
55000900130309,2023-04-13,1,0,0.9999924
55000900130309,2023-04-14,1,0,0.9999924
55000900130309,2023-04-15,1,0,0.9999924
55000900130309,2023-04-16,1,0,0.9999924
55000900130309,2023-04-17,1,0,0.9999924
55000900130309,2023-04-18,1,0,0.9999924
55000900130309,2023-04-19,1,0,0.9999924
55000900130309,2023-04-20,1,0,0.9999924
55000900130316,2020-09-29,0,0,0.72589487
55000900130316,2020-09-30,0,0,0.2910609
55000900130316,2020-10-01,0,0,0.28056806
55000900130316,2020-10-02,0,0,0.28060552
55000900130316,2020-10-03,0,0,0.28116652
55000900130316,2020-10-04,0,0,0.28211936
55000900130316,2020-10-05,0,0,0.28292635
55000900130316,2020-10-06,0,0,0.28385583
55000900130316,2020-10-07,0,0,0.28485757
55000900130316,2020-10-08,0,0,0.28605536
55000900130316,2020-10-09,0,0,0.2874035
55000900130316,2020-10-10,1,0,0.28897953
55000900130316,2020-10-11,1,0,0.29084828
55000900130316,2020-10-12,1,0,0.29304025
55000900130316,2020-10-13,1,0,0.7274165
55000900130316,2020-10-14,1,0,0.7577425
55000900130316,2020-10-15,1,0,0.78121763
55000900130316,2020-10-16,1,0,0.7979947
55000900130316,2020-10-17,0,0,0.8192785
55000900130316,2020-10-18,0,0,0.8432178
55000900130316,2020-10-19,0,0,0.860526
55000900130316,2020-10-20,0,0,0.38097298
55000900130316,2020-10-21,0,0,0.3549362
55000900130316,2020-10-22,0,0,0.34447107
55000900130316,2020-10-23,0,0,0.3444681
55000900130316,2020-10-24,0,0,0.34499344
55000900130316,2020-10-25,0,0,0.34490547
55000900130316,2020-10-26,0,0,0.3451046
55000900130316,2020-10-27,0,0,0.34513256
55000900130316,2020-10-28,0,0,0.34501624
55000900130316,2020-10-29,0,0,0.3450814
55000900130316,2020-10-30,0,0,0.34509695
55000900130316,2020-10-31,0,0,0.3451145
55000900130316,2020-11-01,0,0,0.34513155
55000900130316,2020-11-02,0,0,0.34515607
55000900130316,2020-11-03,0,0,0.34517545
55000900130316,2020-11-04,0,0,0.34520203
55000900130316,2020-11-05,1,0,0.34521714
55000900130316,2020-11-06,1,0,0.34522265
55000900130316,2020-11-07,1,0,0.34519294
55000900130316,2020-11-08,1,0,0.7696194
55000900130316,2020-11-09,1,0,0.7826841
55000900130316,2020-11-10,1,0,0.7368598
55000900130316,2020-11-11,1,0,0.7374152
55000900130316,2020-11-12,1,0,0.76796603
55000900130316,2020-11-13,1,0,0.78817284
55000900130316,2020-11-14,1,0,0.80798185
55000900130316,2020-11-15,1,0,0.8363439
55000900130316,2020-11-16,1,0,0.856552
55000900130316,2020-11-17,1,0,0.869539
55000900130316,2020-11-18,1,0,0.88876516
55000900130316,2020-11-19,1,0,0.899895
55000900130316,2020-11-20,1,0,0.90970796
55000900130316,2020-11-21,1,0,0.91826963
55000900130316,2020-11-22,1,0,0.92580897
55000900130316,2020-11-23,1,0,0.93242335
55000900130316,2020-11-24,1,0,0.9382743
55000900130316,2020-11-25,1,0,0.9434738
55000900130316,2020-11-26,1,0,0.9481152
55000900130316,2020-11-27,1,0,0.9522609
55000900130316,2020-11-28,1,0,0.95602894
55000900130316,2020-11-29,1,0,0.95937246
55000900130316,2020-11-30,1,0,0.96236944
55000900130316,2020-12-01,1,0,0.96472114
55000900130316,2020-12-02,1,0,0.9666335
55000900130316,2020-12-03,1,0,0.968375
55000900130316,2020-12-04,1,0,0.9701424
55000900130316,2020-12-05,1,0,0.97696483
55000900130316,2020-12-06,1,0,0.99016374
55000900130316,2020-12-07,1,0,0.99150133
55000900130316,2020-12-08,1,0,0.99150133
55000900130316,2020-12-09,1,0,0.99150133
55000900130316,2020-12-10,1,0,0.99150133
55000900130316,2020-12-11,1,0,0.99150133
55000900130316,2020-12-12,1,0,0.99150133
55000900130316,2020-12-13,1,0,0.99150133
55000900130316,2020-12-14,1,0,0.99150133
55000900130316,2020-12-15,1,0,0.99150133
55000900130316,2020-12-16,1,0,0.99150133
55000900130316,2020-12-17,1,0,0.99150133
55000900130316,2020-12-18,1,0,0.99150133
55000900130316,2020-12-19,1,0,0.99150133
55000900130316,2020-12-20,1,0,0.99150133
55000900130316,2020-12-21,1,0,0.99150133
55000900130316,2020-12-22,1,0,0.99150133
55000900130316,2020-12-23,1,0,0.99150133
55000900130316,2020-12-24,1,0,0.99150133
55000900130316,2020-12-25,1,0,0.99150133
55000900130316,2020-12-26,1,0,0.99150133
55000900130316,2020-12-27,1,0,0.99150133
55000900130316,2020-12-28,1,0,0.99150133
55000900130316,2020-12-29,1,0,0.99150133
55000900130316,2020-12-30,1,0,0.99150133
55000900130316,2020-12-31,1,0,0.99150133
55000900130316,2021-01-01,1,0,0.99150133
55000900130316,2021-01-02,1,0,0.99150133
55000900130316,2021-01-03,1,0,0.99150133
55000900130316,2021-01-04,1,0,0.99150133
55000900130316,2021-01-05,1,0,0.99150133
55000900130316,2021-01-06,1,0,0.99150133
55000900130316,2021-01-07,1,0,0.99150133
55000900130316,2021-01-08,1,0,0.99150133
55000900130316,2021-01-09,1,0,0.99150133
55000900130316,2021-01-10,1,0,0.99150133
55000900130316,2021-01-11,1,0,0.99150133
55000900130316,2021-01-12,1,0,0.99150133
55000900130316,2021-01-13,1,0,0.99150133
55000900130316,2021-01-14,1,0,0.99150133
55000900130316,2021-01-15,1,0,0.99150133
55000900130316,2021-01-16,1,0,0.99150133
55000900130316,2021-01-17,1,0,0.99150133
55000900130316,2021-01-18,1,0,0.99150133
55000900130316,2021-01-19,1,0,0.99150133
55000900130316,2021-01-20,1,0,0.99150133
55000900130316,2021-01-21,1,0,0.99150133
55000900130316,2021-01-22,1,0,0.99150133
55000900130316,2021-01-23,1,0,0.99150133
55000900130316,2021-01-24,1,0,0.99150133
55000900130316,2021-01-25,1,0,0.99150133
55000900130316,2021-01-26,1,0,0.99150133
55000900130316,2021-01-27,1,0,0.99150133
55000900130316,2021-01-28,1,0,0.99150133
55000900130316,2021-01-29,1,0,0.99150133
55000900130316,2021-01-30,1,0,0.99150133
55000900130316,2021-01-31,1,0,0.99150133
55000900130316,2021-02-01,1,0,0.99150133
55000900130316,2021-02-02,1,0,0.99150133
55000900130316,2021-02-03,1,0,0.99150133
55000900130316,2021-02-04,1,0,0.99150133
55000900130316,2021-02-05,1,0,0.99150133
55000900130316,2021-02-06,1,0,0.99150133
55000900130316,2021-02-07,1,0,0.99150133
55000900130316,2021-02-08,1,0,0.99150133
55000900130316,2021-02-09,1,0,0.99150133
55000900130316,2021-02-10,1,0,0.99150133
55000900130316,2021-02-11,1,0,0.99150133
55000900130316,2021-02-12,1,0,0.99150133
55000900130316,2021-02-13,1,0,0.99150133
55000900130316,2021-02-14,1,0,0.99150133
55000900130316,2021-02-15,1,0,0.99150133
55000900130316,2021-02-16,1,0,0.99150133
55000900130316,2021-02-17,1,0,0.99150133
55000900130316,2021-02-18,1,0,0.99150133
55000900130316,2021-02-19,1,0,0.99150133
55000900130316,2021-02-20,1,0,0.99150133
55000900130316,2021-02-21,1,0,0.99150133
55000900130316,2021-02-22,1,0,0.99150133
55000900130316,2021-02-23,1,0,0.99150133
55000900130316,2021-02-24,1,0,0.99150133
55000900130316,2021-02-25,1,0,0.99150133
55000900130316,2021-02-26,1,0,0.99150133
55000900130316,2021-02-27,1,0,0.99150133
55000900130316,2021-02-28,1,0,0.99150133
55000900130316,2021-03-01,1,0,0.99150133
55000900130316,2021-03-02,1,0,0.99150133
55000900130316,2021-03-03,1,0,0.99150133
55000900130316,2021-03-04,1,0,0.99150133
55000900130316,2021-03-05,1,0,0.99150133
55000900130316,2021-03-06,1,0,0.99150133
55000900130316,2021-03-07,1,0,0.99150133
55000900130316,2021-03-08,1,0,0.99150133
55000900130316,2021-03-09,1,0,0.99150133
55000900130316,2021-03-10,1,0,0.99150133
55000900130316,2021-03-11,1,0,0.99150133
55000900130316,2021-03-12,1,0,0.99150133
55000900130316,2021-03-13,1,0,0.99150133
55000900130316,2021-03-15,1,0,0.99150133
55000900130316,2021-03-16,1,0,0.99150133
55000900130316,2021-03-17,1,0,0.99150133
55000900130316,2021-03-18,1,0,0.99150133
55000900130316,2021-03-19,1,0,0.99150133
55000900130316,2021-03-20,1,0,0.99150133
55000900130316,2021-03-21,1,0,0.99150133
55000900130316,2021-03-22,1,0,0.99150133
55000900130316,2021-03-23,1,0,0.99150133
55000900130316,2021-03-24,1,0,0.99150133
55000900130316,2021-03-25,1,0,0.99150133
55000900130316,2021-03-26,1,0,0.99150133
55000900130316,2021-03-27,1,0,0.99150133
55000900130316,2021-03-28,1,0,0.99150133
55000900130316,2021-03-29,1,0,0.99150133
55000900130316,2021-03-30,1,0,0.99150133
55000900130316,2021-03-31,1,0,0.99150133
55000900130316,2021-04-01,1,0,0.99150133
55000900130316,2021-04-02,1,0,0.99150133
55000900130316,2021-04-03,1,0,0.99150133
55000900130316,2021-04-04,1,0,0.99150133
55000900130316,2021-04-05,1,0,0.99150133
55000900130316,2021-04-06,1,0,0.99150133
55000900130316,2021-04-07,1,0,0.99150133
55000900130316,2021-04-08,1,0,0.99150133
55000900130316,2021-04-09,1,0,0.99150133
55000900130316,2021-04-10,1,0,0.99150133
55000900130316,2021-04-11,1,0,0.99150133
55000900130316,2021-04-12,1,0,0.99150133
55000900130316,2021-04-13,1,0,0.99150133
55000900130316,2021-04-14,1,0,0.99150133
55000900130316,2021-04-15,1,0,0.99150133
55000900130316,2021-04-16,1,0,0.99150133
55000900130316,2021-04-17,1,0,0.99150133
55000900130316,2021-04-18,1,0,0.99150133
55000900130316,2021-04-19,1,0,0.99150133
55000900130316,2021-04-20,1,0,0.99150133
55000900130316,2021-04-21,1,0,0.99150133
55000900130316,2021-04-22,1,0,0.99150133
55000900130316,2021-04-23,1,0,0.99150133
55000900130316,2021-04-24,1,0,0.99150133
55000900130316,2021-04-25,1,0,0.99150133
55000900130316,2021-04-26,1,0,0.99150133
55000900130316,2021-04-27,1,0,0.99150133
55000900130316,2021-04-28,1,0,0.99150133
55000900130316,2021-04-29,1,0,0.99150133
55000900130316,2021-04-30,1,0,0.99150133
55000900130316,2021-05-01,1,0,0.99150133
55000900130316,2021-05-02,1,0,0.99150133
55000900130316,2021-05-03,1,0,0.99150133
55000900130316,2021-05-04,1,0,0.99150133
55000900130316,2021-05-05,1,0,0.99150133
55000900130316,2021-05-06,1,0,0.99150133
55000900130316,2021-05-07,1,0,0.99150133
55000900130316,2021-05-08,1,0,0.99150133
55000900130316,2021-05-09,1,0,0.99150133
55000900130316,2021-05-10,1,0,0.99150133
55000900130316,2021-05-11,1,0,0.99150133
55000900130316,2021-05-12,1,0,0.99150133
55000900130316,2021-05-13,1,0,0.99150133
55000900130316,2021-05-14,1,0,0.99150133
55000900130316,2021-05-15,1,0,0.99150133
55000900130316,2021-05-16,1,0,0.99150133
55000900130316,2021-05-17,1,0,0.99150133
55000900130316,2021-05-18,1,0,0.99150133
55000900130316,2021-05-19,1,0,0.99150133
55000900130316,2021-05-20,1,0,0.99150133
55000900130316,2021-05-21,1,0,0.99150133
55000900130316,2021-05-22,1,0,0.99150133
55000900130316,2021-05-23,1,0,0.99150133
55000900130316,2021-05-24,1,0,0.99150133
55000900130316,2021-05-25,1,0,0.99150133
55000900130316,2021-05-26,1,0,0.99150133
55000900130316,2021-05-27,1,0,0.99150133
55000900130316,2021-05-28,1,0,0.99150133
55000900130316,2021-05-29,1,0,0.99150133
55000900130316,2021-05-30,1,0,0.99150133
55000900130316,2021-05-31,1,0,0.99150133
55000900130316,2021-06-01,1,0,0.99150133
55000900130316,2021-06-02,1,0,0.99150133
55000900130316,2021-06-03,1,0,0.99150133
55000900130316,2021-06-04,1,0,0.99150133
55000900130316,2021-06-05,1,0,0.99150133
55000900130316,2021-06-06,1,0,0.99150133
55000900130316,2021-06-07,1,0,0.99150133
55000900130316,2021-06-08,1,0,0.99150133
55000900130316,2021-06-09,1,0,0.99150133
55000900130316,2021-06-10,1,0,0.99150133
55000900130316,2021-06-11,1,0,0.99150133
55000900130316,2021-06-12,1,0,0.99150133
55000900130316,2021-06-13,1,0,0.99150133
55000900130316,2021-06-14,1,0,0.99150133
55000900130316,2021-06-15,1,0,0.99150133
55000900130316,2021-06-16,0,0,0.99150133
55000900130316,2021-06-17,0,0,0.99150133
55000900130316,2021-06-18,0,0,0.99150133
55000900130316,2021-06-19,0,0,0.421512
55000900130316,2021-06-20,0,0,0.19751717
55000900130316,2021-06-21,0,0,0.21258208
55000900130316,2021-06-22,0,0,0.21204151
55000900130316,2021-06-23,0,0,0.21243031
55000900130316,2021-06-24,1,0,0.21232888
55000900130316,2021-06-25,1,0,0.21233873
55000900130316,2021-06-26,0,0,0.21232149
55000900130316,2021-06-27,0,0,0.62424636
55000900130316,2021-06-28,0,0,0.6495055
55000900130316,2021-06-29,0,0,0.221084
55000900130316,2021-06-30,0,0,0.20895302
55000900130316,2021-07-01,0,0,0.2204402
55000900130316,2021-07-02,0,0,0.22618963
55000900130316,2021-07-03,0,0,0.22691701
55000900130316,2021-07-04,0,0,0.22737375
55000900130316,2021-07-05,0,0,0.22901645
55000900130316,2021-07-06,0,0,0.23116036
55000900130316,2021-07-07,0,0,0.2324694
55000900130316,2021-07-08,0,0,0.232807
55000900130316,2021-07-09,0,0,0.23291063
55000900130316,2021-07-10,0,0,0.23293862
55000900130316,2021-07-11,0,0,0.23295844
55000900130316,2021-07-12,0,0,0.23331268
55000900130316,2021-07-13,0,0,0.23550603
55000900130316,2021-07-14,0,0,0.23762946
55000900130316,2021-07-15,0,0,0.24365757
55000900130316,2021-07-16,0,0,0.24594207
55000900130316,2021-07-17,0,0,0.24514101
55000900130316,2021-07-18,0,0,0.2520285
55000900130316,2021-07-19,0,0,0.25631252
55000900130316,2021-07-20,0,0,0.2586031
55000900130316,2021-07-21,0,0,0.26267368
55000900130316,2021-07-22,0,0,0.27620533
55000900130316,2021-07-23,0,0,0.28410262
55000900130316,2021-07-24,0,0,0.23137842
55000900130316,2021-07-25,0,0,0.22366315
55000900130316,2021-07-26,0,0,0.22274706
55000900130316,2021-07-27,0,0,0.22311608
55000900130316,2021-07-28,0,0,0.22225943
55000900130316,2021-07-29,0,0,0.22225943
55000900130316,2021-07-30,0,0,0.22225943
55000900130316,2021-07-31,0,0,0.22225943
55000900130316,2021-08-01,0,0,0.22225943
55000900130316,2021-08-02,0,0,0.22225943
55000900130316,2021-08-03,0,0,0.22225943
55000900130316,2021-08-04,0,0,0.22225943
55000900130316,2021-08-05,0,0,0.22225943
55000900130316,2021-08-06,0,0,0.22225943
55000900130316,2021-08-07,0,0,0.22225943
55000900130316,2021-08-08,0,0,0.22225943
55000900130316,2021-08-09,0,0,0.22225943
55000900130316,2021-08-10,0,0,0.22225943
55000900130316,2021-08-11,0,0,0.22225943
55000900130316,2021-08-12,0,0,0.22225943
55000900130316,2021-08-13,0,0,0.22225943
55000900130316,2021-08-14,0,0,0.22225943
55000900130316,2021-08-15,0,0,0.22225943
55000900130316,2021-08-16,0,0,0.22225943
55000900130316,2021-08-17,0,0,0.22225943
55000900130316,2021-08-18,0,0,0.22225943
55000900130316,2021-08-19,0,0,0.22225943
55000900130316,2021-08-20,0,0,0.22225943
55000900130316,2021-08-21,0,0,0.22225943
55000900130316,2021-08-22,0,0,0.22225943
55000900130316,2021-08-23,0,0,0.22225943
55000900130316,2021-08-24,0,0,0.22225943
55000900130316,2021-08-25,0,0,0.22225943
55000900130316,2021-08-26,0,0,0.22225943
55000900130316,2021-08-27,0,0,0.22225943
55000900130316,2021-08-28,0,0,0.22225943
55000900130316,2021-08-29,0,0,0.22225943
55000900130316,2021-08-30,0,0,0.22225943
55000900130316,2021-08-31,0,0,0.22225943
55000900130316,2021-09-01,0,0,0.22225943
55000900130316,2021-09-02,0,0,0.22225943
55000900130316,2021-09-03,0,0,0.22225943
55000900130316,2021-09-04,0,0,0.22225943
55000900130316,2021-09-05,0,0,0.22225943
55000900130316,2021-09-06,0,0,0.22225943
55000900130316,2021-09-07,0,0,0.22225943
55000900130316,2021-09-08,0,0,0.22225943
55000900130316,2021-09-09,0,0,0.22225943
55000900130316,2021-09-10,0,0,0.22225943
55000900130316,2021-09-11,0,0,0.22225943
55000900130316,2021-09-12,0,0,0.22225943
55000900130316,2021-09-13,0,0,0.22225943
55000900130316,2021-09-14,0,0,0.22225943
55000900130316,2021-09-15,0,0,0.22225943
55000900130316,2021-09-16,0,0,0.22225943
55000900130316,2021-09-17,0,0,0.22225943
55000900130316,2021-09-18,1,0,0.22225943
55000900130316,2021-09-19,1,0,0.22225943
55000900130316,2021-09-20,1,0,0.22225943
55000900130316,2021-09-21,0,0,0.6452215
55000900130316,2021-09-22,0,0,0.68202215
55000900130316,2021-09-23,0,0,0.73688126
55000900130316,2021-09-24,0,0,0.30529594
55000900130316,2021-09-25,0,0,0.29312247
55000900130316,2021-09-26,0,0,0.29302275
55000900130316,2021-09-27,1,0,0.29338363
55000900130316,2021-09-28,1,0,0.29413727
55000900130316,2021-09-29,1,0,0.29463077
55000900130316,2021-09-30,0,0,0.72691315
55000900130316,2021-10-01,0,0,0.75530136
55000900130316,2021-10-02,0,0,0.77893853
55000900130316,2021-10-03,0,0,0.35549128
55000900130316,2021-10-04,0,0,0.34135163
55000900130316,2021-10-05,0,0,0.33778942
55000900130316,2021-10-06,0,0,0.33819485
55000900130316,2021-10-07,0,0,0.33898774
55000900130316,2021-10-08,0,0,0.33946928
55000900130316,2021-10-09,0,0,0.3400066
55000900130316,2021-10-10,0,0,0.34060246
55000900130316,2021-10-11,0,0,0.34127456
55000900130316,2021-10-12,0,0,0.3419304
55000900130316,2021-10-13,0,0,0.34264687
55000900130316,2021-10-14,0,0,0.3430951
55000900130316,2021-10-15,0,0,0.34345818
55000900130316,2021-10-16,0,0,0.34394783
55000900130316,2021-10-17,0,0,0.34399247
55000900130316,2021-10-18,0,0,0.34252355
55000900130316,2021-10-19,0,0,0.31401083
55000900130316,2021-10-20,0,0,0.30512515
55000900130316,2021-10-21,1,0,0.30877462
55000900130316,2021-10-22,1,0,0.3090292
55000900130316,2021-10-23,1,0,0.31919622
55000900130316,2021-10-24,1,0,0.7512531
55000900130316,2021-10-25,1,0,0.7760602
55000900130316,2021-10-26,1,0,0.791682
55000900130316,2021-10-27,1,0,0.79870623
55000900130316,2021-10-28,1,0,0.7876726
55000900130316,2021-10-29,1,0,0.7994252
55000900130316,2021-10-30,1,0,0.81967044
55000900130316,2021-10-31,1,0,0.8365363
55000900130316,2021-11-01,1,0,0.8612868
55000900130316,2021-11-02,1,0,0.8758666
55000900130316,2021-11-03,1,0,0.88876516
55000900130316,2021-11-04,1,0,0.899895
55000900130316,2021-11-05,1,0,0.90970796
55000900130316,2021-11-06,1,0,0.91826963
55000900130316,2021-11-07,1,0,0.92580897
55000900130316,2021-11-08,1,0,0.93242335
55000900130316,2021-11-09,1,0,0.9382743
55000900130316,2021-11-10,1,0,0.9434738
55000900130316,2021-11-11,1,0,0.9481152
55000900130316,2021-11-12,1,0,0.9522609
55000900130316,2021-11-13,1,0,0.95602894
55000900130316,2021-11-14,1,0,0.95937246
55000900130316,2021-11-15,1,0,0.96236944
55000900130316,2021-11-16,1,0,0.96472114
55000900130316,2021-11-17,1,0,0.9666335
55000900130316,2021-11-18,1,0,0.968375
55000900130316,2021-11-19,1,0,0.9701424
55000900130316,2021-11-20,1,0,0.97696483
55000900130316,2021-11-21,1,0,0.99016374
55000900130316,2021-11-22,1,0,0.99150133
55000900130316,2021-11-23,1,0,0.99150133
55000900130316,2021-11-24,1,0,0.99150133
55000900130316,2021-11-25,1,0,0.99150133
55000900130316,2021-11-26,1,0,0.99150133
55000900130316,2021-11-27,1,0,0.99150133
55000900130316,2021-11-28,1,0,0.99150133
55000900130316,2021-11-29,1,0,0.99150133
55000900130316,2021-11-30,1,0,0.99150133
55000900130316,2021-12-01,1,0,0.99150133
55000900130316,2021-12-02,1,0,0.99150133
55000900130316,2021-12-03,1,0,0.99150133
55000900130316,2021-12-04,1,0,0.99150133
55000900130316,2021-12-05,1,0,0.99150133
55000900130316,2021-12-06,1,0,0.99150133
55000900130316,2021-12-07,1,0,0.99150133
55000900130316,2021-12-08,1,0,0.99150133
55000900130316,2021-12-09,1,0,0.99150133
55000900130316,2021-12-10,1,0,0.99150133
55000900130316,2021-12-11,1,0,0.99150133
55000900130316,2021-12-12,1,0,0.99150133
55000900130316,2021-12-13,1,0,0.99150133
55000900130316,2021-12-14,1,0,0.99150133
55000900130316,2021-12-15,1,0,0.99150133
55000900130316,2021-12-16,1,0,0.99150133
55000900130316,2021-12-17,1,0,0.99150133
55000900130316,2021-12-18,1,0,0.99150133
55000900130316,2021-12-19,1,0,0.99150133
55000900130316,2021-12-20,1,0,0.99150133
55000900130316,2021-12-21,1,0,0.99150133
55000900130316,2021-12-22,1,0,0.99150133
55000900130316,2021-12-23,1,0,0.99150133
55000900130316,2021-12-24,1,0,0.99150133
55000900130316,2021-12-25,1,0,0.99150133
55000900130316,2021-12-26,1,0,0.99150133
55000900130316,2021-12-27,1,0,0.99150133
55000900130316,2021-12-28,1,0,0.99150133
55000900130316,2021-12-29,1,0,0.99150133
55000900130316,2021-12-30,1,0,0.99150133
55000900130316,2021-12-31,1,0,0.99150133
55000900130316,2022-01-01,1,0,0.99150133
55000900130316,2022-01-02,1,0,0.99150133
55000900130316,2022-01-03,1,0,0.99150133
55000900130316,2022-01-04,1,0,0.99150133
55000900130316,2022-01-05,1,0,0.99150133
55000900130316,2022-01-06,1,0,0.99150133
55000900130316,2022-01-07,1,0,0.99150133
55000900130316,2022-01-08,1,0,0.99150133
55000900130316,2022-01-09,1,0,0.99150133
55000900130316,2022-01-10,1,0,0.99150133
55000900130316,2022-01-11,1,0,0.99150133
55000900130316,2022-01-12,1,0,0.99150133
55000900130316,2022-01-13,1,0,0.99150133
55000900130316,2022-01-14,1,0,0.99150133
55000900130316,2022-01-15,1,0,0.99150133
55000900130316,2022-01-16,1,0,0.99150133
55000900130316,2022-01-17,1,0,0.99150133
55000900130316,2022-01-18,1,0,0.99150133
55000900130316,2022-01-19,1,0,0.99150133
55000900130316,2022-01-20,1,0,0.99150133
55000900130316,2022-01-21,1,0,0.99150133
55000900130316,2022-01-22,1,0,0.99150133
55000900130316,2022-01-23,1,0,0.99150133
55000900130316,2022-01-24,1,0,0.99150133
55000900130316,2022-01-25,1,0,0.99150133
55000900130316,2022-01-26,1,0,0.99150133
55000900130316,2022-01-27,1,0,0.99150133
55000900130316,2022-01-28,1,0,0.99150133
55000900130316,2022-01-29,1,0,0.99150133
55000900130316,2022-01-30,1,0,0.99150133
55000900130316,2022-01-31,1,0,0.99150133
55000900130316,2022-02-01,1,0,0.99150133
55000900130316,2022-02-02,1,0,0.99150133
55000900130316,2022-02-03,1,0,0.99150133
55000900130316,2022-02-04,1,0,0.99150133
55000900130316,2022-02-05,1,0,0.99150133
55000900130316,2022-02-06,1,0,0.99150133
55000900130316,2022-02-07,1,0,0.99150133
55000900130316,2022-02-08,1,0,0.99150133
55000900130316,2022-02-09,1,0,0.99150133
55000900130316,2022-02-10,1,0,0.99150133
55000900130316,2022-02-11,1,0,0.99150133
55000900130316,2022-02-12,1,0,0.99150133
55000900130316,2022-02-13,1,0,0.99150133
55000900130316,2022-02-14,1,0,0.99150133
55000900130316,2022-02-15,1,0,0.99150133
55000900130316,2022-02-16,1,0,0.99150133
55000900130316,2022-02-17,1,0,0.99150133
55000900130316,2022-02-18,1,0,0.99150133
55000900130316,2022-02-19,1,0,0.99150133
55000900130316,2022-02-20,1,0,0.99150133
55000900130316,2022-02-21,1,0,0.99150133
55000900130316,2022-02-22,1,0,0.99150133
55000900130316,2022-02-23,1,0,0.99150133
55000900130316,2022-02-24,1,0,0.99150133
55000900130316,2022-02-25,1,0,0.99150133
55000900130316,2022-02-26,1,0,0.99150133
55000900130316,2022-02-27,1,0,0.99150133
55000900130316,2022-02-28,1,0,0.99150133
55000900130316,2022-03-01,1,0,0.99150133
55000900130316,2022-03-02,1,0,0.99150133
55000900130316,2022-03-03,1,0,0.99150133
55000900130316,2022-03-04,1,0,0.99150133
55000900130316,2022-03-05,1,0,0.99150133
55000900130316,2022-03-06,1,0,0.99150133
55000900130316,2022-03-07,1,0,0.99150133
55000900130316,2022-03-08,1,0,0.99150133
55000900130316,2022-03-09,1,0,0.99150133
55000900130316,2022-03-10,1,0,0.99150133
55000900130316,2022-03-11,1,0,0.99150133
55000900130316,2022-03-12,1,0,0.99150133
55000900130316,2022-03-14,1,0,0.99150133
55000900130316,2022-03-15,1,0,0.99150133
55000900130316,2022-03-16,1,0,0.99150133
55000900130316,2022-03-17,1,0,0.99150133
55000900130316,2022-03-18,1,0,0.99150133
55000900130316,2022-03-19,1,0,0.99150133
55000900130316,2022-03-20,1,0,0.99150133
55000900130316,2022-03-21,1,0,0.99150133
55000900130316,2022-03-22,1,0,0.99150133
55000900130316,2022-03-23,1,0,0.99150133
55000900130316,2022-03-24,1,0,0.99150133
55000900130316,2022-03-25,1,0,0.99150133
55000900130316,2022-03-26,1,0,0.99150133
55000900130316,2022-03-27,1,0,0.99150133
55000900130316,2022-03-28,1,0,0.99150133
55000900130316,2022-03-29,1,0,0.99150133
55000900130316,2022-03-30,1,0,0.99150133
55000900130316,2022-03-31,1,0,0.99150133
55000900130316,2022-04-01,1,0,0.99150133
55000900130316,2022-04-02,1,0,0.99150133
55000900130316,2022-04-03,1,0,0.99150133
55000900130316,2022-04-04,1,0,0.99150133
55000900130316,2022-04-05,1,0,0.99150133
55000900130316,2022-04-06,1,0,0.99150133
55000900130316,2022-04-07,1,0,0.99150133
55000900130316,2022-04-08,1,0,0.99150133
55000900130316,2022-04-09,1,0,0.99150133
55000900130316,2022-04-10,1,0,0.99150133
55000900130316,2022-04-11,1,0,0.99150133
55000900130316,2022-04-12,1,0,0.99150133
55000900130316,2022-04-13,1,0,0.99150133
55000900130316,2022-04-14,1,0,0.99150133
55000900130316,2022-04-15,1,0,0.99150133
55000900130316,2022-04-16,1,0,0.99150133
55000900130316,2022-04-17,1,0,0.99150133
55000900130316,2022-04-18,1,0,0.99150133
55000900130316,2022-04-19,1,0,0.99150133
55000900130316,2022-04-20,1,0,0.99150133
55000900130316,2022-04-21,1,0,0.99150133
55000900130316,2022-04-22,1,0,0.99150133
55000900130316,2022-04-23,1,0,0.99150133
55000900130316,2022-04-24,1,0,0.99150133
55000900130316,2022-04-25,1,0,0.99150133
55000900130316,2022-04-26,1,0,0.99150133
55000900130316,2022-04-27,1,0,0.99150133
55000900130316,2022-04-28,1,0,0.99150133
55000900130316,2022-04-29,1,0,0.99150133
55000900130316,2022-04-30,1,0,0.99150133
55000900130316,2022-05-01,1,0,0.99150133
55000900130316,2022-05-02,1,0,0.99150133
55000900130316,2022-05-03,1,0,0.99150133
55000900130316,2022-05-04,1,0,0.99150133
55000900130316,2022-05-05,1,0,0.99150133
55000900130316,2022-05-06,1,0,0.99150133
55000900130316,2022-05-07,1,0,0.99150133
55000900130316,2022-05-08,1,0,0.99150133
55000900130316,2022-05-09,1,0,0.99150133
55000900130316,2022-05-10,1,0,0.99150133
55000900130316,2022-05-11,1,0,0.99150133
55000900130316,2022-05-12,1,0,0.99150133
55000900130316,2022-05-13,1,0,0.99150133
55000900130316,2022-05-14,1,0,0.99150133
55000900130316,2022-05-15,1,0,0.99150133
55000900130316,2022-05-16,1,0,0.99150133
55000900130316,2022-05-17,1,0,0.99150133
55000900130316,2022-05-18,1,0,0.99150133
55000900130316,2022-05-19,1,0,0.99150133
55000900130316,2022-05-20,1,0,0.99150133
55000900130316,2022-05-21,1,0,0.99150133
55000900130316,2022-05-22,1,0,0.99150133
55000900130316,2022-05-23,1,0,0.99150133
55000900130316,2022-05-24,1,0,0.99150133
55000900130316,2022-05-25,1,0,0.99150133
55000900130316,2022-05-26,1,0,0.99150133
55000900130316,2022-05-27,1,0,0.99150133
55000900130316,2022-05-28,1,0,0.99150133
55000900130316,2022-05-29,1,0,0.99150133
55000900130316,2022-05-30,1,0,0.99150133
55000900130316,2022-05-31,1,0,0.99150133
55000900130316,2022-06-01,1,0,0.99150133
55000900130316,2022-06-02,1,0,0.99150133
55000900130316,2022-06-03,1,0,0.99150133
55000900130316,2022-06-04,1,0,0.99150133
55000900130316,2022-06-05,1,0,0.99150133
55000900130316,2022-06-06,1,0,0.99150133
55000900130316,2022-06-07,1,0,0.99150133
55000900130316,2022-06-08,1,0,0.99150133
55000900130316,2022-06-09,1,0,0.99150133
55000900130316,2022-06-10,1,0,0.99150133
55000900130316,2022-06-11,1,0,0.99150133
55000900130316,2022-06-12,1,0,0.99150133
55000900130316,2022-06-13,1,0,0.99150133
55000900130316,2022-06-14,1,0,0.99150133
55000900130316,2022-06-15,1,0,0.99150133
55000900130316,2022-06-16,1,0,0.99150133
55000900130316,2022-06-17,1,0,0.99150133
55000900130316,2022-06-18,1,0,0.99150133
55000900130316,2022-06-19,1,0,0.99150133
55000900130316,2022-06-20,1,0,0.99150133
55000900130316,2022-06-21,1,0,0.99150133
55000900130316,2022-06-22,1,0,0.99150133
55000900130316,2022-06-23,1,0,0.99150133
55000900130316,2022-06-24,1,0,0.99150133
55000900130316,2022-06-25,1,0,0.99150133
55000900130316,2022-06-26,1,0,0.99150133
55000900130316,2022-06-29,1,0,0.99150133
55000900130316,2022-06-30,1,0,0.99150133
55000900130316,2022-07-01,1,0,0.99150133
55000900130316,2022-07-02,1,0,0.99150133
55000900130316,2022-07-03,1,0,0.99150133
55000900130316,2022-07-04,1,0,0.99150133
55000900130316,2022-07-05,1,0,0.99150133
55000900130316,2022-07-06,1,0,0.99150133
55000900130316,2022-07-07,1,0,0.99150133
55000900130316,2022-07-08,1,0,0.99150133
55000900130316,2022-07-09,1,0,0.99150133
55000900130316,2022-07-10,1,0,0.99150133
55000900130316,2022-07-11,1,0,0.99150133
55000900130316,2022-07-12,1,0,0.99150133
55000900130316,2022-07-13,1,0,0.99150133
55000900130316,2022-07-14,1,0,0.99150133
55000900130316,2022-07-15,1,0,0.99150133
55000900130316,2022-07-16,1,0,0.99150133
55000900130316,2022-07-17,1,0,0.99150133
55000900130316,2022-07-18,1,0,0.99150133
55000900130316,2022-07-19,1,0,0.99150133
55000900130316,2022-07-20,1,0,0.99150133
55000900130316,2022-07-21,1,0,0.99150133
55000900130316,2022-07-22,1,0,0.99150133
55000900130316,2022-07-23,1,0,0.99150133
55000900130316,2022-07-24,1,0,0.99150133
55000900130316,2022-07-25,1,0,0.99150133
55000900130316,2022-07-26,1,0,0.99150133
55000900130316,2022-07-27,1,0,0.99150133
55000900130316,2022-07-28,1,0,0.99150133
55000900130316,2022-07-29,1,0,0.99150133
55000900130316,2022-07-30,1,0,0.99150133
55000900130316,2022-07-31,1,0,0.99150133
55000900130316,2022-08-01,1,0,0.99150133
55000900130316,2022-08-02,1,0,0.99150133
55000900130316,2022-08-03,1,0,0.99150133
55000900130316,2022-08-04,1,0,0.99150133
55000900130316,2022-08-05,1,0,0.99150133
55000900130316,2022-08-06,1,0,0.99150133
55000900130316,2022-08-07,1,0,0.99150133
55000900130316,2022-08-08,1,0,0.99150133
55000900130316,2022-08-09,1,0,0.99150133
55000900130316,2022-08-10,1,0,0.99150133
55000900130316,2022-08-11,1,0,0.99150133
55000900130316,2022-08-12,1,0,0.99150133
55000900130316,2022-08-13,1,0,0.99150133
55000900130316,2022-08-14,1,0,0.99150133
55000900130316,2022-08-15,1,0,0.99150133
55000900130316,2022-08-16,1,0,0.99150133
55000900130316,2022-08-17,1,0,0.99150133
55000900130316,2022-08-18,1,0,0.99150133
55000900130316,2022-08-19,1,0,0.99150133
55000900130316,2022-08-20,1,0,0.99150133
55000900130316,2022-08-21,1,0,0.99150133
55000900130316,2022-08-22,1,0,0.99150133
55000900130316,2022-08-23,1,0,0.99150133
55000900130316,2022-08-24,1,0,0.99150133
55000900130316,2022-08-25,1,0,0.99150133
55000900130316,2022-08-26,0,0,0.99150133
55000900130316,2022-08-27,0,0,0.99150133
55000900130316,2022-08-28,0,0,0.99150133
55000900130316,2022-08-29,0,0,0.421512
55000900130316,2022-08-30,0,0,0.19751717
55000900130316,2022-08-31,0,0,0.21258208
55000900130316,2022-09-01,0,0,0.21204151
55000900130316,2022-09-02,0,0,0.21243031
55000900130316,2022-09-03,0,0,0.21232888
55000900130316,2022-09-04,0,0,0.21233873
55000900130316,2022-09-05,0,0,0.21232149
55000900130316,2022-09-06,0,0,0.2123094
55000900130316,2022-09-07,0,0,0.21229428
55000900130316,2022-09-08,0,0,0.21228509
55000900130316,2022-09-09,0,0,0.21248125
55000900130316,2022-09-10,0,0,0.21815664
55000900130316,2022-09-11,0,0,0.22398008
55000900130316,2022-09-12,0,0,0.22389412
55000900130316,2022-09-13,0,0,0.22378029
55000900130316,2022-09-14,0,0,0.22374204
55000900130316,2022-09-15,0,0,0.22372732
55000900130316,2022-09-16,0,0,0.22371563
55000900130316,2022-09-17,0,0,0.22370425
55000900130316,2022-09-18,0,0,0.22369784
55000900130316,2022-09-19,0,0,0.22369258
55000900130316,2022-09-20,0,0,0.22369507
55000900130316,2022-09-21,1,0,0.22383498
55000900130316,2022-09-22,1,0,0.22480275
55000900130316,2022-09-23,0,0,0.22387871
55000900130316,2022-09-24,0,0,0.6462499
55000900130316,2022-09-25,0,0,0.6810435
55000900130316,2022-09-26,0,0,0.24545066
55000900130316,2022-09-27,0,0,0.24104902
55000900130316,2022-09-28,0,0,0.24135548
55000900130316,2022-09-29,0,0,0.24118821
55000900130316,2022-09-30,0,0,0.24146794
55000900130316,2022-10-01,0,0,0.24163051
55000900130316,2022-10-02,0,0,0.24184303
55000900130316,2022-10-03,0,0,0.24206378
55000900130316,2022-10-04,0,0,0.24233483
55000900130316,2022-10-05,0,0,0.2426598
55000900130316,2022-10-06,0,0,0.24299265
55000900130316,2022-10-07,0,0,0.24334945
55000900130316,2022-10-08,0,0,0.24377659
55000900130316,2022-10-09,0,0,0.24428397
55000900130316,2022-10-10,0,0,0.24488585
55000900130316,2022-10-11,0,0,0.24567865
55000900130316,2022-10-12,0,0,0.24667238
55000900130316,2022-10-13,0,0,0.24798633
55000900130316,2022-10-14,0,0,0.25003842
55000900130316,2022-10-15,0,0,0.2520285
55000900130316,2022-10-16,0,0,0.25631252
55000900130316,2022-10-17,0,0,0.2586031
55000900130316,2022-10-18,0,0,0.26267368
55000900130316,2022-10-19,0,0,0.27620533
55000900130316,2022-10-20,0,0,0.28410262
55000900130316,2022-10-21,1,0,0.23137842
55000900130316,2022-10-22,1,0,0.22366315
55000900130316,2022-10-23,1,0,0.22274706
55000900130316,2022-10-24,1,0,0.6463137
55000900130316,2022-10-25,1,0,0.68202215
55000900130316,2022-10-26,1,0,0.73688126
55000900130316,2022-10-27,1,0,0.7688167
55000900130316,2022-10-28,0,0,0.7880493
55000900130316,2022-10-29,0,0,0.8044148
55000900130316,2022-10-30,0,0,0.82425106
55000900130316,2022-10-31,0,0,0.38010913
55000900130316,2022-11-01,1,0,0.3504182
55000900130316,2022-11-02,1,0,0.34456307
55000900130316,2022-11-03,1,0,0.3446121
55000900130316,2022-11-04,1,0,0.7693109
55000900130316,2022-11-05,1,0,0.78290766
55000900130316,2022-11-06,1,0,0.7982415
55000900130316,2022-11-07,1,0,0.81652254
55000900130316,2022-11-08,1,0,0.8383285
55000900130316,2022-11-09,1,0,0.8557624
55000900130316,2022-11-10,1,0,0.8722549
55000900130316,2022-11-11,1,0,0.8861151
55000900130316,2022-11-12,1,0,0.898676
55000900130316,2022-11-13,1,0,0.90942043
55000900130316,2022-11-14,1,0,0.91885835
55000900130316,2022-11-15,1,0,0.92692846
55000900130316,2022-11-16,1,0,0.9337293
55000900130316,2022-11-17,1,0,0.93948174
55000900130316,2022-11-18,0,0,0.9446831
55000900130316,2022-11-19,0,0,0.94963515
55000900130316,2022-11-20,0,0,0.95477736
55000900130316,2022-11-21,0,0,0.38205114
55000900130316,2022-11-22,1,0,0.37505051
55000900130316,2022-11-23,1,0,0.3445532
55000900130316,2022-11-24,1,0,0.34437063
55000900130316,2022-11-25,1,0,0.76858145
55000900130316,2022-11-26,1,0,0.78318363
55000900130316,2022-11-27,1,0,0.7996087
55000900130316,2022-11-28,1,0,0.819032
55000900130316,2022-11-29,1,0,0.84463584
55000900130316,2022-11-30,1,0,0.86269677
55000900130316,2022-12-01,1,0,0.8804611
55000900130316,2022-12-02,1,0,0.7942514
55000900130316,2022-12-03,1,0,0.7911065
55000900130316,2022-12-04,1,0,0.82972944
55000900130316,2022-12-05,1,0,0.8543357
55000900130316,2022-12-06,1,0,0.87781334
55000900130316,2022-12-07,1,0,0.89969033
55000900130316,2022-12-08,1,0,0.9176644
55000900130316,2022-12-09,1,0,0.9318604
55000900130316,2022-12-10,1,0,0.94145185
55000900130316,2022-12-11,1,0,0.9478271
55000900130316,2022-12-12,1,0,0.95229614
55000900130316,2022-12-13,1,0,0.9558249
55000900130316,2022-12-14,1,0,0.9591513
55000900130316,2022-12-15,1,0,0.9624988
55000900130316,2022-12-16,1,0,0.9639407
55000900130316,2022-12-17,1,0,0.9643151
55000900130316,2022-12-18,1,0,0.9650859
55000900130316,2022-12-19,1,0,0.96760654
55000900130316,2022-12-20,1,0,0.968375
55000900130316,2022-12-21,1,0,0.9701424
55000900130316,2022-12-22,1,0,0.97696483
55000900130316,2022-12-23,1,0,0.99016374
55000900130316,2022-12-24,1,0,0.99150133
55000900130316,2022-12-25,1,0,0.99150133
55000900130316,2022-12-26,1,0,0.99150133
55000900130316,2022-12-27,1,0,0.99150133
55000900130316,2022-12-28,1,0,0.99150133
55000900130316,2022-12-29,1,0,0.99150133
55000900130316,2022-12-30,1,0,0.99150133
55000900130316,2022-12-31,1,0,0.99150133
55000900130316,2023-01-01,1,0,0.99150133
55000900130316,2023-01-02,1,0,0.99150133
55000900130316,2023-01-03,1,0,0.99150133
55000900130316,2023-01-04,1,0,0.99150133
55000900130316,2023-01-05,1,0,0.99150133
55000900130316,2023-01-06,1,0,0.99150133
55000900130316,2023-01-07,1,0,0.99150133
55000900130316,2023-01-08,1,0,0.99150133
55000900130316,2023-01-09,1,0,0.99150133
55000900130316,2023-01-10,1,0,0.99150133
55000900130316,2023-01-11,1,0,0.99150133
55000900130316,2023-01-12,1,0,0.99150133
55000900130316,2023-01-13,1,0,0.99150133
55000900130316,2023-01-14,1,0,0.99150133
55000900130316,2023-01-15,1,0,0.99150133
55000900130316,2023-01-16,1,0,0.99150133
55000900130316,2023-01-17,1,0,0.99150133
55000900130316,2023-01-18,1,0,0.99150133
55000900130316,2023-01-19,1,0,0.99150133
55000900130316,2023-01-20,1,0,0.99150133
55000900130316,2023-01-21,1,0,0.99150133
55000900130316,2023-01-22,1,0,0.99150133
55000900130316,2023-01-23,1,0,0.99150133
55000900130316,2023-01-24,1,0,0.99150133
55000900130316,2023-01-25,1,0,0.99150133
55000900130316,2023-01-26,1,0,0.99150133
55000900130316,2023-01-27,1,0,0.99150133
55000900130316,2023-01-28,1,0,0.99150133
55000900130316,2023-01-29,1,0,0.99150133
55000900130316,2023-01-30,1,0,0.99150133
55000900130316,2023-01-31,1,0,0.99150133
55000900130316,2023-02-01,1,0,0.99150133
55000900130316,2023-02-02,1,0,0.99150133
55000900130316,2023-02-03,1,0,0.99150133
55000900130316,2023-02-04,1,0,0.99150133
55000900130316,2023-02-05,1,0,0.99150133
55000900130316,2023-02-06,1,0,0.99150133
55000900130316,2023-02-07,1,0,0.99150133
55000900130316,2023-02-08,1,0,0.99150133
55000900130316,2023-02-09,1,0,0.99150133
55000900130316,2023-02-10,1,0,0.99150133
55000900130316,2023-02-11,1,0,0.99150133
55000900130316,2023-02-12,1,0,0.99150133
55000900130316,2023-02-13,1,0,0.99150133
55000900130316,2023-02-14,1,0,0.99150133
55000900130316,2023-02-15,1,0,0.99150133
55000900130316,2023-02-16,1,0,0.99150133
55000900130316,2023-02-17,1,0,0.99150133
55000900130316,2023-02-18,1,0,0.99150133
55000900130316,2023-02-19,1,0,0.99150133
55000900130316,2023-02-20,1,0,0.99150133
55000900130316,2023-02-21,1,0,0.99150133
55000900130316,2023-02-22,1,0,0.99150133
55000900130316,2023-02-23,1,0,0.99150133
55000900130316,2023-02-24,1,0,0.99150133
55000900130316,2023-02-25,1,0,0.99150133
55000900130316,2023-02-26,1,0,0.99150133
55000900130316,2023-02-27,1,0,0.99150133
55000900130316,2023-02-28,1,0,0.99150133
55000900130316,2023-03-01,1,0,0.99150133
55000900130316,2023-03-02,1,0,0.99150133
55000900130316,2023-03-03,1,0,0.99150133
55000900130316,2023-03-04,1,0,0.99150133
55000900130316,2023-03-05,1,0,0.99150133
55000900130316,2023-03-06,1,0,0.99150133
55000900130316,2023-03-07,1,0,0.99150133
55000900130316,2023-03-08,1,0,0.99150133
55000900130316,2023-03-09,1,0,0.99150133
55000900130316,2023-03-10,1,0,0.99150133
55000900130316,2023-03-11,1,0,0.99150133
55000900130316,2023-03-13,1,0,0.99150133
55000900130316,2023-03-14,1,0,0.99150133
55000900130316,2023-03-15,1,0,0.99150133
55000900130316,2023-03-16,1,0,0.99150133
55000900130316,2023-03-17,1,0,0.99150133
55000900130316,2023-03-18,1,0,0.99150133
55000900130316,2023-03-19,1,0,0.99150133
55000900130316,2023-03-20,1,0,0.99150133
55000900130316,2023-03-21,1,0,0.99150133
55000900130316,2023-03-22,1,0,0.99150133
55000900130316,2023-03-23,1,0,0.99150133
55000900130316,2023-03-24,1,0,0.99150133
55000900130316,2023-03-25,1,0,0.99150133
55000900130316,2023-03-26,1,0,0.99150133
55000900130316,2023-03-27,1,0,0.99150133
55000900130316,2023-03-28,1,0,0.99150133
55000900130316,2023-03-29,1,0,0.99150133
55000900130316,2023-03-30,1,0,0.99150133
55000900130316,2023-03-31,1,0,0.99150133
55000900130316,2023-04-01,1,0,0.99150133
55000900130316,2023-04-02,1,0,0.99150133
55000900130316,2023-04-03,1,0,0.99150133
55000900130316,2023-04-04,1,0,0.99150133
55000900130316,2023-04-05,1,0,0.99150133
55000900130316,2023-04-06,1,0,0.99150133
55000900130316,2023-04-07,1,0,0.99150133
55000900130316,2023-04-08,1,0,0.99150133
55000900130316,2023-04-09,1,0,0.99150133
55000900130316,2023-04-10,1,0,0.99150133
55000900130316,2023-04-11,1,0,0.99150133
55000900130316,2023-04-12,1,0,0.99150133
55000900130316,2023-04-13,1,0,0.99150133
55000900130316,2023-04-14,1,0,0.99150133
55000900130316,2023-04-15,1,0,0.99150133
55000900130316,2023-04-16,1,0,0.99150133
55000900130316,2023-04-17,1,0,0.99150133
55000900130316,2023-04-18,1,0,0.99150133
55000900130316,2023-04-19,1,0,0.99150133
55000900130316,2023-04-20,1,0,0.99150133
55000900131558,2020-09-29,1,1,0.9999491
55000900131558,2020-09-30,1,1,0.9999815
55000900131558,2020-10-01,1,1,0.99997187
55000900131558,2020-10-02,1,1,0.999972
55000900131558,2020-10-03,1,1,0.99997246
55000900131558,2020-10-04,1,1,0.99997735
55000900131558,2020-10-05,1,1,0.99997234
55000900131558,2020-10-06,1,1,0.9999722
55000900131558,2020-10-07,1,1,0.9999684
55000900131558,2020-10-08,1,1,0.99998164
55000900131558,2020-10-09,1,1,0.99998
55000900131558,2020-10-10,1,1,0.9999819
55000900131558,2020-10-11,1,1,0.99996245
55000900131558,2020-10-12,1,1,0.9999628
55000900131558,2020-10-13,1,1,0.9999882
55000900131558,2020-10-14,1,1,0.9999856
55000900131558,2020-10-15,1,1,0.9999914
55000900131558,2020-10-16,1,1,0.99999166
55000900131558,2020-10-17,1,1,0.99999285
55000900131558,2020-10-18,1,1,0.9999951
55000900131558,2020-10-19,1,1,0.9999957
55000900131558,2020-10-20,1,0,0.99999595
55000900131558,2020-10-21,1,0,0.9999964
55000900133417,2020-09-29,1,0,0.99999523
55000900133417,2020-09-30,1,0,0.9999939
55000900133417,2020-10-01,1,0,0.99999344
55000900133417,2020-10-02,1,0,0.99999154
55000900133417,2020-10-03,1,0,0.99998975
55000900133417,2020-10-04,1,0,0.99998975
55000900133417,2020-10-05,1,0,0.99998987
55000900133417,2020-10-06,1,0,0.9999913
55000900133417,2020-10-07,1,0,0.9999926
55000900133417,2020-10-08,1,0,0.99999285
55000900133417,2020-10-09,1,0,0.9999907
55000900133417,2020-10-10,1,0,0.99999297
55000900133417,2020-10-11,1,0,0.9999906
55000900133417,2020-10-12,1,0,0.9999933
55000900133417,2020-10-13,1,0,0.99999523
55000900133417,2020-10-14,1,0,0.9999956
55000900133417,2020-10-15,1,0,0.99999654
55000900133417,2020-10-16,1,0,0.99999535
55000900133417,2020-10-17,1,0,0.99999535
55000900133417,2020-10-18,1,0,0.99999404
55000900133417,2020-10-19,1,0,0.99999213
55000900133417,2020-10-20,1,0,0.9999912
55000900133417,2020-10-21,1,0,0.9999913
55000900133417,2020-10-22,1,0,0.9999865
55000900133417,2020-10-23,1,0,0.9999862
55000900133417,2020-10-24,1,0,0.99999213
55000900133417,2020-10-25,1,0,0.9999951
55000900133417,2020-10-26,1,0,0.9999944
55000900133417,2020-10-27,1,0,0.9999962
55000900133417,2020-10-28,1,0,0.99999475
55000900133417,2020-10-29,1,0,0.99999595
55000900133417,2020-10-30,1,0,0.99999297
55000900133417,2020-10-31,1,0,0.9999919
55000900133417,2020-11-01,1,0,0.9999907
55000900133417,2020-11-02,1,0,0.99999475
55000900133417,2020-11-03,1,0,0.99999535
55000900133417,2020-11-04,1,0,0.9999913
55000900133417,2020-11-05,1,0,0.99999297
55000900133417,2020-11-06,1,0,0.99998975
55000900133417,2020-11-07,1,0,0.9999933
55000900133417,2020-11-08,1,0,0.99999595
55000900133417,2020-11-09,1,0,0.9999945
55000900133417,2020-11-10,1,0,0.99999464
55000900133417,2020-11-11,1,0,0.99999285
55000900133417,2020-11-12,1,0,0.99998355
55000900133417,2020-11-13,1,0,0.9999925
55000900133417,2020-11-14,1,0,0.99999523
55000900133417,2020-11-16,1,0,0.999995
55000900133417,2020-11-17,1,0,0.99999344
55000900133417,2020-11-18,1,0,0.99998844
55000900133417,2020-11-19,1,0,0.99999356
55000900133417,2020-11-20,1,0,0.99999285
55000900133417,2020-11-21,1,0,0.99998987
55000900133417,2020-11-22,1,0,0.9999931
55000900133417,2020-11-23,1,0,0.99999285
55000900133417,2020-11-24,1,0,0.99998975
55000900133417,2020-11-25,1,0,0.99997866
55000900133417,2020-11-26,1,0,0.9999844
55000900133417,2020-11-27,1,0,0.9999914
55000900133417,2020-11-28,1,0,0.99999523
55000900133417,2020-11-29,1,0,0.9999962
55000900133417,2020-11-30,1,0,0.9999926
55000900133417,2020-12-01,1,0,0.99994934
55000900167054,2020-09-29,1,1,0.9999813
55000900167054,2020-09-30,1,1,0.9999808
55000900167054,2020-10-01,1,1,0.9999826
55000900167054,2020-10-02,1,1,0.9999714
55000900167054,2020-10-03,1,1,0.9999751
55000900167054,2020-10-04,1,1,0.99995697
55000900167054,2020-10-05,1,1,0.9999759
55000900167054,2020-10-06,1,1,0.9999547
55000900167054,2020-10-07,1,1,0.99997556
55000900167054,2020-10-08,1,1,0.9999763
55000900167054,2020-10-09,1,1,0.9999788
55000900167054,2020-10-10,1,1,0.99996626
55000900167054,2020-10-11,1,1,0.99995816
55000900167054,2020-10-12,1,1,0.9999682
55000900167054,2020-10-13,1,1,0.9999788
55000900167054,2020-10-14,1,1,0.99998
55000900167054,2020-10-15,1,1,0.99998116
55000900167054,2020-10-16,1,1,0.99998164
55000900167054,2020-10-17,1,1,0.99998343
55000900167054,2020-10-18,1,1,0.99998045
55000900167054,2020-10-19,1,0,0.9999826
55000900167054,2020-10-20,1,0,0.9999827
55000900167055,2020-09-29,1,0,0.99998426
55000900167055,2020-09-30,1,0,0.9999877
55000900167055,2020-10-01,1,0,0.99998724
55000900167055,2020-10-02,1,0,0.99997973
55000900167055,2020-10-03,1,0,0.9999813
55000900167055,2020-10-04,1,0,0.99997854
55000900167055,2020-10-05,1,0,0.99998295
55000900167055,2020-10-06,1,0,0.9999846
55000900167055,2020-10-07,1,0,0.99998546
55000900167055,2020-10-08,1,0,0.99998474
55000900167055,2020-10-09,1,0,0.99997854
55000900167055,2020-10-10,1,0,0.9999846
55000900167055,2020-10-11,1,0,0.9999876
55000900167055,2020-10-12,1,0,0.99998724
55000900167055,2020-10-13,1,0,0.9999912
55000900167055,2020-10-14,1,0,0.99998844
55000900167055,2020-10-15,1,0,0.9999852
55000900167055,2020-10-16,1,0,0.99998796
55000900167055,2020-10-17,1,0,0.9999856
55000900167055,2020-10-18,1,0,0.9999927
55000900167055,2020-10-19,1,0,0.9999783
55000900167055,2020-10-20,1,0,0.99998903
55000900167055,2020-10-21,1,0,0.999984
55000900167055,2020-10-22,1,0,0.9999896
55000900167055,2020-10-23,1,0,0.99998975
55000900167055,2020-10-24,1,0,0.9999857
55000900167055,2020-10-25,1,0,0.99998677
55000900167055,2020-10-26,1,0,0.9999924
55000900167055,2020-10-27,1,0,0.99998343
55000900167055,2020-10-28,1,0,0.99998415
55000900167055,2020-10-29,1,0,0.9999914
55000900167055,2020-10-30,1,0,0.9999919
55000900167055,2020-10-31,1,0,0.9999852
55000900167055,2020-11-01,1,0,0.9999852
55000900167055,2020-11-02,1,0,0.99998236
55000900167055,2020-11-03,1,0,0.9999914
55000900167055,2020-11-04,1,0,0.99998045
55000900167055,2020-11-05,1,0,0.9999832
55000900167055,2020-11-06,1,0,0.9999769
55000900167055,2020-11-07,1,0,0.9999809
55000900167055,2020-11-08,1,0,0.99998164
55000900167055,2020-11-09,1,0,0.9999839
55000900167055,2020-11-10,1,0,0.9999839
55000900167055,2020-11-11,1,0,0.9999895
55000900167055,2020-11-12,1,0,0.99998987
55000900167055,2020-11-13,1,0,0.9999877
55000900167055,2020-11-14,1,0,0.99998736
55000900167055,2020-11-16,1,0,0.99998665
55000900167055,2020-11-17,1,0,0.99999034
55000900167055,2020-11-18,1,0,0.99998593
55000900167055,2020-11-19,1,0,0.9999907
55000900167055,2020-11-20,1,0,0.9999838
55000900167055,2020-11-21,1,0,0.9999871
55000900167055,2020-11-22,1,0,0.99998796
55000900167055,2020-11-23,1,0,0.9999839
55000900167055,2020-11-24,1,0,0.9999838
55000900167055,2020-11-25,1,0,0.9999857
55000900167055,2020-11-26,1,0,0.9999821
55000900167055,2020-11-27,1,0,0.99998546
55000900167055,2020-11-28,1,0,0.9999887
55000900167055,2020-11-29,1,0,0.99998856
55000900167055,2020-11-30,1,0,0.99998486
55000900167692,2020-09-29,1,1,0.99993646
55000900167692,2020-09-30,1,1,0.999948
55000900167692,2020-10-01,1,1,0.9999417
55000900167692,2020-10-02,1,1,0.99967253
55000900167692,2020-10-03,1,1,0.9996908
55000900167692,2020-10-04,1,1,0.99974936
55000900167692,2020-10-05,1,1,0.9998242
55000900167692,2020-10-10,1,1,0.999793
55000900167692,2020-10-11,1,1,0.9999342
55000900167692,2020-10-12,1,1,0.99982613
55000900167692,2020-10-13,1,1,0.9999808
55000900167692,2020-10-14,1,1,0.9999832
55000900167692,2020-10-15,1,1,0.99998236
55000900167692,2020-10-16,1,1,0.99997187
55000900167692,2020-10-17,1,1,0.99996173
55000900167692,2020-10-18,1,0,0.99998605
55000900167692,2020-10-19,1,0,0.9999857
55000900167704,2020-09-29,1,1,0.99177694
55000900167704,2020-09-30,1,1,0.9855757
55000900167704,2020-10-01,1,1,0.9902332
55000900167704,2020-10-02,1,1,0.97966594
55000900167704,2020-10-03,1,1,0.9853548
55000900167704,2020-10-04,1,1,0.97890663
55000900167704,2020-10-05,1,1,0.96377105
55000900167704,2020-10-06,1,1,0.96629
55000900167704,2020-10-07,1,1,0.96973264
55000900167704,2020-10-08,1,1,0.9774415
55000900167704,2020-10-09,1,1,0.969507
55000900167704,2020-10-10,1,1,0.97049683
55000900167704,2020-10-11,1,1,0.9312731
55000900167704,2020-10-12,1,1,0.8713888
55000900167704,2020-10-13,1,1,0.9998908
55000900167704,2020-10-14,1,1,0.99984586
55000900167704,2020-10-15,1,1,0.9992175
55000900167704,2020-10-16,1,1,0.9998896
55000900167704,2020-10-17,1,1,0.9996325
55000900167704,2020-10-18,1,1,0.99856144
55000900167704,2020-10-19,1,1,0.99894124
55000900167704,2020-10-20,1,1,0.99912804
55000900167704,2020-10-21,1,1,0.9992404
55000900167704,2020-10-22,0,0,0.9991371
55000900167704,2020-10-23,0,0,0.9987413
55000900167704,2020-10-24,0,0,0.9989064
55000900167704,2020-10-25,1,0,0.68624455
55000900167704,2020-10-26,1,0,0.61542296
55000900167704,2020-10-27,1,0,0.75167096
55000900167704,2020-10-28,1,0,0.91931957
55000900167704,2020-10-29,0,0,0.9506753
55000900167704,2020-10-30,0,0,0.9700973
55000900167704,2020-10-31,0,0,0.97568935
55000900167704,2020-11-01,0,0,0.72627604
55000900167704,2020-11-02,0,0,0.70343053
55000900167704,2020-11-03,0,0,0.70314866
55000900167704,2020-11-04,0,0,0.56722504
55000900167704,2020-11-05,1,0,0.48766837
55000900167704,2020-11-06,1,0,0.5224707
55000900167704,2020-11-07,1,0,0.5753176
55000900167704,2020-11-08,0,0,0.9095888
55000900167704,2020-11-09,0,0,0.9252931
55000900167704,2020-11-10,1,0,0.9494562
55000900167704,2020-11-11,1,0,0.74584395
55000900167704,2020-11-12,1,0,0.62232447
55000900167704,2020-11-13,1,0,0.9865696
55000900167704,2020-11-14,1,0,0.96858674
55000900167704,2020-11-15,1,0,0.9854218
55000900167704,2020-11-16,1,0,0.99957997
55000900167704,2020-11-17,1,0,0.99979717
55000900167704,2020-11-18,1,0,0.9998246
55000900167704,2020-11-19,1,0,0.9998449
55000900167704,2020-11-20,1,0,0.9998134
55000900167704,2020-11-21,1,0,0.99984837
55000900167704,2020-11-22,1,0,0.9998901
55000900167704,2020-11-23,1,0,0.9997837
55000900167704,2020-11-24,1,0,0.9987914
55000900167704,2020-11-25,1,0,0.9994363
55000900167704,2020-11-26,1,0,0.99969864
55000900167704,2020-11-27,1,0,0.99984443
55000900167704,2020-11-28,1,0,0.9999167
55000900167704,2020-11-29,1,0,0.99968886
55000900167704,2020-11-30,1,0,0.9991124
55000900167704,2020-12-01,1,0,0.99879515
55000900167704,2020-12-02,1,0,0.9989317
55000900167704,2020-12-03,1,0,0.99990785
55000900167704,2020-12-04,1,0,0.9998216
55000900167704,2020-12-05,1,0,0.99943036
55000900167704,2020-12-06,1,0,0.9993667
55000900167704,2020-12-07,1,0,0.9995394
55000900167704,2020-12-08,1,0,0.99953926
55000900167704,2020-12-09,1,0,0.99960476
55000900167704,2020-12-10,1,0,0.99959403
55000900167704,2020-12-11,1,0,0.99965596
55000900167704,2020-12-12,1,0,0.9995322
55000900167704,2020-12-13,1,0,0.99985254
55000900167704,2020-12-14,1,0,0.9999658
55000900167704,2020-12-15,1,0,0.9999517
55000900167704,2020-12-16,1,0,0.9999546
55000900167704,2020-12-17,1,0,0.9998305
55000900167704,2020-12-18,1,0,0.9999436
55000900167704,2020-12-19,1,0,0.9999589
55000900167704,2020-12-20,1,0,0.99996495
55000900167704,2020-12-21,1,0,0.99996245
55000900167704,2020-12-22,1,0,0.99996233
55000900167704,2020-12-23,1,0,0.99997437
55000900167704,2020-12-24,1,0,0.99997425
55000900167704,2020-12-25,1,0,0.99996495
55000900167704,2020-12-26,1,0,0.99991965
55000900167704,2020-12-27,1,0,0.9997009
55000900167704,2020-12-28,1,0,0.9999547
55000900167704,2020-12-29,1,0,0.9999691
55000900167704,2020-12-30,1,0,0.99991584
55000900167704,2020-12-31,1,0,0.99970275
55000900167704,2021-01-01,1,0,0.9995415
55000900167704,2021-01-02,1,0,0.9999459
55000900167704,2021-01-03,1,0,0.9999645
55000900167704,2021-01-04,1,0,0.99997556
55000900167704,2021-01-05,1,0,0.99997497
55000900167704,2021-01-06,1,0,0.99997616
55000900167704,2021-01-07,1,0,0.9999752
55000900167704,2021-01-08,1,0,0.99997246
55000900167704,2021-01-09,1,0,0.9999715
55000900167704,2021-01-10,1,0,0.9999708
55000900167704,2021-01-11,1,0,0.99996734
55000900167704,2021-01-12,1,0,0.9999715
55000900167704,2021-01-13,1,0,0.9999728
55000900167704,2021-01-14,1,0,0.9999701
55000900167704,2021-01-15,1,0,0.99997544
55000900167704,2021-01-16,1,0,0.9999696
55000900167704,2021-01-17,1,0,0.9999709
55000900167704,2021-01-18,1,0,0.9999696
55000900167704,2021-01-19,1,0,0.9999677
55000900167704,2021-01-20,1,0,0.9999713
55000900167704,2021-01-21,1,0,0.9999728
55000900167704,2021-01-22,1,0,0.9999788
55000900167704,2021-01-23,1,0,0.9999764
55000900167704,2021-01-24,1,0,0.99997187
55000900167704,2021-01-25,1,0,0.9999776
55000900167704,2021-01-26,1,0,0.99997413
55000900167704,2021-01-27,1,0,0.9999722
55000900167704,2021-01-28,1,0,0.99996734
55000900167704,2021-01-29,1,0,0.9999685
55000900167704,2021-01-30,1,0,0.9999715
55000900167704,2021-01-31,1,0,0.999977
55000900167704,2021-02-01,1,0,0.9999758
55000900167704,2021-02-02,1,0,0.9999758
55000900167704,2021-02-03,1,0,0.9999758
55000900167704,2021-02-04,1,0,0.9999758
55000900167704,2021-02-05,1,0,0.9999758
55000900167704,2021-02-06,1,0,0.9999758
55000900167704,2021-02-07,1,0,0.9999758
55000900167704,2021-02-08,1,0,0.9999758
55000900167704,2021-02-09,1,0,0.9999758
55000900167704,2021-02-10,1,0,0.9999758
55000900167704,2021-02-11,1,0,0.9999758
55000900167704,2021-02-12,1,0,0.9999758
55000900167704,2021-02-13,1,0,0.9999758
55000900167704,2021-02-14,1,0,0.9999758
55000900167704,2021-02-15,1,0,0.9999758
55000900167704,2021-02-16,1,0,0.9999758
55000900167704,2021-02-17,1,0,0.9999758
55000900167704,2021-02-18,1,0,0.9999758
55000900167704,2021-02-19,1,0,0.9999758
55000900167704,2021-02-20,1,0,0.9999758
55000900167704,2021-02-21,1,0,0.9999758
55000900167704,2021-02-22,1,0,0.9999758
55000900167704,2021-02-23,1,0,0.9999758
55000900167704,2021-02-24,1,0,0.9999758
55000900167704,2021-02-25,1,0,0.9999758
55000900167704,2021-02-26,1,0,0.9999758
55000900167704,2021-02-27,1,0,0.9999758
55000900167704,2021-02-28,1,0,0.9999758
55000900167704,2021-03-01,1,0,0.9999758
55000900167704,2021-03-02,1,0,0.9999758
55000900167704,2021-03-03,1,0,0.9999758
55000900167704,2021-03-04,1,0,0.9999758
55000900167704,2021-03-05,1,0,0.9999758
55000900167704,2021-03-06,1,0,0.9999758
55000900167704,2021-03-07,1,0,0.9999758
55000900167704,2021-03-08,1,0,0.9999758
55000900167704,2021-03-09,1,0,0.9999758
55000900167704,2021-03-10,1,0,0.9999758
55000900167704,2021-03-11,1,0,0.9999758
55000900167704,2021-03-12,1,0,0.9999758
55000900167704,2021-03-13,1,0,0.9999758
55000900167704,2021-03-15,1,0,0.9999758
55000900167704,2021-03-16,1,0,0.9999758
55000900167704,2021-03-17,1,0,0.9999758
55000900167704,2021-03-18,1,0,0.9999758
55000900167704,2021-03-19,1,0,0.9999758
55000900167704,2021-03-20,1,0,0.9999758
55000900167704,2021-03-21,1,0,0.9999758
55000900167704,2021-03-22,1,0,0.9999758
55000900167704,2021-03-23,1,0,0.9999758
55000900167704,2021-03-24,1,0,0.9999758
55000900167704,2021-03-25,1,0,0.9999758
55000900167704,2021-03-26,1,0,0.9999758
55000900167704,2021-03-27,1,0,0.9999758
55000900167704,2021-03-28,1,0,0.9999758
55000900167704,2021-03-29,1,0,0.9999758
55000900167704,2021-03-30,1,0,0.9999758
55000900167704,2021-03-31,1,0,0.9999758
55000900167704,2021-04-01,1,0,0.9999758
55000900167704,2021-04-02,1,0,0.9999758
55000900167704,2021-04-03,1,0,0.9999758
55000900167704,2021-04-04,1,0,0.9999758
55000900167704,2021-04-05,1,0,0.9999758
55000900167704,2021-04-06,1,0,0.9999758
55000900167704,2021-04-07,1,0,0.9999758
55000900167704,2021-04-08,1,0,0.9999758
55000900167704,2021-04-09,1,0,0.9999758
55000900167704,2021-04-10,1,0,0.9999758
55000900167704,2021-04-11,1,0,0.9999758
55000900167704,2021-04-12,1,0,0.9999758
55000900167704,2021-04-13,1,0,0.9999758
55000900167704,2021-04-14,1,0,0.9999758
55000900167704,2021-04-15,1,0,0.9999758
55000900167704,2021-04-16,1,0,0.9999758
55000900167704,2021-04-17,1,0,0.9999758
55000900167704,2021-04-18,1,0,0.9999758
55000900167704,2021-04-19,1,0,0.9999758
55000900167704,2021-04-20,1,0,0.9999758
55000900167704,2021-04-21,1,0,0.9999758
55000900167704,2021-04-22,1,0,0.9999758
55000900167704,2021-04-23,1,0,0.9999758
55000900167704,2021-04-24,1,0,0.9999758
55000900167704,2021-04-25,1,0,0.9999758
55000900167704,2021-04-26,1,0,0.9999758
55000900167704,2021-04-27,1,0,0.9999758
55000900167704,2021-04-28,1,0,0.9999758
55000900167704,2021-04-29,1,0,0.9999758
55000900167704,2021-04-30,1,0,0.9999758
55000900167704,2021-05-01,1,0,0.9999758
55000900167704,2021-05-02,1,0,0.9999758
55000900167704,2021-05-03,1,0,0.9999758
55000900167704,2021-05-04,1,0,0.9999758
55000900167704,2021-05-05,1,0,0.9999758
55000900167704,2021-05-06,1,0,0.9999758
55000900167704,2021-05-07,1,0,0.9999758
55000900167704,2021-05-08,1,0,0.9999758
55000900167704,2021-05-09,1,0,0.9999758
55000900167704,2021-05-10,1,0,0.9999758
55000900167704,2021-05-11,1,0,0.9999758
55000900167704,2021-05-12,1,0,0.9999758
55000900167704,2021-05-13,1,0,0.9999758
55000900167704,2021-05-14,1,0,0.9999758
55000900167704,2021-05-15,1,0,0.9999758
55000900167704,2021-05-16,1,0,0.9999758
55000900167704,2021-05-17,1,0,0.9999758
55000900167704,2021-05-18,1,0,0.9999758
55000900167704,2021-05-19,1,0,0.9999758
55000900167704,2021-05-20,1,0,0.9999758
55000900167704,2021-05-21,1,0,0.9999758
55000900167704,2021-05-22,1,0,0.9999758
55000900167704,2021-05-23,1,0,0.9999758
55000900167704,2021-05-24,1,0,0.9999758
55000900167704,2021-05-25,1,0,0.9999758
55000900167704,2021-05-26,1,0,0.9999758
55000900167704,2021-05-27,1,0,0.9999758
55000900167704,2021-05-28,1,0,0.9999758
55000900167704,2021-05-29,1,0,0.9999758
55000900167704,2021-05-30,1,0,0.9999758
55000900167704,2021-05-31,1,0,0.9999758
55000900167704,2021-06-01,1,0,0.9999758
55000900167704,2021-06-02,1,0,0.9999758
55000900167704,2021-06-03,1,0,0.9999758
55000900167704,2021-06-04,1,0,0.9999758
55000900167704,2021-06-05,1,0,0.9999758
55000900167704,2021-06-06,1,0,0.9999758
55000900167704,2021-06-07,1,0,0.9999758
55000900167704,2021-06-08,1,0,0.9999758
55000900167704,2021-06-09,1,0,0.9999758
55000900167704,2021-06-10,1,0,0.9999758
55000900167704,2021-06-11,1,0,0.9999758
55000900167704,2021-06-12,1,0,0.9999758
55000900167704,2021-06-13,1,0,0.9999758
55000900167704,2021-06-14,1,0,0.9999758
55000900167704,2021-06-15,1,0,0.9999758
55000900167704,2021-06-16,1,0,0.9999758
55000900167704,2021-06-17,1,0,0.9999758
55000900167704,2021-06-18,1,0,0.9999758
55000900167704,2021-06-19,1,0,0.9999758
55000900167704,2021-06-20,1,0,0.9999758
55000900167704,2021-06-21,1,0,0.9999758
55000900167704,2021-06-22,1,0,0.9999758
55000900167704,2021-06-23,1,0,0.9999758
55000900167704,2021-06-24,1,0,0.9999758
55000900167704,2021-06-25,1,0,0.9999758
55000900167704,2021-06-26,1,0,0.9999758
55000900167704,2021-06-27,1,0,0.9999758
55000900167704,2021-06-28,1,0,0.9999758
55000900167704,2021-06-29,1,0,0.9999758
55000900167704,2021-06-30,1,0,0.9999758
55000900167704,2021-07-01,1,0,0.9999758
55000900167704,2021-07-02,1,0,0.9999758
55000900167704,2021-07-03,1,0,0.9999758
55000900167704,2021-07-04,1,0,0.9999758
55000900167704,2021-07-05,1,0,0.9999758
55000900167704,2021-07-06,1,0,0.9999758
55000900167704,2021-07-07,1,0,0.9999758
55000900167704,2021-07-08,1,0,0.9999758
55000900167704,2021-07-09,0,0,0.9999758
55000900167704,2021-07-10,0,0,0.9999758
55000900167704,2021-07-11,0,0,0.9999758
55000900167704,2021-07-12,0,0,0.99997985
55000900167704,2021-07-13,0,0,0.9999714
55000900167704,2021-07-14,0,0,0.9999553
55000900167704,2021-07-15,0,0,0.9999652
55000900167704,2021-07-16,0,0,0.9999727
55000900167704,2021-07-17,0,0,0.9999733
55000900167704,2021-07-18,0,0,0.9999782
55000900167704,2021-07-19,0,0,0.9999809
55000900167704,2021-07-20,0,0,0.999982
55000900167704,2021-07-21,0,0,0.9999832
55000900167704,2021-07-22,0,0,0.99998415
55000900167704,2021-07-23,0,0,0.9999846
55000900167704,2021-07-24,0,0,0.999985
55000900167704,2021-07-25,0,0,0.9999852
55000900167704,2021-07-26,0,0,0.9999857
55000900167704,2021-07-27,0,0,0.9999862
55000900167704,2021-07-28,0,0,0.99998677
55000900167704,2021-07-29,0,0,0.99998724
55000900167704,2021-07-30,0,0,0.999987
55000900167704,2021-07-31,0,0,0.99995804
55000900167704,2021-08-01,0,0,0.99926466
55000900167704,2021-08-02,0,0,0.99852943
55000900167704,2021-08-03,0,0,0.998242
55000900167704,2021-08-04,0,0,0.9980203
55000900167704,2021-08-05,0,0,0.9978961
55000900167704,2021-08-06,0,0,0.9977296
55000900167704,2021-08-07,0,0,0.9973815
55000900167704,2021-08-08,0,0,0.99591464
55000900167704,2021-08-09,0,0,0.963195
55000900167704,2021-08-10,0,0,0.9615677
55000900167704,2021-08-11,0,0,0.9615677
55000900167704,2021-08-12,0,0,0.9615677
55000900167704,2021-08-13,0,0,0.9615677
55000900167704,2021-08-14,0,0,0.9615677
55000900167704,2021-08-15,0,0,0.9615677
55000900167704,2021-08-16,0,0,0.9615677
55000900167704,2021-08-17,0,0,0.9615677
55000900167704,2021-08-18,0,0,0.9615677
55000900167704,2021-08-20,0,0,0.9615677
55000900167704,2021-08-21,0,0,0.9615677
55000900167704,2021-08-22,0,0,0.9615677
55000900167704,2021-08-23,0,0,0.9615677
55000900167704,2021-08-24,0,0,0.9615677
55000900167704,2021-08-25,0,0,0.9615677
55000900167704,2021-08-26,0,0,0.9615677
55000900167704,2021-08-27,0,0,0.9615677
55000900167704,2021-08-28,0,0,0.9615677
55000900167704,2021-08-29,0,0,0.9615677
55000900167704,2021-08-30,0,0,0.9615677
55000900167704,2021-08-31,0,0,0.9615677
55000900167704,2021-09-01,0,0,0.9615677
55000900167704,2021-09-02,0,0,0.9615677
55000900167704,2021-09-03,0,0,0.9615677
55000900167704,2021-09-04,0,0,0.9615677
55000900167704,2021-09-05,0,0,0.9615677
55000900167704,2021-09-06,0,0,0.9615677
55000900167704,2021-09-07,0,0,0.9615677
55000900167704,2021-09-08,0,0,0.9615677
55000900167704,2021-09-09,0,0,0.9615677
55000900167704,2021-09-10,0,0,0.9615677
55000900167704,2021-09-11,0,0,0.9615677
55000900167704,2021-09-12,0,0,0.9615677
55000900167704,2021-09-13,0,0,0.9615677
55000900167704,2021-09-14,0,0,0.9615677
55000900167704,2021-09-15,0,0,0.9615677
55000900167704,2021-09-16,0,0,0.9615677
55000900167704,2021-09-17,0,0,0.9615677
55000900167704,2021-09-18,1,0,0.9615677
55000900167704,2021-09-19,1,0,0.9615677
55000900167704,2021-09-20,0,0,0.9615677
55000900167704,2021-09-21,0,0,0.9930078
55000900167704,2021-09-22,0,0,0.99889743
55000900167704,2021-09-23,0,0,0.9984067
55000900167704,2021-09-24,0,0,0.9954053
55000900167704,2021-09-25,0,0,0.99162674
55000900167704,2021-09-26,0,0,0.989311
55000900167704,2021-09-27,1,0,0.9866887
55000900167704,2021-09-28,1,0,0.98474413
55000900167704,2021-09-29,0,0,0.98338103
55000900167704,2021-09-30,0,0,0.9956118
55000900167704,2021-10-01,0,0,0.99908507
55000900167704,2021-10-02,0,0,0.9985734
55000900167704,2021-10-03,0,0,0.99686867
55000900167704,2021-10-04,0,0,0.9955512
55000900167704,2021-10-05,0,0,0.99466634
55000900167704,2021-10-06,0,0,0.9938637
55000900167704,2021-10-07,0,0,0.99293476
55000900167704,2021-10-08,0,0,0.9920224
55000900167704,2021-10-09,0,0,0.99121
55000900167704,2021-10-10,0,0,0.99164563
55000900167704,2021-10-11,0,0,0.9917853
55000900167704,2021-10-12,0,0,0.99143666
55000900167704,2021-10-13,0,0,0.9900455
55000900167704,2021-10-14,0,0,0.98892665
55000900167704,2021-10-15,0,0,0.9882383
55000900167704,2021-10-16,0,0,0.9879953
55000900167704,2021-10-17,0,0,0.98829633
55000900167704,2021-10-18,0,0,0.9882472
55000900167704,2021-10-19,0,0,0.987457
55000900167704,2021-10-21,0,0,0.99666446
55000900167704,2021-10-22,1,0,0.97876006
55000900167704,2021-10-23,1,0,0.97893196
55000900167704,2021-10-24,1,0,0.978995
55000900167704,2021-10-25,1,0,0.9953245
55000900167704,2021-10-26,1,0,0.9987901
55000900167704,2021-10-27,1,0,0.9995314
55000900167704,2021-10-28,1,0,0.9997286
55000900167704,2021-10-29,1,0,0.99979264
55000900167704,2021-10-30,1,0,0.9999244
55000900167704,2021-10-31,1,0,0.9998721
55000900167704,2021-11-01,1,0,0.9999007
55000900167704,2021-11-02,1,0,0.99991953
55000900167704,2021-11-03,1,0,0.99993217
55000900167704,2021-11-04,1,0,0.99994206
55000900167704,2021-11-05,1,0,0.99995005
55000900167704,2021-11-06,1,0,0.999956
55000900167704,2021-11-07,1,0,0.99996006
55000900167704,2021-11-08,1,0,0.99996233
55000900167704,2021-11-09,1,0,0.9999635
55000900167704,2021-11-10,1,0,0.99996436
55000900167704,2021-11-11,1,0,0.9999651
55000900167704,2021-11-12,1,0,0.99996555
55000900167704,2021-11-13,1,0,0.99996614
55000900167704,2021-11-14,1,0,0.9999666
55000900167704,2021-11-15,1,0,0.9999671
55000900167704,2021-11-16,1,0,0.99997103
55000900167704,2021-11-17,1,0,0.99997556
55000900167704,2021-11-18,1,0,0.99997544
55000900167704,2021-11-19,1,0,0.99997556
55000900167704,2021-11-20,1,0,0.99997544
55000900167704,2021-11-21,1,0,0.99997663
55000900167704,2021-11-22,1,0,0.9999771
55000900167704,2021-11-23,1,0,0.9999758
55000900167704,2021-11-24,1,0,0.9999758
55000900167704,2021-11-25,1,0,0.9999758
55000900167704,2021-11-26,1,0,0.9999758
55000900167704,2021-11-27,1,0,0.9999758
55000900167704,2021-11-28,1,0,0.9999758
55000900167704,2021-11-29,1,0,0.9999758
55000900167704,2021-11-30,1,0,0.9999758
55000900167704,2021-12-01,1,0,0.9999758
55000900167704,2021-12-02,1,0,0.9999758
55000900167704,2021-12-03,1,0,0.9999758
55000900167704,2021-12-04,1,0,0.9999758
55000900167704,2021-12-05,1,0,0.9999758
55000900167704,2021-12-06,1,0,0.9999758
55000900167704,2021-12-07,1,0,0.9999758
55000900167704,2021-12-08,1,0,0.9999758
55000900167704,2021-12-09,1,0,0.9999758
55000900167704,2021-12-10,1,0,0.9999758
55000900167704,2021-12-11,1,0,0.9999758
55000900167704,2021-12-12,1,0,0.9999758
55000900167704,2021-12-13,1,0,0.9999758
55000900167704,2021-12-14,1,0,0.9999758
55000900167704,2021-12-15,1,0,0.9999758
55000900167704,2021-12-16,1,0,0.9999758
55000900167704,2021-12-17,1,0,0.9999758
55000900167704,2021-12-18,1,0,0.9999758
55000900167704,2021-12-19,1,0,0.9999758
55000900167704,2021-12-20,1,0,0.9999758
55000900167704,2021-12-21,1,0,0.9999758
55000900167704,2021-12-22,1,0,0.9999758
55000900167704,2021-12-23,1,0,0.9999758
55000900167704,2021-12-24,1,0,0.9999758
55000900167704,2021-12-25,1,0,0.9999758
55000900167704,2021-12-26,1,0,0.9999758
55000900167704,2021-12-27,1,0,0.9999758
55000900167704,2021-12-28,1,0,0.9999758
55000900167704,2021-12-29,1,0,0.9999758
55000900167704,2021-12-30,1,0,0.9999758
55000900167704,2021-12-31,1,0,0.9999758
55000900167704,2022-01-01,1,0,0.9999758
55000900167704,2022-01-02,1,0,0.9999758
55000900167704,2022-01-03,1,0,0.9999758
55000900167704,2022-01-04,1,0,0.9999758
55000900167704,2022-01-05,1,0,0.9999758
55000900167704,2022-01-06,1,0,0.9999758
55000900167704,2022-01-07,1,0,0.9999758
55000900167704,2022-01-08,1,0,0.9999758
55000900167704,2022-01-09,1,0,0.9999758
55000900167704,2022-01-10,1,0,0.9999758
55000900167704,2022-01-11,1,0,0.9999758
55000900167704,2022-01-12,1,0,0.9999758
55000900167704,2022-01-13,1,0,0.9999758
55000900167704,2022-01-14,1,0,0.9999758
55000900167704,2022-01-15,1,0,0.9999758
55000900167704,2022-01-16,1,0,0.9999758
55000900167704,2022-01-17,1,0,0.9999758
55000900167704,2022-01-18,1,0,0.9999758
55000900167704,2022-01-19,1,0,0.9999758
55000900167704,2022-01-20,1,0,0.9999758
55000900167704,2022-01-21,1,0,0.9999758
55000900167704,2022-01-22,1,0,0.9999758
55000900167704,2022-01-23,1,0,0.9999758
55000900167704,2022-01-24,1,0,0.9999758
55000900167704,2022-01-25,1,0,0.9999758
55000900167704,2022-01-26,1,0,0.9999758
55000900167704,2022-01-27,1,0,0.9999758
55000900167704,2022-01-28,1,0,0.9999758
55000900167704,2022-01-29,1,0,0.9999758
55000900167704,2022-01-30,1,0,0.9999758
55000900167704,2022-01-31,1,0,0.9999758
55000900167704,2022-02-01,1,0,0.9999758
55000900167704,2022-02-02,1,0,0.9999758
55000900167704,2022-02-03,1,0,0.9999758
55000900167704,2022-02-04,1,0,0.9999758
55000900167704,2022-02-05,1,0,0.9999758
55000900167704,2022-02-06,1,0,0.9999758
55000900167704,2022-02-07,1,0,0.9999758
55000900167704,2022-02-08,1,0,0.9999758
55000900167704,2022-02-09,1,0,0.9999758
55000900167704,2022-02-10,1,0,0.9999758
55000900167704,2022-02-11,1,0,0.9999758
55000900167704,2022-02-12,1,0,0.9999758
55000900167704,2022-02-13,1,0,0.9999758
55000900167704,2022-02-14,1,0,0.9999758
55000900167704,2022-02-15,1,0,0.9999758
55000900167704,2022-02-16,1,0,0.9999758
55000900167704,2022-02-17,1,0,0.9999758
55000900167704,2022-02-18,1,0,0.9999758
55000900167704,2022-02-19,1,0,0.9999758
55000900167704,2022-02-20,1,0,0.9999758
55000900167704,2022-02-21,1,0,0.9999758
55000900167704,2022-02-22,1,0,0.9999758
55000900167704,2022-02-23,1,0,0.9999758
55000900167704,2022-02-24,1,0,0.9999758
55000900167704,2022-02-25,1,0,0.9999758
55000900167704,2022-02-26,1,0,0.9999758
55000900167704,2022-02-27,1,0,0.9999758
55000900167704,2022-02-28,1,0,0.9999758
55000900167704,2022-03-01,1,0,0.9999758
55000900167704,2022-03-02,1,0,0.9999758
55000900167704,2022-03-03,1,0,0.9999758
55000900167704,2022-03-04,1,0,0.9999758
55000900167704,2022-03-05,1,0,0.9999758
55000900167704,2022-03-06,1,0,0.9999758
55000900167704,2022-03-07,1,0,0.9999758
55000900167704,2022-03-08,1,0,0.9999758
55000900167704,2022-03-09,1,0,0.9999758
55000900167704,2022-03-10,1,0,0.9999758
55000900167704,2022-03-11,1,0,0.9999758
55000900167704,2022-03-12,1,0,0.9999758
55000900167704,2022-03-14,1,0,0.9999758
55000900167704,2022-03-15,1,0,0.9999758
55000900167704,2022-03-16,1,0,0.9999758
55000900167704,2022-03-17,1,0,0.9999758
55000900167704,2022-03-18,1,0,0.9999758
55000900167704,2022-03-19,1,0,0.9999758
55000900167704,2022-03-20,1,0,0.9999758
55000900167704,2022-03-21,1,0,0.9999758
55000900167704,2022-03-22,1,0,0.9999758
55000900167704,2022-03-23,1,0,0.9999758
55000900167704,2022-03-24,1,0,0.9999758
55000900167704,2022-03-25,1,0,0.9999758
55000900167704,2022-03-26,1,0,0.9999758
55000900167704,2022-03-27,1,0,0.9999758
55000900167704,2022-03-28,1,0,0.9999758
55000900167704,2022-03-29,1,0,0.9999758
55000900167704,2022-03-30,1,0,0.9999758
55000900167704,2022-03-31,1,0,0.9999758
55000900167704,2022-04-01,1,0,0.9999758
55000900167704,2022-04-02,1,0,0.9999758
55000900167704,2022-04-03,1,0,0.9999758
55000900167704,2022-04-04,1,0,0.9999758
55000900167704,2022-04-05,1,0,0.9999758
55000900167704,2022-04-06,1,0,0.9999758
55000900167704,2022-04-07,1,0,0.9999758
55000900167704,2022-04-08,1,0,0.9999758
55000900167704,2022-04-09,1,0,0.9999758
55000900167704,2022-04-10,1,0,0.9999758
55000900167704,2022-04-11,1,0,0.9999758
55000900167704,2022-04-12,1,0,0.9999758
55000900167704,2022-04-13,1,0,0.9999758
55000900167704,2022-04-14,1,0,0.9999758
55000900167704,2022-04-15,1,0,0.9999758
55000900167704,2022-04-16,1,0,0.9999758
55000900167704,2022-04-17,1,0,0.9999758
55000900167704,2022-04-18,1,0,0.9999758
55000900167704,2022-04-19,1,0,0.9999758
55000900167704,2022-04-20,1,0,0.9999758
55000900167704,2022-04-21,1,0,0.9999758
55000900167704,2022-04-22,1,0,0.9999758
55000900167704,2022-04-23,1,0,0.9999758
55000900167704,2022-04-24,1,0,0.9999758
55000900167704,2022-04-25,1,0,0.9999758
55000900167704,2022-04-26,1,0,0.9999758
55000900167704,2022-04-27,1,0,0.9999758
55000900167704,2022-04-28,1,0,0.9999758
55000900167704,2022-04-29,1,0,0.9999758
55000900167704,2022-04-30,1,0,0.9999758
55000900167704,2022-05-01,1,0,0.9999758
55000900167704,2022-05-02,1,0,0.9999758
55000900167704,2022-05-03,1,0,0.9999758
55000900167704,2022-05-04,1,0,0.9999758
55000900167704,2022-05-05,1,0,0.9999758
55000900167704,2022-05-06,1,0,0.9999758
55000900167704,2022-05-07,1,0,0.9999758
55000900167704,2022-05-08,1,0,0.9999758
55000900167704,2022-05-09,1,0,0.9999758
55000900167704,2022-05-10,1,0,0.9999758
55000900167704,2022-05-11,1,0,0.9999758
55000900167704,2022-05-12,1,0,0.9999758
55000900167704,2022-05-13,1,0,0.9999758
55000900167704,2022-05-14,1,0,0.9999758
55000900167704,2022-05-15,1,0,0.9999758
55000900167704,2022-05-16,1,0,0.9999758
55000900167704,2022-05-17,1,0,0.9999758
55000900167704,2022-05-18,1,0,0.9999758
55000900167704,2022-05-19,1,0,0.9999758
55000900167704,2022-05-20,1,0,0.9999758
55000900167704,2022-05-21,1,0,0.9999758
55000900167704,2022-05-22,1,0,0.9999758
55000900167704,2022-05-23,1,0,0.9999758
55000900167704,2022-05-24,1,0,0.9999758
55000900167704,2022-05-25,1,0,0.9999758
55000900167704,2022-05-26,1,0,0.9999758
55000900167704,2022-05-27,1,0,0.9999758
55000900167704,2022-05-28,1,0,0.9999758
55000900167704,2022-05-29,1,0,0.9999758
55000900167704,2022-05-30,1,0,0.9999758
55000900167704,2022-05-31,1,0,0.9999758
55000900167704,2022-06-01,1,0,0.9999758
55000900167704,2022-06-02,1,0,0.9999758
55000900167704,2022-06-03,1,0,0.9999758
55000900167704,2022-06-04,1,0,0.9999758
55000900167704,2022-06-05,1,0,0.9999758
55000900167704,2022-06-06,1,0,0.9999758
55000900167704,2022-06-07,1,0,0.9999758
55000900167704,2022-06-08,1,0,0.9999758
55000900167704,2022-06-09,1,0,0.9999758
55000900167704,2022-06-10,1,0,0.9999758
55000900167704,2022-06-11,1,0,0.9999758
55000900167704,2022-06-12,1,0,0.9999758
55000900167704,2022-06-13,1,0,0.9999758
55000900167704,2022-06-14,1,0,0.9999758
55000900167704,2022-06-15,1,0,0.9999758
55000900167704,2022-06-16,1,0,0.9999758
55000900167704,2022-06-17,1,0,0.9999758
55000900167704,2022-06-18,1,0,0.9999758
55000900167704,2022-06-19,1,0,0.9999758
55000900167704,2022-06-20,1,0,0.9999758
55000900167704,2022-06-21,1,0,0.9999758
55000900167704,2022-06-22,1,0,0.9999758
55000900167704,2022-06-23,1,0,0.9999758
55000900167704,2022-06-24,1,0,0.9999758
55000900167704,2022-06-25,1,0,0.9999758
55000900167704,2022-06-26,1,0,0.9999758
55000900167704,2022-06-27,1,0,0.9999758
55000900167704,2022-06-28,1,0,0.9999758
55000900167704,2022-06-29,1,0,0.9999758
55000900167704,2022-06-30,1,0,0.9999758
55000900167704,2022-07-01,1,0,0.9999758
55000900167704,2022-07-02,1,0,0.9999758
55000900167704,2022-07-03,1,0,0.9999758
55000900167704,2022-07-04,1,0,0.9999758
55000900167704,2022-07-05,1,0,0.9999758
55000900167704,2022-07-06,1,0,0.9999758
55000900167704,2022-07-07,1,0,0.9999758
55000900167704,2022-07-08,1,0,0.9999758
55000900167704,2022-07-09,1,0,0.9999758
55000900167704,2022-07-10,1,0,0.9999758
55000900167704,2022-07-11,1,0,0.9999758
55000900167704,2022-07-12,1,0,0.9999758
55000900167704,2022-07-13,1,0,0.9999758
55000900167704,2022-07-14,1,0,0.9999758
55000900167704,2022-07-15,1,0,0.9999758
55000900167704,2022-07-16,1,0,0.9999758
55000900167704,2022-07-17,1,0,0.9999758
55000900167704,2022-07-18,1,0,0.9999758
55000900167704,2022-07-19,1,0,0.9999758
55000900167704,2022-07-20,1,0,0.9999758
55000900167704,2022-07-21,1,0,0.9999758
55000900167704,2022-07-22,1,0,0.9999758
55000900167704,2022-07-23,1,0,0.9999758
55000900167704,2022-07-24,1,0,0.9999758
55000900167704,2022-07-25,1,0,0.9999758
55000900167704,2022-07-26,1,0,0.9999758
55000900167704,2022-07-27,1,0,0.9999758
55000900167704,2022-07-28,1,0,0.9999758
55000900167704,2022-07-29,1,0,0.9999758
55000900167704,2022-07-30,1,0,0.9999758
55000900167704,2022-07-31,1,0,0.9999758
55000900167704,2022-08-01,1,0,0.9999758
55000900167704,2022-08-02,1,0,0.9999758
55000900167704,2022-08-03,1,0,0.9999758
55000900167704,2022-08-04,1,0,0.9999758
55000900167704,2022-08-05,1,0,0.9999758
55000900167704,2022-08-06,1,0,0.9999758
55000900167704,2022-08-07,1,0,0.9999758
55000900167704,2022-08-08,1,0,0.9999758
55000900167704,2022-08-09,1,0,0.9999758
55000900167704,2022-08-10,1,0,0.9999758
55000900167704,2022-08-11,1,0,0.9999758
55000900167704,2022-08-12,1,0,0.9999758
55000900167704,2022-08-13,1,0,0.9999758
55000900167704,2022-08-14,1,0,0.9999758
55000900167704,2022-08-15,1,0,0.9999758
55000900167704,2022-08-16,1,0,0.9999758
55000900167704,2022-08-17,1,0,0.9999758
55000900167704,2022-08-18,1,0,0.9999758
55000900167704,2022-08-19,1,0,0.9999758
55000900167704,2022-08-20,1,0,0.9999758
55000900167704,2022-08-21,1,0,0.9999758
55000900167704,2022-08-22,1,0,0.9999758
55000900167704,2022-08-23,1,0,0.9999758
55000900167704,2022-08-24,1,0,0.9999758
55000900167704,2022-08-25,1,0,0.9999758
55000900167704,2022-08-26,1,0,0.9999758
55000900167704,2022-08-27,1,0,0.9999758
55000900167704,2022-08-28,1,0,0.9999758
55000900167704,2022-08-29,1,0,0.9999758
55000900167704,2022-08-30,1,0,0.9999758
55000900167704,2022-08-31,1,0,0.9999758
55000900167704,2022-09-01,1,0,0.9999758
55000900167704,2022-09-02,1,0,0.9999758
55000900167704,2022-09-03,1,0,0.9999758
55000900167704,2022-09-04,1,0,0.9999758
55000900167704,2022-09-05,0,0,0.9999758
55000900167704,2022-09-06,0,0,0.9999758
55000900167704,2022-09-07,0,0,0.9999758
55000900167704,2022-09-08,0,0,0.99997985
55000900167704,2022-09-09,0,0,0.9999714
55000900167704,2022-09-10,0,0,0.9999553
55000900167704,2022-09-11,0,0,0.9999652
55000900167704,2022-09-12,0,0,0.9999727
55000900167704,2022-09-13,0,0,0.9999733
55000900167704,2022-09-14,0,0,0.9999782
55000900167704,2022-09-15,0,0,0.9999809
55000900167704,2022-09-16,0,0,0.999982
55000900167704,2022-09-17,0,0,0.9999832
55000900167704,2022-09-18,0,0,0.99998415
55000900167704,2022-09-19,0,0,0.9999846
55000900167704,2022-09-20,0,0,0.999985
55000900167704,2022-09-21,0,0,0.9999852
55000900167704,2022-09-22,0,0,0.9999857
55000900167704,2022-09-23,0,0,0.9999862
55000900167704,2022-09-24,0,0,0.99998677
55000900167704,2022-09-25,0,0,0.99998724
55000900167704,2022-09-26,0,0,0.999987
55000900167704,2022-09-27,0,0,0.99995804
55000900167704,2022-09-28,0,0,0.99926466
55000900167704,2022-09-29,0,0,0.99852943
55000900167704,2022-09-30,0,0,0.998242
55000900167704,2022-10-01,0,0,0.9980203
55000900167704,2022-10-02,0,0,0.9978961
55000900167704,2022-10-03,0,0,0.9977296
55000900167704,2022-10-04,0,0,0.9973815
55000900167704,2022-10-05,0,0,0.99591464
55000900167704,2022-10-06,0,0,0.963195
55000900167704,2022-10-07,0,0,0.9615677
55000900167704,2022-10-08,0,0,0.9615677
55000900167704,2022-10-09,0,0,0.9615677
55000900167704,2022-10-10,0,0,0.9615677
55000900167704,2022-10-11,0,0,0.9615677
55000900167704,2022-10-12,0,0,0.9615677
55000900167704,2022-10-13,0,0,0.9615677
55000900167704,2022-10-14,0,0,0.9615677
55000900167704,2022-10-15,0,0,0.9615677
55000900167704,2022-10-16,0,0,0.9615677
55000900167704,2022-10-17,0,0,0.9615677
55000900167704,2022-10-18,0,0,0.9615677
55000900167704,2022-10-19,0,0,0.9615677
55000900167704,2022-10-20,0,0,0.9615677
55000900167704,2022-10-21,0,0,0.9615677
55000900167704,2022-10-22,1,0,0.9615677
55000900167704,2022-10-23,0,0,0.9615677
55000900167704,2022-10-24,1,0,0.9615677
55000900167704,2022-10-25,1,0,0.9930078
55000900167704,2022-10-26,1,0,0.9938589
55000900167704,2022-10-27,0,0,0.99698776
55000900167704,2022-10-28,0,0,0.99941695
55000900167704,2022-10-29,0,0,0.9996898
55000900167704,2022-10-30,0,0,0.99946755
55000900167704,2022-10-31,0,0,0.99822456
55000900167704,2022-11-01,1,0,0.9974764
55000900167704,2022-11-02,0,0,0.99725085
55000900167704,2022-11-03,0,0,0.99716103
55000900167704,2022-11-04,1,0,0.9994129
55000900167704,2022-11-05,1,0,0.99793065
55000900167704,2022-11-06,1,0,0.99695444
55000900167704,2022-11-07,1,0,0.9995409
55000900167704,2022-11-08,1,0,0.9997423
55000900167704,2022-11-09,1,0,0.9998385
55000900167704,2022-11-10,1,0,0.99990916
55000900167704,2022-11-11,1,0,0.99993396
55000900167704,2022-11-12,1,0,0.9999422
55000900167704,2022-11-13,1,0,0.9999466
55000900167704,2022-11-14,1,0,0.9999505
55000900167704,2022-11-15,1,0,0.9999548
55000900167704,2022-11-16,1,0,0.9999589
55000900167704,2022-11-17,1,0,0.99996185
55000900167704,2022-11-18,1,0,0.99996376
55000900167704,2022-11-19,1,0,0.9999647
55000900167704,2022-11-20,1,0,0.9999652
55000900167704,2022-11-21,1,0,0.9999654
55000900167704,2022-11-22,1,0,0.9999652
55000900167704,2022-11-23,1,0,0.99996305
55000900167704,2022-11-24,1,0,0.99996567
55000900167704,2022-11-25,1,0,0.9999635
55000900167704,2022-11-26,1,0,0.9999641
55000900167704,2022-11-27,1,0,0.9999678
55000900167704,2022-11-28,1,0,0.9999689
55000900167704,2022-11-29,1,0,0.9999753
55000900167704,2022-11-30,1,0,0.9999757
55000900167704,2022-12-01,1,0,0.99997556
55000900167704,2022-12-02,1,0,0.9999753
55000900167704,2022-12-03,1,0,0.99997556
55000900167704,2022-12-04,1,0,0.99997663
55000900167704,2022-12-05,1,0,0.9999771
55000900167704,2022-12-06,1,0,0.9999758
55000900167704,2022-12-07,1,0,0.9999758
55000900167704,2022-12-08,1,0,0.9999758
55000900167704,2022-12-09,1,0,0.9999758
55000900167704,2022-12-10,1,0,0.9999758
55000900167704,2022-12-11,1,0,0.9999758
55000900167704,2022-12-12,1,0,0.9999758
55000900167704,2022-12-13,1,0,0.9999758
55000900167704,2022-12-14,1,0,0.9999758
55000900167704,2022-12-15,1,0,0.9999758
55000900167704,2022-12-16,1,0,0.9999758
55000900167704,2022-12-17,1,0,0.9999758
55000900167704,2022-12-18,1,0,0.9999758
55000900167704,2022-12-19,1,0,0.9999758
55000900167704,2022-12-20,1,0,0.9999758
55000900167704,2022-12-21,1,0,0.9999758
55000900167704,2022-12-22,1,0,0.9999758
55000900167704,2022-12-23,1,0,0.9999758
55000900167704,2022-12-24,1,0,0.9999758
55000900167704,2022-12-25,1,0,0.9999758
55000900167704,2022-12-26,1,0,0.9999758
55000900167704,2022-12-27,1,0,0.9999758
55000900167704,2022-12-28,1,0,0.9999758
55000900167704,2022-12-29,1,0,0.9999758
55000900167704,2022-12-30,1,0,0.9999758
55000900167704,2022-12-31,1,0,0.9999758
55000900167704,2023-01-01,1,0,0.9999758
55000900167704,2023-01-02,1,0,0.9999758
55000900167704,2023-01-03,1,0,0.9999758
55000900167704,2023-01-04,1,0,0.9999758
55000900167704,2023-01-05,1,0,0.9999758
55000900167704,2023-01-06,1,0,0.9999758
55000900167704,2023-01-07,1,0,0.9999758
55000900167704,2023-01-08,1,0,0.9999758
55000900167704,2023-01-09,1,0,0.9999758
55000900167704,2023-01-10,1,0,0.9999758
55000900167704,2023-01-11,1,0,0.9999758
55000900167704,2023-01-12,1,0,0.9999758
55000900167704,2023-01-13,1,0,0.9999758
55000900167704,2023-01-14,1,0,0.9999758
55000900167704,2023-01-15,1,0,0.9999758
55000900167704,2023-01-16,1,0,0.9999758
55000900167704,2023-01-17,1,0,0.9999758
55000900167704,2023-01-18,1,0,0.9999758
55000900167704,2023-01-19,1,0,0.9999758
55000900167704,2023-01-20,1,0,0.9999758
55000900167704,2023-01-21,1,0,0.9999758
55000900167704,2023-01-22,1,0,0.9999758
55000900167704,2023-01-23,1,0,0.9999758
55000900167704,2023-01-24,1,0,0.9999758
55000900167704,2023-01-25,1,0,0.9999758
55000900167704,2023-01-26,1,0,0.9999758
55000900167704,2023-01-27,1,0,0.9999758
55000900167704,2023-01-28,1,0,0.9999758
55000900167704,2023-01-29,1,0,0.9999758
55000900167704,2023-01-30,1,0,0.9999758
55000900167704,2023-01-31,1,0,0.9999758
55000900167704,2023-02-01,1,0,0.9999758
55000900167704,2023-02-02,1,0,0.9999758
55000900167704,2023-02-03,1,0,0.9999758
55000900167704,2023-02-04,1,0,0.9999758
55000900167704,2023-02-05,1,0,0.9999758
55000900167704,2023-02-06,1,0,0.9999758
55000900167704,2023-02-07,1,0,0.9999758
55000900167704,2023-02-08,1,0,0.9999758
55000900167704,2023-02-09,1,0,0.9999758
55000900167704,2023-02-10,1,0,0.9999758
55000900167704,2023-02-11,1,0,0.9999758
55000900167704,2023-02-12,1,0,0.9999758
55000900167704,2023-02-13,1,0,0.9999758
55000900167704,2023-02-14,1,0,0.9999758
55000900167704,2023-02-15,1,0,0.9999758
55000900167704,2023-02-16,1,0,0.9999758
55000900167704,2023-02-17,1,0,0.9999758
55000900167704,2023-02-18,1,0,0.9999758
55000900167704,2023-02-19,1,0,0.9999758
55000900167704,2023-02-20,1,0,0.9999758
55000900167704,2023-02-21,1,0,0.9999758
55000900167704,2023-02-22,1,0,0.9999758
55000900167704,2023-02-23,1,0,0.9999758
55000900167704,2023-02-24,1,0,0.9999758
55000900167704,2023-02-25,1,0,0.9999758
55000900167704,2023-02-26,1,0,0.9999758
55000900167704,2023-02-27,1,0,0.9999758
55000900167704,2023-02-28,1,0,0.9999758
55000900167704,2023-03-01,1,0,0.9999758
55000900167704,2023-03-02,1,0,0.9999758
55000900167704,2023-03-03,1,0,0.9999758
55000900167704,2023-03-04,1,0,0.9999758
55000900167704,2023-03-05,1,0,0.9999758
55000900167704,2023-03-06,1,0,0.9999758
55000900167704,2023-03-07,1,0,0.9999758
55000900167704,2023-03-08,1,0,0.9999758
55000900167704,2023-03-09,1,0,0.9999758
55000900167704,2023-03-10,1,0,0.9999758
55000900167704,2023-03-11,1,0,0.9999758
55000900167704,2023-03-13,1,0,0.9999758
55000900167704,2023-03-14,1,0,0.9999758
55000900167704,2023-03-15,1,0,0.9999758
55000900167704,2023-03-16,1,0,0.9999758
55000900167704,2023-03-17,1,0,0.9999758
55000900167704,2023-03-18,1,0,0.9999758
55000900167704,2023-03-19,1,0,0.9999758
55000900167704,2023-03-20,1,0,0.9999758
55000900167704,2023-03-21,1,0,0.9999758
55000900167704,2023-03-22,1,0,0.9999758
55000900167704,2023-03-23,1,0,0.9999758
55000900167704,2023-03-24,1,0,0.9999758
55000900167704,2023-03-25,1,0,0.9999758
55000900167704,2023-03-26,1,0,0.9999758
55000900167704,2023-03-27,1,0,0.9999758
55000900167704,2023-03-28,1,0,0.9999758
55000900167704,2023-03-29,1,0,0.9999758
55000900167704,2023-03-30,1,0,0.9999758
55000900167704,2023-03-31,1,0,0.9999758
55000900167704,2023-04-01,1,0,0.9999758
55000900167704,2023-04-02,1,0,0.9999758
55000900167704,2023-04-03,1,0,0.9999758
55000900167704,2023-04-04,1,0,0.9999758
55000900167704,2023-04-05,1,0,0.9999758
55000900167704,2023-04-06,1,0,0.9999758
55000900167704,2023-04-07,1,0,0.9999758
55000900167704,2023-04-08,1,0,0.9999758
55000900167704,2023-04-09,1,0,0.9999758
55000900167704,2023-04-10,1,0,0.9999758
55000900167704,2023-04-11,1,0,0.9999758
55000900167704,2023-04-12,1,0,0.9999758
55000900167704,2023-04-13,1,0,0.9999758
55000900167704,2023-04-14,1,0,0.9999758
55000900167704,2023-04-15,1,0,0.9999758
55000900167704,2023-04-16,1,0,0.9999758
55000900167704,2023-04-17,1,0,0.9999758
55000900167704,2023-04-18,1,0,0.9999758
55000900167704,2023-04-19,1,0,0.9999758
55000900167704,2023-04-20,1,0,0.9999758
55000900200040,2020-09-29,1,0,0.9999914
55000900200040,2020-09-30,1,0,0.9999888
55000900200040,2020-10-01,1,0,0.9999906
55000900200040,2020-10-02,1,0,0.9999825
55000900200040,2020-10-03,1,0,0.9999846
55000900200040,2020-10-04,1,0,0.99998605
55000900200040,2020-10-05,1,0,0.9999846
55000900200040,2020-10-06,1,0,0.9999826
55000900200040,2020-10-07,1,0,0.99998415
55000900200040,2020-10-08,1,0,0.999985
55000900200040,2020-10-09,1,0,0.999982
55000900200040,2020-10-10,1,0,0.999985
55000900200040,2020-10-11,1,0,0.99998224
55000900200040,2020-10-12,1,0,0.99998355
55000900200040,2020-10-13,1,0,0.99999154
55000900200040,2020-10-14,1,0,0.9999956
55000900200040,2020-10-15,1,0,0.99999046
55000900200040,2020-10-16,1,0,0.9999933
55000900200040,2020-10-17,1,0,0.9999925
55000900200040,2020-10-18,1,0,0.9999931
55000900200040,2020-10-19,1,0,0.99999213
55000900200040,2020-10-20,1,0,0.9999944
55000900200040,2020-10-21,1,0,0.9999914
55000900200040,2020-10-22,1,0,0.9999919
55000900200040,2020-10-23,1,0,0.99999475
55000900200040,2020-10-24,1,0,0.9999945
55000900200040,2020-10-25,1,0,0.99999356
55000900200040,2020-10-26,1,0,0.99999416
55000900200040,2020-10-27,1,0,0.99999464
55000900200040,2020-10-28,1,0,0.9999926
55000900200040,2020-10-29,1,0,0.9999932
55000900200040,2020-10-30,1,0,0.9999944
55000900200040,2020-10-31,1,0,0.99999
55000900200040,2020-11-01,1,0,0.99998915
55000900200040,2020-11-02,1,0,0.99998987
55000900200040,2020-11-03,1,0,0.99998856
55000900200040,2020-11-04,1,0,0.99998415
55000900200040,2020-11-05,1,0,0.99998426
55000900200040,2020-11-06,1,0,0.99998987
55000900200040,2020-11-07,1,0,0.9999907
55000900200040,2020-11-08,1,0,0.99999285
55000900200040,2020-11-09,1,0,0.9999925
55000900200040,2020-11-10,1,0,0.9999907
55000900200040,2020-11-11,1,0,0.99998915
55000900200040,2020-11-12,1,0,0.9999907
55000900200040,2020-11-13,1,0,0.9999912
55000900200040,2020-11-14,1,0,0.999992
55000900200040,2020-11-15,1,0,0.9999912
55000900200040,2020-11-16,1,0,0.9999925
55000900200040,2020-11-17,1,0,0.9999893
55000900200040,2020-11-18,1,0,0.9999906
55000900200040,2020-11-19,1,0,0.9999875
55000900200040,2020-11-20,1,0,0.9999908
55000900200040,2020-11-21,1,0,0.9999907
55000900200040,2020-11-22,1,0,0.9999907
55000900200040,2020-11-23,1,0,0.99999285
55000900200040,2020-11-24,1,0,0.9999896
55000900200040,2020-11-25,1,0,0.99998903
55000900200040,2020-11-26,1,0,0.9999888
55000900200040,2020-11-27,1,0,0.99999285
55000900200040,2020-11-28,1,0,0.9999907
55000900200040,2020-11-29,1,0,0.99999285
55000900200040,2020-11-30,1,0,0.9999894
55000900200040,2020-12-01,1,0,0.9999888
55000900200040,2020-12-02,1,0,0.99998987
55000900200040,2020-12-03,1,0,0.99999034
55000900200040,2020-12-04,1,0,0.9999913
55000900200040,2020-12-05,1,0,0.9999908
55000900200040,2020-12-06,1,0,0.9999864
55000900200040,2020-12-07,1,0,0.99999
55000900200040,2020-12-08,1,0,0.99999
55000900200040,2020-12-09,1,0,0.99999094
55000900200040,2020-12-10,1,0,0.99999046
55000900200040,2020-12-11,1,0,0.9999902
55000900200040,2020-12-12,1,0,0.9999877
55000900200040,2020-12-13,1,0,0.9999926
55000900200040,2020-12-14,1,0,0.9999919
55000900200040,2020-12-15,1,0,0.99999404
55000900200040,2020-12-16,1,0,0.9999919
55000900200040,2020-12-17,1,0,0.9999918
55000900200040,2020-12-18,1,0,0.99999046
55000900200040,2020-12-19,1,0,0.99999356
55000900200040,2020-12-20,1,0,0.999992
55000900200040,2020-12-21,1,0,0.9999933
55000900200040,2020-12-22,1,0,0.99999213
55000900200040,2020-12-23,1,0,0.99999475
55000900200040,2020-12-24,1,0,0.999995
55000900200040,2020-12-25,1,0,0.9999913
55000900200040,2020-12-26,1,0,0.9999907
55000900200040,2020-12-27,1,0,0.99998903
55000900200040,2020-12-28,1,0,0.9999896
55000900200040,2020-12-29,1,0,0.9999913
55000900200040,2020-12-30,1,0,0.9999894
55000900200040,2020-12-31,1,0,0.99998987
55000900200040,2021-01-01,1,0,0.9999857
55000900200040,2021-01-02,1,0,0.9999896
55000900200040,2021-01-03,1,0,0.9999924
55000900200040,2021-01-04,1,0,0.9999907
55000900200040,2021-01-05,1,0,0.9999924
55000900200040,2021-01-06,1,0,0.9999939
55000900200040,2021-01-07,1,0,0.9999912
55000900200040,2021-01-08,1,0,0.9999881
55000900200040,2021-01-09,1,0,0.9999933
55000900200040,2021-01-10,1,0,0.9999906
55000900200040,2021-01-11,1,0,0.9999907
55000900200040,2021-01-12,1,0,0.9999908
55000900200040,2021-01-13,1,0,0.9999908
55000900200040,2021-01-14,1,0,0.9999907
55000900200040,2021-01-15,1,0,0.9999906
55000900200040,2021-01-16,1,0,0.9999908
55000900200040,2021-01-17,1,0,0.9999907
55000900200040,2021-01-18,1,0,0.9999908
55000900200040,2021-01-19,1,0,0.99999094
55000900200040,2021-01-20,1,0,0.9999912
55000900200040,2021-01-21,1,0,0.9999896
55000900200040,2021-01-22,1,0,0.9999908
55000900200040,2021-01-23,1,0,0.9999906
55000900200040,2021-01-24,1,0,0.999992
55000900200040,2021-01-25,1,0,0.9999927
55000900200040,2021-01-26,1,0,0.9999896
55000900200040,2021-01-27,1,0,0.9999894
55000900200040,2021-01-28,1,0,0.99998677
55000900200040,2021-01-29,1,0,0.99999046
55000900200040,2021-01-30,1,0,0.9999926
55000900200040,2021-01-31,1,0,0.9999862
55000900200040,2021-02-01,1,0,0.99998844
55000900200040,2021-02-02,1,0,0.99998844
55000900200040,2021-02-03,1,0,0.99998844
55000900200040,2021-02-04,1,0,0.99998844
55000900200040,2021-02-05,1,0,0.99998844
55000900200040,2021-02-06,1,0,0.99998844
55000900200040,2021-02-07,1,0,0.99998844
55000900200040,2021-02-08,1,0,0.99998844
55000900200040,2021-02-09,1,0,0.99998844
55000900200040,2021-02-10,1,0,0.99998844
55000900200040,2021-02-11,1,0,0.99998844
55000900200040,2021-02-12,1,0,0.99998844
55000900200040,2021-02-13,1,0,0.99998844
55000900200040,2021-02-14,1,0,0.99998844
55000900200040,2021-02-15,1,0,0.99998844
55000900200040,2021-02-16,1,0,0.99998844
55000900200040,2021-02-17,1,0,0.99998844
55000900200040,2021-02-18,1,0,0.99998844
55000900200040,2021-02-19,1,0,0.99998844
55000900200040,2021-02-20,1,0,0.99998844
55000900200040,2021-02-21,1,0,0.99998844
55000900200040,2021-02-22,1,0,0.99998844
55000900200040,2021-02-23,1,0,0.99998844
55000900200040,2021-02-24,1,0,0.99998844
55000900200040,2021-02-25,1,0,0.99998844
55000900200040,2021-02-26,1,0,0.99998844
55000900200040,2021-02-27,1,0,0.99998844
55000900200040,2021-02-28,1,0,0.99998844
55000900200040,2021-03-01,1,0,0.99998844
55000900200040,2021-03-02,1,0,0.99998844
55000900200040,2021-03-03,1,0,0.99998844
55000900200040,2021-03-04,1,0,0.99998844
55000900200040,2021-03-05,1,0,0.99998844
55000900200040,2021-03-06,1,0,0.99998844
55000900200040,2021-03-07,1,0,0.99998844
55000900200040,2021-03-08,1,0,0.99998844
55000900200040,2021-03-09,1,0,0.99998844
55000900200040,2021-03-10,1,0,0.99998844
55000900200040,2021-03-11,1,0,0.99998844
55000900200040,2021-03-12,1,0,0.99998844
55000900200040,2021-03-13,1,0,0.99998844
55000900200040,2021-03-15,1,0,0.99998844
55000900200040,2021-03-16,1,0,0.99998844
55000900200040,2021-03-17,1,0,0.99998844
55000900200040,2021-03-18,1,0,0.99998844
55000900200040,2021-03-19,1,0,0.99998844
55000900200040,2021-03-20,1,0,0.99998844
55000900200040,2021-03-21,1,0,0.99998844
55000900200040,2021-03-22,1,0,0.99998844
55000900200040,2021-03-23,1,0,0.99998844
55000900200040,2021-03-24,1,0,0.99998844
55000900200040,2021-03-25,1,0,0.99998844
55000900200040,2021-03-26,1,0,0.99998844
55000900200040,2021-03-27,1,0,0.99998844
55000900200040,2021-03-28,1,0,0.99998844
55000900200040,2021-03-29,1,0,0.99998844
55000900200040,2021-03-30,1,0,0.99998844
55000900200040,2021-03-31,1,0,0.99998844
55000900200040,2021-04-01,1,0,0.99998844
55000900200040,2021-04-02,1,0,0.99998844
55000900200040,2021-04-03,1,0,0.99998844
55000900200040,2021-04-04,1,0,0.99998844
55000900200040,2021-04-05,1,0,0.99998844
55000900200040,2021-04-06,1,0,0.99998844
55000900200040,2021-04-07,1,0,0.99998844
55000900200040,2021-04-08,1,0,0.99998844
55000900200040,2021-04-09,1,0,0.99998844
55000900200040,2021-04-10,1,0,0.99998844
55000900200040,2021-04-11,1,0,0.99998844
55000900200040,2021-04-12,1,0,0.99998844
55000900200040,2021-04-13,1,0,0.99998844
55000900200040,2021-04-14,1,0,0.99998844
55000900200040,2021-04-15,1,0,0.99998844
55000900200040,2021-04-16,1,0,0.99998844
55000900200040,2021-04-17,1,0,0.99998844
55000900200040,2021-04-18,1,0,0.99998844
55000900200040,2021-04-19,1,0,0.99998844
55000900200040,2021-04-20,1,0,0.99998844
55000900200040,2021-04-21,1,0,0.99998844
55000900200040,2021-04-22,1,0,0.99998844
55000900200040,2021-04-23,1,0,0.99998844
55000900200040,2021-04-24,1,0,0.99998844
55000900200040,2021-04-25,1,0,0.99998844
55000900200040,2021-04-26,1,0,0.99998844
55000900200040,2021-04-27,1,0,0.99998844
55000900200040,2021-04-28,1,0,0.99998844
55000900200040,2021-04-29,1,0,0.99998844
55000900200040,2021-04-30,1,0,0.99998844
55000900200040,2021-05-01,1,0,0.99998844
55000900200040,2021-05-02,1,0,0.99998844
55000900200040,2021-05-03,1,0,0.99998844
55000900200040,2021-05-04,1,0,0.99998844
55000900200040,2021-05-05,1,0,0.99998844
55000900200040,2021-05-06,1,0,0.99998844
55000900200040,2021-05-07,1,0,0.99998844
55000900200040,2021-05-08,1,0,0.99998844
55000900200040,2021-05-09,1,0,0.99998844
55000900200040,2021-05-10,1,0,0.99998844
55000900200040,2021-05-11,1,0,0.99998844
55000900200040,2021-05-12,1,0,0.99998844
55000900200040,2021-05-13,1,0,0.99998844
55000900200040,2021-05-14,1,0,0.99998844
55000900200040,2021-05-15,1,0,0.99998844
55000900200040,2021-05-16,1,0,0.99998844
55000900200040,2021-05-17,1,0,0.99998844
55000900200040,2021-05-18,1,0,0.99998844
55000900200040,2021-05-19,1,0,0.99998844
55000900200040,2021-05-20,1,0,0.99998844
55000900200040,2021-05-21,1,0,0.99998844
55000900200040,2021-05-22,1,0,0.99998844
55000900200040,2021-05-23,1,0,0.99998844
55000900200040,2021-05-24,1,0,0.99998844
55000900200040,2021-05-27,1,0,0.99998844
55000900200040,2021-05-28,1,0,0.99998844
55000900200040,2021-05-29,1,0,0.99998844
55000900200040,2021-05-30,1,0,0.99998844
55000900200040,2021-05-31,1,0,0.99998844
55000900200040,2021-06-01,1,0,0.99998844
55000900200040,2021-06-02,1,0,0.99998844
55000900200040,2021-06-03,1,0,0.99998844
55000900200040,2021-06-04,1,0,0.99998844
55000900200040,2021-06-05,1,0,0.99998844
55000900200040,2021-06-06,1,0,0.99998844
55000900200040,2021-06-07,1,0,0.99998844
55000900200040,2021-06-08,1,0,0.99998844
55000900200040,2021-06-09,1,0,0.99998844
55000900200040,2021-06-10,1,0,0.99998844
55000900200040,2021-06-11,1,0,0.99998844
55000900200040,2021-06-12,1,0,0.99998844
55000900200040,2021-06-13,1,0,0.99998844
55000900200040,2021-06-14,1,0,0.99998844
55000900200040,2021-06-15,1,0,0.99998844
55000900200040,2021-06-16,1,0,0.99998844
55000900200040,2021-06-17,1,0,0.99998844
55000900200040,2021-06-18,1,0,0.99998844
55000900200040,2021-06-19,1,0,0.99998844
55000900200040,2021-06-20,1,0,0.99998844
55000900200040,2021-06-21,1,0,0.99998844
55000900200040,2021-06-22,1,0,0.99998844
55000900200040,2021-06-23,1,0,0.99998844
55000900200040,2021-06-24,1,0,0.99998844
55000900200040,2021-06-25,1,0,0.99998844
55000900200040,2021-06-26,1,0,0.99998844
55000900200040,2021-06-27,1,0,0.99998844
55000900200040,2021-06-28,1,0,0.99998844
55000900200040,2021-06-29,1,0,0.99998844
55000900200040,2021-06-30,1,0,0.99998844
55000900200040,2021-07-01,1,0,0.99998844
55000900200040,2021-07-02,1,0,0.99998844
55000900200040,2021-07-03,1,0,0.99998844
55000900200040,2021-07-04,1,0,0.99998844
55000900200040,2021-07-05,1,0,0.99998844
55000900200040,2021-07-06,1,0,0.99998844
55000900200040,2021-07-07,1,0,0.99998844
55000900200040,2021-07-08,1,0,0.99998844
55000900200040,2021-07-09,1,0,0.99998844
55000900200040,2021-07-10,1,0,0.99998844
55000900200040,2021-07-11,1,0,0.99998844
55000900200040,2021-07-12,1,0,0.99998844
55000900200040,2021-07-13,1,0,0.99998844
55000900200040,2021-07-14,1,0,0.99998844
55000900200040,2021-07-15,1,0,0.99998844
55000900200040,2021-07-16,1,0,0.99998844
55000900200040,2021-07-17,1,0,0.99998844
55000900200040,2021-07-18,1,0,0.99998844
55000900200040,2021-07-19,1,0,0.99998844
55000900200040,2021-07-20,1,0,0.99998844
55000900200040,2021-07-21,1,0,0.99998844
55000900200040,2021-07-22,1,0,0.99998844
55000900200040,2021-07-23,1,0,0.99998844
55000900200040,2021-07-24,1,0,0.99998844
55000900200040,2021-07-25,1,0,0.99998844
55000900200040,2021-07-26,1,0,0.99998844
55000900200040,2021-07-27,1,0,0.99998844
55000900200040,2021-07-28,1,0,0.99998844
55000900200040,2021-07-29,1,0,0.99998844
55000900200040,2021-07-30,1,0,0.99998844
55000900200040,2021-07-31,1,0,0.99998844
55000900200040,2021-08-01,1,0,0.99998844
55000900200040,2021-08-02,1,0,0.99998844
55000900200040,2021-08-03,1,0,0.99998844
55000900200040,2021-08-04,1,0,0.99998844
55000900200040,2021-08-05,1,0,0.99998844
55000900200040,2021-08-06,1,0,0.99998844
55000900200040,2021-08-07,1,0,0.99998844
55000900200040,2021-08-08,1,0,0.99998844
55000900200040,2021-08-09,1,0,0.99998844
55000900200040,2021-08-10,1,0,0.99998844
55000900200040,2021-08-11,1,0,0.99998844
55000900200040,2021-08-12,1,0,0.99998844
55000900200040,2021-08-13,1,0,0.99998844
55000900200040,2021-08-14,1,0,0.99998844
55000900200040,2021-08-15,1,0,0.99998844
55000900200040,2021-08-16,1,0,0.99998844
55000900200040,2021-08-17,1,0,0.99998844
55000900200040,2021-08-18,1,0,0.99998844
55000900200040,2021-08-19,1,0,0.99998844
55000900200040,2021-08-20,1,0,0.99998844
55000900200040,2021-08-21,1,0,0.99998844
55000900200040,2021-08-22,1,0,0.99998844
55000900200040,2021-08-23,1,0,0.99998844
55000900200040,2021-08-24,1,0,0.99998844
55000900200040,2021-08-25,1,0,0.99998844
55000900200040,2021-08-26,1,0,0.99998844
55000900200040,2021-08-27,1,0,0.99998844
55000900200040,2021-08-28,1,0,0.99998844
55000900200040,2021-08-29,1,0,0.99998844
55000900200040,2021-08-30,1,0,0.99998844
55000900200040,2021-08-31,1,0,0.99998844
55000900200040,2021-09-01,1,0,0.99998844
55000900200040,2021-09-02,1,0,0.99998844
55000900200040,2021-09-03,1,0,0.99998844
55000900200040,2021-09-04,1,0,0.99998844
55000900200040,2021-09-05,1,0,0.99998844
55000900200040,2021-09-06,1,0,0.99998844
55000900200040,2021-09-07,1,0,0.99998844
55000900200040,2021-09-08,1,0,0.99998844
55000900200040,2021-09-09,1,0,0.99998844
55000900200040,2021-09-10,1,0,0.99998844
55000900200040,2021-09-11,1,0,0.99998844
55000900200040,2021-09-12,1,0,0.99998844
55000900200040,2021-09-13,1,0,0.99998844
55000900200040,2021-09-14,1,0,0.99998844
55000900200040,2021-09-15,1,0,0.99998844
55000900200040,2021-09-16,1,0,0.99998844
55000900200040,2021-09-17,1,0,0.99998844
55000900200040,2021-09-18,1,0,0.99998844
55000900200040,2021-09-19,1,0,0.99998844
55000900200040,2021-09-20,1,0,0.99998844
55000900200040,2021-09-21,1,0,0.99998844
55000900200040,2021-09-22,1,0,0.99998844
55000900200040,2021-09-23,1,0,0.99998844
55000900200040,2021-09-24,1,0,0.99998844
55000900200040,2021-09-25,1,0,0.99998844
55000900200040,2021-09-26,1,0,0.99998844
55000900200040,2021-09-27,1,0,0.99998844
55000900200040,2021-09-28,1,0,0.99998844
55000900200040,2021-09-29,1,0,0.99998844
55000900200040,2021-09-30,1,0,0.99998844
55000900200040,2021-10-01,1,0,0.99998844
55000900200040,2021-10-02,1,0,0.99998844
55000900200040,2021-10-03,1,0,0.99998844
55000900200040,2021-10-04,1,0,0.99998844
55000900200040,2021-10-05,1,0,0.99998844
55000900200040,2021-10-06,1,0,0.99998844
55000900200040,2021-10-07,1,0,0.99998844
55000900200040,2021-10-08,1,0,0.99998844
55000900200040,2021-10-09,1,0,0.99998844
55000900200040,2021-10-10,1,0,0.99998844
55000900200040,2021-10-11,1,0,0.99998844
55000900200040,2021-10-12,1,0,0.99998844
55000900200040,2021-10-13,1,0,0.99998844
55000900200040,2021-10-14,1,0,0.99998844
55000900200040,2021-10-15,1,0,0.99998844
55000900200040,2021-10-16,1,0,0.99998844
55000900200040,2021-10-17,1,0,0.99998844
55000900200040,2021-10-18,1,0,0.99998844
55000900200040,2021-10-19,1,0,0.99998844
55000900200040,2021-10-20,1,0,0.99998844
55000900200040,2021-10-21,1,0,0.99998844
55000900200040,2021-10-22,1,0,0.99998844
55000900200040,2021-10-23,1,0,0.99998844
55000900200040,2021-10-24,1,0,0.99998844
55000900200040,2021-10-25,1,0,0.99998844
55000900200040,2021-10-26,1,0,0.99998844
55000900200040,2021-10-27,1,0,0.99998844
55000900200040,2021-10-28,1,0,0.99998844
55000900200040,2021-10-29,1,0,0.99998844
55000900200040,2021-10-30,1,0,0.99998844
55000900200040,2021-10-31,1,0,0.99998844
55000900200040,2021-11-01,1,0,0.99998844
55000900200040,2021-11-02,1,0,0.99998844
55000900200040,2021-11-03,1,0,0.99998844
55000900200040,2021-11-04,1,0,0.99998844
55000900200040,2021-11-05,1,0,0.99998844
55000900200040,2021-11-06,1,0,0.99998844
55000900200040,2021-11-07,1,0,0.99998844
55000900200040,2021-11-08,1,0,0.99998844
55000900200040,2021-11-09,1,0,0.99998844
55000900200040,2021-11-10,1,0,0.99998844
55000900200040,2021-11-11,1,0,0.99998844
55000900200040,2021-11-12,1,0,0.99998844
55000900200040,2021-11-13,1,0,0.99998844
55000900200040,2021-11-14,1,0,0.99998844
55000900200040,2021-11-15,1,0,0.99998844
55000900200040,2021-11-16,1,0,0.99998844
55000900200040,2021-11-17,1,0,0.99998844
55000900200040,2021-11-18,1,0,0.99998844
55000900200040,2021-11-19,1,0,0.99998844
55000900200040,2021-11-20,1,0,0.99998844
55000900200040,2021-11-21,1,0,0.99998844
55000900200040,2021-11-22,1,0,0.99998844
55000900200040,2021-11-23,1,0,0.99998844
55000900200040,2021-11-24,1,0,0.99998844
55000900200040,2021-11-25,1,0,0.99998844
55000900200040,2021-11-26,1,0,0.99998844
55000900200040,2021-11-27,1,0,0.99998844
55000900200040,2021-11-28,1,0,0.99998844
55000900200040,2021-11-29,1,0,0.99998844
55000900200040,2021-11-30,1,0,0.99998844
55000900200040,2021-12-01,1,0,0.99998844
55000900200040,2021-12-02,1,0,0.99998844
55000900200040,2021-12-03,1,0,0.99998844
55000900200040,2021-12-04,1,0,0.99998844
55000900200040,2021-12-05,1,0,0.99998844
55000900200040,2021-12-06,1,0,0.99998844
55000900200040,2021-12-07,1,0,0.99998844
55000900200040,2021-12-08,1,0,0.99998844
55000900200040,2021-12-09,1,0,0.99998844
55000900200040,2021-12-10,1,0,0.99998844
55000900200040,2021-12-11,1,0,0.99998844
55000900200040,2021-12-12,1,0,0.99998844
55000900200040,2021-12-13,1,0,0.99998844
55000900200040,2021-12-14,1,0,0.99998844
55000900200040,2021-12-15,1,0,0.99998844
55000900200040,2021-12-16,1,0,0.99998844
55000900200040,2021-12-17,1,0,0.99998844
55000900200040,2021-12-18,1,0,0.99998844
55000900200040,2021-12-19,1,0,0.99998844
55000900200040,2021-12-20,1,0,0.99998844
55000900200040,2021-12-21,1,0,0.99998844
55000900200040,2021-12-22,1,0,0.99998844
55000900200040,2021-12-23,1,0,0.99998844
55000900200040,2021-12-24,1,0,0.99998844
55000900200040,2021-12-25,1,0,0.99998844
55000900200040,2021-12-26,1,0,0.99998844
55000900200040,2021-12-27,1,0,0.99998844
55000900200040,2021-12-28,1,0,0.99998844
55000900200040,2021-12-29,1,0,0.99998844
55000900200040,2021-12-30,1,0,0.99998844
55000900200040,2021-12-31,1,0,0.99998844
55000900200040,2022-01-01,1,0,0.99998844
55000900200040,2022-01-02,1,0,0.99998844
55000900200040,2022-01-03,1,0,0.99998844
55000900200040,2022-01-04,1,0,0.99998844
55000900200040,2022-01-05,1,0,0.99998844
55000900200040,2022-01-06,1,0,0.99998844
55000900200040,2022-01-07,1,0,0.99998844
55000900200040,2022-01-08,1,0,0.99998844
55000900200040,2022-01-09,1,0,0.99998844
55000900200040,2022-01-10,1,0,0.99998844
55000900200040,2022-01-11,1,0,0.99998844
55000900200040,2022-01-12,1,0,0.99998844
55000900200040,2022-01-13,1,0,0.99998844
55000900200040,2022-01-14,1,0,0.99998844
55000900200040,2022-01-15,1,0,0.99998844
55000900200040,2022-01-16,1,0,0.99998844
55000900200040,2022-01-17,1,0,0.99998844
55000900200040,2022-01-18,1,0,0.99998844
55000900200040,2022-01-19,1,0,0.99998844
55000900200040,2022-01-20,1,0,0.99998844
55000900200040,2022-01-21,1,0,0.99998844
55000900200040,2022-01-22,1,0,0.99998844
55000900200040,2022-01-23,1,0,0.99998844
55000900200040,2022-01-24,1,0,0.99998844
55000900200040,2022-01-25,1,0,0.99998844
55000900200040,2022-01-26,1,0,0.99998844
55000900200040,2022-01-27,1,0,0.99998844
55000900200040,2022-01-28,1,0,0.99998844
55000900200040,2022-01-29,1,0,0.99998844
55000900200040,2022-01-30,1,0,0.99998844
55000900200040,2022-01-31,1,0,0.99998844
55000900200040,2022-02-01,1,0,0.99998844
55000900200040,2022-02-02,1,0,0.99998844
55000900200040,2022-02-03,1,0,0.99998844
55000900200040,2022-02-04,1,0,0.99998844
55000900200040,2022-02-05,1,0,0.99998844
55000900200040,2022-02-06,1,0,0.99998844
55000900200040,2022-02-07,1,0,0.99998844
55000900200040,2022-02-08,1,0,0.99998844
55000900200040,2022-02-09,1,0,0.99998844
55000900200040,2022-02-10,1,0,0.99998844
55000900200040,2022-02-11,1,0,0.99998844
55000900200040,2022-02-12,1,0,0.99998844
55000900200040,2022-02-13,1,0,0.99998844
55000900200040,2022-02-14,1,0,0.99998844
55000900200040,2022-02-15,1,0,0.99998844
55000900200040,2022-02-16,1,0,0.99998844
55000900200040,2022-02-17,1,0,0.99998844
55000900200040,2022-02-18,1,0,0.99998844
55000900200040,2022-02-19,1,0,0.99998844
55000900200040,2022-02-20,1,0,0.99998844
55000900200040,2022-02-21,1,0,0.99998844
55000900200040,2022-02-22,1,0,0.99998844
55000900200040,2022-02-23,1,0,0.99998844
55000900200040,2022-02-24,1,0,0.99998844
55000900200040,2022-02-25,1,0,0.99998844
55000900200040,2022-02-26,1,0,0.99998844
55000900200040,2022-02-27,1,0,0.99998844
55000900200040,2022-02-28,1,0,0.99998844
55000900200040,2022-03-01,1,0,0.99998844
55000900200040,2022-03-02,1,0,0.99998844
55000900200040,2022-03-03,1,0,0.99998844
55000900200040,2022-03-04,1,0,0.99998844
55000900200040,2022-03-05,1,0,0.99998844
55000900200040,2022-03-06,1,0,0.99998844
55000900200040,2022-03-07,1,0,0.99998844
55000900200040,2022-03-08,1,0,0.99998844
55000900200040,2022-03-09,1,0,0.99998844
55000900200040,2022-03-10,1,0,0.99998844
55000900200040,2022-03-11,1,0,0.99998844
55000900200040,2022-03-12,1,0,0.99998844
55000900200040,2022-03-14,1,0,0.99998844
55000900200040,2022-03-15,1,0,0.99998844
55000900200040,2022-03-16,1,0,0.99998844
55000900200040,2022-03-17,1,0,0.99998844
55000900200040,2022-03-18,1,0,0.99998844
55000900200040,2022-03-19,1,0,0.99998844
55000900200040,2022-03-20,1,0,0.99998844
55000900200040,2022-03-21,1,0,0.99998844
55000900200040,2022-03-22,1,0,0.99998844
55000900200040,2022-03-23,1,0,0.99998844
55000900200040,2022-03-24,1,0,0.99998844
55000900200040,2022-03-25,1,0,0.99998844
55000900200040,2022-03-26,1,0,0.99998844
55000900200040,2022-03-27,1,0,0.99998844
55000900200040,2022-03-28,1,0,0.99998844
55000900200040,2022-03-29,1,0,0.99998844
55000900200040,2022-03-30,1,0,0.99998844
55000900200040,2022-03-31,1,0,0.99998844
55000900200040,2022-04-01,1,0,0.99998844
55000900200040,2022-04-02,1,0,0.99998844
55000900200040,2022-04-03,1,0,0.99998844
55000900200040,2022-04-04,1,0,0.99998844
55000900200040,2022-04-05,1,0,0.99998844
55000900200040,2022-04-06,1,0,0.99998844
55000900200040,2022-04-07,1,0,0.99998844
55000900200040,2022-04-08,1,0,0.99998844
55000900200040,2022-04-09,1,0,0.99998844
55000900200040,2022-04-10,1,0,0.99998844
55000900200040,2022-04-11,1,0,0.99998844
55000900200040,2022-04-12,1,0,0.99998844
55000900200040,2022-04-13,1,0,0.99998844
55000900200040,2022-04-14,1,0,0.99998844
55000900200040,2022-04-15,1,0,0.99998844
55000900200040,2022-04-16,1,0,0.99998844
55000900200040,2022-04-17,1,0,0.99998844
55000900200040,2022-04-18,1,0,0.99998844
55000900200040,2022-04-19,1,0,0.99998844
55000900200040,2022-04-20,1,0,0.99998844
55000900200040,2022-04-21,1,0,0.99998844
55000900200040,2022-04-22,1,0,0.99998844
55000900200040,2022-04-23,1,0,0.99998844
55000900200040,2022-04-24,1,0,0.99998844
55000900200040,2022-04-25,1,0,0.99998844
55000900200040,2022-04-26,1,0,0.99998844
55000900200040,2022-04-27,1,0,0.99998844
55000900200040,2022-04-28,1,0,0.99998844
55000900200040,2022-04-29,1,0,0.99998844
55000900200040,2022-04-30,1,0,0.99998844
55000900200040,2022-05-01,1,0,0.99998844
55000900200040,2022-05-02,1,0,0.99998844
55000900200040,2022-05-03,1,0,0.99998844
55000900200040,2022-05-04,1,0,0.99998844
55000900200040,2022-05-05,1,0,0.99998844
55000900200040,2022-05-06,1,0,0.99998844
55000900200040,2022-05-07,1,0,0.99998844
55000900200040,2022-05-08,1,0,0.99998844
55000900200040,2022-05-09,1,0,0.99998844
55000900200040,2022-05-10,1,0,0.99998844
55000900200040,2022-05-11,1,0,0.99998844
55000900200040,2022-05-12,1,0,0.99998844
55000900200040,2022-05-13,1,0,0.99998844
55000900200040,2022-05-14,1,0,0.99998844
55000900200040,2022-05-15,1,0,0.99998844
55000900200040,2022-05-16,1,0,0.99998844
55000900200040,2022-05-17,1,0,0.99998844
55000900200040,2022-05-18,1,0,0.99998844
55000900200040,2022-05-19,1,0,0.99998844
55000900200040,2022-05-20,1,0,0.99998844
55000900200040,2022-05-21,1,0,0.99998844
55000900200040,2022-05-22,1,0,0.99998844
55000900200040,2022-05-23,1,0,0.99998844
55000900200040,2022-05-24,1,0,0.99998844
55000900200040,2022-05-25,1,0,0.99998844
55000900200040,2022-05-26,1,0,0.99998844
55000900200040,2022-05-27,1,0,0.99998844
55000900200040,2022-05-28,1,0,0.99998844
55000900200040,2022-05-29,1,0,0.99998844
55000900200040,2022-05-30,1,0,0.99998844
55000900200040,2022-05-31,1,0,0.99998844
55000900200040,2022-06-01,1,0,0.99998844
55000900200040,2022-06-02,1,0,0.99998844
55000900200040,2022-06-03,1,0,0.99998844
55000900200040,2022-06-04,1,0,0.99998844
55000900200040,2022-06-05,1,0,0.99998844
55000900200040,2022-06-06,1,0,0.99998844
55000900200040,2022-06-07,1,0,0.99998844
55000900200040,2022-06-08,1,0,0.99998844
55000900200040,2022-06-09,1,0,0.99998844
55000900200040,2022-06-10,1,0,0.99998844
55000900200040,2022-06-11,1,0,0.99998844
55000900200040,2022-06-12,1,0,0.99998844
55000900200040,2022-06-13,1,0,0.99998844
55000900200040,2022-06-14,1,0,0.99998844
55000900200040,2022-06-15,1,0,0.99998844
55000900200040,2022-06-16,1,0,0.99998844
55000900200040,2022-06-17,1,0,0.99998844
55000900200040,2022-06-18,1,0,0.99998844
55000900200040,2022-06-19,1,0,0.99998844
55000900200040,2022-06-20,1,0,0.99998844
55000900200040,2022-06-21,1,0,0.99998844
55000900200040,2022-06-22,1,0,0.99998844
55000900200040,2022-06-23,1,0,0.99998844
55000900200040,2022-06-24,1,0,0.99998844
55000900200040,2022-06-25,1,0,0.99998844
55000900200040,2022-06-26,1,0,0.99998844
55000900200040,2022-06-27,1,0,0.99998844
55000900200040,2022-06-28,1,0,0.99998844
55000900200040,2022-06-29,1,0,0.99998844
55000900200040,2022-06-30,1,0,0.99998844
55000900200040,2022-07-01,1,0,0.99998844
55000900200040,2022-07-02,1,0,0.99998844
55000900200040,2022-07-03,1,0,0.99998844
55000900200040,2022-07-04,1,0,0.99998844
55000900200040,2022-07-05,1,0,0.99998844
55000900200040,2022-07-06,1,0,0.99998844
55000900200040,2022-07-07,1,0,0.99998844
55000900200040,2022-07-08,1,0,0.99998844
55000900200040,2022-07-09,1,0,0.99998844
55000900200040,2022-07-10,1,0,0.99998844
55000900200040,2022-07-11,1,0,0.99998844
55000900200040,2022-07-12,1,0,0.99998844
55000900200040,2022-07-13,1,0,0.99998844
55000900200040,2022-07-14,1,0,0.99998844
55000900200040,2022-07-15,1,0,0.99998844
55000900200040,2022-07-16,1,0,0.99998844
55000900200040,2022-07-17,1,0,0.99998844
55000900200040,2022-07-18,1,0,0.99998844
55000900200040,2022-07-19,1,0,0.99998844
55000900200040,2022-07-20,1,0,0.99998844
55000900200040,2022-07-21,1,0,0.99998844
55000900200040,2022-07-22,1,0,0.99998844
55000900200040,2022-07-23,1,0,0.99998844
55000900200040,2022-07-24,1,0,0.99998844
55000900200040,2022-07-25,1,0,0.99998844
55000900200040,2022-07-26,1,0,0.99998844
55000900200040,2022-07-27,1,0,0.99998844
55000900200040,2022-07-28,1,0,0.99998844
55000900200040,2022-07-29,1,0,0.99998844
55000900200040,2022-07-30,1,0,0.99998844
55000900200040,2022-07-31,1,0,0.99998844
55000900200040,2022-08-01,1,0,0.99998844
55000900200040,2022-08-02,1,0,0.99998844
55000900200040,2022-08-03,1,0,0.99998844
55000900200040,2022-08-04,1,0,0.99998844
55000900200040,2022-08-05,1,0,0.99998844
55000900200040,2022-08-06,1,0,0.99998844
55000900200040,2022-08-07,1,0,0.99998844
55000900200040,2022-08-08,1,0,0.99998844
55000900200040,2022-08-09,1,0,0.99998844
55000900200040,2022-08-10,1,0,0.99998844
55000900200040,2022-08-11,1,0,0.99998844
55000900200040,2022-08-12,1,0,0.99998844
55000900200040,2022-08-13,1,0,0.99998844
55000900200040,2022-08-14,1,0,0.99998844
55000900200040,2022-08-15,1,0,0.99998844
55000900200040,2022-08-16,1,0,0.99998844
55000900200040,2022-08-17,1,0,0.99998844
55000900200040,2022-08-18,1,0,0.99998844
55000900200040,2022-08-19,1,0,0.99998844
55000900200040,2022-08-20,1,0,0.99998844
55000900200040,2022-08-21,1,0,0.99998844
55000900200040,2022-08-22,1,0,0.99998844
55000900200040,2022-08-23,1,0,0.99998844
55000900200040,2022-08-24,1,0,0.99998844
55000900200040,2022-08-25,1,0,0.99998844
55000900200040,2022-08-26,1,0,0.99998844
55000900200040,2022-08-27,1,0,0.99998844
55000900200040,2022-08-28,1,0,0.99998844
55000900200040,2022-08-29,1,0,0.99998844
55000900200040,2022-08-30,1,0,0.99998844
55000900200040,2022-08-31,1,0,0.99998844
55000900200040,2022-09-01,1,0,0.99998844
55000900200040,2022-09-02,1,0,0.99998844
55000900200040,2022-09-03,1,0,0.99998844
55000900200040,2022-09-04,1,0,0.99998844
55000900200040,2022-09-05,1,0,0.99998844
55000900200040,2022-09-06,1,0,0.99998844
55000900200040,2022-09-07,1,0,0.99998844
55000900200040,2022-09-08,1,0,0.99998844
55000900200040,2022-09-09,1,0,0.99998844
55000900200040,2022-09-10,1,0,0.99998844
55000900200040,2022-09-11,1,0,0.99998844
55000900200040,2022-09-12,1,0,0.99998844
55000900200040,2022-09-13,1,0,0.99998844
55000900200040,2022-09-14,1,0,0.99998844
55000900200040,2022-09-15,1,0,0.99998844
55000900200040,2022-09-16,1,0,0.99998844
55000900200040,2022-09-17,1,0,0.99998844
55000900200040,2022-09-18,1,0,0.99998844
55000900200040,2022-09-19,1,0,0.99998844
55000900200040,2022-09-20,1,0,0.99998844
55000900200040,2022-09-21,1,0,0.99998844
55000900200040,2022-09-22,1,0,0.99998844
55000900200040,2022-09-23,1,0,0.99998844
55000900200040,2022-09-24,1,0,0.99998844
55000900200040,2022-09-25,1,0,0.99998844
55000900200040,2022-09-26,1,0,0.99998844
55000900200040,2022-09-27,1,0,0.99998844
55000900200040,2022-09-28,1,0,0.99998844
55000900200040,2022-09-29,1,0,0.99998844
55000900200040,2022-09-30,1,0,0.99998844
55000900200040,2022-10-01,1,0,0.99998844
55000900200040,2022-10-02,1,0,0.99998844
55000900200040,2022-10-03,1,0,0.99998844
55000900200040,2022-10-04,1,0,0.99998844
55000900200040,2022-10-05,1,0,0.99998844
55000900200040,2022-10-06,1,0,0.99998844
55000900200040,2022-10-07,1,0,0.99998844
55000900200040,2022-10-08,1,0,0.99998844
55000900200040,2022-10-09,1,0,0.99998844
55000900200040,2022-10-10,1,0,0.99998844
55000900200040,2022-10-11,1,0,0.99998844
55000900200040,2022-10-12,1,0,0.99998844
55000900200040,2022-10-13,1,0,0.99998844
55000900200040,2022-10-14,1,0,0.99998844
55000900200040,2022-10-15,1,0,0.99998844
55000900200040,2022-10-16,1,0,0.99998844
55000900200040,2022-10-17,1,0,0.99998844
55000900200040,2022-10-18,1,0,0.99998844
55000900200040,2022-10-19,1,0,0.99998844
55000900200040,2022-10-20,1,0,0.99998844
55000900200040,2022-10-21,1,0,0.99998844
55000900200040,2022-10-22,1,0,0.99998844
55000900200040,2022-10-23,1,0,0.99998844
55000900200040,2022-10-24,1,0,0.99998844
55000900200040,2022-10-25,1,0,0.99998844
55000900200040,2022-10-26,1,0,0.99998844
55000900200040,2022-10-27,1,0,0.99998844
55000900200040,2022-10-28,1,0,0.99998844
55000900200040,2022-10-29,1,0,0.99998844
55000900200040,2022-10-30,1,0,0.99998844
55000900200040,2022-10-31,1,0,0.99998844
55000900200040,2022-11-01,1,0,0.99998844
55000900200040,2022-11-02,1,0,0.99998844
55000900200040,2022-11-03,1,0,0.99998844
55000900200040,2022-11-04,1,0,0.99998844
55000900200040,2022-11-05,1,0,0.99998844
55000900200040,2022-11-06,1,0,0.99998844
55000900200040,2022-11-07,1,0,0.99998844
55000900200040,2022-11-08,1,0,0.99998844
55000900200040,2022-11-09,1,0,0.99998844
55000900200040,2022-11-10,1,0,0.99998844
55000900200040,2022-11-11,1,0,0.99998844
55000900200040,2022-11-12,1,0,0.99998844
55000900200040,2022-11-13,1,0,0.99998844
55000900200040,2022-11-14,1,0,0.99998844
55000900200040,2022-11-15,1,0,0.99998844
55000900200040,2022-11-16,1,0,0.99998844
55000900200040,2022-11-17,1,0,0.99998844
55000900200040,2022-11-18,1,0,0.99998844
55000900200040,2022-11-19,1,0,0.99998844
55000900200040,2022-11-20,1,0,0.99998844
55000900200040,2022-11-21,1,0,0.99998844
55000900200040,2022-11-22,1,0,0.99998844
55000900200040,2022-11-23,1,0,0.99998844
55000900200040,2022-11-24,1,0,0.99998844
55000900200040,2022-11-25,1,0,0.99998844
55000900200040,2022-11-26,1,0,0.99998844
55000900200040,2022-11-27,1,0,0.99998844
55000900200040,2022-11-28,1,0,0.99998844
55000900200040,2022-11-29,1,0,0.99998844
55000900200040,2022-11-30,1,0,0.99998844
55000900200040,2022-12-01,1,0,0.99998844
55000900200040,2022-12-02,1,0,0.99998844
55000900200040,2022-12-03,1,0,0.99998844
55000900200040,2022-12-04,1,0,0.99998844
55000900200040,2022-12-05,1,0,0.99998844
55000900200040,2022-12-06,1,0,0.99998844
55000900200040,2022-12-07,1,0,0.99998844
55000900200040,2022-12-08,1,0,0.99998844
55000900200040,2022-12-09,1,0,0.99998844
55000900200040,2022-12-10,1,0,0.99998844
55000900200040,2022-12-11,1,0,0.99998844
55000900200040,2022-12-12,1,0,0.99998844
55000900200040,2022-12-13,1,0,0.99998844
55000900200040,2022-12-14,1,0,0.99998844
55000900200040,2022-12-15,1,0,0.99998844
55000900200040,2022-12-16,1,0,0.99998844
55000900200040,2022-12-17,1,0,0.99998844
55000900200040,2022-12-18,1,0,0.99998844
55000900200040,2022-12-19,1,0,0.99998844
55000900200040,2022-12-20,1,0,0.99998844
55000900200040,2022-12-21,1,0,0.99998844
55000900200040,2022-12-22,1,0,0.99998844
55000900200040,2022-12-23,1,0,0.99998844
55000900200040,2022-12-24,1,0,0.99998844
55000900200040,2022-12-25,1,0,0.99998844
55000900200040,2022-12-26,1,0,0.99998844
55000900200040,2022-12-27,1,0,0.99998844
55000900200040,2022-12-28,1,0,0.99998844
55000900200040,2022-12-29,1,0,0.99998844
55000900200040,2022-12-30,1,0,0.99998844
55000900200040,2022-12-31,1,0,0.99998844
55000900200040,2023-01-01,1,0,0.99998844
55000900200040,2023-01-02,1,0,0.99998844
55000900200040,2023-01-03,1,0,0.99998844
55000900200040,2023-01-04,1,0,0.99998844
55000900200040,2023-01-05,1,0,0.99998844
55000900200040,2023-01-06,1,0,0.99998844
55000900200040,2023-01-07,1,0,0.99998844
55000900200040,2023-01-08,1,0,0.99998844
55000900200040,2023-01-09,1,0,0.99998844
55000900200040,2023-01-10,1,0,0.99998844
55000900200040,2023-01-11,1,0,0.99998844
55000900200040,2023-01-12,1,0,0.99998844
55000900200040,2023-01-13,1,0,0.99998844
55000900200040,2023-01-14,1,0,0.99998844
55000900200040,2023-01-15,1,0,0.99998844
55000900200040,2023-01-16,1,0,0.99998844
55000900200040,2023-01-17,1,0,0.99998844
55000900200040,2023-01-18,1,0,0.99998844
55000900200040,2023-01-19,1,0,0.99998844
55000900200040,2023-01-20,1,0,0.99998844
55000900200040,2023-01-21,1,0,0.99998844
55000900200040,2023-01-22,1,0,0.99998844
55000900200040,2023-01-23,1,0,0.99998844
55000900200040,2023-01-24,1,0,0.99998844
55000900200040,2023-01-25,1,0,0.99998844
55000900200040,2023-01-26,1,0,0.99998844
55000900200040,2023-01-27,1,0,0.99998844
55000900200040,2023-01-28,1,0,0.99998844
55000900200040,2023-01-29,1,0,0.99998844
55000900200040,2023-01-30,1,0,0.99998844
55000900200040,2023-01-31,1,0,0.99998844
55000900200040,2023-02-01,1,0,0.99998844
55000900200040,2023-02-02,1,0,0.99998844
55000900200040,2023-02-03,1,0,0.99998844
55000900200040,2023-02-04,1,0,0.99998844
55000900200040,2023-02-05,1,0,0.99998844
55000900200040,2023-02-06,1,0,0.99998844
55000900200040,2023-02-07,1,0,0.99998844
55000900200040,2023-02-08,1,0,0.99998844
55000900200040,2023-02-09,1,0,0.99998844
55000900200040,2023-02-10,1,0,0.99998844
55000900200040,2023-02-11,1,0,0.99998844
55000900200040,2023-02-12,1,0,0.99998844
55000900200040,2023-02-13,1,0,0.99998844
55000900200040,2023-02-14,1,0,0.99998844
55000900200040,2023-02-15,1,0,0.99998844
55000900200040,2023-02-16,1,0,0.99998844
55000900200040,2023-02-17,1,0,0.99998844
55000900200040,2023-02-18,1,0,0.99998844
55000900200040,2023-02-19,1,0,0.99998844
55000900200040,2023-02-20,1,0,0.99998844
55000900200040,2023-02-21,1,0,0.99998844
55000900200040,2023-02-22,1,0,0.99998844
55000900200040,2023-02-23,1,0,0.99998844
55000900200040,2023-02-24,1,0,0.99998844
55000900200040,2023-02-25,1,0,0.99998844
55000900200040,2023-02-26,1,0,0.99998844
55000900200040,2023-02-27,1,0,0.99998844
55000900200040,2023-02-28,1,0,0.99998844
55000900200040,2023-03-01,1,0,0.99998844
55000900200040,2023-03-02,1,0,0.99998844
55000900200040,2023-03-03,1,0,0.99998844
55000900200040,2023-03-04,1,0,0.99998844
55000900200040,2023-03-05,1,0,0.99998844
55000900200040,2023-03-06,1,0,0.99998844
55000900200040,2023-03-07,1,0,0.99998844
55000900200040,2023-03-08,1,0,0.99998844
55000900200040,2023-03-09,1,0,0.99998844
55000900200040,2023-03-10,1,0,0.99998844
55000900200040,2023-03-11,1,0,0.99998844
55000900200040,2023-03-13,1,0,0.99998844
55000900200040,2023-03-14,1,0,0.99998844
55000900200040,2023-03-15,1,0,0.99998844
55000900200040,2023-03-16,1,0,0.99998844
55000900200040,2023-03-17,1,0,0.99998844
55000900200040,2023-03-18,1,0,0.99998844
55000900200040,2023-03-19,1,0,0.99998844
55000900200040,2023-03-20,1,0,0.99998844
55000900200040,2023-03-21,1,0,0.99998844
55000900200040,2023-03-22,1,0,0.99998844
55000900200040,2023-03-23,1,0,0.99998844
55000900200040,2023-03-24,1,0,0.99998844
55000900200040,2023-03-25,1,0,0.99998844
55000900200040,2023-03-26,1,0,0.99998844
55000900200040,2023-03-27,1,0,0.99998844
55000900200040,2023-03-28,1,0,0.99998844
55000900200040,2023-03-29,1,0,0.99998844
55000900200040,2023-03-30,1,0,0.99998844
55000900200040,2023-03-31,1,0,0.99998844
55000900200040,2023-04-01,1,0,0.99998844
55000900200040,2023-04-02,1,0,0.99998844
55000900200040,2023-04-03,1,0,0.99998844
55000900200040,2023-04-04,1,0,0.99998844
55000900200040,2023-04-05,1,0,0.99998844
55000900200040,2023-04-06,1,0,0.99998844
55000900200040,2023-04-07,1,0,0.99998844
55000900200040,2023-04-08,1,0,0.99998844
55000900200040,2023-04-09,1,0,0.99998844
55000900200040,2023-04-10,1,0,0.99998844
55000900200040,2023-04-11,1,0,0.99998844
55000900200040,2023-04-12,1,0,0.99998844
55000900200040,2023-04-13,1,0,0.99998844
55000900200040,2023-04-14,1,0,0.99998844
55000900200040,2023-04-15,1,0,0.99998844
55000900200040,2023-04-16,1,0,0.99998844
55000900200040,2023-04-17,1,0,0.99998844
55000900200040,2023-04-18,1,0,0.99998844
55000900200040,2023-04-19,1,0,0.99998844
55000900200040,2023-04-20,1,0,0.99998844
55000900201800,2020-09-29,1,1,0.99972826
55000900201800,2020-09-30,1,1,0.999699
55000900201800,2020-10-01,1,1,0.9997273
55000900201800,2020-10-02,1,1,0.99981123
55000900201800,2020-10-03,1,1,0.99974316
55000900201800,2020-10-04,1,1,0.999801
55000900201800,2020-10-05,1,1,0.9996952
55000900201800,2020-10-06,1,1,0.9997124
55000900201800,2020-10-07,1,1,0.99972445
55000900201800,2020-10-08,1,1,0.99965453
55000900201800,2020-10-09,1,1,0.9997404
55000900201800,2020-10-11,1,1,0.99951816
55000900201800,2020-10-12,1,1,0.9995054
55000900201800,2020-10-13,1,1,0.9996387
55000900201800,2020-10-14,1,1,0.9999169
55000900201800,2020-10-15,1,1,0.9997279
55000900201800,2020-10-16,1,1,0.9999006
55000900201800,2020-10-17,1,1,0.99972695
55000900201800,2020-10-18,1,1,0.9995566
55000900201800,2020-10-19,1,1,0.9996798
55000900201800,2020-10-20,1,0,0.9997031
55000900201800,2020-10-21,1,0,0.99972063
55000900201811,2020-09-29,1,1,0.9998957
55000900201811,2020-09-30,1,1,0.99982256
55000900201811,2020-10-01,1,1,0.9996717
55000900201811,2020-10-02,1,1,0.99965656
55000900201811,2020-10-03,1,1,0.99969196
55000900201811,2020-10-04,1,1,0.9997117
55000900201811,2020-10-05,1,1,0.9997063
55000900201811,2020-10-06,1,1,0.99970067
55000900201811,2020-10-07,1,1,0.99954295
55000900201811,2020-10-08,1,1,0.999728
55000900201811,2020-10-09,1,1,0.9997402
55000900201811,2020-10-10,1,1,0.9996728
55000900201811,2020-10-11,1,1,0.99973553
55000900201811,2020-10-12,1,1,0.99964106
55000900201811,2020-10-13,1,1,0.9998796
55000900201811,2020-10-14,1,1,0.99996483
55000900201811,2020-10-15,1,1,0.99998343
55000900201811,2020-10-16,1,1,0.99996674
55000900201811,2020-10-17,1,1,0.9999815
55000900201811,2020-10-18,1,1,0.99998355
55000900201811,2020-10-19,1,1,0.9999769
55000900201811,2020-10-20,1,1,0.9999764
55000900201811,2020-10-21,1,1,0.99997663
55000900201811,2020-10-22,1,0,0.99998176
55000900201811,2020-10-23,1,0,0.99997926
55000900202948,2020-09-29,1,1,0.9999918
55000900202948,2020-09-30,1,1,0.9999943
55000900202948,2020-10-01,1,1,0.9999937
55000900202948,2020-10-02,1,1,0.99999225
55000900202948,2020-10-03,1,1,0.99999046
55000900202948,2020-10-04,1,1,0.9999895
55000900202948,2020-10-05,1,1,0.99999094
55000900202948,2020-10-06,1,1,0.99999154
55000900202948,2020-10-07,1,1,0.99999046
55000900202948,2020-10-08,1,1,0.9999913
55000900202948,2020-10-09,1,1,0.9999876
55000900202948,2020-10-10,1,1,0.99998915
55000900202948,2020-10-11,1,1,0.99998987
55000900202948,2020-10-12,1,1,0.9999913
55000900202948,2020-10-13,1,1,0.99999094
55000900202948,2020-10-14,1,1,0.9999914
55000900202948,2020-10-15,1,1,0.9999914
55000900202948,2020-10-16,1,1,0.9999925
55000900202948,2020-10-17,1,1,0.99999213
55000900202948,2020-10-18,1,1,0.9999951
55000900202948,2020-10-19,1,1,0.9999927
55000900202948,2020-10-20,1,1,0.99999285
55000900202948,2020-10-21,1,0,0.99999297
55000900202948,2020-10-22,1,0,0.99999344
55000900233930,2020-09-29,1,1,0.9939142
55000900233930,2020-09-30,1,1,0.9939142
55000900233930,2020-10-01,1,1,0.9939142
55000900233930,2020-10-02,1,1,0.9939142
55000900233930,2020-10-03,1,1,0.9939142
55000900233930,2020-10-04,1,1,0.9939142
55000900233930,2020-10-05,1,1,0.9939142
55000900233930,2020-10-06,1,1,0.9939142
55000900233930,2020-10-07,1,1,0.9939142
55000900233930,2020-10-08,1,1,0.9939142
55000900233930,2020-10-09,1,1,0.9939142
55000900233930,2020-10-10,1,1,0.9939142
55000900233930,2020-10-11,1,1,0.9939142
55000900233930,2020-10-12,1,1,0.9939142
55000900233930,2020-10-13,1,1,0.9939142
55000900233930,2020-10-14,1,1,0.9939142
55000900233930,2020-10-15,1,1,0.9939142
55000900233930,2020-10-16,1,1,0.9939142
55000900233930,2020-10-17,1,1,0.9939142
55000900233930,2020-10-18,1,1,0.9939142
55000900233930,2020-10-19,1,1,0.9939142
55000900233930,2020-10-20,1,1,0.9939142
55000900233930,2020-10-21,1,1,0.9939142
55000900233930,2020-10-22,1,1,0.9939142
55000900233930,2020-10-23,1,1,0.9939142
55000900233930,2020-10-24,1,1,0.9939142
55000900233930,2020-10-25,1,1,0.9939142
55000900233930,2020-10-26,1,0,0.9939142
55000900233930,2020-10-27,1,0,0.9939142
55000900234607,2020-09-29,1,0,0.99998844
55000900234607,2020-09-30,1,0,0.99999285
55000900234607,2020-10-01,1,0,0.99998796
55000900234607,2020-10-02,1,0,0.99997854
55000900234607,2020-10-03,1,0,0.99997747
55000900234607,2020-10-04,1,0,0.9999819
55000900234607,2020-10-05,1,0,0.9999752
55000900234607,2020-10-06,1,0,0.9999858
55000900234607,2020-10-07,1,0,0.99998116
55000900234607,2020-10-08,1,0,0.9999881
55000900234607,2020-10-09,1,0,0.9999728
55000900234607,2020-10-10,1,0,0.9999763
55000900234607,2020-10-11,1,0,0.99997914
55000900234607,2020-10-12,1,0,0.9999778
55000900234607,2020-10-13,1,0,0.9999902
55000900234607,2020-10-14,1,0,0.99998736
55000900234607,2020-10-15,1,0,0.9999846
55000900234607,2020-10-16,1,0,0.99998724
55000900234607,2020-10-17,1,0,0.9999865
55000900234607,2020-10-18,1,0,0.99998534
55000900234607,2020-10-19,1,0,0.99999094
55000900234607,2020-10-20,1,0,0.999987
55000900234607,2020-10-21,1,0,0.9999856
55000900234607,2020-10-22,1,0,0.99998605
55000900234607,2020-10-23,1,0,0.9999857
55000900234607,2020-10-24,1,0,0.9999865
55000900234607,2020-10-25,1,0,0.99999046
55000900234607,2020-10-26,1,0,0.99998856
55000900234607,2020-10-27,1,0,0.9999881
55000900234607,2020-10-28,1,0,0.9999914
55000900234607,2020-10-29,1,0,0.9999871
55000900234607,2020-10-30,1,0,0.99998784
55000900234607,2020-10-31,1,0,0.9999851
55000900234607,2020-11-01,1,0,0.9999858
55000900234607,2020-11-02,1,0,0.9999893
55000900234607,2020-11-03,1,0,0.9999906
55000900234607,2020-11-04,1,0,0.99998975
55000900234607,2020-11-05,1,0,0.9999882
55000900234607,2020-11-06,1,0,0.9999862
55000900234607,2020-11-07,1,0,0.99998975
55000900234607,2020-11-08,1,0,0.9999894
55000900234607,2020-11-09,1,0,0.999987
55000900234607,2020-11-10,1,0,0.99998784
55000900234607,2020-11-11,1,0,0.99998975
55000900234607,2020-11-12,1,0,0.99998796
55000900234607,2020-11-13,1,0,0.9999939
55000900234607,2020-11-14,1,0,0.99999094
55000900234607,2020-11-15,1,0,0.9999894
55000900234607,2020-11-16,1,0,0.9999939
55000900234607,2020-11-17,1,0,0.9999937
55000900234607,2020-11-18,1,0,0.9999931
55000900234607,2020-11-19,1,0,0.99999404
55000900234607,2020-11-20,1,0,0.9999932
55000900234607,2020-11-21,1,0,0.99999416
55000900234607,2020-11-22,1,0,0.99999416
55000900234607,2020-11-23,1,0,0.99999404
55000900234607,2020-11-24,1,0,0.9999863
55000900234607,2020-11-25,1,0,0.9999869
55000900234607,2020-11-26,1,0,0.99999416
55000900234607,2020-11-27,1,0,0.9999927
55000900234607,2020-11-28,1,0,0.99999416
55000900234607,2020-11-29,1,0,0.99999464
55000900234607,2020-11-30,1,0,0.99998474
55000900234607,2020-12-01,1,0,0.99998236
55000900234607,2020-12-02,1,0,0.9999838
55000900234607,2020-12-03,1,0,0.99999106
55000900234607,2020-12-04,1,0,0.9999944
55000900234607,2020-12-05,1,0,0.99998736
55000900234607,2020-12-06,1,0,0.99998367
55000900234607,2020-12-07,1,0,0.9999857
55000900234607,2020-12-08,1,0,0.9999845
55000900234607,2020-12-09,1,0,0.9999893
55000900234607,2020-12-10,1,0,0.9999883
55000900234607,2020-12-11,1,0,0.99998426
55000900234607,2020-12-12,1,0,0.9999825
55000900234607,2020-12-13,1,0,0.99998975
55000900234607,2020-12-14,1,0,0.99999404
55000900234607,2020-12-15,1,0,0.99999166
55000900234607,2020-12-16,1,0,0.9999938
55000900234607,2020-12-17,1,0,0.9999938
55000900234607,2020-12-18,1,0,0.9999938
55000900234607,2020-12-19,1,0,0.9999938
55000900234607,2020-12-20,1,0,0.9999937
55000900234607,2020-12-21,1,0,0.99999297
55000900234607,2020-12-22,1,0,0.9999938
55000900234607,2020-12-23,1,0,0.9999938
55000900234607,2020-12-24,1,0,0.9999939
55000900234607,2020-12-25,1,0,0.9999932
55000900234607,2020-12-26,1,0,0.9999918
55000900234607,2020-12-27,1,0,0.9999839
55000900234607,2020-12-28,1,0,0.9999876
55000900234607,2020-12-29,1,0,0.99999356
55000900234607,2020-12-30,1,0,0.9999912
55000900234607,2020-12-31,1,0,0.99998987
55000900234607,2021-01-01,1,0,0.99998355
55000900234607,2021-01-02,1,0,0.9999939
55000900234607,2021-01-03,1,0,0.99999404
55000900234607,2021-01-04,1,0,0.9999938
55000900234607,2021-01-05,1,0,0.9999938
55000900234607,2021-01-06,1,0,0.9999938
55000900234607,2021-01-07,1,0,0.9999938
55000900234607,2021-01-08,1,0,0.9999938
55000900234607,2021-01-09,1,0,0.9999938
55000900234607,2021-01-10,1,0,0.9999938
55000900234607,2021-01-11,1,0,0.9999938
55000900234607,2021-01-12,1,0,0.9999937
55000900234607,2021-01-13,1,0,0.9999938
55000900234607,2021-01-14,1,0,0.99999356
55000900234607,2021-01-15,1,0,0.9999938
55000900234607,2021-01-16,1,0,0.9999937
55000900234607,2021-01-17,1,0,0.9999932
55000900234607,2021-01-18,1,0,0.9999937
55000900234607,2021-01-19,1,0,0.9999938
55000900234607,2021-01-20,1,0,0.99999356
55000900234607,2021-01-21,1,0,0.9999931
55000900234607,2021-01-22,1,0,0.9999914
55000900234607,2021-01-23,1,0,0.9999938
55000900234607,2021-01-24,1,0,0.9999938
55000900234607,2021-01-25,1,0,0.9999938
55000900234607,2021-01-26,1,0,0.99999297
55000900234607,2021-01-27,1,0,0.9999926
55000900234607,2021-01-28,1,0,0.99999356
55000900234607,2021-01-29,1,0,0.9999938
55000900234607,2021-01-30,1,0,0.99999285
55000900234607,2021-01-31,1,0,0.9999858
55000900234607,2021-02-01,1,0,0.999987
55000900234607,2021-02-02,1,0,0.999987
55000900234607,2021-02-03,1,0,0.999987
55000900234607,2021-02-04,1,0,0.999987
55000900234607,2021-02-05,1,0,0.999987
55000900234607,2021-02-06,1,0,0.999987
55000900234607,2021-02-07,1,0,0.999987
55000900234607,2021-02-08,1,0,0.999987
55000900234607,2021-02-09,1,0,0.999987
55000900234607,2021-02-10,1,0,0.999987
55000900234607,2021-02-11,1,0,0.999987
55000900234607,2021-02-12,1,0,0.999987
55000900234607,2021-02-13,1,0,0.999987
55000900234607,2021-02-14,1,0,0.999987
55000900234607,2021-02-15,1,0,0.999987
55000900234607,2021-02-16,1,0,0.999987
55000900234607,2021-02-17,1,0,0.999987
55000900234607,2021-02-18,1,0,0.999987
55000900234607,2021-02-19,1,0,0.999987
55000900234607,2021-02-20,1,0,0.999987
55000900234607,2021-02-21,1,0,0.999987
55000900234607,2021-02-22,1,0,0.999987
55000900234607,2021-02-23,1,0,0.999987
55000900234607,2021-02-24,1,0,0.999987
55000900234607,2021-02-25,1,0,0.999987
55000900234607,2021-02-26,1,0,0.999987
55000900234607,2021-02-27,1,0,0.999987
55000900234607,2021-02-28,1,0,0.999987
55000900234607,2021-03-01,1,0,0.999987
55000900234607,2021-03-02,1,0,0.999987
55000900234607,2021-03-03,1,0,0.999987
55000900234607,2021-03-04,1,0,0.999987
55000900234607,2021-03-05,1,0,0.999987
55000900234607,2021-03-06,1,0,0.999987
55000900234607,2021-03-07,1,0,0.999987
55000900234607,2021-03-08,1,0,0.999987
55000900234607,2021-03-09,1,0,0.999987
55000900234607,2021-03-10,1,0,0.999987
55000900234607,2021-03-11,1,0,0.999987
55000900234607,2021-03-12,1,0,0.999987
55000900234607,2021-03-13,1,0,0.999987
55000900234607,2021-03-15,1,0,0.999987
55000900234607,2021-03-16,1,0,0.999987
55000900234607,2021-03-17,1,0,0.999987
55000900234607,2021-03-18,1,0,0.999987
55000900234607,2021-03-19,1,0,0.999987
55000900234607,2021-03-20,1,0,0.999987
55000900234607,2021-03-21,1,0,0.999987
55000900234607,2021-03-22,1,0,0.999987
55000900234607,2021-03-23,1,0,0.999987
55000900234607,2021-03-24,1,0,0.999987
55000900234607,2021-03-25,1,0,0.999987
55000900234607,2021-03-26,1,0,0.999987
55000900234607,2021-03-27,1,0,0.999987
55000900234607,2021-03-28,1,0,0.999987
55000900234607,2021-03-29,1,0,0.999987
55000900234607,2021-03-30,1,0,0.999987
55000900234607,2021-03-31,1,0,0.999987
55000900234607,2021-04-01,1,0,0.999987
55000900234607,2021-04-02,1,0,0.999987
55000900234607,2021-04-03,1,0,0.999987
55000900234607,2021-04-04,1,0,0.999987
55000900234607,2021-04-05,1,0,0.999987
55000900234607,2021-04-06,1,0,0.999987
55000900234607,2021-04-07,1,0,0.999987
55000900234607,2021-04-08,1,0,0.999987
55000900234607,2021-04-09,1,0,0.999987
55000900234607,2021-04-10,1,0,0.999987
55000900234607,2021-04-11,1,0,0.999987
55000900234607,2021-04-12,1,0,0.999987
55000900234607,2021-04-13,1,0,0.999987
55000900234607,2021-04-14,1,0,0.999987
55000900234607,2021-04-15,1,0,0.999987
55000900234607,2021-04-16,1,0,0.999987
55000900234607,2021-04-17,1,0,0.999987
55000900234607,2021-04-18,1,0,0.999987
55000900234607,2021-04-19,1,0,0.999987
55000900234607,2021-04-20,1,0,0.999987
55000900234607,2021-04-21,1,0,0.999987
55000900234607,2021-04-22,1,0,0.999987
55000900234607,2021-04-23,1,0,0.999987
55000900234607,2021-04-24,1,0,0.999987
55000900234607,2021-04-25,1,0,0.999987
55000900234607,2021-04-26,1,0,0.999987
55000900234607,2021-04-27,1,0,0.999987
55000900234607,2021-04-28,1,0,0.999987
55000900234607,2021-04-29,1,0,0.999987
55000900234607,2021-04-30,1,0,0.999987
55000900234607,2021-05-01,1,0,0.999987
55000900234607,2021-05-02,1,0,0.999987
55000900234607,2021-05-03,1,0,0.999987
55000900234607,2021-05-04,1,0,0.999987
55000900234607,2021-05-05,1,0,0.999987
55000900234607,2021-05-06,1,0,0.999987
55000900234607,2021-05-07,1,0,0.999987
55000900234607,2021-05-08,1,0,0.999987
55000900234607,2021-05-09,1,0,0.999987
55000900234607,2021-05-10,1,0,0.999987
55000900234607,2021-05-11,1,0,0.999987
55000900234607,2021-05-12,1,0,0.999987
55000900234607,2021-05-13,1,0,0.999987
55000900234607,2021-05-14,1,0,0.999987
55000900234607,2021-05-15,1,0,0.999987
55000900234607,2021-05-16,1,0,0.999987
55000900234607,2021-05-17,1,0,0.999987
55000900234607,2021-05-18,1,0,0.999987
55000900234607,2021-05-19,1,0,0.999987
55000900234607,2021-05-20,1,0,0.999987
55000900234607,2021-05-21,1,0,0.999987
55000900234607,2021-05-22,1,0,0.999987
55000900234607,2021-05-23,1,0,0.999987
55000900234607,2021-05-24,1,0,0.999987
55000900234607,2021-05-25,1,0,0.999987
55000900234607,2021-05-26,1,0,0.999987
55000900234607,2021-05-27,1,0,0.999987
55000900234607,2021-05-28,1,0,0.999987
55000900234607,2021-05-29,1,0,0.999987
55000900234607,2021-05-30,1,0,0.999987
55000900234607,2021-05-31,1,0,0.999987
55000900234607,2021-06-01,1,0,0.999987
55000900234607,2021-06-02,1,0,0.999987
55000900234607,2021-06-03,1,0,0.999987
55000900234607,2021-06-04,1,0,0.999987
55000900234607,2021-06-05,1,0,0.999987
55000900234607,2021-06-06,1,0,0.999987
55000900234607,2021-06-07,1,0,0.999987
55000900234607,2021-06-08,1,0,0.999987
55000900234607,2021-06-09,1,0,0.999987
55000900234607,2021-06-10,1,0,0.999987
55000900234607,2021-06-11,1,0,0.999987
55000900234607,2021-06-12,1,0,0.999987
55000900234607,2021-06-13,1,0,0.999987
55000900234607,2021-06-14,1,0,0.999987
55000900234607,2021-06-15,1,0,0.999987
55000900234607,2021-06-16,1,0,0.999987
55000900234607,2021-06-17,1,0,0.999987
55000900234607,2021-06-18,1,0,0.999987
55000900234607,2021-06-19,1,0,0.999987
55000900234607,2021-06-20,1,0,0.999987
55000900234607,2021-06-22,1,0,0.999987
55000900234607,2021-06-23,1,0,0.999987
55000900234607,2021-06-24,1,0,0.999987
55000900234607,2021-06-25,1,0,0.999987
55000900234607,2021-06-26,1,0,0.999987
55000900234607,2021-06-27,1,0,0.999987
55000900234607,2021-06-28,1,0,0.999987
55000900234607,2021-06-29,1,0,0.999987
55000900234607,2021-06-30,1,0,0.999987
55000900234607,2021-07-01,1,0,0.999987
55000900234607,2021-07-02,1,0,0.999987
55000900234607,2021-07-03,1,0,0.999987
55000900234607,2021-07-04,1,0,0.999987
55000900234607,2021-07-05,1,0,0.999987
55000900234607,2021-07-06,1,0,0.999987
55000900234607,2021-07-07,1,0,0.999987
55000900234607,2021-07-08,1,0,0.999987
55000900234607,2021-07-09,1,0,0.999987
55000900234607,2021-07-10,1,0,0.999987
55000900234607,2021-07-11,1,0,0.999987
55000900234607,2021-07-12,1,0,0.999987
55000900234607,2021-07-13,1,0,0.999987
55000900234607,2021-07-14,1,0,0.999987
55000900234607,2021-07-15,1,0,0.999987
55000900234607,2021-07-16,1,0,0.999987
55000900234607,2021-07-17,1,0,0.999987
55000900234607,2021-07-18,1,0,0.999987
55000900234607,2021-07-19,1,0,0.999987
55000900234607,2021-07-27,1,0,0.999987
55000900234607,2021-07-28,1,0,0.999987
55000900234607,2021-07-29,1,0,0.999987
55000900234607,2021-07-30,1,0,0.999987
55000900234607,2021-07-31,1,0,0.999987
55000900234607,2021-08-01,1,0,0.999987
55000900234607,2021-08-02,1,0,0.999987
55000900234607,2021-08-03,1,0,0.999987
55000900234607,2021-08-04,1,0,0.999987
55000900234607,2021-08-05,1,0,0.999987
55000900234607,2021-08-06,1,0,0.999987
55000900234607,2021-08-07,1,0,0.999987
55000900234607,2021-08-08,1,0,0.999987
55000900234607,2021-08-09,1,0,0.999987
55000900234607,2021-08-10,1,0,0.999987
55000900234607,2021-08-11,1,0,0.999987
55000900234607,2021-08-12,1,0,0.999987
55000900234607,2021-08-13,1,0,0.999987
55000900234607,2021-08-14,1,0,0.999987
55000900234607,2021-08-15,1,0,0.999987
55000900234607,2021-08-16,1,0,0.999987
55000900234607,2021-08-17,1,0,0.999987
55000900234607,2021-08-18,1,0,0.999987
55000900234607,2021-08-19,1,0,0.999987
55000900234607,2021-08-20,1,0,0.999987
55000900234607,2021-08-21,1,0,0.999987
55000900234607,2021-08-22,1,0,0.999987
55000900234607,2021-08-23,1,0,0.999987
55000900234607,2021-08-24,1,0,0.999987
55000900234607,2021-08-25,1,0,0.999987
55000900234607,2021-08-26,1,0,0.999987
55000900234607,2021-08-27,1,0,0.999987
55000900234607,2021-08-28,1,0,0.999987
55000900234607,2021-08-29,1,0,0.999987
55000900234607,2021-08-30,1,0,0.999987
55000900234607,2021-08-31,1,0,0.999987
55000900234607,2021-09-01,1,0,0.999987
55000900234607,2021-09-02,1,0,0.999987
55000900234607,2021-09-03,1,0,0.999987
55000900234607,2021-09-04,1,0,0.999987
55000900234607,2021-09-05,1,0,0.999987
55000900234607,2021-09-06,1,0,0.999987
55000900234607,2021-09-07,1,0,0.999987
55000900234607,2021-09-08,1,0,0.999987
55000900234607,2021-09-09,1,0,0.999987
55000900234607,2021-09-10,1,0,0.999987
55000900234607,2021-09-11,1,0,0.999987
55000900234607,2021-09-12,1,0,0.999987
55000900234607,2021-09-13,1,0,0.999987
55000900234607,2021-09-14,1,0,0.999987
55000900234607,2021-09-15,1,0,0.999987
55000900234607,2021-09-16,1,0,0.999987
55000900234607,2021-09-17,1,0,0.999987
55000900234607,2021-09-18,1,0,0.999987
55000900234607,2021-09-19,1,0,0.999987
55000900234607,2021-09-20,1,0,0.999987
55000900234607,2021-09-21,1,0,0.999987
55000900234607,2021-09-22,1,0,0.999987
55000900234607,2021-09-23,1,0,0.999987
55000900234607,2021-09-24,1,0,0.999987
55000900234607,2021-09-25,1,0,0.999987
55000900234607,2021-09-26,1,0,0.999987
55000900234607,2021-09-27,1,0,0.999987
55000900234607,2021-09-28,1,0,0.999987
55000900234607,2021-09-29,1,0,0.999987
55000900234607,2021-09-30,1,0,0.999987
55000900234607,2021-10-01,1,0,0.999987
55000900234607,2021-10-02,1,0,0.999987
55000900234607,2021-10-03,1,0,0.999987
55000900234607,2021-10-04,1,0,0.999987
55000900234607,2021-10-05,1,0,0.999987
55000900234607,2021-10-06,1,0,0.999987
55000900234607,2021-10-07,1,0,0.999987
55000900234607,2021-10-08,1,0,0.999987
55000900234607,2021-10-09,1,0,0.999987
55000900234607,2021-10-10,1,0,0.999987
55000900234607,2021-10-11,1,0,0.999987
55000900234607,2021-10-12,1,0,0.999987
55000900234607,2021-10-13,1,0,0.999987
55000900234607,2021-10-14,1,0,0.999987
55000900234607,2021-10-15,1,0,0.999987
55000900234607,2021-10-16,1,0,0.999987
55000900234607,2021-10-17,1,0,0.999987
55000900234607,2021-10-18,1,0,0.999987
55000900234607,2021-10-19,1,0,0.999987
55000900234607,2021-10-20,1,0,0.999987
55000900234607,2021-10-21,1,0,0.999987
55000900234607,2021-10-22,1,0,0.999987
55000900234607,2021-10-23,1,0,0.999987
55000900234607,2021-10-24,1,0,0.999987
55000900234607,2021-10-25,1,0,0.999987
55000900234607,2021-10-26,1,0,0.999987
55000900234607,2021-10-27,1,0,0.999987
55000900234607,2021-10-28,1,0,0.999987
55000900234607,2021-10-29,1,0,0.999987
55000900234607,2021-10-30,1,0,0.999987
55000900234607,2021-10-31,1,0,0.999987
55000900234607,2021-11-01,1,0,0.999987
55000900234607,2021-11-02,1,0,0.999987
55000900234607,2021-11-03,1,0,0.999987
55000900234607,2021-11-04,1,0,0.999987
55000900234607,2021-11-05,1,0,0.999987
55000900234607,2021-11-06,1,0,0.999987
55000900234607,2021-11-07,1,0,0.999987
55000900234607,2021-11-08,1,0,0.999987
55000900234607,2021-11-09,1,0,0.999987
55000900234607,2021-11-10,1,0,0.999987
55000900234607,2021-11-11,1,0,0.999987
55000900234607,2021-11-12,1,0,0.999987
55000900234607,2021-11-13,1,0,0.999987
55000900234607,2021-11-14,1,0,0.999987
55000900234607,2021-11-15,1,0,0.999987
55000900234607,2021-11-16,1,0,0.999987
55000900234607,2021-11-17,1,0,0.999987
55000900234607,2021-11-18,1,0,0.999987
55000900234607,2021-11-19,1,0,0.999987
55000900234607,2021-11-20,1,0,0.999987
55000900234607,2021-11-21,1,0,0.999987
55000900234607,2021-11-22,1,0,0.999987
55000900234607,2021-11-23,1,0,0.999987
55000900234607,2021-11-24,1,0,0.999987
55000900234607,2021-11-25,1,0,0.999987
55000900234607,2021-11-26,1,0,0.999987
55000900234607,2021-11-27,1,0,0.999987
55000900234607,2021-11-28,1,0,0.999987
55000900234607,2021-11-29,1,0,0.999987
55000900234607,2021-11-30,1,0,0.999987
55000900234607,2021-12-01,1,0,0.999987
55000900234607,2021-12-02,1,0,0.999987
55000900234607,2021-12-03,1,0,0.999987
55000900234607,2021-12-04,1,0,0.999987
55000900234607,2021-12-05,1,0,0.999987
55000900234607,2021-12-06,1,0,0.999987
55000900234607,2021-12-07,1,0,0.999987
55000900234607,2021-12-08,1,0,0.999987
55000900234607,2021-12-09,1,0,0.999987
55000900234607,2021-12-10,1,0,0.999987
55000900234607,2021-12-11,1,0,0.999987
55000900234607,2021-12-12,1,0,0.999987
55000900234607,2021-12-13,1,0,0.999987
55000900234607,2021-12-14,1,0,0.999987
55000900234607,2021-12-15,1,0,0.999987
55000900234607,2021-12-16,1,0,0.999987
55000900234607,2021-12-17,1,0,0.999987
55000900234607,2021-12-18,1,0,0.999987
55000900234607,2021-12-19,1,0,0.999987
55000900234607,2021-12-20,1,0,0.999987
55000900234607,2021-12-21,1,0,0.999987
55000900234607,2021-12-22,1,0,0.999987
55000900234607,2021-12-23,1,0,0.999987
55000900234607,2021-12-24,1,0,0.999987
55000900234607,2021-12-25,1,0,0.999987
55000900234607,2021-12-26,1,0,0.999987
55000900234607,2021-12-27,1,0,0.999987
55000900234607,2021-12-28,1,0,0.999987
55000900234607,2021-12-29,1,0,0.999987
55000900234607,2021-12-30,1,0,0.999987
55000900234607,2021-12-31,1,0,0.999987
55000900234607,2022-01-01,1,0,0.999987
55000900234607,2022-01-02,1,0,0.999987
55000900234607,2022-01-03,1,0,0.999987
55000900234607,2022-01-04,1,0,0.999987
55000900234607,2022-01-05,1,0,0.999987
55000900234607,2022-01-06,1,0,0.999987
55000900234607,2022-01-07,1,0,0.999987
55000900234607,2022-01-08,1,0,0.999987
55000900234607,2022-01-09,1,0,0.999987
55000900234607,2022-01-10,1,0,0.999987
55000900234607,2022-01-11,1,0,0.999987
55000900234607,2022-01-12,1,0,0.999987
55000900234607,2022-01-13,1,0,0.999987
55000900234607,2022-01-14,1,0,0.999987
55000900234607,2022-01-15,1,0,0.999987
55000900234607,2022-01-16,1,0,0.999987
55000900234607,2022-01-17,1,0,0.999987
55000900234607,2022-01-18,1,0,0.999987
55000900234607,2022-01-19,1,0,0.999987
55000900234607,2022-01-20,1,0,0.999987
55000900234607,2022-01-21,1,0,0.999987
55000900234607,2022-01-22,1,0,0.999987
55000900234607,2022-01-23,1,0,0.999987
55000900234607,2022-01-24,1,0,0.999987
55000900234607,2022-01-25,1,0,0.999987
55000900234607,2022-01-26,1,0,0.999987
55000900234607,2022-01-27,1,0,0.999987
55000900234607,2022-01-28,1,0,0.999987
55000900234607,2022-01-29,1,0,0.999987
55000900234607,2022-01-30,1,0,0.999987
55000900234607,2022-01-31,1,0,0.999987
55000900234607,2022-02-01,1,0,0.999987
55000900234607,2022-02-02,1,0,0.999987
55000900234607,2022-02-03,1,0,0.999987
55000900234607,2022-02-04,1,0,0.999987
55000900234607,2022-02-05,1,0,0.999987
55000900234607,2022-02-06,1,0,0.999987
55000900234607,2022-02-07,1,0,0.999987
55000900234607,2022-02-08,1,0,0.999987
55000900234607,2022-02-09,1,0,0.999987
55000900234607,2022-02-10,1,0,0.999987
55000900234607,2022-02-11,1,0,0.999987
55000900234607,2022-02-12,1,0,0.999987
55000900234607,2022-02-13,1,0,0.999987
55000900234607,2022-02-14,1,0,0.999987
55000900234607,2022-02-15,1,0,0.999987
55000900234607,2022-02-16,1,0,0.999987
55000900234607,2022-02-17,1,0,0.999987
55000900234607,2022-02-18,1,0,0.999987
55000900234607,2022-02-19,1,0,0.999987
55000900234607,2022-02-20,1,0,0.999987
55000900234607,2022-02-21,1,0,0.999987
55000900234607,2022-02-22,1,0,0.999987
55000900234607,2022-02-23,1,0,0.999987
55000900234607,2022-02-24,1,0,0.999987
55000900234607,2022-02-25,1,0,0.999987
55000900234607,2022-02-26,1,0,0.999987
55000900234607,2022-02-27,1,0,0.999987
55000900234607,2022-02-28,1,0,0.999987
55000900234607,2022-03-01,1,0,0.999987
55000900234607,2022-03-02,1,0,0.999987
55000900234607,2022-03-03,1,0,0.999987
55000900234607,2022-03-04,1,0,0.999987
55000900234607,2022-03-05,1,0,0.999987
55000900234607,2022-03-06,1,0,0.999987
55000900234607,2022-03-07,1,0,0.999987
55000900234607,2022-03-08,1,0,0.999987
55000900234607,2022-03-09,1,0,0.999987
55000900234607,2022-03-10,1,0,0.999987
55000900234607,2022-03-11,1,0,0.999987
55000900234607,2022-03-12,1,0,0.999987
55000900234607,2022-03-14,1,0,0.999987
55000900234607,2022-03-15,1,0,0.999987
55000900234607,2022-03-16,1,0,0.999987
55000900234607,2022-03-17,1,0,0.999987
55000900234607,2022-03-18,1,0,0.999987
55000900234607,2022-03-19,1,0,0.999987
55000900234607,2022-03-20,1,0,0.999987
55000900234607,2022-03-21,1,0,0.999987
55000900234607,2022-03-22,1,0,0.999987
55000900234607,2022-03-23,1,0,0.999987
55000900234607,2022-03-24,1,0,0.999987
55000900234607,2022-03-25,1,0,0.999987
55000900234607,2022-03-26,1,0,0.999987
55000900234607,2022-03-27,1,0,0.999987
55000900234607,2022-03-28,1,0,0.999987
55000900234607,2022-03-29,1,0,0.999987
55000900234607,2022-03-30,1,0,0.999987
55000900234607,2022-03-31,1,0,0.999987
55000900234607,2022-04-01,1,0,0.999987
55000900234607,2022-04-02,1,0,0.999987
55000900234607,2022-04-03,1,0,0.999987
55000900234607,2022-04-04,1,0,0.999987
55000900234607,2022-04-05,1,0,0.999987
55000900234607,2022-04-06,1,0,0.999987
55000900234607,2022-04-07,1,0,0.999987
55000900234607,2022-04-08,1,0,0.999987
55000900234607,2022-04-09,1,0,0.999987
55000900234607,2022-04-10,1,0,0.999987
55000900234607,2022-04-11,1,0,0.999987
55000900234607,2022-04-12,1,0,0.999987
55000900234607,2022-04-13,1,0,0.999987
55000900234607,2022-04-14,1,0,0.999987
55000900234607,2022-04-15,1,0,0.999987
55000900234607,2022-04-16,1,0,0.999987
55000900234607,2022-04-17,1,0,0.999987
55000900234607,2022-04-18,1,0,0.999987
55000900234607,2022-04-19,1,0,0.999987
55000900234607,2022-04-20,1,0,0.999987
55000900234607,2022-04-21,1,0,0.999987
55000900234607,2022-04-22,1,0,0.999987
55000900234607,2022-04-23,1,0,0.999987
55000900234607,2022-04-24,1,0,0.999987
55000900234607,2022-04-25,1,0,0.999987
55000900234607,2022-04-26,1,0,0.999987
55000900234607,2022-04-27,1,0,0.999987
55000900234607,2022-04-28,1,0,0.999987
55000900234607,2022-04-29,1,0,0.999987
55000900234607,2022-04-30,1,0,0.999987
55000900234607,2022-05-01,1,0,0.999987
55000900234607,2022-05-02,1,0,0.999987
55000900234607,2022-05-03,1,0,0.999987
55000900234607,2022-05-04,1,0,0.999987
55000900234607,2022-05-05,1,0,0.999987
55000900234607,2022-05-06,1,0,0.999987
55000900234607,2022-05-07,1,0,0.999987
55000900234607,2022-05-08,1,0,0.999987
55000900234607,2022-05-09,1,0,0.999987
55000900234607,2022-05-10,1,0,0.999987
55000900234607,2022-05-11,1,0,0.999987
55000900234607,2022-05-12,1,0,0.999987
55000900234607,2022-05-13,1,0,0.999987
55000900234607,2022-05-14,1,0,0.999987
55000900234607,2022-05-15,1,0,0.999987
55000900234607,2022-05-16,1,0,0.999987
55000900234607,2022-05-17,1,0,0.999987
55000900234607,2022-05-18,1,0,0.999987
55000900234607,2022-05-19,1,0,0.999987
55000900234607,2022-05-20,1,0,0.999987
55000900234607,2022-05-21,1,0,0.999987
55000900234607,2022-05-22,1,0,0.999987
55000900234607,2022-05-23,1,0,0.999987
55000900234607,2022-05-24,1,0,0.999987
55000900234607,2022-05-25,1,0,0.999987
55000900234607,2022-05-26,1,0,0.999987
55000900234607,2022-05-27,1,0,0.999987
55000900234607,2022-05-28,1,0,0.999987
55000900234607,2022-05-29,1,0,0.999987
55000900234607,2022-05-30,1,0,0.999987
55000900234607,2022-05-31,1,0,0.999987
55000900234607,2022-06-01,1,0,0.999987
55000900234607,2022-06-02,1,0,0.999987
55000900234607,2022-06-03,1,0,0.999987
55000900234607,2022-06-04,1,0,0.999987
55000900234607,2022-06-05,1,0,0.999987
55000900234607,2022-06-06,1,0,0.999987
55000900234607,2022-06-07,1,0,0.999987
55000900234607,2022-06-08,1,0,0.999987
55000900234607,2022-06-09,1,0,0.999987
55000900234607,2022-06-10,1,0,0.999987
55000900234607,2022-06-11,1,0,0.999987
55000900234607,2022-06-12,1,0,0.999987
55000900234607,2022-06-13,1,0,0.999987
55000900234607,2022-06-14,1,0,0.999987
55000900234607,2022-06-15,1,0,0.999987
55000900234607,2022-06-16,1,0,0.999987
55000900234607,2022-06-17,1,0,0.999987
55000900234607,2022-06-18,1,0,0.999987
55000900234607,2022-06-19,1,0,0.999987
55000900234607,2022-06-20,1,0,0.999987
55000900234607,2022-06-21,1,0,0.999987
55000900234607,2022-06-22,1,0,0.999987
55000900234607,2022-06-23,1,0,0.999987
55000900234607,2022-06-24,1,0,0.999987
55000900234607,2022-06-25,1,0,0.999987
55000900234607,2022-06-26,1,0,0.999987
55000900234607,2022-06-27,1,0,0.999987
55000900234607,2022-06-28,1,0,0.999987
55000900234607,2022-06-29,1,0,0.999987
55000900234607,2022-06-30,1,0,0.999987
55000900234607,2022-07-01,1,0,0.999987
55000900234607,2022-07-02,1,0,0.999987
55000900234607,2022-07-03,1,0,0.999987
55000900234607,2022-07-04,1,0,0.999987
55000900234607,2022-07-05,1,0,0.999987
55000900234607,2022-07-06,1,0,0.999987
55000900234607,2022-07-07,1,0,0.999987
55000900234607,2022-07-08,1,0,0.999987
55000900234607,2022-07-09,1,0,0.999987
55000900234607,2022-07-10,1,0,0.999987
55000900234607,2022-07-11,1,0,0.999987
55000900234607,2022-07-12,1,0,0.999987
55000900234607,2022-07-13,1,0,0.999987
55000900234607,2022-07-14,1,0,0.999987
55000900234607,2022-07-15,1,0,0.999987
55000900234607,2022-07-16,1,0,0.999987
55000900234607,2022-07-17,1,0,0.999987
55000900234607,2022-07-18,1,0,0.999987
55000900234607,2022-07-19,1,0,0.999987
55000900234607,2022-07-20,1,0,0.999987
55000900234607,2022-07-21,1,0,0.999987
55000900234607,2022-07-22,1,0,0.999987
55000900234607,2022-07-23,1,0,0.999987
55000900234607,2022-07-24,1,0,0.999987
55000900234607,2022-07-25,1,0,0.999987
55000900234607,2022-07-26,1,0,0.999987
55000900234607,2022-07-27,1,0,0.999987
55000900234607,2022-07-28,1,0,0.999987
55000900234607,2022-07-29,1,0,0.999987
55000900234607,2022-07-30,1,0,0.999987
55000900234607,2022-07-31,1,0,0.999987
55000900234607,2022-08-01,1,0,0.999987
55000900234607,2022-08-02,1,0,0.999987
55000900234607,2022-08-03,1,0,0.999987
55000900234607,2022-08-04,1,0,0.999987
55000900234607,2022-08-05,1,0,0.999987
55000900234607,2022-08-06,1,0,0.999987
55000900234607,2022-08-07,1,0,0.999987
55000900234607,2022-08-08,1,0,0.999987
55000900234607,2022-08-09,1,0,0.999987
55000900234607,2022-08-10,1,0,0.999987
55000900234607,2022-08-11,1,0,0.999987
55000900234607,2022-08-12,1,0,0.999987
55000900234607,2022-08-13,1,0,0.999987
55000900234607,2022-08-14,1,0,0.999987
55000900234607,2022-08-15,1,0,0.999987
55000900234607,2022-08-16,1,0,0.999987
55000900234607,2022-08-17,1,0,0.999987
55000900234607,2022-08-18,1,0,0.999987
55000900234607,2022-08-19,1,0,0.999987
55000900234607,2022-08-20,1,0,0.999987
55000900234607,2022-08-21,1,0,0.999987
55000900234607,2022-08-22,1,0,0.999987
55000900234607,2022-08-23,1,0,0.999987
55000900234607,2022-08-24,1,0,0.999987
55000900234607,2022-08-25,1,0,0.999987
55000900234607,2022-08-26,1,0,0.999987
55000900234607,2022-08-27,1,0,0.999987
55000900234607,2022-08-28,1,0,0.999987
55000900234607,2022-08-29,1,0,0.999987
55000900234607,2022-08-30,1,0,0.999987
55000900234607,2022-08-31,1,0,0.999987
55000900234607,2022-09-01,1,0,0.999987
55000900234607,2022-09-02,1,0,0.999987
55000900234607,2022-09-03,1,0,0.999987
55000900234607,2022-09-04,1,0,0.999987
55000900234607,2022-09-05,1,0,0.999987
55000900234607,2022-09-06,1,0,0.999987
55000900234607,2022-09-07,1,0,0.999987
55000900234607,2022-09-08,1,0,0.999987
55000900234607,2022-09-09,1,0,0.999987
55000900234607,2022-09-10,1,0,0.999987
55000900234607,2022-09-11,1,0,0.999987
55000900234607,2022-09-12,1,0,0.999987
55000900234607,2022-09-13,1,0,0.999987
55000900234607,2022-09-14,1,0,0.999987
55000900234607,2022-09-15,1,0,0.999987
55000900234607,2022-09-16,1,0,0.999987
55000900234607,2022-09-17,1,0,0.999987
55000900234607,2022-09-18,1,0,0.999987
55000900234607,2022-09-19,1,0,0.999987
55000900234607,2022-09-20,1,0,0.999987
55000900234607,2022-09-21,1,0,0.999987
55000900234607,2022-09-22,1,0,0.999987
55000900234607,2022-09-23,1,0,0.999987
55000900234607,2022-09-24,1,0,0.999987
55000900234607,2022-09-25,1,0,0.999987
55000900234607,2022-09-26,1,0,0.999987
55000900234607,2022-09-27,1,0,0.999987
55000900234607,2022-09-28,1,0,0.999987
55000900234607,2022-09-29,1,0,0.999987
55000900234607,2022-09-30,1,0,0.999987
55000900234607,2022-10-01,1,0,0.999987
55000900234607,2022-10-02,1,0,0.999987
55000900234607,2022-10-03,1,0,0.999987
55000900234607,2022-10-04,1,0,0.999987
55000900234607,2022-10-05,1,0,0.999987
55000900234607,2022-10-06,1,0,0.999987
55000900234607,2022-10-07,1,0,0.999987
55000900234607,2022-10-08,1,0,0.999987
55000900234607,2022-10-09,1,0,0.999987
55000900234607,2022-10-10,1,0,0.999987
55000900234607,2022-10-11,1,0,0.999987
55000900234607,2022-10-12,1,0,0.999987
55000900234607,2022-10-13,1,0,0.999987
55000900234607,2022-10-14,1,0,0.999987
55000900234607,2022-10-15,1,0,0.999987
55000900234607,2022-10-16,1,0,0.999987
55000900234607,2022-10-17,1,0,0.999987
55000900234607,2022-10-18,1,0,0.999987
55000900234607,2022-10-19,1,0,0.999987
55000900234607,2022-10-20,1,0,0.999987
55000900234607,2022-10-21,1,0,0.999987
55000900234607,2022-10-22,1,0,0.999987
55000900234607,2022-10-23,1,0,0.999987
55000900234607,2022-10-24,1,0,0.999987
55000900234607,2022-10-25,1,0,0.999987
55000900234607,2022-10-26,1,0,0.999987
55000900234607,2022-10-27,1,0,0.999987
55000900234607,2022-10-28,1,0,0.999987
55000900234607,2022-10-29,1,0,0.999987
55000900234607,2022-10-30,1,0,0.999987
55000900234607,2022-10-31,1,0,0.999987
55000900234607,2022-11-01,1,0,0.999987
55000900234607,2022-11-02,1,0,0.999987
55000900234607,2022-11-03,1,0,0.999987
55000900234607,2022-11-04,1,0,0.999987
55000900234607,2022-11-05,1,0,0.999987
55000900234607,2022-11-06,1,0,0.999987
55000900234607,2022-11-07,1,0,0.999987
55000900234607,2022-11-08,1,0,0.999987
55000900234607,2022-11-09,1,0,0.999987
55000900234607,2022-11-10,1,0,0.999987
55000900234607,2022-11-11,1,0,0.999987
55000900234607,2022-11-12,1,0,0.999987
55000900234607,2022-11-13,1,0,0.999987
55000900234607,2022-11-14,1,0,0.999987
55000900234607,2022-11-15,1,0,0.999987
55000900234607,2022-11-16,1,0,0.999987
55000900234607,2022-11-17,1,0,0.999987
55000900234607,2022-11-18,1,0,0.999987
55000900234607,2022-11-19,1,0,0.999987
55000900234607,2022-11-20,1,0,0.999987
55000900234607,2022-11-21,1,0,0.999987
55000900234607,2022-11-22,1,0,0.999987
55000900234607,2022-11-23,1,0,0.999987
55000900234607,2022-11-24,1,0,0.999987
55000900234607,2022-11-25,1,0,0.999987
55000900234607,2022-11-26,1,0,0.999987
55000900234607,2022-11-27,1,0,0.999987
55000900234607,2022-11-28,1,0,0.999987
55000900234607,2022-11-29,1,0,0.999987
55000900234607,2022-11-30,1,0,0.999987
55000900234607,2022-12-01,1,0,0.999987
55000900234607,2022-12-02,1,0,0.999987
55000900234607,2022-12-03,1,0,0.999987
55000900234607,2022-12-04,1,0,0.999987
55000900234607,2022-12-05,1,0,0.999987
55000900234607,2022-12-06,1,0,0.999987
55000900234607,2022-12-07,1,0,0.999987
55000900234607,2022-12-08,1,0,0.999987
55000900234607,2022-12-09,1,0,0.999987
55000900234607,2022-12-10,1,0,0.999987
55000900234607,2022-12-11,1,0,0.999987
55000900234607,2022-12-12,1,0,0.999987
55000900234607,2022-12-13,1,0,0.999987
55000900234607,2022-12-14,1,0,0.999987
55000900234607,2022-12-15,1,0,0.999987
55000900234607,2022-12-16,1,0,0.999987
55000900234607,2022-12-17,1,0,0.999987
55000900234607,2022-12-18,1,0,0.999987
55000900234607,2022-12-19,1,0,0.999987
55000900234607,2022-12-20,1,0,0.999987
55000900234607,2022-12-21,1,0,0.999987
55000900234607,2022-12-22,1,0,0.999987
55000900234607,2022-12-23,1,0,0.999987
55000900234607,2022-12-24,1,0,0.999987
55000900234607,2022-12-25,1,0,0.999987
55000900234607,2022-12-26,1,0,0.999987
55000900234607,2022-12-27,1,0,0.999987
55000900234607,2022-12-28,1,0,0.999987
55000900234607,2022-12-29,1,0,0.999987
55000900234607,2022-12-30,1,0,0.999987
55000900234607,2022-12-31,1,0,0.999987
55000900234607,2023-01-01,1,0,0.999987
55000900234607,2023-01-02,1,0,0.999987
55000900234607,2023-01-03,1,0,0.999987
55000900234607,2023-01-04,1,0,0.999987
55000900234607,2023-01-05,1,0,0.999987
55000900234607,2023-01-06,1,0,0.999987
55000900234607,2023-01-07,1,0,0.999987
55000900234607,2023-01-08,1,0,0.999987
55000900234607,2023-01-09,1,0,0.999987
55000900234607,2023-01-10,1,0,0.999987
55000900234607,2023-01-11,1,0,0.999987
55000900234607,2023-01-12,1,0,0.999987
55000900234607,2023-01-13,1,0,0.999987
55000900234607,2023-01-14,1,0,0.999987
55000900234607,2023-01-15,1,0,0.999987
55000900234607,2023-01-16,1,0,0.999987
55000900234607,2023-01-17,1,0,0.999987
55000900234607,2023-01-18,1,0,0.999987
55000900234607,2023-01-19,1,0,0.999987
55000900234607,2023-01-20,1,0,0.999987
55000900234607,2023-01-21,1,0,0.999987
55000900234607,2023-01-22,1,0,0.999987
55000900234607,2023-01-23,1,0,0.999987
55000900234607,2023-01-24,1,0,0.999987
55000900234607,2023-01-25,1,0,0.999987
55000900234607,2023-01-26,1,0,0.999987
55000900234607,2023-01-27,1,0,0.999987
55000900234607,2023-01-28,1,0,0.999987
55000900234607,2023-01-29,1,0,0.999987
55000900234607,2023-01-30,1,0,0.999987
55000900234607,2023-01-31,1,0,0.999987
55000900234607,2023-02-01,1,0,0.999987
55000900234607,2023-02-02,1,0,0.999987
55000900234607,2023-02-03,1,0,0.999987
55000900234607,2023-02-04,1,0,0.999987
55000900234607,2023-02-05,1,0,0.999987
55000900234607,2023-02-06,1,0,0.999987
55000900234607,2023-02-07,1,0,0.999987
55000900234607,2023-02-08,1,0,0.999987
55000900234607,2023-02-09,1,0,0.999987
55000900234607,2023-02-10,1,0,0.999987
55000900234607,2023-02-11,1,0,0.999987
55000900234607,2023-02-12,1,0,0.999987
55000900234607,2023-02-14,1,0,0.999987
55000900234607,2023-02-15,1,0,0.999987
55000900234607,2023-02-16,1,0,0.999987
55000900234607,2023-02-17,1,0,0.999987
55000900234607,2023-02-18,1,0,0.999987
55000900234607,2023-02-19,1,0,0.999987
55000900234607,2023-02-20,1,0,0.999987
55000900234607,2023-02-21,1,0,0.999987
55000900234607,2023-02-22,1,0,0.999987
55000900234607,2023-02-23,1,0,0.999987
55000900234607,2023-02-24,1,0,0.999987
55000900234607,2023-02-25,1,0,0.999987
55000900234607,2023-02-26,1,0,0.999987
55000900234607,2023-02-27,1,0,0.999987
55000900234607,2023-02-28,1,0,0.999987
55000900234607,2023-03-01,1,0,0.999987
55000900234607,2023-03-02,1,0,0.999987
55000900234607,2023-03-03,1,0,0.999987
55000900234607,2023-03-04,1,0,0.999987
55000900234607,2023-03-05,1,0,0.999987
55000900234607,2023-03-06,1,0,0.999987
55000900234607,2023-03-07,1,0,0.999987
55000900234607,2023-03-08,1,0,0.999987
55000900234607,2023-03-09,1,0,0.999987
55000900234607,2023-03-10,1,0,0.999987
55000900234607,2023-03-11,1,0,0.999987
55000900234607,2023-03-13,1,0,0.999987
55000900234607,2023-03-14,1,0,0.999987
55000900234607,2023-03-15,1,0,0.999987
55000900234607,2023-03-16,1,0,0.999987
55000900234607,2023-03-17,1,0,0.999987
55000900234607,2023-03-18,1,0,0.999987
55000900234607,2023-03-19,1,0,0.999987
55000900234607,2023-03-20,1,0,0.999987
55000900234607,2023-03-21,1,0,0.999987
55000900234607,2023-03-22,1,0,0.999987
55000900234607,2023-03-23,1,0,0.999987
55000900234607,2023-03-24,1,0,0.999987
55000900234607,2023-03-25,1,0,0.999987
55000900234607,2023-03-26,1,0,0.999987
55000900234607,2023-03-27,1,0,0.999987
55000900234607,2023-03-28,1,0,0.999987
55000900234607,2023-03-29,1,0,0.999987
55000900234607,2023-03-30,1,0,0.999987
55000900234607,2023-03-31,1,0,0.999987
55000900234607,2023-04-01,1,0,0.999987
55000900234607,2023-04-02,1,0,0.999987
55000900234607,2023-04-03,1,0,0.999987
55000900234607,2023-04-04,1,0,0.999987
55000900234607,2023-04-05,1,0,0.999987
55000900234607,2023-04-06,1,0,0.999987
55000900234607,2023-04-07,1,0,0.999987
55000900234607,2023-04-08,1,0,0.999987
55000900234607,2023-04-09,1,0,0.999987
55000900234607,2023-04-10,1,0,0.999987
55000900234607,2023-04-11,1,0,0.999987
55000900234607,2023-04-12,1,0,0.999987
55000900234607,2023-04-13,1,0,0.999987
55000900234607,2023-04-14,1,0,0.999987
55000900234607,2023-04-15,1,0,0.999987
55000900234607,2023-04-16,1,0,0.999987
55000900234607,2023-04-17,1,0,0.999987
55000900234607,2023-04-18,1,0,0.999987
55000900234607,2023-04-19,1,0,0.999987
55000900234607,2023-04-20,1,0,0.999987
55000900235848,2020-09-29,1,1,0.9998474
55000900235848,2020-09-30,1,1,0.9993025
55000900235848,2020-10-01,1,1,0.99959594
55000900235848,2020-10-02,1,1,0.9996282
55000900235848,2020-10-03,1,1,0.99974495
55000900235848,2020-10-04,1,1,0.9996984
55000900235848,2020-10-05,1,1,0.99967253
55000900235848,2020-10-06,1,1,0.9996743
55000900235848,2020-10-07,1,1,0.9997241
55000900235848,2020-10-08,1,1,0.99966264
55000900235848,2020-10-09,1,1,0.9997203
55000900235848,2020-10-10,1,1,0.99978644
55000900235848,2020-10-11,1,1,0.99967194
55000900235848,2020-10-12,1,1,0.99938476
55000900235848,2020-10-13,1,1,0.99993277
55000900235848,2020-10-14,1,1,0.9999807
55000900235848,2020-10-15,1,1,0.99998045
55000900235848,2020-10-16,1,1,0.9999851
55000900235848,2020-10-17,1,1,0.9999832
55000900235848,2020-10-18,1,1,0.9999734
55000900235848,2020-10-19,1,0,0.99996805
55000900235848,2020-10-20,1,0,0.99996924
55000900236525,2020-09-29,1,1,0.98578817
55000900236525,2020-09-30,1,1,0.97264016
55000900236525,2020-10-01,1,1,0.95647323
55000900236525,2020-10-02,1,1,0.9493565
55000900236525,2020-10-03,1,1,0.93467957
55000900236525,2020-10-04,1,1,0.85983557
55000900236525,2020-10-05,1,1,0.86899865
55000900236525,2020-10-06,1,1,0.94212866
55000900236525,2020-10-07,1,1,0.95028
55000900236525,2020-10-08,1,1,0.92219067
55000900236525,2020-10-09,1,1,0.95435244
55000900236525,2020-10-10,1,1,0.960668
55000900236525,2020-10-11,1,1,0.9401054
55000900236525,2020-10-12,1,1,0.93676054
55000900236525,2020-10-13,1,1,0.9994419
55000900236525,2020-10-14,1,1,0.99988675
55000900236525,2020-10-15,1,1,0.9999237
55000900236525,2020-10-16,1,1,0.99996126
55000900236525,2020-10-17,1,1,0.9999739
55000900236525,2020-10-18,1,0,0.999964
55000900236525,2020-10-19,1,0,0.999905
55000900237668,2020-09-29,0,1,0.009483262
55000900237668,2020-09-30,0,1,0.0082042515
55000900237668,2020-10-01,0,1,0.0042332397
55000900237668,2020-10-02,0,1,0.0026954184
55000900237668,2020-10-03,0,1,0.0025003892
55000900237668,2020-10-04,0,1,0.002509344
55000900237668,2020-10-05,0,1,0.0026484556
55000900237668,2020-10-06,0,1,0.0030173555
55000900237668,2020-10-07,0,1,0.0029601282
55000900237668,2020-10-08,0,1,0.0030229937
55000900237668,2020-10-09,0,1,0.0025825936
55000900237668,2020-10-10,0,1,0.0030298205
55000900237668,2020-10-11,1,1,0.0029961714
55000900237668,2020-10-12,1,1,0.0029640123
55000900237668,2020-10-13,1,1,0.023428082
55000900237668,2020-10-14,1,1,0.057530962
55000900237668,2020-10-15,1,1,0.031728014
55000900237668,2020-10-16,0,1,0.14331202
55000900237668,2020-10-17,0,1,0.053265076
55000900237668,2020-10-18,0,1,0.040064264
55000900237668,2020-10-19,0,1,0.0143225035
55000900237668,2020-10-20,0,1,0.01182374
55000900237668,2020-10-21,0,1,0.019771846
55000900237668,2020-10-22,0,1,0.013136754
55000900237668,2020-10-23,0,1,0.010429765
55000900237668,2020-10-24,1,1,0.010757933
55000900237668,2020-10-25,0,1,0.0029714028
55000900237668,2020-10-26,0,0,0.01305898
55000900237668,2020-10-27,0,0,0.045057893
55000900271029,2020-09-29,1,1,0.999964
55000900271029,2020-09-30,1,1,0.9999764
55000900271029,2020-10-01,1,1,0.9999794
55000900271029,2020-10-02,1,1,0.9999732
55000900271029,2020-10-03,1,1,0.99994624
55000900271029,2020-10-04,1,1,0.99988997
55000900271029,2020-10-05,1,1,0.99987304
55000900271029,2020-10-06,1,1,0.9999033
55000900271029,2020-10-07,1,1,0.9999387
55000900271029,2020-10-08,1,1,0.99996793
55000900271029,2020-10-09,1,1,0.9998696
55000900271029,2020-10-10,1,1,0.9998772
55000900271029,2020-10-11,1,1,0.99986553
55000900271029,2020-10-12,1,1,0.9998921
55000900271029,2020-10-13,1,1,0.99997723
55000900271029,2020-10-14,1,1,0.9999826
55000900271029,2020-10-15,1,1,0.9999825
55000900271029,2020-10-16,1,1,0.9999831
55000900271029,2020-10-17,1,1,0.999984
55000900271029,2020-10-18,1,1,0.99998605
55000900271029,2020-10-19,1,1,0.9999876
55000900271029,2020-10-20,1,0,0.99998534
55000900271029,2020-10-21,1,0,0.9999858
55000900271031,2020-09-29,1,0,0.945441
55000900271031,2020-09-30,1,0,0.80778337
55000900271031,2020-10-01,1,0,0.8147486
55000900271031,2020-10-02,1,0,0.8062018
55000900271031,2020-10-03,0,0,0.75818586
55000900271031,2020-10-04,0,0,0.68647516
55000900271031,2020-10-05,0,0,0.6726351
55000900271031,2020-10-06,0,0,0.2576581
55000900271031,2020-10-07,0,0,0.29278597
55000900271031,2020-10-08,0,0,0.27766305
55000900271031,2020-10-09,0,0,0.22961938
55000900271031,2020-10-10,1,0,0.27012697
55000900271031,2020-10-11,1,0,0.32926232
55000900271031,2020-10-12,1,0,0.33884835
55000900271031,2020-10-13,1,0,0.94353646
55000900271031,2020-10-14,1,0,0.9576357
55000900271031,2020-10-15,0,0,0.8976089
55000900271031,2020-10-16,0,0,0.9782211
55000900271031,2020-10-17,0,0,0.9241341
55000900271031,2020-10-18,0,0,0.48609176
55000900271031,2020-10-19,0,0,0.3075659
55000900271031,2020-10-20,0,0,0.29748738
55000900271031,2020-10-21,0,0,0.38118947
55000900271031,2020-10-22,0,0,0.331134
55000900271031,2020-10-23,0,0,0.28928173
55000900271031,2020-10-24,0,0,0.38697916
55000900271031,2020-10-25,0,0,0.3198787
55000900271031,2020-10-26,0,0,0.47338384
55000900271031,2020-10-27,0,0,0.5018969
55000900271031,2020-10-29,1,0,0.63570803
55000900271031,2020-10-30,1,0,0.3451809
55000900271031,2020-10-31,1,0,0.39504045
55000900271031,2020-11-01,1,0,0.67488116
55000900271031,2020-11-02,1,0,0.9127424
55000900271031,2020-11-03,1,0,0.76394653
55000900271031,2020-11-04,1,0,0.8185117
55000900271031,2020-11-05,1,0,0.8405228
55000900271031,2020-11-06,1,0,0.8999685
55000900271031,2020-11-07,1,0,0.9234462
55000900271031,2020-11-08,1,0,0.9938352
55000900271031,2020-11-09,1,0,0.9993931
55000900271031,2020-11-10,1,0,0.9998697
55000900271031,2020-11-11,1,0,0.99990785
55000900271031,2020-11-12,1,0,0.99991024
55000900271031,2020-11-13,1,0,0.9999068
55000900271031,2020-11-14,1,0,0.99991024
55000900271031,2020-11-15,1,0,0.999887
55000900271031,2020-11-16,1,0,0.9999304
55000900271031,2020-11-17,1,0,0.9999356
55000900271031,2020-11-18,1,0,0.99995244
55000900271031,2020-11-19,1,0,0.9999478
55000900271031,2020-11-20,1,0,0.9999485
55000900271031,2020-11-21,1,0,0.9999453
55000900271031,2020-11-22,1,0,0.99994826
55000900271031,2020-11-23,1,0,0.9999485
55000900271031,2020-11-24,1,0,0.9999442
55000900271031,2020-11-25,1,0,0.99994516
55000900271031,2020-11-26,1,0,0.99994576
55000900271031,2020-11-27,1,0,0.99996257
55000900271031,2020-11-28,1,0,0.9999523
55000900271031,2020-11-29,1,0,0.9999646
55000900271031,2020-11-30,1,0,0.9999651
55000900271031,2020-12-01,1,0,0.9999759
55000900271031,2020-12-02,1,0,0.9999746
55000900271031,2020-12-03,1,0,0.9999577
55000900271031,2020-12-04,1,0,0.9999645
55000900271031,2020-12-05,1,0,0.99997246
55000900271031,2020-12-06,1,0,0.99995637
55000900271031,2020-12-07,1,0,0.9999585
55000900271031,2020-12-08,1,0,0.99996555
55000900271031,2020-12-09,1,0,0.9999589
55000900271031,2020-12-10,1,0,0.9999572
55000900271031,2020-12-11,1,0,0.99995065
55000900271031,2020-12-12,1,0,0.9999535
55000900271031,2020-12-13,1,0,0.9999635
55000900271031,2020-12-14,1,0,0.99996054
55000900271031,2020-12-15,1,0,0.9999621
55000900271031,2020-12-16,1,0,0.99996233
55000900271031,2020-12-17,1,0,0.999966
55000900271031,2020-12-18,1,0,0.99997425
55000900271031,2020-12-19,1,0,0.99996364
55000900271031,2020-12-20,1,0,0.9999696
55000900271031,2020-12-21,1,0,0.99996984
55000900271031,2020-12-22,1,0,0.99996924
55000900271031,2020-12-23,1,0,0.9999778
55000900271031,2020-12-24,1,0,0.9999751
55000900271031,2020-12-25,1,0,0.99996483
55000900271031,2020-12-26,1,0,0.9999759
55000900271031,2020-12-27,1,0,0.9999764
55000900271031,2020-12-28,1,0,0.9999702
55000900271031,2020-12-29,1,0,0.99997246
55000900271031,2020-12-30,1,0,0.9999714
55000900271031,2020-12-31,1,0,0.99996436
55000900271031,2021-01-01,1,0,0.99995136
55000900271031,2021-01-02,1,0,0.9999702
55000900271031,2021-01-03,1,0,0.9999628
55000900271031,2021-01-04,1,0,0.99998164
55000900271031,2021-01-05,1,0,0.99996305
55000900271031,2021-01-06,1,0,0.9999647
55000900271031,2021-01-07,1,0,0.9999683
55000900271031,2021-01-08,1,0,0.9999708
55000900271031,2021-01-09,1,0,0.9999684
55000900271031,2021-01-10,1,0,0.9999701
55000900271031,2021-01-11,1,0,0.9999682
55000900271031,2021-01-12,1,0,0.99996674
55000900271031,2021-01-13,1,0,0.99996996
55000900271031,2021-01-14,1,0,0.99996674
55000900271031,2021-01-15,1,0,0.99996865
55000900271031,2021-01-16,1,0,0.9999671
55000900271031,2021-01-17,1,0,0.9999684
55000900271031,2021-01-18,1,0,0.9999652
55000900271031,2021-01-19,1,0,0.99996567
55000900271031,2021-01-20,1,0,0.99996877
55000900271031,2021-01-21,1,0,0.99996686
55000900271031,2021-01-22,1,0,0.9999664
55000900271031,2021-01-23,1,0,0.999966
55000900271031,2021-01-24,1,0,0.99996567
55000900271031,2021-01-25,1,0,0.9999559
55000900271031,2021-01-26,1,0,0.9999634
55000900271031,2021-01-27,1,0,0.99996626
55000900271031,2021-01-28,1,0,0.9999701
55000900271031,2021-01-29,1,0,0.9999654
55000900271031,2021-01-30,1,0,0.99997497
55000900271031,2021-01-31,1,0,0.9999728
55000900271031,2021-02-01,1,0,0.999972
55000900271031,2021-02-02,1,0,0.999972
55000900271031,2021-02-03,1,0,0.999972
55000900271031,2021-02-04,1,0,0.999972
55000900271031,2021-02-05,1,0,0.999972
55000900271031,2021-02-06,1,0,0.999972
55000900271031,2021-02-07,1,0,0.999972
55000900271031,2021-02-08,1,0,0.999972
55000900271031,2021-02-09,1,0,0.999972
55000900271031,2021-02-10,1,0,0.999972
55000900271031,2021-02-11,1,0,0.999972
55000900271031,2021-02-12,1,0,0.999972
55000900271031,2021-02-13,1,0,0.999972
55000900271031,2021-02-14,1,0,0.999972
55000900271031,2021-02-15,1,0,0.999972
55000900271031,2021-02-16,1,0,0.999972
55000900271031,2021-02-17,1,0,0.999972
55000900271031,2021-02-18,1,0,0.999972
55000900271031,2021-02-19,1,0,0.999972
55000900271031,2021-02-20,1,0,0.999972
55000900271031,2021-02-21,1,0,0.999972
55000900271031,2021-02-22,1,0,0.999972
55000900271031,2021-02-23,1,0,0.999972
55000900271031,2021-02-24,1,0,0.999972
55000900271031,2021-02-25,1,0,0.999972
55000900271031,2021-02-26,1,0,0.999972
55000900271031,2021-02-27,1,0,0.999972
55000900271031,2021-02-28,1,0,0.999972
55000900271031,2021-03-01,1,0,0.999972
55000900271031,2021-03-02,1,0,0.999972
55000900271031,2021-03-03,1,0,0.999972
55000900271031,2021-03-04,1,0,0.999972
55000900271031,2021-03-05,1,0,0.999972
55000900271031,2021-03-06,1,0,0.999972
55000900271031,2021-03-07,1,0,0.999972
55000900271031,2021-03-08,1,0,0.999972
55000900271031,2021-03-09,1,0,0.999972
55000900271031,2021-03-10,1,0,0.999972
55000900271031,2021-03-11,1,0,0.999972
55000900271031,2021-03-12,1,0,0.999972
55000900271031,2021-03-13,1,0,0.999972
55000900271031,2021-03-15,1,0,0.999972
55000900271031,2021-03-16,1,0,0.999972
55000900271031,2021-03-17,1,0,0.999972
55000900271031,2021-03-18,1,0,0.999972
55000900271031,2021-03-19,1,0,0.999972
55000900271031,2021-03-20,1,0,0.999972
55000900271031,2021-03-21,1,0,0.999972
55000900271031,2021-03-22,1,0,0.999972
55000900271031,2021-03-23,1,0,0.999972
55000900271031,2021-03-24,1,0,0.999972
55000900271031,2021-03-25,1,0,0.999972
55000900271031,2021-03-26,1,0,0.999972
55000900271031,2021-03-27,1,0,0.999972
55000900271031,2021-03-28,1,0,0.999972
55000900271031,2021-03-29,1,0,0.999972
55000900271031,2021-03-30,1,0,0.999972
55000900271031,2021-03-31,1,0,0.999972
55000900271031,2021-04-01,1,0,0.999972
55000900271031,2021-04-02,1,0,0.999972
55000900271031,2021-04-03,1,0,0.999972
55000900271031,2021-04-04,1,0,0.999972
55000900271031,2021-04-05,1,0,0.999972
55000900271031,2021-04-06,1,0,0.999972
55000900271031,2021-04-07,1,0,0.999972
55000900271031,2021-04-08,1,0,0.999972
55000900271031,2021-04-09,1,0,0.999972
55000900271031,2021-04-10,1,0,0.999972
55000900271031,2021-04-11,1,0,0.999972
55000900271031,2021-04-12,1,0,0.999972
55000900271031,2021-04-13,1,0,0.999972
55000900271031,2021-04-14,1,0,0.999972
55000900271031,2021-04-15,1,0,0.999972
55000900271031,2021-04-16,1,0,0.999972
55000900271031,2021-04-17,1,0,0.999972
55000900271031,2021-04-18,1,0,0.999972
55000900271031,2021-04-19,1,0,0.999972
55000900271031,2021-04-20,1,0,0.999972
55000900271031,2021-04-21,1,0,0.999972
55000900271031,2021-04-22,1,0,0.999972
55000900271031,2021-04-23,1,0,0.999972
55000900271031,2021-04-24,1,0,0.999972
55000900271031,2021-04-25,1,0,0.999972
55000900271031,2021-04-26,1,0,0.999972
55000900271031,2021-04-27,1,0,0.999972
55000900271031,2021-04-28,1,0,0.999972
55000900271031,2021-04-29,1,0,0.999972
55000900271031,2021-04-30,1,0,0.999972
55000900271031,2021-05-01,1,0,0.999972
55000900271031,2021-05-02,1,0,0.999972
55000900271031,2021-05-03,1,0,0.999972
55000900271031,2021-05-04,1,0,0.999972
55000900271031,2021-05-05,1,0,0.999972
55000900271031,2021-05-06,1,0,0.999972
55000900271031,2021-05-07,1,0,0.999972
55000900271031,2021-05-08,1,0,0.999972
55000900271031,2021-05-09,1,0,0.999972
55000900271031,2021-05-10,1,0,0.999972
55000900271031,2021-05-11,1,0,0.999972
55000900271031,2021-05-12,1,0,0.999972
55000900271031,2021-05-13,1,0,0.999972
55000900271031,2021-05-14,1,0,0.999972
55000900271031,2021-05-15,1,0,0.999972
55000900271031,2021-05-16,1,0,0.999972
55000900271031,2021-05-17,1,0,0.999972
55000900271031,2021-05-18,1,0,0.999972
55000900271031,2021-05-19,1,0,0.999972
55000900271031,2021-05-20,1,0,0.999972
55000900271031,2021-05-21,1,0,0.999972
55000900271031,2021-05-22,1,0,0.999972
55000900271031,2021-05-23,1,0,0.999972
55000900271031,2021-05-24,1,0,0.999972
55000900271031,2021-05-25,1,0,0.999972
55000900271031,2021-05-26,1,0,0.999972
55000900271031,2021-05-27,1,0,0.999972
55000900271031,2021-05-28,1,0,0.999972
55000900271031,2021-05-29,1,0,0.999972
55000900271031,2021-05-30,1,0,0.999972
55000900271031,2021-05-31,1,0,0.999972
55000900271031,2021-06-01,1,0,0.999972
55000900271031,2021-06-02,1,0,0.999972
55000900271031,2021-06-03,1,0,0.999972
55000900271031,2021-06-04,1,0,0.999972
55000900271031,2021-06-05,1,0,0.999972
55000900271031,2021-06-06,1,0,0.999972
55000900271031,2021-06-07,1,0,0.999972
55000900271031,2021-06-08,1,0,0.999972
55000900271031,2021-06-09,1,0,0.999972
55000900271031,2021-06-10,1,0,0.999972
55000900271031,2021-06-11,1,0,0.999972
55000900271031,2021-06-12,1,0,0.999972
55000900271031,2021-06-13,1,0,0.999972
55000900271031,2021-06-14,1,0,0.999972
55000900271031,2021-06-15,1,0,0.999972
55000900271031,2021-06-16,1,0,0.999972
55000900271031,2021-06-17,1,0,0.999972
55000900271031,2021-06-18,1,0,0.999972
55000900271031,2021-06-19,1,0,0.999972
55000900271031,2021-06-20,1,0,0.999972
55000900271031,2021-06-21,1,0,0.999972
55000900271031,2021-06-22,1,0,0.999972
55000900271031,2021-06-23,1,0,0.999972
55000900271031,2021-06-24,1,0,0.999972
55000900271031,2021-06-25,1,0,0.999972
55000900271031,2021-06-26,1,0,0.999972
55000900271031,2021-06-27,1,0,0.999972
55000900271031,2021-06-28,1,0,0.999972
55000900271031,2021-06-29,1,0,0.999972
55000900271031,2021-06-30,1,0,0.999972
55000900271031,2021-07-01,1,0,0.999972
55000900271031,2021-07-02,1,0,0.999972
55000900271031,2021-07-03,1,0,0.999972
55000900271031,2021-07-04,1,0,0.999972
55000900271031,2021-07-05,1,0,0.999972
55000900271031,2021-07-06,1,0,0.999972
55000900271031,2021-07-07,1,0,0.999972
55000900271031,2021-07-08,1,0,0.999972
55000900271031,2021-07-09,1,0,0.999972
55000900271031,2021-07-10,1,0,0.999972
55000900271031,2021-07-11,1,0,0.999972
55000900271031,2021-07-12,1,0,0.999972
55000900271031,2021-07-13,1,0,0.999972
55000900271031,2021-07-14,1,0,0.999972
55000900271031,2021-07-15,1,0,0.999972
55000900271031,2021-07-16,1,0,0.999972
55000900271031,2021-07-17,1,0,0.999972
55000900271031,2021-07-18,1,0,0.999972
55000900271031,2021-07-19,1,0,0.999972
55000900271031,2021-07-20,1,0,0.999972
55000900271031,2021-07-21,1,0,0.999972
55000900271031,2021-07-22,1,0,0.999972
55000900271031,2021-07-23,1,0,0.999972
55000900271031,2021-07-24,1,0,0.999972
55000900271031,2021-07-25,1,0,0.999972
55000900271031,2021-07-26,1,0,0.999972
55000900271031,2021-07-27,1,0,0.999972
55000900271031,2021-07-28,1,0,0.999972
55000900271031,2021-07-29,1,0,0.999972
55000900271031,2021-07-30,1,0,0.999972
55000900271031,2021-07-31,1,0,0.999972
55000900271031,2021-08-01,1,0,0.999972
55000900271031,2021-08-02,1,0,0.999972
55000900271031,2021-08-03,0,0,0.999972
55000900271031,2021-08-04,0,0,0.999972
55000900271031,2021-08-05,0,0,0.999972
55000900271031,2021-08-06,0,0,0.9999672
55000900271031,2021-08-07,0,0,0.9999757
55000900271031,2021-08-08,0,0,0.99997115
55000900271031,2021-08-09,0,0,0.9999683
55000900271031,2021-08-10,0,0,0.999967
55000900271031,2021-08-11,0,0,0.99996614
55000900271031,2021-08-12,0,0,0.99996626
55000900271031,2021-08-13,0,0,0.99996626
55000900271031,2021-08-14,0,0,0.99996614
55000900271031,2021-08-15,0,0,0.999966
55000900271031,2021-08-16,0,0,0.9999658
55000900271031,2021-08-17,0,0,0.99996555
55000900271031,2021-08-18,0,0,0.9999654
55000900271031,2021-08-19,0,0,0.9999652
55000900271031,2021-08-20,0,0,0.99996495
55000900271031,2021-08-21,0,0,0.9999647
55000900271031,2021-08-22,0,0,0.9999645
55000900271031,2021-08-23,0,0,0.99996424
55000900271031,2021-08-24,0,0,0.9999639
55000900271031,2021-08-25,0,0,0.99996364
55000900271031,2021-08-26,0,0,0.9999633
55000900271031,2021-08-27,0,0,0.99996316
55000900271031,2021-08-28,0,0,0.9999629
55000900271031,2021-08-29,0,0,0.9999627
55000900271031,2021-08-30,0,0,0.99996257
55000900271031,2021-08-31,0,0,0.99996173
55000900271031,2021-09-01,0,0,0.99996006
55000900271031,2021-09-02,0,0,0.9999573
55000900271031,2021-09-03,0,0,0.99979347
55000900271031,2021-09-04,0,0,0.9982504
55000900271031,2021-09-05,0,0,0.9982504
55000900271031,2021-09-06,0,0,0.9982504
55000900271031,2021-09-07,0,0,0.9982504
55000900271031,2021-09-08,0,0,0.9982504
55000900271031,2021-09-09,0,0,0.9982504
55000900271031,2021-09-10,0,0,0.9982504
55000900271031,2021-09-11,0,0,0.9982504
55000900271031,2021-09-12,0,0,0.9982504
55000900271031,2021-09-13,0,0,0.9982504
55000900271031,2021-09-14,0,0,0.9982504
55000900271031,2021-09-15,0,0,0.9982504
55000900271031,2021-09-16,0,0,0.9982504
55000900271031,2021-09-17,0,0,0.9982504
55000900271031,2021-09-18,1,0,0.9982504
55000900271031,2021-09-19,1,0,0.9982504
55000900271031,2021-09-20,1,0,0.9982504
55000900271031,2021-09-21,1,0,0.99931395
55000900271031,2021-09-22,1,0,0.99964845
55000900271031,2021-09-23,1,0,0.99980956
55000900271031,2021-09-24,1,0,0.9998872
55000900271031,2021-09-25,0,0,0.99992347
55000900271031,2021-09-26,0,0,0.99993765
55000900271031,2021-09-27,1,0,0.999944
55000900271031,2021-09-28,1,0,0.9998934
55000900271031,2021-09-29,1,0,0.9999229
55000900271031,2021-09-30,1,0,0.9999596
55000900271031,2021-10-01,1,0,0.99995327
55000900271031,2021-10-02,1,0,0.9999516
55000900271031,2021-10-03,1,0,0.9999548
55000900271031,2021-10-04,1,0,0.99996173
55000900271031,2021-10-05,1,0,0.9999635
55000900271031,2021-10-06,1,0,0.99996424
55000900271031,2021-10-07,1,0,0.99996495
55000900271031,2021-10-08,1,0,0.9999654
55000900271031,2021-10-09,1,0,0.999969
55000900271031,2021-10-10,1,0,0.9999707
55000900271031,2021-10-11,1,0,0.9999733
55000900271031,2021-10-12,1,0,0.9999727
55000900271031,2021-10-13,1,0,0.99997306
55000900271031,2021-10-14,1,0,0.9999727
55000900271031,2021-10-15,1,0,0.9999727
55000900271031,2021-10-16,1,0,0.9999721
55000900271031,2021-10-17,1,0,0.9999726
55000900271031,2021-10-18,1,0,0.99997246
55000900271031,2021-10-19,1,0,0.9999727
55000900271031,2021-10-20,1,0,0.9999715
55000900271031,2021-10-21,1,0,0.9999716
55000900271031,2021-10-22,1,0,0.99997175
55000900271031,2021-10-23,1,0,0.99997175
55000900271031,2021-10-24,1,0,0.99997187
55000900271031,2021-10-25,1,0,0.99997187
55000900271031,2021-10-26,1,0,0.99997187
55000900271031,2021-10-27,1,0,0.99997234
55000900271031,2021-10-28,1,0,0.99997234
55000900271031,2021-10-29,1,0,0.999972
55000900271031,2021-10-30,1,0,0.999972
55000900271031,2021-10-31,1,0,0.999972
55000900271031,2021-11-01,1,0,0.999972
55000900271031,2021-11-02,1,0,0.999972
55000900271031,2021-11-03,1,0,0.999972
55000900271031,2021-11-04,1,0,0.999972
55000900271031,2021-11-05,1,0,0.999972
55000900271031,2021-11-06,1,0,0.999972
55000900271031,2021-11-07,1,0,0.999972
55000900271031,2021-11-08,1,0,0.999972
55000900271031,2021-11-09,1,0,0.999972
55000900271031,2021-11-10,1,0,0.999972
55000900271031,2021-11-11,1,0,0.999972
55000900271031,2021-11-12,1,0,0.999972
55000900271031,2021-11-13,1,0,0.999972
55000900271031,2021-11-14,1,0,0.999972
55000900271031,2021-11-15,1,0,0.999972
55000900271031,2021-11-16,1,0,0.999972
55000900271031,2021-11-17,1,0,0.999972
55000900271031,2021-11-18,1,0,0.999972
55000900271031,2021-11-19,1,0,0.999972
55000900271031,2021-11-20,1,0,0.999972
55000900271031,2021-11-21,1,0,0.999972
55000900271031,2021-11-22,1,0,0.999972
55000900271031,2021-11-23,1,0,0.999972
55000900271031,2021-11-24,1,0,0.999972
55000900271031,2021-11-25,1,0,0.999972
55000900271031,2021-11-26,1,0,0.999972
55000900271031,2021-11-27,1,0,0.999972
55000900271031,2021-11-28,1,0,0.999972
55000900271031,2021-11-29,1,0,0.999972
55000900271031,2021-11-30,1,0,0.999972
55000900271031,2021-12-01,1,0,0.999972
55000900271031,2021-12-02,1,0,0.999972
55000900271031,2021-12-03,1,0,0.999972
55000900271031,2021-12-04,1,0,0.999972
55000900271031,2021-12-05,1,0,0.999972
55000900271031,2021-12-06,1,0,0.999972
55000900271031,2021-12-07,1,0,0.999972
55000900271031,2021-12-08,1,0,0.999972
55000900271031,2021-12-09,1,0,0.999972
55000900271031,2021-12-10,1,0,0.999972
55000900271031,2021-12-11,1,0,0.999972
55000900271031,2021-12-12,1,0,0.999972
55000900271031,2021-12-13,1,0,0.999972
55000900271031,2021-12-14,1,0,0.999972
55000900271031,2021-12-15,1,0,0.999972
55000900271031,2021-12-16,1,0,0.999972
55000900271031,2021-12-17,1,0,0.999972
55000900271031,2021-12-18,1,0,0.999972
55000900271031,2021-12-19,1,0,0.999972
55000900271031,2021-12-20,1,0,0.999972
55000900271031,2021-12-21,1,0,0.999972
55000900271031,2021-12-22,1,0,0.999972
55000900271031,2021-12-23,1,0,0.999972
55000900271031,2021-12-24,1,0,0.999972
55000900271031,2021-12-25,1,0,0.999972
55000900271031,2021-12-26,1,0,0.999972
55000900271031,2021-12-27,1,0,0.999972
55000900271031,2021-12-28,1,0,0.999972
55000900271031,2021-12-29,1,0,0.999972
55000900271031,2021-12-30,1,0,0.999972
55000900271031,2021-12-31,1,0,0.999972
55000900271031,2022-01-01,1,0,0.999972
55000900271031,2022-01-02,1,0,0.999972
55000900271031,2022-01-03,1,0,0.999972
55000900271031,2022-01-04,1,0,0.999972
55000900271031,2022-01-05,1,0,0.999972
55000900271031,2022-01-06,1,0,0.999972
55000900271031,2022-01-07,1,0,0.999972
55000900271031,2022-01-08,1,0,0.999972
55000900271031,2022-01-09,1,0,0.999972
55000900271031,2022-01-10,1,0,0.999972
55000900271031,2022-01-11,1,0,0.999972
55000900271031,2022-01-12,1,0,0.999972
55000900271031,2022-01-13,1,0,0.999972
55000900271031,2022-01-14,1,0,0.999972
55000900271031,2022-01-15,1,0,0.999972
55000900271031,2022-01-16,1,0,0.999972
55000900271031,2022-01-17,1,0,0.999972
55000900271031,2022-01-18,1,0,0.999972
55000900271031,2022-01-19,1,0,0.999972
55000900271031,2022-01-20,1,0,0.999972
55000900271031,2022-01-21,1,0,0.999972
55000900271031,2022-01-22,1,0,0.999972
55000900271031,2022-01-23,1,0,0.999972
55000900271031,2022-01-24,1,0,0.999972
55000900271031,2022-01-25,1,0,0.999972
55000900271031,2022-01-26,1,0,0.999972
55000900271031,2022-01-27,1,0,0.999972
55000900271031,2022-01-28,1,0,0.999972
55000900271031,2022-01-29,1,0,0.999972
55000900271031,2022-01-30,1,0,0.999972
55000900271031,2022-01-31,1,0,0.999972
55000900271031,2022-02-01,1,0,0.999972
55000900271031,2022-02-02,1,0,0.999972
55000900271031,2022-02-03,1,0,0.999972
55000900271031,2022-02-04,1,0,0.999972
55000900271031,2022-02-05,1,0,0.999972
55000900271031,2022-02-06,1,0,0.999972
55000900271031,2022-02-07,1,0,0.999972
55000900271031,2022-02-08,1,0,0.999972
55000900271031,2022-02-09,1,0,0.999972
55000900271031,2022-02-10,1,0,0.999972
55000900271031,2022-02-11,1,0,0.999972
55000900271031,2022-02-12,1,0,0.999972
55000900271031,2022-02-13,1,0,0.999972
55000900271031,2022-02-14,1,0,0.999972
55000900271031,2022-02-15,1,0,0.999972
55000900271031,2022-02-16,1,0,0.999972
55000900271031,2022-02-17,1,0,0.999972
55000900271031,2022-02-18,1,0,0.999972
55000900271031,2022-02-19,1,0,0.999972
55000900271031,2022-02-20,1,0,0.999972
55000900271031,2022-02-21,1,0,0.999972
55000900271031,2022-02-22,1,0,0.999972
55000900271031,2022-02-23,1,0,0.999972
55000900271031,2022-02-24,1,0,0.999972
55000900271031,2022-02-25,1,0,0.999972
55000900271031,2022-02-26,1,0,0.999972
55000900271031,2022-02-27,1,0,0.999972
55000900271031,2022-02-28,1,0,0.999972
55000900271031,2022-03-01,1,0,0.999972
55000900271031,2022-03-02,1,0,0.999972
55000900271031,2022-03-03,1,0,0.999972
55000900271031,2022-03-04,1,0,0.999972
55000900271031,2022-03-05,1,0,0.999972
55000900271031,2022-03-06,1,0,0.999972
55000900271031,2022-03-07,1,0,0.999972
55000900271031,2022-03-08,1,0,0.999972
55000900271031,2022-03-09,1,0,0.999972
55000900271031,2022-03-10,1,0,0.999972
55000900271031,2022-03-11,1,0,0.999972
55000900271031,2022-03-12,1,0,0.999972
55000900271031,2022-03-14,1,0,0.999972
55000900271031,2022-03-15,1,0,0.999972
55000900271031,2022-03-16,1,0,0.999972
55000900271031,2022-03-17,1,0,0.999972
55000900271031,2022-03-18,1,0,0.999972
55000900271031,2022-03-19,1,0,0.999972
55000900271031,2022-03-20,1,0,0.999972
55000900271031,2022-03-21,1,0,0.999972
55000900271031,2022-03-22,1,0,0.999972
55000900271031,2022-03-23,1,0,0.999972
55000900271031,2022-03-24,1,0,0.999972
55000900271031,2022-03-25,1,0,0.999972
55000900271031,2022-03-26,1,0,0.999972
55000900271031,2022-03-27,1,0,0.999972
55000900271031,2022-03-28,1,0,0.999972
55000900271031,2022-03-29,1,0,0.999972
55000900271031,2022-03-30,1,0,0.999972
55000900271031,2022-03-31,1,0,0.999972
55000900271031,2022-04-01,1,0,0.999972
55000900271031,2022-04-02,1,0,0.999972
55000900271031,2022-04-03,1,0,0.999972
55000900271031,2022-04-04,1,0,0.999972
55000900271031,2022-04-05,1,0,0.999972
55000900271031,2022-04-06,1,0,0.999972
55000900271031,2022-04-07,1,0,0.999972
55000900271031,2022-04-08,1,0,0.999972
55000900271031,2022-04-09,1,0,0.999972
55000900271031,2022-04-10,1,0,0.999972
55000900271031,2022-04-11,1,0,0.999972
55000900271031,2022-04-12,1,0,0.999972
55000900271031,2022-04-13,1,0,0.999972
55000900271031,2022-04-14,1,0,0.999972
55000900271031,2022-04-15,1,0,0.999972
55000900271031,2022-04-16,1,0,0.999972
55000900271031,2022-04-17,1,0,0.999972
55000900271031,2022-04-18,1,0,0.999972
55000900271031,2022-04-19,1,0,0.999972
55000900271031,2022-04-20,1,0,0.999972
55000900271031,2022-04-21,1,0,0.999972
55000900271031,2022-04-22,1,0,0.999972
55000900271031,2022-04-23,1,0,0.999972
55000900271031,2022-04-24,1,0,0.999972
55000900271031,2022-04-25,1,0,0.999972
55000900271031,2022-04-26,1,0,0.999972
55000900271031,2022-04-27,1,0,0.999972
55000900271031,2022-04-28,1,0,0.999972
55000900271031,2022-04-29,1,0,0.999972
55000900271031,2022-04-30,1,0,0.999972
55000900271031,2022-05-01,1,0,0.999972
55000900271031,2022-05-02,1,0,0.999972
55000900271031,2022-05-03,1,0,0.999972
55000900271031,2022-05-04,1,0,0.999972
55000900271031,2022-05-05,1,0,0.999972
55000900271031,2022-05-06,1,0,0.999972
55000900271031,2022-05-07,1,0,0.999972
55000900271031,2022-05-08,1,0,0.999972
55000900271031,2022-05-09,1,0,0.999972
55000900271031,2022-05-10,1,0,0.999972
55000900271031,2022-05-11,1,0,0.999972
55000900271031,2022-05-12,1,0,0.999972
55000900271031,2022-05-13,1,0,0.999972
55000900271031,2022-05-14,1,0,0.999972
55000900271031,2022-05-15,1,0,0.999972
55000900271031,2022-05-16,1,0,0.999972
55000900271031,2022-05-17,1,0,0.999972
55000900271031,2022-05-18,1,0,0.999972
55000900271031,2022-05-19,1,0,0.999972
55000900271031,2022-05-20,1,0,0.999972
55000900271031,2022-05-21,1,0,0.999972
55000900271031,2022-05-22,1,0,0.999972
55000900271031,2022-05-23,1,0,0.999972
55000900271031,2022-05-24,1,0,0.999972
55000900271031,2022-05-25,1,0,0.999972
55000900271031,2022-05-26,1,0,0.999972
55000900271031,2022-05-27,1,0,0.999972
55000900271031,2022-05-28,1,0,0.999972
55000900271031,2022-05-29,1,0,0.999972
55000900271031,2022-05-30,1,0,0.999972
55000900271031,2022-05-31,1,0,0.999972
55000900271031,2022-06-01,1,0,0.999972
55000900271031,2022-06-02,1,0,0.999972
55000900271031,2022-06-03,1,0,0.999972
55000900271031,2022-06-04,1,0,0.999972
55000900271031,2022-06-05,1,0,0.999972
55000900271031,2022-06-06,1,0,0.999972
55000900271031,2022-06-07,1,0,0.999972
55000900271031,2022-06-08,1,0,0.999972
55000900271031,2022-06-09,1,0,0.999972
55000900271031,2022-06-10,1,0,0.999972
55000900271031,2022-06-11,1,0,0.999972
55000900271031,2022-06-12,1,0,0.999972
55000900271031,2022-06-13,1,0,0.999972
55000900271031,2022-06-14,1,0,0.999972
55000900271031,2022-06-15,1,0,0.999972
55000900271031,2022-06-16,1,0,0.999972
55000900271031,2022-06-17,1,0,0.999972
55000900271031,2022-06-18,1,0,0.999972
55000900271031,2022-06-19,1,0,0.999972
55000900271031,2022-06-20,1,0,0.999972
55000900271031,2022-06-21,1,0,0.999972
55000900271031,2022-06-22,1,0,0.999972
55000900271031,2022-06-23,1,0,0.999972
55000900271031,2022-06-24,1,0,0.999972
55000900271031,2022-06-25,1,0,0.999972
55000900271031,2022-06-26,1,0,0.999972
55000900271031,2022-06-27,1,0,0.999972
55000900271031,2022-06-28,1,0,0.999972
55000900271031,2022-06-29,1,0,0.999972
55000900271031,2022-06-30,1,0,0.999972
55000900271031,2022-07-01,1,0,0.999972
55000900271031,2022-07-02,1,0,0.999972
55000900271031,2022-07-03,1,0,0.999972
55000900271031,2022-07-04,1,0,0.999972
55000900271031,2022-07-05,1,0,0.999972
55000900271031,2022-07-06,1,0,0.999972
55000900271031,2022-07-07,1,0,0.999972
55000900271031,2022-07-08,1,0,0.999972
55000900271031,2022-07-09,1,0,0.999972
55000900271031,2022-07-10,1,0,0.999972
55000900271031,2022-07-11,1,0,0.999972
55000900271031,2022-07-12,1,0,0.999972
55000900271031,2022-07-13,1,0,0.999972
55000900271031,2022-07-14,1,0,0.999972
55000900271031,2022-07-15,1,0,0.999972
55000900271031,2022-07-16,1,0,0.999972
55000900271031,2022-07-17,1,0,0.999972
55000900271031,2022-07-18,1,0,0.999972
55000900271031,2022-07-19,1,0,0.999972
55000900271031,2022-07-20,1,0,0.999972
55000900271031,2022-07-21,1,0,0.999972
55000900271031,2022-07-22,1,0,0.999972
55000900271031,2022-07-23,1,0,0.999972
55000900271031,2022-07-24,1,0,0.999972
55000900271031,2022-07-25,1,0,0.999972
55000900271031,2022-07-26,1,0,0.999972
55000900271031,2022-07-27,1,0,0.999972
55000900271031,2022-07-28,1,0,0.999972
55000900271031,2022-07-29,1,0,0.999972
55000900271031,2022-07-30,1,0,0.999972
55000900271031,2022-07-31,1,0,0.999972
55000900271031,2022-08-01,1,0,0.999972
55000900271031,2022-08-02,1,0,0.999972
55000900271031,2022-08-03,1,0,0.999972
55000900271031,2022-08-04,1,0,0.999972
55000900271031,2022-08-05,1,0,0.999972
55000900271031,2022-08-06,1,0,0.999972
55000900271031,2022-08-07,1,0,0.999972
55000900271031,2022-08-08,1,0,0.999972
55000900271031,2022-08-09,1,0,0.999972
55000900271031,2022-08-10,1,0,0.999972
55000900271031,2022-08-11,1,0,0.999972
55000900271031,2022-08-12,1,0,0.999972
55000900271031,2022-08-13,1,0,0.999972
55000900271031,2022-08-14,1,0,0.999972
55000900271031,2022-08-15,1,0,0.999972
55000900271031,2022-08-16,1,0,0.999972
55000900271031,2022-08-17,1,0,0.999972
55000900271031,2022-08-18,1,0,0.999972
55000900271031,2022-08-19,1,0,0.999972
55000900271031,2022-08-20,1,0,0.999972
55000900271031,2022-08-21,1,0,0.999972
55000900271031,2022-08-22,1,0,0.999972
55000900271031,2022-08-23,1,0,0.999972
55000900271031,2022-08-24,1,0,0.999972
55000900271031,2022-08-25,1,0,0.999972
55000900271031,2022-08-26,1,0,0.999972
55000900271031,2022-08-27,1,0,0.999972
55000900271031,2022-08-28,1,0,0.999972
55000900271031,2022-08-29,1,0,0.999972
55000900271031,2022-08-30,1,0,0.999972
55000900271031,2022-08-31,1,0,0.999972
55000900271031,2022-09-01,1,0,0.999972
55000900271031,2022-09-02,1,0,0.999972
55000900271031,2022-09-03,1,0,0.999972
55000900271031,2022-09-04,1,0,0.999972
55000900271031,2022-09-05,1,0,0.999972
55000900271031,2022-09-06,1,0,0.999972
55000900271031,2022-09-07,1,0,0.999972
55000900271031,2022-09-08,0,0,0.999972
55000900271031,2022-09-09,1,0,0.999972
55000900271031,2022-09-10,1,0,0.999972
55000900271031,2022-09-11,1,0,0.9999672
55000900271031,2022-09-12,1,0,0.99996686
55000900271031,2022-09-13,1,0,0.9999691
55000900271031,2022-09-14,1,0,0.9999707
55000900271031,2022-09-15,0,0,0.99997413
55000900271031,2022-09-16,1,0,0.9999709
55000900271031,2022-09-17,1,0,0.9999728
55000900271031,2022-09-18,1,0,0.9999678
55000900271031,2022-09-19,1,0,0.99996674
55000900271031,2022-09-20,0,0,0.9999691
55000900271031,2022-09-21,1,0,0.9999708
55000900271031,2022-09-22,1,0,0.99997413
55000900271031,2022-09-23,1,0,0.9999635
55000900271031,2022-09-24,0,0,0.99996674
55000900271031,2022-09-25,0,0,0.999969
55000900271031,2022-09-26,0,0,0.9999708
55000900271031,2022-09-27,0,0,0.999969
55000900271031,2022-09-28,0,0,0.99997675
55000900271031,2022-09-29,1,0,0.99997246
55000900271031,2022-09-30,1,0,0.99996936
55000900271031,2022-10-01,1,0,0.9999682
55000900271031,2022-10-02,0,0,0.99996805
55000900271031,2022-10-03,0,0,0.9999683
55000900271031,2022-10-04,0,0,0.9999716
55000900271031,2022-10-05,0,0,0.9999703
55000900271031,2022-10-06,0,0,0.99997675
55000900271031,2022-10-07,0,0,0.9999715
55000900271031,2022-10-08,0,0,0.9999684
55000900271031,2022-10-09,0,0,0.9999672
55000900271031,2022-10-10,0,0,0.9999671
55000900271031,2022-10-11,0,0,0.99996674
55000900271031,2022-10-12,0,0,0.9999665
55000900271031,2022-10-13,0,0,0.99996614
55000900271031,2022-10-14,0,0,0.9999658
55000900271031,2022-10-15,0,0,0.99996483
55000900271031,2022-10-16,0,0,0.9999645
55000900271031,2022-10-17,0,0,0.99996424
55000900271031,2022-10-18,0,0,0.9999641
55000900271031,2022-10-19,0,0,0.99996364
55000900271031,2022-10-20,0,0,0.99996257
55000900271031,2022-10-21,1,0,0.99996257
55000900271031,2022-10-22,1,0,0.9999583
55000900271031,2022-10-23,1,0,0.99996126
55000900271031,2022-10-24,1,0,0.9999732
55000900271031,2022-10-25,1,0,0.999966
55000900271031,2022-10-26,1,0,0.9999713
55000900271031,2022-10-27,1,0,0.99997115
55000900271031,2022-10-28,1,0,0.99997044
55000900271031,2022-10-29,1,0,0.99997175
55000900271031,2022-10-30,1,0,0.9999708
55000900271031,2022-10-31,1,0,0.99997103
55000900271031,2022-11-01,1,0,0.9999708
55000900271031,2022-11-02,1,0,0.99995995
55000900271031,2022-11-03,1,0,0.99995196
55000900271031,2022-11-04,1,0,0.99995315
55000900271031,2022-11-05,1,0,0.99995685
55000900271031,2022-11-06,1,0,0.9999634
55000900271031,2022-11-07,1,0,0.9999641
55000900271031,2022-11-08,1,0,0.99996483
55000900271031,2022-11-09,1,0,0.99996674
55000900271031,2022-11-10,1,0,0.99998236
55000900271031,2022-11-11,1,0,0.99997485
55000900271031,2022-11-12,1,0,0.9999732
55000900271031,2022-11-13,1,0,0.9999722
55000900271031,2022-11-14,1,0,0.9999721
55000900271031,2022-11-15,1,0,0.99997246
55000900271031,2022-11-16,1,0,0.99997294
55000900271031,2022-11-17,1,0,0.99997294
55000900271031,2022-11-18,1,0,0.9999727
55000900271031,2022-11-19,1,0,0.9999726
55000900271031,2022-11-20,1,0,0.99997234
55000900271031,2022-11-21,1,0,0.99997234
55000900271031,2022-11-22,1,0,0.999972
55000900271031,2022-11-23,1,0,0.999972
55000900271031,2022-11-24,1,0,0.999972
55000900271031,2022-11-25,1,0,0.999972
55000900271031,2022-11-26,1,0,0.999972
55000900271031,2022-11-27,1,0,0.999972
55000900271031,2022-11-28,1,0,0.999972
55000900271031,2022-11-29,1,0,0.999972
55000900271031,2022-11-30,1,0,0.999972
55000900271031,2022-12-01,1,0,0.999972
55000900271031,2022-12-02,1,0,0.999972
55000900271031,2022-12-03,1,0,0.999972
55000900271031,2022-12-04,1,0,0.999972
55000900271031,2022-12-05,1,0,0.999972
55000900271031,2022-12-06,1,0,0.999972
55000900271031,2022-12-07,1,0,0.999972
55000900271031,2022-12-08,1,0,0.999972
55000900271031,2022-12-09,1,0,0.999972
55000900271031,2022-12-10,1,0,0.999972
55000900271031,2022-12-11,1,0,0.999972
55000900271031,2022-12-12,1,0,0.999972
55000900271031,2022-12-13,1,0,0.999972
55000900271031,2022-12-14,1,0,0.999972
55000900271031,2022-12-15,1,0,0.999972
55000900271031,2022-12-16,1,0,0.999972
55000900271031,2022-12-17,1,0,0.999972
55000900271031,2022-12-18,1,0,0.999972
55000900271031,2022-12-19,1,0,0.999972
55000900271031,2022-12-20,1,0,0.999972
55000900271031,2022-12-21,1,0,0.999972
55000900271031,2022-12-22,1,0,0.999972
55000900271031,2022-12-23,1,0,0.999972
55000900271031,2022-12-24,1,0,0.999972
55000900271031,2022-12-25,1,0,0.999972
55000900271031,2022-12-26,1,0,0.999972
55000900271031,2022-12-27,1,0,0.999972
55000900271031,2022-12-28,1,0,0.999972
55000900271031,2022-12-29,1,0,0.999972
55000900271031,2022-12-30,1,0,0.999972
55000900271031,2022-12-31,1,0,0.999972
55000900271031,2023-01-01,1,0,0.999972
55000900271031,2023-01-02,1,0,0.999972
55000900271031,2023-01-03,1,0,0.999972
55000900271031,2023-01-26,1,0,0.999972
55000900271031,2023-01-27,1,0,0.999972
55000900271031,2023-01-28,1,0,0.999972
55000900271031,2023-01-29,1,0,0.999972
55000900271031,2023-01-30,1,0,0.999972
55000900271031,2023-01-31,1,0,0.999972
55000900271031,2023-02-01,1,0,0.999972
55000900271031,2023-02-02,1,0,0.999972
55000900271031,2023-02-03,1,0,0.999972
55000900271031,2023-02-04,1,0,0.999972
55000900271031,2023-02-05,1,0,0.999972
55000900271031,2023-02-06,1,0,0.999972
55000900271031,2023-02-07,1,0,0.999972
55000900271031,2023-02-08,1,0,0.999972
55000900271031,2023-02-09,1,0,0.999972
55000900271031,2023-02-10,1,0,0.999972
55000900271031,2023-02-11,1,0,0.999972
55000900271031,2023-02-12,1,0,0.999972
55000900271031,2023-02-13,1,0,0.999972
55000900271031,2023-02-14,1,0,0.999972
55000900271031,2023-02-15,1,0,0.999972
55000900271031,2023-02-16,1,0,0.999972
55000900271031,2023-02-17,1,0,0.999972
55000900271031,2023-02-18,1,0,0.999972
55000900271031,2023-02-19,1,0,0.999972
55000900271031,2023-02-20,1,0,0.999972
55000900271031,2023-02-21,1,0,0.999972
55000900271031,2023-02-22,1,0,0.999972
55000900271031,2023-02-23,1,0,0.999972
55000900271031,2023-02-24,1,0,0.999972
55000900271031,2023-02-25,1,0,0.999972
55000900271031,2023-02-26,1,0,0.999972
55000900271031,2023-02-27,1,0,0.999972
55000900271031,2023-02-28,1,0,0.999972
55000900271031,2023-03-01,1,0,0.999972
55000900271031,2023-03-02,1,0,0.999972
55000900271031,2023-03-03,1,0,0.999972
55000900271031,2023-03-04,1,0,0.999972
55000900271031,2023-03-05,1,0,0.999972
55000900271031,2023-03-06,1,0,0.999972
55000900271031,2023-03-07,1,0,0.999972
55000900271031,2023-03-08,1,0,0.999972
55000900271031,2023-03-09,1,0,0.999972
55000900271031,2023-03-10,1,0,0.999972
55000900271031,2023-03-11,1,0,0.999972
55000900271031,2023-03-13,1,0,0.999972
55000900271031,2023-03-14,1,0,0.999972
55000900271031,2023-03-15,1,0,0.999972
55000900271031,2023-03-16,1,0,0.999972
55000900271031,2023-03-17,1,0,0.999972
55000900271031,2023-03-18,1,0,0.999972
55000900271031,2023-03-19,1,0,0.999972
55000900271031,2023-03-20,1,0,0.999972
55000900271031,2023-03-21,1,0,0.999972
55000900271031,2023-03-22,1,0,0.999972
55000900271031,2023-03-23,1,0,0.999972
55000900271031,2023-03-24,1,0,0.999972
55000900271031,2023-03-25,1,0,0.999972
55000900271031,2023-03-26,1,0,0.999972
55000900271031,2023-03-27,1,0,0.999972
55000900271031,2023-03-28,1,0,0.999972
55000900271031,2023-03-29,1,0,0.999972
55000900271031,2023-03-30,1,0,0.999972
55000900271031,2023-03-31,1,0,0.999972
55000900271031,2023-04-01,1,0,0.999972
55000900271031,2023-04-02,1,0,0.999972
55000900271031,2023-04-03,1,0,0.999972
55000900271031,2023-04-04,1,0,0.999972
55000900271031,2023-04-05,1,0,0.999972
55000900271031,2023-04-06,1,0,0.999972
55000900271031,2023-04-07,1,0,0.999972
55000900271031,2023-04-08,1,0,0.999972
55000900271031,2023-04-09,1,0,0.999972
55000900271031,2023-04-10,1,0,0.999972
55000900271031,2023-04-11,1,0,0.999972
55000900271031,2023-04-12,1,0,0.999972
55000900271031,2023-04-13,1,0,0.999972
55000900271031,2023-04-14,1,0,0.999972
55000900271031,2023-04-15,1,0,0.999972
55000900271031,2023-04-16,1,0,0.999972
55000900271031,2023-04-17,1,0,0.999972
55000900271031,2023-04-18,1,0,0.999972
55000900271031,2023-04-19,1,0,0.999972
55000900271031,2023-04-20,1,0,0.999972
55000900271635,2020-09-29,1,1,0.9939856
55000900271635,2020-09-30,1,1,0.97029006
55000900271635,2020-10-01,1,1,0.996382
55000900271635,2020-10-02,1,1,0.999127
55000900271635,2020-10-03,1,1,0.9986104
55000900271635,2020-10-04,1,1,0.9981768
55000900271635,2020-10-05,1,1,0.99737704
55000900271635,2020-10-06,1,1,0.9977356
55000900271635,2020-10-07,1,1,0.9960349
55000900271635,2020-10-08,1,1,0.99755424
55000900271635,2020-10-09,1,1,0.9974963
55000900271635,2020-10-10,1,1,0.99508214
55000900271635,2020-10-11,1,1,0.9301797
55000900271635,2020-10-12,1,1,0.91272825
55000900271635,2020-10-13,1,1,0.99814916
55000900271635,2020-10-14,1,1,0.99877065
55000900271635,2020-10-15,1,1,0.9939703
55000900271635,2020-10-16,1,1,0.9960861
55000900271635,2020-10-17,1,1,0.99697685
55000900271635,2020-10-18,1,1,0.9909956
55000900271635,2020-10-19,1,1,0.997844
55000900271635,2020-10-20,1,0,0.99947387
55000900271635,2020-10-21,1,0,0.99953926
55000900272209,2020-09-29,1,1,0.99990356
55000900272209,2020-09-30,1,1,0.9999831
55000900272209,2020-10-01,1,1,0.99995613
55000900272209,2020-10-02,1,1,0.999801
55000900272209,2020-10-03,1,1,0.99941146
55000900272209,2020-10-04,1,1,0.9995316
55000900272209,2020-10-05,1,1,0.9996581
55000900272209,2020-10-06,1,1,0.9998086
55000900272209,2020-10-07,1,1,0.99994385
55000900272209,2020-10-08,1,1,0.99989736
55000900272209,2020-10-09,1,1,0.9999249
55000900272209,2020-10-10,1,1,0.9997396
55000900272209,2020-10-11,1,1,0.99968493
55000900272209,2020-10-12,1,1,0.9998281
55000900272209,2020-10-13,1,1,0.99996865
55000900272209,2020-10-14,1,1,0.99997175
55000900272209,2020-10-15,1,1,0.9999689
55000900272209,2020-10-16,1,1,0.9999708
55000900272209,2020-10-17,1,1,0.9999795
55000900272209,2020-10-18,1,0,0.9999838
55000900272209,2020-10-19,1,0,0.99998856
55000900272714,2020-09-29,1,1,0.9999918
55000900272714,2020-09-30,1,1,0.9999927
55000900272714,2020-10-01,1,1,0.9999919
55000900272714,2020-10-02,1,1,0.9999894
55000900272714,2020-10-03,1,1,0.99998546
55000900272714,2020-10-04,1,1,0.9999794
55000900272714,2020-10-05,1,1,0.99998474
55000900272714,2020-10-06,1,1,0.9999881
55000900272714,2020-10-07,1,1,0.99998593
55000900272714,2020-10-08,1,1,0.9999858
55000900272714,2020-10-09,1,1,0.9999844
55000900272714,2020-10-10,1,1,0.99998343
55000900272714,2020-10-11,1,1,0.9999846
55000900272714,2020-10-12,1,1,0.9999827
55000900272714,2020-10-13,1,1,0.99999225
55000900272714,2020-10-14,1,1,0.9999896
55000900272714,2020-10-15,1,1,0.99999213
55000900272714,2020-10-16,1,1,0.99999166
55000900272714,2020-10-17,1,1,0.9999914
55000900272714,2020-10-18,1,1,0.99999464
55000900272714,2020-10-19,1,0,0.99999225
55000900272714,2020-10-20,1,0,0.9999927
