site_id,target_date,true_wetdry,label_is_hobo,pred_wetdry_prob
55000900029021,2020-09-29,1,8,0.99999404
55000900029021,2020-09-30,1,8,0.9999474
55000900029021,2020-10-01,1,8,0.9999963
55000900029021,2020-10-02,1,8,0.99952793
55000900029021,2020-10-03,1,8,0.9998084
55000900029021,2020-10-04,1,8,0.99989927
55000900029021,2020-10-05,1,8,0.9997607
55000900029021,2020-10-06,1,8,0.9999769
55000900029021,2020-10-07,1,8,0.999969
55000900029021,2020-10-08,1,8,0.99991417
55000900029021,2020-10-09,1,8,0.9999418
55000900029021,2020-10-10,1,8,0.99998426
55000900029021,2020-10-11,1,8,0.9999708
55000900029021,2020-10-12,1,8,0.9999763
55000900029021,2020-10-13,1,8,0.99998605
55000900029021,2020-10-14,1,8,0.99998856
55000900029021,2020-10-15,1,8,0.99999666
55000900029021,2020-10-16,1,8,0.9999938
55000900029021,2020-10-17,1,8,0.9999969
55000900029021,2020-10-18,1,8,0.9999895
55000900029021,2020-10-19,1,8,0.9999844
55000900029021,2020-10-20,1,8,0.99995244
55000900029021,2020-10-21,1,0,0.99999464
55000900029021,2020-10-22,1,0,0.99994695
55000900029021,2020-10-23,1,0,0.99999034
55000900029021,2020-10-24,1,0,0.99999845
55000900029021,2020-10-25,1,0,0.9999937
55000900029021,2020-10-26,1,0,0.9999974
55000900029021,2020-10-27,1,0,0.999997
55000900029021,2020-10-28,1,0,0.9999918
55000900029021,2020-10-29,0,0,0.9999527
55000900029021,2020-10-30,1,0,0.9999317
55000900029021,2020-10-31,1,0,0.9999771
55000900029021,2020-11-01,1,0,0.9921216
55000900029021,2020-11-02,0,0,0.99025893
55000900029021,2020-11-03,0,0,0.96668005
55000900029021,2020-11-04,0,0,0.9795894
55000900029021,2020-11-05,1,0,0.6478512
55000900029021,2020-11-06,1,0,0.18796161
55000900029021,2020-11-07,1,0,0.20031491
55000900029021,2020-11-08,1,0,0.9255436
55000900029021,2020-11-09,1,0,0.9939932
55000900029021,2020-11-10,1,0,0.9998023
55000900029021,2020-11-11,1,0,0.9999186
55000900029021,2020-11-12,1,0,0.9999727
55000900029021,2020-11-13,1,0,0.9999814
55000900029021,2020-11-14,1,0,0.9999802
55000900029021,2020-11-15,1,0,0.9999672
55000900029021,2020-11-16,1,0,0.9999676
55000900029021,2020-11-17,1,0,0.999998
55000900029021,2020-11-18,1,0,0.9999964
55000900029021,2020-11-19,1,0,0.99999475
55000900029021,2020-11-20,1,0,0.9999993
55000900029021,2020-11-21,1,0,0.99999964
55000900029021,2020-11-22,1,0,0.99999964
55000900029021,2020-11-23,1,0,0.99999607
55000900029021,2020-11-24,1,0,0.9999968
55000900029021,2020-11-25,1,0,0.99999213
55000900029021,2020-11-26,1,0,0.99999213
55000900029021,2020-11-27,1,0,0.9999597
55000900029021,2020-11-28,1,0,0.9999869
55000900029021,2020-11-29,1,0,0.9999927
55000900029021,2020-11-30,1,0,0.9999962
55000900029021,2020-12-01,1,0,0.99999523
55000900029021,2020-12-02,1,0,0.9999368
55000900029021,2020-12-03,1,0,0.99995565
55000900029021,2020-12-04,1,0,0.9999802
55000900029021,2020-12-05,1,0,0.99999726
55000900029021,2020-12-06,1,0,0.9999709
55000900029021,2020-12-07,1,0,0.9998367
55000900029021,2020-12-08,1,0,0.99995697
55000900029021,2020-12-09,1,0,0.9999852
55000900029021,2020-12-10,1,0,0.9999999
55000900029021,2020-12-11,1,0,0.9999974
55000900029021,2020-12-12,1,0,0.99999595
55000900029021,2020-12-13,1,0,0.9999994
55000900029021,2020-12-14,1,0,0.99999535
55000900029021,2020-12-15,1,0,0.9999975
55000900029021,2020-12-16,1,0,0.9999865
55000900029021,2020-12-17,1,0,0.99999726
55000900029021,2020-12-18,1,0,0.99998546
55000900029021,2020-12-19,1,0,0.9999889
55000900029021,2020-12-20,1,0,0.99999785
55000900029021,2020-12-21,1,0,0.9999833
55000900029021,2020-12-22,1,0,0.9998697
55000900029021,2020-12-23,1,0,0.99999285
55000900029021,2020-12-24,1,0,0.99999976
55000900029021,2020-12-25,1,0,0.999995
55000900029021,2020-12-26,1,0,0.99999523
55000900029021,2020-12-27,1,0,0.9999995
55000900029021,2020-12-28,1,0,0.9999987
55000900029021,2020-12-29,1,0,0.9999987
55000900029021,2020-12-30,1,0,0.9999845
55000900029021,2020-12-31,1,0,0.99999607
55000900029021,2021-01-01,1,0,0.9999975
55000900029021,2021-01-02,1,0,0.9999944
55000900029021,2021-01-03,1,0,0.99999905
55000900029021,2021-01-04,1,0,0.9999938
55000900029021,2021-01-05,1,0,0.9999927
55000900029021,2021-01-06,1,0,0.9999852
55000900029021,2021-01-07,1,0,0.9999924
55000900029021,2021-01-08,1,0,0.99998593
55000900029021,2021-01-09,1,0,0.9999912
55000900029021,2021-01-10,1,0,0.9999857
55000900029021,2021-01-11,1,0,0.99998355
55000900029021,2021-01-12,1,0,0.9999838
55000900029021,2021-01-13,1,0,0.99999094
55000900029021,2021-01-14,1,0,0.999985
55000900029021,2021-01-15,1,0,0.99998367
55000900029021,2021-01-16,1,0,0.99998343
55000900029021,2021-01-17,1,0,0.9999857
55000900029021,2021-01-18,1,0,0.99998486
55000900029021,2021-01-19,1,0,0.99998355
55000900029021,2021-01-20,1,0,0.9999833
55000900029021,2021-01-21,1,0,0.99998295
55000900029021,2021-01-22,1,0,0.9999827
55000900029021,2021-01-23,1,0,0.99998975
55000900029021,2021-01-24,1,0,0.99998665
55000900029021,2021-01-25,1,0,0.99997365
55000900029021,2021-01-26,1,0,0.9999825
55000900029021,2021-01-27,1,0,0.9999919
55000900029021,2021-01-28,1,0,0.99998665
55000900029021,2021-01-29,1,0,0.9999893
55000900029021,2021-01-30,1,0,0.99998605
55000900029021,2021-01-31,1,0,0.99998236
55000900029021,2021-02-01,1,0,0.99998605
55000900029021,2021-02-02,1,0,0.99998605
55000900029021,2021-02-03,1,0,0.99998605
55000900029021,2021-02-04,1,0,0.99998605
55000900029021,2021-02-05,1,0,0.99998605
55000900029021,2021-02-06,1,0,0.99998605
55000900029021,2021-02-07,1,0,0.99998605
55000900029021,2021-02-08,1,0,0.99998605
55000900029021,2021-02-09,1,0,0.99998605
55000900029021,2021-02-10,1,0,0.99998605
55000900029021,2021-02-11,1,0,0.99998605
55000900029021,2021-02-12,1,0,0.99998605
55000900029021,2021-02-13,1,0,0.99998605
55000900029021,2021-02-14,1,0,0.99998605
55000900029021,2021-02-15,1,0,0.99998605
55000900029021,2021-02-16,1,0,0.99998605
55000900029021,2021-02-17,1,0,0.99998605
55000900029021,2021-02-18,1,0,0.99998605
55000900029021,2021-02-19,1,0,0.99998605
55000900029021,2021-02-20,1,0,0.99998605
55000900029021,2021-02-21,1,0,0.99998605
55000900029021,2021-02-22,1,0,0.99998605
55000900029021,2021-02-23,1,0,0.99998605
55000900029021,2021-02-24,1,0,0.99998605
55000900029021,2021-02-25,1,0,0.99998605
55000900029021,2021-02-26,1,0,0.99998605
55000900029021,2021-02-27,1,0,0.99998605
55000900029021,2021-02-28,1,0,0.99998605
55000900029021,2021-03-01,1,0,0.99998605
55000900029021,2021-03-02,1,0,0.99998605
55000900029021,2021-03-03,1,0,0.99998605
55000900029021,2021-03-04,1,0,0.99998605
55000900029021,2021-03-05,1,0,0.99998605
55000900029021,2021-03-06,1,0,0.99998605
55000900029021,2021-03-07,1,0,0.99998605
55000900029021,2021-03-08,1,0,0.99998605
55000900029021,2021-03-09,1,0,0.99998605
55000900029021,2021-03-10,1,0,0.99998605
55000900029021,2021-03-11,1,0,0.99998605
55000900029021,2021-03-12,1,0,0.99998605
55000900029021,2021-03-13,1,0,0.99998605
55000900029021,2021-03-15,1,0,0.99998605
55000900029021,2021-03-16,1,0,0.99998605
55000900029021,2021-03-17,1,0,0.99998605
55000900029021,2021-03-18,1,0,0.99998605
55000900029021,2021-03-19,1,0,0.99998605
55000900029021,2021-03-20,1,0,0.99998605
55000900029021,2021-03-21,1,0,0.99998605
55000900029021,2021-03-22,1,0,0.99998605
55000900029021,2021-03-23,1,0,0.99998605
55000900029021,2021-03-24,1,0,0.99998605
55000900029021,2021-03-25,1,0,0.99998605
55000900029021,2021-03-26,1,0,0.99998605
55000900029021,2021-03-27,1,0,0.99998605
55000900029021,2021-03-28,1,0,0.99998605
55000900029021,2021-03-29,1,0,0.99998605
55000900029021,2021-03-30,1,0,0.99998605
55000900029021,2021-03-31,1,0,0.99998605
55000900029021,2021-04-01,1,0,0.99998605
55000900029021,2021-04-02,1,0,0.99998605
55000900029021,2021-04-03,1,0,0.99998605
55000900029021,2021-04-04,1,0,0.99998605
55000900029021,2021-04-05,1,0,0.99998605
55000900029021,2021-04-06,1,0,0.99998605
55000900029021,2021-04-07,1,0,0.99998605
55000900029021,2021-04-08,1,0,0.99998605
55000900029021,2021-04-09,1,0,0.99998605
55000900029021,2021-04-10,1,0,0.99998605
55000900029021,2021-04-11,1,0,0.99998605
55000900029021,2021-04-12,1,0,0.99998605
55000900029021,2021-04-13,1,0,0.99998605
55000900029021,2021-04-14,1,0,0.99998605
55000900029021,2021-04-15,1,0,0.99998605
55000900029021,2021-04-16,1,0,0.99998605
55000900029021,2021-04-17,1,0,0.99998605
55000900029021,2021-04-18,1,0,0.99998605
55000900029021,2021-04-19,1,0,0.99998605
55000900029021,2021-04-20,1,0,0.99998605
55000900029021,2021-04-21,1,0,0.99998605
55000900029021,2021-04-22,1,0,0.99998605
55000900029021,2021-04-23,1,0,0.99998605
55000900029021,2021-04-24,1,0,0.99998605
55000900029021,2021-04-25,1,0,0.99998605
55000900029021,2021-04-26,1,0,0.99998605
55000900029021,2021-04-27,1,0,0.99998605
55000900029021,2021-04-28,1,0,0.99998605
55000900029021,2021-04-29,1,0,0.99998605
55000900029021,2021-04-30,1,0,0.99998605
55000900029021,2021-05-01,1,0,0.99998605
55000900029021,2021-05-02,1,0,0.99998605
55000900029021,2021-05-03,1,0,0.99998605
55000900029021,2021-05-04,1,0,0.99998605
55000900029021,2021-05-05,1,0,0.99998605
55000900029021,2021-05-06,1,0,0.99998605
55000900029021,2021-05-07,1,0,0.99998605
55000900029021,2021-05-08,1,0,0.99998605
55000900029021,2021-05-09,1,0,0.99998605
55000900029021,2021-05-10,1,0,0.99998605
55000900029021,2021-05-11,1,0,0.99998605
55000900029021,2021-05-12,1,0,0.99998605
55000900029021,2021-05-13,1,0,0.99998605
55000900029021,2021-05-14,1,0,0.99998605
55000900029021,2021-05-15,1,0,0.99998605
55000900029021,2021-05-16,1,0,0.99998605
55000900029021,2021-05-17,1,0,0.99998605
55000900029021,2021-05-18,1,0,0.99998605
55000900029021,2021-05-19,1,0,0.99998605
55000900029021,2021-05-20,1,0,0.99998605
55000900029021,2021-05-21,1,0,0.99998605
55000900029021,2021-05-22,1,0,0.99998605
55000900029021,2021-05-23,1,0,0.99998605
55000900029021,2021-05-24,1,0,0.99998605
55000900029021,2021-05-25,1,0,0.99998605
55000900029021,2021-05-26,1,0,0.99998605
55000900029021,2021-05-27,1,0,0.99998605
55000900029021,2021-05-28,1,0,0.99998605
55000900029021,2021-05-29,1,0,0.99998605
55000900029021,2021-05-30,1,0,0.99998605
55000900029021,2021-05-31,1,0,0.99998605
55000900029021,2021-06-01,1,0,0.99998605
55000900029021,2021-06-02,1,0,0.99998605
55000900029021,2021-06-03,1,0,0.99998605
55000900029021,2021-06-04,1,0,0.99998605
55000900029021,2021-06-05,1,0,0.99998605
55000900029021,2021-06-06,1,0,0.99998605
55000900029021,2021-06-07,1,0,0.99998605
55000900029021,2021-06-08,1,0,0.99998605
55000900029021,2021-06-09,1,0,0.99998605
55000900029021,2021-06-10,1,0,0.99998605
55000900029021,2021-06-11,1,0,0.99998605
55000900029021,2021-06-12,1,0,0.99998605
55000900029021,2021-06-13,1,0,0.99998605
55000900029021,2021-06-14,1,0,0.99998605
55000900029021,2021-06-15,1,0,0.99998605
55000900029021,2021-06-16,1,0,0.99998605
55000900029021,2021-06-17,1,0,0.99998605
55000900029021,2021-06-18,1,0,0.99998605
55000900029021,2021-06-19,1,0,0.99998605
55000900029021,2021-06-20,1,0,0.99998605
55000900029021,2021-06-21,1,0,0.99998605
55000900029021,2021-06-22,1,0,0.99998605
55000900029021,2021-06-23,1,0,0.99998605
55000900029021,2021-06-24,1,0,0.99998605
55000900029021,2021-06-25,1,0,0.99998605
55000900029021,2021-06-26,1,0,0.99998605
55000900029021,2021-06-27,1,0,0.99998605
55000900029021,2021-06-28,1,0,0.99998605
55000900029021,2021-06-29,1,0,0.99998605
55000900029021,2021-06-30,1,0,0.99998605
55000900029021,2021-07-01,1,0,0.99998605
55000900029021,2021-07-02,1,0,0.99998605
55000900029021,2021-07-03,1,0,0.99998605
55000900029021,2021-07-04,1,0,0.99998605
55000900029021,2021-07-05,1,0,0.99998605
55000900029021,2021-07-06,1,0,0.99998605
55000900029021,2021-07-07,1,0,0.99998605
55000900029021,2021-07-08,1,0,0.99998605
55000900029021,2021-07-09,1,0,0.99998605
55000900029021,2021-07-10,1,0,0.99998605
55000900029021,2021-07-11,1,0,0.99998605
55000900029021,2021-07-12,1,0,0.99998605
55000900029021,2021-07-13,1,0,0.99998605
55000900029021,2021-07-14,1,0,0.99998605
55000900029021,2021-07-15,1,0,0.99998605
55000900029021,2021-07-16,1,0,0.99998605
55000900029021,2021-07-17,1,0,0.99998605
55000900029021,2021-07-18,1,0,0.99998605
55000900029021,2021-07-19,1,0,0.99998605
55000900029021,2021-07-20,1,0,0.99998605
55000900029021,2021-07-21,1,0,0.99998605
55000900029021,2021-07-22,1,0,0.99998605
55000900029021,2021-07-23,1,0,0.99998605
55000900029021,2021-07-24,1,0,0.99998605
55000900029021,2021-07-25,0,0,0.99998605
55000900029021,2021-07-26,1,0,0.99998605
55000900029021,2021-07-27,1,0,0.99998605
55000900029021,2021-07-28,0,0,0.9999968
55000900029021,2021-07-29,0,0,0.9999956
55000900029021,2021-07-30,0,0,0.99999666
55000900029021,2021-07-31,0,0,0.999998
55000900029021,2021-08-01,0,0,0.9999995
55000900029021,2021-08-02,0,0,0.9999995
55000900029021,2021-08-03,0,0,0.9999999
55000900029021,2021-08-04,0,0,0.9999999
55000900029021,2021-08-05,0,0,0.9999999
55000900029021,2021-08-06,0,0,0.9999999
55000900029021,2021-08-07,0,0,0.9999999
55000900029021,2021-08-08,0,0,0.9999999
55000900029021,2021-08-09,0,0,0.9999999
55000900029021,2021-08-10,0,0,0.9999999
55000900029021,2021-08-11,0,0,0.9999999
55000900029021,2021-08-12,0,0,0.9999999
55000900029021,2021-08-13,0,0,0.9999999
55000900029021,2021-08-14,0,0,0.9999999
55000900029021,2021-08-15,0,0,0.9999999
55000900029021,2021-08-16,0,0,0.9999999
55000900029021,2021-08-17,0,0,0.9999999
55000900029021,2021-08-18,0,0,0.9999999
55000900029021,2021-08-19,0,0,0.9999999
55000900029021,2021-08-20,0,0,0.9999999
55000900029021,2021-08-21,0,0,0.9999999
55000900029021,2021-08-22,0,0,0.9999999
55000900029021,2021-08-23,0,0,0.9999999
55000900029021,2021-08-24,0,0,0.9999999
55000900029021,2021-08-25,0,0,0.9999999
55000900029021,2021-08-26,0,0,0.9999999
55000900029021,2021-08-27,0,0,0.9999999
55000900029021,2021-08-28,0,0,0.9999999
55000900029021,2021-08-29,0,0,0.9999999
55000900029021,2021-08-30,0,0,0.9999999
55000900029021,2021-08-31,0,0,0.9999999
55000900029021,2021-09-01,0,0,0.9999999
55000900029021,2021-09-02,0,0,0.9999999
55000900029021,2021-09-03,0,0,0.9999999
55000900029021,2021-09-04,0,0,0.9999999
55000900029021,2021-09-05,0,0,0.9999999
55000900029021,2021-09-06,0,0,0.9999999
55000900029021,2021-09-07,0,0,0.9999999
55000900029021,2021-09-08,0,0,0.9999999
55000900029021,2021-09-09,0,0,0.9999999
55000900029021,2021-09-10,0,0,0.9999999
55000900029021,2021-09-11,0,0,0.9999999
55000900029021,2021-09-12,0,0,0.9999999
55000900029021,2021-09-13,0,0,0.9999999
55000900029021,2021-09-14,0,0,0.9999999
55000900029021,2021-09-15,0,0,0.9999999
55000900029021,2021-09-16,0,0,0.9999999
55000900029021,2021-09-17,0,0,0.9999999
55000900029021,2021-09-18,1,0,0.9999999
55000900029021,2021-09-19,1,0,0.9999999
55000900029021,2021-09-20,1,0,0.9999999
55000900029021,2021-09-21,0,0,0.9999995
55000900029021,2021-09-22,0,0,0.9999995
55000900029021,2021-09-23,0,0,0.9999944
55000900029021,2021-09-24,0,0,0.9999981
55000900029021,2021-09-25,0,0,0.99999964
55000900029021,2021-09-26,0,0,0.99999976
55000900029021,2021-09-27,1,0,0.9999999
55000900029021,2021-09-28,1,0,0.9999999
55000900029021,2021-09-29,1,0,0.9999999
55000900029021,2021-09-30,1,0,0.9999995
55000900029021,2021-10-01,1,0,0.99999964
55000900029021,2021-10-02,0,0,0.9999933
55000900029021,2021-10-03,0,0,0.9999858
55000900029021,2021-10-04,0,0,0.9999876
55000900029021,2021-10-05,0,0,0.9999975
55000900029021,2021-10-06,0,0,0.9999995
55000900029021,2021-10-07,0,0,0.99999964
55000900029021,2021-10-08,0,0,0.9999999
55000900029021,2021-10-09,0,0,0.9999999
55000900029021,2021-10-10,1,0,0.9999999
55000900029021,2021-10-11,1,0,0.9999999
55000900029021,2021-10-12,1,0,0.9999999
55000900029021,2021-10-13,0,0,0.9999995
55000900029021,2021-10-14,1,0,0.99999964
55000900029021,2021-10-15,1,0,0.99999356
55000900029021,2021-10-16,0,0,0.99999845
55000900029021,2021-10-17,1,0,0.9999993
55000900029021,2021-10-18,1,0,0.99999416
55000900029021,2021-10-19,1,0,0.999998
55000900029021,2021-10-20,1,0,0.99999905
55000900029021,2021-10-21,1,0,0.9999937
55000900029021,2021-10-22,1,0,0.9999871
55000900029021,2021-10-23,1,0,0.99998975
55000900029021,2021-10-24,1,0,0.9999876
55000900029021,2021-10-25,1,0,0.99998665
55000900029021,2021-10-26,1,0,0.999985
55000900029021,2021-10-27,1,0,0.9999838
55000900029021,2021-10-28,1,0,0.99998283
55000900029021,2021-10-29,1,0,0.999984
55000900029021,2021-10-30,1,0,0.9999832
55000900029021,2021-10-31,1,0,0.999984
55000900029021,2021-11-01,1,0,0.9999838
55000900029021,2021-11-02,1,0,0.99998474
55000900029021,2021-11-03,1,0,0.9999845
55000900029021,2021-11-04,1,0,0.99998546
55000900029021,2021-11-05,1,0,0.9999857
55000900029021,2021-11-06,1,0,0.9999862
55000900029021,2021-11-07,1,0,0.99998546
55000900029021,2021-11-08,1,0,0.99998593
55000900029021,2021-11-09,1,0,0.99998605
55000900029021,2021-11-10,1,0,0.9999865
55000900029021,2021-11-11,1,0,0.999987
55000900029021,2021-11-12,1,0,0.9999876
55000900029021,2021-11-13,1,0,0.9999865
55000900029021,2021-11-14,1,0,0.9999869
55000900029021,2021-11-15,1,0,0.9999863
55000900029021,2021-11-16,1,0,0.9999863
55000900029021,2021-11-17,1,0,0.9999826
55000900029021,2021-11-18,1,0,0.99998605
55000900029021,2021-11-19,1,0,0.99998605
55000900029021,2021-11-20,1,0,0.99998605
55000900029021,2021-11-21,1,0,0.99998605
55000900029021,2021-11-22,1,0,0.99998605
55000900029021,2021-11-23,1,0,0.99998605
55000900029021,2021-11-24,1,0,0.99998605
55000900029021,2021-11-25,1,0,0.99998605
55000900029021,2021-11-26,1,0,0.99998605
55000900029021,2021-11-27,1,0,0.99998605
55000900029021,2021-11-28,1,0,0.99998605
55000900029021,2021-11-29,1,0,0.99998605
55000900029021,2021-11-30,1,0,0.99998605
55000900029021,2021-12-01,1,0,0.99998605
55000900029021,2021-12-02,1,0,0.99998605
55000900029021,2021-12-03,1,0,0.99998605
55000900029021,2021-12-04,1,0,0.99998605
55000900029021,2021-12-05,1,0,0.99998605
55000900029021,2021-12-06,1,0,0.99998605
55000900029021,2021-12-07,1,0,0.99998605
55000900029021,2021-12-08,1,0,0.99998605
55000900029021,2021-12-09,1,0,0.99998605
55000900029021,2021-12-10,1,0,0.99998605
55000900029021,2021-12-11,1,0,0.99998605
55000900029021,2021-12-12,1,0,0.99998605
55000900029021,2021-12-13,1,0,0.99998605
55000900029021,2021-12-14,1,0,0.99998605
55000900029021,2021-12-15,1,0,0.99998605
55000900029021,2021-12-16,1,0,0.99998605
55000900029021,2021-12-17,1,0,0.99998605
55000900029021,2021-12-18,1,0,0.99998605
55000900029021,2021-12-19,1,0,0.99998605
55000900029021,2021-12-20,1,0,0.99998605
55000900029021,2021-12-21,1,0,0.99998605
55000900029021,2021-12-22,1,0,0.99998605
55000900029021,2021-12-23,1,0,0.99998605
55000900029021,2021-12-24,1,0,0.99998605
55000900029021,2021-12-25,1,0,0.99998605
55000900029021,2021-12-26,1,0,0.99998605
55000900029021,2021-12-27,1,0,0.99998605
55000900029021,2021-12-28,1,0,0.99998605
55000900029021,2021-12-29,1,0,0.99998605
55000900029021,2021-12-30,1,0,0.99998605
55000900029021,2021-12-31,1,0,0.99998605
55000900029021,2022-01-01,1,0,0.99998605
55000900029021,2022-01-02,1,0,0.99998605
55000900029021,2022-01-03,1,0,0.99998605
55000900029021,2022-01-04,1,0,0.99998605
55000900029021,2022-01-05,1,0,0.99998605
55000900029021,2022-01-06,1,0,0.99998605
55000900029021,2022-01-07,1,0,0.99998605
55000900029021,2022-01-08,1,0,0.99998605
55000900029021,2022-01-09,1,0,0.99998605
55000900029021,2022-01-10,1,0,0.99998605
55000900029021,2022-01-11,1,0,0.99998605
55000900029021,2022-01-12,1,0,0.99998605
55000900029021,2022-01-13,1,0,0.99998605
55000900029021,2022-01-14,1,0,0.99998605
55000900029021,2022-01-15,1,0,0.99998605
55000900029021,2022-01-16,1,0,0.99998605
55000900029021,2022-01-17,1,0,0.99998605
55000900029021,2022-01-18,1,0,0.99998605
55000900029021,2022-01-19,1,0,0.99998605
55000900029021,2022-01-20,1,0,0.99998605
55000900029021,2022-01-21,1,0,0.99998605
55000900029021,2022-01-22,1,0,0.99998605
55000900029021,2022-01-23,1,0,0.99998605
55000900029021,2022-01-24,1,0,0.99998605
55000900029021,2022-01-25,1,0,0.99998605
55000900029021,2022-01-26,1,0,0.99998605
55000900029021,2022-01-27,1,0,0.99998605
55000900029021,2022-01-28,1,0,0.99998605
55000900029021,2022-01-29,1,0,0.99998605
55000900029021,2022-01-30,1,0,0.99998605
55000900029021,2022-01-31,1,0,0.99998605
55000900029021,2022-02-01,1,0,0.99998605
55000900029021,2022-02-02,1,0,0.99998605
55000900029021,2022-02-03,1,0,0.99998605
55000900029021,2022-02-04,1,0,0.99998605
55000900029021,2022-02-05,1,0,0.99998605
55000900029021,2022-02-06,1,0,0.99998605
55000900029021,2022-02-07,1,0,0.99998605
55000900029021,2022-02-08,1,0,0.99998605
55000900029021,2022-02-09,1,0,0.99998605
55000900029021,2022-02-10,1,0,0.99998605
55000900029021,2022-02-11,1,0,0.99998605
55000900029021,2022-02-12,1,0,0.99998605
55000900029021,2022-02-13,1,0,0.99998605
55000900029021,2022-02-14,1,0,0.99998605
55000900029021,2022-02-15,1,0,0.99998605
55000900029021,2022-02-16,1,0,0.99998605
55000900029021,2022-02-17,1,0,0.99998605
55000900029021,2022-02-18,1,0,0.99998605
55000900029021,2022-02-19,1,0,0.99998605
55000900029021,2022-02-20,1,0,0.99998605
55000900029021,2022-02-21,1,0,0.99998605
55000900029021,2022-02-22,1,0,0.99998605
55000900029021,2022-02-23,1,0,0.99998605
55000900029021,2022-02-24,1,0,0.99998605
55000900029021,2022-02-25,1,0,0.99998605
55000900029021,2022-02-26,1,0,0.99998605
55000900029021,2022-02-27,1,0,0.99998605
55000900029021,2022-02-28,1,0,0.99998605
55000900029021,2022-03-01,1,0,0.99998605
55000900029021,2022-03-02,1,0,0.99998605
55000900029021,2022-03-03,1,0,0.99998605
55000900029021,2022-03-04,1,0,0.99998605
55000900029021,2022-03-05,1,0,0.99998605
55000900029021,2022-03-06,1,0,0.99998605
55000900029021,2022-03-07,1,0,0.99998605
55000900029021,2022-03-08,1,0,0.99998605
55000900029021,2022-03-09,1,0,0.99998605
55000900029021,2022-03-10,1,0,0.99998605
55000900029021,2022-03-11,1,0,0.99998605
55000900029021,2022-03-12,1,0,0.99998605
55000900029021,2022-03-14,1,0,0.99998605
55000900029021,2022-03-15,1,0,0.99998605
55000900029021,2022-03-16,1,0,0.99998605
55000900029021,2022-03-17,1,0,0.99998605
55000900029021,2022-03-18,1,0,0.99998605
55000900029021,2022-03-19,1,0,0.99998605
55000900029021,2022-03-20,1,0,0.99998605
55000900029021,2022-03-21,1,0,0.99998605
55000900029021,2022-03-22,1,0,0.99998605
55000900029021,2022-03-23,1,0,0.99998605
55000900029021,2022-03-24,1,0,0.99998605
55000900029021,2022-03-25,1,0,0.99998605
55000900029021,2022-03-26,1,0,0.99998605
55000900029021,2022-03-27,1,0,0.99998605
55000900029021,2022-03-28,1,0,0.99998605
55000900029021,2022-03-29,1,0,0.99998605
55000900029021,2022-03-30,1,0,0.99998605
55000900029021,2022-03-31,1,0,0.99998605
55000900029021,2022-04-01,1,0,0.99998605
55000900029021,2022-04-02,1,0,0.99998605
55000900029021,2022-04-03,1,0,0.99998605
55000900029021,2022-04-04,1,0,0.99998605
55000900029021,2022-04-05,1,0,0.99998605
55000900029021,2022-04-06,1,0,0.99998605
55000900029021,2022-04-07,1,0,0.99998605
55000900029021,2022-04-08,1,0,0.99998605
55000900029021,2022-04-09,1,0,0.99998605
55000900029021,2022-04-10,1,0,0.99998605
55000900029021,2022-04-11,1,0,0.99998605
55000900029021,2022-04-12,1,0,0.99998605
55000900029021,2022-04-13,1,0,0.99998605
55000900029021,2022-04-14,1,0,0.99998605
55000900029021,2022-04-15,1,0,0.99998605
55000900029021,2022-04-16,1,0,0.99998605
55000900029021,2022-04-17,1,0,0.99998605
55000900029021,2022-04-18,1,0,0.99998605
55000900029021,2022-04-19,1,0,0.99998605
55000900029021,2022-04-20,1,0,0.99998605
55000900029021,2022-04-21,1,0,0.99998605
55000900029021,2022-04-22,1,0,0.99998605
55000900029021,2022-04-23,1,0,0.99998605
55000900029021,2022-04-24,1,0,0.99998605
55000900029021,2022-04-25,1,0,0.99998605
55000900029021,2022-04-26,1,0,0.99998605
55000900029021,2022-04-27,1,0,0.99998605
55000900029021,2022-04-28,1,0,0.99998605
55000900029021,2022-04-29,1,0,0.99998605
55000900029021,2022-04-30,1,0,0.99998605
55000900029021,2022-05-01,1,0,0.99998605
55000900029021,2022-05-02,1,0,0.99998605
55000900029021,2022-05-03,1,0,0.99998605
55000900029021,2022-05-04,1,0,0.99998605
55000900029021,2022-05-05,1,0,0.99998605
55000900029021,2022-05-06,1,0,0.99998605
55000900029021,2022-05-07,1,0,0.99998605
55000900029021,2022-05-08,1,0,0.99998605
55000900029021,2022-05-09,1,0,0.99998605
55000900029021,2022-05-10,1,0,0.99998605
55000900029021,2022-05-11,1,0,0.99998605
55000900029021,2022-05-12,1,0,0.99998605
55000900029021,2022-05-13,1,0,0.99998605
55000900029021,2022-05-14,1,0,0.99998605
55000900029021,2022-05-15,1,0,0.99998605
55000900029021,2022-05-16,1,0,0.99998605
55000900029021,2022-05-17,1,0,0.99998605
55000900029021,2022-05-18,1,0,0.99998605
55000900029021,2022-05-19,1,0,0.99998605
55000900029021,2022-05-20,1,0,0.99998605
55000900029021,2022-05-21,1,0,0.99998605
55000900029021,2022-05-22,1,0,0.99998605
55000900029021,2022-05-23,1,0,0.99998605
55000900029021,2022-05-24,1,0,0.99998605
55000900029021,2022-05-25,1,0,0.99998605
55000900029021,2022-05-26,1,0,0.99998605
55000900029021,2022-05-27,1,0,0.99998605
55000900029021,2022-05-28,1,0,0.99998605
55000900029021,2022-05-29,1,0,0.99998605
55000900029021,2022-05-30,1,0,0.99998605
55000900029021,2022-05-31,1,0,0.99998605
55000900029021,2022-06-01,1,0,0.99998605
55000900029021,2022-06-02,1,0,0.99998605
55000900029021,2022-06-03,1,0,0.99998605
55000900029021,2022-06-04,1,0,0.99998605
55000900029021,2022-06-05,1,0,0.99998605
55000900029021,2022-06-06,1,0,0.99998605
55000900029021,2022-06-07,1,0,0.99998605
55000900029021,2022-06-08,1,0,0.99998605
55000900029021,2022-06-09,1,0,0.99998605
55000900029021,2022-06-10,1,0,0.99998605
55000900029021,2022-06-11,1,0,0.99998605
55000900029021,2022-06-12,1,0,0.99998605
55000900029021,2022-06-13,1,0,0.99998605
55000900029021,2022-06-14,1,0,0.99998605
55000900029021,2022-06-15,1,0,0.99998605
55000900029021,2022-06-16,1,0,0.99998605
55000900029021,2022-06-17,1,0,0.99998605
55000900029021,2022-06-18,1,0,0.99998605
55000900029021,2022-06-19,1,0,0.99998605
55000900029021,2022-06-20,1,0,0.99998605
55000900029021,2022-06-21,1,0,0.99998605
55000900029021,2022-06-22,1,0,0.99998605
55000900029021,2022-06-23,1,0,0.99998605
55000900029021,2022-06-24,1,0,0.99998605
55000900029021,2022-06-25,1,0,0.99998605
55000900029021,2022-06-26,1,0,0.99998605
55000900029021,2022-06-27,1,0,0.99998605
55000900029021,2022-06-28,1,0,0.99998605
55000900029021,2022-06-29,1,0,0.99998605
55000900029021,2022-06-30,1,0,0.99998605
55000900029021,2022-07-01,1,0,0.99998605
55000900029021,2022-07-02,1,0,0.99998605
55000900029021,2022-07-03,1,0,0.99998605
55000900029021,2022-07-04,1,0,0.99998605
55000900029021,2022-07-05,1,0,0.99998605
55000900029021,2022-07-06,1,0,0.99998605
55000900029021,2022-07-07,1,0,0.99998605
55000900029021,2022-07-08,1,0,0.99998605
55000900029021,2022-07-09,1,0,0.99998605
55000900029021,2022-07-10,1,0,0.99998605
55000900029021,2022-07-11,1,0,0.99998605
55000900029021,2022-07-12,1,0,0.99998605
55000900029021,2022-07-13,1,0,0.99998605
55000900029021,2022-07-14,1,0,0.99998605
55000900029021,2022-07-15,1,0,0.99998605
55000900029021,2022-07-16,1,0,0.99998605
55000900029021,2022-07-17,1,0,0.99998605
55000900029021,2022-07-18,1,0,0.99998605
55000900029021,2022-07-19,1,0,0.99998605
55000900029021,2022-07-20,1,0,0.99998605
55000900029021,2022-07-21,1,0,0.99998605
55000900029021,2022-07-22,1,0,0.99998605
55000900029021,2022-07-23,1,0,0.99998605
55000900029021,2022-07-24,1,0,0.99998605
55000900029021,2022-07-25,1,0,0.99998605
55000900029021,2022-07-26,1,0,0.99998605
55000900029021,2022-07-27,1,0,0.99998605
55000900029021,2022-07-28,1,0,0.99998605
55000900029021,2022-07-29,1,0,0.99998605
55000900029021,2022-07-30,1,0,0.99998605
55000900029021,2022-07-31,1,0,0.99998605
55000900029021,2022-08-01,1,0,0.99998605
55000900029021,2022-08-02,1,0,0.99998605
55000900029021,2022-08-03,1,0,0.99998605
55000900029021,2022-08-04,1,0,0.99998605
55000900029021,2022-08-05,1,0,0.99998605
55000900029021,2022-08-06,1,0,0.99998605
55000900029021,2022-08-07,1,0,0.99998605
55000900029021,2022-08-08,1,0,0.99998605
55000900029021,2022-08-09,1,0,0.99998605
55000900029021,2022-08-10,1,0,0.99998605
55000900029021,2022-08-11,1,0,0.99998605
55000900029021,2022-08-12,1,0,0.99998605
55000900029021,2022-08-13,1,0,0.99998605
55000900029021,2022-08-14,1,0,0.99998605
55000900029021,2022-08-15,1,0,0.99998605
55000900029021,2022-08-16,1,0,0.99998605
55000900029021,2022-08-17,1,0,0.99998605
55000900029021,2022-08-18,1,0,0.99998605
55000900029021,2022-08-19,1,0,0.99998605
55000900029021,2022-08-20,1,0,0.99998605
55000900029021,2022-08-21,1,0,0.99998605
55000900029021,2022-08-22,1,0,0.99998605
55000900029021,2022-08-23,1,0,0.99998605
55000900029021,2022-08-24,1,0,0.99998605
55000900029021,2022-08-25,1,0,0.99998605
55000900029021,2022-08-26,1,0,0.99998605
55000900029021,2022-08-27,1,0,0.99998605
55000900029021,2022-08-28,1,0,0.99998605
55000900029021,2022-08-29,1,0,0.99998605
55000900029021,2022-08-30,1,0,0.99998605
55000900029021,2022-08-31,1,0,0.99998605
55000900029021,2022-09-01,1,0,0.99998605
55000900029021,2022-09-02,1,0,0.99998605
55000900029021,2022-09-03,1,0,0.99998605
55000900029021,2022-09-04,1,0,0.99998605
55000900029021,2022-09-05,1,0,0.99998605
55000900029021,2022-09-06,1,0,0.99998605
55000900029021,2022-09-07,1,0,0.99998605
55000900029021,2022-09-08,1,0,0.99998605
55000900029021,2022-09-09,1,0,0.99998605
55000900029021,2022-09-10,1,0,0.99998605
55000900029021,2022-09-11,1,0,0.99998605
55000900029021,2022-09-12,1,0,0.99998605
55000900029021,2022-09-13,1,0,0.99998605
55000900029021,2022-09-14,1,0,0.99998605
55000900029021,2022-09-15,1,0,0.99998605
55000900029021,2022-09-16,1,0,0.99998605
55000900029021,2022-09-17,1,0,0.99998605
55000900029021,2022-09-18,1,0,0.99998605
55000900029021,2022-09-19,1,0,0.99998605
55000900029021,2022-09-20,1,0,0.99998605
55000900029021,2022-09-21,1,0,0.99998605
55000900029021,2022-09-22,1,0,0.99998605
55000900029021,2022-09-23,1,0,0.99998605
55000900029021,2022-09-24,1,0,0.99998605
55000900029021,2022-09-25,1,0,0.99998605
55000900029021,2022-09-26,1,0,0.99998605
55000900029021,2022-09-27,1,0,0.99998605
55000900029021,2022-09-28,1,0,0.99998605
55000900029021,2022-09-29,1,0,0.99998605
55000900029021,2022-09-30,1,0,0.99998605
55000900029021,2022-10-01,1,0,0.99998605
55000900029021,2022-10-02,0,0,0.99998605
55000900029021,2022-10-03,0,0,0.99998605
55000900029021,2022-10-04,0,0,0.99998605
55000900029021,2022-10-05,0,0,0.9999968
55000900029021,2022-10-06,0,0,0.9999993
55000900029021,2022-10-07,1,0,0.9999995
55000900029021,2022-10-08,1,0,0.99999976
55000900029021,2022-10-09,0,0,0.9999999
55000900029021,2022-10-10,0,0,0.99999964
55000900029021,2022-10-11,0,0,0.99999964
55000900029021,2022-10-12,0,0,0.9999958
55000900029021,2022-10-13,0,0,0.9999995
55000900029021,2022-10-14,0,0,0.99999976
55000900029021,2022-10-15,0,0,0.9999999
55000900029021,2022-10-16,0,0,0.9999999
55000900029021,2022-10-17,0,0,0.9999999
55000900029021,2022-10-18,0,0,0.9999999
55000900029021,2022-10-19,0,0,0.9999999
55000900029021,2022-10-20,0,0,0.9999999
55000900029021,2022-10-21,1,0,0.9999999
55000900029021,2022-10-22,1,0,0.9999999
55000900029021,2022-10-23,1,0,0.9999999
55000900029021,2022-10-24,1,0,0.9999995
55000900029021,2022-10-25,1,0,0.99999964
55000900029021,2022-10-26,1,0,0.99999356
55000900029021,2022-10-27,1,0,0.9999889
55000900029021,2022-10-28,1,0,0.9999894
55000900029021,2022-10-29,1,0,0.9999882
55000900029021,2022-10-30,1,0,0.99998426
55000900029021,2022-10-31,1,0,0.9999825
55000900029021,2022-11-01,1,0,0.9999813
55000900029021,2022-11-02,1,0,0.9999815
55000900029021,2022-11-03,1,0,0.9999813
55000900029021,2022-11-04,1,0,0.9999815
55000900029021,2022-11-05,1,0,0.9999808
55000900029021,2022-11-06,1,0,0.9999819
55000900029021,2022-11-07,1,0,0.99998164
55000900029021,2022-11-08,1,0,0.99998236
55000900029021,2022-11-09,1,0,0.99998224
55000900029021,2022-11-10,1,0,0.9999833
55000900029021,2022-11-11,1,0,0.9999832
55000900029021,2022-11-12,1,0,0.999984
55000900029021,2022-11-13,1,0,0.99998415
55000900029021,2022-11-14,1,0,0.9999851
55000900029021,2022-11-15,1,0,0.9999857
55000900029021,2022-11-16,1,0,0.9999869
55000900029021,2022-11-17,1,0,0.9999869
55000900029021,2022-11-18,1,0,0.9999871
55000900029021,2022-11-19,1,0,0.99998665
55000900029021,2022-11-20,1,0,0.9999838
55000900029021,2022-11-21,1,0,0.9999826
55000900029021,2022-11-22,1,0,0.99998605
55000900029021,2022-11-23,1,0,0.99998605
55000900029021,2022-11-24,1,0,0.99998605
55000900029021,2022-11-25,1,0,0.99998605
55000900029021,2022-11-26,1,0,0.99998605
55000900029021,2022-11-27,1,0,0.99998605
55000900029021,2022-11-28,1,0,0.99998605
55000900029021,2022-11-29,1,0,0.99998605
55000900029021,2022-11-30,1,0,0.99998605
55000900029021,2022-12-01,1,0,0.99998605
55000900029021,2022-12-02,1,0,0.99998605
55000900029021,2022-12-03,1,0,0.99998605
55000900029021,2022-12-04,1,0,0.99998605
55000900029021,2022-12-05,1,0,0.99998605
55000900029021,2022-12-06,1,0,0.99998605
55000900029021,2022-12-07,1,0,0.99998605
55000900029021,2022-12-08,1,0,0.99998605
55000900029021,2022-12-09,1,0,0.99998605
55000900029021,2022-12-10,1,0,0.99998605
55000900029021,2022-12-11,1,0,0.99998605
55000900029021,2022-12-12,1,0,0.99998605
55000900029021,2022-12-13,1,0,0.99998605
55000900029021,2022-12-14,1,0,0.99998605
55000900029021,2022-12-15,1,0,0.99998605
55000900029021,2022-12-16,1,0,0.99998605
55000900029021,2022-12-17,1,0,0.99998605
55000900029021,2022-12-18,1,0,0.99998605
55000900029021,2022-12-19,1,0,0.99998605
55000900029021,2022-12-20,1,0,0.99998605
55000900029021,2022-12-21,1,0,0.99998605
55000900029021,2022-12-22,1,0,0.99998605
55000900029021,2022-12-23,1,0,0.99998605
55000900029021,2022-12-24,1,0,0.99998605
55000900029021,2022-12-25,1,0,0.99998605
55000900029021,2022-12-26,1,0,0.99998605
55000900029021,2022-12-27,1,0,0.99998605
55000900029021,2022-12-28,1,0,0.99998605
55000900029021,2022-12-29,1,0,0.99998605
55000900029021,2022-12-30,1,0,0.99998605
55000900029021,2022-12-31,1,0,0.99998605
55000900029021,2023-01-01,1,0,0.99998605
55000900029021,2023-01-02,1,0,0.99998605
55000900029021,2023-01-03,1,0,0.99998605
55000900029021,2023-01-04,1,0,0.99998605
55000900029021,2023-01-05,1,0,0.99998605
55000900029021,2023-01-06,1,0,0.99998605
55000900029021,2023-01-07,1,0,0.99998605
55000900029021,2023-01-08,1,0,0.99998605
55000900029021,2023-01-09,1,0,0.99998605
55000900029021,2023-01-10,1,0,0.99998605
55000900029021,2023-01-11,1,0,0.99998605
55000900029021,2023-01-12,1,0,0.99998605
55000900029021,2023-01-13,1,0,0.99998605
55000900029021,2023-01-14,1,0,0.99998605
55000900029021,2023-01-15,1,0,0.99998605
55000900029021,2023-01-16,1,0,0.99998605
55000900029021,2023-01-17,1,0,0.99998605
55000900029021,2023-01-18,1,0,0.99998605
55000900029021,2023-01-19,1,0,0.99998605
55000900029021,2023-01-20,1,0,0.99998605
55000900029021,2023-01-21,1,0,0.99998605
55000900029021,2023-01-22,1,0,0.99998605
55000900029021,2023-01-23,1,0,0.99998605
55000900029021,2023-01-24,1,0,0.99998605
55000900029021,2023-01-25,1,0,0.99998605
55000900029021,2023-01-26,1,0,0.99998605
55000900029021,2023-01-27,1,0,0.99998605
55000900029021,2023-01-28,1,0,0.99998605
55000900029021,2023-01-29,1,0,0.99998605
55000900029021,2023-01-30,1,0,0.99998605
55000900029021,2023-01-31,1,0,0.99998605
55000900029021,2023-02-01,1,0,0.99998605
55000900029021,2023-02-02,1,0,0.99998605
55000900029021,2023-02-03,1,0,0.99998605
55000900029021,2023-02-04,1,0,0.99998605
55000900029021,2023-02-05,1,0,0.99998605
55000900029021,2023-02-06,1,0,0.99998605
55000900029021,2023-02-07,1,0,0.99998605
55000900029021,2023-02-08,1,0,0.99998605
55000900029021,2023-02-09,1,0,0.99998605
55000900029021,2023-02-10,1,0,0.99998605
55000900029021,2023-02-11,1,0,0.99998605
55000900029021,2023-02-12,1,0,0.99998605
55000900029021,2023-02-13,1,0,0.99998605
55000900029021,2023-02-14,1,0,0.99998605
55000900029021,2023-02-15,1,0,0.99998605
55000900029021,2023-02-16,1,0,0.99998605
55000900029021,2023-02-17,1,0,0.99998605
55000900029021,2023-02-18,1,0,0.99998605
55000900029021,2023-02-19,1,0,0.99998605
55000900029021,2023-02-20,1,0,0.99998605
55000900029021,2023-02-21,1,0,0.99998605
55000900029021,2023-02-22,1,0,0.99998605
55000900029021,2023-02-23,1,0,0.99998605
55000900029021,2023-02-24,1,0,0.99998605
55000900029021,2023-02-25,1,0,0.99998605
55000900029021,2023-02-26,1,0,0.99998605
55000900029021,2023-02-27,1,0,0.99998605
55000900029021,2023-02-28,1,0,0.99998605
55000900029021,2023-03-01,1,0,0.99998605
55000900029021,2023-03-02,1,0,0.99998605
55000900029021,2023-03-03,1,0,0.99998605
55000900029021,2023-03-04,1,0,0.99998605
55000900029021,2023-03-05,1,0,0.99998605
55000900029021,2023-03-06,1,0,0.99998605
55000900029021,2023-03-07,1,0,0.99998605
55000900029021,2023-03-08,1,0,0.99998605
55000900029021,2023-03-09,1,0,0.99998605
55000900029021,2023-03-10,1,0,0.99998605
55000900029021,2023-03-11,1,0,0.99998605
55000900029021,2023-03-13,1,0,0.99998605
55000900029021,2023-03-14,1,0,0.99998605
55000900029021,2023-03-15,1,0,0.99998605
55000900029021,2023-03-16,1,0,0.99998605
55000900029021,2023-03-17,1,0,0.99998605
55000900029021,2023-03-18,1,0,0.99998605
55000900029021,2023-03-19,1,0,0.99998605
55000900029021,2023-03-20,1,0,0.99998605
55000900029021,2023-03-21,1,0,0.99998605
55000900029021,2023-03-22,1,0,0.99998605
55000900029021,2023-03-23,1,0,0.99998605
55000900029021,2023-03-24,1,0,0.99998605
55000900029021,2023-03-25,1,0,0.99998605
55000900029021,2023-03-26,1,0,0.99998605
55000900029021,2023-03-27,1,0,0.99998605
55000900029021,2023-03-28,1,0,0.99998605
55000900029021,2023-03-29,1,0,0.99998605
55000900029021,2023-03-30,1,0,0.99998605
55000900029021,2023-03-31,1,0,0.99998605
55000900029021,2023-04-01,1,0,0.99998605
55000900029021,2023-04-02,1,0,0.99998605
55000900029021,2023-04-03,1,0,0.99998605
55000900029021,2023-04-04,1,0,0.99998605
55000900029021,2023-04-05,1,0,0.99998605
55000900029021,2023-04-06,1,0,0.99998605
55000900029021,2023-04-07,1,0,0.99998605
55000900029021,2023-04-08,1,0,0.99998605
55000900029021,2023-04-09,1,0,0.99998605
55000900029021,2023-04-10,1,0,0.99998605
55000900029021,2023-04-11,1,0,0.99998605
55000900029021,2023-04-12,1,0,0.99998605
55000900029021,2023-04-13,1,0,0.99998605
55000900029021,2023-04-14,1,0,0.99998605
55000900029021,2023-04-15,1,0,0.99998605
55000900029021,2023-04-16,1,0,0.99998605
55000900029021,2023-04-17,1,0,0.99998605
55000900029021,2023-04-18,1,0,0.99998605
55000900029021,2023-04-19,1,0,0.99998605
55000900029021,2023-04-20,1,0,0.99998605
55000900029608,2020-09-29,1,0,0.99999976
55000900029608,2020-09-30,1,0,0.9999995
55000900029608,2020-10-01,1,0,0.9999968
55000900029608,2020-10-02,1,0,0.99998605
55000900029608,2020-10-03,1,0,0.999995
55000900029608,2020-10-04,1,0,0.99999774
55000900029608,2020-10-05,1,0,0.99999726
55000900029608,2020-10-06,1,0,0.9999957
55000900029608,2020-10-07,1,0,0.9999945
55000900029608,2020-10-08,1,0,0.9999944
55000900029608,2020-10-09,1,0,0.9999925
55000900029608,2020-10-10,1,0,0.99998736
55000900029608,2020-10-11,1,0,0.99999344
55000900029608,2020-10-12,1,0,0.99999416
55000900029608,2020-10-13,1,0,0.99999535
55000900029608,2020-10-14,1,0,0.9999963
55000900029608,2020-10-15,1,0,0.99999976
55000900029608,2020-10-16,1,0,1.0
55000900029608,2020-10-17,1,0,1.0
55000900029608,2020-10-18,1,0,1.0
55000900029608,2020-10-19,1,0,0.99999833
55000900029608,2020-10-20,1,0,0.9999999
55000900029608,2020-10-21,1,0,0.9999999
55000900029608,2020-10-22,1,0,0.99999976
55000900029608,2020-10-23,1,0,0.99999905
55000900029608,2020-10-24,1,0,0.99999905
55000900029608,2020-10-25,1,0,0.9999999
55000900029608,2020-10-26,1,0,0.99999976
55000900029608,2020-10-27,1,0,1.0
55000900029608,2020-10-28,1,0,1.0
55000900029608,2020-10-29,1,0,0.9999995
55000900029608,2020-10-30,1,0,0.99999833
55000900029608,2020-10-31,1,0,0.9999969
55000900029608,2020-11-01,1,0,0.9999937
55000900029608,2020-11-02,1,0,0.9999999
55000900029608,2020-11-03,1,0,1.0
55000900029608,2020-11-04,1,0,0.99999976
55000900029608,2020-11-05,1,0,0.99999976
55000900029608,2020-11-06,1,0,0.99999905
55000900029608,2020-11-07,1,0,0.9999943
55000900029608,2020-11-08,1,0,0.9999994
55000900029608,2020-11-09,1,0,1.0
55000900029608,2020-11-10,1,0,1.0
55000900029608,2020-11-11,1,0,1.0
55000900029608,2020-11-12,1,0,0.9999999
55000900029608,2020-11-13,1,0,1.0
55000900029608,2020-11-14,1,0,1.0
55000900029608,2020-11-15,1,0,1.0
55000900029608,2020-11-16,1,0,1.0
55000900029608,2020-11-17,1,0,0.99999976
55000900029608,2020-11-18,1,0,0.9999999
55000900029608,2020-11-19,1,0,0.9999999
55000900029608,2020-11-20,1,0,0.9999999
55000900029608,2020-11-21,1,0,1.0
55000900029608,2020-11-22,1,0,1.0
55000900029608,2020-11-23,1,0,0.9999999
55000900029608,2020-11-24,1,0,1.0
55000900029608,2020-11-25,1,0,1.0
55000900029608,2020-11-26,1,0,1.0
55000900029608,2020-11-27,1,0,1.0
55000900029608,2020-11-28,1,0,1.0
55000900029608,2020-11-29,1,0,0.9999999
55000900029608,2020-11-30,1,0,0.99999976
55000900029608,2020-12-01,1,0,0.99999964
55000900029608,2020-12-02,1,0,0.99999917
55000900029608,2020-12-03,1,0,1.0
55000900029608,2020-12-04,1,0,1.0
55000900029608,2020-12-05,1,0,0.99999964
55000900029608,2020-12-06,1,0,0.9999999
55000900029608,2020-12-07,1,0,0.9999999
55000900029608,2020-12-08,1,0,0.9999999
55000900029608,2020-12-09,1,0,0.9999993
55000900029608,2020-12-10,1,0,0.99999964
55000900029608,2020-12-11,1,0,0.99999917
55000900029608,2020-12-12,1,0,0.9999999
55000900029608,2020-12-13,1,0,0.9999999
55000900029608,2020-12-14,1,0,1.0
55000900029608,2020-12-15,1,0,0.9999999
55000900029608,2020-12-16,1,0,0.9999999
55000900029608,2020-12-17,1,0,0.9999999
55000900029608,2020-12-18,1,0,0.9999999
55000900029608,2020-12-19,1,0,1.0
55000900029608,2020-12-20,1,0,0.99999976
55000900029608,2020-12-21,1,0,0.9999999
55000900029608,2020-12-22,1,0,0.99999976
55000900029608,2020-12-23,1,0,1.0
55000900029608,2020-12-24,1,0,1.0
55000900029608,2020-12-25,1,0,0.99999976
55000900029608,2020-12-26,1,0,0.9999994
55000900029608,2020-12-27,1,0,0.9999995
55000900029608,2020-12-28,1,0,1.0
55000900029608,2020-12-29,1,0,1.0
55000900029608,2020-12-30,1,0,0.9999999
55000900029608,2020-12-31,1,0,0.9999999
55000900029608,2021-01-01,1,0,1.0
55000900029608,2021-01-02,1,0,1.0
55000900029608,2021-01-03,1,0,1.0
55000900029608,2021-01-04,1,0,0.99999976
55000900029608,2021-01-05,1,0,0.9999999
55000900029608,2021-01-06,1,0,0.9999999
55000900029608,2021-01-07,1,0,0.9999999
55000900029608,2021-01-08,1,0,0.9999999
55000900029608,2021-01-09,1,0,0.99999976
55000900029608,2021-01-10,1,0,0.9999999
55000900029608,2021-01-11,1,0,0.9999995
55000900029608,2021-01-12,1,0,0.9999993
55000900029608,2021-01-13,1,0,0.9999995
55000900029608,2021-01-14,1,0,0.9999995
55000900029608,2021-01-15,1,0,0.9999995
55000900029608,2021-01-16,1,0,0.99999964
55000900029608,2021-01-17,1,0,0.99999976
55000900029608,2021-01-18,1,0,0.99999976
55000900029608,2021-01-19,1,0,0.99999976
55000900029608,2021-01-20,1,0,0.9999999
55000900029608,2021-01-21,1,0,0.99999976
55000900029608,2021-01-22,1,0,0.99999976
55000900029608,2021-01-23,1,0,0.9999999
55000900029608,2021-01-24,1,0,0.9999999
55000900029608,2021-01-25,1,0,0.9999999
55000900029608,2021-01-26,1,0,0.9999999
55000900029608,2021-01-27,1,0,0.9999999
55000900029608,2021-01-28,1,0,0.9999999
55000900029608,2021-01-29,1,0,0.9999999
55000900029608,2021-01-30,1,0,0.99999917
55000900029608,2021-01-31,1,0,0.99999976
55000900029608,2021-02-01,1,0,0.99999976
55000900029608,2021-02-02,1,0,0.99999976
55000900029608,2021-02-03,1,0,0.99999976
55000900029608,2021-02-04,1,0,0.99999976
55000900029608,2021-02-05,1,0,0.99999976
55000900029608,2021-02-06,1,0,0.99999976
55000900029608,2021-02-07,1,0,0.99999976
55000900029608,2021-02-08,1,0,0.99999976
55000900029608,2021-02-09,1,0,0.99999976
55000900029608,2021-02-10,1,0,0.99999976
55000900029608,2021-02-11,1,0,0.99999976
55000900029608,2021-02-12,1,0,0.99999976
55000900029608,2021-02-13,1,0,0.99999976
55000900029608,2021-02-14,1,0,0.99999976
55000900029608,2021-02-15,1,0,0.99999976
55000900029608,2021-02-16,1,0,0.99999976
55000900029608,2021-02-17,1,0,0.99999976
55000900029608,2021-02-18,1,0,0.99999976
55000900029608,2021-02-19,1,0,0.99999976
55000900029608,2021-02-20,1,0,0.99999976
55000900029608,2021-02-21,1,0,0.99999976
55000900029608,2021-02-22,1,0,0.99999976
55000900029608,2021-02-23,1,0,0.99999976
55000900029608,2021-02-24,1,0,0.99999976
55000900029608,2021-02-25,1,0,0.99999976
55000900029608,2021-02-26,1,0,0.99999976
55000900029608,2021-02-27,1,0,0.99999976
55000900029608,2021-02-28,1,0,0.99999976
55000900029608,2021-03-01,1,0,0.99999976
55000900029608,2021-03-02,1,0,0.99999976
55000900029608,2021-03-03,1,0,0.99999976
55000900029608,2021-03-04,1,0,0.99999976
55000900029608,2021-03-05,1,0,0.99999976
55000900029608,2021-03-06,1,0,0.99999976
55000900029608,2021-03-07,1,0,0.99999976
55000900029608,2021-03-08,1,0,0.99999976
55000900029608,2021-03-09,1,0,0.99999976
55000900029608,2021-03-10,1,0,0.99999976
55000900029608,2021-03-11,1,0,0.99999976
55000900029608,2021-03-12,1,0,0.99999976
55000900029608,2021-03-13,1,0,0.99999976
55000900029608,2021-03-15,1,0,0.99999976
55000900029608,2021-03-16,1,0,0.99999976
55000900029608,2021-03-17,1,0,0.99999976
55000900029608,2021-03-18,1,0,0.99999976
55000900029608,2021-03-19,1,0,0.99999976
55000900029608,2021-03-20,1,0,0.99999976
55000900029608,2021-03-21,1,0,0.99999976
55000900029608,2021-03-22,1,0,0.99999976
55000900029608,2021-03-23,1,0,0.99999976
55000900029608,2021-03-24,1,0,0.99999976
55000900029608,2021-03-25,1,0,0.99999976
55000900029608,2021-03-26,1,0,0.99999976
55000900029608,2021-03-27,1,0,0.99999976
55000900029608,2021-03-28,1,0,0.99999976
55000900029608,2021-03-29,1,0,0.99999976
55000900029608,2021-03-30,1,0,0.99999976
55000900029608,2021-03-31,1,0,0.99999976
55000900029608,2021-04-01,1,0,0.99999976
55000900029608,2021-04-02,1,0,0.99999976
55000900029608,2021-04-03,1,0,0.99999976
55000900029608,2021-04-04,1,0,0.99999976
55000900029608,2021-04-05,1,0,0.99999976
55000900029608,2021-04-06,1,0,0.99999976
55000900029608,2021-04-07,1,0,0.99999976
55000900029608,2021-04-08,1,0,0.99999976
55000900029608,2021-04-09,1,0,0.99999976
55000900029608,2021-04-10,1,0,0.99999976
55000900029608,2021-04-11,1,0,0.99999976
55000900029608,2021-04-12,1,0,0.99999976
55000900029608,2021-04-13,1,0,0.99999976
55000900029608,2021-04-14,1,0,0.99999976
55000900029608,2021-04-15,1,0,0.99999976
55000900029608,2021-04-16,1,0,0.99999976
55000900029608,2021-04-17,1,0,0.99999976
55000900029608,2021-04-18,1,0,0.99999976
55000900029608,2021-04-19,1,0,0.99999976
55000900029608,2021-04-20,1,0,0.99999976
55000900029608,2021-04-21,1,0,0.99999976
55000900029608,2021-04-22,1,0,0.99999976
55000900029608,2021-04-23,1,0,0.99999976
55000900029608,2021-04-24,1,0,0.99999976
55000900029608,2021-04-25,1,0,0.99999976
55000900029608,2021-04-26,1,0,0.99999976
55000900029608,2021-04-27,1,0,0.99999976
55000900029608,2021-04-28,1,0,0.99999976
55000900029608,2021-04-29,1,0,0.99999976
55000900029608,2021-04-30,1,0,0.99999976
55000900029608,2021-05-01,1,0,0.99999976
55000900029608,2021-05-02,1,0,0.99999976
55000900029608,2021-05-03,1,0,0.99999976
55000900029608,2021-05-04,1,0,0.99999976
55000900029608,2021-05-05,1,0,0.99999976
55000900029608,2021-05-06,1,0,0.99999976
55000900029608,2021-05-07,1,0,0.99999976
55000900029608,2021-05-08,1,0,0.99999976
55000900029608,2021-05-09,1,0,0.99999976
55000900029608,2021-05-10,1,0,0.99999976
55000900029608,2021-05-11,1,0,0.99999976
55000900029608,2021-05-12,1,0,0.99999976
55000900029608,2021-05-13,1,0,0.99999976
55000900029608,2021-05-14,1,0,0.99999976
55000900029608,2021-05-15,1,0,0.99999976
55000900029608,2021-05-16,1,0,0.99999976
55000900029608,2021-05-17,1,0,0.99999976
55000900029608,2021-05-18,1,0,0.99999976
55000900029608,2021-05-19,1,0,0.99999976
55000900029608,2021-05-20,1,0,0.99999976
55000900029608,2021-05-21,1,0,0.99999976
55000900029608,2021-05-22,1,0,0.99999976
55000900029608,2021-05-23,1,0,0.99999976
55000900029608,2021-05-24,1,0,0.99999976
55000900029608,2021-05-25,1,0,0.99999976
55000900029608,2021-05-26,1,0,0.99999976
55000900029608,2021-05-27,1,0,0.99999976
55000900029608,2021-05-28,1,0,0.99999976
55000900029608,2021-05-29,1,0,0.99999976
55000900029608,2021-05-30,1,0,0.99999976
55000900029608,2021-05-31,1,0,0.99999976
55000900029608,2021-06-01,1,0,0.99999976
55000900029608,2021-06-02,1,0,0.99999976
55000900029608,2021-06-03,1,0,0.99999976
55000900029608,2021-06-04,1,0,0.99999976
55000900029608,2021-06-05,1,0,0.99999976
55000900029608,2021-06-06,1,0,0.99999976
55000900029608,2021-06-07,1,0,0.99999976
55000900029608,2021-06-08,1,0,0.99999976
55000900029608,2021-06-09,1,0,0.99999976
55000900029608,2021-06-10,1,0,0.99999976
55000900029608,2021-06-11,1,0,0.99999976
55000900029608,2021-06-12,1,0,0.99999976
55000900029608,2021-06-13,1,0,0.99999976
55000900029608,2021-06-14,1,0,0.99999976
55000900029608,2021-06-15,1,0,0.99999976
55000900029608,2021-06-16,1,0,0.99999976
55000900029608,2021-06-17,1,0,0.99999976
55000900029608,2021-06-18,1,0,0.99999976
55000900029608,2021-06-19,1,0,0.99999976
55000900029608,2021-06-20,1,0,0.99999976
55000900029608,2021-06-21,1,0,0.99999976
55000900029608,2021-06-22,1,0,0.99999976
55000900029608,2021-06-23,1,0,0.99999976
55000900029608,2021-06-24,1,0,0.99999976
55000900029608,2021-06-25,1,0,0.99999976
55000900029608,2021-06-26,1,0,0.99999976
55000900029608,2021-06-27,1,0,0.99999976
55000900029608,2021-06-28,1,0,0.99999976
55000900029608,2021-06-29,1,0,0.99999976
55000900029608,2021-06-30,1,0,0.99999976
55000900029608,2021-07-01,1,0,0.99999976
55000900029608,2021-07-02,1,0,0.99999976
55000900029608,2021-07-03,1,0,0.99999976
55000900029608,2021-07-04,1,0,0.99999976
55000900029608,2021-07-05,1,0,0.99999976
55000900029608,2021-07-06,1,0,0.99999976
55000900029608,2021-07-07,1,0,0.99999976
55000900029608,2021-07-08,1,0,0.99999976
55000900029608,2021-07-09,1,0,0.99999976
55000900029608,2021-07-10,1,0,0.99999976
55000900029608,2021-07-11,1,0,0.99999976
55000900029608,2021-07-12,1,0,0.99999976
55000900029608,2021-07-13,1,0,0.99999976
55000900029608,2021-07-14,1,0,0.99999976
55000900029608,2021-07-15,1,0,0.99999976
55000900029608,2021-07-16,1,0,0.99999976
55000900029608,2021-07-17,1,0,0.99999976
55000900029608,2021-07-18,1,0,0.99999976
55000900029608,2021-07-19,1,0,0.99999976
55000900029608,2021-07-20,1,0,0.99999976
55000900029608,2021-07-21,1,0,0.99999976
55000900029608,2021-07-22,1,0,0.99999976
55000900029608,2021-07-23,1,0,0.99999976
55000900029608,2021-07-24,1,0,0.99999976
55000900029608,2021-07-25,1,0,0.99999976
55000900029608,2021-07-26,1,0,0.99999976
55000900029608,2021-07-27,1,0,0.99999976
55000900029608,2021-07-28,1,0,0.99999976
55000900029608,2021-07-29,1,0,0.99999976
55000900029608,2021-07-30,1,0,0.99999976
55000900029608,2021-07-31,1,0,0.99999976
55000900029608,2021-08-01,1,0,0.99999976
55000900029608,2021-08-02,1,0,0.99999976
55000900029608,2021-08-03,1,0,0.99999976
55000900029608,2021-08-04,1,0,0.99999976
55000900029608,2021-08-05,1,0,0.99999976
55000900029608,2021-08-06,1,0,0.99999976
55000900029608,2021-08-07,1,0,0.99999976
55000900029608,2021-08-08,1,0,0.99999976
55000900029608,2021-08-09,1,0,0.99999976
55000900029608,2021-08-10,1,0,0.99999976
55000900029608,2021-08-11,1,0,0.99999976
55000900029608,2021-08-12,1,0,0.99999976
55000900029608,2021-08-13,1,0,0.99999976
55000900029608,2021-08-14,1,0,0.99999976
55000900029608,2021-08-15,1,0,0.99999976
55000900029608,2021-08-16,1,0,0.99999976
55000900029608,2021-08-17,1,0,0.99999976
55000900029608,2021-08-18,1,0,0.99999976
55000900029608,2021-08-19,1,0,0.99999976
55000900029608,2021-08-20,1,0,0.99999976
55000900029608,2021-08-21,1,0,0.99999976
55000900029608,2021-08-22,1,0,0.99999976
55000900029608,2021-08-23,1,0,0.99999976
55000900029608,2021-08-24,1,0,0.99999976
55000900029608,2021-08-25,1,0,0.99999976
55000900029608,2021-08-26,1,0,0.99999976
55000900029608,2021-08-27,1,0,0.99999976
55000900029608,2021-08-28,1,0,0.99999976
55000900029608,2021-08-29,1,0,0.99999976
55000900029608,2021-08-30,1,0,0.99999976
55000900029608,2021-08-31,1,0,0.99999976
55000900029608,2021-09-01,1,0,0.99999976
55000900029608,2021-09-02,1,0,0.99999976
55000900029608,2021-09-03,1,0,0.99999976
55000900029608,2021-09-04,1,0,0.99999976
55000900029608,2021-09-05,1,0,0.99999976
55000900029608,2021-09-06,1,0,0.99999976
55000900029608,2021-09-07,1,0,0.99999976
55000900029608,2021-09-08,1,0,0.99999976
55000900029608,2021-09-09,1,0,0.99999976
55000900029608,2021-09-10,1,0,0.99999976
55000900029608,2021-09-11,1,0,0.99999976
55000900029608,2021-09-12,1,0,0.99999976
55000900029608,2021-09-13,1,0,0.99999976
55000900029608,2021-09-14,1,0,0.99999976
55000900029608,2021-09-15,1,0,0.99999976
55000900029608,2021-09-16,1,0,0.99999976
55000900029608,2021-09-17,1,0,0.99999976
55000900029608,2021-09-18,1,0,0.99999976
55000900029608,2021-09-19,1,0,0.99999976
55000900029608,2021-09-20,1,0,0.99999976
55000900029608,2021-09-21,1,0,0.99999976
55000900029608,2021-09-22,1,0,0.99999976
55000900029608,2021-09-23,1,0,0.99999976
55000900029608,2021-09-24,1,0,0.99999976
55000900029608,2021-09-25,1,0,0.99999976
55000900029608,2021-09-26,1,0,0.99999976
55000900029608,2021-09-27,1,0,0.99999976
55000900029608,2021-09-28,1,0,0.99999976
55000900029608,2021-09-29,1,0,0.99999976
55000900029608,2021-09-30,1,0,0.99999976
55000900029608,2021-10-01,1,0,0.99999976
55000900029608,2021-10-02,1,0,0.99999976
55000900029608,2021-10-03,1,0,0.99999976
55000900029608,2021-10-04,1,0,0.99999976
55000900029608,2021-10-05,1,0,0.99999976
55000900029608,2021-10-06,1,0,0.99999976
55000900029608,2021-10-07,1,0,0.99999976
55000900029608,2021-10-08,1,0,0.99999976
55000900029608,2021-10-09,1,0,0.99999976
55000900029608,2021-10-10,1,0,0.99999976
55000900029608,2021-10-11,1,0,0.99999976
55000900029608,2021-10-12,1,0,0.99999976
55000900029608,2021-10-13,1,0,0.99999976
55000900029608,2021-10-14,1,0,0.99999976
55000900029608,2021-10-15,1,0,0.99999976
55000900029608,2021-10-16,1,0,0.99999976
55000900029608,2021-10-17,1,0,0.99999976
55000900029608,2021-10-18,1,0,0.99999976
55000900029608,2021-10-19,1,0,0.99999976
55000900029608,2021-10-20,1,0,0.99999976
55000900029608,2021-10-21,1,0,0.99999976
55000900029608,2021-10-22,1,0,0.99999976
55000900029608,2021-10-23,1,0,0.99999976
55000900029608,2021-10-24,1,0,0.99999976
55000900029608,2021-10-25,1,0,0.99999976
55000900029608,2021-10-26,1,0,0.99999976
55000900029608,2021-10-27,1,0,0.99999976
55000900029608,2021-10-28,1,0,0.99999976
55000900029608,2021-10-29,1,0,0.99999976
55000900029608,2021-10-30,1,0,0.99999976
55000900029608,2021-10-31,1,0,0.99999976
55000900029608,2021-11-01,1,0,0.99999976
55000900029608,2021-11-02,1,0,0.99999976
55000900029608,2021-11-03,1,0,0.99999976
55000900029608,2021-11-04,1,0,0.99999976
55000900029608,2021-11-05,1,0,0.99999976
55000900029608,2021-11-06,1,0,0.99999976
55000900029608,2021-11-07,1,0,0.99999976
55000900029608,2021-11-08,1,0,0.99999976
55000900029608,2021-11-09,1,0,0.99999976
55000900029608,2021-11-10,1,0,0.99999976
55000900029608,2021-11-11,1,0,0.99999976
55000900029608,2021-11-12,1,0,0.99999976
55000900029608,2021-11-13,1,0,0.99999976
55000900029608,2021-11-14,1,0,0.99999976
55000900029608,2021-11-15,1,0,0.99999976
55000900029608,2021-11-16,1,0,0.99999976
55000900029608,2021-11-17,1,0,0.99999976
55000900029608,2021-11-18,1,0,0.99999976
55000900029608,2021-11-19,1,0,0.99999976
55000900029608,2021-11-20,1,0,0.99999976
55000900029608,2021-11-21,1,0,0.99999976
55000900029608,2021-11-22,1,0,0.99999976
55000900029608,2021-11-23,1,0,0.99999976
55000900029608,2021-11-24,1,0,0.99999976
55000900029608,2021-11-25,1,0,0.99999976
55000900029608,2021-11-26,1,0,0.99999976
55000900029608,2021-11-27,1,0,0.99999976
55000900029608,2021-11-28,1,0,0.99999976
55000900029608,2021-11-29,1,0,0.99999976
55000900029608,2021-11-30,1,0,0.99999976
55000900029608,2021-12-01,1,0,0.99999976
55000900029608,2021-12-02,1,0,0.99999976
55000900029608,2021-12-03,1,0,0.99999976
55000900029608,2021-12-04,1,0,0.99999976
55000900029608,2021-12-05,1,0,0.99999976
55000900029608,2021-12-06,1,0,0.99999976
55000900029608,2021-12-07,1,0,0.99999976
55000900029608,2021-12-08,1,0,0.99999976
55000900029608,2021-12-09,1,0,0.99999976
55000900029608,2021-12-10,1,0,0.99999976
55000900029608,2021-12-11,1,0,0.99999976
55000900029608,2021-12-12,1,0,0.99999976
55000900029608,2021-12-13,1,0,0.99999976
55000900029608,2021-12-14,1,0,0.99999976
55000900029608,2021-12-15,1,0,0.99999976
55000900029608,2021-12-16,1,0,0.99999976
55000900029608,2021-12-17,1,0,0.99999976
55000900029608,2021-12-18,1,0,0.99999976
55000900029608,2021-12-19,1,0,0.99999976
55000900029608,2021-12-20,1,0,0.99999976
55000900029608,2021-12-21,1,0,0.99999976
55000900029608,2021-12-22,1,0,0.99999976
55000900029608,2021-12-23,1,0,0.99999976
55000900029608,2021-12-24,1,0,0.99999976
55000900029608,2021-12-25,1,0,0.99999976
55000900029608,2021-12-26,1,0,0.99999976
55000900029608,2021-12-27,1,0,0.99999976
55000900029608,2021-12-28,1,0,0.99999976
55000900029608,2021-12-29,1,0,0.99999976
55000900029608,2021-12-30,1,0,0.99999976
55000900029608,2021-12-31,1,0,0.99999976
55000900029608,2022-01-01,1,0,0.99999976
55000900029608,2022-01-02,1,0,0.99999976
55000900029608,2022-01-03,1,0,0.99999976
55000900029608,2022-01-04,1,0,0.99999976
55000900029608,2022-01-05,1,0,0.99999976
55000900029608,2022-01-06,1,0,0.99999976
55000900029608,2022-01-07,1,0,0.99999976
55000900029608,2022-01-08,1,0,0.99999976
55000900029608,2022-01-09,1,0,0.99999976
55000900029608,2022-01-10,1,0,0.99999976
55000900029608,2022-01-11,1,0,0.99999976
55000900029608,2022-01-12,1,0,0.99999976
55000900029608,2022-01-13,1,0,0.99999976
55000900029608,2022-01-14,1,0,0.99999976
55000900029608,2022-01-15,1,0,0.99999976
55000900029608,2022-01-16,1,0,0.99999976
55000900029608,2022-01-17,1,0,0.99999976
55000900029608,2022-01-18,1,0,0.99999976
55000900029608,2022-01-19,1,0,0.99999976
55000900029608,2022-01-20,1,0,0.99999976
55000900029608,2022-01-21,1,0,0.99999976
55000900029608,2022-01-22,1,0,0.99999976
55000900029608,2022-01-23,1,0,0.99999976
55000900029608,2022-01-24,1,0,0.99999976
55000900029608,2022-01-25,1,0,0.99999976
55000900029608,2022-01-26,1,0,0.99999976
55000900029608,2022-01-27,1,0,0.99999976
55000900029608,2022-01-28,1,0,0.99999976
55000900029608,2022-01-29,1,0,0.99999976
55000900029608,2022-01-30,1,0,0.99999976
55000900029608,2022-01-31,1,0,0.99999976
55000900029608,2022-02-01,1,0,0.99999976
55000900029608,2022-02-02,1,0,0.99999976
55000900029608,2022-02-03,1,0,0.99999976
55000900029608,2022-02-04,1,0,0.99999976
55000900029608,2022-02-05,1,0,0.99999976
55000900029608,2022-02-06,1,0,0.99999976
55000900029608,2022-02-07,1,0,0.99999976
55000900029608,2022-02-08,1,0,0.99999976
55000900029608,2022-02-09,1,0,0.99999976
55000900029608,2022-02-10,1,0,0.99999976
55000900029608,2022-02-11,1,0,0.99999976
55000900029608,2022-02-12,1,0,0.99999976
55000900029608,2022-02-13,1,0,0.99999976
55000900029608,2022-02-14,1,0,0.99999976
55000900029608,2022-02-15,1,0,0.99999976
55000900029608,2022-02-16,1,0,0.99999976
55000900029608,2022-02-17,1,0,0.99999976
55000900029608,2022-02-18,1,0,0.99999976
55000900029608,2022-02-19,1,0,0.99999976
55000900029608,2022-02-20,1,0,0.99999976
55000900029608,2022-02-21,1,0,0.99999976
55000900029608,2022-02-22,1,0,0.99999976
55000900029608,2022-02-23,1,0,0.99999976
55000900029608,2022-02-24,1,0,0.99999976
55000900029608,2022-02-25,1,0,0.99999976
55000900029608,2022-02-26,1,0,0.99999976
55000900029608,2022-02-27,1,0,0.99999976
55000900029608,2022-02-28,1,0,0.99999976
55000900029608,2022-03-01,1,0,0.99999976
55000900029608,2022-03-02,1,0,0.99999976
55000900029608,2022-03-03,1,0,0.99999976
55000900029608,2022-03-04,1,0,0.99999976
55000900029608,2022-03-05,1,0,0.99999976
55000900029608,2022-03-06,1,0,0.99999976
55000900029608,2022-03-07,1,0,0.99999976
55000900029608,2022-03-08,1,0,0.99999976
55000900029608,2022-03-09,1,0,0.99999976
55000900029608,2022-03-10,1,0,0.99999976
55000900029608,2022-03-11,1,0,0.99999976
55000900029608,2022-03-12,1,0,0.99999976
55000900029608,2022-03-14,1,0,0.99999976
55000900029608,2022-03-15,1,0,0.99999976
55000900029608,2022-03-16,1,0,0.99999976
55000900029608,2022-03-17,1,0,0.99999976
55000900029608,2022-03-18,1,0,0.99999976
55000900029608,2022-03-19,1,0,0.99999976
55000900029608,2022-03-20,1,0,0.99999976
55000900029608,2022-03-21,1,0,0.99999976
55000900029608,2022-03-22,1,0,0.99999976
55000900029608,2022-03-23,1,0,0.99999976
55000900029608,2022-03-24,1,0,0.99999976
55000900029608,2022-03-25,1,0,0.99999976
55000900029608,2022-03-26,1,0,0.99999976
55000900029608,2022-03-27,1,0,0.99999976
55000900029608,2022-03-28,1,0,0.99999976
55000900029608,2022-03-29,1,0,0.99999976
55000900029608,2022-03-30,1,0,0.99999976
55000900029608,2022-03-31,1,0,0.99999976
55000900029608,2022-04-01,1,0,0.99999976
55000900029608,2022-04-02,1,0,0.99999976
55000900029608,2022-04-03,1,0,0.99999976
55000900029608,2022-04-04,1,0,0.99999976
55000900029608,2022-04-05,1,0,0.99999976
55000900029608,2022-04-06,1,0,0.99999976
55000900029608,2022-04-07,1,0,0.99999976
55000900029608,2022-04-08,1,0,0.99999976
55000900029608,2022-04-09,1,0,0.99999976
55000900029608,2022-04-10,1,0,0.99999976
55000900029608,2022-04-11,1,0,0.99999976
55000900029608,2022-04-12,1,0,0.99999976
55000900029608,2022-04-13,1,0,0.99999976
55000900029608,2022-04-14,1,0,0.99999976
55000900029608,2022-04-15,1,0,0.99999976
55000900029608,2022-04-16,1,0,0.99999976
55000900029608,2022-04-17,1,0,0.99999976
55000900029608,2022-04-18,1,0,0.99999976
55000900029608,2022-04-19,1,0,0.99999976
55000900029608,2022-04-20,1,0,0.99999976
55000900029608,2022-04-21,1,0,0.99999976
55000900029608,2022-04-22,1,0,0.99999976
55000900029608,2022-04-23,1,0,0.99999976
55000900029608,2022-04-24,1,0,0.99999976
55000900029608,2022-04-25,1,0,0.99999976
55000900029608,2022-04-26,1,0,0.99999976
55000900029608,2022-04-27,1,0,0.99999976
55000900029608,2022-04-28,1,0,0.99999976
55000900029608,2022-04-29,1,0,0.99999976
55000900029608,2022-04-30,1,0,0.99999976
55000900029608,2022-05-01,1,0,0.99999976
55000900029608,2022-05-02,1,0,0.99999976
55000900029608,2022-05-03,1,0,0.99999976
55000900029608,2022-05-04,1,0,0.99999976
55000900029608,2022-05-05,1,0,0.99999976
55000900029608,2022-05-06,1,0,0.99999976
55000900029608,2022-05-07,1,0,0.99999976
55000900029608,2022-05-08,1,0,0.99999976
55000900029608,2022-05-09,1,0,0.99999976
55000900029608,2022-05-10,1,0,0.99999976
55000900029608,2022-05-11,1,0,0.99999976
55000900029608,2022-05-12,1,0,0.99999976
55000900029608,2022-05-13,1,0,0.99999976
55000900029608,2022-05-14,1,0,0.99999976
55000900029608,2022-05-15,1,0,0.99999976
55000900029608,2022-05-16,1,0,0.99999976
55000900029608,2022-05-17,1,0,0.99999976
55000900029608,2022-05-18,1,0,0.99999976
55000900029608,2022-05-19,1,0,0.99999976
55000900029608,2022-05-20,1,0,0.99999976
55000900029608,2022-05-21,1,0,0.99999976
55000900029608,2022-05-22,1,0,0.99999976
55000900029608,2022-05-23,1,0,0.99999976
55000900029608,2022-05-24,1,0,0.99999976
55000900029608,2022-05-25,1,0,0.99999976
55000900029608,2022-05-26,1,0,0.99999976
55000900029608,2022-05-27,1,0,0.99999976
55000900029608,2022-05-28,1,0,0.99999976
55000900029608,2022-05-29,1,0,0.99999976
55000900029608,2022-05-30,1,0,0.99999976
55000900029608,2022-05-31,1,0,0.99999976
55000900029608,2022-06-01,1,0,0.99999976
55000900029608,2022-06-02,1,0,0.99999976
55000900029608,2022-06-03,1,0,0.99999976
55000900029608,2022-06-04,1,0,0.99999976
55000900029608,2022-06-05,1,0,0.99999976
55000900029608,2022-06-06,1,0,0.99999976
55000900029608,2022-06-07,1,0,0.99999976
55000900029608,2022-06-08,1,0,0.99999976
55000900029608,2022-06-09,1,0,0.99999976
55000900029608,2022-06-10,1,0,0.99999976
55000900029608,2022-06-11,1,0,0.99999976
55000900029608,2022-06-12,1,0,0.99999976
55000900029608,2022-06-13,1,0,0.99999976
55000900029608,2022-06-14,1,0,0.99999976
55000900029608,2022-06-15,1,0,0.99999976
55000900029608,2022-06-16,1,0,0.99999976
55000900029608,2022-06-17,1,0,0.99999976
55000900029608,2022-06-18,1,0,0.99999976
55000900029608,2022-06-19,1,0,0.99999976
55000900029608,2022-06-20,1,0,0.99999976
55000900029608,2022-06-21,1,0,0.99999976
55000900029608,2022-06-22,1,0,0.99999976
55000900029608,2022-06-23,1,0,0.99999976
55000900029608,2022-06-24,1,0,0.99999976
55000900029608,2022-06-25,1,0,0.99999976
55000900029608,2022-06-26,1,0,0.99999976
55000900029608,2022-06-27,1,0,0.99999976
55000900029608,2022-06-28,1,0,0.99999976
55000900029608,2022-06-29,1,0,0.99999976
55000900029608,2022-06-30,1,0,0.99999976
55000900029608,2022-07-01,1,0,0.99999976
55000900029608,2022-07-02,1,0,0.99999976
55000900029608,2022-07-03,1,0,0.99999976
55000900029608,2022-07-04,1,0,0.99999976
55000900029608,2022-07-05,1,0,0.99999976
55000900029608,2022-07-06,1,0,0.99999976
55000900029608,2022-07-07,1,0,0.99999976
55000900029608,2022-07-08,1,0,0.99999976
55000900029608,2022-07-09,1,0,0.99999976
55000900029608,2022-07-10,1,0,0.99999976
55000900029608,2022-07-11,1,0,0.99999976
55000900029608,2022-07-12,1,0,0.99999976
55000900029608,2022-07-13,1,0,0.99999976
55000900029608,2022-07-14,1,0,0.99999976
55000900029608,2022-07-15,1,0,0.99999976
55000900029608,2022-07-16,1,0,0.99999976
55000900029608,2022-07-17,1,0,0.99999976
55000900029608,2022-07-18,1,0,0.99999976
55000900029608,2022-07-19,1,0,0.99999976
55000900029608,2022-07-20,1,0,0.99999976
55000900029608,2022-07-21,1,0,0.99999976
55000900029608,2022-07-22,1,0,0.99999976
55000900029608,2022-07-23,1,0,0.99999976
55000900029608,2022-07-24,1,0,0.99999976
55000900029608,2022-07-25,1,0,0.99999976
55000900029608,2022-07-26,1,0,0.99999976
55000900029608,2022-07-27,1,0,0.99999976
55000900029608,2022-07-28,1,0,0.99999976
55000900029608,2022-07-29,1,0,0.99999976
55000900029608,2022-07-30,1,0,0.99999976
55000900029608,2022-07-31,1,0,0.99999976
55000900029608,2022-08-01,1,0,0.99999976
55000900029608,2022-08-02,1,0,0.99999976
55000900029608,2022-08-03,1,0,0.99999976
55000900029608,2022-08-04,1,0,0.99999976
55000900029608,2022-08-05,1,0,0.99999976
55000900029608,2022-08-06,1,0,0.99999976
55000900029608,2022-08-07,1,0,0.99999976
55000900029608,2022-08-08,1,0,0.99999976
55000900029608,2022-08-09,1,0,0.99999976
55000900029608,2022-08-10,1,0,0.99999976
55000900029608,2022-08-11,1,0,0.99999976
55000900029608,2022-08-12,1,0,0.99999976
55000900029608,2022-08-13,1,0,0.99999976
55000900029608,2022-08-14,1,0,0.99999976
55000900029608,2022-08-15,1,0,0.99999976
55000900029608,2022-08-16,1,0,0.99999976
55000900029608,2022-08-17,1,0,0.99999976
55000900029608,2022-08-18,1,0,0.99999976
55000900029608,2022-08-19,1,0,0.99999976
55000900029608,2022-08-20,1,0,0.99999976
55000900029608,2022-08-21,1,0,0.99999976
55000900029608,2022-08-22,1,0,0.99999976
55000900029608,2022-08-23,1,0,0.99999976
55000900029608,2022-08-24,1,0,0.99999976
55000900029608,2022-08-25,1,0,0.99999976
55000900029608,2022-08-26,1,0,0.99999976
55000900029608,2022-08-27,1,0,0.99999976
55000900029608,2022-08-28,1,0,0.99999976
55000900029608,2022-08-29,1,0,0.99999976
55000900029608,2022-08-30,1,0,0.99999976
55000900029608,2022-08-31,1,0,0.99999976
55000900029608,2022-09-01,1,0,0.99999976
55000900029608,2022-09-02,1,0,0.99999976
55000900029608,2022-09-03,1,0,0.99999976
55000900029608,2022-09-04,1,0,0.99999976
55000900029608,2022-09-05,1,0,0.99999976
55000900029608,2022-09-06,1,0,0.99999976
55000900029608,2022-09-07,1,0,0.99999976
55000900029608,2022-09-08,1,0,0.99999976
55000900029608,2022-09-09,1,0,0.99999976
55000900029608,2022-09-10,1,0,0.99999976
55000900029608,2022-09-11,1,0,0.99999976
55000900029608,2022-09-12,1,0,0.99999976
55000900029608,2022-09-13,1,0,0.99999976
55000900029608,2022-09-14,1,0,0.99999976
55000900029608,2022-09-15,1,0,0.99999976
55000900029608,2022-09-16,1,0,0.99999976
55000900029608,2022-09-17,1,0,0.99999976
55000900029608,2022-09-18,1,0,0.99999976
55000900029608,2022-09-19,1,0,0.99999976
55000900029608,2022-09-20,1,0,0.99999976
55000900029608,2022-09-21,1,0,0.99999976
55000900029608,2022-09-22,1,0,0.99999976
55000900029608,2022-09-23,1,0,0.99999976
55000900029608,2022-09-24,1,0,0.99999976
55000900029608,2022-09-25,1,0,0.99999976
55000900029608,2022-09-26,1,0,0.99999976
55000900029608,2022-09-27,1,0,0.99999976
55000900029608,2022-09-28,1,0,0.99999976
55000900029608,2022-09-29,1,0,0.99999976
55000900029608,2022-09-30,1,0,0.99999976
55000900029608,2022-10-01,1,0,0.99999976
55000900029608,2022-10-02,1,0,0.99999976
55000900029608,2022-10-03,1,0,0.99999976
55000900029608,2022-10-04,1,0,0.99999976
55000900029608,2022-10-05,1,0,0.99999976
55000900029608,2022-10-06,1,0,0.99999976
55000900029608,2022-10-07,1,0,0.99999976
55000900029608,2022-10-08,1,0,0.99999976
55000900029608,2022-10-09,1,0,0.99999976
55000900029608,2022-10-10,1,0,0.99999976
55000900029608,2022-10-11,1,0,0.99999976
55000900029608,2022-10-12,1,0,0.99999976
55000900029608,2022-10-13,1,0,0.99999976
55000900029608,2022-10-14,1,0,0.99999976
55000900029608,2022-10-15,1,0,0.99999976
55000900029608,2022-10-16,1,0,0.99999976
55000900029608,2022-10-17,1,0,0.99999976
55000900029608,2022-10-18,1,0,0.99999976
55000900029608,2022-10-19,1,0,0.99999976
55000900029608,2022-10-20,1,0,0.99999976
55000900029608,2022-10-21,1,0,0.99999976
55000900029608,2022-10-22,1,0,0.99999976
55000900029608,2022-10-23,1,0,0.99999976
55000900029608,2022-10-24,1,0,0.99999976
55000900029608,2022-10-25,1,0,0.99999976
55000900029608,2022-10-26,1,0,0.99999976
55000900029608,2022-10-27,1,0,0.99999976
55000900029608,2022-10-28,1,0,0.99999976
55000900029608,2022-10-29,1,0,0.99999976
55000900029608,2022-10-30,1,0,0.99999976
55000900029608,2022-10-31,1,0,0.99999976
55000900029608,2022-11-01,1,0,0.99999976
55000900029608,2022-11-02,1,0,0.99999976
55000900029608,2022-11-03,1,0,0.99999976
55000900029608,2022-11-04,1,0,0.99999976
55000900029608,2022-11-05,1,0,0.99999976
55000900029608,2022-11-06,1,0,0.99999976
55000900029608,2022-11-07,1,0,0.99999976
55000900029608,2022-11-08,1,0,0.99999976
55000900029608,2022-11-09,1,0,0.99999976
55000900029608,2022-11-10,1,0,0.99999976
55000900029608,2022-11-11,1,0,0.99999976
55000900029608,2022-11-12,1,0,0.99999976
55000900029608,2022-11-13,1,0,0.99999976
55000900029608,2022-11-14,1,0,0.99999976
55000900029608,2022-11-15,1,0,0.99999976
55000900029608,2022-11-16,1,0,0.99999976
55000900029608,2022-11-17,1,0,0.99999976
55000900029608,2022-11-18,1,0,0.99999976
55000900029608,2022-11-19,1,0,0.99999976
55000900029608,2022-11-20,1,0,0.99999976
55000900029608,2022-11-21,1,0,0.99999976
55000900029608,2022-11-22,1,0,0.99999976
55000900029608,2022-11-23,1,0,0.99999976
55000900029608,2022-11-24,1,0,0.99999976
55000900029608,2022-11-25,1,0,0.99999976
55000900029608,2022-11-26,1,0,0.99999976
55000900029608,2022-11-27,1,0,0.99999976
55000900029608,2022-11-28,1,0,0.99999976
55000900029608,2022-11-29,1,0,0.99999976
55000900029608,2022-11-30,1,0,0.99999976
55000900029608,2022-12-01,1,0,0.99999976
55000900029608,2022-12-02,1,0,0.99999976
55000900029608,2022-12-03,1,0,0.99999976
55000900029608,2022-12-04,1,0,0.99999976
55000900029608,2022-12-05,1,0,0.99999976
55000900029608,2022-12-06,1,0,0.99999976
55000900029608,2022-12-07,1,0,0.99999976
55000900029608,2022-12-08,1,0,0.99999976
55000900029608,2022-12-09,1,0,0.99999976
55000900029608,2022-12-10,1,0,0.99999976
55000900029608,2022-12-11,1,0,0.99999976
55000900029608,2022-12-12,1,0,0.99999976
55000900029608,2022-12-13,1,0,0.99999976
55000900029608,2022-12-14,1,0,0.99999976
55000900029608,2022-12-15,1,0,0.99999976
55000900029608,2022-12-16,1,0,0.99999976
55000900029608,2022-12-17,1,0,0.99999976
55000900029608,2022-12-18,1,0,0.99999976
55000900029608,2022-12-19,1,0,0.99999976
55000900029608,2022-12-20,1,0,0.99999976
55000900029608,2022-12-21,1,0,0.99999976
55000900029608,2022-12-22,1,0,0.99999976
55000900029608,2022-12-23,1,0,0.99999976
55000900029608,2022-12-24,1,0,0.99999976
55000900029608,2022-12-25,1,0,0.99999976
55000900029608,2022-12-26,1,0,0.99999976
55000900029608,2022-12-27,1,0,0.99999976
55000900029608,2022-12-28,1,0,0.99999976
55000900029608,2022-12-29,1,0,0.99999976
55000900029608,2022-12-30,1,0,0.99999976
55000900029608,2022-12-31,1,0,0.99999976
55000900029608,2023-01-01,1,0,0.99999976
55000900029608,2023-01-02,1,0,0.99999976
55000900029608,2023-01-03,1,0,0.99999976
55000900029608,2023-01-04,1,0,0.99999976
55000900029608,2023-01-05,1,0,0.99999976
55000900029608,2023-01-06,1,0,0.99999976
55000900029608,2023-01-07,1,0,0.99999976
55000900029608,2023-01-08,1,0,0.99999976
55000900029608,2023-01-09,1,0,0.99999976
55000900029608,2023-01-10,1,0,0.99999976
55000900029608,2023-01-11,1,0,0.99999976
55000900029608,2023-01-12,1,0,0.99999976
55000900029608,2023-01-13,1,0,0.99999976
55000900029608,2023-01-14,1,0,0.99999976
55000900029608,2023-01-15,1,0,0.99999976
55000900029608,2023-01-16,1,0,0.99999976
55000900029608,2023-01-17,1,0,0.99999976
55000900029608,2023-01-18,1,0,0.99999976
55000900029608,2023-01-19,1,0,0.99999976
55000900029608,2023-01-20,1,0,0.99999976
55000900029608,2023-01-21,1,0,0.99999976
55000900029608,2023-01-22,1,0,0.99999976
55000900029608,2023-01-23,1,0,0.99999976
55000900029608,2023-01-24,1,0,0.99999976
55000900029608,2023-01-25,1,0,0.99999976
55000900029608,2023-01-26,1,0,0.99999976
55000900029608,2023-01-27,1,0,0.99999976
55000900029608,2023-01-28,1,0,0.99999976
55000900029608,2023-01-29,1,0,0.99999976
55000900029608,2023-01-30,1,0,0.99999976
55000900029608,2023-01-31,1,0,0.99999976
55000900029608,2023-02-01,1,0,0.99999976
55000900029608,2023-02-02,1,0,0.99999976
55000900029608,2023-02-03,1,0,0.99999976
55000900029608,2023-02-04,1,0,0.99999976
55000900029608,2023-02-05,1,0,0.99999976
55000900029608,2023-02-06,1,0,0.99999976
55000900029608,2023-02-07,1,0,0.99999976
55000900029608,2023-02-08,1,0,0.99999976
55000900029608,2023-02-09,1,0,0.99999976
55000900029608,2023-02-10,1,0,0.99999976
55000900029608,2023-02-11,1,0,0.99999976
55000900029608,2023-02-12,1,0,0.99999976
55000900029608,2023-02-13,1,0,0.99999976
55000900029608,2023-02-14,1,0,0.99999976
55000900029608,2023-02-15,1,0,0.99999976
55000900029608,2023-02-16,1,0,0.99999976
55000900029608,2023-02-17,1,0,0.99999976
55000900029608,2023-02-18,1,0,0.99999976
55000900029608,2023-02-19,1,0,0.99999976
55000900029608,2023-02-20,1,0,0.99999976
55000900029608,2023-02-21,1,0,0.99999976
55000900029608,2023-02-22,1,0,0.99999976
55000900029608,2023-02-23,1,0,0.99999976
55000900029608,2023-02-24,1,0,0.99999976
55000900029608,2023-02-25,1,0,0.99999976
55000900029608,2023-02-26,1,0,0.99999976
55000900029608,2023-02-27,1,0,0.99999976
55000900029608,2023-02-28,1,0,0.99999976
55000900029608,2023-03-01,1,0,0.99999976
55000900029608,2023-03-02,1,0,0.99999976
55000900029608,2023-03-03,1,0,0.99999976
55000900029608,2023-03-04,1,0,0.99999976
55000900029608,2023-03-05,1,0,0.99999976
55000900029608,2023-03-06,1,0,0.99999976
55000900029608,2023-03-07,1,0,0.99999976
55000900029608,2023-03-08,1,0,0.99999976
55000900029608,2023-03-09,1,0,0.99999976
55000900029608,2023-03-10,1,0,0.99999976
55000900029608,2023-03-11,1,0,0.99999976
55000900029608,2023-03-13,1,0,0.99999976
55000900029608,2023-03-14,1,0,0.99999976
55000900029608,2023-03-15,1,0,0.99999976
55000900029608,2023-03-16,1,0,0.99999976
55000900029608,2023-03-17,1,0,0.99999976
55000900029608,2023-03-18,1,0,0.99999976
55000900029608,2023-03-19,1,0,0.99999976
55000900029608,2023-03-20,1,0,0.99999976
55000900029608,2023-03-21,1,0,0.99999976
55000900029608,2023-03-22,1,0,0.99999976
55000900029608,2023-03-23,1,0,0.99999976
55000900029608,2023-03-24,1,0,0.99999976
55000900029608,2023-03-25,1,0,0.99999976
55000900029608,2023-03-26,1,0,0.99999976
55000900029608,2023-03-27,1,0,0.99999976
55000900029608,2023-03-28,1,0,0.99999976
55000900029608,2023-03-29,1,0,0.99999976
55000900029608,2023-03-30,1,0,0.99999976
55000900029608,2023-03-31,1,0,0.99999976
55000900029608,2023-04-01,1,0,0.99999976
55000900029608,2023-04-02,1,0,0.99999976
55000900029608,2023-04-03,1,0,0.99999976
55000900029608,2023-04-04,1,0,0.99999976
55000900029608,2023-04-05,1,0,0.99999976
55000900029608,2023-04-06,1,0,0.99999976
55000900029608,2023-04-07,1,0,0.99999976
55000900029608,2023-04-08,1,0,0.99999976
55000900029608,2023-04-09,1,0,0.99999976
55000900029608,2023-04-10,1,0,0.99999976
55000900029608,2023-04-11,1,0,0.99999976
55000900029608,2023-04-12,1,0,0.99999976
55000900029608,2023-04-13,1,0,0.99999976
55000900029608,2023-04-14,1,0,0.99999976
55000900029608,2023-04-15,1,0,0.99999976
55000900029608,2023-04-16,1,0,0.99999976
55000900029608,2023-04-17,1,0,0.99999976
55000900029608,2023-04-18,1,0,0.99999976
55000900029608,2023-04-19,1,0,0.99999976
55000900029608,2023-04-20,1,0,0.99999976
55000900030173,2020-09-29,1,8,0.99998677
55000900030173,2020-09-30,1,8,0.9998123
55000900030173,2020-10-01,1,8,0.99988115
55000900030173,2020-10-02,1,8,0.9987312
55000900030173,2020-10-03,1,8,0.99685633
55000900030173,2020-10-04,1,8,0.9967211
55000900030173,2020-10-05,1,8,0.9915856
55000900030173,2020-10-06,1,8,0.99128485
55000900030173,2020-10-07,1,8,0.9984535
55000900030173,2020-10-08,1,8,0.9990816
55000900030173,2020-10-09,1,8,0.9986242
55000900030173,2020-10-10,1,8,0.99850404
55000900030173,2020-10-11,1,8,0.99948835
55000900030173,2020-10-12,1,8,0.99980694
55000900030173,2020-10-13,1,8,0.9999863
55000900030173,2020-10-14,1,8,0.99999976
55000900030173,2020-10-15,1,8,0.99999714
55000900030173,2020-10-16,1,8,0.9999949
55000900030173,2020-10-17,1,8,0.99999607
55000900030173,2020-10-18,1,8,0.9999769
55000900030173,2020-10-19,1,8,0.99999845
55000900030173,2020-10-20,1,8,0.9999945
55000900030173,2020-10-21,1,0,0.9999962
55000900030173,2020-10-22,1,0,0.99999297
55000900061097,2020-09-29,1,0,0.9999999
55000900061097,2020-09-30,1,0,0.99999976
55000900061097,2020-10-01,1,0,0.99999964
55000900061097,2020-10-02,1,0,0.9999995
55000900061097,2020-10-03,1,0,0.9999956
55000900061097,2020-10-04,1,0,0.99999785
55000900061097,2020-10-05,1,0,0.9999981
55000900061097,2020-10-06,1,0,0.99999726
55000900061097,2020-10-07,1,0,0.99999917
55000900061097,2020-10-08,1,0,0.9999995
55000900061097,2020-10-09,1,0,0.99999917
55000900061097,2020-10-10,1,0,0.99999905
55000900061097,2020-10-11,1,0,0.99999714
55000900061097,2020-10-12,1,0,0.99999976
55000900061097,2020-10-13,1,0,0.99999976
55000900061097,2020-10-14,1,0,1.0
55000900061097,2020-10-15,1,0,0.9999999
55000900061097,2020-10-16,1,0,1.0
55000900061097,2020-10-17,1,0,1.0
55000900061097,2020-10-18,1,0,0.9999999
55000900061097,2020-10-19,1,0,0.9999995
55000900061097,2020-10-20,1,0,0.999997
55000900061097,2020-10-21,1,0,0.9999943
55000900061097,2020-10-22,1,0,0.99999714
55000900061097,2020-10-23,1,0,0.9999851
55000900061097,2020-10-24,1,0,0.9999958
55000900061097,2020-10-25,1,0,0.9999994
55000900061097,2020-10-26,1,0,0.9999995
55000900061097,2020-10-27,1,0,0.99999964
55000900061097,2020-10-28,1,0,0.99999976
55000900061097,2020-10-29,1,0,0.99999964
55000900061097,2020-10-30,1,0,0.9999993
55000900061097,2020-10-31,1,0,0.9999999
55000900061097,2020-11-01,1,0,0.9999999
55000900061097,2020-11-02,1,0,0.99999964
55000900061097,2020-11-03,1,0,0.99999976
55000900061097,2020-11-04,1,0,0.99999976
55000900061097,2020-11-05,1,0,0.9999995
55000900061097,2020-11-06,1,0,0.9999962
55000900061097,2020-11-07,1,0,0.9999976
55000900061097,2020-11-08,1,0,0.99999905
55000900061097,2020-11-09,1,0,0.99999964
55000900061097,2020-11-10,1,0,0.9999999
55000900061097,2020-11-11,1,0,1.0
55000900061097,2020-11-12,1,0,1.0
55000900061097,2020-11-13,1,0,1.0
55000900061097,2020-11-14,1,0,1.0
55000900061097,2020-11-15,1,0,0.9999999
55000900061097,2020-11-16,1,0,1.0
55000900061097,2020-11-17,1,0,1.0
55000900061097,2020-11-18,1,0,1.0
55000900061097,2020-11-19,1,0,1.0
55000900061097,2020-11-20,1,0,1.0
55000900061097,2020-11-21,1,0,0.9999999
55000900061097,2020-11-22,1,0,0.9999999
55000900061097,2020-11-23,1,0,1.0
55000900061097,2020-11-24,1,0,0.9999999
55000900061097,2020-11-25,1,0,0.9999999
55000900061097,2020-11-26,1,0,0.9999999
55000900061097,2020-11-27,1,0,0.9999999
55000900061097,2020-11-28,1,0,1.0
55000900061097,2020-11-29,1,0,0.9999999
55000900061097,2020-11-30,1,0,0.9999999
55000900061097,2020-12-01,1,0,0.9999994
55000900061097,2020-12-02,1,0,0.99999964
55000900061097,2020-12-03,1,0,0.9999962
55000900061097,2020-12-04,1,0,0.9999993
55000900061097,2020-12-05,1,0,0.9999976
55000900061097,2020-12-06,1,0,0.99999094
55000900061097,2020-12-07,1,0,0.9999732
55000900061097,2020-12-08,1,0,0.99999666
55000900061097,2020-12-09,1,0,0.9999862
55000900061097,2020-12-10,1,0,0.9999325
55000900061097,2020-12-11,1,0,0.99996984
55000900061097,2020-12-12,1,0,0.99995005
55000900061097,2020-12-13,1,0,0.99999547
55000900061097,2020-12-14,1,0,0.9999989
55000900061097,2020-12-15,1,0,0.999998
55000900061097,2020-12-16,1,0,0.9999995
55000900061097,2020-12-17,1,0,0.9999993
55000900061097,2020-12-18,1,0,0.99999976
55000900061097,2020-12-19,1,0,0.9999999
55000900061097,2020-12-20,1,0,0.9999999
55000900061097,2020-12-21,1,0,0.9999999
55000900061097,2020-12-22,1,0,0.9999999
55000900061097,2020-12-23,1,0,0.9999999
55000900061097,2020-12-24,1,0,0.9999999
55000900061097,2020-12-25,1,0,0.99999976
55000900061097,2020-12-26,1,0,0.9999999
55000900061097,2020-12-27,1,0,0.99999845
55000900061097,2020-12-28,1,0,0.9999993
55000900061097,2020-12-29,1,0,0.9999999
55000900061097,2020-12-30,1,0,0.99999976
55000900061097,2020-12-31,1,0,0.99999666
55000900061097,2021-01-01,1,0,0.99998593
55000900061097,2021-01-02,1,0,0.99999964
55000900061097,2021-01-03,1,0,0.99999976
55000900061097,2021-01-04,1,0,0.99999976
55000900061097,2021-01-05,1,0,0.99999976
55000900061097,2021-01-06,1,0,0.99999976
55000900061097,2021-01-07,1,0,0.99999964
55000900061097,2021-01-08,1,0,0.99999964
55000900061097,2021-01-09,1,0,0.99999976
55000900061097,2021-01-10,1,0,0.99999964
55000900061097,2021-01-11,1,0,0.99999964
55000900061097,2021-01-12,1,0,0.99999976
55000900061097,2021-01-13,1,0,0.99999964
55000900061097,2021-01-14,1,0,0.99999976
55000900061097,2021-01-15,1,0,0.99999976
55000900061097,2021-01-16,1,0,0.99999976
55000900061097,2021-01-17,1,0,0.99999976
55000900061097,2021-01-18,1,0,0.99999976
55000900061097,2021-01-19,1,0,0.99999976
55000900061097,2021-01-20,1,0,0.99999976
55000900061097,2021-01-21,1,0,0.99999964
55000900061097,2021-01-22,1,0,0.99999964
55000900061097,2021-01-23,1,0,0.99999964
55000900061097,2021-01-24,1,0,0.99999964
55000900061097,2021-01-25,1,0,0.99999964
55000900061097,2021-01-26,1,0,0.99999964
55000900061097,2021-01-27,1,0,0.99999964
55000900061097,2021-01-28,1,0,0.99999964
55000900061097,2021-01-29,1,0,0.99999964
55000900061097,2021-01-30,1,0,0.99999976
55000900061097,2021-01-31,1,0,0.99999976
55000900061097,2021-02-01,1,0,0.99999976
55000900061097,2021-02-02,1,0,0.99999976
55000900061097,2021-02-03,1,0,0.99999976
55000900061097,2021-02-04,1,0,0.99999976
55000900061097,2021-02-05,1,0,0.99999976
55000900061097,2021-02-06,1,0,0.99999976
55000900061097,2021-02-07,1,0,0.99999976
55000900061097,2021-02-08,1,0,0.99999976
55000900061097,2021-02-09,1,0,0.99999976
55000900061097,2021-02-10,1,0,0.99999976
55000900061097,2021-02-11,1,0,0.99999976
55000900061097,2021-02-12,1,0,0.99999976
55000900061097,2021-02-13,1,0,0.99999976
55000900061097,2021-02-14,1,0,0.99999976
55000900061097,2021-02-15,1,0,0.99999976
55000900061097,2021-02-16,1,0,0.99999976
55000900061097,2021-02-17,1,0,0.99999976
55000900061097,2021-02-18,1,0,0.99999976
55000900061097,2021-02-19,1,0,0.99999976
55000900061097,2021-02-20,1,0,0.99999976
55000900061097,2021-02-21,1,0,0.99999976
55000900061097,2021-02-22,1,0,0.99999976
55000900061097,2021-02-23,1,0,0.99999976
55000900061097,2021-02-24,1,0,0.99999976
55000900061097,2021-02-25,1,0,0.99999976
55000900061097,2021-02-26,1,0,0.99999976
55000900061097,2021-02-27,1,0,0.99999976
55000900061097,2021-02-28,1,0,0.99999976
55000900061097,2021-03-01,1,0,0.99999976
55000900061097,2021-03-02,1,0,0.99999976
55000900061097,2021-03-03,1,0,0.99999976
55000900061097,2021-03-04,1,0,0.99999976
55000900061097,2021-03-05,1,0,0.99999976
55000900061097,2021-03-06,1,0,0.99999976
55000900061097,2021-03-07,1,0,0.99999976
55000900061097,2021-03-08,1,0,0.99999976
55000900061097,2021-03-09,1,0,0.99999976
55000900061097,2021-03-10,1,0,0.99999976
55000900061097,2021-03-11,1,0,0.99999976
55000900061097,2021-03-12,1,0,0.99999976
55000900061097,2021-03-13,1,0,0.99999976
55000900061097,2021-03-14,1,0,0.99999976
55000900061097,2021-03-15,1,0,0.99999976
55000900061097,2021-03-16,1,0,0.99999976
55000900061097,2021-03-17,1,0,0.99999976
55000900061097,2021-03-18,1,0,0.99999976
55000900061097,2021-03-19,1,0,0.99999976
55000900061097,2021-03-20,1,0,0.99999976
55000900061097,2021-03-21,1,0,0.99999976
55000900061097,2021-03-22,1,0,0.99999976
55000900061097,2021-03-23,1,0,0.99999976
55000900061097,2021-03-24,1,0,0.99999976
55000900061097,2021-03-25,1,0,0.99999976
55000900061097,2021-03-26,1,0,0.99999976
55000900061097,2021-03-27,1,0,0.99999976
55000900061097,2021-03-28,1,0,0.99999976
55000900061097,2021-03-29,1,0,0.99999976
55000900061097,2021-03-30,1,0,0.99999976
55000900061097,2021-03-31,1,0,0.99999976
55000900061097,2021-04-01,1,0,0.99999976
55000900061097,2021-04-02,1,0,0.99999976
55000900061097,2021-04-03,1,0,0.99999976
55000900061097,2021-04-04,1,0,0.99999976
55000900061097,2021-04-05,1,0,0.99999976
55000900061097,2021-04-06,1,0,0.99999976
55000900061097,2021-04-07,1,0,0.99999976
55000900061097,2021-04-08,1,0,0.99999976
55000900061097,2021-04-09,1,0,0.99999976
55000900061097,2021-04-10,1,0,0.99999976
55000900061097,2021-04-11,1,0,0.99999976
55000900061097,2021-04-12,1,0,0.99999976
55000900061097,2021-04-13,1,0,0.99999976
55000900061097,2021-04-14,1,0,0.99999976
55000900061097,2021-04-15,1,0,0.99999976
55000900061097,2021-04-16,1,0,0.99999976
55000900061097,2021-04-17,1,0,0.99999976
55000900061097,2021-04-18,1,0,0.99999976
55000900061097,2021-04-19,1,0,0.99999976
55000900061097,2021-04-20,1,0,0.99999976
55000900061097,2021-04-21,1,0,0.99999976
55000900061097,2021-04-22,1,0,0.99999976
55000900061097,2021-04-23,1,0,0.99999976
55000900061097,2021-04-24,1,0,0.99999976
55000900061097,2021-04-25,1,0,0.99999976
55000900061097,2021-04-26,1,0,0.99999976
55000900061097,2021-04-27,1,0,0.99999976
55000900061097,2021-04-28,1,0,0.99999976
55000900061097,2021-04-29,1,0,0.99999976
55000900061097,2021-04-30,1,0,0.99999976
55000900061097,2021-05-01,1,0,0.99999976
55000900061097,2021-05-02,1,0,0.99999976
55000900061097,2021-05-03,1,0,0.99999976
55000900061097,2021-05-04,1,0,0.99999976
55000900061097,2021-05-05,1,0,0.99999976
55000900061097,2021-05-06,1,0,0.99999976
55000900061097,2021-05-07,1,0,0.99999976
55000900061097,2021-05-08,1,0,0.99999976
55000900061097,2021-05-09,1,0,0.99999976
55000900061097,2021-05-10,1,0,0.99999976
55000900061097,2021-05-11,1,0,0.99999976
55000900061097,2021-05-12,1,0,0.99999976
55000900061097,2021-05-13,1,0,0.99999976
55000900061097,2021-05-14,1,0,0.99999976
55000900061097,2021-05-15,1,0,0.99999976
55000900061097,2021-05-16,1,0,0.99999976
55000900061097,2021-05-17,1,0,0.99999976
55000900061097,2021-05-18,1,0,0.99999976
55000900061097,2021-05-19,1,0,0.99999976
55000900061097,2021-05-20,1,0,0.99999976
55000900061097,2021-05-21,1,0,0.99999976
55000900061097,2021-05-22,1,0,0.99999976
55000900061097,2021-05-23,1,0,0.99999976
55000900061097,2021-05-24,1,0,0.99999976
55000900061097,2021-05-25,1,0,0.99999976
55000900061097,2021-05-26,1,0,0.99999976
55000900061097,2021-05-27,1,0,0.99999976
55000900061097,2021-05-28,1,0,0.99999976
55000900061097,2021-05-29,1,0,0.99999976
55000900061097,2021-05-30,1,0,0.99999976
55000900061097,2021-05-31,1,0,0.99999976
55000900061097,2021-06-01,1,0,0.99999976
55000900061097,2021-06-02,1,0,0.99999976
55000900061097,2021-06-03,1,0,0.99999976
55000900061097,2021-06-04,1,0,0.99999976
55000900061097,2021-06-05,1,0,0.99999976
55000900061097,2021-06-06,1,0,0.99999976
55000900061097,2021-06-07,1,0,0.99999976
55000900061097,2021-06-08,1,0,0.99999976
55000900061097,2021-06-09,1,0,0.99999976
55000900061097,2021-06-10,1,0,0.99999976
55000900061097,2021-06-11,1,0,0.99999976
55000900061097,2021-06-12,1,0,0.99999976
55000900061097,2021-06-13,1,0,0.99999976
55000900061097,2021-06-14,1,0,0.99999976
55000900061097,2021-06-15,1,0,0.99999976
55000900061097,2021-06-16,1,0,0.99999976
55000900061097,2021-06-17,1,0,0.99999976
55000900061097,2021-06-18,1,0,0.99999976
55000900061097,2021-06-19,1,0,0.99999976
55000900061097,2021-06-20,1,0,0.99999976
55000900061097,2021-06-21,1,0,0.99999976
55000900061097,2021-06-22,1,0,0.99999976
55000900061097,2021-06-23,1,0,0.99999976
55000900061097,2021-06-24,1,0,0.99999976
55000900061097,2021-06-25,1,0,0.99999976
55000900061097,2021-06-26,1,0,0.99999976
55000900061097,2021-06-27,1,0,0.99999976
55000900061097,2021-06-28,1,0,0.99999976
55000900061097,2021-06-29,1,0,0.99999976
55000900061097,2021-06-30,1,0,0.99999976
55000900061097,2021-07-01,1,0,0.99999976
55000900061097,2021-07-02,1,0,0.99999976
55000900061097,2021-07-03,1,0,0.99999976
55000900061097,2021-07-04,1,0,0.99999976
55000900061097,2021-07-05,1,0,0.99999976
55000900061097,2021-07-06,1,0,0.99999976
55000900061097,2021-07-07,1,0,0.99999976
55000900061097,2021-07-08,1,0,0.99999976
55000900061097,2021-07-09,1,0,0.99999976
55000900061097,2021-07-10,1,0,0.99999976
55000900061097,2021-07-11,1,0,0.99999976
55000900061097,2021-07-12,1,0,0.99999976
55000900061097,2021-07-13,1,0,0.99999976
55000900061097,2021-07-14,1,0,0.99999976
55000900061097,2021-07-15,1,0,0.99999976
55000900061097,2021-07-16,1,0,0.99999976
55000900061097,2021-07-17,1,0,0.99999976
55000900061097,2021-07-18,1,0,0.99999976
55000900061097,2021-07-19,1,0,0.99999976
55000900061097,2021-07-20,1,0,0.99999976
55000900061097,2021-07-21,1,0,0.99999976
55000900061097,2021-07-22,1,0,0.99999976
55000900061097,2021-07-23,1,0,0.99999976
55000900061097,2021-07-24,1,0,0.99999976
55000900061097,2021-07-25,1,0,0.99999976
55000900061097,2021-07-26,1,0,0.99999976
55000900061097,2021-07-27,1,0,0.99999976
55000900061097,2021-07-28,1,0,0.99999976
55000900061097,2021-07-29,1,0,0.99999976
55000900061097,2021-07-30,1,0,0.99999976
55000900061097,2021-07-31,1,0,0.99999976
55000900061097,2021-08-01,1,0,0.99999976
55000900061097,2021-08-02,1,0,0.99999976
55000900061097,2021-08-03,1,0,0.99999976
55000900061097,2021-08-04,1,0,0.99999976
55000900061097,2021-08-05,1,0,0.99999976
55000900061097,2021-08-06,1,0,0.99999976
55000900061097,2021-08-07,1,0,0.99999976
55000900061097,2021-08-08,1,0,0.99999976
55000900061097,2021-08-09,1,0,0.99999976
55000900061097,2021-08-10,1,0,0.99999976
55000900061097,2021-08-11,1,0,0.99999976
55000900061097,2021-08-12,1,0,0.99999976
55000900061097,2021-08-13,1,0,0.99999976
55000900061097,2021-08-14,1,0,0.99999976
55000900061097,2021-08-15,1,0,0.99999976
55000900061097,2021-08-16,1,0,0.99999976
55000900061097,2021-08-17,1,0,0.99999976
55000900061097,2021-08-18,1,0,0.99999976
55000900061097,2021-08-19,1,0,0.99999976
55000900061097,2021-08-20,1,0,0.99999976
55000900061097,2021-08-21,1,0,0.99999976
55000900061097,2021-08-22,1,0,0.99999976
55000900061097,2021-08-23,1,0,0.99999976
55000900061097,2021-08-24,1,0,0.99999976
55000900061097,2021-08-25,1,0,0.99999976
55000900061097,2021-08-26,1,0,0.99999976
55000900061097,2021-08-27,1,0,0.99999976
55000900061097,2021-08-28,1,0,0.99999976
55000900061097,2021-08-29,1,0,0.99999976
55000900061097,2021-08-30,1,0,0.99999976
55000900061097,2021-08-31,1,0,0.99999976
55000900061097,2021-09-01,1,0,0.99999976
55000900061097,2021-09-02,1,0,0.99999976
55000900061097,2021-09-03,1,0,0.99999976
55000900061097,2021-09-04,1,0,0.99999976
55000900061097,2021-09-05,1,0,0.99999976
55000900061097,2021-09-06,1,0,0.99999976
55000900061097,2021-09-07,1,0,0.99999976
55000900061097,2021-09-08,1,0,0.99999976
55000900061097,2021-09-09,1,0,0.99999976
55000900061097,2021-09-10,1,0,0.99999976
55000900061097,2021-09-11,1,0,0.99999976
55000900061097,2021-09-12,1,0,0.99999976
55000900061097,2021-09-13,1,0,0.99999976
55000900061097,2021-09-14,1,0,0.99999976
55000900061097,2021-09-15,1,0,0.99999976
55000900061097,2021-09-16,1,0,0.99999976
55000900061097,2021-09-17,1,0,0.99999976
55000900061097,2021-09-18,1,0,0.99999976
55000900061097,2021-09-19,1,0,0.99999976
55000900061097,2021-09-20,1,0,0.99999976
55000900061097,2021-09-21,1,0,0.99999976
55000900061097,2021-09-22,1,0,0.99999976
55000900061097,2021-09-23,1,0,0.99999976
55000900061097,2021-09-24,1,0,0.99999976
55000900061097,2021-09-25,1,0,0.99999976
55000900061097,2021-09-26,1,0,0.99999976
55000900061097,2021-09-27,1,0,0.99999976
55000900061097,2021-09-28,1,0,0.99999976
55000900061097,2021-09-29,1,0,0.99999976
55000900061097,2021-09-30,1,0,0.99999976
55000900061097,2021-10-01,1,0,0.99999976
55000900061097,2021-10-02,1,0,0.99999976
55000900061097,2021-10-03,1,0,0.99999976
55000900061097,2021-10-04,1,0,0.99999976
55000900061097,2021-10-05,1,0,0.99999976
55000900061097,2021-10-06,1,0,0.99999976
55000900061097,2021-10-07,1,0,0.99999976
55000900061097,2021-10-08,1,0,0.99999976
55000900061097,2021-10-09,1,0,0.99999976
55000900061097,2021-10-10,1,0,0.99999976
55000900061097,2021-10-11,1,0,0.99999976
55000900061097,2021-10-12,1,0,0.99999976
55000900061097,2021-10-13,1,0,0.99999976
55000900061097,2021-10-14,1,0,0.99999976
55000900061097,2021-10-15,1,0,0.99999976
55000900061097,2021-10-16,1,0,0.99999976
55000900061097,2021-10-17,1,0,0.99999976
55000900061097,2021-10-18,1,0,0.99999976
55000900061097,2021-10-19,1,0,0.99999976
55000900061097,2021-10-20,1,0,0.99999976
55000900061097,2021-10-21,1,0,0.99999976
55000900061097,2021-10-22,1,0,0.99999976
55000900061097,2021-10-23,1,0,0.99999976
55000900061097,2021-10-24,1,0,0.99999976
55000900061097,2021-10-25,1,0,0.99999976
55000900061097,2021-10-26,1,0,0.99999976
55000900061097,2021-10-27,1,0,0.99999976
55000900061097,2021-10-28,1,0,0.99999976
55000900061097,2021-10-29,1,0,0.99999976
55000900061097,2021-10-30,1,0,0.99999976
55000900061097,2021-10-31,1,0,0.99999976
55000900061097,2021-11-01,1,0,0.99999976
55000900061097,2021-11-02,1,0,0.99999976
55000900061097,2021-11-03,1,0,0.99999976
55000900061097,2021-11-04,1,0,0.99999976
55000900061097,2021-11-05,1,0,0.99999976
55000900061097,2021-11-06,1,0,0.99999976
55000900061097,2021-11-07,1,0,0.99999976
55000900061097,2021-11-08,1,0,0.99999976
55000900061097,2021-11-09,1,0,0.99999976
55000900061097,2021-11-10,1,0,0.99999976
55000900061097,2021-11-11,1,0,0.99999976
55000900061097,2021-11-12,1,0,0.99999976
55000900061097,2021-11-13,1,0,0.99999976
55000900061097,2021-11-14,1,0,0.99999976
55000900061097,2021-11-15,1,0,0.99999976
55000900061097,2021-11-16,1,0,0.99999976
55000900061097,2021-11-17,1,0,0.99999976
55000900061097,2021-11-18,1,0,0.99999976
55000900061097,2021-11-19,1,0,0.99999976
55000900061097,2021-11-20,1,0,0.99999976
55000900061097,2021-11-21,1,0,0.99999976
55000900061097,2021-11-22,1,0,0.99999976
55000900061097,2021-11-23,1,0,0.99999976
55000900061097,2021-11-24,1,0,0.99999976
55000900061097,2021-11-25,1,0,0.99999976
55000900061097,2021-11-26,1,0,0.99999976
55000900061097,2021-11-27,1,0,0.99999976
55000900061097,2021-11-28,1,0,0.99999976
55000900061097,2021-11-29,1,0,0.99999976
55000900061097,2021-11-30,1,0,0.99999976
55000900061097,2021-12-01,1,0,0.99999976
55000900061097,2021-12-02,1,0,0.99999976
55000900061097,2021-12-03,1,0,0.99999976
55000900061097,2021-12-04,1,0,0.99999976
55000900061097,2021-12-05,1,0,0.99999976
55000900061097,2021-12-06,1,0,0.99999976
55000900061097,2021-12-07,1,0,0.99999976
55000900061097,2021-12-08,1,0,0.99999976
55000900061097,2021-12-09,1,0,0.99999976
55000900061097,2021-12-10,1,0,0.99999976
55000900061097,2021-12-11,1,0,0.99999976
55000900061097,2021-12-12,1,0,0.99999976
55000900061097,2021-12-13,1,0,0.99999976
55000900061097,2021-12-14,1,0,0.99999976
55000900061097,2021-12-15,1,0,0.99999976
55000900061097,2021-12-16,1,0,0.99999976
55000900061097,2021-12-17,1,0,0.99999976
55000900061097,2021-12-18,1,0,0.99999976
55000900061097,2021-12-19,1,0,0.99999976
55000900061097,2021-12-20,1,0,0.99999976
55000900061097,2021-12-21,1,0,0.99999976
55000900061097,2021-12-22,1,0,0.99999976
55000900061097,2021-12-23,1,0,0.99999976
55000900061097,2021-12-24,1,0,0.99999976
55000900061097,2021-12-25,1,0,0.99999976
55000900061097,2021-12-26,1,0,0.99999976
55000900061097,2021-12-27,1,0,0.99999976
55000900061097,2021-12-28,1,0,0.99999976
55000900061097,2021-12-29,1,0,0.99999976
55000900061097,2021-12-30,1,0,0.99999976
55000900061097,2021-12-31,1,0,0.99999976
55000900061097,2022-01-01,1,0,0.99999976
55000900061097,2022-01-02,1,0,0.99999976
55000900061097,2022-01-03,1,0,0.99999976
55000900061097,2022-01-04,1,0,0.99999976
55000900061097,2022-01-05,1,0,0.99999976
55000900061097,2022-01-06,1,0,0.99999976
55000900061097,2022-01-07,1,0,0.99999976
55000900061097,2022-01-08,1,0,0.99999976
55000900061097,2022-01-09,1,0,0.99999976
55000900061097,2022-01-10,1,0,0.99999976
55000900061097,2022-01-11,1,0,0.99999976
55000900061097,2022-01-12,1,0,0.99999976
55000900061097,2022-01-13,1,0,0.99999976
55000900061097,2022-01-14,1,0,0.99999976
55000900061097,2022-01-15,1,0,0.99999976
55000900061097,2022-01-16,1,0,0.99999976
55000900061097,2022-01-17,1,0,0.99999976
55000900061097,2022-01-18,1,0,0.99999976
55000900061097,2022-01-19,1,0,0.99999976
55000900061097,2022-01-20,1,0,0.99999976
55000900061097,2022-01-21,1,0,0.99999976
55000900061097,2022-01-22,1,0,0.99999976
55000900061097,2022-01-23,1,0,0.99999976
55000900061097,2022-01-24,1,0,0.99999976
55000900061097,2022-01-25,1,0,0.99999976
55000900061097,2022-01-26,1,0,0.99999976
55000900061097,2022-01-27,1,0,0.99999976
55000900061097,2022-01-28,1,0,0.99999976
55000900061097,2022-01-29,1,0,0.99999976
55000900061097,2022-01-30,1,0,0.99999976
55000900061097,2022-01-31,1,0,0.99999976
55000900061097,2022-02-01,1,0,0.99999976
55000900061097,2022-02-02,1,0,0.99999976
55000900061097,2022-02-03,1,0,0.99999976
55000900061097,2022-02-04,1,0,0.99999976
55000900061097,2022-02-05,1,0,0.99999976
55000900061097,2022-02-06,1,0,0.99999976
55000900061097,2022-02-07,1,0,0.99999976
55000900061097,2022-02-08,1,0,0.99999976
55000900061097,2022-02-09,1,0,0.99999976
55000900061097,2022-02-10,1,0,0.99999976
55000900061097,2022-02-11,1,0,0.99999976
55000900061097,2022-02-12,1,0,0.99999976
55000900061097,2022-02-13,1,0,0.99999976
55000900061097,2022-02-14,1,0,0.99999976
55000900061097,2022-02-15,1,0,0.99999976
55000900061097,2022-02-16,1,0,0.99999976
55000900061097,2022-02-17,1,0,0.99999976
55000900061097,2022-02-18,1,0,0.99999976
55000900061097,2022-02-19,1,0,0.99999976
55000900061097,2022-02-20,1,0,0.99999976
55000900061097,2022-02-21,1,0,0.99999976
55000900061097,2022-02-22,1,0,0.99999976
55000900061097,2022-02-23,1,0,0.99999976
55000900061097,2022-02-24,1,0,0.99999976
55000900061097,2022-02-25,1,0,0.99999976
55000900061097,2022-02-26,1,0,0.99999976
55000900061097,2022-02-27,1,0,0.99999976
55000900061097,2022-02-28,1,0,0.99999976
55000900061097,2022-03-01,1,0,0.99999976
55000900061097,2022-03-02,1,0,0.99999976
55000900061097,2022-03-03,1,0,0.99999976
55000900061097,2022-03-04,1,0,0.99999976
55000900061097,2022-03-05,1,0,0.99999976
55000900061097,2022-03-06,1,0,0.99999976
55000900061097,2022-03-07,1,0,0.99999976
55000900061097,2022-03-08,1,0,0.99999976
55000900061097,2022-03-09,1,0,0.99999976
55000900061097,2022-03-10,1,0,0.99999976
55000900061097,2022-03-11,1,0,0.99999976
55000900061097,2022-03-12,1,0,0.99999976
55000900061097,2022-03-13,1,0,0.99999976
55000900061097,2022-03-14,1,0,0.99999976
55000900061097,2022-03-15,1,0,0.99999976
55000900061097,2022-03-16,1,0,0.99999976
55000900061097,2022-03-17,1,0,0.99999976
55000900061097,2022-03-18,1,0,0.99999976
55000900061097,2022-03-19,1,0,0.99999976
55000900061097,2022-03-20,1,0,0.99999976
55000900061097,2022-03-21,1,0,0.99999976
55000900061097,2022-03-22,1,0,0.99999976
55000900061097,2022-03-23,1,0,0.99999976
55000900061097,2022-03-24,1,0,0.99999976
55000900061097,2022-03-25,1,0,0.99999976
55000900061097,2022-03-26,1,0,0.99999976
55000900061097,2022-03-27,1,0,0.99999976
55000900061097,2022-03-28,1,0,0.99999976
55000900061097,2022-03-29,1,0,0.99999976
55000900061097,2022-03-30,1,0,0.99999976
55000900061097,2022-03-31,1,0,0.99999976
55000900061097,2022-04-01,1,0,0.99999976
55000900061097,2022-04-02,1,0,0.99999976
55000900061097,2022-04-03,1,0,0.99999976
55000900061097,2022-04-04,1,0,0.99999976
55000900061097,2022-04-05,1,0,0.99999976
55000900061097,2022-04-06,1,0,0.99999976
55000900061097,2022-04-07,1,0,0.99999976
55000900061097,2022-04-08,1,0,0.99999976
55000900061097,2022-04-09,1,0,0.99999976
55000900061097,2022-04-10,1,0,0.99999976
55000900061097,2022-04-11,1,0,0.99999976
55000900061097,2022-04-12,1,0,0.99999976
55000900061097,2022-04-13,1,0,0.99999976
55000900061097,2022-04-14,1,0,0.99999976
55000900061097,2022-04-15,1,0,0.99999976
55000900061097,2022-04-16,1,0,0.99999976
55000900061097,2022-04-17,1,0,0.99999976
55000900061097,2022-04-18,1,0,0.99999976
55000900061097,2022-04-19,1,0,0.99999976
55000900061097,2022-04-20,1,0,0.99999976
55000900061097,2022-04-21,1,0,0.99999976
55000900061097,2022-04-22,1,0,0.99999976
55000900061097,2022-04-23,1,0,0.99999976
55000900061097,2022-04-24,1,0,0.99999976
55000900061097,2022-04-25,1,0,0.99999976
55000900061097,2022-04-26,1,0,0.99999976
55000900061097,2022-04-27,1,0,0.99999976
55000900061097,2022-04-28,1,0,0.99999976
55000900061097,2022-04-29,1,0,0.99999976
55000900061097,2022-04-30,1,0,0.99999976
55000900061097,2022-05-01,1,0,0.99999976
55000900061097,2022-05-02,1,0,0.99999976
55000900061097,2022-05-03,1,0,0.99999976
55000900061097,2022-05-04,1,0,0.99999976
55000900061097,2022-05-05,1,0,0.99999976
55000900061097,2022-05-06,1,0,0.99999976
55000900061097,2022-05-07,1,0,0.99999976
55000900061097,2022-05-08,1,0,0.99999976
55000900061097,2022-05-09,1,0,0.99999976
55000900061097,2022-05-10,1,0,0.99999976
55000900061097,2022-05-11,1,0,0.99999976
55000900061097,2022-05-12,1,0,0.99999976
55000900061097,2022-05-13,1,0,0.99999976
55000900061097,2022-05-14,1,0,0.99999976
55000900061097,2022-05-15,1,0,0.99999976
55000900061097,2022-05-16,1,0,0.99999976
55000900061097,2022-05-17,1,0,0.99999976
55000900061097,2022-05-18,1,0,0.99999976
55000900061097,2022-05-19,1,0,0.99999976
55000900061097,2022-05-20,1,0,0.99999976
55000900061097,2022-05-21,1,0,0.99999976
55000900061097,2022-05-22,1,0,0.99999976
55000900061097,2022-05-23,1,0,0.99999976
55000900061097,2022-05-24,1,0,0.99999976
55000900061097,2022-05-25,1,0,0.99999976
55000900061097,2022-05-26,1,0,0.99999976
55000900061097,2022-05-27,1,0,0.99999976
55000900061097,2022-05-28,1,0,0.99999976
55000900061097,2022-05-29,1,0,0.99999976
55000900061097,2022-05-30,1,0,0.99999976
55000900061097,2022-05-31,1,0,0.99999976
55000900061097,2022-06-01,1,0,0.99999976
55000900061097,2022-06-02,1,0,0.99999976
55000900061097,2022-06-03,1,0,0.99999976
55000900061097,2022-06-04,1,0,0.99999976
55000900061097,2022-06-05,1,0,0.99999976
55000900061097,2022-06-06,1,0,0.99999976
55000900061097,2022-06-07,1,0,0.99999976
55000900061097,2022-06-08,1,0,0.99999976
55000900061097,2022-06-09,1,0,0.99999976
55000900061097,2022-06-10,1,0,0.99999976
55000900061097,2022-06-11,1,0,0.99999976
55000900061097,2022-06-12,1,0,0.99999976
55000900061097,2022-06-13,1,0,0.99999976
55000900061097,2022-06-14,1,0,0.99999976
55000900061097,2022-06-15,1,0,0.99999976
55000900061097,2022-06-16,1,0,0.99999976
55000900061097,2022-06-17,1,0,0.99999976
55000900061097,2022-06-18,1,0,0.99999976
55000900061097,2022-06-19,1,0,0.99999976
55000900061097,2022-06-20,1,0,0.99999976
55000900061097,2022-06-21,1,0,0.99999976
55000900061097,2022-06-22,1,0,0.99999976
55000900061097,2022-06-23,1,0,0.99999976
55000900061097,2022-06-24,1,0,0.99999976
55000900061097,2022-06-25,1,0,0.99999976
55000900061097,2022-06-26,1,0,0.99999976
55000900061097,2022-06-27,1,0,0.99999976
55000900061097,2022-06-28,1,0,0.99999976
55000900061097,2022-06-29,1,0,0.99999976
55000900061097,2022-06-30,1,0,0.99999976
55000900061097,2022-07-01,1,0,0.99999976
55000900061097,2022-07-02,1,0,0.99999976
55000900061097,2022-07-03,1,0,0.99999976
55000900061097,2022-07-04,1,0,0.99999976
55000900061097,2022-07-05,1,0,0.99999976
55000900061097,2022-07-06,1,0,0.99999976
55000900061097,2022-07-07,1,0,0.99999976
55000900061097,2022-07-08,1,0,0.99999976
55000900061097,2022-07-09,1,0,0.99999976
55000900061097,2022-07-10,1,0,0.99999976
55000900061097,2022-07-11,1,0,0.99999976
55000900061097,2022-07-12,1,0,0.99999976
55000900061097,2022-07-13,1,0,0.99999976
55000900061097,2022-07-14,1,0,0.99999976
55000900061097,2022-07-15,1,0,0.99999976
55000900061097,2022-07-16,1,0,0.99999976
55000900061097,2022-07-17,1,0,0.99999976
55000900061097,2022-07-18,1,0,0.99999976
55000900061097,2022-07-19,1,0,0.99999976
55000900061097,2022-07-20,1,0,0.99999976
55000900061097,2022-07-21,1,0,0.99999976
55000900061097,2022-07-22,1,0,0.99999976
55000900061097,2022-07-23,1,0,0.99999976
55000900061097,2022-07-24,1,0,0.99999976
55000900061097,2022-07-25,1,0,0.99999976
55000900061097,2022-07-26,1,0,0.99999976
55000900061097,2022-07-27,1,0,0.99999976
55000900061097,2022-07-28,1,0,0.99999976
55000900061097,2022-07-29,1,0,0.99999976
55000900061097,2022-07-30,1,0,0.99999976
55000900061097,2022-07-31,1,0,0.99999976
55000900061097,2022-08-01,1,0,0.99999976
55000900061097,2022-08-02,1,0,0.99999976
55000900061097,2022-08-03,1,0,0.99999976
55000900061097,2022-08-04,1,0,0.99999976
55000900061097,2022-08-05,1,0,0.99999976
55000900061097,2022-08-06,1,0,0.99999976
55000900061097,2022-08-07,1,0,0.99999976
55000900061097,2022-08-08,1,0,0.99999976
55000900061097,2022-08-09,1,0,0.99999976
55000900061097,2022-08-10,1,0,0.99999976
55000900061097,2022-08-11,1,0,0.99999976
55000900061097,2022-08-12,1,0,0.99999976
55000900061097,2022-08-13,1,0,0.99999976
55000900061097,2022-08-14,1,0,0.99999976
55000900061097,2022-08-15,1,0,0.99999976
55000900061097,2022-08-16,1,0,0.99999976
55000900061097,2022-08-17,1,0,0.99999976
55000900061097,2022-08-18,1,0,0.99999976
55000900061097,2022-08-19,1,0,0.99999976
55000900061097,2022-08-20,1,0,0.99999976
55000900061097,2022-08-21,1,0,0.99999976
55000900061097,2022-08-22,1,0,0.99999976
55000900061097,2022-08-23,1,0,0.99999976
55000900061097,2022-08-24,1,0,0.99999976
55000900061097,2022-08-25,1,0,0.99999976
55000900061097,2022-08-26,1,0,0.99999976
55000900061097,2022-08-27,1,0,0.99999976
55000900061097,2022-08-28,1,0,0.99999976
55000900061097,2022-08-29,1,0,0.99999976
55000900061097,2022-08-30,1,0,0.99999976
55000900061097,2022-08-31,1,0,0.99999976
55000900061097,2022-09-01,1,0,0.99999976
55000900061097,2022-09-02,1,0,0.99999976
55000900061097,2022-09-03,1,0,0.99999976
55000900061097,2022-09-04,1,0,0.99999976
55000900061097,2022-09-05,1,0,0.99999976
55000900061097,2022-09-06,1,0,0.99999976
55000900061097,2022-09-07,1,0,0.99999976
55000900061097,2022-09-08,1,0,0.99999976
55000900061097,2022-09-09,1,0,0.99999976
55000900061097,2022-09-10,1,0,0.99999976
55000900061097,2022-09-11,1,0,0.99999976
55000900061097,2022-09-12,1,0,0.99999976
55000900061097,2022-09-13,1,0,0.99999976
55000900061097,2022-09-14,1,0,0.99999976
55000900061097,2022-09-15,1,0,0.99999976
55000900061097,2022-09-16,1,0,0.99999976
55000900061097,2022-09-17,1,0,0.99999976
55000900061097,2022-09-18,1,0,0.99999976
55000900061097,2022-09-19,1,0,0.99999976
55000900061097,2022-09-20,1,0,0.99999976
55000900061097,2022-09-21,1,0,0.99999976
55000900061097,2022-09-22,1,0,0.99999976
55000900061097,2022-09-23,1,0,0.99999976
55000900061097,2022-09-24,1,0,0.99999976
55000900061097,2022-09-25,1,0,0.99999976
55000900061097,2022-09-26,1,0,0.99999976
55000900061097,2022-09-27,1,0,0.99999976
55000900061097,2022-09-28,1,0,0.99999976
55000900061097,2022-09-29,1,0,0.99999976
55000900061097,2022-09-30,1,0,0.99999976
55000900061097,2022-10-01,1,0,0.99999976
55000900061097,2022-10-02,1,0,0.99999976
55000900061097,2022-10-03,1,0,0.99999976
55000900061097,2022-10-04,1,0,0.99999976
55000900061097,2022-10-05,1,0,0.99999976
55000900061097,2022-10-06,1,0,0.99999976
55000900061097,2022-10-07,1,0,0.99999976
55000900061097,2022-10-08,1,0,0.99999976
55000900061097,2022-10-09,1,0,0.99999976
55000900061097,2022-10-10,1,0,0.99999976
55000900061097,2022-10-11,1,0,0.99999976
55000900061097,2022-10-12,1,0,0.99999976
55000900061097,2022-10-13,1,0,0.99999976
55000900061097,2022-10-14,1,0,0.99999976
55000900061097,2022-10-15,1,0,0.99999976
55000900061097,2022-10-16,1,0,0.99999976
55000900061097,2022-10-17,1,0,0.99999976
55000900061097,2022-10-18,1,0,0.99999976
55000900061097,2022-10-19,1,0,0.99999976
55000900061097,2022-10-20,1,0,0.99999976
55000900061097,2022-10-21,1,0,0.99999976
55000900061097,2022-10-22,1,0,0.99999976
55000900061097,2022-10-23,1,0,0.99999976
55000900061097,2022-10-24,1,0,0.99999976
55000900061097,2022-10-25,1,0,0.99999976
55000900061097,2022-10-26,1,0,0.99999976
55000900061097,2022-10-27,1,0,0.99999976
55000900061097,2022-10-28,1,0,0.99999976
55000900061097,2022-10-29,1,0,0.99999976
55000900061097,2022-10-30,1,0,0.99999976
55000900061097,2022-10-31,1,0,0.99999976
55000900061097,2022-11-01,1,0,0.99999976
55000900061097,2022-11-02,1,0,0.99999976
55000900061097,2022-11-03,1,0,0.99999976
55000900061097,2022-11-04,1,0,0.99999976
55000900061097,2022-11-05,1,0,0.99999976
55000900061097,2022-11-06,1,0,0.99999976
55000900061097,2022-11-07,1,0,0.99999976
55000900061097,2022-11-08,1,0,0.99999976
55000900061097,2022-11-09,1,0,0.99999976
55000900061097,2022-11-10,1,0,0.99999976
55000900061097,2022-11-11,1,0,0.99999976
55000900061097,2022-11-12,1,0,0.99999976
55000900061097,2022-11-13,1,0,0.99999976
55000900061097,2022-11-14,1,0,0.99999976
55000900061097,2022-11-15,1,0,0.99999976
55000900061097,2022-11-16,1,0,0.99999976
55000900061097,2022-11-17,1,0,0.99999976
55000900061097,2022-11-18,1,0,0.99999976
55000900061097,2022-11-19,1,0,0.99999976
55000900061097,2022-11-20,1,0,0.99999976
55000900061097,2022-11-21,1,0,0.99999976
55000900061097,2022-11-22,1,0,0.99999976
55000900061097,2022-11-23,1,0,0.99999976
55000900061097,2022-11-24,1,0,0.99999976
55000900061097,2022-11-25,1,0,0.99999976
55000900061097,2022-11-26,1,0,0.99999976
55000900061097,2022-11-27,1,0,0.99999976
55000900061097,2022-11-28,1,0,0.99999976
55000900061097,2022-11-29,1,0,0.99999976
55000900061097,2022-11-30,1,0,0.99999976
55000900061097,2022-12-01,1,0,0.99999976
55000900061097,2022-12-02,1,0,0.99999976
55000900061097,2022-12-03,1,0,0.99999976
55000900061097,2022-12-04,1,0,0.99999976
55000900061097,2022-12-05,1,0,0.99999976
55000900061097,2022-12-06,1,0,0.99999976
55000900061097,2022-12-07,1,0,0.99999976
55000900061097,2022-12-08,1,0,0.99999976
55000900061097,2022-12-09,1,0,0.99999976
55000900061097,2022-12-10,1,0,0.99999976
55000900061097,2022-12-11,1,0,0.99999976
55000900061097,2022-12-12,1,0,0.99999976
55000900061097,2022-12-13,1,0,0.99999976
55000900061097,2022-12-14,1,0,0.99999976
55000900061097,2022-12-15,1,0,0.99999976
55000900061097,2022-12-16,1,0,0.99999976
55000900061097,2022-12-17,1,0,0.99999976
55000900061097,2022-12-18,1,0,0.99999976
55000900061097,2022-12-19,1,0,0.99999976
55000900061097,2022-12-20,1,0,0.99999976
55000900061097,2022-12-21,1,0,0.99999976
55000900061097,2022-12-22,1,0,0.99999976
55000900061097,2022-12-23,1,0,0.99999976
55000900061097,2022-12-24,1,0,0.99999976
55000900061097,2022-12-25,1,0,0.99999976
55000900061097,2022-12-26,1,0,0.99999976
55000900061097,2022-12-27,1,0,0.99999976
55000900061097,2022-12-28,1,0,0.99999976
55000900061097,2022-12-29,1,0,0.99999976
55000900061097,2022-12-30,1,0,0.99999976
55000900061097,2022-12-31,1,0,0.99999976
55000900061097,2023-01-01,1,0,0.99999976
55000900061097,2023-01-02,1,0,0.99999976
55000900061097,2023-01-03,1,0,0.99999976
55000900061097,2023-01-04,1,0,0.99999976
55000900061097,2023-01-05,1,0,0.99999976
55000900061097,2023-01-06,1,0,0.99999976
55000900061097,2023-01-07,1,0,0.99999976
55000900061097,2023-01-08,1,0,0.99999976
55000900061097,2023-01-09,1,0,0.99999976
55000900061097,2023-01-10,1,0,0.99999976
55000900061097,2023-01-11,1,0,0.99999976
55000900061097,2023-01-12,1,0,0.99999976
55000900061097,2023-01-13,1,0,0.99999976
55000900061097,2023-01-14,1,0,0.99999976
55000900061097,2023-01-15,1,0,0.99999976
55000900061097,2023-01-16,1,0,0.99999976
55000900061097,2023-01-17,1,0,0.99999976
55000900061097,2023-01-18,1,0,0.99999976
55000900061097,2023-01-19,1,0,0.99999976
55000900061097,2023-01-20,1,0,0.99999976
55000900061097,2023-01-21,1,0,0.99999976
55000900061097,2023-01-22,1,0,0.99999976
55000900061097,2023-01-23,1,0,0.99999976
55000900061097,2023-01-24,1,0,0.99999976
55000900061097,2023-01-25,1,0,0.99999976
55000900061097,2023-01-26,1,0,0.99999976
55000900061097,2023-01-27,1,0,0.99999976
55000900061097,2023-01-28,1,0,0.99999976
55000900061097,2023-01-29,1,0,0.99999976
55000900061097,2023-01-30,1,0,0.99999976
55000900061097,2023-01-31,1,0,0.99999976
55000900061097,2023-02-01,1,0,0.99999976
55000900061097,2023-02-02,1,0,0.99999976
55000900061097,2023-02-03,1,0,0.99999976
55000900061097,2023-02-04,1,0,0.99999976
55000900061097,2023-02-05,1,0,0.99999976
55000900061097,2023-02-06,1,0,0.99999976
55000900061097,2023-02-07,1,0,0.99999976
55000900061097,2023-02-08,1,0,0.99999976
55000900061097,2023-02-09,1,0,0.99999976
55000900061097,2023-02-10,1,0,0.99999976
55000900061097,2023-02-11,1,0,0.99999976
55000900061097,2023-02-12,1,0,0.99999976
55000900061097,2023-02-13,1,0,0.99999976
55000900061097,2023-02-14,1,0,0.99999976
55000900061097,2023-02-15,1,0,0.99999976
55000900061097,2023-02-16,1,0,0.99999976
55000900061097,2023-02-17,1,0,0.99999976
55000900061097,2023-02-18,1,0,0.99999976
55000900061097,2023-02-19,1,0,0.99999976
55000900061097,2023-02-20,1,0,0.99999976
55000900061097,2023-02-21,1,0,0.99999976
55000900061097,2023-02-22,1,0,0.99999976
55000900061097,2023-02-23,1,0,0.99999976
55000900061097,2023-02-24,1,0,0.99999976
55000900061097,2023-02-25,1,0,0.99999976
55000900061097,2023-02-26,1,0,0.99999976
55000900061097,2023-02-27,1,0,0.99999976
55000900061097,2023-02-28,1,0,0.99999976
55000900061097,2023-03-01,1,0,0.99999976
55000900061097,2023-03-02,1,0,0.99999976
55000900061097,2023-03-03,1,0,0.99999976
55000900061097,2023-03-04,1,0,0.99999976
55000900061097,2023-03-05,1,0,0.99999976
55000900061097,2023-03-06,1,0,0.99999976
55000900061097,2023-03-07,1,0,0.99999976
55000900061097,2023-03-08,1,0,0.99999976
55000900061097,2023-03-09,1,0,0.99999976
55000900061097,2023-03-10,1,0,0.99999976
55000900061097,2023-03-11,1,0,0.99999976
55000900061097,2023-03-12,1,0,0.99999976
55000900061097,2023-03-13,1,0,0.99999976
55000900061097,2023-03-14,1,0,0.99999976
55000900061097,2023-03-15,1,0,0.99999976
55000900061097,2023-03-16,1,0,0.99999976
55000900061097,2023-03-17,1,0,0.99999976
55000900061097,2023-03-18,1,0,0.99999976
55000900061097,2023-03-19,1,0,0.99999976
55000900061097,2023-03-20,1,0,0.99999976
55000900061097,2023-03-21,1,0,0.99999976
55000900061097,2023-03-22,1,0,0.99999976
55000900061097,2023-03-23,1,0,0.99999976
55000900061097,2023-03-24,1,0,0.99999976
55000900061097,2023-03-25,1,0,0.99999976
55000900061097,2023-03-26,1,0,0.99999976
55000900061097,2023-03-27,1,0,0.99999976
55000900061097,2023-03-28,1,0,0.99999976
55000900061097,2023-03-29,1,0,0.99999976
55000900061097,2023-03-30,1,0,0.99999976
55000900061097,2023-03-31,1,0,0.99999976
55000900061097,2023-04-01,1,0,0.99999976
55000900061097,2023-04-02,1,0,0.99999976
55000900061097,2023-04-03,1,0,0.99999976
55000900061097,2023-04-04,1,0,0.99999976
55000900061097,2023-04-05,1,0,0.99999976
55000900061097,2023-04-06,1,0,0.99999976
55000900061097,2023-04-07,1,0,0.99999976
55000900061097,2023-04-08,1,0,0.99999976
55000900061097,2023-04-09,1,0,0.99999976
55000900061097,2023-04-10,1,0,0.99999976
55000900061097,2023-04-11,1,0,0.99999976
55000900061097,2023-04-12,1,0,0.99999976
55000900061097,2023-04-13,1,0,0.99999976
55000900061097,2023-04-14,1,0,0.99999976
55000900061097,2023-04-15,1,0,0.99999976
55000900061097,2023-04-16,1,0,0.99999976
55000900061097,2023-04-17,1,0,0.99999976
55000900061097,2023-04-18,1,0,0.99999976
55000900061097,2023-04-19,1,0,0.99999976
55000900061097,2023-04-20,1,0,0.99999976
55000900061097,2023-04-21,1,0,0.99999976
55000900061097,2023-04-22,1,0,0.99999976
55000900061097,2023-04-23,1,0,0.99999976
55000900061097,2023-04-24,1,0,0.99999976
55000900061097,2023-04-25,1,0,0.99999976
55000900061097,2023-04-26,1,0,0.99999976
55000900061097,2023-04-27,1,0,0.99999976
55000900061097,2023-04-28,1,0,0.99999976
55000900061097,2023-04-29,1,0,0.99999976
55000900061097,2023-04-30,1,0,0.99999976
55000900061097,2023-05-01,1,0,0.99999976
55000900061097,2023-05-02,1,0,0.99999976
55000900061097,2023-05-03,1,0,0.99999976
55000900061097,2023-05-04,1,0,0.99999976
55000900061097,2023-05-05,1,0,0.99999976
55000900061097,2023-05-06,1,0,0.99999976
55000900061097,2023-05-07,1,0,0.99999976
55000900061097,2023-05-08,1,0,0.99999976
55000900061097,2023-05-09,1,0,0.99999976
55000900061097,2023-05-10,1,0,0.99999976
55000900061097,2023-05-11,1,0,0.99999976
55000900061097,2023-05-12,1,0,0.99999976
55000900061097,2023-05-13,1,0,0.99999976
55000900061097,2023-05-14,1,0,0.99999976
55000900061097,2023-05-15,1,0,0.99999976
55000900061097,2023-05-16,1,0,0.99999976
55000900061097,2023-05-17,1,0,0.99999976
55000900061097,2023-05-18,1,0,0.99999976
55000900061097,2023-05-19,1,0,0.99999976
55000900061097,2023-05-20,1,0,0.99999976
55000900061097,2023-05-21,1,0,0.99999976
55000900061097,2023-05-22,1,0,0.99999976
55000900061097,2023-05-23,1,0,0.99999976
55000900061097,2023-05-24,1,0,0.99999976
55000900061097,2023-05-25,1,0,0.99999976
55000900061097,2023-05-26,1,0,0.99999976
55000900061097,2023-05-27,1,0,0.99999976
55000900061097,2023-05-28,1,0,0.99999976
55000900061097,2023-05-29,1,0,0.99999976
55000900061097,2023-05-30,1,0,0.99999976
55000900061097,2023-05-31,1,0,0.99999976
55000900061097,2023-06-01,1,0,0.99999976
55000900061097,2023-06-02,1,0,0.99999976
55000900061097,2023-06-03,1,0,0.99999976
55000900061097,2023-06-04,1,0,0.99999976
55000900061097,2023-06-05,1,0,0.99999976
55000900061097,2023-06-06,1,0,0.99999976
55000900061097,2023-06-07,1,0,0.99999976
55000900061097,2023-06-08,1,0,0.99999976
55000900061097,2023-06-09,1,0,0.99999976
55000900061097,2023-06-10,1,0,0.99999976
55000900061097,2023-06-11,1,0,0.99999976
55000900061097,2023-06-12,1,0,0.99999976
55000900061097,2023-06-13,1,0,0.99999976
55000900061097,2023-06-14,1,0,0.99999976
55000900061097,2023-06-15,1,0,0.99999976
55000900061097,2023-06-16,1,0,0.99999976
55000900061097,2023-06-17,1,0,0.99999976
55000900061097,2023-06-18,1,0,0.99999976
55000900061097,2023-06-19,1,0,0.99999976
55000900061097,2023-06-20,1,0,0.99999976
55000900061097,2023-06-21,1,0,0.99999976
55000900061097,2023-06-22,1,0,0.99999976
55000900061097,2023-06-23,1,0,0.99999976
55000900061097,2023-06-24,1,0,0.99999976
55000900061097,2023-06-25,1,0,0.99999976
55000900095919,2020-09-29,1,0,0.31219548
55000900095919,2020-09-30,0,0,0.39452052
55000900095919,2020-10-01,0,0,0.4376975
55000900095919,2020-10-02,0,0,0.43894395
55000900095919,2020-10-03,0,0,0.06880196
55000900095919,2020-10-04,0,0,0.08628937
55000900095919,2020-10-05,0,0,0.08547561
55000900095919,2020-10-06,0,0,0.08507328
55000900095919,2020-10-07,0,0,0.084864356
55000900095919,2020-10-08,0,0,0.08476738
55000900095919,2020-10-09,0,0,0.08469604
55000900095919,2020-10-10,1,0,0.08470174
55000900095919,2020-10-11,1,0,0.08473941
55000900095919,2020-10-12,1,0,0.08494056
55000900095919,2020-10-13,1,0,0.45383373
55000900095919,2020-10-14,1,0,0.4761506
55000900095919,2020-10-15,1,0,0.5915365
55000900095919,2020-10-16,1,0,0.57322836
55000900095919,2020-10-17,1,0,0.7123294
55000900095919,2020-10-18,0,0,0.73528576
55000900095919,2020-10-19,0,0,0.70472795
55000900095919,2020-10-20,0,0,0.6685877
55000900095919,2020-10-21,0,0,0.11030738
55000900095919,2020-10-22,0,0,0.11238565
55000900095919,2020-10-23,0,0,0.1094884
55000900095919,2020-10-24,1,0,0.09048031
55000900095919,2020-10-25,0,0,0.05649363
55000900095919,2020-10-26,0,0,0.056189533
55000900095919,2020-10-27,0,0,0.402344
55000900095919,2020-10-28,0,0,0.0824956
55000900095919,2020-10-29,0,0,0.09012018
55000900095919,2020-10-30,0,0,0.09107133
55000900095919,2020-10-31,0,0,0.08377941
55000900095919,2020-11-01,0,0,0.068882376
55000900095919,2020-11-02,0,0,0.06885208
55000900095919,2020-11-03,0,0,0.06912027
55000900095919,2020-11-04,0,0,0.06999234
55000900095919,2020-11-05,1,0,0.07255301
55000900095919,2020-11-06,1,0,0.066884115
55000900095919,2020-11-07,1,0,0.07403992
55000900095919,2020-11-08,1,0,0.41465688
55000900095919,2020-11-09,1,0,0.37406588
55000900095919,2020-11-10,1,0,0.55696845
55000900095919,2020-11-11,1,0,0.30528688
55000900095919,2020-11-12,1,0,0.40264443
55000900095919,2020-11-13,1,0,0.46273857
55000900095919,2020-11-14,1,0,0.43856388
55000900095919,2020-11-15,1,0,0.46716172
55000900095919,2020-11-16,1,0,0.44339135
55000900095919,2020-11-17,1,0,0.5778455
55000900095919,2020-11-18,1,0,0.4218566
55000900095919,2020-11-19,1,0,0.41228265
55000900095919,2020-11-20,1,0,0.3172966
55000900095919,2020-11-21,1,0,0.44270593
55000900095919,2020-11-22,1,0,0.36230674
55000900095919,2020-11-23,1,0,0.28384483
55000900095919,2020-11-24,1,0,0.17671916
55000900095919,2020-11-25,1,0,0.40440717
55000900095919,2020-11-26,1,0,0.21437494
55000900095919,2020-11-27,1,0,0.29243892
55000900095919,2020-11-28,1,0,0.22227116
55000900095919,2020-11-29,1,0,0.30637628
55000900095919,2020-11-30,1,0,0.23642488
55000900095919,2020-12-01,1,0,0.3585062
55000900095919,2020-12-03,1,0,0.23249649
55000900095919,2020-12-04,1,0,0.35957688
55000900095919,2020-12-05,1,0,0.31976563
55000900095919,2020-12-06,1,0,0.21967073
55000900095919,2020-12-07,1,0,0.6028642
55000900095919,2020-12-08,1,0,0.6798327
55000900095919,2020-12-09,1,0,0.6798327
55000900095919,2020-12-10,1,0,0.6798327
55000900095919,2020-12-11,1,0,0.6798327
55000900095919,2020-12-12,1,0,0.6798327
55000900095919,2020-12-13,1,0,0.6798327
55000900095919,2020-12-14,1,0,0.6798327
55000900095919,2020-12-15,1,0,0.6798327
55000900095919,2020-12-16,1,0,0.6798327
55000900095919,2020-12-17,1,0,0.6798327
55000900095919,2020-12-18,1,0,0.6798327
55000900095919,2020-12-19,1,0,0.6798327
55000900095919,2020-12-20,1,0,0.6798327
55000900095919,2020-12-21,1,0,0.6798327
55000900095919,2020-12-22,1,0,0.6798327
55000900095919,2020-12-23,1,0,0.6798327
55000900095919,2020-12-24,1,0,0.6798327
55000900095919,2020-12-25,1,0,0.6798327
55000900095919,2020-12-26,1,0,0.6798327
55000900095919,2020-12-27,1,0,0.6798327
55000900095919,2020-12-28,1,0,0.6798327
55000900095919,2020-12-29,1,0,0.6798327
55000900095919,2020-12-30,1,0,0.6798327
55000900095919,2020-12-31,1,0,0.6798327
55000900095919,2021-01-01,1,0,0.6798327
55000900095919,2021-01-02,1,0,0.6798327
55000900095919,2021-01-03,1,0,0.6798327
55000900095919,2021-01-04,1,0,0.6798327
55000900095919,2021-01-05,1,0,0.6798327
55000900095919,2021-01-06,1,0,0.6798327
55000900095919,2021-01-07,1,0,0.6798327
55000900095919,2021-01-08,1,0,0.6798327
55000900095919,2021-01-09,1,0,0.6798327
55000900095919,2021-01-10,1,0,0.6798327
55000900095919,2021-01-11,1,0,0.6798327
55000900095919,2021-01-12,1,0,0.6798327
55000900095919,2021-01-13,1,0,0.6798327
55000900095919,2021-01-14,1,0,0.6798327
55000900095919,2021-01-15,1,0,0.6798327
55000900095919,2021-01-16,1,0,0.6798327
55000900095919,2021-01-17,1,0,0.6798327
55000900095919,2021-01-18,1,0,0.6798327
55000900095919,2021-01-19,1,0,0.6798327
55000900095919,2021-01-20,1,0,0.6798327
55000900095919,2021-01-21,1,0,0.6798327
55000900095919,2021-01-22,1,0,0.6798327
55000900095919,2021-01-23,1,0,0.6798327
55000900095919,2021-01-24,1,0,0.6798327
55000900095919,2021-01-25,1,0,0.6798327
55000900095919,2021-01-26,1,0,0.6798327
55000900095919,2021-01-27,1,0,0.6798327
55000900095919,2021-01-28,1,0,0.6798327
55000900095919,2021-01-29,1,0,0.6798327
55000900095919,2021-01-30,1,0,0.6798327
55000900095919,2021-01-31,1,0,0.6798327
55000900095919,2021-02-01,1,0,0.6798327
55000900095919,2021-02-02,1,0,0.6798327
55000900095919,2021-02-03,1,0,0.6798327
55000900095919,2021-02-04,1,0,0.6798327
55000900095919,2021-02-05,1,0,0.6798327
55000900095919,2021-02-06,1,0,0.6798327
55000900095919,2021-02-07,1,0,0.6798327
55000900095919,2021-02-08,1,0,0.6798327
55000900095919,2021-02-09,1,0,0.6798327
55000900095919,2021-02-10,1,0,0.6798327
55000900095919,2021-02-11,1,0,0.6798327
55000900095919,2021-02-12,1,0,0.6798327
55000900095919,2021-02-13,1,0,0.6798327
55000900095919,2021-02-14,1,0,0.6798327
55000900095919,2021-02-15,1,0,0.6798327
55000900095919,2021-02-16,1,0,0.6798327
55000900095919,2021-02-17,1,0,0.6798327
55000900095919,2021-02-18,1,0,0.6798327
55000900095919,2021-02-19,1,0,0.6798327
55000900095919,2021-02-20,1,0,0.6798327
55000900095919,2021-02-21,1,0,0.6798327
55000900095919,2021-02-22,1,0,0.6798327
55000900095919,2021-02-23,1,0,0.6798327
55000900095919,2021-02-24,1,0,0.6798327
55000900095919,2021-02-25,1,0,0.6798327
55000900095919,2021-02-26,1,0,0.6798327
55000900095919,2021-02-27,1,0,0.6798327
55000900095919,2021-02-28,1,0,0.6798327
55000900095919,2021-03-01,1,0,0.6798327
55000900095919,2021-03-02,1,0,0.6798327
55000900095919,2021-03-03,1,0,0.6798327
55000900095919,2021-03-04,1,0,0.6798327
55000900095919,2021-03-05,1,0,0.6798327
55000900095919,2021-03-06,1,0,0.6798327
55000900095919,2021-03-07,1,0,0.6798327
55000900095919,2021-03-08,1,0,0.6798327
55000900095919,2021-03-09,1,0,0.6798327
55000900095919,2021-03-10,1,0,0.6798327
55000900095919,2021-03-11,1,0,0.6798327
55000900095919,2021-03-12,1,0,0.6798327
55000900095919,2021-03-13,1,0,0.6798327
55000900095919,2021-03-15,1,0,0.6798327
55000900095919,2021-03-16,1,0,0.6798327
55000900095919,2021-03-17,1,0,0.6798327
55000900095919,2021-03-18,1,0,0.6798327
55000900095919,2021-03-19,1,0,0.6798327
55000900095919,2021-03-20,1,0,0.6798327
55000900095919,2021-03-21,1,0,0.6798327
55000900095919,2021-03-22,1,0,0.6798327
55000900095919,2021-03-23,1,0,0.6798327
55000900095919,2021-03-24,1,0,0.6798327
55000900095919,2021-03-25,1,0,0.6798327
55000900095919,2021-03-26,1,0,0.6798327
55000900095919,2021-03-27,1,0,0.6798327
55000900095919,2021-03-28,1,0,0.6798327
55000900095919,2021-03-29,1,0,0.6798327
55000900095919,2021-03-30,1,0,0.6798327
55000900095919,2021-03-31,1,0,0.6798327
55000900095919,2021-04-01,1,0,0.6798327
55000900095919,2021-04-02,1,0,0.6798327
55000900095919,2021-04-03,1,0,0.6798327
55000900095919,2021-04-04,1,0,0.6798327
55000900095919,2021-04-05,1,0,0.6798327
55000900095919,2021-04-06,1,0,0.6798327
55000900095919,2021-04-07,1,0,0.6798327
55000900095919,2021-04-08,1,0,0.6798327
55000900095919,2021-04-09,1,0,0.6798327
55000900095919,2021-04-10,1,0,0.6798327
55000900095919,2021-04-11,1,0,0.6798327
55000900095919,2021-04-12,1,0,0.6798327
55000900095919,2021-04-13,1,0,0.6798327
55000900095919,2021-04-14,1,0,0.6798327
55000900095919,2021-04-15,1,0,0.6798327
55000900095919,2021-04-16,1,0,0.6798327
55000900095919,2021-04-17,1,0,0.6798327
55000900095919,2021-04-18,1,0,0.6798327
55000900095919,2021-04-19,1,0,0.6798327
55000900095919,2021-04-20,1,0,0.6798327
55000900095919,2021-04-21,1,0,0.6798327
55000900095919,2021-04-22,1,0,0.6798327
55000900095919,2021-04-23,1,0,0.6798327
55000900095919,2021-04-24,1,0,0.6798327
55000900095919,2021-04-25,1,0,0.6798327
55000900095919,2021-04-26,1,0,0.6798327
55000900095919,2021-04-27,1,0,0.6798327
55000900095919,2021-04-28,1,0,0.6798327
55000900095919,2021-04-29,1,0,0.6798327
55000900095919,2021-04-30,1,0,0.6798327
55000900095919,2021-05-01,1,0,0.6798327
55000900095919,2021-05-02,1,0,0.6798327
55000900095919,2021-05-03,1,0,0.6798327
55000900095919,2021-05-04,1,0,0.6798327
55000900095919,2021-05-05,1,0,0.6798327
55000900095919,2021-05-06,1,0,0.6798327
55000900095919,2021-05-07,1,0,0.6798327
55000900095919,2021-05-08,1,0,0.6798327
55000900095919,2021-05-09,1,0,0.6798327
55000900095919,2021-05-10,1,0,0.6798327
55000900095919,2021-05-11,1,0,0.6798327
55000900095919,2021-05-12,1,0,0.6798327
55000900095919,2021-05-13,1,0,0.6798327
55000900095919,2021-05-14,1,0,0.6798327
55000900095919,2021-05-15,1,0,0.6798327
55000900095919,2021-05-16,1,0,0.6798327
55000900095919,2021-05-17,1,0,0.6798327
55000900095919,2021-05-18,1,0,0.6798327
55000900095919,2021-05-19,1,0,0.6798327
55000900095919,2021-05-20,1,0,0.6798327
55000900095919,2021-05-21,1,0,0.6798327
55000900095919,2021-05-22,1,0,0.6798327
55000900095919,2021-05-23,1,0,0.6798327
55000900095919,2021-05-24,1,0,0.6798327
55000900095919,2021-05-26,1,0,0.6798327
55000900095919,2021-05-27,1,0,0.6798327
55000900095919,2021-05-28,1,0,0.6798327
55000900095919,2021-05-29,1,0,0.6798327
55000900095919,2021-05-30,1,0,0.6798327
55000900095919,2021-05-31,1,0,0.6798327
55000900095919,2021-06-01,1,0,0.6798327
55000900095919,2021-06-02,1,0,0.6798327
55000900095919,2021-06-03,1,0,0.6798327
55000900095919,2021-06-04,1,0,0.6798327
55000900095919,2021-06-05,1,0,0.6798327
55000900095919,2021-06-06,1,0,0.6798327
55000900095919,2021-06-07,1,0,0.6798327
55000900095919,2021-06-08,1,0,0.6798327
55000900095919,2021-06-09,1,0,0.6798327
55000900095919,2021-06-10,1,0,0.6798327
55000900095919,2021-06-11,1,0,0.6798327
55000900095919,2021-06-12,1,0,0.6798327
55000900095919,2021-06-13,1,0,0.6798327
55000900095919,2021-06-14,1,0,0.6798327
55000900095919,2021-06-15,1,0,0.6798327
55000900095919,2021-06-16,1,0,0.6798327
55000900095919,2021-06-17,1,0,0.6798327
55000900095919,2021-06-18,1,0,0.6798327
55000900095919,2021-06-19,1,0,0.6798327
55000900095919,2021-06-20,1,0,0.6798327
55000900095919,2021-06-21,1,0,0.6798327
55000900095919,2021-06-22,1,0,0.6798327
55000900095919,2021-06-23,1,0,0.6798327
55000900095919,2021-06-24,1,0,0.6798327
55000900095919,2021-06-25,1,0,0.6798327
55000900095919,2021-06-26,1,0,0.6798327
55000900095919,2021-06-27,1,0,0.6798327
55000900095919,2021-06-28,1,0,0.6798327
55000900095919,2021-06-29,1,0,0.6798327
55000900095919,2021-06-30,1,0,0.6798327
55000900095919,2021-07-01,1,0,0.6798327
55000900095919,2021-07-02,1,0,0.6798327
55000900095919,2021-07-03,1,0,0.6798327
55000900095919,2021-07-04,1,0,0.6798327
55000900095919,2021-07-05,1,0,0.6798327
55000900095919,2021-07-06,1,0,0.6798327
55000900095919,2021-07-07,1,0,0.6798327
55000900095919,2021-07-08,1,0,0.6798327
55000900095919,2021-07-09,1,0,0.6798327
55000900095919,2021-07-10,1,0,0.6798327
55000900095919,2021-07-11,1,0,0.6798327
55000900095919,2021-07-12,1,0,0.6798327
55000900095919,2021-07-13,1,0,0.6798327
55000900095919,2021-07-14,1,0,0.6798327
55000900095919,2021-07-15,1,0,0.6798327
55000900095919,2021-07-16,1,0,0.6798327
55000900095919,2021-07-17,1,0,0.6798327
55000900095919,2021-07-18,1,0,0.6798327
55000900095919,2021-07-19,1,0,0.6798327
55000900095919,2021-07-20,1,0,0.6798327
55000900095919,2021-07-21,1,0,0.6798327
55000900095919,2021-07-22,1,0,0.6798327
55000900095919,2021-07-23,1,0,0.6798327
55000900095919,2021-07-24,1,0,0.6798327
55000900095919,2021-07-25,1,0,0.6798327
55000900095919,2021-07-26,1,0,0.6798327
55000900095919,2021-07-27,1,0,0.6798327
55000900095919,2021-07-28,1,0,0.6798327
55000900095919,2021-07-29,1,0,0.6798327
55000900095919,2021-07-30,1,0,0.6798327
55000900095919,2021-07-31,1,0,0.6798327
55000900095919,2021-08-01,1,0,0.6798327
55000900095919,2021-08-02,1,0,0.6798327
55000900095919,2021-08-03,1,0,0.6798327
55000900095919,2021-08-04,1,0,0.6798327
55000900095919,2021-08-05,1,0,0.6798327
55000900095919,2021-08-06,1,0,0.6798327
55000900095919,2021-08-07,1,0,0.6798327
55000900095919,2021-08-08,0,0,0.6798327
55000900095919,2021-08-09,0,0,0.6798327
55000900095919,2021-08-10,0,0,0.6798327
55000900095919,2021-08-11,0,0,0.013460003
55000900095919,2021-08-12,0,0,0.009144455
55000900095919,2021-08-13,0,0,0.015569367
55000900095919,2021-08-14,0,0,0.016044468
55000900095919,2021-08-15,0,0,0.015235566
55000900095919,2021-08-16,0,0,0.015920758
55000900095919,2021-08-17,0,0,0.015215649
55000900095919,2021-08-19,0,0,0.015926752
55000900095919,2021-08-20,0,0,0.015211862
55000900095919,2021-08-21,0,0,0.015932567
55000900095919,2021-08-22,0,0,0.015205407
55000900095919,2021-08-23,0,0,0.015948469
55000900095919,2021-08-24,0,0,0.015200451
55000900095919,2021-08-25,0,0,0.015968118
55000900095919,2021-08-26,0,0,0.01520989
55000900095919,2021-08-27,0,0,0.015991211
55000900095919,2021-08-28,0,0,0.015267894
55000900095919,2021-08-29,0,0,0.015994528
55000900095919,2021-08-30,0,0,0.015382867
55000900095919,2021-08-31,0,0,0.015970666
55000900095919,2021-09-01,0,0,0.015514562
55000900095919,2021-09-02,0,0,0.015907675
55000900095919,2021-09-03,0,0,0.015736438
55000900095919,2021-09-04,0,0,0.01589326
55000900095919,2021-09-05,0,0,0.015736246
55000900095919,2021-09-06,0,0,0.01591323
55000900095919,2021-09-07,0,0,0.015261114
55000900095919,2021-09-08,0,0,0.015649391
55000900095919,2021-09-09,0,0,0.013153628
55000900095919,2021-09-10,0,0,0.011338037
55000900095919,2021-09-11,0,0,0.011338037
55000900095919,2021-09-12,0,0,0.011338037
55000900095919,2021-09-13,0,0,0.011338037
55000900095919,2021-09-14,0,0,0.011338037
55000900095919,2021-09-15,0,0,0.011338037
55000900095919,2021-09-16,0,0,0.011338037
55000900095919,2021-09-17,0,0,0.011338037
55000900095919,2021-09-18,1,0,0.011338037
55000900095919,2021-09-19,1,0,0.011338037
55000900095919,2021-09-20,1,0,0.011338037
55000900095919,2021-09-21,1,0,0.055161286
55000900095919,2021-09-22,1,0,0.04118747
55000900095919,2021-09-23,1,0,0.061383974
55000900095919,2021-09-24,1,0,0.05532507
55000900095919,2021-09-25,1,0,0.06311204
55000900095919,2021-09-26,1,0,0.092917345
55000900095919,2021-09-27,1,0,0.10331067
55000900095919,2021-09-28,1,0,0.123896316
55000900095919,2021-09-29,1,0,0.13052846
55000900095919,2021-09-30,1,0,0.19550283
55000900095919,2021-10-01,1,0,0.1619165
55000900095919,2021-10-02,1,0,0.20786835
55000900095919,2021-10-03,1,0,0.17583989
55000900095919,2021-10-04,1,0,0.25046724
55000900095919,2021-10-05,1,0,0.19361182
55000900095919,2021-10-06,1,0,0.2624508
55000900095919,2021-10-07,1,0,0.2046551
55000900095919,2021-10-08,1,0,0.28198412
55000900095919,2021-10-09,1,0,0.21437494
55000900095919,2021-10-10,1,0,0.29243892
55000900095919,2021-10-11,1,0,0.22227116
55000900095919,2021-10-12,1,0,0.30637628
55000900095919,2021-10-13,1,0,0.23642488
55000900095919,2021-10-14,1,0,0.3585062
55000900095919,2021-10-15,1,0,0.23249649
55000900095919,2021-10-16,1,0,0.35957688
55000900095919,2021-10-17,1,0,0.31976563
55000900095919,2021-10-18,1,0,0.21967073
55000900095919,2021-10-19,1,0,0.6028642
55000900095919,2021-10-20,1,0,0.6798327
55000900095919,2021-10-21,1,0,0.6798327
55000900095919,2021-10-22,1,0,0.6798327
55000900095919,2021-10-23,1,0,0.6798327
55000900095919,2021-10-24,1,0,0.6798327
55000900095919,2021-10-25,1,0,0.6798327
55000900095919,2021-10-26,1,0,0.6798327
55000900095919,2021-10-27,1,0,0.6798327
55000900095919,2021-10-28,1,0,0.6798327
55000900095919,2021-10-29,1,0,0.6798327
55000900095919,2021-10-30,1,0,0.6798327
55000900095919,2021-10-31,1,0,0.6798327
55000900095919,2021-11-01,1,0,0.6798327
55000900095919,2021-11-02,1,0,0.6798327
55000900095919,2021-11-03,1,0,0.6798327
55000900095919,2021-11-04,1,0,0.6798327
55000900095919,2021-11-05,1,0,0.6798327
55000900095919,2021-11-06,1,0,0.6798327
55000900095919,2021-11-07,1,0,0.6798327
55000900095919,2021-11-08,1,0,0.6798327
55000900095919,2021-11-09,1,0,0.6798327
55000900095919,2021-11-10,1,0,0.6798327
55000900095919,2021-11-11,1,0,0.6798327
55000900095919,2021-11-12,1,0,0.6798327
55000900095919,2021-11-13,1,0,0.6798327
55000900095919,2021-11-14,1,0,0.6798327
55000900095919,2021-11-15,1,0,0.6798327
55000900095919,2021-11-16,1,0,0.6798327
55000900095919,2021-11-17,1,0,0.6798327
55000900095919,2021-11-18,1,0,0.6798327
55000900095919,2021-11-19,1,0,0.6798327
55000900095919,2021-11-20,1,0,0.6798327
55000900095919,2021-11-21,1,0,0.6798327
55000900095919,2021-11-22,1,0,0.6798327
55000900095919,2021-11-23,1,0,0.6798327
55000900095919,2021-11-24,1,0,0.6798327
55000900095919,2021-11-25,1,0,0.6798327
55000900095919,2021-11-26,1,0,0.6798327
55000900095919,2021-11-27,1,0,0.6798327
55000900095919,2021-11-28,1,0,0.6798327
55000900095919,2021-11-29,1,0,0.6798327
55000900095919,2021-11-30,1,0,0.6798327
55000900095919,2021-12-01,1,0,0.6798327
55000900095919,2021-12-02,1,0,0.6798327
55000900095919,2021-12-03,1,0,0.6798327
55000900095919,2021-12-04,1,0,0.6798327
55000900095919,2021-12-05,1,0,0.6798327
55000900095919,2021-12-06,1,0,0.6798327
55000900095919,2021-12-07,1,0,0.6798327
55000900095919,2021-12-08,1,0,0.6798327
55000900095919,2021-12-09,1,0,0.6798327
55000900095919,2021-12-10,1,0,0.6798327
55000900095919,2021-12-11,1,0,0.6798327
55000900095919,2021-12-12,1,0,0.6798327
55000900095919,2021-12-13,1,0,0.6798327
55000900095919,2021-12-14,1,0,0.6798327
55000900095919,2021-12-15,1,0,0.6798327
55000900095919,2021-12-16,1,0,0.6798327
55000900095919,2021-12-17,1,0,0.6798327
55000900095919,2021-12-18,1,0,0.6798327
55000900095919,2021-12-19,1,0,0.6798327
55000900095919,2021-12-20,1,0,0.6798327
55000900095919,2021-12-21,1,0,0.6798327
55000900095919,2021-12-22,1,0,0.6798327
55000900095919,2021-12-23,1,0,0.6798327
55000900095919,2021-12-24,1,0,0.6798327
55000900095919,2021-12-25,1,0,0.6798327
55000900095919,2021-12-26,1,0,0.6798327
55000900095919,2021-12-27,1,0,0.6798327
55000900095919,2021-12-28,1,0,0.6798327
55000900095919,2021-12-29,1,0,0.6798327
55000900095919,2021-12-30,1,0,0.6798327
55000900095919,2021-12-31,1,0,0.6798327
55000900095919,2022-01-01,1,0,0.6798327
55000900095919,2022-01-02,1,0,0.6798327
55000900095919,2022-01-03,1,0,0.6798327
55000900095919,2022-01-04,1,0,0.6798327
55000900095919,2022-01-05,1,0,0.6798327
55000900095919,2022-01-06,1,0,0.6798327
55000900095919,2022-01-07,1,0,0.6798327
55000900095919,2022-01-08,1,0,0.6798327
55000900095919,2022-01-09,1,0,0.6798327
55000900095919,2022-01-10,1,0,0.6798327
55000900095919,2022-01-11,1,0,0.6798327
55000900095919,2022-01-12,1,0,0.6798327
55000900095919,2022-01-13,1,0,0.6798327
55000900095919,2022-01-14,1,0,0.6798327
55000900095919,2022-01-15,1,0,0.6798327
55000900095919,2022-01-16,1,0,0.6798327
55000900095919,2022-01-17,1,0,0.6798327
55000900095919,2022-01-18,1,0,0.6798327
55000900095919,2022-01-19,1,0,0.6798327
55000900095919,2022-01-20,1,0,0.6798327
55000900095919,2022-01-21,1,0,0.6798327
55000900095919,2022-01-22,1,0,0.6798327
55000900095919,2022-01-23,1,0,0.6798327
55000900095919,2022-01-24,1,0,0.6798327
55000900095919,2022-01-25,1,0,0.6798327
55000900095919,2022-01-26,1,0,0.6798327
55000900095919,2022-01-27,1,0,0.6798327
55000900095919,2022-01-28,1,0,0.6798327
55000900095919,2022-01-29,1,0,0.6798327
55000900095919,2022-01-30,1,0,0.6798327
55000900095919,2022-01-31,1,0,0.6798327
55000900095919,2022-02-01,1,0,0.6798327
55000900095919,2022-02-02,1,0,0.6798327
55000900095919,2022-02-03,1,0,0.6798327
55000900095919,2022-02-04,1,0,0.6798327
55000900095919,2022-02-05,1,0,0.6798327
55000900095919,2022-02-06,1,0,0.6798327
55000900095919,2022-02-07,1,0,0.6798327
55000900095919,2022-02-08,1,0,0.6798327
55000900095919,2022-02-09,1,0,0.6798327
55000900095919,2022-02-10,1,0,0.6798327
55000900095919,2022-02-11,1,0,0.6798327
55000900095919,2022-02-12,1,0,0.6798327
55000900095919,2022-02-13,1,0,0.6798327
55000900095919,2022-02-14,1,0,0.6798327
55000900095919,2022-02-15,1,0,0.6798327
55000900095919,2022-02-16,1,0,0.6798327
55000900095919,2022-02-17,1,0,0.6798327
55000900095919,2022-02-18,1,0,0.6798327
55000900095919,2022-02-19,1,0,0.6798327
55000900095919,2022-02-20,1,0,0.6798327
55000900095919,2022-02-21,1,0,0.6798327
55000900095919,2022-02-22,1,0,0.6798327
55000900095919,2022-02-23,1,0,0.6798327
55000900095919,2022-02-24,1,0,0.6798327
55000900095919,2022-02-25,1,0,0.6798327
55000900095919,2022-02-26,1,0,0.6798327
55000900095919,2022-02-27,1,0,0.6798327
55000900095919,2022-02-28,1,0,0.6798327
55000900095919,2022-03-01,1,0,0.6798327
55000900095919,2022-03-02,1,0,0.6798327
55000900095919,2022-03-03,1,0,0.6798327
55000900095919,2022-03-04,1,0,0.6798327
55000900095919,2022-03-05,1,0,0.6798327
55000900095919,2022-03-06,1,0,0.6798327
55000900095919,2022-03-07,1,0,0.6798327
55000900095919,2022-03-08,1,0,0.6798327
55000900095919,2022-03-09,1,0,0.6798327
55000900095919,2022-03-10,1,0,0.6798327
55000900095919,2022-03-11,1,0,0.6798327
55000900095919,2022-03-12,1,0,0.6798327
55000900095919,2022-03-14,1,0,0.6798327
55000900095919,2022-03-15,1,0,0.6798327
55000900095919,2022-03-16,1,0,0.6798327
55000900095919,2022-03-17,1,0,0.6798327
55000900095919,2022-03-18,1,0,0.6798327
55000900095919,2022-03-19,1,0,0.6798327
55000900095919,2022-03-20,1,0,0.6798327
55000900095919,2022-03-21,1,0,0.6798327
55000900095919,2022-03-22,1,0,0.6798327
55000900095919,2022-03-23,1,0,0.6798327
55000900095919,2022-03-24,1,0,0.6798327
55000900095919,2022-03-25,1,0,0.6798327
55000900095919,2022-03-26,1,0,0.6798327
55000900095919,2022-03-27,1,0,0.6798327
55000900095919,2022-03-28,1,0,0.6798327
55000900095919,2022-03-29,1,0,0.6798327
55000900095919,2022-03-30,1,0,0.6798327
55000900095919,2022-03-31,1,0,0.6798327
55000900095919,2022-04-01,1,0,0.6798327
55000900095919,2022-04-02,1,0,0.6798327
55000900095919,2022-04-03,1,0,0.6798327
55000900095919,2022-04-04,1,0,0.6798327
55000900095919,2022-04-05,1,0,0.6798327
55000900095919,2022-04-06,1,0,0.6798327
55000900095919,2022-04-07,1,0,0.6798327
55000900095919,2022-04-08,1,0,0.6798327
55000900095919,2022-04-09,1,0,0.6798327
55000900095919,2022-04-10,1,0,0.6798327
55000900095919,2022-04-11,1,0,0.6798327
55000900095919,2022-04-12,1,0,0.6798327
55000900095919,2022-04-13,1,0,0.6798327
55000900095919,2022-04-14,1,0,0.6798327
55000900095919,2022-04-15,1,0,0.6798327
55000900095919,2022-04-16,1,0,0.6798327
55000900095919,2022-04-17,1,0,0.6798327
55000900095919,2022-04-18,1,0,0.6798327
55000900095919,2022-04-19,1,0,0.6798327
55000900095919,2022-04-20,1,0,0.6798327
55000900095919,2022-04-21,1,0,0.6798327
55000900095919,2022-04-22,1,0,0.6798327
55000900095919,2022-04-23,1,0,0.6798327
55000900095919,2022-04-24,1,0,0.6798327
55000900095919,2022-04-25,1,0,0.6798327
55000900095919,2022-04-26,1,0,0.6798327
55000900095919,2022-04-27,1,0,0.6798327
55000900095919,2022-04-28,1,0,0.6798327
55000900095919,2022-04-29,1,0,0.6798327
55000900095919,2022-04-30,1,0,0.6798327
55000900095919,2022-05-01,1,0,0.6798327
55000900095919,2022-05-02,1,0,0.6798327
55000900095919,2022-05-03,1,0,0.6798327
55000900095919,2022-05-04,1,0,0.6798327
55000900095919,2022-05-05,1,0,0.6798327
55000900095919,2022-05-06,1,0,0.6798327
55000900095919,2022-05-07,1,0,0.6798327
55000900095919,2022-05-08,1,0,0.6798327
55000900095919,2022-05-09,1,0,0.6798327
55000900095919,2022-05-10,1,0,0.6798327
55000900095919,2022-05-11,1,0,0.6798327
55000900095919,2022-05-12,1,0,0.6798327
55000900095919,2022-05-13,1,0,0.6798327
55000900095919,2022-05-14,1,0,0.6798327
55000900095919,2022-05-15,1,0,0.6798327
55000900095919,2022-05-16,1,0,0.6798327
55000900095919,2022-05-17,1,0,0.6798327
55000900095919,2022-05-18,1,0,0.6798327
55000900095919,2022-05-19,1,0,0.6798327
55000900095919,2022-05-20,1,0,0.6798327
55000900095919,2022-05-21,1,0,0.6798327
55000900095919,2022-05-22,1,0,0.6798327
55000900095919,2022-05-23,1,0,0.6798327
55000900095919,2022-05-24,1,0,0.6798327
55000900095919,2022-05-25,1,0,0.6798327
55000900095919,2022-05-26,1,0,0.6798327
55000900095919,2022-05-27,1,0,0.6798327
55000900095919,2022-05-28,1,0,0.6798327
55000900095919,2022-05-29,1,0,0.6798327
55000900095919,2022-05-30,1,0,0.6798327
55000900095919,2022-05-31,1,0,0.6798327
55000900095919,2022-06-01,1,0,0.6798327
55000900095919,2022-06-02,1,0,0.6798327
55000900095919,2022-06-03,1,0,0.6798327
55000900095919,2022-06-04,1,0,0.6798327
55000900095919,2022-06-05,1,0,0.6798327
55000900095919,2022-06-06,1,0,0.6798327
55000900095919,2022-06-07,1,0,0.6798327
55000900095919,2022-06-08,1,0,0.6798327
55000900095919,2022-06-09,1,0,0.6798327
55000900095919,2022-06-10,1,0,0.6798327
55000900095919,2022-06-11,1,0,0.6798327
55000900095919,2022-06-12,1,0,0.6798327
55000900095919,2022-06-13,1,0,0.6798327
55000900095919,2022-06-14,1,0,0.6798327
55000900095919,2022-06-15,1,0,0.6798327
55000900095919,2022-06-16,1,0,0.6798327
55000900095919,2022-06-17,1,0,0.6798327
55000900095919,2022-06-18,1,0,0.6798327
55000900095919,2022-06-19,1,0,0.6798327
55000900095919,2022-06-20,1,0,0.6798327
55000900095919,2022-06-21,1,0,0.6798327
55000900095919,2022-06-22,1,0,0.6798327
55000900095919,2022-06-23,1,0,0.6798327
55000900095919,2022-06-24,1,0,0.6798327
55000900095919,2022-06-25,1,0,0.6798327
55000900095919,2022-06-26,1,0,0.6798327
55000900095919,2022-06-27,1,0,0.6798327
55000900095919,2022-06-28,1,0,0.6798327
55000900095919,2022-06-29,1,0,0.6798327
55000900095919,2022-06-30,1,0,0.6798327
55000900095919,2022-07-01,1,0,0.6798327
55000900095919,2022-07-02,1,0,0.6798327
55000900095919,2022-07-03,1,0,0.6798327
55000900095919,2022-07-04,1,0,0.6798327
55000900095919,2022-07-05,1,0,0.6798327
55000900095919,2022-07-06,1,0,0.6798327
55000900095919,2022-07-07,1,0,0.6798327
55000900095919,2022-07-08,1,0,0.6798327
55000900095919,2022-07-09,1,0,0.6798327
55000900095919,2022-07-10,1,0,0.6798327
55000900095919,2022-07-11,1,0,0.6798327
55000900095919,2022-07-12,1,0,0.6798327
55000900095919,2022-07-13,1,0,0.6798327
55000900095919,2022-07-14,1,0,0.6798327
55000900095919,2022-07-15,1,0,0.6798327
55000900095919,2022-07-16,1,0,0.6798327
55000900095919,2022-07-17,1,0,0.6798327
55000900095919,2022-07-18,1,0,0.6798327
55000900095919,2022-07-19,1,0,0.6798327
55000900095919,2022-07-20,1,0,0.6798327
55000900095919,2022-07-21,1,0,0.6798327
55000900095919,2022-07-22,1,0,0.6798327
55000900095919,2022-07-23,1,0,0.6798327
55000900095919,2022-07-24,1,0,0.6798327
55000900095919,2022-07-25,1,0,0.6798327
55000900095919,2022-07-26,1,0,0.6798327
55000900095919,2022-07-27,1,0,0.6798327
55000900095919,2022-07-28,1,0,0.6798327
55000900095919,2022-07-29,1,0,0.6798327
55000900095919,2022-07-30,1,0,0.6798327
55000900095919,2022-07-31,1,0,0.6798327
55000900095919,2022-08-01,1,0,0.6798327
55000900095919,2022-08-02,1,0,0.6798327
55000900095919,2022-08-03,1,0,0.6798327
55000900095919,2022-08-04,1,0,0.6798327
55000900095919,2022-08-05,1,0,0.6798327
55000900095919,2022-08-06,1,0,0.6798327
55000900095919,2022-08-07,1,0,0.6798327
55000900095919,2022-08-08,1,0,0.6798327
55000900095919,2022-08-09,1,0,0.6798327
55000900095919,2022-08-10,1,0,0.6798327
55000900095919,2022-08-11,1,0,0.6798327
55000900095919,2022-08-12,1,0,0.6798327
55000900095919,2022-08-13,1,0,0.6798327
55000900095919,2022-08-14,1,0,0.6798327
55000900095919,2022-08-15,1,0,0.6798327
55000900095919,2022-08-16,1,0,0.6798327
55000900095919,2022-08-17,1,0,0.6798327
55000900095919,2022-08-18,1,0,0.6798327
55000900095919,2022-08-19,1,0,0.6798327
55000900095919,2022-08-20,1,0,0.6798327
55000900095919,2022-08-21,1,0,0.6798327
55000900095919,2022-08-22,1,0,0.6798327
55000900095919,2022-08-23,1,0,0.6798327
55000900095919,2022-08-24,1,0,0.6798327
55000900095919,2022-08-25,1,0,0.6798327
55000900095919,2022-08-26,1,0,0.6798327
55000900095919,2022-08-27,1,0,0.6798327
55000900095919,2022-08-28,1,0,0.6798327
55000900095919,2022-08-29,1,0,0.6798327
55000900095919,2022-08-30,1,0,0.6798327
55000900095919,2022-08-31,1,0,0.6798327
55000900095919,2022-09-01,1,0,0.6798327
55000900095919,2022-09-02,1,0,0.6798327
55000900095919,2022-09-03,1,0,0.6798327
55000900095919,2022-09-04,1,0,0.6798327
55000900095919,2022-09-05,1,0,0.6798327
55000900095919,2022-09-06,1,0,0.6798327
55000900095919,2022-09-07,1,0,0.6798327
55000900095919,2022-09-08,1,0,0.6798327
55000900095919,2022-09-09,1,0,0.6798327
55000900095919,2022-09-10,1,0,0.6798327
55000900095919,2022-09-11,1,0,0.6798327
55000900095919,2022-09-12,1,0,0.6798327
55000900095919,2022-09-13,1,0,0.6798327
55000900095919,2022-09-14,1,0,0.6798327
55000900095919,2022-09-15,1,0,0.6798327
55000900095919,2022-09-16,1,0,0.6798327
55000900095919,2022-09-17,1,0,0.6798327
55000900095919,2022-09-18,1,0,0.6798327
55000900095919,2022-09-19,1,0,0.6798327
55000900095919,2022-09-20,1,0,0.6798327
55000900095919,2022-09-21,1,0,0.6798327
55000900095919,2022-09-22,1,0,0.6798327
55000900095919,2022-09-23,1,0,0.6798327
55000900095919,2022-09-24,1,0,0.6798327
55000900095919,2022-09-25,1,0,0.6798327
55000900095919,2022-09-26,1,0,0.6798327
55000900095919,2022-09-27,1,0,0.6798327
55000900095919,2022-09-28,1,0,0.6798327
55000900095919,2022-09-29,1,0,0.6798327
55000900095919,2022-09-30,1,0,0.6798327
55000900095919,2022-10-01,1,0,0.6798327
55000900095919,2022-10-02,1,0,0.6798327
55000900095919,2022-10-03,1,0,0.6798327
55000900095919,2022-10-04,1,0,0.6798327
55000900095919,2022-10-05,1,0,0.6798327
55000900095919,2022-10-06,1,0,0.6798327
55000900095919,2022-10-07,1,0,0.6798327
55000900095919,2022-10-08,1,0,0.6798327
55000900095919,2022-10-09,1,0,0.6798327
55000900095919,2022-10-10,1,0,0.6798327
55000900095919,2022-10-11,1,0,0.6798327
55000900095919,2022-10-12,1,0,0.6798327
55000900095919,2022-10-13,1,0,0.6798327
55000900095919,2022-10-14,1,0,0.6798327
55000900095919,2022-10-15,1,0,0.6798327
55000900095919,2022-10-16,1,0,0.6798327
55000900095919,2022-10-17,1,0,0.6798327
55000900095919,2022-10-18,1,0,0.6798327
55000900095919,2022-10-19,1,0,0.6798327
55000900095919,2022-10-20,1,0,0.6798327
55000900095919,2022-10-21,1,0,0.6798327
55000900095919,2022-10-22,1,0,0.6798327
55000900095919,2022-10-23,1,0,0.6798327
55000900095919,2022-10-24,1,0,0.6798327
55000900095919,2022-10-25,1,0,0.6798327
55000900095919,2022-10-26,1,0,0.6798327
55000900095919,2022-10-27,1,0,0.6798327
55000900095919,2022-10-28,1,0,0.6798327
55000900095919,2022-10-29,1,0,0.6798327
55000900095919,2022-10-30,1,0,0.6798327
55000900095919,2022-10-31,1,0,0.6798327
55000900095919,2022-11-01,1,0,0.6798327
55000900095919,2022-11-02,1,0,0.6798327
55000900095919,2022-11-03,1,0,0.6798327
55000900095919,2022-11-04,1,0,0.6798327
55000900095919,2022-11-05,1,0,0.6798327
55000900095919,2022-11-06,1,0,0.6798327
55000900095919,2022-11-07,1,0,0.6798327
55000900095919,2022-11-08,1,0,0.6798327
55000900095919,2022-11-09,1,0,0.6798327
55000900095919,2022-11-10,1,0,0.6798327
55000900095919,2022-11-11,1,0,0.6798327
55000900095919,2022-11-12,1,0,0.6798327
55000900095919,2022-11-13,1,0,0.6798327
55000900095919,2022-11-14,1,0,0.6798327
55000900095919,2022-11-15,1,0,0.6798327
55000900095919,2022-11-16,1,0,0.6798327
55000900095919,2022-11-17,1,0,0.6798327
55000900095919,2022-11-18,1,0,0.6798327
55000900095919,2022-11-19,1,0,0.6798327
55000900095919,2022-11-20,1,0,0.6798327
55000900095919,2022-11-21,1,0,0.6798327
55000900095919,2022-11-22,1,0,0.6798327
55000900095919,2022-11-23,1,0,0.6798327
55000900095919,2022-11-24,1,0,0.6798327
55000900095919,2022-11-25,1,0,0.6798327
55000900095919,2022-11-26,1,0,0.6798327
55000900095919,2022-11-27,1,0,0.6798327
55000900095919,2022-11-28,1,0,0.6798327
55000900095919,2022-11-29,1,0,0.6798327
55000900095919,2022-11-30,1,0,0.6798327
55000900095919,2022-12-01,1,0,0.6798327
55000900095919,2022-12-02,1,0,0.6798327
55000900095919,2022-12-03,1,0,0.6798327
55000900095919,2022-12-04,1,0,0.6798327
55000900095919,2022-12-05,1,0,0.6798327
55000900095919,2022-12-06,1,0,0.6798327
55000900095919,2022-12-07,1,0,0.6798327
55000900095919,2022-12-08,1,0,0.6798327
55000900095919,2022-12-09,1,0,0.6798327
55000900095919,2022-12-10,1,0,0.6798327
55000900095919,2022-12-11,1,0,0.6798327
55000900095919,2022-12-12,1,0,0.6798327
55000900095919,2022-12-13,1,0,0.6798327
55000900095919,2022-12-14,1,0,0.6798327
55000900095919,2022-12-15,1,0,0.6798327
55000900095919,2022-12-16,1,0,0.6798327
55000900095919,2022-12-17,1,0,0.6798327
55000900095919,2022-12-18,1,0,0.6798327
55000900095919,2022-12-19,1,0,0.6798327
55000900095919,2022-12-20,1,0,0.6798327
55000900095919,2022-12-21,1,0,0.6798327
55000900095919,2022-12-22,1,0,0.6798327
55000900095919,2022-12-23,1,0,0.6798327
55000900095919,2022-12-24,1,0,0.6798327
55000900095919,2022-12-25,1,0,0.6798327
55000900095919,2022-12-26,1,0,0.6798327
55000900095919,2022-12-27,1,0,0.6798327
55000900095919,2022-12-28,1,0,0.6798327
55000900095919,2022-12-29,1,0,0.6798327
55000900095919,2022-12-30,1,0,0.6798327
55000900095919,2022-12-31,1,0,0.6798327
55000900095919,2023-01-01,1,0,0.6798327
55000900095919,2023-01-02,1,0,0.6798327
55000900095919,2023-01-03,1,0,0.6798327
55000900095919,2023-01-04,1,0,0.6798327
55000900095919,2023-01-05,1,0,0.6798327
55000900095919,2023-01-06,1,0,0.6798327
55000900095919,2023-01-07,1,0,0.6798327
55000900095919,2023-01-08,1,0,0.6798327
55000900095919,2023-01-09,1,0,0.6798327
55000900095919,2023-01-10,1,0,0.6798327
55000900095919,2023-01-11,1,0,0.6798327
55000900095919,2023-01-12,1,0,0.6798327
55000900095919,2023-01-13,1,0,0.6798327
55000900095919,2023-01-14,1,0,0.6798327
55000900095919,2023-01-15,1,0,0.6798327
55000900095919,2023-01-16,1,0,0.6798327
55000900095919,2023-01-17,1,0,0.6798327
55000900095919,2023-01-18,1,0,0.6798327
55000900095919,2023-01-19,1,0,0.6798327
55000900095919,2023-01-20,1,0,0.6798327
55000900095919,2023-01-21,1,0,0.6798327
55000900095919,2023-01-22,1,0,0.6798327
55000900096564,2020-09-29,1,8,0.99927
55000900096564,2020-09-30,1,8,0.998923
55000900096564,2020-10-01,1,8,0.99943167
55000900096564,2020-10-02,1,8,0.99978346
55000900096564,2020-10-03,1,8,0.9995415
55000900096564,2020-10-04,1,8,0.9996222
55000900096564,2020-10-05,1,8,0.99982893
55000900096564,2020-10-06,1,8,0.9995403
55000900096564,2020-10-07,1,8,0.99958307
55000900096564,2020-10-08,1,8,0.9998932
55000900096564,2020-10-09,1,8,0.99993145
55000900096564,2020-10-11,1,8,0.99960345
55000900096564,2020-10-13,0,8,0.99976224
55000900096564,2020-10-15,1,8,0.9998934
55000900096564,2020-10-16,1,8,0.99985814
55000900096564,2020-10-17,1,8,0.9999988
55000900096564,2020-10-18,1,8,0.99998343
55000900096564,2020-10-19,1,8,0.9998332
55000900096564,2020-10-20,1,8,0.9999306
55000900096564,2020-10-22,1,8,0.9997068
55000900096564,2020-10-25,1,8,0.99918896
55000900096564,2020-10-23,1,0,0.99993324
55000900096564,2020-10-25,1,0,0.99962676
55000900097164,2020-09-29,0,8,4.228615e-05
55000900097164,2020-09-30,0,8,0.0012708295
55000900097164,2020-10-01,0,8,0.0052712425
55000900097164,2020-10-02,0,8,0.004963093
55000900097164,2020-10-03,0,8,0.005288975
55000900097164,2020-10-04,0,8,0.005310467
55000900097164,2020-10-05,0,8,0.0053636394
55000900097164,2020-10-06,0,8,0.005447195
55000900097164,2020-10-07,0,8,0.0051712277
55000900097164,2020-10-08,0,8,0.00613196
55000900097164,2020-10-09,0,8,0.0031234524
55000900097164,2020-10-11,1,8,0.007925102
55000900097164,2020-10-12,1,8,0.006677411
55000900097164,2020-10-13,1,8,0.0071611544
55000900097164,2020-10-14,1,8,0.0011721669
55000900097164,2020-10-15,1,8,5.3812433e-05
55000900097164,2020-10-16,1,8,0.00061505556
55000900097164,2020-10-17,1,8,0.029567776
55000900097164,2020-10-18,1,8,0.14297372
55000900097164,2020-10-19,1,8,0.45530182
55000900097164,2020-10-20,1,0,0.48343408
55000900097164,2020-10-21,1,0,0.9971187
55000900097169,2020-09-29,0,8,2.3591261e-05
55000900097169,2020-09-30,0,8,2.545254e-05
55000900097169,2020-10-01,0,8,5.305919e-05
55000900097169,2020-10-02,0,8,9.939053e-05
55000900097169,2020-10-03,0,8,7.280822e-05
55000900097169,2020-10-04,0,8,7.8419864e-05
55000900097169,2020-10-05,0,8,6.256016e-05
55000900097169,2020-10-06,0,8,5.4926393e-05
55000900097169,2020-10-07,0,8,5.0276594e-05
55000900097169,2020-10-08,0,8,8.354351e-05
55000900097169,2020-10-09,0,8,8.657845e-05
55000900097169,2020-10-10,1,8,4.2485583e-05
55000900097169,2020-10-11,1,8,6.0475766e-05
55000900097169,2020-10-12,1,8,6.205334e-05
55000900097169,2020-10-13,1,8,0.00015066133
55000900097169,2020-10-14,1,8,9.355247e-05
55000900097169,2020-10-15,1,8,0.00010293512
55000900097169,2020-10-16,0,8,5.734503e-05
55000900097169,2020-10-17,0,8,1.1043957e-05
55000900097169,2020-10-18,0,8,2.0559308e-05
55000900097169,2020-10-19,0,8,7.4192285e-06
55000900097169,2020-10-20,0,0,1.48030185e-05
55000900097169,2020-10-21,0,0,2.122768e-05
55000900097170,2020-09-29,0,8,0.00030163812
55000900097170,2020-09-30,0,8,0.0028019794
55000900097170,2020-10-01,0,8,0.012321329
55000900097170,2020-10-02,0,8,0.008129245
55000900097170,2020-10-03,0,8,0.007826286
55000900097170,2020-10-04,0,8,0.00951985
55000900097170,2020-10-05,0,8,0.007973302
55000900097170,2020-10-06,0,8,0.007929452
55000900097170,2020-10-07,0,8,0.009814543
55000900097170,2020-10-08,0,8,0.009882823
55000900097170,2020-10-09,0,8,0.010305105
55000900097170,2020-10-10,0,8,0.012137127
55000900097170,2020-10-11,0,8,0.009955443
55000900097170,2020-10-12,0,8,0.013674382
55000900097170,2020-10-13,1,8,0.015405258
55000900097170,2020-10-14,0,8,0.0029862754
55000900097170,2020-10-15,0,8,0.07011508
55000900097170,2020-10-16,0,8,0.75999796
55000900097170,2020-10-17,0,8,0.5351552
55000900097170,2020-10-18,0,8,0.9860772
55000900097170,2020-10-19,0,8,0.6617997
55000900097170,2020-10-20,0,8,0.029955141
55000900097170,2020-10-21,0,8,0.14942841
55000900097170,2020-10-22,0,8,0.18746848
55000900097170,2020-10-23,0,8,0.016830659
55000900097170,2020-10-24,0,8,0.004639683
55000900097170,2020-10-25,1,8,0.111976326
55000900097170,2020-10-26,0,8,0.6893891
55000900097170,2020-10-27,0,0,0.9890911
55000900097170,2020-10-28,0,0,0.9955949
55000900098500,2020-09-29,1,0,0.9999949
55000900098500,2020-09-30,1,0,0.999969
55000900098500,2020-10-01,1,0,0.99998796
55000900098500,2020-10-02,1,0,0.9999697
55000900098500,2020-10-03,1,0,0.9999857
55000900098500,2020-10-04,1,0,0.9999902
55000900098500,2020-10-05,1,0,0.99998415
55000900098500,2020-10-06,1,0,0.999964
55000900098500,2020-10-07,1,0,0.99995506
55000900098500,2020-10-08,1,0,0.99988914
55000900098500,2020-10-09,1,0,0.9999305
55000900098500,2020-10-10,1,0,0.99991274
55000900098500,2020-10-11,1,0,0.9999535
55000900098500,2020-10-12,1,0,0.9999852
55000900098500,2020-10-13,1,0,0.9999987
55000900098500,2020-10-14,1,0,0.99999964
55000900098500,2020-10-15,1,0,0.9999999
55000900098500,2020-10-16,1,0,0.9999994
55000900098500,2020-10-17,1,0,0.9999975
55000900098500,2020-10-18,1,0,0.9999862
55000900098500,2020-10-19,1,0,0.999995
55000900098500,2020-10-20,1,0,0.9999939
55000900098500,2020-10-21,1,0,0.99999523
55000900098500,2020-10-22,1,0,0.99999
55000900098500,2020-10-23,1,0,0.9999908
55000900098500,2020-10-24,1,0,0.9999931
55000900098500,2020-10-25,1,0,0.99997544
55000900098500,2020-10-26,1,0,0.9999969
55000900098500,2020-10-27,1,0,0.9999995
55000900098500,2020-10-28,1,0,0.99999976
55000900098500,2020-10-29,1,0,0.999959
55000900098500,2020-10-30,1,0,0.99991906
55000900098500,2020-10-31,1,0,0.9999726
55000900098500,2020-11-01,1,0,0.9999788
55000900098500,2020-11-02,1,0,0.99999094
55000900098500,2020-11-03,1,0,0.99957913
55000900098500,2020-11-04,1,0,0.9999126
55000900098500,2020-11-05,1,0,0.9998995
55000900098500,2020-11-06,1,0,0.99999785
55000900098500,2020-11-07,1,0,0.9999975
55000900098500,2020-11-08,1,0,0.9999988
55000900098500,2020-11-09,1,0,0.9999993
55000900098500,2020-11-10,1,0,0.99999714
55000900098500,2020-11-11,1,0,0.99999774
55000900098500,2020-11-12,1,0,0.99999774
55000900098500,2020-11-13,1,0,0.99999106
55000900098500,2020-11-14,1,0,0.99999774
55000900098500,2020-11-15,1,0,0.9999882
55000900098500,2020-11-16,1,0,0.9999906
55000900098500,2020-11-17,1,0,0.99999857
55000900098500,2020-11-18,1,0,0.99999964
55000900098500,2020-11-19,1,0,0.9999994
55000900098500,2020-11-20,1,0,0.9999993
55000900098500,2020-11-21,1,0,0.99999976
55000900098500,2020-11-22,1,0,0.99999976
55000900098500,2020-11-23,1,0,0.9999982
55000900098500,2020-11-24,1,0,0.99999785
55000900098500,2020-11-25,1,0,0.99999976
55000900098500,2020-11-26,1,0,0.99999845
55000900098500,2020-11-27,1,0,0.9999951
55000900098500,2020-11-28,1,0,0.99999917
55000900098500,2020-11-29,1,0,0.9999993
55000900098500,2020-11-30,1,0,0.99999964
55000900098500,2020-12-01,1,0,0.9999999
55000900099610,2020-09-29,1,8,0.9999894
55000900099610,2020-09-30,1,8,0.9999893
55000900099610,2020-10-01,1,8,0.9999826
55000900099610,2020-10-02,1,8,0.99999213
55000900099610,2020-10-03,1,8,0.99997807
55000900099610,2020-10-04,1,8,0.99996805
55000900099610,2020-10-05,1,8,0.99996924
55000900099610,2020-10-06,1,8,0.99996483
55000900099610,2020-10-07,1,8,0.9999596
55000900099610,2020-10-08,1,8,0.9999461
55000900099610,2020-10-09,1,8,0.9999709
55000900099610,2020-10-10,1,8,0.9999794
55000900099610,2020-10-11,1,8,0.99995303
55000900099610,2020-10-12,1,8,0.9999182
55000900099610,2020-10-13,1,8,0.99995315
55000900099610,2020-10-14,1,8,0.999997
55000900099610,2020-10-15,1,8,0.9999975
55000900099610,2020-10-16,1,8,0.9999888
55000900099610,2020-10-17,1,8,0.99999106
55000900099610,2020-10-18,1,0,0.99999666
55000900099610,2020-10-19,1,0,0.9999869
55000900100137,2020-09-29,0,8,0.018884854
55000900100137,2020-09-30,0,8,0.012701356
55000900100137,2020-10-01,0,8,0.011392333
55000900100137,2020-10-02,0,8,0.010524338
55000900100137,2020-10-03,0,8,0.017069254
55000900100137,2020-10-04,0,8,0.011038357
55000900100137,2020-10-05,0,8,0.014116989
55000900100137,2020-10-06,0,8,0.008007508
55000900100137,2020-10-07,0,8,0.011160789
55000900100137,2020-10-08,0,8,0.01250768
55000900100137,2020-10-09,0,8,0.03350995
55000900100137,2020-10-10,0,8,0.0042792098
55000900100137,2020-10-11,1,8,0.0120745
55000900100137,2020-10-12,1,8,0.0043980638
55000900100137,2020-10-13,1,8,0.01234676
55000900100137,2020-10-14,1,8,0.06268419
55000900100137,2020-10-16,0,8,0.5473071
55000900100137,2020-10-17,0,8,0.9971289
55000900100137,2020-10-18,0,8,0.99967635
55000900100137,2020-10-19,0,0,0.82626384
55000900100137,2020-10-20,0,0,0.16582103
55000900130309,2020-09-29,1,0,0.9999993
55000900130309,2020-09-30,1,0,0.99998295
55000900130309,2020-10-01,1,0,0.99991
55000900130309,2020-10-02,1,0,0.9999814
55000900130309,2020-10-03,1,0,0.999984
55000900130309,2020-10-04,1,0,0.9999877
55000900130309,2020-10-05,1,0,0.99999046
55000900130309,2020-10-06,1,0,0.99999094
55000900130309,2020-10-07,1,0,0.9999907
55000900130309,2020-10-08,1,0,0.9999876
55000900130309,2020-10-09,1,0,0.9999896
55000900130309,2020-10-10,1,0,0.9999932
55000900130309,2020-10-11,1,0,0.99999297
55000900130309,2020-10-12,1,0,0.9999918
55000900130309,2020-10-13,1,0,0.9999994
55000900130309,2020-10-14,1,0,0.99999976
55000900130309,2020-10-15,1,0,0.9999987
55000900130309,2020-10-16,1,0,0.9999999
55000900130309,2020-10-17,1,0,0.99999976
55000900130309,2020-10-18,1,0,0.99999976
55000900130309,2020-10-19,1,0,0.99999976
55000900130309,2020-10-20,1,0,0.99999785
55000900130309,2020-10-21,1,0,0.999998
55000900130309,2020-10-22,1,0,0.9999975
55000900130309,2020-10-23,1,0,0.9999964
55000900130309,2020-10-24,1,0,0.99998856
55000900130309,2020-10-25,1,0,0.9999858
55000900130309,2020-10-26,1,0,0.9999894
55000900130309,2020-10-27,1,0,0.99999833
55000900130309,2020-10-28,1,0,0.9999969
55000900130309,2020-10-29,1,0,0.9999999
55000900130309,2020-10-30,1,0,0.99999833
55000900130309,2020-10-31,1,0,0.9999981
55000900130309,2020-11-01,1,0,0.9999831
55000900130309,2020-11-02,1,0,0.9999796
55000900130309,2020-11-03,1,0,0.9999962
55000900130309,2020-11-04,1,0,0.99999595
55000900130309,2020-11-05,1,0,0.9999988
55000900130309,2020-11-06,1,0,0.9999975
55000900130309,2020-11-07,1,0,0.9999999
55000900130309,2020-11-08,1,0,0.9999999
55000900130309,2020-11-09,1,0,0.99999774
55000900130309,2020-11-10,1,0,0.99999917
55000900130309,2020-11-11,1,0,0.9999982
55000900130309,2020-11-12,1,0,0.99999976
55000900130309,2020-11-13,1,0,0.9999999
55000900130309,2020-11-14,1,0,0.99999976
55000900130309,2020-11-15,1,0,0.9999994
55000900130309,2020-11-16,1,0,1.0
55000900130309,2020-11-17,1,0,1.0
55000900130309,2020-11-18,1,0,0.99999964
55000900130309,2020-11-19,1,0,0.9999999
55000900130309,2020-11-20,1,0,0.9999999
55000900130309,2020-11-21,1,0,1.0
55000900130309,2020-11-22,1,0,0.99999976
55000900130309,2020-11-23,1,0,0.9999981
55000900130309,2020-11-24,1,0,0.9999993
55000900130309,2020-11-25,1,0,0.99999976
55000900130309,2020-11-26,1,0,0.9999995
55000900130309,2020-11-27,1,0,0.9999999
55000900130309,2020-11-28,1,0,1.0
55000900130309,2020-11-29,1,0,0.9999994
55000900130309,2020-11-30,1,0,0.9999993
55000900130309,2020-12-01,1,0,0.99999726
55000900130309,2020-12-03,1,0,0.99999976
55000900130309,2020-12-04,1,0,0.9999999
55000900130309,2020-12-05,1,0,0.99999917
55000900130309,2020-12-06,1,0,0.9999987
55000900130309,2020-12-07,1,0,0.99999976
55000900130309,2020-12-08,1,0,0.99999964
55000900130309,2020-12-09,1,0,0.99999964
55000900130309,2020-12-10,1,0,0.99999905
55000900130309,2020-12-11,1,0,0.9999938
55000900130309,2020-12-12,1,0,0.9999975
55000900130309,2020-12-13,1,0,0.9999976
55000900130309,2020-12-14,1,0,0.9999999
55000900130309,2020-12-15,1,0,0.99999917
55000900130309,2020-12-16,1,0,0.9999999
55000900130309,2020-12-18,1,0,0.9999993
55000900130309,2020-12-19,1,0,0.9999987
55000900130309,2020-12-20,1,0,0.9999999
55000900130309,2020-12-21,1,0,0.99999964
55000900130309,2020-12-22,1,0,0.9999999
55000900130309,2020-12-23,1,0,0.9999999
55000900130309,2020-12-24,1,0,0.9999999
55000900130309,2020-12-25,1,0,0.9999981
55000900130309,2020-12-26,1,0,0.99999726
55000900130309,2020-12-27,1,0,0.99999964
55000900130309,2020-12-28,1,0,1.0
55000900130309,2020-12-29,1,0,0.9999999
55000900130309,2020-12-30,1,0,0.9999976
55000900130309,2020-12-31,1,0,0.9999994
55000900130309,2021-01-01,1,0,0.99999964
55000900130309,2021-01-02,1,0,1.0
55000900130309,2021-01-03,1,0,1.0
55000900130309,2021-01-04,1,0,1.0
55000900130309,2021-01-05,1,0,1.0
55000900130309,2021-01-06,1,0,1.0
55000900130309,2021-01-07,1,0,1.0
55000900130309,2021-01-08,1,0,1.0
55000900130309,2021-01-09,1,0,1.0
55000900130309,2021-01-10,1,0,1.0
55000900130309,2021-01-11,1,0,1.0
55000900130309,2021-01-12,1,0,1.0
55000900130309,2021-01-13,1,0,1.0
55000900130309,2021-01-14,1,0,1.0
55000900130309,2021-01-15,1,0,1.0
55000900130309,2021-01-16,1,0,1.0
55000900130309,2021-01-17,1,0,1.0
55000900130309,2021-01-18,1,0,1.0
55000900130309,2021-01-19,1,0,1.0
55000900130309,2021-01-20,1,0,1.0
55000900130309,2021-01-21,1,0,1.0
55000900130309,2021-01-22,1,0,1.0
55000900130309,2021-01-23,1,0,1.0
55000900130309,2021-01-24,1,0,1.0
55000900130309,2021-01-25,1,0,1.0
55000900130309,2021-01-26,1,0,1.0
55000900130309,2021-01-27,1,0,1.0
55000900130309,2021-01-28,1,0,1.0
55000900130309,2021-01-29,1,0,1.0
55000900130309,2021-01-30,1,0,1.0
55000900130309,2021-01-31,1,0,1.0
55000900130309,2021-02-01,1,0,1.0
55000900130309,2021-02-02,1,0,1.0
55000900130309,2021-02-03,1,0,1.0
55000900130309,2021-02-04,1,0,1.0
55000900130309,2021-02-05,1,0,1.0
55000900130309,2021-02-06,1,0,1.0
55000900130309,2021-02-07,1,0,1.0
55000900130309,2021-02-08,1,0,1.0
55000900130309,2021-02-09,1,0,1.0
55000900130309,2021-02-10,1,0,1.0
55000900130309,2021-02-11,1,0,1.0
55000900130309,2021-02-12,1,0,1.0
55000900130309,2021-02-13,1,0,1.0
55000900130309,2021-02-14,1,0,1.0
55000900130309,2021-02-15,1,0,1.0
55000900130309,2021-02-16,1,0,1.0
55000900130309,2021-02-17,1,0,1.0
55000900130309,2021-02-18,1,0,1.0
55000900130309,2021-02-19,1,0,1.0
55000900130309,2021-02-20,1,0,1.0
55000900130309,2021-02-21,1,0,1.0
55000900130309,2021-02-22,1,0,1.0
55000900130309,2021-02-23,1,0,1.0
55000900130309,2021-02-24,1,0,1.0
55000900130309,2021-02-25,1,0,1.0
55000900130309,2021-02-26,1,0,1.0
55000900130309,2021-02-27,1,0,1.0
55000900130309,2021-02-28,1,0,1.0
55000900130309,2021-03-01,1,0,1.0
55000900130309,2021-03-02,1,0,1.0
55000900130309,2021-03-03,1,0,1.0
55000900130309,2021-03-04,1,0,1.0
55000900130309,2021-03-05,1,0,1.0
55000900130309,2021-03-06,1,0,1.0
55000900130309,2021-03-07,1,0,1.0
55000900130309,2021-03-08,1,0,1.0
55000900130309,2021-03-09,1,0,1.0
55000900130309,2021-03-10,1,0,1.0
55000900130309,2021-03-11,1,0,1.0
55000900130309,2021-03-12,1,0,1.0
55000900130309,2021-03-13,1,0,1.0
55000900130309,2021-03-15,1,0,1.0
55000900130309,2021-03-16,1,0,1.0
55000900130309,2021-03-17,1,0,1.0
55000900130309,2021-03-18,1,0,1.0
55000900130309,2021-03-19,1,0,1.0
55000900130309,2021-03-20,1,0,1.0
55000900130309,2021-03-21,1,0,1.0
55000900130309,2021-03-22,1,0,1.0
55000900130309,2021-03-23,1,0,1.0
55000900130309,2021-03-24,1,0,1.0
55000900130309,2021-03-25,1,0,1.0
55000900130309,2021-03-26,1,0,1.0
55000900130309,2021-03-27,1,0,1.0
55000900130309,2021-03-28,1,0,1.0
55000900130309,2021-03-29,1,0,1.0
55000900130309,2021-03-30,1,0,1.0
55000900130309,2021-03-31,1,0,1.0
55000900130309,2021-04-01,1,0,1.0
55000900130309,2021-04-02,1,0,1.0
55000900130309,2021-04-03,1,0,1.0
55000900130309,2021-04-04,1,0,1.0
55000900130309,2021-04-05,1,0,1.0
55000900130309,2021-04-06,1,0,1.0
55000900130309,2021-04-07,1,0,1.0
55000900130309,2021-04-08,1,0,1.0
55000900130309,2021-04-09,1,0,1.0
55000900130309,2021-04-10,1,0,1.0
55000900130309,2021-04-11,1,0,1.0
55000900130309,2021-04-12,1,0,1.0
55000900130309,2021-04-13,1,0,1.0
55000900130309,2021-04-14,1,0,1.0
55000900130309,2021-04-15,1,0,1.0
55000900130309,2021-04-16,1,0,1.0
55000900130309,2021-04-17,1,0,1.0
55000900130309,2021-04-18,1,0,1.0
55000900130309,2021-04-19,1,0,1.0
55000900130309,2021-04-20,1,0,1.0
55000900130309,2021-04-21,1,0,1.0
55000900130309,2021-04-22,1,0,1.0
55000900130309,2021-04-23,1,0,1.0
55000900130309,2021-04-24,1,0,1.0
55000900130309,2021-04-25,1,0,1.0
55000900130309,2021-04-26,1,0,1.0
55000900130309,2021-04-27,1,0,1.0
55000900130309,2021-04-28,1,0,1.0
55000900130309,2021-04-29,1,0,1.0
55000900130309,2021-04-30,1,0,1.0
55000900130309,2021-05-01,1,0,1.0
55000900130309,2021-05-02,1,0,1.0
55000900130309,2021-05-03,1,0,1.0
55000900130309,2021-05-04,1,0,1.0
55000900130309,2021-05-05,1,0,1.0
55000900130309,2021-05-06,1,0,1.0
55000900130309,2021-05-07,1,0,1.0
55000900130309,2021-05-08,1,0,1.0
55000900130309,2021-05-09,1,0,1.0
55000900130309,2021-05-10,1,0,1.0
55000900130309,2021-05-11,1,0,1.0
55000900130309,2021-05-12,1,0,1.0
55000900130309,2021-05-13,1,0,1.0
55000900130309,2021-05-14,1,0,1.0
55000900130309,2021-05-15,1,0,1.0
55000900130309,2021-05-16,1,0,1.0
55000900130309,2021-05-17,1,0,1.0
55000900130309,2021-05-18,1,0,1.0
55000900130309,2021-05-19,1,0,1.0
55000900130309,2021-05-20,1,0,1.0
55000900130309,2021-05-21,1,0,1.0
55000900130309,2021-05-22,1,0,1.0
55000900130309,2021-05-23,1,0,1.0
55000900130309,2021-05-24,1,0,1.0
55000900130309,2021-05-25,1,0,1.0
55000900130309,2021-05-26,1,0,1.0
55000900130309,2021-05-27,1,0,1.0
55000900130309,2021-05-28,1,0,1.0
55000900130309,2021-05-29,1,0,1.0
55000900130309,2021-05-30,1,0,1.0
55000900130309,2021-05-31,1,0,1.0
55000900130309,2021-06-01,1,0,1.0
55000900130309,2021-06-02,1,0,1.0
55000900130309,2021-06-03,1,0,1.0
55000900130309,2021-06-04,1,0,1.0
55000900130309,2021-06-05,1,0,1.0
55000900130309,2021-06-06,1,0,1.0
55000900130309,2021-06-07,1,0,1.0
55000900130309,2021-06-08,1,0,1.0
55000900130309,2021-06-09,1,0,1.0
55000900130309,2021-06-10,1,0,1.0
55000900130309,2021-06-11,1,0,1.0
55000900130309,2021-06-12,1,0,1.0
55000900130309,2021-06-13,1,0,1.0
55000900130309,2021-06-14,1,0,1.0
55000900130309,2021-06-15,1,0,1.0
55000900130309,2021-06-16,1,0,1.0
55000900130309,2021-06-17,1,0,1.0
55000900130309,2021-06-18,1,0,1.0
55000900130309,2021-06-19,1,0,1.0
55000900130309,2021-06-20,1,0,1.0
55000900130309,2021-06-21,1,0,1.0
55000900130309,2021-06-22,1,0,1.0
55000900130309,2021-06-23,1,0,1.0
55000900130309,2021-06-24,1,0,1.0
55000900130309,2021-06-25,1,0,1.0
55000900130309,2021-06-26,1,0,1.0
55000900130309,2021-06-27,1,0,1.0
55000900130309,2021-06-28,1,0,1.0
55000900130309,2021-06-29,1,0,1.0
55000900130309,2021-06-30,1,0,1.0
55000900130309,2021-07-01,1,0,1.0
55000900130309,2021-07-02,1,0,1.0
55000900130309,2021-07-03,1,0,1.0
55000900130309,2021-07-04,1,0,1.0
55000900130309,2021-07-05,1,0,1.0
55000900130309,2021-07-06,1,0,1.0
55000900130309,2021-07-07,1,0,1.0
55000900130309,2021-07-08,1,0,1.0
55000900130309,2021-07-09,1,0,1.0
55000900130309,2021-07-10,1,0,1.0
55000900130309,2021-07-11,1,0,1.0
55000900130309,2021-07-12,1,0,1.0
55000900130309,2021-07-13,1,0,1.0
55000900130309,2021-07-14,1,0,1.0
55000900130309,2021-07-15,1,0,1.0
55000900130309,2021-07-16,1,0,1.0
55000900130309,2021-07-20,1,0,1.0
55000900130309,2021-07-21,1,0,1.0
55000900130309,2021-07-22,1,0,1.0
55000900130309,2021-07-23,1,0,1.0
55000900130309,2021-07-24,1,0,1.0
55000900130309,2021-07-25,1,0,1.0
55000900130309,2021-07-26,1,0,1.0
55000900130309,2021-07-27,1,0,1.0
55000900130309,2021-07-28,1,0,1.0
55000900130309,2021-07-29,1,0,1.0
55000900130309,2021-07-30,1,0,1.0
55000900130309,2021-07-31,1,0,1.0
55000900130309,2021-08-01,1,0,1.0
55000900130309,2021-08-02,1,0,1.0
55000900130309,2021-08-03,1,0,1.0
55000900130309,2021-08-04,1,0,1.0
55000900130309,2021-08-05,1,0,1.0
55000900130309,2021-08-06,1,0,1.0
55000900130309,2021-08-07,1,0,1.0
55000900130309,2021-08-08,1,0,1.0
55000900130309,2021-08-09,1,0,1.0
55000900130309,2021-08-10,1,0,1.0
55000900130309,2021-08-11,1,0,1.0
55000900130309,2021-08-12,1,0,1.0
55000900130309,2021-08-13,1,0,1.0
55000900130309,2021-08-14,1,0,1.0
55000900130309,2021-08-15,1,0,1.0
55000900130309,2021-08-16,1,0,1.0
55000900130309,2021-08-25,1,0,1.0
55000900130309,2021-08-26,1,0,1.0
55000900130309,2021-08-27,1,0,1.0
55000900130309,2021-08-28,1,0,1.0
55000900130309,2021-08-29,1,0,1.0
55000900130309,2021-08-30,1,0,1.0
55000900130309,2021-08-31,1,0,1.0
55000900130309,2021-09-01,1,0,1.0
55000900130309,2021-09-02,1,0,1.0
55000900130309,2021-09-03,1,0,1.0
55000900130309,2021-09-04,1,0,1.0
55000900130309,2021-09-05,1,0,1.0
55000900130309,2021-09-06,1,0,1.0
55000900130309,2021-09-07,1,0,1.0
55000900130309,2021-09-08,1,0,1.0
55000900130309,2021-09-09,1,0,1.0
55000900130309,2021-09-10,1,0,1.0
55000900130309,2021-09-11,1,0,1.0
55000900130309,2021-09-12,1,0,1.0
55000900130309,2021-09-13,1,0,1.0
55000900130309,2021-09-14,1,0,1.0
55000900130309,2021-09-15,1,0,1.0
55000900130309,2021-09-16,1,0,1.0
55000900130309,2021-09-17,1,0,1.0
55000900130309,2021-09-18,1,0,1.0
55000900130309,2021-09-19,1,0,1.0
55000900130309,2021-09-20,1,0,1.0
55000900130309,2021-09-21,1,0,1.0
55000900130309,2021-09-22,1,0,1.0
55000900130309,2021-09-23,1,0,1.0
55000900130309,2021-09-24,1,0,1.0
55000900130309,2021-09-25,1,0,1.0
55000900130309,2021-09-26,1,0,1.0
55000900130309,2021-09-27,1,0,1.0
55000900130309,2021-09-28,1,0,1.0
55000900130309,2021-09-29,1,0,1.0
55000900130309,2021-09-30,1,0,1.0
55000900130309,2021-10-01,1,0,1.0
55000900130309,2021-10-02,1,0,1.0
55000900130309,2021-10-03,1,0,1.0
55000900130309,2021-10-04,1,0,1.0
55000900130309,2021-10-05,1,0,1.0
55000900130309,2021-10-06,1,0,1.0
55000900130309,2021-10-07,1,0,1.0
55000900130309,2021-10-08,1,0,1.0
55000900130309,2021-10-09,1,0,1.0
55000900130309,2021-10-10,1,0,1.0
55000900130309,2021-10-11,1,0,1.0
55000900130309,2021-10-12,1,0,1.0
55000900130309,2021-10-13,1,0,1.0
55000900130309,2021-10-14,1,0,1.0
55000900130309,2021-10-15,1,0,1.0
55000900130309,2021-10-16,1,0,1.0
55000900130309,2021-10-17,1,0,1.0
55000900130309,2021-10-18,1,0,1.0
55000900130309,2021-10-19,1,0,1.0
55000900130309,2021-10-20,1,0,1.0
55000900130309,2021-10-21,1,0,1.0
55000900130309,2021-10-22,1,0,1.0
55000900130309,2021-10-23,1,0,1.0
55000900130309,2021-10-24,1,0,1.0
55000900130309,2021-10-25,1,0,1.0
55000900130309,2021-10-26,1,0,1.0
55000900130309,2021-10-27,1,0,1.0
55000900130309,2021-10-28,1,0,1.0
55000900130309,2021-10-29,1,0,1.0
55000900130309,2021-10-30,1,0,1.0
55000900130309,2021-10-31,1,0,1.0
55000900130309,2021-11-01,1,0,1.0
55000900130309,2021-11-02,1,0,1.0
55000900130309,2021-11-03,1,0,1.0
55000900130309,2021-11-04,1,0,1.0
55000900130309,2021-11-05,1,0,1.0
55000900130309,2021-11-06,1,0,1.0
55000900130309,2021-11-07,1,0,1.0
55000900130309,2021-11-08,1,0,1.0
55000900130309,2021-11-09,1,0,1.0
55000900130309,2021-11-10,1,0,1.0
55000900130309,2021-11-11,1,0,1.0
55000900130309,2021-11-12,1,0,1.0
55000900130309,2021-11-13,1,0,1.0
55000900130309,2021-11-14,1,0,1.0
55000900130309,2021-11-15,1,0,1.0
55000900130309,2021-11-16,1,0,1.0
55000900130309,2021-11-17,1,0,1.0
55000900130309,2021-11-18,1,0,1.0
55000900130309,2021-11-19,1,0,1.0
55000900130309,2021-11-20,1,0,1.0
55000900130309,2021-11-21,1,0,1.0
55000900130309,2021-11-22,1,0,1.0
55000900130309,2021-11-23,1,0,1.0
55000900130309,2021-11-24,1,0,1.0
55000900130309,2021-11-25,1,0,1.0
55000900130309,2021-11-26,1,0,1.0
55000900130309,2021-11-27,1,0,1.0
55000900130309,2021-11-28,1,0,1.0
55000900130309,2021-11-29,1,0,1.0
55000900130309,2021-11-30,1,0,1.0
55000900130309,2021-12-01,1,0,1.0
55000900130309,2021-12-02,1,0,1.0
55000900130309,2021-12-03,1,0,1.0
55000900130309,2021-12-04,1,0,1.0
55000900130309,2021-12-05,1,0,1.0
55000900130309,2021-12-06,1,0,1.0
55000900130309,2021-12-07,1,0,1.0
55000900130309,2021-12-08,1,0,1.0
55000900130309,2021-12-09,1,0,1.0
55000900130309,2021-12-10,1,0,1.0
55000900130309,2021-12-11,1,0,1.0
55000900130309,2021-12-12,1,0,1.0
55000900130309,2021-12-13,1,0,1.0
55000900130309,2021-12-14,1,0,1.0
55000900130309,2021-12-15,1,0,1.0
55000900130309,2021-12-16,1,0,1.0
55000900130309,2021-12-17,1,0,1.0
55000900130309,2021-12-18,1,0,1.0
55000900130309,2021-12-19,1,0,1.0
55000900130309,2021-12-20,1,0,1.0
55000900130309,2021-12-21,1,0,1.0
55000900130309,2021-12-22,1,0,1.0
55000900130309,2021-12-23,1,0,1.0
55000900130309,2021-12-24,1,0,1.0
55000900130309,2021-12-25,1,0,1.0
55000900130309,2021-12-26,1,0,1.0
55000900130309,2021-12-27,1,0,1.0
55000900130309,2021-12-28,1,0,1.0
55000900130309,2021-12-29,1,0,1.0
55000900130309,2021-12-30,1,0,1.0
55000900130309,2021-12-31,1,0,1.0
55000900130309,2022-01-01,1,0,1.0
55000900130309,2022-01-02,1,0,1.0
55000900130309,2022-01-03,1,0,1.0
55000900130309,2022-01-04,1,0,1.0
55000900130309,2022-01-05,1,0,1.0
55000900130309,2022-01-06,1,0,1.0
55000900130309,2022-01-07,1,0,1.0
55000900130309,2022-01-08,1,0,1.0
55000900130309,2022-01-09,1,0,1.0
55000900130309,2022-01-10,1,0,1.0
55000900130309,2022-01-11,1,0,1.0
55000900130309,2022-01-12,1,0,1.0
55000900130309,2022-01-13,1,0,1.0
55000900130309,2022-01-14,1,0,1.0
55000900130309,2022-01-15,1,0,1.0
55000900130309,2022-01-16,1,0,1.0
55000900130309,2022-01-17,1,0,1.0
55000900130309,2022-01-18,1,0,1.0
55000900130309,2022-01-19,1,0,1.0
55000900130309,2022-01-20,1,0,1.0
55000900130309,2022-01-21,1,0,1.0
55000900130309,2022-01-22,1,0,1.0
55000900130309,2022-01-23,1,0,1.0
55000900130309,2022-01-24,1,0,1.0
55000900130309,2022-01-25,1,0,1.0
55000900130309,2022-01-26,1,0,1.0
55000900130309,2022-01-27,1,0,1.0
55000900130309,2022-01-28,1,0,1.0
55000900130309,2022-01-29,1,0,1.0
55000900130309,2022-01-30,1,0,1.0
55000900130309,2022-01-31,1,0,1.0
55000900130309,2022-02-01,1,0,1.0
55000900130309,2022-02-02,1,0,1.0
55000900130309,2022-02-03,1,0,1.0
55000900130309,2022-02-04,1,0,1.0
55000900130309,2022-02-05,1,0,1.0
55000900130309,2022-02-06,1,0,1.0
55000900130309,2022-02-07,1,0,1.0
55000900130309,2022-02-08,1,0,1.0
55000900130309,2022-02-09,1,0,1.0
55000900130309,2022-02-10,1,0,1.0
55000900130309,2022-02-11,1,0,1.0
55000900130309,2022-02-12,1,0,1.0
55000900130309,2022-02-13,1,0,1.0
55000900130309,2022-02-14,1,0,1.0
55000900130309,2022-02-15,1,0,1.0
55000900130309,2022-02-16,1,0,1.0
55000900130309,2022-02-17,1,0,1.0
55000900130309,2022-02-18,1,0,1.0
55000900130309,2022-02-19,1,0,1.0
55000900130309,2022-02-20,1,0,1.0
55000900130309,2022-02-21,1,0,1.0
55000900130309,2022-02-22,1,0,1.0
55000900130309,2022-02-23,1,0,1.0
55000900130309,2022-02-24,1,0,1.0
55000900130309,2022-02-25,1,0,1.0
55000900130309,2022-02-26,1,0,1.0
55000900130309,2022-02-27,1,0,1.0
55000900130309,2022-02-28,1,0,1.0
55000900130309,2022-03-01,1,0,1.0
55000900130309,2022-03-02,1,0,1.0
55000900130309,2022-03-03,1,0,1.0
55000900130309,2022-03-04,1,0,1.0
55000900130309,2022-03-05,1,0,1.0
55000900130309,2022-03-06,1,0,1.0
55000900130309,2022-03-07,1,0,1.0
55000900130309,2022-03-08,1,0,1.0
55000900130309,2022-03-09,1,0,1.0
55000900130309,2022-03-10,1,0,1.0
55000900130309,2022-03-11,1,0,1.0
55000900130309,2022-03-12,1,0,1.0
55000900130309,2022-03-14,1,0,1.0
55000900130309,2022-03-15,1,0,1.0
55000900130309,2022-03-16,1,0,1.0
55000900130309,2022-03-17,1,0,1.0
55000900130309,2022-03-18,1,0,1.0
55000900130309,2022-03-19,1,0,1.0
55000900130309,2022-03-20,1,0,1.0
55000900130309,2022-03-21,1,0,1.0
55000900130309,2022-03-22,1,0,1.0
55000900130309,2022-03-23,1,0,1.0
55000900130309,2022-03-24,1,0,1.0
55000900130309,2022-03-25,1,0,1.0
55000900130309,2022-03-26,1,0,1.0
55000900130309,2022-03-27,1,0,1.0
55000900130309,2022-03-28,1,0,1.0
55000900130309,2022-03-29,1,0,1.0
55000900130309,2022-03-30,1,0,1.0
55000900130309,2022-03-31,1,0,1.0
55000900130309,2022-04-01,1,0,1.0
55000900130309,2022-04-02,1,0,1.0
55000900130309,2022-04-03,1,0,1.0
55000900130309,2022-04-04,1,0,1.0
55000900130309,2022-04-05,1,0,1.0
55000900130309,2022-04-06,1,0,1.0
55000900130309,2022-04-07,1,0,1.0
55000900130309,2022-04-08,1,0,1.0
55000900130309,2022-04-09,1,0,1.0
55000900130309,2022-04-10,1,0,1.0
55000900130309,2022-04-11,1,0,1.0
55000900130309,2022-04-12,1,0,1.0
55000900130309,2022-04-13,1,0,1.0
55000900130309,2022-04-14,1,0,1.0
55000900130309,2022-04-15,1,0,1.0
55000900130309,2022-04-16,1,0,1.0
55000900130309,2022-04-17,1,0,1.0
55000900130309,2022-04-18,1,0,1.0
55000900130309,2022-04-19,1,0,1.0
55000900130309,2022-04-20,1,0,1.0
55000900130309,2022-04-21,1,0,1.0
55000900130309,2022-04-22,1,0,1.0
55000900130309,2022-04-23,1,0,1.0
55000900130309,2022-04-24,1,0,1.0
55000900130309,2022-04-25,1,0,1.0
55000900130309,2022-04-26,1,0,1.0
55000900130309,2022-04-27,1,0,1.0
55000900130309,2022-04-28,1,0,1.0
55000900130309,2022-04-29,1,0,1.0
55000900130309,2022-04-30,1,0,1.0
55000900130309,2022-05-01,1,0,1.0
55000900130309,2022-05-02,1,0,1.0
55000900130309,2022-05-03,1,0,1.0
55000900130309,2022-05-04,1,0,1.0
55000900130309,2022-05-05,1,0,1.0
55000900130309,2022-05-06,1,0,1.0
55000900130309,2022-05-07,1,0,1.0
55000900130309,2022-05-08,1,0,1.0
55000900130309,2022-05-09,1,0,1.0
55000900130309,2022-05-10,1,0,1.0
55000900130309,2022-05-11,1,0,1.0
55000900130309,2022-05-12,1,0,1.0
55000900130309,2022-05-13,1,0,1.0
55000900130309,2022-05-14,1,0,1.0
55000900130309,2022-05-15,1,0,1.0
55000900130309,2022-05-16,1,0,1.0
55000900130309,2022-05-17,1,0,1.0
55000900130309,2022-05-18,1,0,1.0
55000900130309,2022-05-19,1,0,1.0
55000900130309,2022-05-20,1,0,1.0
55000900130309,2022-05-21,1,0,1.0
55000900130309,2022-05-22,1,0,1.0
55000900130309,2022-05-23,1,0,1.0
55000900130309,2022-05-24,1,0,1.0
55000900130309,2022-05-25,1,0,1.0
55000900130309,2022-05-26,1,0,1.0
55000900130309,2022-05-27,1,0,1.0
55000900130309,2022-05-28,1,0,1.0
55000900130309,2022-05-29,1,0,1.0
55000900130309,2022-05-30,1,0,1.0
55000900130309,2022-05-31,1,0,1.0
55000900130309,2022-06-01,1,0,1.0
55000900130309,2022-06-02,1,0,1.0
55000900130309,2022-06-03,1,0,1.0
55000900130309,2022-06-04,1,0,1.0
55000900130309,2022-06-05,1,0,1.0
55000900130309,2022-06-06,1,0,1.0
55000900130309,2022-06-07,1,0,1.0
55000900130309,2022-06-08,1,0,1.0
55000900130309,2022-06-09,1,0,1.0
55000900130309,2022-06-10,1,0,1.0
55000900130309,2022-06-11,1,0,1.0
55000900130309,2022-06-12,1,0,1.0
55000900130309,2022-06-13,1,0,1.0
55000900130309,2022-06-14,1,0,1.0
55000900130309,2022-06-15,1,0,1.0
55000900130309,2022-06-16,1,0,1.0
55000900130309,2022-06-17,1,0,1.0
55000900130309,2022-06-18,1,0,1.0
55000900130309,2022-06-19,1,0,1.0
55000900130309,2022-06-20,1,0,1.0
55000900130309,2022-06-21,1,0,1.0
55000900130309,2022-06-22,1,0,1.0
55000900130309,2022-06-23,1,0,1.0
55000900130309,2022-06-24,1,0,1.0
55000900130309,2022-06-25,1,0,1.0
55000900130309,2022-06-26,1,0,1.0
55000900130309,2022-06-27,1,0,1.0
55000900130309,2022-06-28,1,0,1.0
55000900130309,2022-06-29,1,0,1.0
55000900130309,2022-06-30,1,0,1.0
55000900130309,2022-07-01,1,0,1.0
55000900130309,2022-07-02,1,0,1.0
55000900130309,2022-07-03,1,0,1.0
55000900130309,2022-07-04,1,0,1.0
55000900130309,2022-07-05,1,0,1.0
55000900130309,2022-07-06,1,0,1.0
55000900130309,2022-07-07,1,0,1.0
55000900130309,2022-07-08,1,0,1.0
55000900130309,2022-07-09,1,0,1.0
55000900130309,2022-07-10,1,0,1.0
55000900130309,2022-07-11,1,0,1.0
55000900130309,2022-07-12,1,0,1.0
55000900130309,2022-07-13,1,0,1.0
55000900130309,2022-07-14,1,0,1.0
55000900130309,2022-07-15,1,0,1.0
55000900130309,2022-07-16,1,0,1.0
55000900130309,2022-07-17,1,0,1.0
55000900130309,2022-07-18,1,0,1.0
55000900130309,2022-07-19,1,0,1.0
55000900130309,2022-07-20,1,0,1.0
55000900130309,2022-07-21,1,0,1.0
55000900130309,2022-07-22,1,0,1.0
55000900130309,2022-07-23,1,0,1.0
55000900130309,2022-07-24,1,0,1.0
55000900130309,2022-07-25,1,0,1.0
55000900130309,2022-07-26,1,0,1.0
55000900130309,2022-07-27,1,0,1.0
55000900130309,2022-07-28,1,0,1.0
55000900130309,2022-07-29,1,0,1.0
55000900130309,2022-07-30,1,0,1.0
55000900130309,2022-07-31,1,0,1.0
55000900130309,2022-08-01,1,0,1.0
55000900130309,2022-08-02,1,0,1.0
55000900130309,2022-08-03,1,0,1.0
55000900130309,2022-08-04,1,0,1.0
55000900130309,2022-08-05,1,0,1.0
55000900130309,2022-08-06,1,0,1.0
55000900130309,2022-08-07,1,0,1.0
55000900130309,2022-08-08,1,0,1.0
55000900130309,2022-08-09,1,0,1.0
55000900130309,2022-08-10,1,0,1.0
55000900130309,2022-08-11,1,0,1.0
55000900130309,2022-08-12,1,0,1.0
55000900130309,2022-08-13,1,0,1.0
55000900130309,2022-08-14,1,0,1.0
55000900130309,2022-08-15,1,0,1.0
55000900130309,2022-08-16,1,0,1.0
55000900130309,2022-08-17,1,0,1.0
55000900130309,2022-08-18,1,0,1.0
55000900130309,2022-08-19,1,0,1.0
55000900130309,2022-08-20,1,0,1.0
55000900130309,2022-08-21,1,0,1.0
55000900130309,2022-08-22,1,0,1.0
55000900130309,2022-08-23,1,0,1.0
55000900130309,2022-08-24,1,0,1.0
55000900130309,2022-08-25,1,0,1.0
55000900130309,2022-08-26,1,0,1.0
55000900130309,2022-08-27,1,0,1.0
55000900130309,2022-08-28,1,0,1.0
55000900130309,2022-08-29,1,0,1.0
55000900130309,2022-08-30,1,0,1.0
55000900130309,2022-08-31,1,0,1.0
55000900130309,2022-09-01,1,0,1.0
55000900130309,2022-09-02,1,0,1.0
55000900130309,2022-09-03,1,0,1.0
55000900130309,2022-09-04,1,0,1.0
55000900130309,2022-09-05,1,0,1.0
55000900130309,2022-09-06,1,0,1.0
55000900130309,2022-09-07,1,0,1.0
55000900130309,2022-09-08,1,0,1.0
55000900130309,2022-09-09,1,0,1.0
55000900130309,2022-09-10,1,0,1.0
55000900130309,2022-09-11,1,0,1.0
55000900130309,2022-09-12,1,0,1.0
55000900130309,2022-09-13,1,0,1.0
55000900130309,2022-09-14,1,0,1.0
55000900130309,2022-09-15,1,0,1.0
55000900130309,2022-09-16,1,0,1.0
55000900130309,2022-09-17,1,0,1.0
55000900130309,2022-09-18,1,0,1.0
55000900130309,2022-09-19,1,0,1.0
55000900130309,2022-09-20,1,0,1.0
55000900130309,2022-09-21,1,0,1.0
55000900130309,2022-09-22,1,0,1.0
55000900130309,2022-09-23,1,0,1.0
55000900130309,2022-09-24,1,0,1.0
55000900130309,2022-09-25,1,0,1.0
55000900130309,2022-09-26,1,0,1.0
55000900130309,2022-09-27,1,0,1.0
55000900130309,2022-09-28,1,0,1.0
55000900130309,2022-09-29,1,0,1.0
55000900130309,2022-09-30,1,0,1.0
55000900130309,2022-10-01,1,0,1.0
55000900130309,2022-10-02,1,0,1.0
55000900130309,2022-10-03,1,0,1.0
55000900130309,2022-10-04,1,0,1.0
55000900130309,2022-10-05,1,0,1.0
55000900130309,2022-10-06,1,0,1.0
55000900130309,2022-10-07,1,0,1.0
55000900130309,2022-10-08,1,0,1.0
55000900130309,2022-10-09,1,0,1.0
55000900130309,2022-10-10,1,0,1.0
55000900130309,2022-10-11,1,0,1.0
55000900130309,2022-10-12,1,0,1.0
55000900130309,2022-10-13,1,0,1.0
55000900130309,2022-10-14,1,0,1.0
55000900130309,2022-10-15,1,0,1.0
55000900130309,2022-10-16,1,0,1.0
55000900130309,2022-10-17,1,0,1.0
55000900130309,2022-10-18,1,0,1.0
55000900130309,2022-10-19,1,0,1.0
55000900130309,2022-10-20,1,0,1.0
55000900130309,2022-10-21,1,0,1.0
55000900130309,2022-10-22,1,0,1.0
55000900130309,2022-10-23,1,0,1.0
55000900130309,2022-10-24,1,0,1.0
55000900130309,2022-10-25,1,0,1.0
55000900130309,2022-10-26,1,0,1.0
55000900130309,2022-10-27,1,0,1.0
55000900130309,2022-10-28,1,0,1.0
55000900130309,2022-10-29,1,0,1.0
55000900130309,2022-10-30,1,0,1.0
55000900130309,2022-10-31,1,0,1.0
55000900130309,2022-11-01,1,0,1.0
55000900130309,2022-11-02,1,0,1.0
55000900130309,2022-11-03,1,0,1.0
55000900130309,2022-11-04,1,0,1.0
55000900130309,2022-11-05,1,0,1.0
55000900130309,2022-11-06,1,0,1.0
55000900130309,2022-11-07,1,0,1.0
55000900130309,2022-11-08,1,0,1.0
55000900130309,2022-11-09,1,0,1.0
55000900130309,2022-11-10,1,0,1.0
55000900130309,2022-11-11,1,0,1.0
55000900130309,2022-11-12,1,0,1.0
55000900130309,2022-11-13,1,0,1.0
55000900130309,2022-11-14,1,0,1.0
55000900130309,2022-11-15,1,0,1.0
55000900130309,2022-11-16,1,0,1.0
55000900130309,2022-11-17,1,0,1.0
55000900130309,2022-11-18,1,0,1.0
55000900130309,2022-11-19,1,0,1.0
55000900130309,2022-11-20,1,0,1.0
55000900130309,2022-11-21,1,0,1.0
55000900130309,2022-11-22,1,0,1.0
55000900130309,2022-11-23,1,0,1.0
55000900130309,2022-11-24,1,0,1.0
55000900130309,2022-11-25,1,0,1.0
55000900130309,2022-11-26,1,0,1.0
55000900130309,2022-11-27,1,0,1.0
55000900130309,2022-11-28,1,0,1.0
55000900130309,2022-11-29,1,0,1.0
55000900130309,2022-11-30,1,0,1.0
55000900130309,2022-12-01,1,0,1.0
55000900130309,2022-12-02,1,0,1.0
55000900130309,2022-12-03,1,0,1.0
55000900130309,2022-12-04,1,0,1.0
55000900130309,2022-12-05,1,0,1.0
55000900130309,2022-12-06,1,0,1.0
55000900130309,2022-12-07,1,0,1.0
55000900130309,2022-12-08,1,0,1.0
55000900130309,2022-12-09,1,0,1.0
55000900130309,2022-12-10,1,0,1.0
55000900130309,2022-12-11,1,0,1.0
55000900130309,2022-12-12,1,0,1.0
55000900130309,2022-12-13,1,0,1.0
55000900130309,2022-12-14,1,0,1.0
55000900130309,2022-12-15,1,0,1.0
55000900130309,2022-12-16,1,0,1.0
55000900130309,2022-12-17,1,0,1.0
55000900130309,2022-12-18,1,0,1.0
55000900130309,2022-12-19,1,0,1.0
55000900130309,2022-12-20,1,0,1.0
55000900130309,2022-12-21,1,0,1.0
55000900130309,2022-12-22,1,0,1.0
55000900130309,2022-12-23,1,0,1.0
55000900130309,2022-12-24,1,0,1.0
55000900130309,2022-12-25,1,0,1.0
55000900130309,2022-12-26,1,0,1.0
55000900130309,2022-12-27,1,0,1.0
55000900130309,2022-12-28,1,0,1.0
55000900130309,2022-12-29,1,0,1.0
55000900130309,2022-12-30,1,0,1.0
55000900130309,2022-12-31,1,0,1.0
55000900130309,2023-01-01,1,0,1.0
55000900130309,2023-01-02,1,0,1.0
55000900130309,2023-01-03,1,0,1.0
55000900130309,2023-01-04,1,0,1.0
55000900130309,2023-01-05,1,0,1.0
55000900130309,2023-01-06,1,0,1.0
55000900130309,2023-01-07,1,0,1.0
55000900130309,2023-01-08,1,0,1.0
55000900130309,2023-01-09,1,0,1.0
55000900130309,2023-01-10,1,0,1.0
55000900130309,2023-01-11,1,0,1.0
55000900130309,2023-01-12,1,0,1.0
55000900130309,2023-01-13,1,0,1.0
55000900130309,2023-01-14,1,0,1.0
55000900130309,2023-01-15,1,0,1.0
55000900130309,2023-01-16,1,0,1.0
55000900130309,2023-01-17,1,0,1.0
55000900130309,2023-01-18,1,0,1.0
55000900130309,2023-01-19,1,0,1.0
55000900130309,2023-01-20,1,0,1.0
55000900130309,2023-01-21,1,0,1.0
55000900130309,2023-01-22,1,0,1.0
55000900130309,2023-01-23,1,0,1.0
55000900130309,2023-01-24,1,0,1.0
55000900130309,2023-01-25,1,0,1.0
55000900130309,2023-01-26,1,0,1.0
55000900130309,2023-01-27,1,0,1.0
55000900130309,2023-01-28,1,0,1.0
55000900130309,2023-01-29,1,0,1.0
55000900130309,2023-01-30,1,0,1.0
55000900130309,2023-01-31,1,0,1.0
55000900130309,2023-02-01,1,0,1.0
55000900130309,2023-02-02,1,0,1.0
55000900130309,2023-02-03,1,0,1.0
55000900130309,2023-02-04,1,0,1.0
55000900130309,2023-02-05,1,0,1.0
55000900130309,2023-02-06,1,0,1.0
55000900130309,2023-02-07,1,0,1.0
55000900130309,2023-02-08,1,0,1.0
55000900130309,2023-02-09,1,0,1.0
55000900130309,2023-02-10,1,0,1.0
55000900130309,2023-02-11,1,0,1.0
55000900130309,2023-02-12,1,0,1.0
55000900130309,2023-02-13,1,0,1.0
55000900130309,2023-02-14,1,0,1.0
55000900130309,2023-02-15,1,0,1.0
55000900130309,2023-02-16,1,0,1.0
55000900130309,2023-02-17,1,0,1.0
55000900130309,2023-02-18,1,0,1.0
55000900130309,2023-02-19,1,0,1.0
55000900130309,2023-02-20,1,0,1.0
55000900130309,2023-02-21,1,0,1.0
55000900130309,2023-02-22,1,0,1.0
55000900130309,2023-02-23,1,0,1.0
55000900130309,2023-02-24,1,0,1.0
55000900130309,2023-02-25,1,0,1.0
55000900130309,2023-02-26,1,0,1.0
55000900130309,2023-02-27,1,0,1.0
55000900130309,2023-02-28,1,0,1.0
55000900130309,2023-03-01,1,0,1.0
55000900130309,2023-03-02,1,0,1.0
55000900130309,2023-03-03,1,0,1.0
55000900130309,2023-03-04,1,0,1.0
55000900130309,2023-03-05,1,0,1.0
55000900130309,2023-03-06,1,0,1.0
55000900130309,2023-03-07,1,0,1.0
55000900130309,2023-03-08,1,0,1.0
55000900130309,2023-03-09,1,0,1.0
55000900130309,2023-03-10,1,0,1.0
55000900130309,2023-03-11,1,0,1.0
55000900130309,2023-03-13,1,0,1.0
55000900130309,2023-03-14,1,0,1.0
55000900130309,2023-03-15,1,0,1.0
55000900130309,2023-03-16,1,0,1.0
55000900130309,2023-03-17,1,0,1.0
55000900130309,2023-03-18,1,0,1.0
55000900130309,2023-03-19,1,0,1.0
55000900130309,2023-03-20,1,0,1.0
55000900130309,2023-03-21,1,0,1.0
55000900130309,2023-03-22,1,0,1.0
55000900130309,2023-03-23,1,0,1.0
55000900130309,2023-03-24,1,0,1.0
55000900130309,2023-03-25,1,0,1.0
55000900130309,2023-03-26,1,0,1.0
55000900130309,2023-03-27,1,0,1.0
55000900130309,2023-03-28,1,0,1.0
55000900130309,2023-03-29,1,0,1.0
55000900130309,2023-03-30,1,0,1.0
55000900130309,2023-03-31,1,0,1.0
55000900130309,2023-04-01,1,0,1.0
55000900130309,2023-04-02,1,0,1.0
55000900130309,2023-04-03,1,0,1.0
55000900130309,2023-04-04,1,0,1.0
55000900130309,2023-04-05,1,0,1.0
55000900130309,2023-04-06,1,0,1.0
55000900130309,2023-04-07,1,0,1.0
55000900130309,2023-04-08,1,0,1.0
55000900130309,2023-04-09,1,0,1.0
55000900130309,2023-04-10,1,0,1.0
55000900130309,2023-04-11,1,0,1.0
55000900130309,2023-04-12,1,0,1.0
55000900130309,2023-04-13,1,0,1.0
55000900130309,2023-04-14,1,0,1.0
55000900130309,2023-04-15,1,0,1.0
55000900130309,2023-04-16,1,0,1.0
55000900130309,2023-04-17,1,0,1.0
55000900130309,2023-04-18,1,0,1.0
55000900130309,2023-04-19,1,0,1.0
55000900130309,2023-04-20,1,0,1.0
55000900130316,2020-09-29,0,0,0.07100007
55000900130316,2020-09-30,0,0,0.023839194
55000900130316,2020-10-01,0,0,0.053342342
55000900130316,2020-10-02,0,0,0.054474533
55000900130316,2020-10-03,0,0,0.05449097
55000900130316,2020-10-04,0,0,0.054731358
55000900130316,2020-10-05,0,0,0.054405656
55000900130316,2020-10-06,0,0,0.05434336
55000900130316,2020-10-07,0,0,0.054250043
55000900130316,2020-10-08,0,0,0.05416678
55000900130316,2020-10-09,0,0,0.054086518
55000900130316,2020-10-10,1,0,0.054006997
55000900130316,2020-10-11,1,0,0.05403411
55000900130316,2020-10-12,1,0,0.05388628
55000900130316,2020-10-13,1,0,0.29525366
55000900130316,2020-10-14,1,0,0.19168743
55000900130316,2020-10-15,1,0,0.2518699
55000900130316,2020-10-16,1,0,0.2930402
55000900130316,2020-10-17,0,0,0.3738934
55000900130316,2020-10-18,0,0,0.3877645
55000900130316,2020-10-19,0,0,0.30617025
55000900130316,2020-10-20,0,0,0.04655319
55000900130316,2020-10-21,0,0,0.042457562
55000900130316,2020-10-22,0,0,0.050939906
55000900130316,2020-10-23,0,0,0.051411092
55000900130316,2020-10-24,0,0,0.036842536
55000900130316,2020-10-25,0,0,0.06035188
55000900130316,2020-10-26,0,0,0.025534365
55000900130316,2020-10-27,0,0,0.03443448
55000900130316,2020-10-28,0,0,0.03543146
55000900130316,2020-10-29,0,0,0.019244062
55000900130316,2020-10-30,0,0,0.019318685
55000900130316,2020-10-31,0,0,0.019301265
55000900130316,2020-11-01,0,0,0.01941949
55000900130316,2020-11-02,0,0,0.019314962
55000900130316,2020-11-03,0,0,0.019652473
55000900130316,2020-11-04,0,0,0.01883872
55000900130316,2020-11-05,1,0,0.019836258
55000900130316,2020-11-06,1,0,0.01828187
55000900130316,2020-11-07,1,0,0.018030915
55000900130316,2020-11-08,1,0,0.15434574
55000900130316,2020-11-09,1,0,0.035222534
55000900130316,2020-11-10,1,0,0.14251721
55000900130316,2020-11-11,1,0,0.12781043
55000900130316,2020-11-12,1,0,0.097317174
55000900130316,2020-11-13,1,0,0.17045908
55000900130316,2020-11-14,1,0,0.19186087
55000900130316,2020-11-15,1,0,0.09148476
55000900130316,2020-11-16,1,0,0.17899656
55000900130316,2020-11-17,1,0,0.2277972
55000900130316,2020-11-18,1,0,0.13991776
55000900130316,2020-11-19,1,0,0.10285583
55000900130316,2020-11-20,1,0,0.12199142
55000900130316,2020-11-21,1,0,0.13889003
55000900130316,2020-11-22,1,0,0.35732818
55000900130316,2020-11-23,1,0,0.45007116
55000900130316,2020-11-24,1,0,0.45165777
55000900130316,2020-11-25,1,0,0.4081929
55000900130316,2020-11-26,1,0,0.44628593
55000900130316,2020-11-27,1,0,0.7345702
55000900130316,2020-11-28,1,0,0.78724116
55000900130316,2020-11-29,1,0,0.6884991
55000900130316,2020-11-30,1,0,0.8276003
55000900130316,2020-12-01,1,0,0.83483475
55000900130316,2020-12-02,1,0,0.98205906
55000900130316,2020-12-03,1,0,0.9783174
55000900130316,2020-12-04,1,0,0.98231906
55000900130316,2020-12-05,1,0,0.91467303
55000900130316,2020-12-06,1,0,0.99470454
55000900130316,2020-12-07,1,0,0.63190615
55000900130316,2020-12-08,1,0,0.63190615
55000900130316,2020-12-09,1,0,0.63190615
55000900130316,2020-12-10,1,0,0.63190615
55000900130316,2020-12-11,1,0,0.63190615
55000900130316,2020-12-12,1,0,0.63190615
55000900130316,2020-12-13,1,0,0.63190615
55000900130316,2020-12-14,1,0,0.63190615
55000900130316,2020-12-15,1,0,0.63190615
55000900130316,2020-12-16,1,0,0.63190615
55000900130316,2020-12-17,1,0,0.63190615
55000900130316,2020-12-18,1,0,0.63190615
55000900130316,2020-12-19,1,0,0.63190615
55000900130316,2020-12-20,1,0,0.63190615
55000900130316,2020-12-21,1,0,0.63190615
55000900130316,2020-12-22,1,0,0.63190615
55000900130316,2020-12-23,1,0,0.63190615
55000900130316,2020-12-24,1,0,0.63190615
55000900130316,2020-12-25,1,0,0.63190615
55000900130316,2020-12-26,1,0,0.63190615
55000900130316,2020-12-27,1,0,0.63190615
55000900130316,2020-12-28,1,0,0.63190615
55000900130316,2020-12-29,1,0,0.63190615
55000900130316,2020-12-30,1,0,0.63190615
55000900130316,2020-12-31,1,0,0.63190615
55000900130316,2021-01-01,1,0,0.63190615
55000900130316,2021-01-02,1,0,0.63190615
55000900130316,2021-01-03,1,0,0.63190615
55000900130316,2021-01-04,1,0,0.63190615
55000900130316,2021-01-05,1,0,0.63190615
55000900130316,2021-01-06,1,0,0.63190615
55000900130316,2021-01-07,1,0,0.63190615
55000900130316,2021-01-08,1,0,0.63190615
55000900130316,2021-01-09,1,0,0.63190615
55000900130316,2021-01-10,1,0,0.63190615
55000900130316,2021-01-11,1,0,0.63190615
55000900130316,2021-01-12,1,0,0.63190615
55000900130316,2021-01-13,1,0,0.63190615
55000900130316,2021-01-14,1,0,0.63190615
55000900130316,2021-01-15,1,0,0.63190615
55000900130316,2021-01-16,1,0,0.63190615
55000900130316,2021-01-17,1,0,0.63190615
55000900130316,2021-01-18,1,0,0.63190615
55000900130316,2021-01-19,1,0,0.63190615
55000900130316,2021-01-20,1,0,0.63190615
55000900130316,2021-01-21,1,0,0.63190615
55000900130316,2021-01-22,1,0,0.63190615
55000900130316,2021-01-23,1,0,0.63190615
55000900130316,2021-01-24,1,0,0.63190615
55000900130316,2021-01-25,1,0,0.63190615
55000900130316,2021-01-26,1,0,0.63190615
55000900130316,2021-01-27,1,0,0.63190615
55000900130316,2021-01-28,1,0,0.63190615
55000900130316,2021-01-29,1,0,0.63190615
55000900130316,2021-01-30,1,0,0.63190615
55000900130316,2021-01-31,1,0,0.63190615
55000900130316,2021-02-01,1,0,0.63190615
55000900130316,2021-02-02,1,0,0.63190615
55000900130316,2021-02-03,1,0,0.63190615
55000900130316,2021-02-04,1,0,0.63190615
55000900130316,2021-02-05,1,0,0.63190615
55000900130316,2021-02-06,1,0,0.63190615
55000900130316,2021-02-07,1,0,0.63190615
55000900130316,2021-02-08,1,0,0.63190615
55000900130316,2021-02-09,1,0,0.63190615
55000900130316,2021-02-10,1,0,0.63190615
55000900130316,2021-02-11,1,0,0.63190615
55000900130316,2021-02-12,1,0,0.63190615
55000900130316,2021-02-13,1,0,0.63190615
55000900130316,2021-02-14,1,0,0.63190615
55000900130316,2021-02-15,1,0,0.63190615
55000900130316,2021-02-16,1,0,0.63190615
55000900130316,2021-02-17,1,0,0.63190615
55000900130316,2021-02-18,1,0,0.63190615
55000900130316,2021-02-19,1,0,0.63190615
55000900130316,2021-02-20,1,0,0.63190615
55000900130316,2021-02-21,1,0,0.63190615
55000900130316,2021-02-22,1,0,0.63190615
55000900130316,2021-02-23,1,0,0.63190615
55000900130316,2021-02-24,1,0,0.63190615
55000900130316,2021-02-25,1,0,0.63190615
55000900130316,2021-02-26,1,0,0.63190615
55000900130316,2021-02-27,1,0,0.63190615
55000900130316,2021-02-28,1,0,0.63190615
55000900130316,2021-03-01,1,0,0.63190615
55000900130316,2021-03-02,1,0,0.63190615
55000900130316,2021-03-03,1,0,0.63190615
55000900130316,2021-03-04,1,0,0.63190615
55000900130316,2021-03-05,1,0,0.63190615
55000900130316,2021-03-06,1,0,0.63190615
55000900130316,2021-03-07,1,0,0.63190615
55000900130316,2021-03-08,1,0,0.63190615
55000900130316,2021-03-09,1,0,0.63190615
55000900130316,2021-03-10,1,0,0.63190615
55000900130316,2021-03-11,1,0,0.63190615
55000900130316,2021-03-12,1,0,0.63190615
55000900130316,2021-03-13,1,0,0.63190615
55000900130316,2021-03-15,1,0,0.63190615
55000900130316,2021-03-16,1,0,0.63190615
55000900130316,2021-03-17,1,0,0.63190615
55000900130316,2021-03-18,1,0,0.63190615
55000900130316,2021-03-19,1,0,0.63190615
55000900130316,2021-03-20,1,0,0.63190615
55000900130316,2021-03-21,1,0,0.63190615
55000900130316,2021-03-22,1,0,0.63190615
55000900130316,2021-03-23,1,0,0.63190615
55000900130316,2021-03-24,1,0,0.63190615
55000900130316,2021-03-25,1,0,0.63190615
55000900130316,2021-03-26,1,0,0.63190615
55000900130316,2021-03-27,1,0,0.63190615
55000900130316,2021-03-28,1,0,0.63190615
55000900130316,2021-03-29,1,0,0.63190615
55000900130316,2021-03-30,1,0,0.63190615
55000900130316,2021-03-31,1,0,0.63190615
55000900130316,2021-04-01,1,0,0.63190615
55000900130316,2021-04-02,1,0,0.63190615
55000900130316,2021-04-03,1,0,0.63190615
55000900130316,2021-04-04,1,0,0.63190615
55000900130316,2021-04-05,1,0,0.63190615
55000900130316,2021-04-06,1,0,0.63190615
55000900130316,2021-04-07,1,0,0.63190615
55000900130316,2021-04-08,1,0,0.63190615
55000900130316,2021-04-09,1,0,0.63190615
55000900130316,2021-04-10,1,0,0.63190615
55000900130316,2021-04-11,1,0,0.63190615
55000900130316,2021-04-12,1,0,0.63190615
55000900130316,2021-04-13,1,0,0.63190615
55000900130316,2021-04-14,1,0,0.63190615
55000900130316,2021-04-15,1,0,0.63190615
55000900130316,2021-04-16,1,0,0.63190615
55000900130316,2021-04-17,1,0,0.63190615
55000900130316,2021-04-18,1,0,0.63190615
55000900130316,2021-04-19,1,0,0.63190615
55000900130316,2021-04-20,1,0,0.63190615
55000900130316,2021-04-21,1,0,0.63190615
55000900130316,2021-04-22,1,0,0.63190615
55000900130316,2021-04-23,1,0,0.63190615
55000900130316,2021-04-24,1,0,0.63190615
55000900130316,2021-04-25,1,0,0.63190615
55000900130316,2021-04-26,1,0,0.63190615
55000900130316,2021-04-27,1,0,0.63190615
55000900130316,2021-04-28,1,0,0.63190615
55000900130316,2021-04-29,1,0,0.63190615
55000900130316,2021-04-30,1,0,0.63190615
55000900130316,2021-05-01,1,0,0.63190615
55000900130316,2021-05-02,1,0,0.63190615
55000900130316,2021-05-03,1,0,0.63190615
55000900130316,2021-05-04,1,0,0.63190615
55000900130316,2021-05-05,1,0,0.63190615
55000900130316,2021-05-06,1,0,0.63190615
55000900130316,2021-05-07,1,0,0.63190615
55000900130316,2021-05-08,1,0,0.63190615
55000900130316,2021-05-09,1,0,0.63190615
55000900130316,2021-05-10,1,0,0.63190615
55000900130316,2021-05-11,1,0,0.63190615
55000900130316,2021-05-12,1,0,0.63190615
55000900130316,2021-05-13,1,0,0.63190615
55000900130316,2021-05-14,1,0,0.63190615
55000900130316,2021-05-15,1,0,0.63190615
55000900130316,2021-05-16,1,0,0.63190615
55000900130316,2021-05-17,1,0,0.63190615
55000900130316,2021-05-18,1,0,0.63190615
55000900130316,2021-05-19,1,0,0.63190615
55000900130316,2021-05-20,1,0,0.63190615
55000900130316,2021-05-21,1,0,0.63190615
55000900130316,2021-05-22,1,0,0.63190615
55000900130316,2021-05-23,1,0,0.63190615
55000900130316,2021-05-24,1,0,0.63190615
55000900130316,2021-05-25,1,0,0.63190615
55000900130316,2021-05-26,1,0,0.63190615
55000900130316,2021-05-27,1,0,0.63190615
55000900130316,2021-05-28,1,0,0.63190615
55000900130316,2021-05-29,1,0,0.63190615
55000900130316,2021-05-30,1,0,0.63190615
55000900130316,2021-05-31,1,0,0.63190615
55000900130316,2021-06-01,1,0,0.63190615
55000900130316,2021-06-02,1,0,0.63190615
55000900130316,2021-06-03,1,0,0.63190615
55000900130316,2021-06-04,1,0,0.63190615
55000900130316,2021-06-05,1,0,0.63190615
55000900130316,2021-06-06,1,0,0.63190615
55000900130316,2021-06-07,1,0,0.63190615
55000900130316,2021-06-08,1,0,0.63190615
55000900130316,2021-06-09,1,0,0.63190615
55000900130316,2021-06-10,1,0,0.63190615
55000900130316,2021-06-11,1,0,0.63190615
55000900130316,2021-06-12,1,0,0.63190615
55000900130316,2021-06-13,1,0,0.63190615
55000900130316,2021-06-14,1,0,0.63190615
55000900130316,2021-06-15,1,0,0.63190615
55000900130316,2021-06-16,0,0,0.63190615
55000900130316,2021-06-17,0,0,0.63190615
55000900130316,2021-06-18,0,0,0.63190615
55000900130316,2021-06-19,0,0,0.011752351
55000900130316,2021-06-20,0,0,0.006847749
55000900130316,2021-06-21,0,0,0.014528368
55000900130316,2021-06-22,0,0,0.014435176
55000900130316,2021-06-23,0,0,0.01436386
55000900130316,2021-06-24,1,0,0.014300729
55000900130316,2021-06-25,1,0,0.014283303
55000900130316,2021-06-26,0,0,0.014267482
55000900130316,2021-06-27,0,0,0.11210313
55000900130316,2021-06-28,0,0,0.060251955
55000900130316,2021-06-29,0,0,0.022561219
55000900130316,2021-06-30,0,0,0.04299292
55000900130316,2021-07-01,0,0,0.043165848
55000900130316,2021-07-02,0,0,0.043504324
55000900130316,2021-07-03,0,0,0.042798966
55000900130316,2021-07-04,0,0,0.04352455
55000900130316,2021-07-05,0,0,0.042867642
55000900130316,2021-07-06,0,0,0.04250738
55000900130316,2021-07-07,0,0,0.04277302
55000900130316,2021-07-08,0,0,0.042678908
55000900130316,2021-07-09,0,0,0.04015172
55000900130316,2021-07-10,0,0,0.039200142
55000900130316,2021-07-11,0,0,0.043366134
55000900130316,2021-07-12,0,0,0.03033223
55000900130316,2021-07-13,0,0,0.035346314
55000900130316,2021-07-14,0,0,0.041254677
55000900130316,2021-07-15,0,0,0.026050853
55000900130316,2021-07-16,0,0,0.034280077
55000900130316,2021-07-17,0,0,0.035524968
55000900130316,2021-07-18,0,0,0.019666716
55000900130316,2021-07-19,0,0,0.019004507
55000900130316,2021-07-20,0,0,0.019842423
55000900130316,2021-07-21,0,0,0.018495532
55000900130316,2021-07-22,0,0,0.018192355
55000900130316,2021-07-23,0,0,0.019073391
55000900130316,2021-07-24,0,0,0.011913529
55000900130316,2021-07-25,0,0,0.034787815
55000900130316,2021-07-26,0,0,0.011556155
55000900130316,2021-07-27,0,0,0.011706551
55000900130316,2021-07-28,0,0,0.0076783043
55000900130316,2021-07-29,0,0,0.0076783043
55000900130316,2021-07-30,0,0,0.0076783043
55000900130316,2021-07-31,0,0,0.0076783043
55000900130316,2021-08-01,0,0,0.0076783043
55000900130316,2021-08-02,0,0,0.0076783043
55000900130316,2021-08-03,0,0,0.0076783043
55000900130316,2021-08-04,0,0,0.0076783043
55000900130316,2021-08-05,0,0,0.0076783043
55000900130316,2021-08-06,0,0,0.0076783043
55000900130316,2021-08-07,0,0,0.0076783043
55000900130316,2021-08-08,0,0,0.0076783043
55000900130316,2021-08-09,0,0,0.0076783043
55000900130316,2021-08-10,0,0,0.0076783043
55000900130316,2021-08-11,0,0,0.0076783043
55000900130316,2021-08-12,0,0,0.0076783043
55000900130316,2021-08-13,0,0,0.0076783043
55000900130316,2021-08-14,0,0,0.0076783043
55000900130316,2021-08-15,0,0,0.0076783043
55000900130316,2021-08-16,0,0,0.0076783043
55000900130316,2021-08-17,0,0,0.0076783043
55000900130316,2021-08-18,0,0,0.0076783043
55000900130316,2021-08-19,0,0,0.0076783043
55000900130316,2021-08-20,0,0,0.0076783043
55000900130316,2021-08-21,0,0,0.0076783043
55000900130316,2021-08-22,0,0,0.0076783043
55000900130316,2021-08-23,0,0,0.0076783043
55000900130316,2021-08-24,0,0,0.0076783043
55000900130316,2021-08-25,0,0,0.0076783043
55000900130316,2021-08-26,0,0,0.0076783043
55000900130316,2021-08-27,0,0,0.0076783043
55000900130316,2021-08-28,0,0,0.0076783043
55000900130316,2021-08-29,0,0,0.0076783043
55000900130316,2021-08-30,0,0,0.0076783043
55000900130316,2021-08-31,0,0,0.0076783043
55000900130316,2021-09-01,0,0,0.0076783043
55000900130316,2021-09-02,0,0,0.0076783043
55000900130316,2021-09-03,0,0,0.0076783043
55000900130316,2021-09-04,0,0,0.0076783043
55000900130316,2021-09-05,0,0,0.0076783043
55000900130316,2021-09-06,0,0,0.0076783043
55000900130316,2021-09-07,0,0,0.0076783043
55000900130316,2021-09-08,0,0,0.0076783043
55000900130316,2021-09-09,0,0,0.0076783043
55000900130316,2021-09-10,0,0,0.0076783043
55000900130316,2021-09-11,0,0,0.0076783043
55000900130316,2021-09-12,0,0,0.0076783043
55000900130316,2021-09-13,0,0,0.0076783043
55000900130316,2021-09-14,0,0,0.0076783043
55000900130316,2021-09-15,0,0,0.0076783043
55000900130316,2021-09-16,0,0,0.0076783043
55000900130316,2021-09-17,0,0,0.0076783043
55000900130316,2021-09-18,1,0,0.0076783043
55000900130316,2021-09-19,1,0,0.0076783043
55000900130316,2021-09-20,1,0,0.0076783043
55000900130316,2021-09-21,0,0,0.03912004
55000900130316,2021-09-22,0,0,0.01989445
55000900130316,2021-09-23,0,0,0.028917396
55000900130316,2021-09-24,0,0,0.012664551
55000900130316,2021-09-25,0,0,0.02948947
55000900130316,2021-09-26,0,0,0.030114615
55000900130316,2021-09-27,1,0,0.030347977
55000900130316,2021-09-28,1,0,0.03032527
55000900130316,2021-09-29,1,0,0.030322462
55000900130316,2021-09-30,0,0,0.15824646
55000900130316,2021-10-01,0,0,0.08670267
55000900130316,2021-10-02,0,0,0.13192187
55000900130316,2021-10-03,0,0,0.029362723
55000900130316,2021-10-04,0,0,0.063885465
55000900130316,2021-10-05,0,0,0.0644084
55000900130316,2021-10-06,0,0,0.06524864
55000900130316,2021-10-07,0,0,0.0650442
55000900130316,2021-10-08,0,0,0.06520963
55000900130316,2021-10-09,0,0,0.06486406
55000900130316,2021-10-10,0,0,0.06513667
55000900130316,2021-10-11,0,0,0.064810105
55000900130316,2021-10-12,0,0,0.06530494
55000900130316,2021-10-13,0,0,0.063823506
55000900130316,2021-10-14,0,0,0.0653802
55000900130316,2021-10-15,0,0,0.062391076
55000900130316,2021-10-16,0,0,0.06171795
55000900130316,2021-10-17,0,0,0.06298117
55000900130316,2021-10-18,0,0,0.050315373
55000900130316,2021-10-19,0,0,0.07351878
55000900130316,2021-10-20,0,0,0.036892697
55000900130316,2021-10-21,1,0,0.044679742
55000900130316,2021-10-22,1,0,0.04470036
55000900130316,2021-10-23,1,0,0.030766534
55000900130316,2021-10-24,1,0,0.14824393
55000900130316,2021-10-25,1,0,0.07899658
55000900130316,2021-10-26,1,0,0.12404398
55000900130316,2021-10-27,1,0,0.11831958
55000900130316,2021-10-28,1,0,0.3179745
55000900130316,2021-10-29,1,0,0.10182394
55000900130316,2021-10-30,1,0,0.15122628
55000900130316,2021-10-31,1,0,0.15148263
55000900130316,2021-11-01,1,0,0.07914915
55000900130316,2021-11-02,1,0,0.093153246
55000900130316,2021-11-03,1,0,0.13991776
55000900130316,2021-11-04,1,0,0.10285583
55000900130316,2021-11-05,1,0,0.12199142
55000900130316,2021-11-06,1,0,0.13889003
55000900130316,2021-11-07,1,0,0.35732818
55000900130316,2021-11-08,1,0,0.45007116
55000900130316,2021-11-09,1,0,0.45165777
55000900130316,2021-11-10,1,0,0.4081929
55000900130316,2021-11-11,1,0,0.44628593
55000900130316,2021-11-12,1,0,0.7345702
55000900130316,2021-11-13,1,0,0.78724116
55000900130316,2021-11-14,1,0,0.6884991
55000900130316,2021-11-15,1,0,0.8276003
55000900130316,2021-11-16,1,0,0.83483475
55000900130316,2021-11-17,1,0,0.98205906
55000900130316,2021-11-18,1,0,0.9783174
55000900130316,2021-11-19,1,0,0.98231906
55000900130316,2021-11-20,1,0,0.91467303
55000900130316,2021-11-21,1,0,0.99470454
55000900130316,2021-11-22,1,0,0.63190615
55000900130316,2021-11-23,1,0,0.63190615
55000900130316,2021-11-24,1,0,0.63190615
55000900130316,2021-11-25,1,0,0.63190615
55000900130316,2021-11-26,1,0,0.63190615
55000900130316,2021-11-27,1,0,0.63190615
55000900130316,2021-11-28,1,0,0.63190615
55000900130316,2021-11-29,1,0,0.63190615
55000900130316,2021-11-30,1,0,0.63190615
55000900130316,2021-12-01,1,0,0.63190615
55000900130316,2021-12-02,1,0,0.63190615
55000900130316,2021-12-03,1,0,0.63190615
55000900130316,2021-12-04,1,0,0.63190615
55000900130316,2021-12-05,1,0,0.63190615
55000900130316,2021-12-06,1,0,0.63190615
55000900130316,2021-12-07,1,0,0.63190615
55000900130316,2021-12-08,1,0,0.63190615
55000900130316,2021-12-09,1,0,0.63190615
55000900130316,2021-12-10,1,0,0.63190615
55000900130316,2021-12-11,1,0,0.63190615
55000900130316,2021-12-12,1,0,0.63190615
55000900130316,2021-12-13,1,0,0.63190615
55000900130316,2021-12-14,1,0,0.63190615
55000900130316,2021-12-15,1,0,0.63190615
55000900130316,2021-12-16,1,0,0.63190615
55000900130316,2021-12-17,1,0,0.63190615
55000900130316,2021-12-18,1,0,0.63190615
55000900130316,2021-12-19,1,0,0.63190615
55000900130316,2021-12-20,1,0,0.63190615
55000900130316,2021-12-21,1,0,0.63190615
55000900130316,2021-12-22,1,0,0.63190615
55000900130316,2021-12-23,1,0,0.63190615
55000900130316,2021-12-24,1,0,0.63190615
55000900130316,2021-12-25,1,0,0.63190615
55000900130316,2021-12-26,1,0,0.63190615
55000900130316,2021-12-27,1,0,0.63190615
55000900130316,2021-12-28,1,0,0.63190615
55000900130316,2021-12-29,1,0,0.63190615
55000900130316,2021-12-30,1,0,0.63190615
55000900130316,2021-12-31,1,0,0.63190615
55000900130316,2022-01-01,1,0,0.63190615
55000900130316,2022-01-02,1,0,0.63190615
55000900130316,2022-01-03,1,0,0.63190615
55000900130316,2022-01-04,1,0,0.63190615
55000900130316,2022-01-05,1,0,0.63190615
55000900130316,2022-01-06,1,0,0.63190615
55000900130316,2022-01-07,1,0,0.63190615
55000900130316,2022-01-08,1,0,0.63190615
55000900130316,2022-01-09,1,0,0.63190615
55000900130316,2022-01-10,1,0,0.63190615
55000900130316,2022-01-11,1,0,0.63190615
55000900130316,2022-01-12,1,0,0.63190615
55000900130316,2022-01-13,1,0,0.63190615
55000900130316,2022-01-14,1,0,0.63190615
55000900130316,2022-01-15,1,0,0.63190615
55000900130316,2022-01-16,1,0,0.63190615
55000900130316,2022-01-17,1,0,0.63190615
55000900130316,2022-01-18,1,0,0.63190615
55000900130316,2022-01-19,1,0,0.63190615
55000900130316,2022-01-20,1,0,0.63190615
55000900130316,2022-01-21,1,0,0.63190615
55000900130316,2022-01-22,1,0,0.63190615
55000900130316,2022-01-23,1,0,0.63190615
55000900130316,2022-01-24,1,0,0.63190615
55000900130316,2022-01-25,1,0,0.63190615
55000900130316,2022-01-26,1,0,0.63190615
55000900130316,2022-01-27,1,0,0.63190615
55000900130316,2022-01-28,1,0,0.63190615
55000900130316,2022-01-29,1,0,0.63190615
55000900130316,2022-01-30,1,0,0.63190615
55000900130316,2022-01-31,1,0,0.63190615
55000900130316,2022-02-01,1,0,0.63190615
55000900130316,2022-02-02,1,0,0.63190615
55000900130316,2022-02-03,1,0,0.63190615
55000900130316,2022-02-04,1,0,0.63190615
55000900130316,2022-02-05,1,0,0.63190615
55000900130316,2022-02-06,1,0,0.63190615
55000900130316,2022-02-07,1,0,0.63190615
55000900130316,2022-02-08,1,0,0.63190615
55000900130316,2022-02-09,1,0,0.63190615
55000900130316,2022-02-10,1,0,0.63190615
55000900130316,2022-02-11,1,0,0.63190615
55000900130316,2022-02-12,1,0,0.63190615
55000900130316,2022-02-13,1,0,0.63190615
55000900130316,2022-02-14,1,0,0.63190615
55000900130316,2022-02-15,1,0,0.63190615
55000900130316,2022-02-16,1,0,0.63190615
55000900130316,2022-02-17,1,0,0.63190615
55000900130316,2022-02-18,1,0,0.63190615
55000900130316,2022-02-19,1,0,0.63190615
55000900130316,2022-02-20,1,0,0.63190615
55000900130316,2022-02-21,1,0,0.63190615
55000900130316,2022-02-22,1,0,0.63190615
55000900130316,2022-02-23,1,0,0.63190615
55000900130316,2022-02-24,1,0,0.63190615
55000900130316,2022-02-25,1,0,0.63190615
55000900130316,2022-02-26,1,0,0.63190615
55000900130316,2022-02-27,1,0,0.63190615
55000900130316,2022-02-28,1,0,0.63190615
55000900130316,2022-03-01,1,0,0.63190615
55000900130316,2022-03-02,1,0,0.63190615
55000900130316,2022-03-03,1,0,0.63190615
55000900130316,2022-03-04,1,0,0.63190615
55000900130316,2022-03-05,1,0,0.63190615
55000900130316,2022-03-06,1,0,0.63190615
55000900130316,2022-03-07,1,0,0.63190615
55000900130316,2022-03-08,1,0,0.63190615
55000900130316,2022-03-09,1,0,0.63190615
55000900130316,2022-03-10,1,0,0.63190615
55000900130316,2022-03-11,1,0,0.63190615
55000900130316,2022-03-12,1,0,0.63190615
55000900130316,2022-03-14,1,0,0.63190615
55000900130316,2022-03-15,1,0,0.63190615
55000900130316,2022-03-16,1,0,0.63190615
55000900130316,2022-03-17,1,0,0.63190615
55000900130316,2022-03-18,1,0,0.63190615
55000900130316,2022-03-19,1,0,0.63190615
55000900130316,2022-03-20,1,0,0.63190615
55000900130316,2022-03-21,1,0,0.63190615
55000900130316,2022-03-22,1,0,0.63190615
55000900130316,2022-03-23,1,0,0.63190615
55000900130316,2022-03-24,1,0,0.63190615
55000900130316,2022-03-25,1,0,0.63190615
55000900130316,2022-03-26,1,0,0.63190615
55000900130316,2022-03-27,1,0,0.63190615
55000900130316,2022-03-28,1,0,0.63190615
55000900130316,2022-03-29,1,0,0.63190615
55000900130316,2022-03-30,1,0,0.63190615
55000900130316,2022-03-31,1,0,0.63190615
55000900130316,2022-04-01,1,0,0.63190615
55000900130316,2022-04-02,1,0,0.63190615
55000900130316,2022-04-03,1,0,0.63190615
55000900130316,2022-04-04,1,0,0.63190615
55000900130316,2022-04-05,1,0,0.63190615
55000900130316,2022-04-06,1,0,0.63190615
55000900130316,2022-04-07,1,0,0.63190615
55000900130316,2022-04-08,1,0,0.63190615
55000900130316,2022-04-09,1,0,0.63190615
55000900130316,2022-04-10,1,0,0.63190615
55000900130316,2022-04-11,1,0,0.63190615
55000900130316,2022-04-12,1,0,0.63190615
55000900130316,2022-04-13,1,0,0.63190615
55000900130316,2022-04-14,1,0,0.63190615
55000900130316,2022-04-15,1,0,0.63190615
55000900130316,2022-04-16,1,0,0.63190615
55000900130316,2022-04-17,1,0,0.63190615
55000900130316,2022-04-18,1,0,0.63190615
55000900130316,2022-04-19,1,0,0.63190615
55000900130316,2022-04-20,1,0,0.63190615
55000900130316,2022-04-21,1,0,0.63190615
55000900130316,2022-04-22,1,0,0.63190615
55000900130316,2022-04-23,1,0,0.63190615
55000900130316,2022-04-24,1,0,0.63190615
55000900130316,2022-04-25,1,0,0.63190615
55000900130316,2022-04-26,1,0,0.63190615
55000900130316,2022-04-27,1,0,0.63190615
55000900130316,2022-04-28,1,0,0.63190615
55000900130316,2022-04-29,1,0,0.63190615
55000900130316,2022-04-30,1,0,0.63190615
55000900130316,2022-05-01,1,0,0.63190615
55000900130316,2022-05-02,1,0,0.63190615
55000900130316,2022-05-03,1,0,0.63190615
55000900130316,2022-05-04,1,0,0.63190615
55000900130316,2022-05-05,1,0,0.63190615
55000900130316,2022-05-06,1,0,0.63190615
55000900130316,2022-05-07,1,0,0.63190615
55000900130316,2022-05-08,1,0,0.63190615
55000900130316,2022-05-09,1,0,0.63190615
55000900130316,2022-05-10,1,0,0.63190615
55000900130316,2022-05-11,1,0,0.63190615
55000900130316,2022-05-12,1,0,0.63190615
55000900130316,2022-05-13,1,0,0.63190615
55000900130316,2022-05-14,1,0,0.63190615
55000900130316,2022-05-15,1,0,0.63190615
55000900130316,2022-05-16,1,0,0.63190615
55000900130316,2022-05-17,1,0,0.63190615
55000900130316,2022-05-18,1,0,0.63190615
55000900130316,2022-05-19,1,0,0.63190615
55000900130316,2022-05-20,1,0,0.63190615
55000900130316,2022-05-21,1,0,0.63190615
55000900130316,2022-05-22,1,0,0.63190615
55000900130316,2022-05-23,1,0,0.63190615
55000900130316,2022-05-24,1,0,0.63190615
55000900130316,2022-05-25,1,0,0.63190615
55000900130316,2022-05-26,1,0,0.63190615
55000900130316,2022-05-27,1,0,0.63190615
55000900130316,2022-05-28,1,0,0.63190615
55000900130316,2022-05-29,1,0,0.63190615
55000900130316,2022-05-30,1,0,0.63190615
55000900130316,2022-05-31,1,0,0.63190615
55000900130316,2022-06-01,1,0,0.63190615
55000900130316,2022-06-02,1,0,0.63190615
55000900130316,2022-06-03,1,0,0.63190615
55000900130316,2022-06-04,1,0,0.63190615
55000900130316,2022-06-05,1,0,0.63190615
55000900130316,2022-06-06,1,0,0.63190615
55000900130316,2022-06-07,1,0,0.63190615
55000900130316,2022-06-08,1,0,0.63190615
55000900130316,2022-06-09,1,0,0.63190615
55000900130316,2022-06-10,1,0,0.63190615
55000900130316,2022-06-11,1,0,0.63190615
55000900130316,2022-06-12,1,0,0.63190615
55000900130316,2022-06-13,1,0,0.63190615
55000900130316,2022-06-14,1,0,0.63190615
55000900130316,2022-06-15,1,0,0.63190615
55000900130316,2022-06-16,1,0,0.63190615
55000900130316,2022-06-17,1,0,0.63190615
55000900130316,2022-06-18,1,0,0.63190615
55000900130316,2022-06-19,1,0,0.63190615
55000900130316,2022-06-20,1,0,0.63190615
55000900130316,2022-06-21,1,0,0.63190615
55000900130316,2022-06-22,1,0,0.63190615
55000900130316,2022-06-23,1,0,0.63190615
55000900130316,2022-06-24,1,0,0.63190615
55000900130316,2022-06-25,1,0,0.63190615
55000900130316,2022-06-26,1,0,0.63190615
55000900130316,2022-06-29,1,0,0.63190615
55000900130316,2022-06-30,1,0,0.63190615
55000900130316,2022-07-01,1,0,0.63190615
55000900130316,2022-07-02,1,0,0.63190615
55000900130316,2022-07-03,1,0,0.63190615
55000900130316,2022-07-04,1,0,0.63190615
55000900130316,2022-07-05,1,0,0.63190615
55000900130316,2022-07-06,1,0,0.63190615
55000900130316,2022-07-07,1,0,0.63190615
55000900130316,2022-07-08,1,0,0.63190615
55000900130316,2022-07-09,1,0,0.63190615
55000900130316,2022-07-10,1,0,0.63190615
55000900130316,2022-07-11,1,0,0.63190615
55000900130316,2022-07-12,1,0,0.63190615
55000900130316,2022-07-13,1,0,0.63190615
55000900130316,2022-07-14,1,0,0.63190615
55000900130316,2022-07-15,1,0,0.63190615
55000900130316,2022-07-16,1,0,0.63190615
55000900130316,2022-07-17,1,0,0.63190615
55000900130316,2022-07-18,1,0,0.63190615
55000900130316,2022-07-19,1,0,0.63190615
55000900130316,2022-07-20,1,0,0.63190615
55000900130316,2022-07-21,1,0,0.63190615
55000900130316,2022-07-22,1,0,0.63190615
55000900130316,2022-07-23,1,0,0.63190615
55000900130316,2022-07-24,1,0,0.63190615
55000900130316,2022-07-25,1,0,0.63190615
55000900130316,2022-07-26,1,0,0.63190615
55000900130316,2022-07-27,1,0,0.63190615
55000900130316,2022-07-28,1,0,0.63190615
55000900130316,2022-07-29,1,0,0.63190615
55000900130316,2022-07-30,1,0,0.63190615
55000900130316,2022-07-31,1,0,0.63190615
55000900130316,2022-08-01,1,0,0.63190615
55000900130316,2022-08-02,1,0,0.63190615
55000900130316,2022-08-03,1,0,0.63190615
55000900130316,2022-08-04,1,0,0.63190615
55000900130316,2022-08-05,1,0,0.63190615
55000900130316,2022-08-06,1,0,0.63190615
55000900130316,2022-08-07,1,0,0.63190615
55000900130316,2022-08-08,1,0,0.63190615
55000900130316,2022-08-09,1,0,0.63190615
55000900130316,2022-08-10,1,0,0.63190615
55000900130316,2022-08-11,1,0,0.63190615
55000900130316,2022-08-12,1,0,0.63190615
55000900130316,2022-08-13,1,0,0.63190615
55000900130316,2022-08-14,1,0,0.63190615
55000900130316,2022-08-15,1,0,0.63190615
55000900130316,2022-08-16,1,0,0.63190615
55000900130316,2022-08-17,1,0,0.63190615
55000900130316,2022-08-18,1,0,0.63190615
55000900130316,2022-08-19,1,0,0.63190615
55000900130316,2022-08-20,1,0,0.63190615
55000900130316,2022-08-21,1,0,0.63190615
55000900130316,2022-08-22,1,0,0.63190615
55000900130316,2022-08-23,1,0,0.63190615
55000900130316,2022-08-24,1,0,0.63190615
55000900130316,2022-08-25,1,0,0.63190615
55000900130316,2022-08-26,0,0,0.63190615
55000900130316,2022-08-27,0,0,0.63190615
55000900130316,2022-08-28,0,0,0.63190615
55000900130316,2022-08-29,0,0,0.011752351
55000900130316,2022-08-30,0,0,0.006847749
55000900130316,2022-08-31,0,0,0.014528368
55000900130316,2022-09-01,0,0,0.014435176
55000900130316,2022-09-02,0,0,0.01436386
55000900130316,2022-09-03,0,0,0.014300729
55000900130316,2022-09-04,0,0,0.014283303
55000900130316,2022-09-05,0,0,0.014267482
55000900130316,2022-09-06,0,0,0.014232195
55000900130316,2022-09-07,0,0,0.014221576
55000900130316,2022-09-08,0,0,0.014171927
55000900130316,2022-09-09,0,0,0.014172671
55000900130316,2022-09-10,0,0,0.0141114965
55000900130316,2022-09-11,0,0,0.014147591
55000900130316,2022-09-12,0,0,0.013952796
55000900130316,2022-09-13,0,0,0.014147431
55000900130316,2022-09-14,0,0,0.013945294
55000900130316,2022-09-15,0,0,0.013818024
55000900130316,2022-09-16,0,0,0.013975618
55000900130316,2022-09-17,0,0,0.014045273
55000900130316,2022-09-18,0,0,0.013386839
55000900130316,2022-09-19,0,0,0.013320057
55000900130316,2022-09-20,0,0,0.015002765
55000900130316,2022-09-21,1,0,0.010338286
55000900130316,2022-09-22,1,0,0.012010282
55000900130316,2022-09-23,0,0,0.014269883
55000900130316,2022-09-24,0,0,0.05833878
55000900130316,2022-09-25,0,0,0.044392083
55000900130316,2022-09-26,0,0,0.018006304
55000900130316,2022-09-27,0,0,0.018845323
55000900130316,2022-09-28,0,0,0.01939828
55000900130316,2022-09-29,0,0,0.019438302
55000900130316,2022-09-30,0,0,0.019453915
55000900130316,2022-10-01,0,0,0.019479072
55000900130316,2022-10-02,0,0,0.01946131
55000900130316,2022-10-03,0,0,0.019465286
55000900130316,2022-10-04,0,0,0.019477386
55000900130316,2022-10-05,0,0,0.019471996
55000900130316,2022-10-06,0,0,0.019475127
55000900130316,2022-10-07,0,0,0.019481957
55000900130316,2022-10-08,0,0,0.019483497
55000900130316,2022-10-09,0,0,0.019488208
55000900130316,2022-10-10,0,0,0.019477878
55000900130316,2022-10-11,0,0,0.019509513
55000900130316,2022-10-12,0,0,0.019471504
55000900130316,2022-10-13,0,0,0.019537343
55000900130316,2022-10-14,0,0,0.01943554
55000900130316,2022-10-15,0,0,0.019666716
55000900130316,2022-10-16,0,0,0.019004507
55000900130316,2022-10-17,0,0,0.019842423
55000900130316,2022-10-18,0,0,0.018495532
55000900130316,2022-10-19,0,0,0.018192355
55000900130316,2022-10-20,0,0,0.019073391
55000900130316,2022-10-21,1,0,0.011913529
55000900130316,2022-10-22,1,0,0.034787815
55000900130316,2022-10-23,1,0,0.011556155
55000900130316,2022-10-24,1,0,0.09397013
55000900130316,2022-10-25,1,0,0.01989445
55000900130316,2022-10-26,1,0,0.028917396
55000900130316,2022-10-27,1,0,0.038169175
55000900130316,2022-10-28,0,0,0.046657857
55000900130316,2022-10-29,0,0,0.06539246
55000900130316,2022-10-30,0,0,0.061653785
55000900130316,2022-10-31,0,0,0.008633993
55000900130316,2022-11-01,1,0,0.018346699
55000900130316,2022-11-02,1,0,0.019130018
55000900130316,2022-11-03,1,0,0.019045567
55000900130316,2022-11-04,1,0,0.15526654
55000900130316,2022-11-05,1,0,0.10701837
55000900130316,2022-11-06,1,0,0.14657578
55000900130316,2022-11-07,1,0,0.20346072
55000900130316,2022-11-08,1,0,0.23076168
55000900130316,2022-11-09,1,0,0.26314667
55000900130316,2022-11-10,1,0,0.24690694
55000900130316,2022-11-11,1,0,0.18898228
55000900130316,2022-11-12,1,0,0.2583931
55000900130316,2022-11-13,1,0,0.30461875
55000900130316,2022-11-14,1,0,0.4563135
55000900130316,2022-11-15,1,0,0.36215755
55000900130316,2022-11-16,1,0,0.43320158
55000900130316,2022-11-17,1,0,0.46786037
55000900130316,2022-11-18,0,0,0.86680377
55000900130316,2022-11-19,0,0,0.8778217
55000900130316,2022-11-20,0,0,0.64392704
55000900130316,2022-11-21,0,0,0.06498657
55000900130316,2022-11-22,1,0,0.032263495
55000900130316,2022-11-23,1,0,0.04917269
55000900130316,2022-11-24,1,0,0.049890097
55000900130316,2022-11-25,1,0,0.37978688
55000900130316,2022-11-26,1,0,0.20230357
55000900130316,2022-11-27,1,0,0.34225604
55000900130316,2022-11-28,1,0,0.26090327
55000900130316,2022-11-29,1,0,0.37888706
55000900130316,2022-11-30,1,0,0.39099282
55000900130316,2022-12-01,1,0,0.19229083
55000900130316,2022-12-02,1,0,0.72729754
55000900130316,2022-12-03,1,0,0.17537771
55000900130316,2022-12-04,1,0,0.19187582
55000900130316,2022-12-05,1,0,0.23040153
55000900130316,2022-12-06,1,0,0.30803967
55000900130316,2022-12-07,1,0,0.34433883
55000900130316,2022-12-08,1,0,0.4499954
55000900130316,2022-12-09,1,0,0.60069764
55000900130316,2022-12-10,1,0,0.6198205
55000900130316,2022-12-11,1,0,0.84763587
55000900130316,2022-12-12,1,0,0.9442455
55000900130316,2022-12-13,1,0,0.9283603
55000900130316,2022-12-14,1,0,0.98415565
55000900130316,2022-12-15,1,0,0.9898185
55000900130316,2022-12-16,1,0,0.9924454
55000900130316,2022-12-17,1,0,0.98511606
55000900130316,2022-12-18,1,0,0.9913182
55000900130316,2022-12-19,1,0,0.73681355
55000900130316,2022-12-20,1,0,0.9783174
55000900130316,2022-12-21,1,0,0.98231906
55000900130316,2022-12-22,1,0,0.91467303
55000900130316,2022-12-23,1,0,0.99470454
55000900130316,2022-12-24,1,0,0.63190615
55000900130316,2022-12-25,1,0,0.63190615
55000900130316,2022-12-26,1,0,0.63190615
55000900130316,2022-12-27,1,0,0.63190615
55000900130316,2022-12-28,1,0,0.63190615
55000900130316,2022-12-29,1,0,0.63190615
55000900130316,2022-12-30,1,0,0.63190615
55000900130316,2022-12-31,1,0,0.63190615
55000900130316,2023-01-01,1,0,0.63190615
55000900130316,2023-01-02,1,0,0.63190615
55000900130316,2023-01-03,1,0,0.63190615
55000900130316,2023-01-04,1,0,0.63190615
55000900130316,2023-01-05,1,0,0.63190615
55000900130316,2023-01-06,1,0,0.63190615
55000900130316,2023-01-07,1,0,0.63190615
55000900130316,2023-01-08,1,0,0.63190615
55000900130316,2023-01-09,1,0,0.63190615
55000900130316,2023-01-10,1,0,0.63190615
55000900130316,2023-01-11,1,0,0.63190615
55000900130316,2023-01-12,1,0,0.63190615
55000900130316,2023-01-13,1,0,0.63190615
55000900130316,2023-01-14,1,0,0.63190615
55000900130316,2023-01-15,1,0,0.63190615
55000900130316,2023-01-16,1,0,0.63190615
55000900130316,2023-01-17,1,0,0.63190615
55000900130316,2023-01-18,1,0,0.63190615
55000900130316,2023-01-19,1,0,0.63190615
55000900130316,2023-01-20,1,0,0.63190615
55000900130316,2023-01-21,1,0,0.63190615
55000900130316,2023-01-22,1,0,0.63190615
55000900130316,2023-01-23,1,0,0.63190615
55000900130316,2023-01-24,1,0,0.63190615
55000900130316,2023-01-25,1,0,0.63190615
55000900130316,2023-01-26,1,0,0.63190615
55000900130316,2023-01-27,1,0,0.63190615
55000900130316,2023-01-28,1,0,0.63190615
55000900130316,2023-01-29,1,0,0.63190615
55000900130316,2023-01-30,1,0,0.63190615
55000900130316,2023-01-31,1,0,0.63190615
55000900130316,2023-02-01,1,0,0.63190615
55000900130316,2023-02-02,1,0,0.63190615
55000900130316,2023-02-03,1,0,0.63190615
55000900130316,2023-02-04,1,0,0.63190615
55000900130316,2023-02-05,1,0,0.63190615
55000900130316,2023-02-06,1,0,0.63190615
55000900130316,2023-02-07,1,0,0.63190615
55000900130316,2023-02-08,1,0,0.63190615
55000900130316,2023-02-09,1,0,0.63190615
55000900130316,2023-02-10,1,0,0.63190615
55000900130316,2023-02-11,1,0,0.63190615
55000900130316,2023-02-12,1,0,0.63190615
55000900130316,2023-02-13,1,0,0.63190615
55000900130316,2023-02-14,1,0,0.63190615
55000900130316,2023-02-15,1,0,0.63190615
55000900130316,2023-02-16,1,0,0.63190615
55000900130316,2023-02-17,1,0,0.63190615
55000900130316,2023-02-18,1,0,0.63190615
55000900130316,2023-02-19,1,0,0.63190615
55000900130316,2023-02-20,1,0,0.63190615
55000900130316,2023-02-21,1,0,0.63190615
55000900130316,2023-02-22,1,0,0.63190615
55000900130316,2023-02-23,1,0,0.63190615
55000900130316,2023-02-24,1,0,0.63190615
55000900130316,2023-02-25,1,0,0.63190615
55000900130316,2023-02-26,1,0,0.63190615
55000900130316,2023-02-27,1,0,0.63190615
55000900130316,2023-02-28,1,0,0.63190615
55000900130316,2023-03-01,1,0,0.63190615
55000900130316,2023-03-02,1,0,0.63190615
55000900130316,2023-03-03,1,0,0.63190615
55000900130316,2023-03-04,1,0,0.63190615
55000900130316,2023-03-05,1,0,0.63190615
55000900130316,2023-03-06,1,0,0.63190615
55000900130316,2023-03-07,1,0,0.63190615
55000900130316,2023-03-08,1,0,0.63190615
55000900130316,2023-03-09,1,0,0.63190615
55000900130316,2023-03-10,1,0,0.63190615
55000900130316,2023-03-11,1,0,0.63190615
55000900130316,2023-03-13,1,0,0.63190615
55000900130316,2023-03-14,1,0,0.63190615
55000900130316,2023-03-15,1,0,0.63190615
55000900130316,2023-03-16,1,0,0.63190615
55000900130316,2023-03-17,1,0,0.63190615
55000900130316,2023-03-18,1,0,0.63190615
55000900130316,2023-03-19,1,0,0.63190615
55000900130316,2023-03-20,1,0,0.63190615
55000900130316,2023-03-21,1,0,0.63190615
55000900130316,2023-03-22,1,0,0.63190615
55000900130316,2023-03-23,1,0,0.63190615
55000900130316,2023-03-24,1,0,0.63190615
55000900130316,2023-03-25,1,0,0.63190615
55000900130316,2023-03-26,1,0,0.63190615
55000900130316,2023-03-27,1,0,0.63190615
55000900130316,2023-03-28,1,0,0.63190615
55000900130316,2023-03-29,1,0,0.63190615
55000900130316,2023-03-30,1,0,0.63190615
55000900130316,2023-03-31,1,0,0.63190615
55000900130316,2023-04-01,1,0,0.63190615
55000900130316,2023-04-02,1,0,0.63190615
55000900130316,2023-04-03,1,0,0.63190615
55000900130316,2023-04-04,1,0,0.63190615
55000900130316,2023-04-05,1,0,0.63190615
55000900130316,2023-04-06,1,0,0.63190615
55000900130316,2023-04-07,1,0,0.63190615
55000900130316,2023-04-08,1,0,0.63190615
55000900130316,2023-04-09,1,0,0.63190615
55000900130316,2023-04-10,1,0,0.63190615
55000900130316,2023-04-11,1,0,0.63190615
55000900130316,2023-04-12,1,0,0.63190615
55000900130316,2023-04-13,1,0,0.63190615
55000900130316,2023-04-14,1,0,0.63190615
55000900130316,2023-04-15,1,0,0.63190615
55000900130316,2023-04-16,1,0,0.63190615
55000900130316,2023-04-17,1,0,0.63190615
55000900130316,2023-04-18,1,0,0.63190615
55000900130316,2023-04-19,1,0,0.63190615
55000900130316,2023-04-20,1,0,0.63190615
55000900131558,2020-09-29,1,8,0.99998987
55000900131558,2020-09-30,1,8,0.9998479
55000900131558,2020-10-01,1,8,0.9999975
55000900131558,2020-10-02,1,8,0.9999902
55000900131558,2020-10-03,1,8,0.999943
55000900131558,2020-10-04,1,8,0.99999535
55000900131558,2020-10-05,1,8,0.99999654
55000900131558,2020-10-06,1,8,0.99999475
55000900131558,2020-10-07,1,8,0.99999714
55000900131558,2020-10-08,1,8,0.9999918
55000900131558,2020-10-09,1,8,0.99999
55000900131558,2020-10-10,1,8,0.99998844
55000900131558,2020-10-11,1,8,0.99991226
55000900131558,2020-10-12,1,8,0.9997619
55000900131558,2020-10-13,1,8,0.9999956
55000900131558,2020-10-14,1,8,0.99999523
55000900131558,2020-10-15,1,8,0.99999344
55000900131558,2020-10-16,1,8,0.99999607
55000900131558,2020-10-17,1,8,0.99999666
55000900131558,2020-10-18,1,8,0.99995303
55000900131558,2020-10-19,1,8,0.99979085
55000900131558,2020-10-20,1,0,0.9999831
55000900131558,2020-10-21,1,0,0.999979
55000900133417,2020-09-29,1,0,0.999275
55000900133417,2020-09-30,1,0,0.99958736
55000900133417,2020-10-01,1,0,0.99946195
55000900133417,2020-10-02,1,0,0.9990464
55000900133417,2020-10-03,1,0,0.99964
55000900133417,2020-10-04,1,0,0.9983714
55000900133417,2020-10-05,1,0,0.99922717
55000900133417,2020-10-06,1,0,0.9998062
55000900133417,2020-10-07,1,0,0.999933
55000900133417,2020-10-08,1,0,0.9999819
55000900133417,2020-10-09,1,0,0.9999521
55000900133417,2020-10-10,1,0,0.9999627
55000900133417,2020-10-11,1,0,0.99985945
55000900133417,2020-10-12,1,0,0.9999871
55000900133417,2020-10-13,1,0,0.99993825
55000900133417,2020-10-14,1,0,0.9999896
55000900133417,2020-10-15,1,0,0.99993944
55000900133417,2020-10-16,1,0,0.9997942
55000900133417,2020-10-17,1,0,0.9957689
55000900133417,2020-10-18,1,0,0.99981874
55000900133417,2020-10-19,1,0,0.9998288
55000900133417,2020-10-20,1,0,0.99817157
55000900133417,2020-10-21,1,0,0.9739439
55000900133417,2020-10-22,1,0,0.9867721
55000900133417,2020-10-23,1,0,0.9827938
55000900133417,2020-10-24,1,0,0.9870521
55000900133417,2020-10-25,1,0,0.95706403
55000900133417,2020-10-26,1,0,0.57394683
55000900133417,2020-10-27,1,0,0.778845
55000900133417,2020-10-28,1,0,0.99492705
55000900133417,2020-10-29,1,0,0.9995534
55000900133417,2020-10-30,1,0,0.9968857
55000900133417,2020-10-31,1,0,0.99536246
55000900133417,2020-11-01,1,0,0.9812391
55000900133417,2020-11-02,1,0,0.99880373
55000900133417,2020-11-03,1,0,0.99692744
55000900133417,2020-11-04,1,0,0.9170725
55000900133417,2020-11-05,1,0,0.72001797
55000900133417,2020-11-06,1,0,0.9704706
55000900133417,2020-11-07,1,0,0.7071789
55000900133417,2020-11-08,1,0,0.9231302
55000900133417,2020-11-09,1,0,0.9902925
55000900133417,2020-11-10,1,0,0.99985945
55000900133417,2020-11-11,1,0,0.9998171
55000900133417,2020-11-12,1,0,0.99984133
55000900133417,2020-11-13,1,0,0.9999888
55000900133417,2020-11-14,1,0,0.9999939
55000900133417,2020-11-16,1,0,0.9999782
55000900133417,2020-11-17,1,0,0.99999905
55000900133417,2020-11-18,1,0,0.99995244
55000900133417,2020-11-19,1,0,0.9999709
55000900133417,2020-11-20,1,0,0.9999994
55000900133417,2020-11-21,1,0,0.9997564
55000900133417,2020-11-22,1,0,0.99999785
55000900133417,2020-11-23,1,0,0.9999856
55000900133417,2020-11-24,1,0,0.9999993
55000900133417,2020-11-25,1,0,0.9999864
55000900133417,2020-11-26,1,0,0.99982566
55000900133417,2020-11-27,1,0,0.9999713
55000900133417,2020-11-28,1,0,0.9999989
55000900133417,2020-11-29,1,0,0.9999995
55000900133417,2020-11-30,1,0,0.999882
55000900133417,2020-12-01,1,0,0.9998456
55000900167054,2020-09-29,1,8,0.9997664
55000900167054,2020-09-30,1,8,0.9998784
55000900167054,2020-10-01,1,8,0.9997485
55000900167054,2020-10-02,1,8,0.999905
55000900167054,2020-10-03,1,8,0.9999443
55000900167054,2020-10-04,1,8,0.9999484
55000900167054,2020-10-05,1,8,0.999884
55000900167054,2020-10-06,1,8,0.99993503
55000900167054,2020-10-07,1,8,0.9998012
55000900167054,2020-10-08,1,8,0.99995995
55000900167054,2020-10-09,1,8,0.9999132
55000900167054,2020-10-10,1,8,0.9998772
55000900167054,2020-10-11,1,8,0.9997003
55000900167054,2020-10-12,1,8,0.99980026
55000900167054,2020-10-13,1,8,0.99991703
55000900167054,2020-10-14,1,8,0.9999808
55000900167054,2020-10-15,1,8,0.9999211
55000900167054,2020-10-16,1,8,0.9999541
55000900167054,2020-10-17,1,8,0.99995506
55000900167054,2020-10-18,1,8,0.9999918
55000900167054,2020-10-19,1,0,0.9999666
55000900167054,2020-10-20,1,0,0.99997985
55000900167055,2020-09-29,1,0,0.9999981
55000900167055,2020-09-30,1,0,0.9999926
55000900167055,2020-10-01,1,0,0.9999969
55000900167055,2020-10-02,1,0,0.99999154
55000900167055,2020-10-03,1,0,0.99998033
55000900167055,2020-10-04,1,0,0.9999752
55000900167055,2020-10-05,1,0,0.99997294
55000900167055,2020-10-06,1,0,0.999938
55000900167055,2020-10-07,1,0,0.99992216
55000900167055,2020-10-08,1,0,0.9999429
55000900167055,2020-10-09,1,0,0.9999788
55000900167055,2020-10-10,1,0,0.9998847
55000900167055,2020-10-11,1,0,0.9998779
55000900167055,2020-10-12,1,0,0.99999344
55000900167055,2020-10-13,1,0,0.99999917
55000900167055,2020-10-14,1,0,0.9999993
55000900167055,2020-10-15,1,0,0.9999995
55000900167055,2020-10-16,1,0,0.99999905
55000900167055,2020-10-17,1,0,0.99999964
55000900167055,2020-10-18,1,0,0.9999902
55000900167055,2020-10-19,1,0,0.99999833
55000900167055,2020-10-20,1,0,0.9999989
55000900167055,2020-10-21,1,0,0.99999964
55000900167055,2020-10-22,1,0,0.99999976
55000900167055,2020-10-23,1,0,0.9999999
55000900167055,2020-10-24,1,0,0.99999976
55000900167055,2020-10-25,1,0,0.9996872
55000900167055,2020-10-26,1,0,0.99192095
55000900167055,2020-10-27,1,0,0.9996586
55000900167055,2020-10-28,1,0,0.9999999
55000900167055,2020-10-29,1,0,0.99999905
55000900167055,2020-10-30,1,0,0.9999877
55000900167055,2020-10-31,1,0,0.99999464
55000900167055,2020-11-01,1,0,0.99999917
55000900167055,2020-11-02,1,0,0.99999785
55000900167055,2020-11-03,1,0,0.9999893
55000900167055,2020-11-04,1,0,0.9998834
55000900167055,2020-11-05,1,0,0.99914944
55000900167055,2020-11-06,1,0,0.99993205
55000900167055,2020-11-07,1,0,0.9284097
55000900167055,2020-11-08,1,0,0.67453945
55000900167055,2020-11-09,1,0,0.9997913
55000900167055,2020-11-10,1,0,0.9999962
55000900167055,2020-11-11,1,0,0.998787
55000900167055,2020-11-12,1,0,0.99999833
55000900167055,2020-11-13,1,0,0.9999982
55000900167055,2020-11-14,1,0,0.9999976
55000900167055,2020-11-16,1,0,0.9987186
55000900167055,2020-11-17,1,0,0.99999976
55000900167055,2020-11-18,1,0,0.9999989
55000900167055,2020-11-19,1,0,0.99999833
55000900167055,2020-11-20,1,0,0.9999982
55000900167055,2020-11-21,1,0,0.99999976
55000900167055,2020-11-22,1,0,0.99999666
55000900167055,2020-11-23,1,0,0.9999994
55000900167055,2020-11-24,1,0,0.99999344
55000900167055,2020-11-25,1,0,0.9999888
55000900167055,2020-11-26,1,0,0.99999666
55000900167055,2020-11-27,1,0,0.99999416
55000900167055,2020-11-28,1,0,0.9999999
55000900167055,2020-11-29,1,0,0.999998
55000900167055,2020-11-30,1,0,0.9999933
55000900167692,2020-09-29,1,8,1.0
55000900167692,2020-09-30,1,8,0.99999976
55000900167692,2020-10-01,1,8,0.99999833
55000900167692,2020-10-02,1,8,0.99999654
55000900167692,2020-10-03,1,8,0.9999716
55000900167692,2020-10-04,1,8,0.9999794
55000900167692,2020-10-05,1,8,0.9999912
55000900167692,2020-10-10,1,8,0.9999864
55000900167692,2020-10-11,1,8,0.99997115
55000900167692,2020-10-12,1,8,0.9999535
55000900167692,2020-10-13,1,8,0.999997
55000900167692,2020-10-14,1,8,0.99999714
55000900167692,2020-10-15,1,8,0.9999981
55000900167692,2020-10-16,1,8,0.9999999
55000900167692,2020-10-17,1,8,0.9999982
55000900167692,2020-10-18,1,0,0.99999714
55000900167692,2020-10-19,1,0,0.99998546
55000900167704,2020-09-29,1,8,0.9999957
55000900167704,2020-09-30,1,8,0.9999838
55000900167704,2020-10-01,1,8,0.9995653
55000900167704,2020-10-02,1,8,0.9927118
55000900167704,2020-10-03,1,8,0.99588287
55000900167704,2020-10-04,1,8,0.99962294
55000900167704,2020-10-05,1,8,0.99964905
55000900167704,2020-10-06,1,8,0.9998654
55000900167704,2020-10-07,1,8,0.99990094
55000900167704,2020-10-08,1,8,0.99922943
55000900167704,2020-10-09,1,8,0.99931455
55000900167704,2020-10-10,1,8,0.9992061
55000900167704,2020-10-11,1,8,0.9992643
55000900167704,2020-10-12,1,8,0.99876356
55000900167704,2020-10-13,1,8,0.9999887
55000900167704,2020-10-14,1,8,0.9999994
55000900167704,2020-10-15,1,8,0.9999999
55000900167704,2020-10-16,1,8,0.9999982
55000900167704,2020-10-17,1,8,0.9999951
55000900167704,2020-10-18,1,8,0.99999034
55000900167704,2020-10-19,1,8,0.999997
55000900167704,2020-10-20,1,8,0.9999894
55000900167704,2020-10-21,1,8,0.999998
55000900167704,2020-10-22,0,0,0.99986756
55000900167704,2020-10-23,0,0,0.99997187
55000900167704,2020-10-24,0,0,0.9999901
55000900167704,2020-10-25,1,0,0.9974957
55000900167704,2020-10-26,1,0,0.5359784
55000900167704,2020-10-27,1,0,0.8676648
55000900167704,2020-10-28,1,0,0.9180483
55000900167704,2020-10-29,0,0,0.96772754
55000900167704,2020-10-30,0,0,0.8354744
55000900167704,2020-10-31,0,0,0.82684976
55000900167704,2020-11-01,0,0,0.15606928
55000900167704,2020-11-02,0,0,0.1731744
55000900167704,2020-11-03,0,0,0.19415765
55000900167704,2020-11-04,0,0,0.14622994
55000900167704,2020-11-05,1,0,0.15976621
55000900167704,2020-11-06,1,0,0.20476209
55000900167704,2020-11-07,1,0,0.271347
55000900167704,2020-11-08,0,0,0.9186519
55000900167704,2020-11-09,0,0,0.89655674
55000900167704,2020-11-10,1,0,0.9703985
55000900167704,2020-11-11,1,0,0.3259815
55000900167704,2020-11-12,1,0,0.21528068
55000900167704,2020-11-13,1,0,0.99319357
55000900167704,2020-11-14,1,0,0.98766464
55000900167704,2020-11-15,1,0,0.9846795
55000900167704,2020-11-16,1,0,0.99929583
55000900167704,2020-11-17,1,0,0.9998927
55000900167704,2020-11-18,1,0,0.9999852
55000900167704,2020-11-19,1,0,0.99998784
55000900167704,2020-11-20,1,0,0.99997723
55000900167704,2020-11-21,1,0,0.99999547
55000900167704,2020-11-22,1,0,0.9999968
55000900167704,2020-11-23,1,0,0.99995565
55000900167704,2020-11-24,1,0,0.99996126
55000900167704,2020-11-25,1,0,0.9999802
55000900167704,2020-11-26,1,0,0.99997866
55000900167704,2020-11-27,1,0,0.99998677
55000900167704,2020-11-28,1,0,0.99996936
55000900167704,2020-11-29,1,0,0.99994993
55000900167704,2020-11-30,1,0,0.9999566
55000900167704,2020-12-01,1,0,0.9998944
55000900167704,2020-12-02,1,0,0.9996686
55000900167704,2020-12-03,1,0,0.9999722
55000900167704,2020-12-04,1,0,0.9997905
55000900167704,2020-12-05,1,0,0.99872154
55000900167704,2020-12-06,1,0,0.9999888
55000900167704,2020-12-07,1,0,0.9999957
55000900167704,2020-12-08,1,0,0.99975616
55000900167704,2020-12-09,1,0,0.9999896
55000900167704,2020-12-10,1,0,0.9977181
55000900167704,2020-12-11,1,0,0.98940724
55000900167704,2020-12-12,1,0,0.9999002
55000900167704,2020-12-13,1,0,0.9999782
55000900167704,2020-12-14,1,0,0.9999864
55000900167704,2020-12-15,1,0,0.99999297
55000900167704,2020-12-16,1,0,0.99999833
55000900167704,2020-12-17,1,0,0.9999975
55000900167704,2020-12-18,1,0,0.9999982
55000900167704,2020-12-19,1,0,0.99999905
55000900167704,2020-12-20,1,0,0.9999994
55000900167704,2020-12-21,1,0,0.9999988
55000900167704,2020-12-22,1,0,0.99999905
55000900167704,2020-12-23,1,0,0.99999917
55000900167704,2020-12-24,1,0,0.9999995
55000900167704,2020-12-25,1,0,0.9999995
55000900167704,2020-12-26,1,0,0.999997
55000900167704,2020-12-27,1,0,0.99996114
55000900167704,2020-12-28,1,0,0.99999905
55000900167704,2020-12-29,1,0,0.99999964
55000900167704,2020-12-30,1,0,0.9999963
55000900167704,2020-12-31,1,0,0.99992466
55000900167704,2021-01-01,1,0,0.9999393
55000900167704,2021-01-02,1,0,0.99999917
55000900167704,2021-01-03,1,0,0.99999976
55000900167704,2021-01-04,1,0,0.99999917
55000900167704,2021-01-05,1,0,0.99999964
55000900167704,2021-01-06,1,0,0.99999905
55000900167704,2021-01-07,1,0,0.9999988
55000900167704,2021-01-08,1,0,0.99999905
55000900167704,2021-01-09,1,0,0.99999905
55000900167704,2021-01-10,1,0,0.9999987
55000900167704,2021-01-11,1,0,0.9999989
55000900167704,2021-01-12,1,0,0.9999993
55000900167704,2021-01-13,1,0,0.9999988
55000900167704,2021-01-14,1,0,0.9999995
55000900167704,2021-01-15,1,0,0.9999994
55000900167704,2021-01-16,1,0,0.9999995
55000900167704,2021-01-17,1,0,0.9999995
55000900167704,2021-01-18,1,0,0.9999995
55000900167704,2021-01-19,1,0,0.9999994
55000900167704,2021-01-20,1,0,0.9999994
55000900167704,2021-01-21,1,0,0.99999833
55000900167704,2021-01-22,1,0,0.9999987
55000900167704,2021-01-23,1,0,0.99999845
55000900167704,2021-01-24,1,0,0.9999989
55000900167704,2021-01-25,1,0,0.9999988
55000900167704,2021-01-26,1,0,0.99999857
55000900167704,2021-01-27,1,0,0.99999857
55000900167704,2021-01-28,1,0,0.9999989
55000900167704,2021-01-29,1,0,0.9999989
55000900167704,2021-01-30,1,0,0.9999987
55000900167704,2021-01-31,1,0,0.99999857
55000900167704,2021-02-01,1,0,0.99999857
55000900167704,2021-02-02,1,0,0.99999857
55000900167704,2021-02-03,1,0,0.99999857
55000900167704,2021-02-04,1,0,0.99999857
55000900167704,2021-02-05,1,0,0.99999857
55000900167704,2021-02-06,1,0,0.99999857
55000900167704,2021-02-07,1,0,0.99999857
55000900167704,2021-02-08,1,0,0.99999857
55000900167704,2021-02-09,1,0,0.99999857
55000900167704,2021-02-10,1,0,0.99999857
55000900167704,2021-02-11,1,0,0.99999857
55000900167704,2021-02-12,1,0,0.99999857
55000900167704,2021-02-13,1,0,0.99999857
55000900167704,2021-02-14,1,0,0.99999857
55000900167704,2021-02-15,1,0,0.99999857
55000900167704,2021-02-16,1,0,0.99999857
55000900167704,2021-02-17,1,0,0.99999857
55000900167704,2021-02-18,1,0,0.99999857
55000900167704,2021-02-19,1,0,0.99999857
55000900167704,2021-02-20,1,0,0.99999857
55000900167704,2021-02-21,1,0,0.99999857
55000900167704,2021-02-22,1,0,0.99999857
55000900167704,2021-02-23,1,0,0.99999857
55000900167704,2021-02-24,1,0,0.99999857
55000900167704,2021-02-25,1,0,0.99999857
55000900167704,2021-02-26,1,0,0.99999857
55000900167704,2021-02-27,1,0,0.99999857
55000900167704,2021-02-28,1,0,0.99999857
55000900167704,2021-03-01,1,0,0.99999857
55000900167704,2021-03-02,1,0,0.99999857
55000900167704,2021-03-03,1,0,0.99999857
55000900167704,2021-03-04,1,0,0.99999857
55000900167704,2021-03-05,1,0,0.99999857
55000900167704,2021-03-06,1,0,0.99999857
55000900167704,2021-03-07,1,0,0.99999857
55000900167704,2021-03-08,1,0,0.99999857
55000900167704,2021-03-09,1,0,0.99999857
55000900167704,2021-03-10,1,0,0.99999857
55000900167704,2021-03-11,1,0,0.99999857
55000900167704,2021-03-12,1,0,0.99999857
55000900167704,2021-03-13,1,0,0.99999857
55000900167704,2021-03-15,1,0,0.99999857
55000900167704,2021-03-16,1,0,0.99999857
55000900167704,2021-03-17,1,0,0.99999857
55000900167704,2021-03-18,1,0,0.99999857
55000900167704,2021-03-19,1,0,0.99999857
55000900167704,2021-03-20,1,0,0.99999857
55000900167704,2021-03-21,1,0,0.99999857
55000900167704,2021-03-22,1,0,0.99999857
55000900167704,2021-03-23,1,0,0.99999857
55000900167704,2021-03-24,1,0,0.99999857
55000900167704,2021-03-25,1,0,0.99999857
55000900167704,2021-03-26,1,0,0.99999857
55000900167704,2021-03-27,1,0,0.99999857
55000900167704,2021-03-28,1,0,0.99999857
55000900167704,2021-03-29,1,0,0.99999857
55000900167704,2021-03-30,1,0,0.99999857
55000900167704,2021-03-31,1,0,0.99999857
55000900167704,2021-04-01,1,0,0.99999857
55000900167704,2021-04-02,1,0,0.99999857
55000900167704,2021-04-03,1,0,0.99999857
55000900167704,2021-04-04,1,0,0.99999857
55000900167704,2021-04-05,1,0,0.99999857
55000900167704,2021-04-06,1,0,0.99999857
55000900167704,2021-04-07,1,0,0.99999857
55000900167704,2021-04-08,1,0,0.99999857
55000900167704,2021-04-09,1,0,0.99999857
55000900167704,2021-04-10,1,0,0.99999857
55000900167704,2021-04-11,1,0,0.99999857
55000900167704,2021-04-12,1,0,0.99999857
55000900167704,2021-04-13,1,0,0.99999857
55000900167704,2021-04-14,1,0,0.99999857
55000900167704,2021-04-15,1,0,0.99999857
55000900167704,2021-04-16,1,0,0.99999857
55000900167704,2021-04-17,1,0,0.99999857
55000900167704,2021-04-18,1,0,0.99999857
55000900167704,2021-04-19,1,0,0.99999857
55000900167704,2021-04-20,1,0,0.99999857
55000900167704,2021-04-21,1,0,0.99999857
55000900167704,2021-04-22,1,0,0.99999857
55000900167704,2021-04-23,1,0,0.99999857
55000900167704,2021-04-24,1,0,0.99999857
55000900167704,2021-04-25,1,0,0.99999857
55000900167704,2021-04-26,1,0,0.99999857
55000900167704,2021-04-27,1,0,0.99999857
55000900167704,2021-04-28,1,0,0.99999857
55000900167704,2021-04-29,1,0,0.99999857
55000900167704,2021-04-30,1,0,0.99999857
55000900167704,2021-05-01,1,0,0.99999857
55000900167704,2021-05-02,1,0,0.99999857
55000900167704,2021-05-03,1,0,0.99999857
55000900167704,2021-05-04,1,0,0.99999857
55000900167704,2021-05-05,1,0,0.99999857
55000900167704,2021-05-06,1,0,0.99999857
55000900167704,2021-05-07,1,0,0.99999857
55000900167704,2021-05-08,1,0,0.99999857
55000900167704,2021-05-09,1,0,0.99999857
55000900167704,2021-05-10,1,0,0.99999857
55000900167704,2021-05-11,1,0,0.99999857
55000900167704,2021-05-12,1,0,0.99999857
55000900167704,2021-05-13,1,0,0.99999857
55000900167704,2021-05-14,1,0,0.99999857
55000900167704,2021-05-15,1,0,0.99999857
55000900167704,2021-05-16,1,0,0.99999857
55000900167704,2021-05-17,1,0,0.99999857
55000900167704,2021-05-18,1,0,0.99999857
55000900167704,2021-05-19,1,0,0.99999857
55000900167704,2021-05-20,1,0,0.99999857
55000900167704,2021-05-21,1,0,0.99999857
55000900167704,2021-05-22,1,0,0.99999857
55000900167704,2021-05-23,1,0,0.99999857
55000900167704,2021-05-24,1,0,0.99999857
55000900167704,2021-05-25,1,0,0.99999857
55000900167704,2021-05-26,1,0,0.99999857
55000900167704,2021-05-27,1,0,0.99999857
55000900167704,2021-05-28,1,0,0.99999857
55000900167704,2021-05-29,1,0,0.99999857
55000900167704,2021-05-30,1,0,0.99999857
55000900167704,2021-05-31,1,0,0.99999857
55000900167704,2021-06-01,1,0,0.99999857
55000900167704,2021-06-02,1,0,0.99999857
55000900167704,2021-06-03,1,0,0.99999857
55000900167704,2021-06-04,1,0,0.99999857
55000900167704,2021-06-05,1,0,0.99999857
55000900167704,2021-06-06,1,0,0.99999857
55000900167704,2021-06-07,1,0,0.99999857
55000900167704,2021-06-08,1,0,0.99999857
55000900167704,2021-06-09,1,0,0.99999857
55000900167704,2021-06-10,1,0,0.99999857
55000900167704,2021-06-11,1,0,0.99999857
55000900167704,2021-06-12,1,0,0.99999857
55000900167704,2021-06-13,1,0,0.99999857
55000900167704,2021-06-14,1,0,0.99999857
55000900167704,2021-06-15,1,0,0.99999857
55000900167704,2021-06-16,1,0,0.99999857
55000900167704,2021-06-17,1,0,0.99999857
55000900167704,2021-06-18,1,0,0.99999857
55000900167704,2021-06-19,1,0,0.99999857
55000900167704,2021-06-20,1,0,0.99999857
55000900167704,2021-06-21,1,0,0.99999857
55000900167704,2021-06-22,1,0,0.99999857
55000900167704,2021-06-23,1,0,0.99999857
55000900167704,2021-06-24,1,0,0.99999857
55000900167704,2021-06-25,1,0,0.99999857
55000900167704,2021-06-26,1,0,0.99999857
55000900167704,2021-06-27,1,0,0.99999857
55000900167704,2021-06-28,1,0,0.99999857
55000900167704,2021-06-29,1,0,0.99999857
55000900167704,2021-06-30,1,0,0.99999857
55000900167704,2021-07-01,1,0,0.99999857
55000900167704,2021-07-02,1,0,0.99999857
55000900167704,2021-07-03,1,0,0.99999857
55000900167704,2021-07-04,1,0,0.99999857
55000900167704,2021-07-05,1,0,0.99999857
55000900167704,2021-07-06,1,0,0.99999857
55000900167704,2021-07-07,1,0,0.99999857
55000900167704,2021-07-08,1,0,0.99999857
55000900167704,2021-07-09,0,0,0.99999857
55000900167704,2021-07-10,0,0,0.99999857
55000900167704,2021-07-11,0,0,0.99999857
55000900167704,2021-07-12,0,0,0.9999995
55000900167704,2021-07-13,0,0,0.99999726
55000900167704,2021-07-14,0,0,0.9999999
55000900167704,2021-07-15,0,0,0.9999994
55000900167704,2021-07-16,0,0,0.9999999
55000900167704,2021-07-17,0,0,0.9999995
55000900167704,2021-07-18,0,0,0.9999995
55000900167704,2021-07-19,0,0,0.9999945
55000900167704,2021-07-20,0,0,0.99999785
55000900167704,2021-07-21,0,0,0.9999964
55000900167704,2021-07-22,0,0,0.99999833
55000900167704,2021-07-23,0,0,0.99999726
55000900167704,2021-07-24,0,0,0.99999726
55000900167704,2021-07-25,0,0,0.999998
55000900167704,2021-07-26,0,0,0.9999963
55000900167704,2021-07-27,0,0,0.99999774
55000900167704,2021-07-28,0,0,0.99999654
55000900167704,2021-07-29,0,0,0.99999726
55000900167704,2021-07-30,0,0,0.9999969
55000900167704,2021-07-31,0,0,0.999997
55000900167704,2021-08-01,0,0,0.9999969
55000900167704,2021-08-02,0,0,0.9999968
55000900167704,2021-08-03,0,0,0.9999968
55000900167704,2021-08-04,0,0,0.9999968
55000900167704,2021-08-05,0,0,0.99999666
55000900167704,2021-08-06,0,0,0.99999666
55000900167704,2021-08-07,0,0,0.99999666
55000900167704,2021-08-08,0,0,0.99999654
55000900167704,2021-08-09,0,0,0.9999964
55000900167704,2021-08-10,0,0,0.9999974
55000900167704,2021-08-11,0,0,0.9999974
55000900167704,2021-08-12,0,0,0.9999974
55000900167704,2021-08-13,0,0,0.9999974
55000900167704,2021-08-14,0,0,0.9999974
55000900167704,2021-08-15,0,0,0.9999974
55000900167704,2021-08-16,0,0,0.9999974
55000900167704,2021-08-17,0,0,0.9999974
55000900167704,2021-08-18,0,0,0.9999974
55000900167704,2021-08-20,0,0,0.9999974
55000900167704,2021-08-21,0,0,0.9999974
55000900167704,2021-08-22,0,0,0.9999974
55000900167704,2021-08-23,0,0,0.9999974
55000900167704,2021-08-24,0,0,0.9999974
55000900167704,2021-08-25,0,0,0.9999974
55000900167704,2021-08-26,0,0,0.9999974
55000900167704,2021-08-27,0,0,0.9999974
55000900167704,2021-08-28,0,0,0.9999974
55000900167704,2021-08-29,0,0,0.9999974
55000900167704,2021-08-30,0,0,0.9999974
55000900167704,2021-08-31,0,0,0.9999974
55000900167704,2021-09-01,0,0,0.9999974
55000900167704,2021-09-02,0,0,0.9999974
55000900167704,2021-09-03,0,0,0.9999974
55000900167704,2021-09-04,0,0,0.9999974
55000900167704,2021-09-05,0,0,0.9999974
55000900167704,2021-09-06,0,0,0.9999974
55000900167704,2021-09-07,0,0,0.9999974
55000900167704,2021-09-08,0,0,0.9999974
55000900167704,2021-09-09,0,0,0.9999974
55000900167704,2021-09-10,0,0,0.9999974
55000900167704,2021-09-11,0,0,0.9999974
55000900167704,2021-09-12,0,0,0.9999974
55000900167704,2021-09-13,0,0,0.9999974
55000900167704,2021-09-14,0,0,0.9999974
55000900167704,2021-09-15,0,0,0.9999974
55000900167704,2021-09-16,0,0,0.9999974
55000900167704,2021-09-17,0,0,0.9999974
55000900167704,2021-09-18,1,0,0.9999974
55000900167704,2021-09-19,1,0,0.9999974
55000900167704,2021-09-20,0,0,0.9999974
55000900167704,2021-09-21,0,0,0.99999857
55000900167704,2021-09-22,0,0,0.9999987
55000900167704,2021-09-23,0,0,0.9999932
55000900167704,2021-09-24,0,0,0.9999957
55000900167704,2021-09-25,0,0,0.999998
55000900167704,2021-09-26,0,0,0.99999833
55000900167704,2021-09-27,1,0,0.9999957
55000900167704,2021-09-28,1,0,0.999998
55000900167704,2021-09-29,0,0,0.9999975
55000900167704,2021-09-30,0,0,0.9999989
55000900167704,2021-10-01,0,0,0.9999994
55000900167704,2021-10-02,0,0,0.9999999
55000900167704,2021-10-03,0,0,0.9999988
55000900167704,2021-10-04,0,0,0.99999976
55000900167704,2021-10-05,0,0,0.9999999
55000900167704,2021-10-06,0,0,0.9999888
55000900167704,2021-10-07,0,0,0.99999905
55000900167704,2021-10-08,0,0,0.9999918
55000900167704,2021-10-09,0,0,0.99999964
55000900167704,2021-10-10,0,0,0.9999994
55000900167704,2021-10-11,0,0,0.99999964
55000900167704,2021-10-12,0,0,0.9999999
55000900167704,2021-10-13,0,0,0.99999964
55000900167704,2021-10-14,0,0,0.99999976
55000900167704,2021-10-15,0,0,0.9999999
55000900167704,2021-10-16,0,0,0.9999974
55000900167704,2021-10-17,0,0,0.999998
55000900167704,2021-10-18,0,0,0.99999726
55000900167704,2021-10-19,0,0,0.99999785
55000900167704,2021-10-21,0,0,0.99999666
55000900167704,2021-10-22,1,0,0.99999654
55000900167704,2021-10-23,1,0,0.9999976
55000900167704,2021-10-24,1,0,0.9999968
55000900167704,2021-10-25,1,0,0.99999917
55000900167704,2021-10-26,1,0,0.9999988
55000900167704,2021-10-27,1,0,0.9999982
55000900167704,2021-10-28,1,0,0.99999654
55000900167704,2021-10-29,1,0,0.99999774
55000900167704,2021-10-30,1,0,0.9999982
55000900167704,2021-10-31,1,0,0.99999905
55000900167704,2021-11-01,1,0,0.99999917
55000900167704,2021-11-02,1,0,0.9999995
55000900167704,2021-11-03,1,0,0.9999995
55000900167704,2021-11-04,1,0,0.99999976
55000900167704,2021-11-05,1,0,0.99999976
55000900167704,2021-11-06,1,0,0.99999976
55000900167704,2021-11-07,1,0,0.99999976
55000900167704,2021-11-08,1,0,0.99999976
55000900167704,2021-11-09,1,0,0.99999964
55000900167704,2021-11-10,1,0,0.99999917
55000900167704,2021-11-11,1,0,0.9999989
55000900167704,2021-11-12,1,0,0.9999989
55000900167704,2021-11-13,1,0,0.9999989
55000900167704,2021-11-14,1,0,0.9999989
55000900167704,2021-11-15,1,0,0.9999989
55000900167704,2021-11-16,1,0,0.9999989
55000900167704,2021-11-17,1,0,0.9999989
55000900167704,2021-11-18,1,0,0.9999989
55000900167704,2021-11-19,1,0,0.9999989
55000900167704,2021-11-20,1,0,0.9999989
55000900167704,2021-11-21,1,0,0.9999989
55000900167704,2021-11-22,1,0,0.9999989
55000900167704,2021-11-23,1,0,0.99999857
55000900167704,2021-11-24,1,0,0.99999857
55000900167704,2021-11-25,1,0,0.99999857
55000900167704,2021-11-26,1,0,0.99999857
55000900167704,2021-11-27,1,0,0.99999857
55000900167704,2021-11-28,1,0,0.99999857
55000900167704,2021-11-29,1,0,0.99999857
55000900167704,2021-11-30,1,0,0.99999857
55000900167704,2021-12-01,1,0,0.99999857
55000900167704,2021-12-02,1,0,0.99999857
55000900167704,2021-12-03,1,0,0.99999857
55000900167704,2021-12-04,1,0,0.99999857
55000900167704,2021-12-05,1,0,0.99999857
55000900167704,2021-12-06,1,0,0.99999857
55000900167704,2021-12-07,1,0,0.99999857
55000900167704,2021-12-08,1,0,0.99999857
55000900167704,2021-12-09,1,0,0.99999857
55000900167704,2021-12-10,1,0,0.99999857
55000900167704,2021-12-11,1,0,0.99999857
55000900167704,2021-12-12,1,0,0.99999857
55000900167704,2021-12-13,1,0,0.99999857
55000900167704,2021-12-14,1,0,0.99999857
55000900167704,2021-12-15,1,0,0.99999857
55000900167704,2021-12-16,1,0,0.99999857
55000900167704,2021-12-17,1,0,0.99999857
55000900167704,2021-12-18,1,0,0.99999857
55000900167704,2021-12-19,1,0,0.99999857
55000900167704,2021-12-20,1,0,0.99999857
55000900167704,2021-12-21,1,0,0.99999857
55000900167704,2021-12-22,1,0,0.99999857
55000900167704,2021-12-23,1,0,0.99999857
55000900167704,2021-12-24,1,0,0.99999857
55000900167704,2021-12-25,1,0,0.99999857
55000900167704,2021-12-26,1,0,0.99999857
55000900167704,2021-12-27,1,0,0.99999857
55000900167704,2021-12-28,1,0,0.99999857
55000900167704,2021-12-29,1,0,0.99999857
55000900167704,2021-12-30,1,0,0.99999857
55000900167704,2021-12-31,1,0,0.99999857
55000900167704,2022-01-01,1,0,0.99999857
55000900167704,2022-01-02,1,0,0.99999857
55000900167704,2022-01-03,1,0,0.99999857
55000900167704,2022-01-04,1,0,0.99999857
55000900167704,2022-01-05,1,0,0.99999857
55000900167704,2022-01-06,1,0,0.99999857
55000900167704,2022-01-07,1,0,0.99999857
55000900167704,2022-01-08,1,0,0.99999857
55000900167704,2022-01-09,1,0,0.99999857
55000900167704,2022-01-10,1,0,0.99999857
55000900167704,2022-01-11,1,0,0.99999857
55000900167704,2022-01-12,1,0,0.99999857
55000900167704,2022-01-13,1,0,0.99999857
55000900167704,2022-01-14,1,0,0.99999857
55000900167704,2022-01-15,1,0,0.99999857
55000900167704,2022-01-16,1,0,0.99999857
55000900167704,2022-01-17,1,0,0.99999857
55000900167704,2022-01-18,1,0,0.99999857
55000900167704,2022-01-19,1,0,0.99999857
55000900167704,2022-01-20,1,0,0.99999857
55000900167704,2022-01-21,1,0,0.99999857
55000900167704,2022-01-22,1,0,0.99999857
55000900167704,2022-01-23,1,0,0.99999857
55000900167704,2022-01-24,1,0,0.99999857
55000900167704,2022-01-25,1,0,0.99999857
55000900167704,2022-01-26,1,0,0.99999857
55000900167704,2022-01-27,1,0,0.99999857
55000900167704,2022-01-28,1,0,0.99999857
55000900167704,2022-01-29,1,0,0.99999857
55000900167704,2022-01-30,1,0,0.99999857
55000900167704,2022-01-31,1,0,0.99999857
55000900167704,2022-02-01,1,0,0.99999857
55000900167704,2022-02-02,1,0,0.99999857
55000900167704,2022-02-03,1,0,0.99999857
55000900167704,2022-02-04,1,0,0.99999857
55000900167704,2022-02-05,1,0,0.99999857
55000900167704,2022-02-06,1,0,0.99999857
55000900167704,2022-02-07,1,0,0.99999857
55000900167704,2022-02-08,1,0,0.99999857
55000900167704,2022-02-09,1,0,0.99999857
55000900167704,2022-02-10,1,0,0.99999857
55000900167704,2022-02-11,1,0,0.99999857
55000900167704,2022-02-12,1,0,0.99999857
55000900167704,2022-02-13,1,0,0.99999857
55000900167704,2022-02-14,1,0,0.99999857
55000900167704,2022-02-15,1,0,0.99999857
55000900167704,2022-02-16,1,0,0.99999857
55000900167704,2022-02-17,1,0,0.99999857
55000900167704,2022-02-18,1,0,0.99999857
55000900167704,2022-02-19,1,0,0.99999857
55000900167704,2022-02-20,1,0,0.99999857
55000900167704,2022-02-21,1,0,0.99999857
55000900167704,2022-02-22,1,0,0.99999857
55000900167704,2022-02-23,1,0,0.99999857
55000900167704,2022-02-24,1,0,0.99999857
55000900167704,2022-02-25,1,0,0.99999857
55000900167704,2022-02-26,1,0,0.99999857
55000900167704,2022-02-27,1,0,0.99999857
55000900167704,2022-02-28,1,0,0.99999857
55000900167704,2022-03-01,1,0,0.99999857
55000900167704,2022-03-02,1,0,0.99999857
55000900167704,2022-03-03,1,0,0.99999857
55000900167704,2022-03-04,1,0,0.99999857
55000900167704,2022-03-05,1,0,0.99999857
55000900167704,2022-03-06,1,0,0.99999857
55000900167704,2022-03-07,1,0,0.99999857
55000900167704,2022-03-08,1,0,0.99999857
55000900167704,2022-03-09,1,0,0.99999857
55000900167704,2022-03-10,1,0,0.99999857
55000900167704,2022-03-11,1,0,0.99999857
55000900167704,2022-03-12,1,0,0.99999857
55000900167704,2022-03-14,1,0,0.99999857
55000900167704,2022-03-15,1,0,0.99999857
55000900167704,2022-03-16,1,0,0.99999857
55000900167704,2022-03-17,1,0,0.99999857
55000900167704,2022-03-18,1,0,0.99999857
55000900167704,2022-03-19,1,0,0.99999857
55000900167704,2022-03-20,1,0,0.99999857
55000900167704,2022-03-21,1,0,0.99999857
55000900167704,2022-03-22,1,0,0.99999857
55000900167704,2022-03-23,1,0,0.99999857
55000900167704,2022-03-24,1,0,0.99999857
55000900167704,2022-03-25,1,0,0.99999857
55000900167704,2022-03-26,1,0,0.99999857
55000900167704,2022-03-27,1,0,0.99999857
55000900167704,2022-03-28,1,0,0.99999857
55000900167704,2022-03-29,1,0,0.99999857
55000900167704,2022-03-30,1,0,0.99999857
55000900167704,2022-03-31,1,0,0.99999857
55000900167704,2022-04-01,1,0,0.99999857
55000900167704,2022-04-02,1,0,0.99999857
55000900167704,2022-04-03,1,0,0.99999857
55000900167704,2022-04-04,1,0,0.99999857
55000900167704,2022-04-05,1,0,0.99999857
55000900167704,2022-04-06,1,0,0.99999857
55000900167704,2022-04-07,1,0,0.99999857
55000900167704,2022-04-08,1,0,0.99999857
55000900167704,2022-04-09,1,0,0.99999857
55000900167704,2022-04-10,1,0,0.99999857
55000900167704,2022-04-11,1,0,0.99999857
55000900167704,2022-04-12,1,0,0.99999857
55000900167704,2022-04-13,1,0,0.99999857
55000900167704,2022-04-14,1,0,0.99999857
55000900167704,2022-04-15,1,0,0.99999857
55000900167704,2022-04-16,1,0,0.99999857
55000900167704,2022-04-17,1,0,0.99999857
55000900167704,2022-04-18,1,0,0.99999857
55000900167704,2022-04-19,1,0,0.99999857
55000900167704,2022-04-20,1,0,0.99999857
55000900167704,2022-04-21,1,0,0.99999857
55000900167704,2022-04-22,1,0,0.99999857
55000900167704,2022-04-23,1,0,0.99999857
55000900167704,2022-04-24,1,0,0.99999857
55000900167704,2022-04-25,1,0,0.99999857
55000900167704,2022-04-26,1,0,0.99999857
55000900167704,2022-04-27,1,0,0.99999857
55000900167704,2022-04-28,1,0,0.99999857
55000900167704,2022-04-29,1,0,0.99999857
55000900167704,2022-04-30,1,0,0.99999857
55000900167704,2022-05-01,1,0,0.99999857
55000900167704,2022-05-02,1,0,0.99999857
55000900167704,2022-05-03,1,0,0.99999857
55000900167704,2022-05-04,1,0,0.99999857
55000900167704,2022-05-05,1,0,0.99999857
55000900167704,2022-05-06,1,0,0.99999857
55000900167704,2022-05-07,1,0,0.99999857
55000900167704,2022-05-08,1,0,0.99999857
55000900167704,2022-05-09,1,0,0.99999857
55000900167704,2022-05-10,1,0,0.99999857
55000900167704,2022-05-11,1,0,0.99999857
55000900167704,2022-05-12,1,0,0.99999857
55000900167704,2022-05-13,1,0,0.99999857
55000900167704,2022-05-14,1,0,0.99999857
55000900167704,2022-05-15,1,0,0.99999857
55000900167704,2022-05-16,1,0,0.99999857
55000900167704,2022-05-17,1,0,0.99999857
55000900167704,2022-05-18,1,0,0.99999857
55000900167704,2022-05-19,1,0,0.99999857
55000900167704,2022-05-20,1,0,0.99999857
55000900167704,2022-05-21,1,0,0.99999857
55000900167704,2022-05-22,1,0,0.99999857
55000900167704,2022-05-23,1,0,0.99999857
55000900167704,2022-05-24,1,0,0.99999857
55000900167704,2022-05-25,1,0,0.99999857
55000900167704,2022-05-26,1,0,0.99999857
55000900167704,2022-05-27,1,0,0.99999857
55000900167704,2022-05-28,1,0,0.99999857
55000900167704,2022-05-29,1,0,0.99999857
55000900167704,2022-05-30,1,0,0.99999857
55000900167704,2022-05-31,1,0,0.99999857
55000900167704,2022-06-01,1,0,0.99999857
55000900167704,2022-06-02,1,0,0.99999857
55000900167704,2022-06-03,1,0,0.99999857
55000900167704,2022-06-04,1,0,0.99999857
55000900167704,2022-06-05,1,0,0.99999857
55000900167704,2022-06-06,1,0,0.99999857
55000900167704,2022-06-07,1,0,0.99999857
55000900167704,2022-06-08,1,0,0.99999857
55000900167704,2022-06-09,1,0,0.99999857
55000900167704,2022-06-10,1,0,0.99999857
55000900167704,2022-06-11,1,0,0.99999857
55000900167704,2022-06-12,1,0,0.99999857
55000900167704,2022-06-13,1,0,0.99999857
55000900167704,2022-06-14,1,0,0.99999857
55000900167704,2022-06-15,1,0,0.99999857
55000900167704,2022-06-16,1,0,0.99999857
55000900167704,2022-06-17,1,0,0.99999857
55000900167704,2022-06-18,1,0,0.99999857
55000900167704,2022-06-19,1,0,0.99999857
55000900167704,2022-06-20,1,0,0.99999857
55000900167704,2022-06-21,1,0,0.99999857
55000900167704,2022-06-22,1,0,0.99999857
55000900167704,2022-06-23,1,0,0.99999857
55000900167704,2022-06-24,1,0,0.99999857
55000900167704,2022-06-25,1,0,0.99999857
55000900167704,2022-06-26,1,0,0.99999857
55000900167704,2022-06-27,1,0,0.99999857
55000900167704,2022-06-28,1,0,0.99999857
55000900167704,2022-06-29,1,0,0.99999857
55000900167704,2022-06-30,1,0,0.99999857
55000900167704,2022-07-01,1,0,0.99999857
55000900167704,2022-07-02,1,0,0.99999857
55000900167704,2022-07-03,1,0,0.99999857
55000900167704,2022-07-04,1,0,0.99999857
55000900167704,2022-07-05,1,0,0.99999857
55000900167704,2022-07-06,1,0,0.99999857
55000900167704,2022-07-07,1,0,0.99999857
55000900167704,2022-07-08,1,0,0.99999857
55000900167704,2022-07-09,1,0,0.99999857
55000900167704,2022-07-10,1,0,0.99999857
55000900167704,2022-07-11,1,0,0.99999857
55000900167704,2022-07-12,1,0,0.99999857
55000900167704,2022-07-13,1,0,0.99999857
55000900167704,2022-07-14,1,0,0.99999857
55000900167704,2022-07-15,1,0,0.99999857
55000900167704,2022-07-16,1,0,0.99999857
55000900167704,2022-07-17,1,0,0.99999857
55000900167704,2022-07-18,1,0,0.99999857
55000900167704,2022-07-19,1,0,0.99999857
55000900167704,2022-07-20,1,0,0.99999857
55000900167704,2022-07-21,1,0,0.99999857
55000900167704,2022-07-22,1,0,0.99999857
55000900167704,2022-07-23,1,0,0.99999857
55000900167704,2022-07-24,1,0,0.99999857
55000900167704,2022-07-25,1,0,0.99999857
55000900167704,2022-07-26,1,0,0.99999857
55000900167704,2022-07-27,1,0,0.99999857
55000900167704,2022-07-28,1,0,0.99999857
55000900167704,2022-07-29,1,0,0.99999857
55000900167704,2022-07-30,1,0,0.99999857
55000900167704,2022-07-31,1,0,0.99999857
55000900167704,2022-08-01,1,0,0.99999857
55000900167704,2022-08-02,1,0,0.99999857
55000900167704,2022-08-03,1,0,0.99999857
55000900167704,2022-08-04,1,0,0.99999857
55000900167704,2022-08-05,1,0,0.99999857
55000900167704,2022-08-06,1,0,0.99999857
55000900167704,2022-08-07,1,0,0.99999857
55000900167704,2022-08-08,1,0,0.99999857
55000900167704,2022-08-09,1,0,0.99999857
55000900167704,2022-08-10,1,0,0.99999857
55000900167704,2022-08-11,1,0,0.99999857
55000900167704,2022-08-12,1,0,0.99999857
55000900167704,2022-08-13,1,0,0.99999857
55000900167704,2022-08-14,1,0,0.99999857
55000900167704,2022-08-15,1,0,0.99999857
55000900167704,2022-08-16,1,0,0.99999857
55000900167704,2022-08-17,1,0,0.99999857
55000900167704,2022-08-18,1,0,0.99999857
55000900167704,2022-08-19,1,0,0.99999857
55000900167704,2022-08-20,1,0,0.99999857
55000900167704,2022-08-21,1,0,0.99999857
55000900167704,2022-08-22,1,0,0.99999857
55000900167704,2022-08-23,1,0,0.99999857
55000900167704,2022-08-24,1,0,0.99999857
55000900167704,2022-08-25,1,0,0.99999857
55000900167704,2022-08-26,1,0,0.99999857
55000900167704,2022-08-27,1,0,0.99999857
55000900167704,2022-08-28,1,0,0.99999857
55000900167704,2022-08-29,1,0,0.99999857
55000900167704,2022-08-30,1,0,0.99999857
55000900167704,2022-08-31,1,0,0.99999857
55000900167704,2022-09-01,1,0,0.99999857
55000900167704,2022-09-02,1,0,0.99999857
55000900167704,2022-09-03,1,0,0.99999857
55000900167704,2022-09-04,1,0,0.99999857
55000900167704,2022-09-05,0,0,0.99999857
55000900167704,2022-09-06,0,0,0.99999857
55000900167704,2022-09-07,0,0,0.99999857
55000900167704,2022-09-08,0,0,0.9999995
55000900167704,2022-09-09,0,0,0.99999726
55000900167704,2022-09-10,0,0,0.9999999
55000900167704,2022-09-11,0,0,0.9999994
55000900167704,2022-09-12,0,0,0.9999999
55000900167704,2022-09-13,0,0,0.9999995
55000900167704,2022-09-14,0,0,0.9999995
55000900167704,2022-09-15,0,0,0.9999945
55000900167704,2022-09-16,0,0,0.99999785
55000900167704,2022-09-17,0,0,0.9999964
55000900167704,2022-09-18,0,0,0.99999833
55000900167704,2022-09-19,0,0,0.99999726
55000900167704,2022-09-20,0,0,0.99999726
55000900167704,2022-09-21,0,0,0.999998
55000900167704,2022-09-22,0,0,0.9999963
55000900167704,2022-09-23,0,0,0.99999774
55000900167704,2022-09-24,0,0,0.99999654
55000900167704,2022-09-25,0,0,0.99999726
55000900167704,2022-09-26,0,0,0.9999969
55000900167704,2022-09-27,0,0,0.999997
55000900167704,2022-09-28,0,0,0.9999969
55000900167704,2022-09-29,0,0,0.9999968
55000900167704,2022-09-30,0,0,0.9999968
55000900167704,2022-10-01,0,0,0.9999968
55000900167704,2022-10-02,0,0,0.99999666
55000900167704,2022-10-03,0,0,0.99999666
55000900167704,2022-10-04,0,0,0.99999666
55000900167704,2022-10-05,0,0,0.99999654
55000900167704,2022-10-06,0,0,0.9999964
55000900167704,2022-10-07,0,0,0.9999974
55000900167704,2022-10-08,0,0,0.9999974
55000900167704,2022-10-09,0,0,0.9999974
55000900167704,2022-10-10,0,0,0.9999974
55000900167704,2022-10-11,0,0,0.9999974
55000900167704,2022-10-12,0,0,0.9999974
55000900167704,2022-10-13,0,0,0.9999974
55000900167704,2022-10-14,0,0,0.9999974
55000900167704,2022-10-15,0,0,0.9999974
55000900167704,2022-10-16,0,0,0.9999974
55000900167704,2022-10-17,0,0,0.9999974
55000900167704,2022-10-18,0,0,0.9999974
55000900167704,2022-10-19,0,0,0.9999974
55000900167704,2022-10-20,0,0,0.9999974
55000900167704,2022-10-21,0,0,0.9999974
55000900167704,2022-10-22,1,0,0.9999974
55000900167704,2022-10-23,0,0,0.9999974
55000900167704,2022-10-24,1,0,0.9999974
55000900167704,2022-10-25,1,0,0.99999857
55000900167704,2022-10-26,1,0,0.99999607
55000900167704,2022-10-27,0,0,0.9999982
55000900167704,2022-10-28,0,0,0.99999857
55000900167704,2022-10-29,0,0,0.99999905
55000900167704,2022-10-30,0,0,0.9999937
55000900167704,2022-10-31,0,0,0.9999981
55000900167704,2022-11-01,1,0,0.9999964
55000900167704,2022-11-02,0,0,0.99999785
55000900167704,2022-11-03,0,0,0.99999726
55000900167704,2022-11-04,1,0,0.9999993
55000900167704,2022-11-05,1,0,0.9999999
55000900167704,2022-11-06,1,0,0.99999976
55000900167704,2022-11-07,1,0,0.9999999
55000900167704,2022-11-08,1,0,0.99999976
55000900167704,2022-11-09,1,0,0.99999976
55000900167704,2022-11-10,1,0,0.99999976
55000900167704,2022-11-11,1,0,0.99999976
55000900167704,2022-11-12,1,0,0.99999976
55000900167704,2022-11-13,1,0,0.99999976
55000900167704,2022-11-14,1,0,0.99999976
55000900167704,2022-11-15,1,0,0.99999976
55000900167704,2022-11-16,1,0,0.99999976
55000900167704,2022-11-17,1,0,0.99999976
55000900167704,2022-11-18,1,0,0.99999976
55000900167704,2022-11-19,1,0,0.99999976
55000900167704,2022-11-20,1,0,0.99999976
55000900167704,2022-11-21,1,0,0.99999976
55000900167704,2022-11-22,1,0,0.99999976
55000900167704,2022-11-23,1,0,0.99999964
55000900167704,2022-11-24,1,0,0.99999976
55000900167704,2022-11-25,1,0,0.99999964
55000900167704,2022-11-26,1,0,0.99999964
55000900167704,2022-11-27,1,0,0.99999964
55000900167704,2022-11-28,1,0,0.9999989
55000900167704,2022-11-29,1,0,0.9999989
55000900167704,2022-11-30,1,0,0.9999989
55000900167704,2022-12-01,1,0,0.9999989
55000900167704,2022-12-02,1,0,0.9999989
55000900167704,2022-12-03,1,0,0.9999987
55000900167704,2022-12-04,1,0,0.9999989
55000900167704,2022-12-05,1,0,0.9999989
55000900167704,2022-12-06,1,0,0.99999857
55000900167704,2022-12-07,1,0,0.99999857
55000900167704,2022-12-08,1,0,0.99999857
55000900167704,2022-12-09,1,0,0.99999857
55000900167704,2022-12-10,1,0,0.99999857
55000900167704,2022-12-11,1,0,0.99999857
55000900167704,2022-12-12,1,0,0.99999857
55000900167704,2022-12-13,1,0,0.99999857
55000900167704,2022-12-14,1,0,0.99999857
55000900167704,2022-12-15,1,0,0.99999857
55000900167704,2022-12-16,1,0,0.99999857
55000900167704,2022-12-17,1,0,0.99999857
55000900167704,2022-12-18,1,0,0.99999857
55000900167704,2022-12-19,1,0,0.99999857
55000900167704,2022-12-20,1,0,0.99999857
55000900167704,2022-12-21,1,0,0.99999857
55000900167704,2022-12-22,1,0,0.99999857
55000900167704,2022-12-23,1,0,0.99999857
55000900167704,2022-12-24,1,0,0.99999857
55000900167704,2022-12-25,1,0,0.99999857
55000900167704,2022-12-26,1,0,0.99999857
55000900167704,2022-12-27,1,0,0.99999857
55000900167704,2022-12-28,1,0,0.99999857
55000900167704,2022-12-29,1,0,0.99999857
55000900167704,2022-12-30,1,0,0.99999857
55000900167704,2022-12-31,1,0,0.99999857
55000900167704,2023-01-01,1,0,0.99999857
55000900167704,2023-01-02,1,0,0.99999857
55000900167704,2023-01-03,1,0,0.99999857
55000900167704,2023-01-04,1,0,0.99999857
55000900167704,2023-01-05,1,0,0.99999857
55000900167704,2023-01-06,1,0,0.99999857
55000900167704,2023-01-07,1,0,0.99999857
55000900167704,2023-01-08,1,0,0.99999857
55000900167704,2023-01-09,1,0,0.99999857
55000900167704,2023-01-10,1,0,0.99999857
55000900167704,2023-01-11,1,0,0.99999857
55000900167704,2023-01-12,1,0,0.99999857
55000900167704,2023-01-13,1,0,0.99999857
55000900167704,2023-01-14,1,0,0.99999857
55000900167704,2023-01-15,1,0,0.99999857
55000900167704,2023-01-16,1,0,0.99999857
55000900167704,2023-01-17,1,0,0.99999857
55000900167704,2023-01-18,1,0,0.99999857
55000900167704,2023-01-19,1,0,0.99999857
55000900167704,2023-01-20,1,0,0.99999857
55000900167704,2023-01-21,1,0,0.99999857
55000900167704,2023-01-22,1,0,0.99999857
55000900167704,2023-01-23,1,0,0.99999857
55000900167704,2023-01-24,1,0,0.99999857
55000900167704,2023-01-25,1,0,0.99999857
55000900167704,2023-01-26,1,0,0.99999857
55000900167704,2023-01-27,1,0,0.99999857
55000900167704,2023-01-28,1,0,0.99999857
55000900167704,2023-01-29,1,0,0.99999857
55000900167704,2023-01-30,1,0,0.99999857
55000900167704,2023-01-31,1,0,0.99999857
55000900167704,2023-02-01,1,0,0.99999857
55000900167704,2023-02-02,1,0,0.99999857
55000900167704,2023-02-03,1,0,0.99999857
55000900167704,2023-02-04,1,0,0.99999857
55000900167704,2023-02-05,1,0,0.99999857
55000900167704,2023-02-06,1,0,0.99999857
55000900167704,2023-02-07,1,0,0.99999857
55000900167704,2023-02-08,1,0,0.99999857
55000900167704,2023-02-09,1,0,0.99999857
55000900167704,2023-02-10,1,0,0.99999857
55000900167704,2023-02-11,1,0,0.99999857
55000900167704,2023-02-12,1,0,0.99999857
55000900167704,2023-02-13,1,0,0.99999857
55000900167704,2023-02-14,1,0,0.99999857
55000900167704,2023-02-15,1,0,0.99999857
55000900167704,2023-02-16,1,0,0.99999857
55000900167704,2023-02-17,1,0,0.99999857
55000900167704,2023-02-18,1,0,0.99999857
55000900167704,2023-02-19,1,0,0.99999857
55000900167704,2023-02-20,1,0,0.99999857
55000900167704,2023-02-21,1,0,0.99999857
55000900167704,2023-02-22,1,0,0.99999857
55000900167704,2023-02-23,1,0,0.99999857
55000900167704,2023-02-24,1,0,0.99999857
55000900167704,2023-02-25,1,0,0.99999857
55000900167704,2023-02-26,1,0,0.99999857
55000900167704,2023-02-27,1,0,0.99999857
55000900167704,2023-02-28,1,0,0.99999857
55000900167704,2023-03-01,1,0,0.99999857
55000900167704,2023-03-02,1,0,0.99999857
55000900167704,2023-03-03,1,0,0.99999857
55000900167704,2023-03-04,1,0,0.99999857
55000900167704,2023-03-05,1,0,0.99999857
55000900167704,2023-03-06,1,0,0.99999857
55000900167704,2023-03-07,1,0,0.99999857
55000900167704,2023-03-08,1,0,0.99999857
55000900167704,2023-03-09,1,0,0.99999857
55000900167704,2023-03-10,1,0,0.99999857
55000900167704,2023-03-11,1,0,0.99999857
55000900167704,2023-03-13,1,0,0.99999857
55000900167704,2023-03-14,1,0,0.99999857
55000900167704,2023-03-15,1,0,0.99999857
55000900167704,2023-03-16,1,0,0.99999857
55000900167704,2023-03-17,1,0,0.99999857
55000900167704,2023-03-18,1,0,0.99999857
55000900167704,2023-03-19,1,0,0.99999857
55000900167704,2023-03-20,1,0,0.99999857
55000900167704,2023-03-21,1,0,0.99999857
55000900167704,2023-03-22,1,0,0.99999857
55000900167704,2023-03-23,1,0,0.99999857
55000900167704,2023-03-24,1,0,0.99999857
55000900167704,2023-03-25,1,0,0.99999857
55000900167704,2023-03-26,1,0,0.99999857
55000900167704,2023-03-27,1,0,0.99999857
55000900167704,2023-03-28,1,0,0.99999857
55000900167704,2023-03-29,1,0,0.99999857
55000900167704,2023-03-30,1,0,0.99999857
55000900167704,2023-03-31,1,0,0.99999857
55000900167704,2023-04-01,1,0,0.99999857
55000900167704,2023-04-02,1,0,0.99999857
55000900167704,2023-04-03,1,0,0.99999857
55000900167704,2023-04-04,1,0,0.99999857
55000900167704,2023-04-05,1,0,0.99999857
55000900167704,2023-04-06,1,0,0.99999857
55000900167704,2023-04-07,1,0,0.99999857
55000900167704,2023-04-08,1,0,0.99999857
55000900167704,2023-04-09,1,0,0.99999857
55000900167704,2023-04-10,1,0,0.99999857
55000900167704,2023-04-11,1,0,0.99999857
55000900167704,2023-04-12,1,0,0.99999857
55000900167704,2023-04-13,1,0,0.99999857
55000900167704,2023-04-14,1,0,0.99999857
55000900167704,2023-04-15,1,0,0.99999857
55000900167704,2023-04-16,1,0,0.99999857
55000900167704,2023-04-17,1,0,0.99999857
55000900167704,2023-04-18,1,0,0.99999857
55000900167704,2023-04-19,1,0,0.99999857
55000900167704,2023-04-20,1,0,0.99999857
55000900200040,2020-09-29,1,0,0.99999917
55000900200040,2020-09-30,1,0,0.99999535
55000900200040,2020-10-01,1,0,0.9999894
55000900200040,2020-10-02,1,0,0.999998
55000900200040,2020-10-03,1,0,0.999997
55000900200040,2020-10-04,1,0,0.9999964
55000900200040,2020-10-05,1,0,0.9999962
55000900200040,2020-10-06,1,0,0.99999416
55000900200040,2020-10-07,1,0,0.99999607
55000900200040,2020-10-08,1,0,0.9999927
55000900200040,2020-10-09,1,0,0.999997
55000900200040,2020-10-10,1,0,0.9999944
55000900200040,2020-10-11,1,0,0.99998283
55000900200040,2020-10-12,1,0,0.9999838
55000900200040,2020-10-13,1,0,0.9999993
55000900200040,2020-10-14,1,0,0.9999999
55000900200040,2020-10-15,1,0,0.9999999
55000900200040,2020-10-16,1,0,0.9999999
55000900200040,2020-10-17,1,0,0.99999976
55000900200040,2020-10-18,1,0,0.9999999
55000900200040,2020-10-19,1,0,0.99999964
55000900200040,2020-10-20,1,0,0.9999995
55000900200040,2020-10-21,1,0,0.9999995
55000900200040,2020-10-22,1,0,0.9999999
55000900200040,2020-10-23,1,0,0.9999999
55000900200040,2020-10-24,1,0,1.0
55000900200040,2020-10-25,1,0,0.9999999
55000900200040,2020-10-26,1,0,0.9999999
55000900200040,2020-10-27,1,0,1.0
55000900200040,2020-10-28,1,0,1.0
55000900200040,2020-10-29,1,0,0.9999999
55000900200040,2020-10-30,1,0,0.99999976
55000900200040,2020-10-31,1,0,0.99999976
55000900200040,2020-11-01,1,0,0.99999976
55000900200040,2020-11-02,1,0,0.9999999
55000900200040,2020-11-03,1,0,1.0
55000900200040,2020-11-04,1,0,0.99999917
55000900200040,2020-11-05,1,0,0.9999988
55000900200040,2020-11-06,1,0,0.99999964
55000900200040,2020-11-07,1,0,0.99999976
55000900200040,2020-11-08,1,0,0.9999999
55000900200040,2020-11-09,1,0,0.99999976
55000900200040,2020-11-10,1,0,1.0
55000900200040,2020-11-11,1,0,0.9999999
55000900200040,2020-11-12,1,0,1.0
55000900200040,2020-11-13,1,0,1.0
55000900200040,2020-11-14,1,0,0.9999999
55000900200040,2020-11-15,1,0,0.9999999
55000900200040,2020-11-16,1,0,1.0
55000900200040,2020-11-17,1,0,1.0
55000900200040,2020-11-18,1,0,0.9999999
55000900200040,2020-11-19,1,0,0.9999988
55000900200040,2020-11-20,1,0,1.0
55000900200040,2020-11-21,1,0,1.0
55000900200040,2020-11-22,1,0,1.0
55000900200040,2020-11-23,1,0,0.99999976
55000900200040,2020-11-24,1,0,1.0
55000900200040,2020-11-25,1,0,1.0
55000900200040,2020-11-26,1,0,1.0
55000900200040,2020-11-27,1,0,1.0
55000900200040,2020-11-28,1,0,1.0
55000900200040,2020-11-29,1,0,1.0
55000900200040,2020-11-30,1,0,1.0
55000900200040,2020-12-01,1,0,0.99999905
55000900200040,2020-12-02,1,0,0.9999999
55000900200040,2020-12-03,1,0,1.0
55000900200040,2020-12-04,1,0,1.0
55000900200040,2020-12-05,1,0,1.0
55000900200040,2020-12-06,1,0,1.0
55000900200040,2020-12-07,1,0,1.0
55000900200040,2020-12-08,1,0,1.0
55000900200040,2020-12-09,1,0,1.0
55000900200040,2020-12-10,1,0,1.0
55000900200040,2020-12-11,1,0,1.0
55000900200040,2020-12-12,1,0,1.0
55000900200040,2020-12-13,1,0,1.0
55000900200040,2020-12-14,1,0,1.0
55000900200040,2020-12-15,1,0,1.0
55000900200040,2020-12-16,1,0,1.0
55000900200040,2020-12-17,1,0,1.0
55000900200040,2020-12-18,1,0,1.0
55000900200040,2020-12-19,1,0,1.0
55000900200040,2020-12-20,1,0,1.0
55000900200040,2020-12-21,1,0,0.9999989
55000900200040,2020-12-22,1,0,1.0
55000900200040,2020-12-23,1,0,1.0
55000900200040,2020-12-24,1,0,0.9999999
55000900200040,2020-12-25,1,0,0.99999917
55000900200040,2020-12-26,1,0,0.9999995
55000900200040,2020-12-27,1,0,1.0
55000900200040,2020-12-28,1,0,1.0
55000900200040,2020-12-29,1,0,1.0
55000900200040,2020-12-30,1,0,1.0
55000900200040,2020-12-31,1,0,0.99999976
55000900200040,2021-01-01,1,0,0.99999964
55000900200040,2021-01-02,1,0,1.0
55000900200040,2021-01-03,1,0,0.9999999
55000900200040,2021-01-04,1,0,1.0
55000900200040,2021-01-05,1,0,0.9999999
55000900200040,2021-01-06,1,0,1.0
55000900200040,2021-01-07,1,0,1.0
55000900200040,2021-01-08,1,0,1.0
55000900200040,2021-01-09,1,0,1.0
55000900200040,2021-01-10,1,0,1.0
55000900200040,2021-01-11,1,0,1.0
55000900200040,2021-01-12,1,0,1.0
55000900200040,2021-01-13,1,0,1.0
55000900200040,2021-01-14,1,0,1.0
55000900200040,2021-01-15,1,0,1.0
55000900200040,2021-01-16,1,0,1.0
55000900200040,2021-01-17,1,0,1.0
55000900200040,2021-01-18,1,0,1.0
55000900200040,2021-01-19,1,0,1.0
55000900200040,2021-01-20,1,0,1.0
55000900200040,2021-01-21,1,0,1.0
55000900200040,2021-01-22,1,0,1.0
55000900200040,2021-01-23,1,0,1.0
55000900200040,2021-01-24,1,0,0.9999999
55000900200040,2021-01-25,1,0,1.0
55000900200040,2021-01-26,1,0,0.9999999
55000900200040,2021-01-27,1,0,0.9999999
55000900200040,2021-01-28,1,0,0.9999999
55000900200040,2021-01-29,1,0,0.9999999
55000900200040,2021-01-30,1,0,0.9999999
55000900200040,2021-01-31,1,0,0.99999976
55000900200040,2021-02-01,1,0,0.9999999
55000900200040,2021-02-02,1,0,0.9999999
55000900200040,2021-02-03,1,0,0.9999999
55000900200040,2021-02-04,1,0,0.9999999
55000900200040,2021-02-05,1,0,0.9999999
55000900200040,2021-02-06,1,0,0.9999999
55000900200040,2021-02-07,1,0,0.9999999
55000900200040,2021-02-08,1,0,0.9999999
55000900200040,2021-02-09,1,0,0.9999999
55000900200040,2021-02-10,1,0,0.9999999
55000900200040,2021-02-11,1,0,0.9999999
55000900200040,2021-02-12,1,0,0.9999999
55000900200040,2021-02-13,1,0,0.9999999
55000900200040,2021-02-14,1,0,0.9999999
55000900200040,2021-02-15,1,0,0.9999999
55000900200040,2021-02-16,1,0,0.9999999
55000900200040,2021-02-17,1,0,0.9999999
55000900200040,2021-02-18,1,0,0.9999999
55000900200040,2021-02-19,1,0,0.9999999
55000900200040,2021-02-20,1,0,0.9999999
55000900200040,2021-02-21,1,0,0.9999999
55000900200040,2021-02-22,1,0,0.9999999
55000900200040,2021-02-23,1,0,0.9999999
55000900200040,2021-02-24,1,0,0.9999999
55000900200040,2021-02-25,1,0,0.9999999
55000900200040,2021-02-26,1,0,0.9999999
55000900200040,2021-02-27,1,0,0.9999999
55000900200040,2021-02-28,1,0,0.9999999
55000900200040,2021-03-01,1,0,0.9999999
55000900200040,2021-03-02,1,0,0.9999999
55000900200040,2021-03-03,1,0,0.9999999
55000900200040,2021-03-04,1,0,0.9999999
55000900200040,2021-03-05,1,0,0.9999999
55000900200040,2021-03-06,1,0,0.9999999
55000900200040,2021-03-07,1,0,0.9999999
55000900200040,2021-03-08,1,0,0.9999999
55000900200040,2021-03-09,1,0,0.9999999
55000900200040,2021-03-10,1,0,0.9999999
55000900200040,2021-03-11,1,0,0.9999999
55000900200040,2021-03-12,1,0,0.9999999
55000900200040,2021-03-13,1,0,0.9999999
55000900200040,2021-03-15,1,0,0.9999999
55000900200040,2021-03-16,1,0,0.9999999
55000900200040,2021-03-17,1,0,0.9999999
55000900200040,2021-03-18,1,0,0.9999999
55000900200040,2021-03-19,1,0,0.9999999
55000900200040,2021-03-20,1,0,0.9999999
55000900200040,2021-03-21,1,0,0.9999999
55000900200040,2021-03-22,1,0,0.9999999
55000900200040,2021-03-23,1,0,0.9999999
55000900200040,2021-03-24,1,0,0.9999999
55000900200040,2021-03-25,1,0,0.9999999
55000900200040,2021-03-26,1,0,0.9999999
55000900200040,2021-03-27,1,0,0.9999999
55000900200040,2021-03-28,1,0,0.9999999
55000900200040,2021-03-29,1,0,0.9999999
55000900200040,2021-03-30,1,0,0.9999999
55000900200040,2021-03-31,1,0,0.9999999
55000900200040,2021-04-01,1,0,0.9999999
55000900200040,2021-04-02,1,0,0.9999999
55000900200040,2021-04-03,1,0,0.9999999
55000900200040,2021-04-04,1,0,0.9999999
55000900200040,2021-04-05,1,0,0.9999999
55000900200040,2021-04-06,1,0,0.9999999
55000900200040,2021-04-07,1,0,0.9999999
55000900200040,2021-04-08,1,0,0.9999999
55000900200040,2021-04-09,1,0,0.9999999
55000900200040,2021-04-10,1,0,0.9999999
55000900200040,2021-04-11,1,0,0.9999999
55000900200040,2021-04-12,1,0,0.9999999
55000900200040,2021-04-13,1,0,0.9999999
55000900200040,2021-04-14,1,0,0.9999999
55000900200040,2021-04-15,1,0,0.9999999
55000900200040,2021-04-16,1,0,0.9999999
55000900200040,2021-04-17,1,0,0.9999999
55000900200040,2021-04-18,1,0,0.9999999
55000900200040,2021-04-19,1,0,0.9999999
55000900200040,2021-04-20,1,0,0.9999999
55000900200040,2021-04-21,1,0,0.9999999
55000900200040,2021-04-22,1,0,0.9999999
55000900200040,2021-04-23,1,0,0.9999999
55000900200040,2021-04-24,1,0,0.9999999
55000900200040,2021-04-25,1,0,0.9999999
55000900200040,2021-04-26,1,0,0.9999999
55000900200040,2021-04-27,1,0,0.9999999
55000900200040,2021-04-28,1,0,0.9999999
55000900200040,2021-04-29,1,0,0.9999999
55000900200040,2021-04-30,1,0,0.9999999
55000900200040,2021-05-01,1,0,0.9999999
55000900200040,2021-05-02,1,0,0.9999999
55000900200040,2021-05-03,1,0,0.9999999
55000900200040,2021-05-04,1,0,0.9999999
55000900200040,2021-05-05,1,0,0.9999999
55000900200040,2021-05-06,1,0,0.9999999
55000900200040,2021-05-07,1,0,0.9999999
55000900200040,2021-05-08,1,0,0.9999999
55000900200040,2021-05-09,1,0,0.9999999
55000900200040,2021-05-10,1,0,0.9999999
55000900200040,2021-05-11,1,0,0.9999999
55000900200040,2021-05-12,1,0,0.9999999
55000900200040,2021-05-13,1,0,0.9999999
55000900200040,2021-05-14,1,0,0.9999999
55000900200040,2021-05-15,1,0,0.9999999
55000900200040,2021-05-16,1,0,0.9999999
55000900200040,2021-05-17,1,0,0.9999999
55000900200040,2021-05-18,1,0,0.9999999
55000900200040,2021-05-19,1,0,0.9999999
55000900200040,2021-05-20,1,0,0.9999999
55000900200040,2021-05-21,1,0,0.9999999
55000900200040,2021-05-22,1,0,0.9999999
55000900200040,2021-05-23,1,0,0.9999999
55000900200040,2021-05-24,1,0,0.9999999
55000900200040,2021-05-27,1,0,0.9999999
55000900200040,2021-05-28,1,0,0.9999999
55000900200040,2021-05-29,1,0,0.9999999
55000900200040,2021-05-30,1,0,0.9999999
55000900200040,2021-05-31,1,0,0.9999999
55000900200040,2021-06-01,1,0,0.9999999
55000900200040,2021-06-02,1,0,0.9999999
55000900200040,2021-06-03,1,0,0.9999999
55000900200040,2021-06-04,1,0,0.9999999
55000900200040,2021-06-05,1,0,0.9999999
55000900200040,2021-06-06,1,0,0.9999999
55000900200040,2021-06-07,1,0,0.9999999
55000900200040,2021-06-08,1,0,0.9999999
55000900200040,2021-06-09,1,0,0.9999999
55000900200040,2021-06-10,1,0,0.9999999
55000900200040,2021-06-11,1,0,0.9999999
55000900200040,2021-06-12,1,0,0.9999999
55000900200040,2021-06-13,1,0,0.9999999
55000900200040,2021-06-14,1,0,0.9999999
55000900200040,2021-06-15,1,0,0.9999999
55000900200040,2021-06-16,1,0,0.9999999
55000900200040,2021-06-17,1,0,0.9999999
55000900200040,2021-06-18,1,0,0.9999999
55000900200040,2021-06-19,1,0,0.9999999
55000900200040,2021-06-20,1,0,0.9999999
55000900200040,2021-06-21,1,0,0.9999999
55000900200040,2021-06-22,1,0,0.9999999
55000900200040,2021-06-23,1,0,0.9999999
55000900200040,2021-06-24,1,0,0.9999999
55000900200040,2021-06-25,1,0,0.9999999
55000900200040,2021-06-26,1,0,0.9999999
55000900200040,2021-06-27,1,0,0.9999999
55000900200040,2021-06-28,1,0,0.9999999
55000900200040,2021-06-29,1,0,0.9999999
55000900200040,2021-06-30,1,0,0.9999999
55000900200040,2021-07-01,1,0,0.9999999
55000900200040,2021-07-02,1,0,0.9999999
55000900200040,2021-07-03,1,0,0.9999999
55000900200040,2021-07-04,1,0,0.9999999
55000900200040,2021-07-05,1,0,0.9999999
55000900200040,2021-07-06,1,0,0.9999999
55000900200040,2021-07-07,1,0,0.9999999
55000900200040,2021-07-08,1,0,0.9999999
55000900200040,2021-07-09,1,0,0.9999999
55000900200040,2021-07-10,1,0,0.9999999
55000900200040,2021-07-11,1,0,0.9999999
55000900200040,2021-07-12,1,0,0.9999999
55000900200040,2021-07-13,1,0,0.9999999
55000900200040,2021-07-14,1,0,0.9999999
55000900200040,2021-07-15,1,0,0.9999999
55000900200040,2021-07-16,1,0,0.9999999
55000900200040,2021-07-17,1,0,0.9999999
55000900200040,2021-07-18,1,0,0.9999999
55000900200040,2021-07-19,1,0,0.9999999
55000900200040,2021-07-20,1,0,0.9999999
55000900200040,2021-07-21,1,0,0.9999999
55000900200040,2021-07-22,1,0,0.9999999
55000900200040,2021-07-23,1,0,0.9999999
55000900200040,2021-07-24,1,0,0.9999999
55000900200040,2021-07-25,1,0,0.9999999
55000900200040,2021-07-26,1,0,0.9999999
55000900200040,2021-07-27,1,0,0.9999999
55000900200040,2021-07-28,1,0,0.9999999
55000900200040,2021-07-29,1,0,0.9999999
55000900200040,2021-07-30,1,0,0.9999999
55000900200040,2021-07-31,1,0,0.9999999
55000900200040,2021-08-01,1,0,0.9999999
55000900200040,2021-08-02,1,0,0.9999999
55000900200040,2021-08-03,1,0,0.9999999
55000900200040,2021-08-04,1,0,0.9999999
55000900200040,2021-08-05,1,0,0.9999999
55000900200040,2021-08-06,1,0,0.9999999
55000900200040,2021-08-07,1,0,0.9999999
55000900200040,2021-08-08,1,0,0.9999999
55000900200040,2021-08-09,1,0,0.9999999
55000900200040,2021-08-10,1,0,0.9999999
55000900200040,2021-08-11,1,0,0.9999999
55000900200040,2021-08-12,1,0,0.9999999
55000900200040,2021-08-13,1,0,0.9999999
55000900200040,2021-08-14,1,0,0.9999999
55000900200040,2021-08-15,1,0,0.9999999
55000900200040,2021-08-16,1,0,0.9999999
55000900200040,2021-08-17,1,0,0.9999999
55000900200040,2021-08-18,1,0,0.9999999
55000900200040,2021-08-19,1,0,0.9999999
55000900200040,2021-08-20,1,0,0.9999999
55000900200040,2021-08-21,1,0,0.9999999
55000900200040,2021-08-22,1,0,0.9999999
55000900200040,2021-08-23,1,0,0.9999999
55000900200040,2021-08-24,1,0,0.9999999
55000900200040,2021-08-25,1,0,0.9999999
55000900200040,2021-08-26,1,0,0.9999999
55000900200040,2021-08-27,1,0,0.9999999
55000900200040,2021-08-28,1,0,0.9999999
55000900200040,2021-08-29,1,0,0.9999999
55000900200040,2021-08-30,1,0,0.9999999
55000900200040,2021-08-31,1,0,0.9999999
55000900200040,2021-09-01,1,0,0.9999999
55000900200040,2021-09-02,1,0,0.9999999
55000900200040,2021-09-03,1,0,0.9999999
55000900200040,2021-09-04,1,0,0.9999999
55000900200040,2021-09-05,1,0,0.9999999
55000900200040,2021-09-06,1,0,0.9999999
55000900200040,2021-09-07,1,0,0.9999999
55000900200040,2021-09-08,1,0,0.9999999
55000900200040,2021-09-09,1,0,0.9999999
55000900200040,2021-09-10,1,0,0.9999999
55000900200040,2021-09-11,1,0,0.9999999
55000900200040,2021-09-12,1,0,0.9999999
55000900200040,2021-09-13,1,0,0.9999999
55000900200040,2021-09-14,1,0,0.9999999
55000900200040,2021-09-15,1,0,0.9999999
55000900200040,2021-09-16,1,0,0.9999999
55000900200040,2021-09-17,1,0,0.9999999
55000900200040,2021-09-18,1,0,0.9999999
55000900200040,2021-09-19,1,0,0.9999999
55000900200040,2021-09-20,1,0,0.9999999
55000900200040,2021-09-21,1,0,0.9999999
55000900200040,2021-09-22,1,0,0.9999999
55000900200040,2021-09-23,1,0,0.9999999
55000900200040,2021-09-24,1,0,0.9999999
55000900200040,2021-09-25,1,0,0.9999999
55000900200040,2021-09-26,1,0,0.9999999
55000900200040,2021-09-27,1,0,0.9999999
55000900200040,2021-09-28,1,0,0.9999999
55000900200040,2021-09-29,1,0,0.9999999
55000900200040,2021-09-30,1,0,0.9999999
55000900200040,2021-10-01,1,0,0.9999999
55000900200040,2021-10-02,1,0,0.9999999
55000900200040,2021-10-03,1,0,0.9999999
55000900200040,2021-10-04,1,0,0.9999999
55000900200040,2021-10-05,1,0,0.9999999
55000900200040,2021-10-06,1,0,0.9999999
55000900200040,2021-10-07,1,0,0.9999999
55000900200040,2021-10-08,1,0,0.9999999
55000900200040,2021-10-09,1,0,0.9999999
55000900200040,2021-10-10,1,0,0.9999999
55000900200040,2021-10-11,1,0,0.9999999
55000900200040,2021-10-12,1,0,0.9999999
55000900200040,2021-10-13,1,0,0.9999999
55000900200040,2021-10-14,1,0,0.9999999
55000900200040,2021-10-15,1,0,0.9999999
55000900200040,2021-10-16,1,0,0.9999999
55000900200040,2021-10-17,1,0,0.9999999
55000900200040,2021-10-18,1,0,0.9999999
55000900200040,2021-10-19,1,0,0.9999999
55000900200040,2021-10-20,1,0,0.9999999
55000900200040,2021-10-21,1,0,0.9999999
55000900200040,2021-10-22,1,0,0.9999999
55000900200040,2021-10-23,1,0,0.9999999
55000900200040,2021-10-24,1,0,0.9999999
55000900200040,2021-10-25,1,0,0.9999999
55000900200040,2021-10-26,1,0,0.9999999
55000900200040,2021-10-27,1,0,0.9999999
55000900200040,2021-10-28,1,0,0.9999999
55000900200040,2021-10-29,1,0,0.9999999
55000900200040,2021-10-30,1,0,0.9999999
55000900200040,2021-10-31,1,0,0.9999999
55000900200040,2021-11-01,1,0,0.9999999
55000900200040,2021-11-02,1,0,0.9999999
55000900200040,2021-11-03,1,0,0.9999999
55000900200040,2021-11-04,1,0,0.9999999
55000900200040,2021-11-05,1,0,0.9999999
55000900200040,2021-11-06,1,0,0.9999999
55000900200040,2021-11-07,1,0,0.9999999
55000900200040,2021-11-08,1,0,0.9999999
55000900200040,2021-11-09,1,0,0.9999999
55000900200040,2021-11-10,1,0,0.9999999
55000900200040,2021-11-11,1,0,0.9999999
55000900200040,2021-11-12,1,0,0.9999999
55000900200040,2021-11-13,1,0,0.9999999
55000900200040,2021-11-14,1,0,0.9999999
55000900200040,2021-11-15,1,0,0.9999999
55000900200040,2021-11-16,1,0,0.9999999
55000900200040,2021-11-17,1,0,0.9999999
55000900200040,2021-11-18,1,0,0.9999999
55000900200040,2021-11-19,1,0,0.9999999
55000900200040,2021-11-20,1,0,0.9999999
55000900200040,2021-11-21,1,0,0.9999999
55000900200040,2021-11-22,1,0,0.9999999
55000900200040,2021-11-23,1,0,0.9999999
55000900200040,2021-11-24,1,0,0.9999999
55000900200040,2021-11-25,1,0,0.9999999
55000900200040,2021-11-26,1,0,0.9999999
55000900200040,2021-11-27,1,0,0.9999999
55000900200040,2021-11-28,1,0,0.9999999
55000900200040,2021-11-29,1,0,0.9999999
55000900200040,2021-11-30,1,0,0.9999999
55000900200040,2021-12-01,1,0,0.9999999
55000900200040,2021-12-02,1,0,0.9999999
55000900200040,2021-12-03,1,0,0.9999999
55000900200040,2021-12-04,1,0,0.9999999
55000900200040,2021-12-05,1,0,0.9999999
55000900200040,2021-12-06,1,0,0.9999999
55000900200040,2021-12-07,1,0,0.9999999
55000900200040,2021-12-08,1,0,0.9999999
55000900200040,2021-12-09,1,0,0.9999999
55000900200040,2021-12-10,1,0,0.9999999
55000900200040,2021-12-11,1,0,0.9999999
55000900200040,2021-12-12,1,0,0.9999999
55000900200040,2021-12-13,1,0,0.9999999
55000900200040,2021-12-14,1,0,0.9999999
55000900200040,2021-12-15,1,0,0.9999999
55000900200040,2021-12-16,1,0,0.9999999
55000900200040,2021-12-17,1,0,0.9999999
55000900200040,2021-12-18,1,0,0.9999999
55000900200040,2021-12-19,1,0,0.9999999
55000900200040,2021-12-20,1,0,0.9999999
55000900200040,2021-12-21,1,0,0.9999999
55000900200040,2021-12-22,1,0,0.9999999
55000900200040,2021-12-23,1,0,0.9999999
55000900200040,2021-12-24,1,0,0.9999999
55000900200040,2021-12-25,1,0,0.9999999
55000900200040,2021-12-26,1,0,0.9999999
55000900200040,2021-12-27,1,0,0.9999999
55000900200040,2021-12-28,1,0,0.9999999
55000900200040,2021-12-29,1,0,0.9999999
55000900200040,2021-12-30,1,0,0.9999999
55000900200040,2021-12-31,1,0,0.9999999
55000900200040,2022-01-01,1,0,0.9999999
55000900200040,2022-01-02,1,0,0.9999999
55000900200040,2022-01-03,1,0,0.9999999
55000900200040,2022-01-04,1,0,0.9999999
55000900200040,2022-01-05,1,0,0.9999999
55000900200040,2022-01-06,1,0,0.9999999
55000900200040,2022-01-07,1,0,0.9999999
55000900200040,2022-01-08,1,0,0.9999999
55000900200040,2022-01-09,1,0,0.9999999
55000900200040,2022-01-10,1,0,0.9999999
55000900200040,2022-01-11,1,0,0.9999999
55000900200040,2022-01-12,1,0,0.9999999
55000900200040,2022-01-13,1,0,0.9999999
55000900200040,2022-01-14,1,0,0.9999999
55000900200040,2022-01-15,1,0,0.9999999
55000900200040,2022-01-16,1,0,0.9999999
55000900200040,2022-01-17,1,0,0.9999999
55000900200040,2022-01-18,1,0,0.9999999
55000900200040,2022-01-19,1,0,0.9999999
55000900200040,2022-01-20,1,0,0.9999999
55000900200040,2022-01-21,1,0,0.9999999
55000900200040,2022-01-22,1,0,0.9999999
55000900200040,2022-01-23,1,0,0.9999999
55000900200040,2022-01-24,1,0,0.9999999
55000900200040,2022-01-25,1,0,0.9999999
55000900200040,2022-01-26,1,0,0.9999999
55000900200040,2022-01-27,1,0,0.9999999
55000900200040,2022-01-28,1,0,0.9999999
55000900200040,2022-01-29,1,0,0.9999999
55000900200040,2022-01-30,1,0,0.9999999
55000900200040,2022-01-31,1,0,0.9999999
55000900200040,2022-02-01,1,0,0.9999999
55000900200040,2022-02-02,1,0,0.9999999
55000900200040,2022-02-03,1,0,0.9999999
55000900200040,2022-02-04,1,0,0.9999999
55000900200040,2022-02-05,1,0,0.9999999
55000900200040,2022-02-06,1,0,0.9999999
55000900200040,2022-02-07,1,0,0.9999999
55000900200040,2022-02-08,1,0,0.9999999
55000900200040,2022-02-09,1,0,0.9999999
55000900200040,2022-02-10,1,0,0.9999999
55000900200040,2022-02-11,1,0,0.9999999
55000900200040,2022-02-12,1,0,0.9999999
55000900200040,2022-02-13,1,0,0.9999999
55000900200040,2022-02-14,1,0,0.9999999
55000900200040,2022-02-15,1,0,0.9999999
55000900200040,2022-02-16,1,0,0.9999999
55000900200040,2022-02-17,1,0,0.9999999
55000900200040,2022-02-18,1,0,0.9999999
55000900200040,2022-02-19,1,0,0.9999999
55000900200040,2022-02-20,1,0,0.9999999
55000900200040,2022-02-21,1,0,0.9999999
55000900200040,2022-02-22,1,0,0.9999999
55000900200040,2022-02-23,1,0,0.9999999
55000900200040,2022-02-24,1,0,0.9999999
55000900200040,2022-02-25,1,0,0.9999999
55000900200040,2022-02-26,1,0,0.9999999
55000900200040,2022-02-27,1,0,0.9999999
55000900200040,2022-02-28,1,0,0.9999999
55000900200040,2022-03-01,1,0,0.9999999
55000900200040,2022-03-02,1,0,0.9999999
55000900200040,2022-03-03,1,0,0.9999999
55000900200040,2022-03-04,1,0,0.9999999
55000900200040,2022-03-05,1,0,0.9999999
55000900200040,2022-03-06,1,0,0.9999999
55000900200040,2022-03-07,1,0,0.9999999
55000900200040,2022-03-08,1,0,0.9999999
55000900200040,2022-03-09,1,0,0.9999999
55000900200040,2022-03-10,1,0,0.9999999
55000900200040,2022-03-11,1,0,0.9999999
55000900200040,2022-03-12,1,0,0.9999999
55000900200040,2022-03-14,1,0,0.9999999
55000900200040,2022-03-15,1,0,0.9999999
55000900200040,2022-03-16,1,0,0.9999999
55000900200040,2022-03-17,1,0,0.9999999
55000900200040,2022-03-18,1,0,0.9999999
55000900200040,2022-03-19,1,0,0.9999999
55000900200040,2022-03-20,1,0,0.9999999
55000900200040,2022-03-21,1,0,0.9999999
55000900200040,2022-03-22,1,0,0.9999999
55000900200040,2022-03-23,1,0,0.9999999
55000900200040,2022-03-24,1,0,0.9999999
55000900200040,2022-03-25,1,0,0.9999999
55000900200040,2022-03-26,1,0,0.9999999
55000900200040,2022-03-27,1,0,0.9999999
55000900200040,2022-03-28,1,0,0.9999999
55000900200040,2022-03-29,1,0,0.9999999
55000900200040,2022-03-30,1,0,0.9999999
55000900200040,2022-03-31,1,0,0.9999999
55000900200040,2022-04-01,1,0,0.9999999
55000900200040,2022-04-02,1,0,0.9999999
55000900200040,2022-04-03,1,0,0.9999999
55000900200040,2022-04-04,1,0,0.9999999
55000900200040,2022-04-05,1,0,0.9999999
55000900200040,2022-04-06,1,0,0.9999999
55000900200040,2022-04-07,1,0,0.9999999
55000900200040,2022-04-08,1,0,0.9999999
55000900200040,2022-04-09,1,0,0.9999999
55000900200040,2022-04-10,1,0,0.9999999
55000900200040,2022-04-11,1,0,0.9999999
55000900200040,2022-04-12,1,0,0.9999999
55000900200040,2022-04-13,1,0,0.9999999
55000900200040,2022-04-14,1,0,0.9999999
55000900200040,2022-04-15,1,0,0.9999999
55000900200040,2022-04-16,1,0,0.9999999
55000900200040,2022-04-17,1,0,0.9999999
55000900200040,2022-04-18,1,0,0.9999999
55000900200040,2022-04-19,1,0,0.9999999
55000900200040,2022-04-20,1,0,0.9999999
55000900200040,2022-04-21,1,0,0.9999999
55000900200040,2022-04-22,1,0,0.9999999
55000900200040,2022-04-23,1,0,0.9999999
55000900200040,2022-04-24,1,0,0.9999999
55000900200040,2022-04-25,1,0,0.9999999
55000900200040,2022-04-26,1,0,0.9999999
55000900200040,2022-04-27,1,0,0.9999999
55000900200040,2022-04-28,1,0,0.9999999
55000900200040,2022-04-29,1,0,0.9999999
55000900200040,2022-04-30,1,0,0.9999999
55000900200040,2022-05-01,1,0,0.9999999
55000900200040,2022-05-02,1,0,0.9999999
55000900200040,2022-05-03,1,0,0.9999999
55000900200040,2022-05-04,1,0,0.9999999
55000900200040,2022-05-05,1,0,0.9999999
55000900200040,2022-05-06,1,0,0.9999999
55000900200040,2022-05-07,1,0,0.9999999
55000900200040,2022-05-08,1,0,0.9999999
55000900200040,2022-05-09,1,0,0.9999999
55000900200040,2022-05-10,1,0,0.9999999
55000900200040,2022-05-11,1,0,0.9999999
55000900200040,2022-05-12,1,0,0.9999999
55000900200040,2022-05-13,1,0,0.9999999
55000900200040,2022-05-14,1,0,0.9999999
55000900200040,2022-05-15,1,0,0.9999999
55000900200040,2022-05-16,1,0,0.9999999
55000900200040,2022-05-17,1,0,0.9999999
55000900200040,2022-05-18,1,0,0.9999999
55000900200040,2022-05-19,1,0,0.9999999
55000900200040,2022-05-20,1,0,0.9999999
55000900200040,2022-05-21,1,0,0.9999999
55000900200040,2022-05-22,1,0,0.9999999
55000900200040,2022-05-23,1,0,0.9999999
55000900200040,2022-05-24,1,0,0.9999999
55000900200040,2022-05-25,1,0,0.9999999
55000900200040,2022-05-26,1,0,0.9999999
55000900200040,2022-05-27,1,0,0.9999999
55000900200040,2022-05-28,1,0,0.9999999
55000900200040,2022-05-29,1,0,0.9999999
55000900200040,2022-05-30,1,0,0.9999999
55000900200040,2022-05-31,1,0,0.9999999
55000900200040,2022-06-01,1,0,0.9999999
55000900200040,2022-06-02,1,0,0.9999999
55000900200040,2022-06-03,1,0,0.9999999
55000900200040,2022-06-04,1,0,0.9999999
55000900200040,2022-06-05,1,0,0.9999999
55000900200040,2022-06-06,1,0,0.9999999
55000900200040,2022-06-07,1,0,0.9999999
55000900200040,2022-06-08,1,0,0.9999999
55000900200040,2022-06-09,1,0,0.9999999
55000900200040,2022-06-10,1,0,0.9999999
55000900200040,2022-06-11,1,0,0.9999999
55000900200040,2022-06-12,1,0,0.9999999
55000900200040,2022-06-13,1,0,0.9999999
55000900200040,2022-06-14,1,0,0.9999999
55000900200040,2022-06-15,1,0,0.9999999
55000900200040,2022-06-16,1,0,0.9999999
55000900200040,2022-06-17,1,0,0.9999999
55000900200040,2022-06-18,1,0,0.9999999
55000900200040,2022-06-19,1,0,0.9999999
55000900200040,2022-06-20,1,0,0.9999999
55000900200040,2022-06-21,1,0,0.9999999
55000900200040,2022-06-22,1,0,0.9999999
55000900200040,2022-06-23,1,0,0.9999999
55000900200040,2022-06-24,1,0,0.9999999
55000900200040,2022-06-25,1,0,0.9999999
55000900200040,2022-06-26,1,0,0.9999999
55000900200040,2022-06-27,1,0,0.9999999
55000900200040,2022-06-28,1,0,0.9999999
55000900200040,2022-06-29,1,0,0.9999999
55000900200040,2022-06-30,1,0,0.9999999
55000900200040,2022-07-01,1,0,0.9999999
55000900200040,2022-07-02,1,0,0.9999999
55000900200040,2022-07-03,1,0,0.9999999
55000900200040,2022-07-04,1,0,0.9999999
55000900200040,2022-07-05,1,0,0.9999999
55000900200040,2022-07-06,1,0,0.9999999
55000900200040,2022-07-07,1,0,0.9999999
55000900200040,2022-07-08,1,0,0.9999999
55000900200040,2022-07-09,1,0,0.9999999
55000900200040,2022-07-10,1,0,0.9999999
55000900200040,2022-07-11,1,0,0.9999999
55000900200040,2022-07-12,1,0,0.9999999
55000900200040,2022-07-13,1,0,0.9999999
55000900200040,2022-07-14,1,0,0.9999999
55000900200040,2022-07-15,1,0,0.9999999
55000900200040,2022-07-16,1,0,0.9999999
55000900200040,2022-07-17,1,0,0.9999999
55000900200040,2022-07-18,1,0,0.9999999
55000900200040,2022-07-19,1,0,0.9999999
55000900200040,2022-07-20,1,0,0.9999999
55000900200040,2022-07-21,1,0,0.9999999
55000900200040,2022-07-22,1,0,0.9999999
55000900200040,2022-07-23,1,0,0.9999999
55000900200040,2022-07-24,1,0,0.9999999
55000900200040,2022-07-25,1,0,0.9999999
55000900200040,2022-07-26,1,0,0.9999999
55000900200040,2022-07-27,1,0,0.9999999
55000900200040,2022-07-28,1,0,0.9999999
55000900200040,2022-07-29,1,0,0.9999999
55000900200040,2022-07-30,1,0,0.9999999
55000900200040,2022-07-31,1,0,0.9999999
55000900200040,2022-08-01,1,0,0.9999999
55000900200040,2022-08-02,1,0,0.9999999
55000900200040,2022-08-03,1,0,0.9999999
55000900200040,2022-08-04,1,0,0.9999999
55000900200040,2022-08-05,1,0,0.9999999
55000900200040,2022-08-06,1,0,0.9999999
55000900200040,2022-08-07,1,0,0.9999999
55000900200040,2022-08-08,1,0,0.9999999
55000900200040,2022-08-09,1,0,0.9999999
55000900200040,2022-08-10,1,0,0.9999999
55000900200040,2022-08-11,1,0,0.9999999
55000900200040,2022-08-12,1,0,0.9999999
55000900200040,2022-08-13,1,0,0.9999999
55000900200040,2022-08-14,1,0,0.9999999
55000900200040,2022-08-15,1,0,0.9999999
55000900200040,2022-08-16,1,0,0.9999999
55000900200040,2022-08-17,1,0,0.9999999
55000900200040,2022-08-18,1,0,0.9999999
55000900200040,2022-08-19,1,0,0.9999999
55000900200040,2022-08-20,1,0,0.9999999
55000900200040,2022-08-21,1,0,0.9999999
55000900200040,2022-08-22,1,0,0.9999999
55000900200040,2022-08-23,1,0,0.9999999
55000900200040,2022-08-24,1,0,0.9999999
55000900200040,2022-08-25,1,0,0.9999999
55000900200040,2022-08-26,1,0,0.9999999
55000900200040,2022-08-27,1,0,0.9999999
55000900200040,2022-08-28,1,0,0.9999999
55000900200040,2022-08-29,1,0,0.9999999
55000900200040,2022-08-30,1,0,0.9999999
55000900200040,2022-08-31,1,0,0.9999999
55000900200040,2022-09-01,1,0,0.9999999
55000900200040,2022-09-02,1,0,0.9999999
55000900200040,2022-09-03,1,0,0.9999999
55000900200040,2022-09-04,1,0,0.9999999
55000900200040,2022-09-05,1,0,0.9999999
55000900200040,2022-09-06,1,0,0.9999999
55000900200040,2022-09-07,1,0,0.9999999
55000900200040,2022-09-08,1,0,0.9999999
55000900200040,2022-09-09,1,0,0.9999999
55000900200040,2022-09-10,1,0,0.9999999
55000900200040,2022-09-11,1,0,0.9999999
55000900200040,2022-09-12,1,0,0.9999999
55000900200040,2022-09-13,1,0,0.9999999
55000900200040,2022-09-14,1,0,0.9999999
55000900200040,2022-09-15,1,0,0.9999999
55000900200040,2022-09-16,1,0,0.9999999
55000900200040,2022-09-17,1,0,0.9999999
55000900200040,2022-09-18,1,0,0.9999999
55000900200040,2022-09-19,1,0,0.9999999
55000900200040,2022-09-20,1,0,0.9999999
55000900200040,2022-09-21,1,0,0.9999999
55000900200040,2022-09-22,1,0,0.9999999
55000900200040,2022-09-23,1,0,0.9999999
55000900200040,2022-09-24,1,0,0.9999999
55000900200040,2022-09-25,1,0,0.9999999
55000900200040,2022-09-26,1,0,0.9999999
55000900200040,2022-09-27,1,0,0.9999999
55000900200040,2022-09-28,1,0,0.9999999
55000900200040,2022-09-29,1,0,0.9999999
55000900200040,2022-09-30,1,0,0.9999999
55000900200040,2022-10-01,1,0,0.9999999
55000900200040,2022-10-02,1,0,0.9999999
55000900200040,2022-10-03,1,0,0.9999999
55000900200040,2022-10-04,1,0,0.9999999
55000900200040,2022-10-05,1,0,0.9999999
55000900200040,2022-10-06,1,0,0.9999999
55000900200040,2022-10-07,1,0,0.9999999
55000900200040,2022-10-08,1,0,0.9999999
55000900200040,2022-10-09,1,0,0.9999999
55000900200040,2022-10-10,1,0,0.9999999
55000900200040,2022-10-11,1,0,0.9999999
55000900200040,2022-10-12,1,0,0.9999999
55000900200040,2022-10-13,1,0,0.9999999
55000900200040,2022-10-14,1,0,0.9999999
55000900200040,2022-10-15,1,0,0.9999999
55000900200040,2022-10-16,1,0,0.9999999
55000900200040,2022-10-17,1,0,0.9999999
55000900200040,2022-10-18,1,0,0.9999999
55000900200040,2022-10-19,1,0,0.9999999
55000900200040,2022-10-20,1,0,0.9999999
55000900200040,2022-10-21,1,0,0.9999999
55000900200040,2022-10-22,1,0,0.9999999
55000900200040,2022-10-23,1,0,0.9999999
55000900200040,2022-10-24,1,0,0.9999999
55000900200040,2022-10-25,1,0,0.9999999
55000900200040,2022-10-26,1,0,0.9999999
55000900200040,2022-10-27,1,0,0.9999999
55000900200040,2022-10-28,1,0,0.9999999
55000900200040,2022-10-29,1,0,0.9999999
55000900200040,2022-10-30,1,0,0.9999999
55000900200040,2022-10-31,1,0,0.9999999
55000900200040,2022-11-01,1,0,0.9999999
55000900200040,2022-11-02,1,0,0.9999999
55000900200040,2022-11-03,1,0,0.9999999
55000900200040,2022-11-04,1,0,0.9999999
55000900200040,2022-11-05,1,0,0.9999999
55000900200040,2022-11-06,1,0,0.9999999
55000900200040,2022-11-07,1,0,0.9999999
55000900200040,2022-11-08,1,0,0.9999999
55000900200040,2022-11-09,1,0,0.9999999
55000900200040,2022-11-10,1,0,0.9999999
55000900200040,2022-11-11,1,0,0.9999999
55000900200040,2022-11-12,1,0,0.9999999
55000900200040,2022-11-13,1,0,0.9999999
55000900200040,2022-11-14,1,0,0.9999999
55000900200040,2022-11-15,1,0,0.9999999
55000900200040,2022-11-16,1,0,0.9999999
55000900200040,2022-11-17,1,0,0.9999999
55000900200040,2022-11-18,1,0,0.9999999
55000900200040,2022-11-19,1,0,0.9999999
55000900200040,2022-11-20,1,0,0.9999999
55000900200040,2022-11-21,1,0,0.9999999
55000900200040,2022-11-22,1,0,0.9999999
55000900200040,2022-11-23,1,0,0.9999999
55000900200040,2022-11-24,1,0,0.9999999
55000900200040,2022-11-25,1,0,0.9999999
55000900200040,2022-11-26,1,0,0.9999999
55000900200040,2022-11-27,1,0,0.9999999
55000900200040,2022-11-28,1,0,0.9999999
55000900200040,2022-11-29,1,0,0.9999999
55000900200040,2022-11-30,1,0,0.9999999
55000900200040,2022-12-01,1,0,0.9999999
55000900200040,2022-12-02,1,0,0.9999999
55000900200040,2022-12-03,1,0,0.9999999
55000900200040,2022-12-04,1,0,0.9999999
55000900200040,2022-12-05,1,0,0.9999999
55000900200040,2022-12-06,1,0,0.9999999
55000900200040,2022-12-07,1,0,0.9999999
55000900200040,2022-12-08,1,0,0.9999999
55000900200040,2022-12-09,1,0,0.9999999
55000900200040,2022-12-10,1,0,0.9999999
55000900200040,2022-12-11,1,0,0.9999999
55000900200040,2022-12-12,1,0,0.9999999
55000900200040,2022-12-13,1,0,0.9999999
55000900200040,2022-12-14,1,0,0.9999999
55000900200040,2022-12-15,1,0,0.9999999
55000900200040,2022-12-16,1,0,0.9999999
55000900200040,2022-12-17,1,0,0.9999999
55000900200040,2022-12-18,1,0,0.9999999
55000900200040,2022-12-19,1,0,0.9999999
55000900200040,2022-12-20,1,0,0.9999999
55000900200040,2022-12-21,1,0,0.9999999
55000900200040,2022-12-22,1,0,0.9999999
55000900200040,2022-12-23,1,0,0.9999999
55000900200040,2022-12-24,1,0,0.9999999
55000900200040,2022-12-25,1,0,0.9999999
55000900200040,2022-12-26,1,0,0.9999999
55000900200040,2022-12-27,1,0,0.9999999
55000900200040,2022-12-28,1,0,0.9999999
55000900200040,2022-12-29,1,0,0.9999999
55000900200040,2022-12-30,1,0,0.9999999
55000900200040,2022-12-31,1,0,0.9999999
55000900200040,2023-01-01,1,0,0.9999999
55000900200040,2023-01-02,1,0,0.9999999
55000900200040,2023-01-03,1,0,0.9999999
55000900200040,2023-01-04,1,0,0.9999999
55000900200040,2023-01-05,1,0,0.9999999
55000900200040,2023-01-06,1,0,0.9999999
55000900200040,2023-01-07,1,0,0.9999999
55000900200040,2023-01-08,1,0,0.9999999
55000900200040,2023-01-09,1,0,0.9999999
55000900200040,2023-01-10,1,0,0.9999999
55000900200040,2023-01-11,1,0,0.9999999
55000900200040,2023-01-12,1,0,0.9999999
55000900200040,2023-01-13,1,0,0.9999999
55000900200040,2023-01-14,1,0,0.9999999
55000900200040,2023-01-15,1,0,0.9999999
55000900200040,2023-01-16,1,0,0.9999999
55000900200040,2023-01-17,1,0,0.9999999
55000900200040,2023-01-18,1,0,0.9999999
55000900200040,2023-01-19,1,0,0.9999999
55000900200040,2023-01-20,1,0,0.9999999
55000900200040,2023-01-21,1,0,0.9999999
55000900200040,2023-01-22,1,0,0.9999999
55000900200040,2023-01-23,1,0,0.9999999
55000900200040,2023-01-24,1,0,0.9999999
55000900200040,2023-01-25,1,0,0.9999999
55000900200040,2023-01-26,1,0,0.9999999
55000900200040,2023-01-27,1,0,0.9999999
55000900200040,2023-01-28,1,0,0.9999999
55000900200040,2023-01-29,1,0,0.9999999
55000900200040,2023-01-30,1,0,0.9999999
55000900200040,2023-01-31,1,0,0.9999999
55000900200040,2023-02-01,1,0,0.9999999
55000900200040,2023-02-02,1,0,0.9999999
55000900200040,2023-02-03,1,0,0.9999999
55000900200040,2023-02-04,1,0,0.9999999
55000900200040,2023-02-05,1,0,0.9999999
55000900200040,2023-02-06,1,0,0.9999999
55000900200040,2023-02-07,1,0,0.9999999
55000900200040,2023-02-08,1,0,0.9999999
55000900200040,2023-02-09,1,0,0.9999999
55000900200040,2023-02-10,1,0,0.9999999
55000900200040,2023-02-11,1,0,0.9999999
55000900200040,2023-02-12,1,0,0.9999999
55000900200040,2023-02-13,1,0,0.9999999
55000900200040,2023-02-14,1,0,0.9999999
55000900200040,2023-02-15,1,0,0.9999999
55000900200040,2023-02-16,1,0,0.9999999
55000900200040,2023-02-17,1,0,0.9999999
55000900200040,2023-02-18,1,0,0.9999999
55000900200040,2023-02-19,1,0,0.9999999
55000900200040,2023-02-20,1,0,0.9999999
55000900200040,2023-02-21,1,0,0.9999999
55000900200040,2023-02-22,1,0,0.9999999
55000900200040,2023-02-23,1,0,0.9999999
55000900200040,2023-02-24,1,0,0.9999999
55000900200040,2023-02-25,1,0,0.9999999
55000900200040,2023-02-26,1,0,0.9999999
55000900200040,2023-02-27,1,0,0.9999999
55000900200040,2023-02-28,1,0,0.9999999
55000900200040,2023-03-01,1,0,0.9999999
55000900200040,2023-03-02,1,0,0.9999999
55000900200040,2023-03-03,1,0,0.9999999
55000900200040,2023-03-04,1,0,0.9999999
55000900200040,2023-03-05,1,0,0.9999999
55000900200040,2023-03-06,1,0,0.9999999
55000900200040,2023-03-07,1,0,0.9999999
55000900200040,2023-03-08,1,0,0.9999999
55000900200040,2023-03-09,1,0,0.9999999
55000900200040,2023-03-10,1,0,0.9999999
55000900200040,2023-03-11,1,0,0.9999999
55000900200040,2023-03-13,1,0,0.9999999
55000900200040,2023-03-14,1,0,0.9999999
55000900200040,2023-03-15,1,0,0.9999999
55000900200040,2023-03-16,1,0,0.9999999
55000900200040,2023-03-17,1,0,0.9999999
55000900200040,2023-03-18,1,0,0.9999999
55000900200040,2023-03-19,1,0,0.9999999
55000900200040,2023-03-20,1,0,0.9999999
55000900200040,2023-03-21,1,0,0.9999999
55000900200040,2023-03-22,1,0,0.9999999
55000900200040,2023-03-23,1,0,0.9999999
55000900200040,2023-03-24,1,0,0.9999999
55000900200040,2023-03-25,1,0,0.9999999
55000900200040,2023-03-26,1,0,0.9999999
55000900200040,2023-03-27,1,0,0.9999999
55000900200040,2023-03-28,1,0,0.9999999
55000900200040,2023-03-29,1,0,0.9999999
55000900200040,2023-03-30,1,0,0.9999999
55000900200040,2023-03-31,1,0,0.9999999
55000900200040,2023-04-01,1,0,0.9999999
55000900200040,2023-04-02,1,0,0.9999999
55000900200040,2023-04-03,1,0,0.9999999
55000900200040,2023-04-04,1,0,0.9999999
55000900200040,2023-04-05,1,0,0.9999999
55000900200040,2023-04-06,1,0,0.9999999
55000900200040,2023-04-07,1,0,0.9999999
55000900200040,2023-04-08,1,0,0.9999999
55000900200040,2023-04-09,1,0,0.9999999
55000900200040,2023-04-10,1,0,0.9999999
55000900200040,2023-04-11,1,0,0.9999999
55000900200040,2023-04-12,1,0,0.9999999
55000900200040,2023-04-13,1,0,0.9999999
55000900200040,2023-04-14,1,0,0.9999999
55000900200040,2023-04-15,1,0,0.9999999
55000900200040,2023-04-16,1,0,0.9999999
55000900200040,2023-04-17,1,0,0.9999999
55000900200040,2023-04-18,1,0,0.9999999
55000900200040,2023-04-19,1,0,0.9999999
55000900200040,2023-04-20,1,0,0.9999999
55000900201800,2020-09-29,1,8,0.99976796
55000900201800,2020-09-30,1,8,0.9998512
55000900201800,2020-10-01,1,8,0.9988657
55000900201800,2020-10-02,1,8,0.99524164
55000900201800,2020-10-03,1,8,0.9973152
55000900201800,2020-10-04,1,8,0.99907243
55000900201800,2020-10-05,1,8,0.99993324
55000900201800,2020-10-06,1,8,0.999982
55000900201800,2020-10-07,1,8,0.99998987
55000900201800,2020-10-08,1,8,0.99991524
55000900201800,2020-10-09,1,8,0.9999758
55000900201800,2020-10-11,1,8,0.9999801
55000900201800,2020-10-12,1,8,0.99993277
55000900201800,2020-10-13,1,8,0.99994063
55000900201800,2020-10-14,1,8,0.99878055
55000900201800,2020-10-15,1,8,0.99998784
55000900201800,2020-10-16,1,8,0.9999826
55000900201800,2020-10-17,1,8,0.99986804
55000900201800,2020-10-18,1,8,0.99893147
55000900201800,2020-10-19,1,8,0.9999938
55000900201800,2020-10-20,1,0,0.9999589
55000900201800,2020-10-21,1,0,0.99989283
55000900201811,2020-09-29,1,8,0.99999464
55000900201811,2020-09-30,1,8,0.99998355
55000900201811,2020-10-01,1,8,0.99997365
55000900201811,2020-10-02,1,8,0.9998491
55000900201811,2020-10-03,1,8,0.99988604
55000900201811,2020-10-04,1,8,0.999959
55000900201811,2020-10-05,1,8,0.99997616
55000900201811,2020-10-06,1,8,0.99998415
55000900201811,2020-10-07,1,8,0.99998486
55000900201811,2020-10-08,1,8,0.9999479
55000900201811,2020-10-09,1,8,0.9999336
55000900201811,2020-10-10,1,8,0.999925
55000900201811,2020-10-11,1,8,0.9999758
55000900201811,2020-10-12,1,8,0.99994814
55000900201811,2020-10-13,1,8,0.99998415
55000900201811,2020-10-14,1,8,0.9999931
55000900201811,2020-10-15,1,8,0.9999995
55000900201811,2020-10-16,1,8,0.9999846
55000900201811,2020-10-17,1,8,0.9999852
55000900201811,2020-10-18,1,8,0.9999943
55000900201811,2020-10-19,1,8,0.99999475
55000900201811,2020-10-20,1,8,0.99999416
55000900201811,2020-10-21,1,8,0.99999774
55000900201811,2020-10-22,1,0,0.9999927
55000900201811,2020-10-23,1,0,0.99999547
55000900202948,2020-09-29,1,8,0.99999094
55000900202948,2020-09-30,1,8,0.99996114
55000900202948,2020-10-01,1,8,0.9996177
55000900202948,2020-10-02,1,8,0.9997329
55000900202948,2020-10-03,1,8,0.9999654
55000900202948,2020-10-04,1,8,0.9999238
55000900202948,2020-10-05,1,8,0.99998784
55000900202948,2020-10-06,1,8,0.99998677
55000900202948,2020-10-07,1,8,0.99997115
55000900202948,2020-10-08,1,8,0.9999794
55000900202948,2020-10-09,1,8,0.99999285
55000900202948,2020-10-10,1,8,0.9999894
55000900202948,2020-10-11,1,8,0.9999747
55000900202948,2020-10-12,1,8,0.99994826
55000900202948,2020-10-13,1,8,0.99980897
55000900202948,2020-10-14,1,8,0.9991295
55000900202948,2020-10-15,1,8,0.99997616
55000900202948,2020-10-16,1,8,0.9998976
55000900202948,2020-10-17,1,8,0.99997246
55000900202948,2020-10-18,1,8,0.99998593
55000900202948,2020-10-19,1,8,0.9999876
55000900202948,2020-10-20,1,8,0.99998295
55000900202948,2020-10-21,1,0,0.9999851
55000900202948,2020-10-22,1,0,0.99998224
55000900233930,2020-09-29,1,8,0.9999609
55000900233930,2020-09-30,1,8,0.9999609
55000900233930,2020-10-01,1,8,0.9999609
55000900233930,2020-10-02,1,8,0.9999609
55000900233930,2020-10-03,1,8,0.9999609
55000900233930,2020-10-04,1,8,0.9999609
55000900233930,2020-10-05,1,8,0.9999609
55000900233930,2020-10-06,1,8,0.9999609
55000900233930,2020-10-07,1,8,0.9999609
55000900233930,2020-10-08,1,8,0.9999609
55000900233930,2020-10-09,1,8,0.9999609
55000900233930,2020-10-10,1,8,0.9999609
55000900233930,2020-10-11,1,8,0.9999609
55000900233930,2020-10-12,1,8,0.9999609
55000900233930,2020-10-13,1,8,0.9999609
55000900233930,2020-10-14,1,8,0.9999609
55000900233930,2020-10-15,1,8,0.9999609
55000900233930,2020-10-16,1,8,0.9999609
55000900233930,2020-10-17,1,8,0.9999609
55000900233930,2020-10-18,1,8,0.9999609
55000900233930,2020-10-19,1,8,0.9999609
55000900233930,2020-10-20,1,8,0.9999609
55000900233930,2020-10-21,1,8,0.9999609
55000900233930,2020-10-22,1,8,0.9999609
55000900233930,2020-10-23,1,8,0.9999609
55000900233930,2020-10-24,1,8,0.9999609
55000900233930,2020-10-25,1,8,0.9999609
55000900233930,2020-10-26,1,0,0.9999733
55000900233930,2020-10-27,1,0,0.99981564
55000900234607,2020-09-29,1,0,0.9999968
55000900234607,2020-09-30,1,0,0.9999913
55000900234607,2020-10-01,1,0,0.99976784
55000900234607,2020-10-02,1,0,0.9999733
55000900234607,2020-10-03,1,0,0.9999747
55000900234607,2020-10-04,1,0,0.9999789
55000900234607,2020-10-05,1,0,0.99998474
55000900234607,2020-10-06,1,0,0.9999845
55000900234607,2020-10-07,1,0,0.99993277
55000900234607,2020-10-08,1,0,0.99986815
55000900234607,2020-10-09,1,0,0.99995923
55000900234607,2020-10-10,1,0,0.9999734
55000900234607,2020-10-11,1,0,0.99987876
55000900234607,2020-10-12,1,0,0.9998623
55000900234607,2020-10-13,1,0,0.9999999
55000900234607,2020-10-14,1,0,1.0
55000900234607,2020-10-15,1,0,0.9999999
55000900234607,2020-10-16,1,0,0.9999999
55000900234607,2020-10-17,1,0,0.99999976
55000900234607,2020-10-18,1,0,0.9999999
55000900234607,2020-10-19,1,0,0.9999993
55000900234607,2020-10-20,1,0,0.999992
55000900234607,2020-10-21,1,0,0.999997
55000900234607,2020-10-22,1,0,0.99999547
55000900234607,2020-10-23,1,0,0.9999776
55000900234607,2020-10-24,1,0,0.99998546
55000900234607,2020-10-25,1,0,0.9999987
55000900234607,2020-10-26,1,0,0.9999999
55000900234607,2020-10-27,1,0,0.9999999
55000900234607,2020-10-28,1,0,0.9999999
55000900234607,2020-10-29,1,0,0.99999785
55000900234607,2020-10-30,1,0,0.99999857
55000900234607,2020-10-31,1,0,0.9999968
55000900234607,2020-11-01,1,0,0.9999441
55000900234607,2020-11-02,1,0,0.9999764
55000900234607,2020-11-03,1,0,0.9999683
55000900234607,2020-11-04,1,0,0.9999925
55000900234607,2020-11-05,1,0,0.99999356
55000900234607,2020-11-06,1,0,0.99998236
55000900234607,2020-11-07,1,0,0.9999685
55000900234607,2020-11-08,1,0,0.99999845
55000900234607,2020-11-09,1,0,0.99999654
55000900234607,2020-11-10,1,0,0.99999917
55000900234607,2020-11-11,1,0,0.9999993
55000900234607,2020-11-12,1,0,0.99999845
55000900234607,2020-11-13,1,0,0.9999999
55000900234607,2020-11-14,1,0,0.9999999
55000900234607,2020-11-15,1,0,0.9999995
55000900234607,2020-11-16,1,0,1.0
55000900234607,2020-11-17,1,0,0.9999999
55000900234607,2020-11-18,1,0,0.9999999
55000900234607,2020-11-19,1,0,1.0
55000900234607,2020-11-20,1,0,1.0
55000900234607,2020-11-21,1,0,1.0
55000900234607,2020-11-22,1,0,1.0
55000900234607,2020-11-23,1,0,0.99999976
55000900234607,2020-11-24,1,0,0.9999995
55000900234607,2020-11-25,1,0,0.99999976
55000900234607,2020-11-26,1,0,1.0
55000900234607,2020-11-27,1,0,1.0
55000900234607,2020-11-28,1,0,1.0
55000900234607,2020-11-29,1,0,0.9999994
55000900234607,2020-11-30,1,0,0.99999845
55000900234607,2020-12-01,1,0,0.9999995
55000900234607,2020-12-02,1,0,0.99999964
55000900234607,2020-12-03,1,0,1.0
55000900234607,2020-12-04,1,0,1.0
55000900234607,2020-12-05,1,0,0.9999999
55000900234607,2020-12-06,1,0,0.99999976
55000900234607,2020-12-07,1,0,0.99999964
55000900234607,2020-12-08,1,0,0.9999999
55000900234607,2020-12-09,1,0,1.0
55000900234607,2020-12-10,1,0,0.9999999
55000900234607,2020-12-11,1,0,0.99999976
55000900234607,2020-12-12,1,0,0.99999964
55000900234607,2020-12-13,1,0,0.99999976
55000900234607,2020-12-14,1,0,0.9999999
55000900234607,2020-12-15,1,0,0.99999976
55000900234607,2020-12-16,1,0,0.9999999
55000900234607,2020-12-17,1,0,0.9999994
55000900234607,2020-12-18,1,0,1.0
55000900234607,2020-12-19,1,0,1.0
55000900234607,2020-12-20,1,0,1.0
55000900234607,2020-12-21,1,0,0.9999994
55000900234607,2020-12-22,1,0,1.0
55000900234607,2020-12-23,1,0,1.0
55000900234607,2020-12-24,1,0,1.0
55000900234607,2020-12-25,1,0,0.99999964
55000900234607,2020-12-26,1,0,0.9999994
55000900234607,2020-12-27,1,0,0.99999976
55000900234607,2020-12-28,1,0,1.0
55000900234607,2020-12-29,1,0,1.0
55000900234607,2020-12-30,1,0,0.9999995
55000900234607,2020-12-31,1,0,0.99999976
55000900234607,2021-01-01,1,0,0.99999976
55000900234607,2021-01-02,1,0,1.0
55000900234607,2021-01-03,1,0,1.0
55000900234607,2021-01-04,1,0,1.0
55000900234607,2021-01-05,1,0,1.0
55000900234607,2021-01-06,1,0,1.0
55000900234607,2021-01-07,1,0,1.0
55000900234607,2021-01-08,1,0,1.0
55000900234607,2021-01-09,1,0,1.0
55000900234607,2021-01-10,1,0,1.0
55000900234607,2021-01-11,1,0,1.0
55000900234607,2021-01-12,1,0,1.0
55000900234607,2021-01-13,1,0,1.0
55000900234607,2021-01-14,1,0,1.0
55000900234607,2021-01-15,1,0,1.0
55000900234607,2021-01-16,1,0,1.0
55000900234607,2021-01-17,1,0,1.0
55000900234607,2021-01-18,1,0,1.0
55000900234607,2021-01-19,1,0,1.0
55000900234607,2021-01-20,1,0,1.0
55000900234607,2021-01-21,1,0,1.0
55000900234607,2021-01-22,1,0,1.0
55000900234607,2021-01-23,1,0,1.0
55000900234607,2021-01-24,1,0,1.0
55000900234607,2021-01-25,1,0,1.0
55000900234607,2021-01-26,1,0,1.0
55000900234607,2021-01-27,1,0,1.0
55000900234607,2021-01-28,1,0,1.0
55000900234607,2021-01-29,1,0,1.0
55000900234607,2021-01-30,1,0,1.0
55000900234607,2021-01-31,1,0,1.0
55000900234607,2021-02-01,1,0,1.0
55000900234607,2021-02-02,1,0,1.0
55000900234607,2021-02-03,1,0,1.0
55000900234607,2021-02-04,1,0,1.0
55000900234607,2021-02-05,1,0,1.0
55000900234607,2021-02-06,1,0,1.0
55000900234607,2021-02-07,1,0,1.0
55000900234607,2021-02-08,1,0,1.0
55000900234607,2021-02-09,1,0,1.0
55000900234607,2021-02-10,1,0,1.0
55000900234607,2021-02-11,1,0,1.0
55000900234607,2021-02-12,1,0,1.0
55000900234607,2021-02-13,1,0,1.0
55000900234607,2021-02-14,1,0,1.0
55000900234607,2021-02-15,1,0,1.0
55000900234607,2021-02-16,1,0,1.0
55000900234607,2021-02-17,1,0,1.0
55000900234607,2021-02-18,1,0,1.0
55000900234607,2021-02-19,1,0,1.0
55000900234607,2021-02-20,1,0,1.0
55000900234607,2021-02-21,1,0,1.0
55000900234607,2021-02-22,1,0,1.0
55000900234607,2021-02-23,1,0,1.0
55000900234607,2021-02-24,1,0,1.0
55000900234607,2021-02-25,1,0,1.0
55000900234607,2021-02-26,1,0,1.0
55000900234607,2021-02-27,1,0,1.0
55000900234607,2021-02-28,1,0,1.0
55000900234607,2021-03-01,1,0,1.0
55000900234607,2021-03-02,1,0,1.0
55000900234607,2021-03-03,1,0,1.0
55000900234607,2021-03-04,1,0,1.0
55000900234607,2021-03-05,1,0,1.0
55000900234607,2021-03-06,1,0,1.0
55000900234607,2021-03-07,1,0,1.0
55000900234607,2021-03-08,1,0,1.0
55000900234607,2021-03-09,1,0,1.0
55000900234607,2021-03-10,1,0,1.0
55000900234607,2021-03-11,1,0,1.0
55000900234607,2021-03-12,1,0,1.0
55000900234607,2021-03-13,1,0,1.0
55000900234607,2021-03-15,1,0,1.0
55000900234607,2021-03-16,1,0,1.0
55000900234607,2021-03-17,1,0,1.0
55000900234607,2021-03-18,1,0,1.0
55000900234607,2021-03-19,1,0,1.0
55000900234607,2021-03-20,1,0,1.0
55000900234607,2021-03-21,1,0,1.0
55000900234607,2021-03-22,1,0,1.0
55000900234607,2021-03-23,1,0,1.0
55000900234607,2021-03-24,1,0,1.0
55000900234607,2021-03-25,1,0,1.0
55000900234607,2021-03-26,1,0,1.0
55000900234607,2021-03-27,1,0,1.0
55000900234607,2021-03-28,1,0,1.0
55000900234607,2021-03-29,1,0,1.0
55000900234607,2021-03-30,1,0,1.0
55000900234607,2021-03-31,1,0,1.0
55000900234607,2021-04-01,1,0,1.0
55000900234607,2021-04-02,1,0,1.0
55000900234607,2021-04-03,1,0,1.0
55000900234607,2021-04-04,1,0,1.0
55000900234607,2021-04-05,1,0,1.0
55000900234607,2021-04-06,1,0,1.0
55000900234607,2021-04-07,1,0,1.0
55000900234607,2021-04-08,1,0,1.0
55000900234607,2021-04-09,1,0,1.0
55000900234607,2021-04-10,1,0,1.0
55000900234607,2021-04-11,1,0,1.0
55000900234607,2021-04-12,1,0,1.0
55000900234607,2021-04-13,1,0,1.0
55000900234607,2021-04-14,1,0,1.0
55000900234607,2021-04-15,1,0,1.0
55000900234607,2021-04-16,1,0,1.0
55000900234607,2021-04-17,1,0,1.0
55000900234607,2021-04-18,1,0,1.0
55000900234607,2021-04-19,1,0,1.0
55000900234607,2021-04-20,1,0,1.0
55000900234607,2021-04-21,1,0,1.0
55000900234607,2021-04-22,1,0,1.0
55000900234607,2021-04-23,1,0,1.0
55000900234607,2021-04-24,1,0,1.0
55000900234607,2021-04-25,1,0,1.0
55000900234607,2021-04-26,1,0,1.0
55000900234607,2021-04-27,1,0,1.0
55000900234607,2021-04-28,1,0,1.0
55000900234607,2021-04-29,1,0,1.0
55000900234607,2021-04-30,1,0,1.0
55000900234607,2021-05-01,1,0,1.0
55000900234607,2021-05-02,1,0,1.0
55000900234607,2021-05-03,1,0,1.0
55000900234607,2021-05-04,1,0,1.0
55000900234607,2021-05-05,1,0,1.0
55000900234607,2021-05-06,1,0,1.0
55000900234607,2021-05-07,1,0,1.0
55000900234607,2021-05-08,1,0,1.0
55000900234607,2021-05-09,1,0,1.0
55000900234607,2021-05-10,1,0,1.0
55000900234607,2021-05-11,1,0,1.0
55000900234607,2021-05-12,1,0,1.0
55000900234607,2021-05-13,1,0,1.0
55000900234607,2021-05-14,1,0,1.0
55000900234607,2021-05-15,1,0,1.0
55000900234607,2021-05-16,1,0,1.0
55000900234607,2021-05-17,1,0,1.0
55000900234607,2021-05-18,1,0,1.0
55000900234607,2021-05-19,1,0,1.0
55000900234607,2021-05-20,1,0,1.0
55000900234607,2021-05-21,1,0,1.0
55000900234607,2021-05-22,1,0,1.0
55000900234607,2021-05-23,1,0,1.0
55000900234607,2021-05-24,1,0,1.0
55000900234607,2021-05-25,1,0,1.0
55000900234607,2021-05-26,1,0,1.0
55000900234607,2021-05-27,1,0,1.0
55000900234607,2021-05-28,1,0,1.0
55000900234607,2021-05-29,1,0,1.0
55000900234607,2021-05-30,1,0,1.0
55000900234607,2021-05-31,1,0,1.0
55000900234607,2021-06-01,1,0,1.0
55000900234607,2021-06-02,1,0,1.0
55000900234607,2021-06-03,1,0,1.0
55000900234607,2021-06-04,1,0,1.0
55000900234607,2021-06-05,1,0,1.0
55000900234607,2021-06-06,1,0,1.0
55000900234607,2021-06-07,1,0,1.0
55000900234607,2021-06-08,1,0,1.0
55000900234607,2021-06-09,1,0,1.0
55000900234607,2021-06-10,1,0,1.0
55000900234607,2021-06-11,1,0,1.0
55000900234607,2021-06-12,1,0,1.0
55000900234607,2021-06-13,1,0,1.0
55000900234607,2021-06-14,1,0,1.0
55000900234607,2021-06-15,1,0,1.0
55000900234607,2021-06-16,1,0,1.0
55000900234607,2021-06-17,1,0,1.0
55000900234607,2021-06-18,1,0,1.0
55000900234607,2021-06-19,1,0,1.0
55000900234607,2021-06-20,1,0,1.0
55000900234607,2021-06-22,1,0,1.0
55000900234607,2021-06-23,1,0,1.0
55000900234607,2021-06-24,1,0,1.0
55000900234607,2021-06-25,1,0,1.0
55000900234607,2021-06-26,1,0,1.0
55000900234607,2021-06-27,1,0,1.0
55000900234607,2021-06-28,1,0,1.0
55000900234607,2021-06-29,1,0,1.0
55000900234607,2021-06-30,1,0,1.0
55000900234607,2021-07-01,1,0,1.0
55000900234607,2021-07-02,1,0,1.0
55000900234607,2021-07-03,1,0,1.0
55000900234607,2021-07-04,1,0,1.0
55000900234607,2021-07-05,1,0,1.0
55000900234607,2021-07-06,1,0,1.0
55000900234607,2021-07-07,1,0,1.0
55000900234607,2021-07-08,1,0,1.0
55000900234607,2021-07-09,1,0,1.0
55000900234607,2021-07-10,1,0,1.0
55000900234607,2021-07-11,1,0,1.0
55000900234607,2021-07-12,1,0,1.0
55000900234607,2021-07-13,1,0,1.0
55000900234607,2021-07-14,1,0,1.0
55000900234607,2021-07-15,1,0,1.0
55000900234607,2021-07-16,1,0,1.0
55000900234607,2021-07-17,1,0,1.0
55000900234607,2021-07-18,1,0,1.0
55000900234607,2021-07-19,1,0,1.0
55000900234607,2021-07-27,1,0,1.0
55000900234607,2021-07-28,1,0,1.0
55000900234607,2021-07-29,1,0,1.0
55000900234607,2021-07-30,1,0,1.0
55000900234607,2021-07-31,1,0,1.0
55000900234607,2021-08-01,1,0,1.0
55000900234607,2021-08-02,1,0,1.0
55000900234607,2021-08-03,1,0,1.0
55000900234607,2021-08-04,1,0,1.0
55000900234607,2021-08-05,1,0,1.0
55000900234607,2021-08-06,1,0,1.0
55000900234607,2021-08-07,1,0,1.0
55000900234607,2021-08-08,1,0,1.0
55000900234607,2021-08-09,1,0,1.0
55000900234607,2021-08-10,1,0,1.0
55000900234607,2021-08-11,1,0,1.0
55000900234607,2021-08-12,1,0,1.0
55000900234607,2021-08-13,1,0,1.0
55000900234607,2021-08-14,1,0,1.0
55000900234607,2021-08-15,1,0,1.0
55000900234607,2021-08-16,1,0,1.0
55000900234607,2021-08-17,1,0,1.0
55000900234607,2021-08-18,1,0,1.0
55000900234607,2021-08-19,1,0,1.0
55000900234607,2021-08-20,1,0,1.0
55000900234607,2021-08-21,1,0,1.0
55000900234607,2021-08-22,1,0,1.0
55000900234607,2021-08-23,1,0,1.0
55000900234607,2021-08-24,1,0,1.0
55000900234607,2021-08-25,1,0,1.0
55000900234607,2021-08-26,1,0,1.0
55000900234607,2021-08-27,1,0,1.0
55000900234607,2021-08-28,1,0,1.0
55000900234607,2021-08-29,1,0,1.0
55000900234607,2021-08-30,1,0,1.0
55000900234607,2021-08-31,1,0,1.0
55000900234607,2021-09-01,1,0,1.0
55000900234607,2021-09-02,1,0,1.0
55000900234607,2021-09-03,1,0,1.0
55000900234607,2021-09-04,1,0,1.0
55000900234607,2021-09-05,1,0,1.0
55000900234607,2021-09-06,1,0,1.0
55000900234607,2021-09-07,1,0,1.0
55000900234607,2021-09-08,1,0,1.0
55000900234607,2021-09-09,1,0,1.0
55000900234607,2021-09-10,1,0,1.0
55000900234607,2021-09-11,1,0,1.0
55000900234607,2021-09-12,1,0,1.0
55000900234607,2021-09-13,1,0,1.0
55000900234607,2021-09-14,1,0,1.0
55000900234607,2021-09-15,1,0,1.0
55000900234607,2021-09-16,1,0,1.0
55000900234607,2021-09-17,1,0,1.0
55000900234607,2021-09-18,1,0,1.0
55000900234607,2021-09-19,1,0,1.0
55000900234607,2021-09-20,1,0,1.0
55000900234607,2021-09-21,1,0,1.0
55000900234607,2021-09-22,1,0,1.0
55000900234607,2021-09-23,1,0,1.0
55000900234607,2021-09-24,1,0,1.0
55000900234607,2021-09-25,1,0,1.0
55000900234607,2021-09-26,1,0,1.0
55000900234607,2021-09-27,1,0,1.0
55000900234607,2021-09-28,1,0,1.0
55000900234607,2021-09-29,1,0,1.0
55000900234607,2021-09-30,1,0,1.0
55000900234607,2021-10-01,1,0,1.0
55000900234607,2021-10-02,1,0,1.0
55000900234607,2021-10-03,1,0,1.0
55000900234607,2021-10-04,1,0,1.0
55000900234607,2021-10-05,1,0,1.0
55000900234607,2021-10-06,1,0,1.0
55000900234607,2021-10-07,1,0,1.0
55000900234607,2021-10-08,1,0,1.0
55000900234607,2021-10-09,1,0,1.0
55000900234607,2021-10-10,1,0,1.0
55000900234607,2021-10-11,1,0,1.0
55000900234607,2021-10-12,1,0,1.0
55000900234607,2021-10-13,1,0,1.0
55000900234607,2021-10-14,1,0,1.0
55000900234607,2021-10-15,1,0,1.0
55000900234607,2021-10-16,1,0,1.0
55000900234607,2021-10-17,1,0,1.0
55000900234607,2021-10-18,1,0,1.0
55000900234607,2021-10-19,1,0,1.0
55000900234607,2021-10-20,1,0,1.0
55000900234607,2021-10-21,1,0,1.0
55000900234607,2021-10-22,1,0,1.0
55000900234607,2021-10-23,1,0,1.0
55000900234607,2021-10-24,1,0,1.0
55000900234607,2021-10-25,1,0,1.0
55000900234607,2021-10-26,1,0,1.0
55000900234607,2021-10-27,1,0,1.0
55000900234607,2021-10-28,1,0,1.0
55000900234607,2021-10-29,1,0,1.0
55000900234607,2021-10-30,1,0,1.0
55000900234607,2021-10-31,1,0,1.0
55000900234607,2021-11-01,1,0,1.0
55000900234607,2021-11-02,1,0,1.0
55000900234607,2021-11-03,1,0,1.0
55000900234607,2021-11-04,1,0,1.0
55000900234607,2021-11-05,1,0,1.0
55000900234607,2021-11-06,1,0,1.0
55000900234607,2021-11-07,1,0,1.0
55000900234607,2021-11-08,1,0,1.0
55000900234607,2021-11-09,1,0,1.0
55000900234607,2021-11-10,1,0,1.0
55000900234607,2021-11-11,1,0,1.0
55000900234607,2021-11-12,1,0,1.0
55000900234607,2021-11-13,1,0,1.0
55000900234607,2021-11-14,1,0,1.0
55000900234607,2021-11-15,1,0,1.0
55000900234607,2021-11-16,1,0,1.0
55000900234607,2021-11-17,1,0,1.0
55000900234607,2021-11-18,1,0,1.0
55000900234607,2021-11-19,1,0,1.0
55000900234607,2021-11-20,1,0,1.0
55000900234607,2021-11-21,1,0,1.0
55000900234607,2021-11-22,1,0,1.0
55000900234607,2021-11-23,1,0,1.0
55000900234607,2021-11-24,1,0,1.0
55000900234607,2021-11-25,1,0,1.0
55000900234607,2021-11-26,1,0,1.0
55000900234607,2021-11-27,1,0,1.0
55000900234607,2021-11-28,1,0,1.0
55000900234607,2021-11-29,1,0,1.0
55000900234607,2021-11-30,1,0,1.0
55000900234607,2021-12-01,1,0,1.0
55000900234607,2021-12-02,1,0,1.0
55000900234607,2021-12-03,1,0,1.0
55000900234607,2021-12-04,1,0,1.0
55000900234607,2021-12-05,1,0,1.0
55000900234607,2021-12-06,1,0,1.0
55000900234607,2021-12-07,1,0,1.0
55000900234607,2021-12-08,1,0,1.0
55000900234607,2021-12-09,1,0,1.0
55000900234607,2021-12-10,1,0,1.0
55000900234607,2021-12-11,1,0,1.0
55000900234607,2021-12-12,1,0,1.0
55000900234607,2021-12-13,1,0,1.0
55000900234607,2021-12-14,1,0,1.0
55000900234607,2021-12-15,1,0,1.0
55000900234607,2021-12-16,1,0,1.0
55000900234607,2021-12-17,1,0,1.0
55000900234607,2021-12-18,1,0,1.0
55000900234607,2021-12-19,1,0,1.0
55000900234607,2021-12-20,1,0,1.0
55000900234607,2021-12-21,1,0,1.0
55000900234607,2021-12-22,1,0,1.0
55000900234607,2021-12-23,1,0,1.0
55000900234607,2021-12-24,1,0,1.0
55000900234607,2021-12-25,1,0,1.0
55000900234607,2021-12-26,1,0,1.0
55000900234607,2021-12-27,1,0,1.0
55000900234607,2021-12-28,1,0,1.0
55000900234607,2021-12-29,1,0,1.0
55000900234607,2021-12-30,1,0,1.0
55000900234607,2021-12-31,1,0,1.0
55000900234607,2022-01-01,1,0,1.0
55000900234607,2022-01-02,1,0,1.0
55000900234607,2022-01-03,1,0,1.0
55000900234607,2022-01-04,1,0,1.0
55000900234607,2022-01-05,1,0,1.0
55000900234607,2022-01-06,1,0,1.0
55000900234607,2022-01-07,1,0,1.0
55000900234607,2022-01-08,1,0,1.0
55000900234607,2022-01-09,1,0,1.0
55000900234607,2022-01-10,1,0,1.0
55000900234607,2022-01-11,1,0,1.0
55000900234607,2022-01-12,1,0,1.0
55000900234607,2022-01-13,1,0,1.0
55000900234607,2022-01-14,1,0,1.0
55000900234607,2022-01-15,1,0,1.0
55000900234607,2022-01-16,1,0,1.0
55000900234607,2022-01-17,1,0,1.0
55000900234607,2022-01-18,1,0,1.0
55000900234607,2022-01-19,1,0,1.0
55000900234607,2022-01-20,1,0,1.0
55000900234607,2022-01-21,1,0,1.0
55000900234607,2022-01-22,1,0,1.0
55000900234607,2022-01-23,1,0,1.0
55000900234607,2022-01-24,1,0,1.0
55000900234607,2022-01-25,1,0,1.0
55000900234607,2022-01-26,1,0,1.0
55000900234607,2022-01-27,1,0,1.0
55000900234607,2022-01-28,1,0,1.0
55000900234607,2022-01-29,1,0,1.0
55000900234607,2022-01-30,1,0,1.0
55000900234607,2022-01-31,1,0,1.0
55000900234607,2022-02-01,1,0,1.0
55000900234607,2022-02-02,1,0,1.0
55000900234607,2022-02-03,1,0,1.0
55000900234607,2022-02-04,1,0,1.0
55000900234607,2022-02-05,1,0,1.0
55000900234607,2022-02-06,1,0,1.0
55000900234607,2022-02-07,1,0,1.0
55000900234607,2022-02-08,1,0,1.0
55000900234607,2022-02-09,1,0,1.0
55000900234607,2022-02-10,1,0,1.0
55000900234607,2022-02-11,1,0,1.0
55000900234607,2022-02-12,1,0,1.0
55000900234607,2022-02-13,1,0,1.0
55000900234607,2022-02-14,1,0,1.0
55000900234607,2022-02-15,1,0,1.0
55000900234607,2022-02-16,1,0,1.0
55000900234607,2022-02-17,1,0,1.0
55000900234607,2022-02-18,1,0,1.0
55000900234607,2022-02-19,1,0,1.0
55000900234607,2022-02-20,1,0,1.0
55000900234607,2022-02-21,1,0,1.0
55000900234607,2022-02-22,1,0,1.0
55000900234607,2022-02-23,1,0,1.0
55000900234607,2022-02-24,1,0,1.0
55000900234607,2022-02-25,1,0,1.0
55000900234607,2022-02-26,1,0,1.0
55000900234607,2022-02-27,1,0,1.0
55000900234607,2022-02-28,1,0,1.0
55000900234607,2022-03-01,1,0,1.0
55000900234607,2022-03-02,1,0,1.0
55000900234607,2022-03-03,1,0,1.0
55000900234607,2022-03-04,1,0,1.0
55000900234607,2022-03-05,1,0,1.0
55000900234607,2022-03-06,1,0,1.0
55000900234607,2022-03-07,1,0,1.0
55000900234607,2022-03-08,1,0,1.0
55000900234607,2022-03-09,1,0,1.0
55000900234607,2022-03-10,1,0,1.0
55000900234607,2022-03-11,1,0,1.0
55000900234607,2022-03-12,1,0,1.0
55000900234607,2022-03-14,1,0,1.0
55000900234607,2022-03-15,1,0,1.0
55000900234607,2022-03-16,1,0,1.0
55000900234607,2022-03-17,1,0,1.0
55000900234607,2022-03-18,1,0,1.0
55000900234607,2022-03-19,1,0,1.0
55000900234607,2022-03-20,1,0,1.0
55000900234607,2022-03-21,1,0,1.0
55000900234607,2022-03-22,1,0,1.0
55000900234607,2022-03-23,1,0,1.0
55000900234607,2022-03-24,1,0,1.0
55000900234607,2022-03-25,1,0,1.0
55000900234607,2022-03-26,1,0,1.0
55000900234607,2022-03-27,1,0,1.0
55000900234607,2022-03-28,1,0,1.0
55000900234607,2022-03-29,1,0,1.0
55000900234607,2022-03-30,1,0,1.0
55000900234607,2022-03-31,1,0,1.0
55000900234607,2022-04-01,1,0,1.0
55000900234607,2022-04-02,1,0,1.0
55000900234607,2022-04-03,1,0,1.0
55000900234607,2022-04-04,1,0,1.0
55000900234607,2022-04-05,1,0,1.0
55000900234607,2022-04-06,1,0,1.0
55000900234607,2022-04-07,1,0,1.0
55000900234607,2022-04-08,1,0,1.0
55000900234607,2022-04-09,1,0,1.0
55000900234607,2022-04-10,1,0,1.0
55000900234607,2022-04-11,1,0,1.0
55000900234607,2022-04-12,1,0,1.0
55000900234607,2022-04-13,1,0,1.0
55000900234607,2022-04-14,1,0,1.0
55000900234607,2022-04-15,1,0,1.0
55000900234607,2022-04-16,1,0,1.0
55000900234607,2022-04-17,1,0,1.0
55000900234607,2022-04-18,1,0,1.0
55000900234607,2022-04-19,1,0,1.0
55000900234607,2022-04-20,1,0,1.0
55000900234607,2022-04-21,1,0,1.0
55000900234607,2022-04-22,1,0,1.0
55000900234607,2022-04-23,1,0,1.0
55000900234607,2022-04-24,1,0,1.0
55000900234607,2022-04-25,1,0,1.0
55000900234607,2022-04-26,1,0,1.0
55000900234607,2022-04-27,1,0,1.0
55000900234607,2022-04-28,1,0,1.0
55000900234607,2022-04-29,1,0,1.0
55000900234607,2022-04-30,1,0,1.0
55000900234607,2022-05-01,1,0,1.0
55000900234607,2022-05-02,1,0,1.0
55000900234607,2022-05-03,1,0,1.0
55000900234607,2022-05-04,1,0,1.0
55000900234607,2022-05-05,1,0,1.0
55000900234607,2022-05-06,1,0,1.0
55000900234607,2022-05-07,1,0,1.0
55000900234607,2022-05-08,1,0,1.0
55000900234607,2022-05-09,1,0,1.0
55000900234607,2022-05-10,1,0,1.0
55000900234607,2022-05-11,1,0,1.0
55000900234607,2022-05-12,1,0,1.0
55000900234607,2022-05-13,1,0,1.0
55000900234607,2022-05-14,1,0,1.0
55000900234607,2022-05-15,1,0,1.0
55000900234607,2022-05-16,1,0,1.0
55000900234607,2022-05-17,1,0,1.0
55000900234607,2022-05-18,1,0,1.0
55000900234607,2022-05-19,1,0,1.0
55000900234607,2022-05-20,1,0,1.0
55000900234607,2022-05-21,1,0,1.0
55000900234607,2022-05-22,1,0,1.0
55000900234607,2022-05-23,1,0,1.0
55000900234607,2022-05-24,1,0,1.0
55000900234607,2022-05-25,1,0,1.0
55000900234607,2022-05-26,1,0,1.0
55000900234607,2022-05-27,1,0,1.0
55000900234607,2022-05-28,1,0,1.0
55000900234607,2022-05-29,1,0,1.0
55000900234607,2022-05-30,1,0,1.0
55000900234607,2022-05-31,1,0,1.0
55000900234607,2022-06-01,1,0,1.0
55000900234607,2022-06-02,1,0,1.0
55000900234607,2022-06-03,1,0,1.0
55000900234607,2022-06-04,1,0,1.0
55000900234607,2022-06-05,1,0,1.0
55000900234607,2022-06-06,1,0,1.0
55000900234607,2022-06-07,1,0,1.0
55000900234607,2022-06-08,1,0,1.0
55000900234607,2022-06-09,1,0,1.0
55000900234607,2022-06-10,1,0,1.0
55000900234607,2022-06-11,1,0,1.0
55000900234607,2022-06-12,1,0,1.0
55000900234607,2022-06-13,1,0,1.0
55000900234607,2022-06-14,1,0,1.0
55000900234607,2022-06-15,1,0,1.0
55000900234607,2022-06-16,1,0,1.0
55000900234607,2022-06-17,1,0,1.0
55000900234607,2022-06-18,1,0,1.0
55000900234607,2022-06-19,1,0,1.0
55000900234607,2022-06-20,1,0,1.0
55000900234607,2022-06-21,1,0,1.0
55000900234607,2022-06-22,1,0,1.0
55000900234607,2022-06-23,1,0,1.0
55000900234607,2022-06-24,1,0,1.0
55000900234607,2022-06-25,1,0,1.0
55000900234607,2022-06-26,1,0,1.0
55000900234607,2022-06-27,1,0,1.0
55000900234607,2022-06-28,1,0,1.0
55000900234607,2022-06-29,1,0,1.0
55000900234607,2022-06-30,1,0,1.0
55000900234607,2022-07-01,1,0,1.0
55000900234607,2022-07-02,1,0,1.0
55000900234607,2022-07-03,1,0,1.0
55000900234607,2022-07-04,1,0,1.0
55000900234607,2022-07-05,1,0,1.0
55000900234607,2022-07-06,1,0,1.0
55000900234607,2022-07-07,1,0,1.0
55000900234607,2022-07-08,1,0,1.0
55000900234607,2022-07-09,1,0,1.0
55000900234607,2022-07-10,1,0,1.0
55000900234607,2022-07-11,1,0,1.0
55000900234607,2022-07-12,1,0,1.0
55000900234607,2022-07-13,1,0,1.0
55000900234607,2022-07-14,1,0,1.0
55000900234607,2022-07-15,1,0,1.0
55000900234607,2022-07-16,1,0,1.0
55000900234607,2022-07-17,1,0,1.0
55000900234607,2022-07-18,1,0,1.0
55000900234607,2022-07-19,1,0,1.0
55000900234607,2022-07-20,1,0,1.0
55000900234607,2022-07-21,1,0,1.0
55000900234607,2022-07-22,1,0,1.0
55000900234607,2022-07-23,1,0,1.0
55000900234607,2022-07-24,1,0,1.0
55000900234607,2022-07-25,1,0,1.0
55000900234607,2022-07-26,1,0,1.0
55000900234607,2022-07-27,1,0,1.0
55000900234607,2022-07-28,1,0,1.0
55000900234607,2022-07-29,1,0,1.0
55000900234607,2022-07-30,1,0,1.0
55000900234607,2022-07-31,1,0,1.0
55000900234607,2022-08-01,1,0,1.0
55000900234607,2022-08-02,1,0,1.0
55000900234607,2022-08-03,1,0,1.0
55000900234607,2022-08-04,1,0,1.0
55000900234607,2022-08-05,1,0,1.0
55000900234607,2022-08-06,1,0,1.0
55000900234607,2022-08-07,1,0,1.0
55000900234607,2022-08-08,1,0,1.0
55000900234607,2022-08-09,1,0,1.0
55000900234607,2022-08-10,1,0,1.0
55000900234607,2022-08-11,1,0,1.0
55000900234607,2022-08-12,1,0,1.0
55000900234607,2022-08-13,1,0,1.0
55000900234607,2022-08-14,1,0,1.0
55000900234607,2022-08-15,1,0,1.0
55000900234607,2022-08-16,1,0,1.0
55000900234607,2022-08-17,1,0,1.0
55000900234607,2022-08-18,1,0,1.0
55000900234607,2022-08-19,1,0,1.0
55000900234607,2022-08-20,1,0,1.0
55000900234607,2022-08-21,1,0,1.0
55000900234607,2022-08-22,1,0,1.0
55000900234607,2022-08-23,1,0,1.0
55000900234607,2022-08-24,1,0,1.0
55000900234607,2022-08-25,1,0,1.0
55000900234607,2022-08-26,1,0,1.0
55000900234607,2022-08-27,1,0,1.0
55000900234607,2022-08-28,1,0,1.0
55000900234607,2022-08-29,1,0,1.0
55000900234607,2022-08-30,1,0,1.0
55000900234607,2022-08-31,1,0,1.0
55000900234607,2022-09-01,1,0,1.0
55000900234607,2022-09-02,1,0,1.0
55000900234607,2022-09-03,1,0,1.0
55000900234607,2022-09-04,1,0,1.0
55000900234607,2022-09-05,1,0,1.0
55000900234607,2022-09-06,1,0,1.0
55000900234607,2022-09-07,1,0,1.0
55000900234607,2022-09-08,1,0,1.0
55000900234607,2022-09-09,1,0,1.0
55000900234607,2022-09-10,1,0,1.0
55000900234607,2022-09-11,1,0,1.0
55000900234607,2022-09-12,1,0,1.0
55000900234607,2022-09-13,1,0,1.0
55000900234607,2022-09-14,1,0,1.0
55000900234607,2022-09-15,1,0,1.0
55000900234607,2022-09-16,1,0,1.0
55000900234607,2022-09-17,1,0,1.0
55000900234607,2022-09-18,1,0,1.0
55000900234607,2022-09-19,1,0,1.0
55000900234607,2022-09-20,1,0,1.0
55000900234607,2022-09-21,1,0,1.0
55000900234607,2022-09-22,1,0,1.0
55000900234607,2022-09-23,1,0,1.0
55000900234607,2022-09-24,1,0,1.0
55000900234607,2022-09-25,1,0,1.0
55000900234607,2022-09-26,1,0,1.0
55000900234607,2022-09-27,1,0,1.0
55000900234607,2022-09-28,1,0,1.0
55000900234607,2022-09-29,1,0,1.0
55000900234607,2022-09-30,1,0,1.0
55000900234607,2022-10-01,1,0,1.0
55000900234607,2022-10-02,1,0,1.0
55000900234607,2022-10-03,1,0,1.0
55000900234607,2022-10-04,1,0,1.0
55000900234607,2022-10-05,1,0,1.0
55000900234607,2022-10-06,1,0,1.0
55000900234607,2022-10-07,1,0,1.0
55000900234607,2022-10-08,1,0,1.0
55000900234607,2022-10-09,1,0,1.0
55000900234607,2022-10-10,1,0,1.0
55000900234607,2022-10-11,1,0,1.0
55000900234607,2022-10-12,1,0,1.0
55000900234607,2022-10-13,1,0,1.0
55000900234607,2022-10-14,1,0,1.0
55000900234607,2022-10-15,1,0,1.0
55000900234607,2022-10-16,1,0,1.0
55000900234607,2022-10-17,1,0,1.0
55000900234607,2022-10-18,1,0,1.0
55000900234607,2022-10-19,1,0,1.0
55000900234607,2022-10-20,1,0,1.0
55000900234607,2022-10-21,1,0,1.0
55000900234607,2022-10-22,1,0,1.0
55000900234607,2022-10-23,1,0,1.0
55000900234607,2022-10-24,1,0,1.0
55000900234607,2022-10-25,1,0,1.0
55000900234607,2022-10-26,1,0,1.0
55000900234607,2022-10-27,1,0,1.0
55000900234607,2022-10-28,1,0,1.0
55000900234607,2022-10-29,1,0,1.0
55000900234607,2022-10-30,1,0,1.0
55000900234607,2022-10-31,1,0,1.0
55000900234607,2022-11-01,1,0,1.0
55000900234607,2022-11-02,1,0,1.0
55000900234607,2022-11-03,1,0,1.0
55000900234607,2022-11-04,1,0,1.0
55000900234607,2022-11-05,1,0,1.0
55000900234607,2022-11-06,1,0,1.0
55000900234607,2022-11-07,1,0,1.0
55000900234607,2022-11-08,1,0,1.0
55000900234607,2022-11-09,1,0,1.0
55000900234607,2022-11-10,1,0,1.0
55000900234607,2022-11-11,1,0,1.0
55000900234607,2022-11-12,1,0,1.0
55000900234607,2022-11-13,1,0,1.0
55000900234607,2022-11-14,1,0,1.0
55000900234607,2022-11-15,1,0,1.0
55000900234607,2022-11-16,1,0,1.0
55000900234607,2022-11-17,1,0,1.0
55000900234607,2022-11-18,1,0,1.0
55000900234607,2022-11-19,1,0,1.0
55000900234607,2022-11-20,1,0,1.0
55000900234607,2022-11-21,1,0,1.0
55000900234607,2022-11-22,1,0,1.0
55000900234607,2022-11-23,1,0,1.0
55000900234607,2022-11-24,1,0,1.0
55000900234607,2022-11-25,1,0,1.0
55000900234607,2022-11-26,1,0,1.0
55000900234607,2022-11-27,1,0,1.0
55000900234607,2022-11-28,1,0,1.0
55000900234607,2022-11-29,1,0,1.0
55000900234607,2022-11-30,1,0,1.0
55000900234607,2022-12-01,1,0,1.0
55000900234607,2022-12-02,1,0,1.0
55000900234607,2022-12-03,1,0,1.0
55000900234607,2022-12-04,1,0,1.0
55000900234607,2022-12-05,1,0,1.0
55000900234607,2022-12-06,1,0,1.0
55000900234607,2022-12-07,1,0,1.0
55000900234607,2022-12-08,1,0,1.0
55000900234607,2022-12-09,1,0,1.0
55000900234607,2022-12-10,1,0,1.0
55000900234607,2022-12-11,1,0,1.0
55000900234607,2022-12-12,1,0,1.0
55000900234607,2022-12-13,1,0,1.0
55000900234607,2022-12-14,1,0,1.0
55000900234607,2022-12-15,1,0,1.0
55000900234607,2022-12-16,1,0,1.0
55000900234607,2022-12-17,1,0,1.0
55000900234607,2022-12-18,1,0,1.0
55000900234607,2022-12-19,1,0,1.0
55000900234607,2022-12-20,1,0,1.0
55000900234607,2022-12-21,1,0,1.0
55000900234607,2022-12-22,1,0,1.0
55000900234607,2022-12-23,1,0,1.0
55000900234607,2022-12-24,1,0,1.0
55000900234607,2022-12-25,1,0,1.0
55000900234607,2022-12-26,1,0,1.0
55000900234607,2022-12-27,1,0,1.0
55000900234607,2022-12-28,1,0,1.0
55000900234607,2022-12-29,1,0,1.0
55000900234607,2022-12-30,1,0,1.0
55000900234607,2022-12-31,1,0,1.0
55000900234607,2023-01-01,1,0,1.0
55000900234607,2023-01-02,1,0,1.0
55000900234607,2023-01-03,1,0,1.0
55000900234607,2023-01-04,1,0,1.0
55000900234607,2023-01-05,1,0,1.0
55000900234607,2023-01-06,1,0,1.0
55000900234607,2023-01-07,1,0,1.0
55000900234607,2023-01-08,1,0,1.0
55000900234607,2023-01-09,1,0,1.0
55000900234607,2023-01-10,1,0,1.0
55000900234607,2023-01-11,1,0,1.0
55000900234607,2023-01-12,1,0,1.0
55000900234607,2023-01-13,1,0,1.0
55000900234607,2023-01-14,1,0,1.0
55000900234607,2023-01-15,1,0,1.0
55000900234607,2023-01-16,1,0,1.0
55000900234607,2023-01-17,1,0,1.0
55000900234607,2023-01-18,1,0,1.0
55000900234607,2023-01-19,1,0,1.0
55000900234607,2023-01-20,1,0,1.0
55000900234607,2023-01-21,1,0,1.0
55000900234607,2023-01-22,1,0,1.0
55000900234607,2023-01-23,1,0,1.0
55000900234607,2023-01-24,1,0,1.0
55000900234607,2023-01-25,1,0,1.0
55000900234607,2023-01-26,1,0,1.0
55000900234607,2023-01-27,1,0,1.0
55000900234607,2023-01-28,1,0,1.0
55000900234607,2023-01-29,1,0,1.0
55000900234607,2023-01-30,1,0,1.0
55000900234607,2023-01-31,1,0,1.0
55000900234607,2023-02-01,1,0,1.0
55000900234607,2023-02-02,1,0,1.0
55000900234607,2023-02-03,1,0,1.0
55000900234607,2023-02-04,1,0,1.0
55000900234607,2023-02-05,1,0,1.0
55000900234607,2023-02-06,1,0,1.0
55000900234607,2023-02-07,1,0,1.0
55000900234607,2023-02-08,1,0,1.0
55000900234607,2023-02-09,1,0,1.0
55000900234607,2023-02-10,1,0,1.0
55000900234607,2023-02-11,1,0,1.0
55000900234607,2023-02-12,1,0,1.0
55000900234607,2023-02-14,1,0,1.0
55000900234607,2023-02-15,1,0,1.0
55000900234607,2023-02-16,1,0,1.0
55000900234607,2023-02-17,1,0,1.0
55000900234607,2023-02-18,1,0,1.0
55000900234607,2023-02-19,1,0,1.0
55000900234607,2023-02-20,1,0,1.0
55000900234607,2023-02-21,1,0,1.0
55000900234607,2023-02-22,1,0,1.0
55000900234607,2023-02-23,1,0,1.0
55000900234607,2023-02-24,1,0,1.0
55000900234607,2023-02-25,1,0,1.0
55000900234607,2023-02-26,1,0,1.0
55000900234607,2023-02-27,1,0,1.0
55000900234607,2023-02-28,1,0,1.0
55000900234607,2023-03-01,1,0,1.0
55000900234607,2023-03-02,1,0,1.0
55000900234607,2023-03-03,1,0,1.0
55000900234607,2023-03-04,1,0,1.0
55000900234607,2023-03-05,1,0,1.0
55000900234607,2023-03-06,1,0,1.0
55000900234607,2023-03-07,1,0,1.0
55000900234607,2023-03-08,1,0,1.0
55000900234607,2023-03-09,1,0,1.0
55000900234607,2023-03-10,1,0,1.0
55000900234607,2023-03-11,1,0,1.0
55000900234607,2023-03-13,1,0,1.0
55000900234607,2023-03-14,1,0,1.0
55000900234607,2023-03-15,1,0,1.0
55000900234607,2023-03-16,1,0,1.0
55000900234607,2023-03-17,1,0,1.0
55000900234607,2023-03-18,1,0,1.0
55000900234607,2023-03-19,1,0,1.0
55000900234607,2023-03-20,1,0,1.0
55000900234607,2023-03-21,1,0,1.0
55000900234607,2023-03-22,1,0,1.0
55000900234607,2023-03-23,1,0,1.0
55000900234607,2023-03-24,1,0,1.0
55000900234607,2023-03-25,1,0,1.0
55000900234607,2023-03-26,1,0,1.0
55000900234607,2023-03-27,1,0,1.0
55000900234607,2023-03-28,1,0,1.0
55000900234607,2023-03-29,1,0,1.0
55000900234607,2023-03-30,1,0,1.0
55000900234607,2023-03-31,1,0,1.0
55000900234607,2023-04-01,1,0,1.0
55000900234607,2023-04-02,1,0,1.0
55000900234607,2023-04-03,1,0,1.0
55000900234607,2023-04-04,1,0,1.0
55000900234607,2023-04-05,1,0,1.0
55000900234607,2023-04-06,1,0,1.0
55000900234607,2023-04-07,1,0,1.0
55000900234607,2023-04-08,1,0,1.0
55000900234607,2023-04-09,1,0,1.0
55000900234607,2023-04-10,1,0,1.0
55000900234607,2023-04-11,1,0,1.0
55000900234607,2023-04-12,1,0,1.0
55000900234607,2023-04-13,1,0,1.0
55000900234607,2023-04-14,1,0,1.0
55000900234607,2023-04-15,1,0,1.0
55000900234607,2023-04-16,1,0,1.0
55000900234607,2023-04-17,1,0,1.0
55000900234607,2023-04-18,1,0,1.0
55000900234607,2023-04-19,1,0,1.0
55000900234607,2023-04-20,1,0,1.0
55000900235848,2020-09-29,1,8,0.9999676
55000900235848,2020-09-30,1,8,0.99999
55000900235848,2020-10-01,1,8,0.9999782
55000900235848,2020-10-02,1,8,0.99981564
55000900235848,2020-10-03,1,8,0.9997422
55000900235848,2020-10-04,1,8,0.9995408
55000900235848,2020-10-05,1,8,0.99931705
55000900235848,2020-10-06,1,8,0.9991523
55000900235848,2020-10-07,1,8,0.99930227
55000900235848,2020-10-08,1,8,0.99856263
55000900235848,2020-10-09,1,8,0.9998084
55000900235848,2020-10-10,1,8,0.99991286
55000900235848,2020-10-11,1,8,0.99948066
55000900235848,2020-10-12,1,8,0.9998184
55000900235848,2020-10-13,1,8,0.99998534
55000900235848,2020-10-14,1,8,0.9999763
55000900235848,2020-10-15,1,8,0.99999905
55000900235848,2020-10-16,1,8,0.9999914
55000900235848,2020-10-17,1,8,0.9999956
55000900235848,2020-10-18,1,8,0.9999893
55000900235848,2020-10-19,1,0,0.99997735
55000900235848,2020-10-20,1,0,0.9999945
55000900236525,2020-09-29,1,8,0.99999
55000900236525,2020-09-30,1,8,0.99991775
55000900236525,2020-10-01,1,8,0.9999348
55000900236525,2020-10-02,1,8,0.99992836
55000900236525,2020-10-03,1,8,0.99987435
55000900236525,2020-10-04,1,8,0.9999702
55000900236525,2020-10-05,1,8,0.9996574
55000900236525,2020-10-06,1,8,0.99988234
55000900236525,2020-10-07,1,8,0.9998153
55000900236525,2020-10-08,1,8,0.9997845
55000900236525,2020-10-09,1,8,0.99960846
55000900236525,2020-10-10,1,8,0.999587
55000900236525,2020-10-11,1,8,0.99982697
55000900236525,2020-10-12,1,8,0.9993808
55000900236525,2020-10-13,1,8,0.9999771
55000900236525,2020-10-14,1,8,0.9999975
55000900236525,2020-10-15,1,8,0.99999845
55000900236525,2020-10-16,1,8,0.99999404
55000900236525,2020-10-17,1,8,0.99999976
55000900236525,2020-10-18,1,0,0.99998677
55000900236525,2020-10-19,1,0,0.9999821
55000900237668,2020-09-29,0,8,0.4872363
55000900237668,2020-09-30,0,8,0.35010418
55000900237668,2020-10-01,0,8,0.09964041
55000900237668,2020-10-02,0,8,0.14245883
55000900237668,2020-10-03,0,8,0.024120735
55000900237668,2020-10-04,0,8,0.03209783
55000900237668,2020-10-05,0,8,0.045845628
55000900237668,2020-10-06,0,8,0.05649885
55000900237668,2020-10-07,0,8,0.03158486
55000900237668,2020-10-08,0,8,0.024659613
55000900237668,2020-10-09,0,8,0.03766092
55000900237668,2020-10-10,0,8,0.11282089
55000900237668,2020-10-11,1,8,0.09399065
55000900237668,2020-10-12,1,8,0.07419767
55000900237668,2020-10-13,1,8,0.22024421
55000900237668,2020-10-14,1,8,0.77705467
55000900237668,2020-10-15,1,8,0.4422571
55000900237668,2020-10-16,0,8,0.80085194
55000900237668,2020-10-17,0,8,0.21534973
55000900237668,2020-10-18,0,8,0.76976717
55000900237668,2020-10-19,0,8,0.44848707
55000900237668,2020-10-20,0,8,0.28232428
55000900237668,2020-10-21,0,8,0.8033498
55000900237668,2020-10-22,0,8,0.7956663
55000900237668,2020-10-23,0,8,0.6006935
55000900237668,2020-10-24,1,8,0.43241495
55000900237668,2020-10-25,0,8,0.1029977
55000900237668,2020-10-26,0,0,0.011540697
55000900237668,2020-10-27,0,0,0.157513
55000900271029,2020-09-29,1,8,0.9999807
55000900271029,2020-09-30,1,8,0.99997914
55000900271029,2020-10-01,1,8,0.9999192
55000900271029,2020-10-02,1,8,0.99997926
55000900271029,2020-10-03,1,8,0.99995816
55000900271029,2020-10-04,1,8,0.99994385
55000900271029,2020-10-05,1,8,0.9998795
55000900271029,2020-10-06,1,8,0.99994147
55000900271029,2020-10-07,1,8,0.99997413
55000900271029,2020-10-08,1,8,0.9999523
55000900271029,2020-10-09,1,8,0.9999745
55000900271029,2020-10-10,1,8,0.9998641
55000900271029,2020-10-11,1,8,0.9998802
55000900271029,2020-10-12,1,8,0.999754
55000900271029,2020-10-13,1,8,0.9999676
55000900271029,2020-10-14,1,8,0.9999418
55000900271029,2020-10-15,1,8,0.9999864
55000900271029,2020-10-16,1,8,0.9999826
55000900271029,2020-10-17,1,8,0.9999765
55000900271029,2020-10-18,1,8,0.9999852
55000900271029,2020-10-19,1,8,0.9999683
55000900271029,2020-10-20,1,0,0.99995697
55000900271029,2020-10-21,1,0,0.9999845
55000900271031,2020-09-29,1,0,0.96810526
55000900271031,2020-09-30,1,0,0.886276
55000900271031,2020-10-01,1,0,0.63402134
55000900271031,2020-10-02,1,0,0.2851777
55000900271031,2020-10-03,0,0,0.40369946
55000900271031,2020-10-04,0,0,0.52493805
55000900271031,2020-10-05,0,0,0.58602494
55000900271031,2020-10-06,0,0,0.11390358
55000900271031,2020-10-07,0,0,0.1176184
55000900271031,2020-10-08,0,0,0.07909295
55000900271031,2020-10-09,0,0,0.07773413
55000900271031,2020-10-10,1,0,0.063673176
55000900271031,2020-10-11,1,0,0.09772431
55000900271031,2020-10-12,1,0,0.077037744
55000900271031,2020-10-13,1,0,0.96053725
55000900271031,2020-10-14,1,0,0.98647785
55000900271031,2020-10-15,0,0,0.9424534
55000900271031,2020-10-16,0,0,0.9997949
55000900271031,2020-10-17,0,0,0.99883467
55000900271031,2020-10-18,0,0,0.9738815
55000900271031,2020-10-19,0,0,0.4813199
55000900271031,2020-10-20,0,0,0.11565787
55000900271031,2020-10-21,0,0,0.11403964
55000900271031,2020-10-22,0,0,0.10243692
55000900271031,2020-10-23,0,0,0.090676844
55000900271031,2020-10-24,0,0,0.099107035
55000900271031,2020-10-25,0,0,0.14833556
55000900271031,2020-10-26,0,0,0.11286183
55000900271031,2020-10-27,0,0,0.13181393
55000900271031,2020-10-29,1,0,0.04868407
55000900271031,2020-10-30,1,0,0.04967987
55000900271031,2020-10-31,1,0,0.046986885
55000900271031,2020-11-01,1,0,0.09252524
55000900271031,2020-11-02,1,0,0.20909667
55000900271031,2020-11-03,1,0,0.07673617
55000900271031,2020-11-04,1,0,0.25739166
55000900271031,2020-11-05,1,0,0.27248362
55000900271031,2020-11-06,1,0,0.7737478
55000900271031,2020-11-07,1,0,0.9365691
55000900271031,2020-11-08,1,0,0.999443
55000900271031,2020-11-09,1,0,0.99994123
55000900271031,2020-11-10,1,0,0.9999515
55000900271031,2020-11-11,1,0,0.9999908
55000900271031,2020-11-12,1,0,0.99996924
55000900271031,2020-11-13,1,0,0.9999616
55000900271031,2020-11-14,1,0,0.99999726
55000900271031,2020-11-15,1,0,0.9999831
55000900271031,2020-11-16,1,0,0.9999808
55000900271031,2020-11-17,1,0,0.9999994
55000900271031,2020-11-18,1,0,0.9999995
55000900271031,2020-11-19,1,0,0.99999714
55000900271031,2020-11-20,1,0,0.99999964
55000900271031,2020-11-21,1,0,0.9999993
55000900271031,2020-11-22,1,0,0.99999964
55000900271031,2020-11-23,1,0,0.9999999
55000900271031,2020-11-24,1,0,0.9999982
55000900271031,2020-11-25,1,0,0.9999969
55000900271031,2020-11-26,1,0,0.999995
55000900271031,2020-11-27,1,0,0.9999987
55000900271031,2020-11-28,1,0,0.99999714
55000900271031,2020-11-29,1,0,0.99999785
55000900271031,2020-11-30,1,0,0.999998
55000900271031,2020-12-01,1,0,0.99999917
55000900271031,2020-12-02,1,0,0.9999665
55000900271031,2020-12-03,1,0,0.99998415
55000900271031,2020-12-04,1,0,0.9999995
55000900271031,2020-12-05,1,0,0.999997
55000900271031,2020-12-06,1,0,0.999946
55000900271031,2020-12-07,1,0,0.9997868
55000900271031,2020-12-08,1,0,0.9998584
55000900271031,2020-12-09,1,0,0.9999858
55000900271031,2020-12-10,1,0,0.99999833
55000900271031,2020-12-11,1,0,0.9999852
55000900271031,2020-12-12,1,0,0.9999933
55000900271031,2020-12-13,1,0,0.9999956
55000900271031,2020-12-14,1,0,0.99999547
55000900271031,2020-12-15,1,0,0.9999943
55000900271031,2020-12-16,1,0,0.9999596
55000900271031,2020-12-17,1,0,0.9999957
55000900271031,2020-12-18,1,0,0.99996924
55000900271031,2020-12-19,1,0,0.9999907
55000900271031,2020-12-20,1,0,0.9999974
55000900271031,2020-12-21,1,0,0.99999785
55000900271031,2020-12-22,1,0,0.9999713
55000900271031,2020-12-23,1,0,0.9999968
55000900271031,2020-12-24,1,0,0.9999995
55000900271031,2020-12-25,1,0,0.99999964
55000900271031,2020-12-26,1,0,0.9999993
55000900271031,2020-12-27,1,0,0.9999994
55000900271031,2020-12-28,1,0,0.999998
55000900271031,2020-12-29,1,0,0.99999857
55000900271031,2020-12-30,1,0,0.9999999
55000900271031,2020-12-31,1,0,0.99999976
55000900271031,2021-01-01,1,0,0.9999939
55000900271031,2021-01-02,1,0,0.9999975
55000900271031,2021-01-03,1,0,0.99999905
55000900271031,2021-01-04,1,0,0.9999989
55000900271031,2021-01-05,1,0,0.9999994
55000900271031,2021-01-06,1,0,0.99999976
55000900271031,2021-01-07,1,0,0.99999976
55000900271031,2021-01-08,1,0,0.99999976
55000900271031,2021-01-09,1,0,0.99999976
55000900271031,2021-01-10,1,0,0.99999976
55000900271031,2021-01-11,1,0,0.99999976
55000900271031,2021-01-12,1,0,0.99999976
55000900271031,2021-01-13,1,0,0.99999976
55000900271031,2021-01-14,1,0,0.99999976
55000900271031,2021-01-15,1,0,0.99999976
55000900271031,2021-01-16,1,0,0.99999976
55000900271031,2021-01-17,1,0,0.99999976
55000900271031,2021-01-18,1,0,0.99999976
55000900271031,2021-01-19,1,0,0.99999976
55000900271031,2021-01-20,1,0,0.99999976
55000900271031,2021-01-21,1,0,0.99999976
55000900271031,2021-01-22,1,0,0.99999976
55000900271031,2021-01-23,1,0,0.99999976
55000900271031,2021-01-24,1,0,0.99999976
55000900271031,2021-01-25,1,0,0.99999976
55000900271031,2021-01-26,1,0,0.99999976
55000900271031,2021-01-27,1,0,0.99999976
55000900271031,2021-01-28,1,0,0.99999976
55000900271031,2021-01-29,1,0,0.99999976
55000900271031,2021-01-30,1,0,0.99999976
55000900271031,2021-01-31,1,0,0.99999976
55000900271031,2021-02-01,1,0,0.99999976
55000900271031,2021-02-02,1,0,0.99999976
55000900271031,2021-02-03,1,0,0.99999976
55000900271031,2021-02-04,1,0,0.99999976
55000900271031,2021-02-05,1,0,0.99999976
55000900271031,2021-02-06,1,0,0.99999976
55000900271031,2021-02-07,1,0,0.99999976
55000900271031,2021-02-08,1,0,0.99999976
55000900271031,2021-02-09,1,0,0.99999976
55000900271031,2021-02-10,1,0,0.99999976
55000900271031,2021-02-11,1,0,0.99999976
55000900271031,2021-02-12,1,0,0.99999976
55000900271031,2021-02-13,1,0,0.99999976
55000900271031,2021-02-14,1,0,0.99999976
55000900271031,2021-02-15,1,0,0.99999976
55000900271031,2021-02-16,1,0,0.99999976
55000900271031,2021-02-17,1,0,0.99999976
55000900271031,2021-02-18,1,0,0.99999976
55000900271031,2021-02-19,1,0,0.99999976
55000900271031,2021-02-20,1,0,0.99999976
55000900271031,2021-02-21,1,0,0.99999976
55000900271031,2021-02-22,1,0,0.99999976
55000900271031,2021-02-23,1,0,0.99999976
55000900271031,2021-02-24,1,0,0.99999976
55000900271031,2021-02-25,1,0,0.99999976
55000900271031,2021-02-26,1,0,0.99999976
55000900271031,2021-02-27,1,0,0.99999976
55000900271031,2021-02-28,1,0,0.99999976
55000900271031,2021-03-01,1,0,0.99999976
55000900271031,2021-03-02,1,0,0.99999976
55000900271031,2021-03-03,1,0,0.99999976
55000900271031,2021-03-04,1,0,0.99999976
55000900271031,2021-03-05,1,0,0.99999976
55000900271031,2021-03-06,1,0,0.99999976
55000900271031,2021-03-07,1,0,0.99999976
55000900271031,2021-03-08,1,0,0.99999976
55000900271031,2021-03-09,1,0,0.99999976
55000900271031,2021-03-10,1,0,0.99999976
55000900271031,2021-03-11,1,0,0.99999976
55000900271031,2021-03-12,1,0,0.99999976
55000900271031,2021-03-13,1,0,0.99999976
55000900271031,2021-03-15,1,0,0.99999976
55000900271031,2021-03-16,1,0,0.99999976
55000900271031,2021-03-17,1,0,0.99999976
55000900271031,2021-03-18,1,0,0.99999976
55000900271031,2021-03-19,1,0,0.99999976
55000900271031,2021-03-20,1,0,0.99999976
55000900271031,2021-03-21,1,0,0.99999976
55000900271031,2021-03-22,1,0,0.99999976
55000900271031,2021-03-23,1,0,0.99999976
55000900271031,2021-03-24,1,0,0.99999976
55000900271031,2021-03-25,1,0,0.99999976
55000900271031,2021-03-26,1,0,0.99999976
55000900271031,2021-03-27,1,0,0.99999976
55000900271031,2021-03-28,1,0,0.99999976
55000900271031,2021-03-29,1,0,0.99999976
55000900271031,2021-03-30,1,0,0.99999976
55000900271031,2021-03-31,1,0,0.99999976
55000900271031,2021-04-01,1,0,0.99999976
55000900271031,2021-04-02,1,0,0.99999976
55000900271031,2021-04-03,1,0,0.99999976
55000900271031,2021-04-04,1,0,0.99999976
55000900271031,2021-04-05,1,0,0.99999976
55000900271031,2021-04-06,1,0,0.99999976
55000900271031,2021-04-07,1,0,0.99999976
55000900271031,2021-04-08,1,0,0.99999976
55000900271031,2021-04-09,1,0,0.99999976
55000900271031,2021-04-10,1,0,0.99999976
55000900271031,2021-04-11,1,0,0.99999976
55000900271031,2021-04-12,1,0,0.99999976
55000900271031,2021-04-13,1,0,0.99999976
55000900271031,2021-04-14,1,0,0.99999976
55000900271031,2021-04-15,1,0,0.99999976
55000900271031,2021-04-16,1,0,0.99999976
55000900271031,2021-04-17,1,0,0.99999976
55000900271031,2021-04-18,1,0,0.99999976
55000900271031,2021-04-19,1,0,0.99999976
55000900271031,2021-04-20,1,0,0.99999976
55000900271031,2021-04-21,1,0,0.99999976
55000900271031,2021-04-22,1,0,0.99999976
55000900271031,2021-04-23,1,0,0.99999976
55000900271031,2021-04-24,1,0,0.99999976
55000900271031,2021-04-25,1,0,0.99999976
55000900271031,2021-04-26,1,0,0.99999976
55000900271031,2021-04-27,1,0,0.99999976
55000900271031,2021-04-28,1,0,0.99999976
55000900271031,2021-04-29,1,0,0.99999976
55000900271031,2021-04-30,1,0,0.99999976
55000900271031,2021-05-01,1,0,0.99999976
55000900271031,2021-05-02,1,0,0.99999976
55000900271031,2021-05-03,1,0,0.99999976
55000900271031,2021-05-04,1,0,0.99999976
55000900271031,2021-05-05,1,0,0.99999976
55000900271031,2021-05-06,1,0,0.99999976
55000900271031,2021-05-07,1,0,0.99999976
55000900271031,2021-05-08,1,0,0.99999976
55000900271031,2021-05-09,1,0,0.99999976
55000900271031,2021-05-10,1,0,0.99999976
55000900271031,2021-05-11,1,0,0.99999976
55000900271031,2021-05-12,1,0,0.99999976
55000900271031,2021-05-13,1,0,0.99999976
55000900271031,2021-05-14,1,0,0.99999976
55000900271031,2021-05-15,1,0,0.99999976
55000900271031,2021-05-16,1,0,0.99999976
55000900271031,2021-05-17,1,0,0.99999976
55000900271031,2021-05-18,1,0,0.99999976
55000900271031,2021-05-19,1,0,0.99999976
55000900271031,2021-05-20,1,0,0.99999976
55000900271031,2021-05-21,1,0,0.99999976
55000900271031,2021-05-22,1,0,0.99999976
55000900271031,2021-05-23,1,0,0.99999976
55000900271031,2021-05-24,1,0,0.99999976
55000900271031,2021-05-25,1,0,0.99999976
55000900271031,2021-05-26,1,0,0.99999976
55000900271031,2021-05-27,1,0,0.99999976
55000900271031,2021-05-28,1,0,0.99999976
55000900271031,2021-05-29,1,0,0.99999976
55000900271031,2021-05-30,1,0,0.99999976
55000900271031,2021-05-31,1,0,0.99999976
55000900271031,2021-06-01,1,0,0.99999976
55000900271031,2021-06-02,1,0,0.99999976
55000900271031,2021-06-03,1,0,0.99999976
55000900271031,2021-06-04,1,0,0.99999976
55000900271031,2021-06-05,1,0,0.99999976
55000900271031,2021-06-06,1,0,0.99999976
55000900271031,2021-06-07,1,0,0.99999976
55000900271031,2021-06-08,1,0,0.99999976
55000900271031,2021-06-09,1,0,0.99999976
55000900271031,2021-06-10,1,0,0.99999976
55000900271031,2021-06-11,1,0,0.99999976
55000900271031,2021-06-12,1,0,0.99999976
55000900271031,2021-06-13,1,0,0.99999976
55000900271031,2021-06-14,1,0,0.99999976
55000900271031,2021-06-15,1,0,0.99999976
55000900271031,2021-06-16,1,0,0.99999976
55000900271031,2021-06-17,1,0,0.99999976
55000900271031,2021-06-18,1,0,0.99999976
55000900271031,2021-06-19,1,0,0.99999976
55000900271031,2021-06-20,1,0,0.99999976
55000900271031,2021-06-21,1,0,0.99999976
55000900271031,2021-06-22,1,0,0.99999976
55000900271031,2021-06-23,1,0,0.99999976
55000900271031,2021-06-24,1,0,0.99999976
55000900271031,2021-06-25,1,0,0.99999976
55000900271031,2021-06-26,1,0,0.99999976
55000900271031,2021-06-27,1,0,0.99999976
55000900271031,2021-06-28,1,0,0.99999976
55000900271031,2021-06-29,1,0,0.99999976
55000900271031,2021-06-30,1,0,0.99999976
55000900271031,2021-07-01,1,0,0.99999976
55000900271031,2021-07-02,1,0,0.99999976
55000900271031,2021-07-03,1,0,0.99999976
55000900271031,2021-07-04,1,0,0.99999976
55000900271031,2021-07-05,1,0,0.99999976
55000900271031,2021-07-06,1,0,0.99999976
55000900271031,2021-07-07,1,0,0.99999976
55000900271031,2021-07-08,1,0,0.99999976
55000900271031,2021-07-09,1,0,0.99999976
55000900271031,2021-07-10,1,0,0.99999976
55000900271031,2021-07-11,1,0,0.99999976
55000900271031,2021-07-12,1,0,0.99999976
55000900271031,2021-07-13,1,0,0.99999976
55000900271031,2021-07-14,1,0,0.99999976
55000900271031,2021-07-15,1,0,0.99999976
55000900271031,2021-07-16,1,0,0.99999976
55000900271031,2021-07-17,1,0,0.99999976
55000900271031,2021-07-18,1,0,0.99999976
55000900271031,2021-07-19,1,0,0.99999976
55000900271031,2021-07-20,1,0,0.99999976
55000900271031,2021-07-21,1,0,0.99999976
55000900271031,2021-07-22,1,0,0.99999976
55000900271031,2021-07-23,1,0,0.99999976
55000900271031,2021-07-24,1,0,0.99999976
55000900271031,2021-07-25,1,0,0.99999976
55000900271031,2021-07-26,1,0,0.99999976
55000900271031,2021-07-27,1,0,0.99999976
55000900271031,2021-07-28,1,0,0.99999976
55000900271031,2021-07-29,1,0,0.99999976
55000900271031,2021-07-30,1,0,0.99999976
55000900271031,2021-07-31,1,0,0.99999976
55000900271031,2021-08-01,1,0,0.99999976
55000900271031,2021-08-02,1,0,0.99999976
55000900271031,2021-08-03,0,0,0.99999976
55000900271031,2021-08-04,0,0,0.99999976
55000900271031,2021-08-05,0,0,0.99999976
55000900271031,2021-08-06,0,0,0.9999999
55000900271031,2021-08-07,0,0,0.99999917
55000900271031,2021-08-08,0,0,0.99999976
55000900271031,2021-08-09,0,0,0.9999999
55000900271031,2021-08-10,0,0,0.9999993
55000900271031,2021-08-11,0,0,0.99999964
55000900271031,2021-08-12,0,0,0.99999964
55000900271031,2021-08-13,0,0,0.99999964
55000900271031,2021-08-14,0,0,0.99999976
55000900271031,2021-08-15,0,0,0.99999976
55000900271031,2021-08-16,0,0,0.99999976
55000900271031,2021-08-17,0,0,0.99999976
55000900271031,2021-08-18,0,0,0.99999976
55000900271031,2021-08-19,0,0,0.9999999
55000900271031,2021-08-20,0,0,0.9999999
55000900271031,2021-08-21,0,0,0.9999999
55000900271031,2021-08-22,0,0,0.9999999
55000900271031,2021-08-23,0,0,0.99999976
55000900271031,2021-08-24,0,0,0.9999995
55000900271031,2021-08-25,0,0,0.99999905
55000900271031,2021-08-26,0,0,0.99999964
55000900271031,2021-08-27,0,0,0.99999917
55000900271031,2021-08-28,0,0,0.9999999
55000900271031,2021-08-29,0,0,0.9999999
55000900271031,2021-08-30,0,0,0.9999999
55000900271031,2021-08-31,0,0,0.9999989
55000900271031,2021-09-01,0,0,0.9999988
55000900271031,2021-09-02,0,0,0.99999905
55000900271031,2021-09-03,0,0,0.99999905
55000900271031,2021-09-04,0,0,0.9999999
55000900271031,2021-09-05,0,0,0.9999999
55000900271031,2021-09-06,0,0,0.9999999
55000900271031,2021-09-07,0,0,0.9999999
55000900271031,2021-09-08,0,0,0.9999999
55000900271031,2021-09-09,0,0,0.9999999
55000900271031,2021-09-10,0,0,0.9999999
55000900271031,2021-09-11,0,0,0.9999999
55000900271031,2021-09-12,0,0,0.9999999
55000900271031,2021-09-13,0,0,0.9999999
55000900271031,2021-09-14,0,0,0.9999999
55000900271031,2021-09-15,0,0,0.9999999
55000900271031,2021-09-16,0,0,0.9999999
55000900271031,2021-09-17,0,0,0.9999999
55000900271031,2021-09-18,1,0,0.9999999
55000900271031,2021-09-19,1,0,0.9999999
55000900271031,2021-09-20,1,0,0.9999999
55000900271031,2021-09-21,1,0,0.9999999
55000900271031,2021-09-22,1,0,0.99999976
55000900271031,2021-09-23,1,0,0.9999999
55000900271031,2021-09-24,1,0,0.9999995
55000900271031,2021-09-25,0,0,0.99999857
55000900271031,2021-09-26,0,0,0.9999999
55000900271031,2021-09-27,1,0,0.9999999
55000900271031,2021-09-28,1,0,0.9999994
55000900271031,2021-09-29,1,0,0.9999993
55000900271031,2021-09-30,1,0,0.99999964
55000900271031,2021-10-01,1,0,0.9999999
55000900271031,2021-10-02,1,0,0.9999999
55000900271031,2021-10-03,1,0,0.99999976
55000900271031,2021-10-04,1,0,0.99999976
55000900271031,2021-10-05,1,0,0.99999976
55000900271031,2021-10-06,1,0,0.9999994
55000900271031,2021-10-07,1,0,0.99999845
55000900271031,2021-10-08,1,0,0.99999857
55000900271031,2021-10-09,1,0,0.9999981
55000900271031,2021-10-10,1,0,0.99999857
55000900271031,2021-10-11,1,0,0.99999785
55000900271031,2021-10-12,1,0,0.9999987
55000900271031,2021-10-13,1,0,0.9999975
55000900271031,2021-10-14,1,0,0.9999993
55000900271031,2021-10-15,1,0,0.9999993
55000900271031,2021-10-16,1,0,0.99999917
55000900271031,2021-10-17,1,0,0.9999999
55000900271031,2021-10-18,1,0,0.9999999
55000900271031,2021-10-19,1,0,0.99999976
55000900271031,2021-10-20,1,0,0.99999976
55000900271031,2021-10-21,1,0,0.99999976
55000900271031,2021-10-22,1,0,0.99999976
55000900271031,2021-10-23,1,0,0.99999976
55000900271031,2021-10-24,1,0,0.9999999
55000900271031,2021-10-25,1,0,0.9999999
55000900271031,2021-10-26,1,0,0.9999999
55000900271031,2021-10-27,1,0,0.99999976
55000900271031,2021-10-28,1,0,0.99999976
55000900271031,2021-10-29,1,0,0.99999976
55000900271031,2021-10-30,1,0,0.99999976
55000900271031,2021-10-31,1,0,0.99999976
55000900271031,2021-11-01,1,0,0.99999976
55000900271031,2021-11-02,1,0,0.99999976
55000900271031,2021-11-03,1,0,0.99999976
55000900271031,2021-11-04,1,0,0.99999976
55000900271031,2021-11-05,1,0,0.99999976
55000900271031,2021-11-06,1,0,0.99999976
55000900271031,2021-11-07,1,0,0.99999976
55000900271031,2021-11-08,1,0,0.99999976
55000900271031,2021-11-09,1,0,0.99999976
55000900271031,2021-11-10,1,0,0.99999976
55000900271031,2021-11-11,1,0,0.99999976
55000900271031,2021-11-12,1,0,0.99999976
55000900271031,2021-11-13,1,0,0.99999976
55000900271031,2021-11-14,1,0,0.99999976
55000900271031,2021-11-15,1,0,0.99999976
55000900271031,2021-11-16,1,0,0.99999976
55000900271031,2021-11-17,1,0,0.99999976
55000900271031,2021-11-18,1,0,0.99999976
55000900271031,2021-11-19,1,0,0.99999976
55000900271031,2021-11-20,1,0,0.99999976
55000900271031,2021-11-21,1,0,0.99999976
55000900271031,2021-11-22,1,0,0.99999976
55000900271031,2021-11-23,1,0,0.99999976
55000900271031,2021-11-24,1,0,0.99999976
55000900271031,2021-11-25,1,0,0.99999976
55000900271031,2021-11-26,1,0,0.99999976
55000900271031,2021-11-27,1,0,0.99999976
55000900271031,2021-11-28,1,0,0.99999976
55000900271031,2021-11-29,1,0,0.99999976
55000900271031,2021-11-30,1,0,0.99999976
55000900271031,2021-12-01,1,0,0.99999976
55000900271031,2021-12-02,1,0,0.99999976
55000900271031,2021-12-03,1,0,0.99999976
55000900271031,2021-12-04,1,0,0.99999976
55000900271031,2021-12-05,1,0,0.99999976
55000900271031,2021-12-06,1,0,0.99999976
55000900271031,2021-12-07,1,0,0.99999976
55000900271031,2021-12-08,1,0,0.99999976
55000900271031,2021-12-09,1,0,0.99999976
55000900271031,2021-12-10,1,0,0.99999976
55000900271031,2021-12-11,1,0,0.99999976
55000900271031,2021-12-12,1,0,0.99999976
55000900271031,2021-12-13,1,0,0.99999976
55000900271031,2021-12-14,1,0,0.99999976
55000900271031,2021-12-15,1,0,0.99999976
55000900271031,2021-12-16,1,0,0.99999976
55000900271031,2021-12-17,1,0,0.99999976
55000900271031,2021-12-18,1,0,0.99999976
55000900271031,2021-12-19,1,0,0.99999976
55000900271031,2021-12-20,1,0,0.99999976
55000900271031,2021-12-21,1,0,0.99999976
55000900271031,2021-12-22,1,0,0.99999976
55000900271031,2021-12-23,1,0,0.99999976
55000900271031,2021-12-24,1,0,0.99999976
55000900271031,2021-12-25,1,0,0.99999976
55000900271031,2021-12-26,1,0,0.99999976
55000900271031,2021-12-27,1,0,0.99999976
55000900271031,2021-12-28,1,0,0.99999976
55000900271031,2021-12-29,1,0,0.99999976
55000900271031,2021-12-30,1,0,0.99999976
55000900271031,2021-12-31,1,0,0.99999976
55000900271031,2022-01-01,1,0,0.99999976
55000900271031,2022-01-02,1,0,0.99999976
55000900271031,2022-01-03,1,0,0.99999976
55000900271031,2022-01-04,1,0,0.99999976
55000900271031,2022-01-05,1,0,0.99999976
55000900271031,2022-01-06,1,0,0.99999976
55000900271031,2022-01-07,1,0,0.99999976
55000900271031,2022-01-08,1,0,0.99999976
55000900271031,2022-01-09,1,0,0.99999976
55000900271031,2022-01-10,1,0,0.99999976
55000900271031,2022-01-11,1,0,0.99999976
55000900271031,2022-01-12,1,0,0.99999976
55000900271031,2022-01-13,1,0,0.99999976
55000900271031,2022-01-14,1,0,0.99999976
55000900271031,2022-01-15,1,0,0.99999976
55000900271031,2022-01-16,1,0,0.99999976
55000900271031,2022-01-17,1,0,0.99999976
55000900271031,2022-01-18,1,0,0.99999976
55000900271031,2022-01-19,1,0,0.99999976
55000900271031,2022-01-20,1,0,0.99999976
55000900271031,2022-01-21,1,0,0.99999976
55000900271031,2022-01-22,1,0,0.99999976
55000900271031,2022-01-23,1,0,0.99999976
55000900271031,2022-01-24,1,0,0.99999976
55000900271031,2022-01-25,1,0,0.99999976
55000900271031,2022-01-26,1,0,0.99999976
55000900271031,2022-01-27,1,0,0.99999976
55000900271031,2022-01-28,1,0,0.99999976
55000900271031,2022-01-29,1,0,0.99999976
55000900271031,2022-01-30,1,0,0.99999976
55000900271031,2022-01-31,1,0,0.99999976
55000900271031,2022-02-01,1,0,0.99999976
55000900271031,2022-02-02,1,0,0.99999976
55000900271031,2022-02-03,1,0,0.99999976
55000900271031,2022-02-04,1,0,0.99999976
55000900271031,2022-02-05,1,0,0.99999976
55000900271031,2022-02-06,1,0,0.99999976
55000900271031,2022-02-07,1,0,0.99999976
55000900271031,2022-02-08,1,0,0.99999976
55000900271031,2022-02-09,1,0,0.99999976
55000900271031,2022-02-10,1,0,0.99999976
55000900271031,2022-02-11,1,0,0.99999976
55000900271031,2022-02-12,1,0,0.99999976
55000900271031,2022-02-13,1,0,0.99999976
55000900271031,2022-02-14,1,0,0.99999976
55000900271031,2022-02-15,1,0,0.99999976
55000900271031,2022-02-16,1,0,0.99999976
55000900271031,2022-02-17,1,0,0.99999976
55000900271031,2022-02-18,1,0,0.99999976
55000900271031,2022-02-19,1,0,0.99999976
55000900271031,2022-02-20,1,0,0.99999976
55000900271031,2022-02-21,1,0,0.99999976
55000900271031,2022-02-22,1,0,0.99999976
55000900271031,2022-02-23,1,0,0.99999976
55000900271031,2022-02-24,1,0,0.99999976
55000900271031,2022-02-25,1,0,0.99999976
55000900271031,2022-02-26,1,0,0.99999976
55000900271031,2022-02-27,1,0,0.99999976
55000900271031,2022-02-28,1,0,0.99999976
55000900271031,2022-03-01,1,0,0.99999976
55000900271031,2022-03-02,1,0,0.99999976
55000900271031,2022-03-03,1,0,0.99999976
55000900271031,2022-03-04,1,0,0.99999976
55000900271031,2022-03-05,1,0,0.99999976
55000900271031,2022-03-06,1,0,0.99999976
55000900271031,2022-03-07,1,0,0.99999976
55000900271031,2022-03-08,1,0,0.99999976
55000900271031,2022-03-09,1,0,0.99999976
55000900271031,2022-03-10,1,0,0.99999976
55000900271031,2022-03-11,1,0,0.99999976
55000900271031,2022-03-12,1,0,0.99999976
55000900271031,2022-03-14,1,0,0.99999976
55000900271031,2022-03-15,1,0,0.99999976
55000900271031,2022-03-16,1,0,0.99999976
55000900271031,2022-03-17,1,0,0.99999976
55000900271031,2022-03-18,1,0,0.99999976
55000900271031,2022-03-19,1,0,0.99999976
55000900271031,2022-03-20,1,0,0.99999976
55000900271031,2022-03-21,1,0,0.99999976
55000900271031,2022-03-22,1,0,0.99999976
55000900271031,2022-03-23,1,0,0.99999976
55000900271031,2022-03-24,1,0,0.99999976
55000900271031,2022-03-25,1,0,0.99999976
55000900271031,2022-03-26,1,0,0.99999976
55000900271031,2022-03-27,1,0,0.99999976
55000900271031,2022-03-28,1,0,0.99999976
55000900271031,2022-03-29,1,0,0.99999976
55000900271031,2022-03-30,1,0,0.99999976
55000900271031,2022-03-31,1,0,0.99999976
55000900271031,2022-04-01,1,0,0.99999976
55000900271031,2022-04-02,1,0,0.99999976
55000900271031,2022-04-03,1,0,0.99999976
55000900271031,2022-04-04,1,0,0.99999976
55000900271031,2022-04-05,1,0,0.99999976
55000900271031,2022-04-06,1,0,0.99999976
55000900271031,2022-04-07,1,0,0.99999976
55000900271031,2022-04-08,1,0,0.99999976
55000900271031,2022-04-09,1,0,0.99999976
55000900271031,2022-04-10,1,0,0.99999976
55000900271031,2022-04-11,1,0,0.99999976
55000900271031,2022-04-12,1,0,0.99999976
55000900271031,2022-04-13,1,0,0.99999976
55000900271031,2022-04-14,1,0,0.99999976
55000900271031,2022-04-15,1,0,0.99999976
55000900271031,2022-04-16,1,0,0.99999976
55000900271031,2022-04-17,1,0,0.99999976
55000900271031,2022-04-18,1,0,0.99999976
55000900271031,2022-04-19,1,0,0.99999976
55000900271031,2022-04-20,1,0,0.99999976
55000900271031,2022-04-21,1,0,0.99999976
55000900271031,2022-04-22,1,0,0.99999976
55000900271031,2022-04-23,1,0,0.99999976
55000900271031,2022-04-24,1,0,0.99999976
55000900271031,2022-04-25,1,0,0.99999976
55000900271031,2022-04-26,1,0,0.99999976
55000900271031,2022-04-27,1,0,0.99999976
55000900271031,2022-04-28,1,0,0.99999976
55000900271031,2022-04-29,1,0,0.99999976
55000900271031,2022-04-30,1,0,0.99999976
55000900271031,2022-05-01,1,0,0.99999976
55000900271031,2022-05-02,1,0,0.99999976
55000900271031,2022-05-03,1,0,0.99999976
55000900271031,2022-05-04,1,0,0.99999976
55000900271031,2022-05-05,1,0,0.99999976
55000900271031,2022-05-06,1,0,0.99999976
55000900271031,2022-05-07,1,0,0.99999976
55000900271031,2022-05-08,1,0,0.99999976
55000900271031,2022-05-09,1,0,0.99999976
55000900271031,2022-05-10,1,0,0.99999976
55000900271031,2022-05-11,1,0,0.99999976
55000900271031,2022-05-12,1,0,0.99999976
55000900271031,2022-05-13,1,0,0.99999976
55000900271031,2022-05-14,1,0,0.99999976
55000900271031,2022-05-15,1,0,0.99999976
55000900271031,2022-05-16,1,0,0.99999976
55000900271031,2022-05-17,1,0,0.99999976
55000900271031,2022-05-18,1,0,0.99999976
55000900271031,2022-05-19,1,0,0.99999976
55000900271031,2022-05-20,1,0,0.99999976
55000900271031,2022-05-21,1,0,0.99999976
55000900271031,2022-05-22,1,0,0.99999976
55000900271031,2022-05-23,1,0,0.99999976
55000900271031,2022-05-24,1,0,0.99999976
55000900271031,2022-05-25,1,0,0.99999976
55000900271031,2022-05-26,1,0,0.99999976
55000900271031,2022-05-27,1,0,0.99999976
55000900271031,2022-05-28,1,0,0.99999976
55000900271031,2022-05-29,1,0,0.99999976
55000900271031,2022-05-30,1,0,0.99999976
55000900271031,2022-05-31,1,0,0.99999976
55000900271031,2022-06-01,1,0,0.99999976
55000900271031,2022-06-02,1,0,0.99999976
55000900271031,2022-06-03,1,0,0.99999976
55000900271031,2022-06-04,1,0,0.99999976
55000900271031,2022-06-05,1,0,0.99999976
55000900271031,2022-06-06,1,0,0.99999976
55000900271031,2022-06-07,1,0,0.99999976
55000900271031,2022-06-08,1,0,0.99999976
55000900271031,2022-06-09,1,0,0.99999976
55000900271031,2022-06-10,1,0,0.99999976
55000900271031,2022-06-11,1,0,0.99999976
55000900271031,2022-06-12,1,0,0.99999976
55000900271031,2022-06-13,1,0,0.99999976
55000900271031,2022-06-14,1,0,0.99999976
55000900271031,2022-06-15,1,0,0.99999976
55000900271031,2022-06-16,1,0,0.99999976
55000900271031,2022-06-17,1,0,0.99999976
55000900271031,2022-06-18,1,0,0.99999976
55000900271031,2022-06-19,1,0,0.99999976
55000900271031,2022-06-20,1,0,0.99999976
55000900271031,2022-06-21,1,0,0.99999976
55000900271031,2022-06-22,1,0,0.99999976
55000900271031,2022-06-23,1,0,0.99999976
55000900271031,2022-06-24,1,0,0.99999976
55000900271031,2022-06-25,1,0,0.99999976
55000900271031,2022-06-26,1,0,0.99999976
55000900271031,2022-06-27,1,0,0.99999976
55000900271031,2022-06-28,1,0,0.99999976
55000900271031,2022-06-29,1,0,0.99999976
55000900271031,2022-06-30,1,0,0.99999976
55000900271031,2022-07-01,1,0,0.99999976
55000900271031,2022-07-02,1,0,0.99999976
55000900271031,2022-07-03,1,0,0.99999976
55000900271031,2022-07-04,1,0,0.99999976
55000900271031,2022-07-05,1,0,0.99999976
55000900271031,2022-07-06,1,0,0.99999976
55000900271031,2022-07-07,1,0,0.99999976
55000900271031,2022-07-08,1,0,0.99999976
55000900271031,2022-07-09,1,0,0.99999976
55000900271031,2022-07-10,1,0,0.99999976
55000900271031,2022-07-11,1,0,0.99999976
55000900271031,2022-07-12,1,0,0.99999976
55000900271031,2022-07-13,1,0,0.99999976
55000900271031,2022-07-14,1,0,0.99999976
55000900271031,2022-07-15,1,0,0.99999976
55000900271031,2022-07-16,1,0,0.99999976
55000900271031,2022-07-17,1,0,0.99999976
55000900271031,2022-07-18,1,0,0.99999976
55000900271031,2022-07-19,1,0,0.99999976
55000900271031,2022-07-20,1,0,0.99999976
55000900271031,2022-07-21,1,0,0.99999976
55000900271031,2022-07-22,1,0,0.99999976
55000900271031,2022-07-23,1,0,0.99999976
55000900271031,2022-07-24,1,0,0.99999976
55000900271031,2022-07-25,1,0,0.99999976
55000900271031,2022-07-26,1,0,0.99999976
55000900271031,2022-07-27,1,0,0.99999976
55000900271031,2022-07-28,1,0,0.99999976
55000900271031,2022-07-29,1,0,0.99999976
55000900271031,2022-07-30,1,0,0.99999976
55000900271031,2022-07-31,1,0,0.99999976
55000900271031,2022-08-01,1,0,0.99999976
55000900271031,2022-08-02,1,0,0.99999976
55000900271031,2022-08-03,1,0,0.99999976
55000900271031,2022-08-04,1,0,0.99999976
55000900271031,2022-08-05,1,0,0.99999976
55000900271031,2022-08-06,1,0,0.99999976
55000900271031,2022-08-07,1,0,0.99999976
55000900271031,2022-08-08,1,0,0.99999976
55000900271031,2022-08-09,1,0,0.99999976
55000900271031,2022-08-10,1,0,0.99999976
55000900271031,2022-08-11,1,0,0.99999976
55000900271031,2022-08-12,1,0,0.99999976
55000900271031,2022-08-13,1,0,0.99999976
55000900271031,2022-08-14,1,0,0.99999976
55000900271031,2022-08-15,1,0,0.99999976
55000900271031,2022-08-16,1,0,0.99999976
55000900271031,2022-08-17,1,0,0.99999976
55000900271031,2022-08-18,1,0,0.99999976
55000900271031,2022-08-19,1,0,0.99999976
55000900271031,2022-08-20,1,0,0.99999976
55000900271031,2022-08-21,1,0,0.99999976
55000900271031,2022-08-22,1,0,0.99999976
55000900271031,2022-08-23,1,0,0.99999976
55000900271031,2022-08-24,1,0,0.99999976
55000900271031,2022-08-25,1,0,0.99999976
55000900271031,2022-08-26,1,0,0.99999976
55000900271031,2022-08-27,1,0,0.99999976
55000900271031,2022-08-28,1,0,0.99999976
55000900271031,2022-08-29,1,0,0.99999976
55000900271031,2022-08-30,1,0,0.99999976
55000900271031,2022-08-31,1,0,0.99999976
55000900271031,2022-09-01,1,0,0.99999976
55000900271031,2022-09-02,1,0,0.99999976
55000900271031,2022-09-03,1,0,0.99999976
55000900271031,2022-09-04,1,0,0.99999976
55000900271031,2022-09-05,1,0,0.99999976
55000900271031,2022-09-06,1,0,0.99999976
55000900271031,2022-09-07,1,0,0.99999976
55000900271031,2022-09-08,0,0,0.99999976
55000900271031,2022-09-09,1,0,0.99999976
55000900271031,2022-09-10,1,0,0.99999976
55000900271031,2022-09-11,1,0,0.9999999
55000900271031,2022-09-12,1,0,0.99999976
55000900271031,2022-09-13,1,0,0.9999999
55000900271031,2022-09-14,1,0,0.9999999
55000900271031,2022-09-15,0,0,0.99999976
55000900271031,2022-09-16,1,0,0.9999999
55000900271031,2022-09-17,1,0,0.99999976
55000900271031,2022-09-18,1,0,0.9999999
55000900271031,2022-09-19,1,0,0.99999976
55000900271031,2022-09-20,0,0,0.9999999
55000900271031,2022-09-21,1,0,1.0
55000900271031,2022-09-22,1,0,0.9999999
55000900271031,2022-09-23,1,0,0.9999999
55000900271031,2022-09-24,0,0,0.99999964
55000900271031,2022-09-25,0,0,1.0
55000900271031,2022-09-26,0,0,1.0
55000900271031,2022-09-27,0,0,0.9999999
55000900271031,2022-09-28,0,0,0.9999994
55000900271031,2022-09-29,1,0,0.99999964
55000900271031,2022-09-30,1,0,0.9999999
55000900271031,2022-10-01,1,0,0.99999976
55000900271031,2022-10-02,0,0,0.99999964
55000900271031,2022-10-03,0,0,0.99999976
55000900271031,2022-10-04,0,0,0.9999999
55000900271031,2022-10-05,0,0,0.99999964
55000900271031,2022-10-06,0,0,0.9999993
55000900271031,2022-10-07,0,0,0.99999964
55000900271031,2022-10-08,0,0,0.99999964
55000900271031,2022-10-09,0,0,0.99999964
55000900271031,2022-10-10,0,0,0.99999976
55000900271031,2022-10-11,0,0,0.99999976
55000900271031,2022-10-12,0,0,0.9999999
55000900271031,2022-10-13,0,0,0.9999999
55000900271031,2022-10-14,0,0,0.9999999
55000900271031,2022-10-15,0,0,0.9999999
55000900271031,2022-10-16,0,0,0.99999964
55000900271031,2022-10-17,0,0,0.99999976
55000900271031,2022-10-18,0,0,0.99999976
55000900271031,2022-10-19,0,0,0.9999995
55000900271031,2022-10-20,0,0,0.99999905
55000900271031,2022-10-21,1,0,0.99999964
55000900271031,2022-10-22,1,0,0.9999988
55000900271031,2022-10-23,1,0,0.99999964
55000900271031,2022-10-24,1,0,0.9999995
55000900271031,2022-10-25,1,0,0.9999999
55000900271031,2022-10-26,1,0,0.9999999
55000900271031,2022-10-27,1,0,0.9999999
55000900271031,2022-10-28,1,0,0.99999976
55000900271031,2022-10-29,1,0,0.9999999
55000900271031,2022-10-30,1,0,0.9999999
55000900271031,2022-10-31,1,0,0.999998
55000900271031,2022-11-01,1,0,0.99999845
55000900271031,2022-11-02,1,0,0.9999976
55000900271031,2022-11-03,1,0,0.9999999
55000900271031,2022-11-04,1,0,0.99999976
55000900271031,2022-11-05,1,0,0.9999999
55000900271031,2022-11-06,1,0,0.9999999
55000900271031,2022-11-07,1,0,0.9999999
55000900271031,2022-11-08,1,0,0.9999999
55000900271031,2022-11-09,1,0,0.99999976
55000900271031,2022-11-10,1,0,0.9999999
55000900271031,2022-11-11,1,0,0.99999976
55000900271031,2022-11-12,1,0,0.99999976
55000900271031,2022-11-13,1,0,0.9999995
55000900271031,2022-11-14,1,0,0.9999999
55000900271031,2022-11-15,1,0,0.9999999
55000900271031,2022-11-16,1,0,0.9999999
55000900271031,2022-11-17,1,0,0.99999976
55000900271031,2022-11-18,1,0,0.99999976
55000900271031,2022-11-19,1,0,0.99999976
55000900271031,2022-11-20,1,0,0.99999976
55000900271031,2022-11-21,1,0,0.99999976
55000900271031,2022-11-22,1,0,0.99999976
55000900271031,2022-11-23,1,0,0.99999976
55000900271031,2022-11-24,1,0,0.99999976
55000900271031,2022-11-25,1,0,0.99999976
55000900271031,2022-11-26,1,0,0.99999976
55000900271031,2022-11-27,1,0,0.99999976
55000900271031,2022-11-28,1,0,0.99999976
55000900271031,2022-11-29,1,0,0.99999976
55000900271031,2022-11-30,1,0,0.99999976
55000900271031,2022-12-01,1,0,0.99999976
55000900271031,2022-12-02,1,0,0.99999976
55000900271031,2022-12-03,1,0,0.99999976
55000900271031,2022-12-04,1,0,0.99999976
55000900271031,2022-12-05,1,0,0.99999976
55000900271031,2022-12-06,1,0,0.99999976
55000900271031,2022-12-07,1,0,0.99999976
55000900271031,2022-12-08,1,0,0.99999976
55000900271031,2022-12-09,1,0,0.99999976
55000900271031,2022-12-10,1,0,0.99999976
55000900271031,2022-12-11,1,0,0.99999976
55000900271031,2022-12-12,1,0,0.99999976
55000900271031,2022-12-13,1,0,0.99999976
55000900271031,2022-12-14,1,0,0.99999976
55000900271031,2022-12-15,1,0,0.99999976
55000900271031,2022-12-16,1,0,0.99999976
55000900271031,2022-12-17,1,0,0.99999976
55000900271031,2022-12-18,1,0,0.99999976
55000900271031,2022-12-19,1,0,0.99999976
55000900271031,2022-12-20,1,0,0.99999976
55000900271031,2022-12-21,1,0,0.99999976
55000900271031,2022-12-22,1,0,0.99999976
55000900271031,2022-12-23,1,0,0.99999976
55000900271031,2022-12-24,1,0,0.99999976
55000900271031,2022-12-25,1,0,0.99999976
55000900271031,2022-12-26,1,0,0.99999976
55000900271031,2022-12-27,1,0,0.99999976
55000900271031,2022-12-28,1,0,0.99999976
55000900271031,2022-12-29,1,0,0.99999976
55000900271031,2022-12-30,1,0,0.99999976
55000900271031,2022-12-31,1,0,0.99999976
55000900271031,2023-01-01,1,0,0.99999976
55000900271031,2023-01-02,1,0,0.99999976
55000900271031,2023-01-03,1,0,0.99999976
55000900271031,2023-01-26,1,0,0.99999976
55000900271031,2023-01-27,1,0,0.99999976
55000900271031,2023-01-28,1,0,0.99999976
55000900271031,2023-01-29,1,0,0.99999976
55000900271031,2023-01-30,1,0,0.99999976
55000900271031,2023-01-31,1,0,0.99999976
55000900271031,2023-02-01,1,0,0.99999976
55000900271031,2023-02-02,1,0,0.99999976
55000900271031,2023-02-03,1,0,0.99999976
55000900271031,2023-02-04,1,0,0.99999976
55000900271031,2023-02-05,1,0,0.99999976
55000900271031,2023-02-06,1,0,0.99999976
55000900271031,2023-02-07,1,0,0.99999976
55000900271031,2023-02-08,1,0,0.99999976
55000900271031,2023-02-09,1,0,0.99999976
55000900271031,2023-02-10,1,0,0.99999976
55000900271031,2023-02-11,1,0,0.99999976
55000900271031,2023-02-12,1,0,0.99999976
55000900271031,2023-02-13,1,0,0.99999976
55000900271031,2023-02-14,1,0,0.99999976
55000900271031,2023-02-15,1,0,0.99999976
55000900271031,2023-02-16,1,0,0.99999976
55000900271031,2023-02-17,1,0,0.99999976
55000900271031,2023-02-18,1,0,0.99999976
55000900271031,2023-02-19,1,0,0.99999976
55000900271031,2023-02-20,1,0,0.99999976
55000900271031,2023-02-21,1,0,0.99999976
55000900271031,2023-02-22,1,0,0.99999976
55000900271031,2023-02-23,1,0,0.99999976
55000900271031,2023-02-24,1,0,0.99999976
55000900271031,2023-02-25,1,0,0.99999976
55000900271031,2023-02-26,1,0,0.99999976
55000900271031,2023-02-27,1,0,0.99999976
55000900271031,2023-02-28,1,0,0.99999976
55000900271031,2023-03-01,1,0,0.99999976
55000900271031,2023-03-02,1,0,0.99999976
55000900271031,2023-03-03,1,0,0.99999976
55000900271031,2023-03-04,1,0,0.99999976
55000900271031,2023-03-05,1,0,0.99999976
55000900271031,2023-03-06,1,0,0.99999976
55000900271031,2023-03-07,1,0,0.99999976
55000900271031,2023-03-08,1,0,0.99999976
55000900271031,2023-03-09,1,0,0.99999976
55000900271031,2023-03-10,1,0,0.99999976
55000900271031,2023-03-11,1,0,0.99999976
55000900271031,2023-03-13,1,0,0.99999976
55000900271031,2023-03-14,1,0,0.99999976
55000900271031,2023-03-15,1,0,0.99999976
55000900271031,2023-03-16,1,0,0.99999976
55000900271031,2023-03-17,1,0,0.99999976
55000900271031,2023-03-18,1,0,0.99999976
55000900271031,2023-03-19,1,0,0.99999976
55000900271031,2023-03-20,1,0,0.99999976
55000900271031,2023-03-21,1,0,0.99999976
55000900271031,2023-03-22,1,0,0.99999976
55000900271031,2023-03-23,1,0,0.99999976
55000900271031,2023-03-24,1,0,0.99999976
55000900271031,2023-03-25,1,0,0.99999976
55000900271031,2023-03-26,1,0,0.99999976
55000900271031,2023-03-27,1,0,0.99999976
55000900271031,2023-03-28,1,0,0.99999976
55000900271031,2023-03-29,1,0,0.99999976
55000900271031,2023-03-30,1,0,0.99999976
55000900271031,2023-03-31,1,0,0.99999976
55000900271031,2023-04-01,1,0,0.99999976
55000900271031,2023-04-02,1,0,0.99999976
55000900271031,2023-04-03,1,0,0.99999976
55000900271031,2023-04-04,1,0,0.99999976
55000900271031,2023-04-05,1,0,0.99999976
55000900271031,2023-04-06,1,0,0.99999976
55000900271031,2023-04-07,1,0,0.99999976
55000900271031,2023-04-08,1,0,0.99999976
55000900271031,2023-04-09,1,0,0.99999976
55000900271031,2023-04-10,1,0,0.99999976
55000900271031,2023-04-11,1,0,0.99999976
55000900271031,2023-04-12,1,0,0.99999976
55000900271031,2023-04-13,1,0,0.99999976
55000900271031,2023-04-14,1,0,0.99999976
55000900271031,2023-04-15,1,0,0.99999976
55000900271031,2023-04-16,1,0,0.99999976
55000900271031,2023-04-17,1,0,0.99999976
55000900271031,2023-04-18,1,0,0.99999976
55000900271031,2023-04-19,1,0,0.99999976
55000900271031,2023-04-20,1,0,0.99999976
55000900271635,2020-09-29,1,8,0.9982912
55000900271635,2020-09-30,1,8,0.99847454
55000900271635,2020-10-01,1,8,0.9976179
55000900271635,2020-10-02,1,8,0.9930345
55000900271635,2020-10-03,1,8,0.99900526
55000900271635,2020-10-04,1,8,0.9992576
55000900271635,2020-10-05,1,8,0.9986634
55000900271635,2020-10-06,1,8,0.99951184
55000900271635,2020-10-07,1,8,0.9996978
55000900271635,2020-10-08,1,8,0.99851054
55000900271635,2020-10-09,1,8,0.9991092
55000900271635,2020-10-10,1,8,0.999778
55000900271635,2020-10-11,1,8,0.9993666
55000900271635,2020-10-12,1,8,0.99815315
55000900271635,2020-10-13,1,8,0.99533683
55000900271635,2020-10-14,1,8,0.99845064
55000900271635,2020-10-15,1,8,0.99853206
55000900271635,2020-10-16,1,8,0.99997056
55000900271635,2020-10-17,1,8,0.99974734
55000900271635,2020-10-18,1,8,0.99895406
55000900271635,2020-10-19,1,8,0.99955577
55000900271635,2020-10-20,1,0,0.9995782
55000900271635,2020-10-21,1,0,0.99922574
55000900272209,2020-09-29,1,8,0.9999995
55000900272209,2020-09-30,1,8,0.99999964
55000900272209,2020-10-01,1,8,0.99999917
55000900272209,2020-10-02,1,8,0.9999987
55000900272209,2020-10-03,1,8,0.9999982
55000900272209,2020-10-04,1,8,0.99992037
55000900272209,2020-10-05,1,8,0.9999149
55000900272209,2020-10-06,1,8,0.99994326
55000900272209,2020-10-07,1,8,0.999946
55000900272209,2020-10-08,1,8,0.99990463
55000900272209,2020-10-09,1,8,0.9998778
55000900272209,2020-10-10,1,8,0.99996006
55000900272209,2020-10-11,1,8,0.9999211
55000900272209,2020-10-12,1,8,0.99991477
55000900272209,2020-10-13,1,8,0.9999553
55000900272209,2020-10-14,1,8,0.99998534
55000900272209,2020-10-15,1,8,0.99999845
55000900272209,2020-10-16,1,8,0.9999949
55000900272209,2020-10-17,1,8,0.99999416
55000900272209,2020-10-18,1,0,0.9999981
55000900272209,2020-10-19,1,0,0.9999895
55000900272714,2020-09-29,1,8,0.9999995
55000900272714,2020-09-30,1,8,0.9999988
55000900272714,2020-10-01,1,8,0.99999
55000900272714,2020-10-02,1,8,0.99984217
55000900272714,2020-10-03,1,8,0.99984527
55000900272714,2020-10-04,1,8,0.9999175
55000900272714,2020-10-05,1,8,0.99998474
55000900272714,2020-10-06,1,8,0.9999709
55000900272714,2020-10-07,1,8,0.99994075
55000900272714,2020-10-08,1,8,0.99995995
55000900272714,2020-10-09,1,8,0.9999598
55000900272714,2020-10-10,1,8,0.99994314
55000900272714,2020-10-11,1,8,0.9999558
55000900272714,2020-10-12,1,8,0.99999
55000900272714,2020-10-13,1,8,0.99999905
55000900272714,2020-10-14,1,8,0.99999654
55000900272714,2020-10-15,1,8,0.99999905
55000900272714,2020-10-16,1,8,0.99999964
55000900272714,2020-10-17,1,8,0.99999857
55000900272714,2020-10-18,1,8,0.9999957
55000900272714,2020-10-19,1,0,0.9999937
55000900272714,2020-10-20,1,0,0.99999297
