site_id,target_date,true_wetdry,label_is_hobo,pred_wetdry_prob
55000900029021,2020-09-29,1,8,0.9999738
55000900029021,2020-09-30,1,8,0.9999734
55000900029021,2020-10-01,1,8,0.99995494
55000900029021,2020-10-02,1,8,0.9999181
55000900029021,2020-10-03,1,8,0.99969137
55000900029021,2020-10-04,1,8,0.9995565
55000900029021,2020-10-05,1,8,0.9996542
55000900029021,2020-10-06,1,8,0.99985087
55000900029021,2020-10-07,1,8,0.9999229
55000900029021,2020-10-08,1,8,0.9999143
55000900029021,2020-10-09,1,8,0.9997472
55000900029021,2020-10-10,1,8,0.9999075
55000900029021,2020-10-11,1,8,0.99995315
55000900029021,2020-10-12,1,8,0.99995244
55000900029021,2020-10-13,1,8,0.99996173
55000900029021,2020-10-14,1,8,0.99997187
55000900029021,2020-10-15,1,8,0.99997044
55000900029021,2020-10-16,1,8,0.99997234
55000900029021,2020-10-17,1,8,0.9999727
55000900029021,2020-10-18,1,8,0.99997735
55000900029021,2020-10-19,1,8,0.999969
55000900029021,2020-10-20,1,8,0.999964
55000900029021,2020-10-21,1,0,0.9999585
55000900029021,2020-10-22,1,0,0.9998988
55000900029021,2020-10-23,1,0,0.9997477
55000900029021,2020-10-24,1,0,0.999892
55000900029021,2020-10-25,1,0,0.99996614
55000900029021,2020-10-26,1,0,0.99994195
55000900029021,2020-10-27,1,0,0.99998415
55000900029021,2020-10-28,1,0,0.9999794
55000900029021,2020-10-29,0,0,0.99994254
55000900029021,2020-10-30,1,0,0.9999217
55000900029021,2020-10-31,1,0,0.99974567
55000900029021,2020-11-01,1,0,0.7973125
55000900029021,2020-11-02,0,0,0.9975284
55000900029021,2020-11-03,0,0,0.9964725
55000900029021,2020-11-04,0,0,0.99467635
55000900029021,2020-11-05,1,0,0.6980188
55000900029021,2020-11-06,1,0,0.50609744
55000900029021,2020-11-07,1,0,0.4975421
55000900029021,2020-11-08,1,0,0.96158797
55000900029021,2020-11-09,1,0,0.994167
55000900029021,2020-11-10,1,0,0.99976844
55000900029021,2020-11-11,1,0,0.999529
55000900029021,2020-11-12,1,0,0.9998542
55000900029021,2020-11-13,1,0,0.99988437
55000900029021,2020-11-14,1,0,0.9999584
55000900029021,2020-11-15,1,0,0.99998283
55000900029021,2020-11-16,1,0,0.9999167
55000900029021,2020-11-17,1,0,0.9999553
55000900029021,2020-11-18,1,0,0.99997914
55000900029021,2020-11-19,1,0,0.9999863
55000900029021,2020-11-20,1,0,0.99998367
55000900029021,2020-11-21,1,0,0.99997115
55000900029021,2020-11-22,1,0,0.9999788
55000900029021,2020-11-23,1,0,0.9999819
55000900029021,2020-11-24,1,0,0.99997675
55000900029021,2020-11-25,1,0,0.9999708
55000900029021,2020-11-26,1,0,0.9999765
55000900029021,2020-11-27,1,0,0.99998426
55000900029021,2020-11-28,1,0,0.9999709
55000900029021,2020-11-29,1,0,0.99997795
55000900029021,2020-11-30,1,0,0.9999782
55000900029021,2020-12-01,1,0,0.9999621
55000900029021,2020-12-02,1,0,0.9999751
55000900029021,2020-12-03,1,0,0.99995065
55000900029021,2020-12-04,1,0,0.9999776
55000900029021,2020-12-05,1,0,0.9999778
55000900029021,2020-12-06,1,0,0.999943
55000900029021,2020-12-07,1,0,0.9999739
55000900029021,2020-12-08,1,0,0.9999573
55000900029021,2020-12-09,1,0,0.9999777
55000900029021,2020-12-10,1,0,0.9999716
55000900029021,2020-12-11,1,0,0.99997056
55000900029021,2020-12-12,1,0,0.9999603
55000900029021,2020-12-13,1,0,0.9999808
55000900029021,2020-12-14,1,0,0.99997914
55000900029021,2020-12-15,1,0,0.9999784
55000900029021,2020-12-16,1,0,0.9999802
55000900029021,2020-12-17,1,0,0.99997807
55000900029021,2020-12-18,1,0,0.99998164
55000900029021,2020-12-19,1,0,0.9999778
55000900029021,2020-12-20,1,0,0.9999801
55000900029021,2020-12-21,1,0,0.99998355
55000900029021,2020-12-22,1,0,0.99997365
55000900029021,2020-12-23,1,0,0.99996245
55000900029021,2020-12-24,1,0,0.9999851
55000900029021,2020-12-25,1,0,0.99997497
55000900029021,2020-12-26,1,0,0.99997723
55000900029021,2020-12-27,1,0,0.99996614
55000900029021,2020-12-28,1,0,0.99996996
55000900029021,2020-12-29,1,0,0.9999801
55000900029021,2020-12-30,1,0,0.9999838
55000900029021,2020-12-31,1,0,0.9999765
55000900029021,2021-01-01,1,0,0.9999548
55000900029021,2021-01-02,1,0,0.9999641
55000900029021,2021-01-03,1,0,0.99998045
55000900029021,2021-01-04,1,0,0.99997807
55000900029021,2021-01-05,1,0,0.9999732
55000900029021,2021-01-06,1,0,0.99997556
55000900029021,2021-01-07,1,0,0.99997497
55000900029021,2021-01-08,1,0,0.9999751
55000900029021,2021-01-09,1,0,0.9999751
55000900029021,2021-01-10,1,0,0.99997497
55000900029021,2021-01-11,1,0,0.99997497
55000900029021,2021-01-12,1,0,0.99997497
55000900029021,2021-01-13,1,0,0.99997497
55000900029021,2021-01-14,1,0,0.99997497
55000900029021,2021-01-15,1,0,0.99997497
55000900029021,2021-01-16,1,0,0.99997497
55000900029021,2021-01-17,1,0,0.99997497
55000900029021,2021-01-18,1,0,0.99997497
55000900029021,2021-01-19,1,0,0.99997497
55000900029021,2021-01-20,1,0,0.99997497
55000900029021,2021-01-21,1,0,0.99997497
55000900029021,2021-01-22,1,0,0.99997497
55000900029021,2021-01-23,1,0,0.99997497
55000900029021,2021-01-24,1,0,0.99997497
55000900029021,2021-01-25,1,0,0.99997497
55000900029021,2021-01-26,1,0,0.99997497
55000900029021,2021-01-27,1,0,0.99997497
55000900029021,2021-01-28,1,0,0.99997497
55000900029021,2021-01-29,1,0,0.99997497
55000900029021,2021-01-30,1,0,0.99997497
55000900029021,2021-01-31,1,0,0.99997497
55000900029021,2021-02-01,1,0,0.99997497
55000900029021,2021-02-02,1,0,0.99997497
55000900029021,2021-02-03,1,0,0.99997497
55000900029021,2021-02-04,1,0,0.99997497
55000900029021,2021-02-05,1,0,0.99997497
55000900029021,2021-02-06,1,0,0.99997497
55000900029021,2021-02-07,1,0,0.99997497
55000900029021,2021-02-08,1,0,0.99997497
55000900029021,2021-02-09,1,0,0.99997497
55000900029021,2021-02-10,1,0,0.99997497
55000900029021,2021-02-11,1,0,0.99997497
55000900029021,2021-02-12,1,0,0.99997497
55000900029021,2021-02-13,1,0,0.99997497
55000900029021,2021-02-14,1,0,0.99997497
55000900029021,2021-02-15,1,0,0.99997497
55000900029021,2021-02-16,1,0,0.99997497
55000900029021,2021-02-17,1,0,0.99997497
55000900029021,2021-02-18,1,0,0.99997497
55000900029021,2021-02-19,1,0,0.99997497
55000900029021,2021-02-20,1,0,0.99997497
55000900029021,2021-02-21,1,0,0.99997497
55000900029021,2021-02-22,1,0,0.99997497
55000900029021,2021-02-23,1,0,0.99997497
55000900029021,2021-02-24,1,0,0.99997497
55000900029021,2021-02-25,1,0,0.99997497
55000900029021,2021-02-26,1,0,0.99997497
55000900029021,2021-02-27,1,0,0.99997497
55000900029021,2021-02-28,1,0,0.99997497
55000900029021,2021-03-01,1,0,0.99997497
55000900029021,2021-03-02,1,0,0.99997497
55000900029021,2021-03-03,1,0,0.99997497
55000900029021,2021-03-04,1,0,0.99997497
55000900029021,2021-03-05,1,0,0.99997497
55000900029021,2021-03-06,1,0,0.99997497
55000900029021,2021-03-07,1,0,0.99997497
55000900029021,2021-03-08,1,0,0.99997497
55000900029021,2021-03-09,1,0,0.99997497
55000900029021,2021-03-10,1,0,0.99997497
55000900029021,2021-03-11,1,0,0.99997497
55000900029021,2021-03-12,1,0,0.99997497
55000900029021,2021-03-13,1,0,0.99997497
55000900029021,2021-03-15,1,0,0.99997497
55000900029021,2021-03-16,1,0,0.99997497
55000900029021,2021-03-17,1,0,0.99997497
55000900029021,2021-03-18,1,0,0.99997497
55000900029021,2021-03-19,1,0,0.99997497
55000900029021,2021-03-20,1,0,0.99997497
55000900029021,2021-03-21,1,0,0.99997497
55000900029021,2021-03-22,1,0,0.99997497
55000900029021,2021-03-23,1,0,0.99997497
55000900029021,2021-03-24,1,0,0.99997497
55000900029021,2021-03-25,1,0,0.99997497
55000900029021,2021-03-26,1,0,0.99997497
55000900029021,2021-03-27,1,0,0.99997497
55000900029021,2021-03-28,1,0,0.99997497
55000900029021,2021-03-29,1,0,0.99997497
55000900029021,2021-03-30,1,0,0.99997497
55000900029021,2021-03-31,1,0,0.99997497
55000900029021,2021-04-01,1,0,0.99997497
55000900029021,2021-04-02,1,0,0.99997497
55000900029021,2021-04-03,1,0,0.99997497
55000900029021,2021-04-04,1,0,0.99997497
55000900029021,2021-04-05,1,0,0.99997497
55000900029021,2021-04-06,1,0,0.99997497
55000900029021,2021-04-07,1,0,0.99997497
55000900029021,2021-04-08,1,0,0.99997497
55000900029021,2021-04-09,1,0,0.99997497
55000900029021,2021-04-10,1,0,0.99997497
55000900029021,2021-04-11,1,0,0.99997497
55000900029021,2021-04-12,1,0,0.99997497
55000900029021,2021-04-13,1,0,0.99997497
55000900029021,2021-04-14,1,0,0.99997497
55000900029021,2021-04-15,1,0,0.99997497
55000900029021,2021-04-16,1,0,0.99997497
55000900029021,2021-04-17,1,0,0.99997497
55000900029021,2021-04-18,1,0,0.99997497
55000900029021,2021-04-19,1,0,0.99997497
55000900029021,2021-04-20,1,0,0.99997497
55000900029021,2021-04-21,1,0,0.99997497
55000900029021,2021-04-22,1,0,0.99997497
55000900029021,2021-04-23,1,0,0.99997497
55000900029021,2021-04-24,1,0,0.99997497
55000900029021,2021-04-25,1,0,0.99997497
55000900029021,2021-04-26,1,0,0.99997497
55000900029021,2021-04-27,1,0,0.99997497
55000900029021,2021-04-28,1,0,0.99997497
55000900029021,2021-04-29,1,0,0.99997497
55000900029021,2021-04-30,1,0,0.99997497
55000900029021,2021-05-01,1,0,0.99997497
55000900029021,2021-05-02,1,0,0.99997497
55000900029021,2021-05-03,1,0,0.99997497
55000900029021,2021-05-04,1,0,0.99997497
55000900029021,2021-05-05,1,0,0.99997497
55000900029021,2021-05-06,1,0,0.99997497
55000900029021,2021-05-07,1,0,0.99997497
55000900029021,2021-05-08,1,0,0.99997497
55000900029021,2021-05-09,1,0,0.99997497
55000900029021,2021-05-10,1,0,0.99997497
55000900029021,2021-05-11,1,0,0.99997497
55000900029021,2021-05-12,1,0,0.99997497
55000900029021,2021-05-13,1,0,0.99997497
55000900029021,2021-05-14,1,0,0.99997497
55000900029021,2021-05-15,1,0,0.99997497
55000900029021,2021-05-16,1,0,0.99997497
55000900029021,2021-05-17,1,0,0.99997497
55000900029021,2021-05-18,1,0,0.99997497
55000900029021,2021-05-19,1,0,0.99997497
55000900029021,2021-05-20,1,0,0.99997497
55000900029021,2021-05-21,1,0,0.99997497
55000900029021,2021-05-22,1,0,0.99997497
55000900029021,2021-05-23,1,0,0.99997497
55000900029021,2021-05-24,1,0,0.99997497
55000900029021,2021-05-25,1,0,0.99997497
55000900029021,2021-05-26,1,0,0.99997497
55000900029021,2021-05-27,1,0,0.99997497
55000900029021,2021-05-28,1,0,0.99997497
55000900029021,2021-05-29,1,0,0.99997497
55000900029021,2021-05-30,1,0,0.99997497
55000900029021,2021-05-31,1,0,0.99997497
55000900029021,2021-06-01,1,0,0.99997497
55000900029021,2021-06-02,1,0,0.99997497
55000900029021,2021-06-03,1,0,0.99997497
55000900029021,2021-06-04,1,0,0.99997497
55000900029021,2021-06-05,1,0,0.99997497
55000900029021,2021-06-06,1,0,0.99997497
55000900029021,2021-06-07,1,0,0.99997497
55000900029021,2021-06-08,1,0,0.99997497
55000900029021,2021-06-09,1,0,0.99997497
55000900029021,2021-06-10,1,0,0.99997497
55000900029021,2021-06-11,1,0,0.99997497
55000900029021,2021-06-12,1,0,0.99997497
55000900029021,2021-06-13,1,0,0.99997497
55000900029021,2021-06-14,1,0,0.99997497
55000900029021,2021-06-15,1,0,0.99997497
55000900029021,2021-06-16,1,0,0.99997497
55000900029021,2021-06-17,1,0,0.99997497
55000900029021,2021-06-18,1,0,0.99997497
55000900029021,2021-06-19,1,0,0.99997497
55000900029021,2021-06-20,1,0,0.99997497
55000900029021,2021-06-21,1,0,0.99997497
55000900029021,2021-06-22,1,0,0.99997497
55000900029021,2021-06-23,1,0,0.99997497
55000900029021,2021-06-24,1,0,0.99997497
55000900029021,2021-06-25,1,0,0.99997497
55000900029021,2021-06-26,1,0,0.99997497
55000900029021,2021-06-27,1,0,0.99997497
55000900029021,2021-06-28,1,0,0.99997497
55000900029021,2021-06-29,1,0,0.99997497
55000900029021,2021-06-30,1,0,0.99997497
55000900029021,2021-07-01,1,0,0.99997497
55000900029021,2021-07-02,1,0,0.99997497
55000900029021,2021-07-03,1,0,0.99997497
55000900029021,2021-07-04,1,0,0.99997497
55000900029021,2021-07-05,1,0,0.99997497
55000900029021,2021-07-06,1,0,0.99997497
55000900029021,2021-07-07,1,0,0.99997497
55000900029021,2021-07-08,1,0,0.99997497
55000900029021,2021-07-09,1,0,0.99997497
55000900029021,2021-07-10,1,0,0.99997497
55000900029021,2021-07-11,1,0,0.99997497
55000900029021,2021-07-12,1,0,0.99997497
55000900029021,2021-07-13,1,0,0.99997497
55000900029021,2021-07-14,1,0,0.99997497
55000900029021,2021-07-15,1,0,0.99997497
55000900029021,2021-07-16,1,0,0.99997497
55000900029021,2021-07-17,1,0,0.99997497
55000900029021,2021-07-18,1,0,0.99997497
55000900029021,2021-07-19,1,0,0.99997497
55000900029021,2021-07-20,1,0,0.99997497
55000900029021,2021-07-21,1,0,0.99997497
55000900029021,2021-07-22,1,0,0.99997497
55000900029021,2021-07-23,1,0,0.99997497
55000900029021,2021-07-24,1,0,0.99997497
55000900029021,2021-07-25,0,0,0.99997497
55000900029021,2021-07-26,1,0,0.99997497
55000900029021,2021-07-27,1,0,0.99997497
55000900029021,2021-07-28,0,0,0.9999815
55000900029021,2021-07-29,0,0,0.999974
55000900029021,2021-07-30,0,0,0.9999747
55000900029021,2021-07-31,0,0,0.9999815
55000900029021,2021-08-01,0,0,0.9999807
55000900029021,2021-08-02,0,0,0.9999808
55000900029021,2021-08-03,0,0,0.9999808
55000900029021,2021-08-04,0,0,0.9999808
55000900029021,2021-08-05,0,0,0.9999808
55000900029021,2021-08-06,0,0,0.9999808
55000900029021,2021-08-07,0,0,0.9999808
55000900029021,2021-08-08,0,0,0.9999808
55000900029021,2021-08-09,0,0,0.9999808
55000900029021,2021-08-10,0,0,0.9999808
55000900029021,2021-08-11,0,0,0.9999808
55000900029021,2021-08-12,0,0,0.9999807
55000900029021,2021-08-13,0,0,0.9999763
55000900029021,2021-08-14,0,0,0.99996865
55000900029021,2021-08-15,0,0,0.9999701
55000900029021,2021-08-16,0,0,0.99996984
55000900029021,2021-08-17,0,0,0.99996984
55000900029021,2021-08-18,0,0,0.99996984
55000900029021,2021-08-19,0,0,0.99996984
55000900029021,2021-08-20,0,0,0.99996984
55000900029021,2021-08-21,0,0,0.99996984
55000900029021,2021-08-22,0,0,0.99996984
55000900029021,2021-08-23,0,0,0.99996984
55000900029021,2021-08-24,0,0,0.99996984
55000900029021,2021-08-25,0,0,0.99996984
55000900029021,2021-08-26,0,0,0.99996984
55000900029021,2021-08-27,0,0,0.99996984
55000900029021,2021-08-28,0,0,0.99996984
55000900029021,2021-08-29,0,0,0.99996984
55000900029021,2021-08-30,0,0,0.99996984
55000900029021,2021-08-31,0,0,0.99996984
55000900029021,2021-09-01,0,0,0.99996984
55000900029021,2021-09-02,0,0,0.99996984
55000900029021,2021-09-03,0,0,0.99996984
55000900029021,2021-09-04,0,0,0.99996984
55000900029021,2021-09-05,0,0,0.99996984
55000900029021,2021-09-06,0,0,0.99996984
55000900029021,2021-09-07,0,0,0.99996984
55000900029021,2021-09-08,0,0,0.99996984
55000900029021,2021-09-09,0,0,0.99996984
55000900029021,2021-09-10,0,0,0.99996984
55000900029021,2021-09-11,0,0,0.99996984
55000900029021,2021-09-12,0,0,0.99996984
55000900029021,2021-09-13,0,0,0.99996984
55000900029021,2021-09-14,0,0,0.99996984
55000900029021,2021-09-15,0,0,0.99996984
55000900029021,2021-09-16,0,0,0.99996984
55000900029021,2021-09-17,0,0,0.99996984
55000900029021,2021-09-18,1,0,0.99996984
55000900029021,2021-09-19,1,0,0.99996984
55000900029021,2021-09-20,1,0,0.99996984
55000900029021,2021-09-21,0,0,0.9999571
55000900029021,2021-09-22,0,0,0.99996054
55000900029021,2021-09-23,0,0,0.9999633
55000900029021,2021-09-24,0,0,0.9999713
55000900029021,2021-09-25,0,0,0.99997044
55000900029021,2021-09-26,0,0,0.9999696
55000900029021,2021-09-27,1,0,0.9999697
55000900029021,2021-09-28,1,0,0.99996984
55000900029021,2021-09-29,1,0,0.99996984
55000900029021,2021-09-30,1,0,0.9999571
55000900029021,2021-10-01,1,0,0.99996054
55000900029021,2021-10-02,0,0,0.9999633
55000900029021,2021-10-03,0,0,0.9999628
55000900029021,2021-10-04,0,0,0.999962
55000900029021,2021-10-05,0,0,0.9999709
55000900029021,2021-10-06,0,0,0.99997056
55000900029021,2021-10-07,0,0,0.9999696
55000900029021,2021-10-08,0,0,0.9999697
55000900029021,2021-10-09,0,0,0.99996984
55000900029021,2021-10-10,1,0,0.99996984
55000900029021,2021-10-11,1,0,0.99996984
55000900029021,2021-10-12,1,0,0.99996984
55000900029021,2021-10-13,0,0,0.9999571
55000900029021,2021-10-14,1,0,0.99996054
55000900029021,2021-10-15,1,0,0.9999633
55000900029021,2021-10-16,0,0,0.9999713
55000900029021,2021-10-17,1,0,0.99995875
55000900029021,2021-10-18,1,0,0.99995995
55000900029021,2021-10-19,1,0,0.99997115
55000900029021,2021-10-20,1,0,0.99996006
55000900029021,2021-10-21,1,0,0.99996054
55000900029021,2021-10-22,1,0,0.99996316
55000900029021,2021-10-23,1,0,0.9999635
55000900029021,2021-10-24,1,0,0.99997056
55000900029021,2021-10-25,1,0,0.9999745
55000900029021,2021-10-26,1,0,0.99997485
55000900029021,2021-10-27,1,0,0.99997497
55000900029021,2021-10-28,1,0,0.99997497
55000900029021,2021-10-29,1,0,0.99997497
55000900029021,2021-10-30,1,0,0.99997497
55000900029021,2021-10-31,1,0,0.99997497
55000900029021,2021-11-01,1,0,0.99997497
55000900029021,2021-11-02,1,0,0.99997497
55000900029021,2021-11-03,1,0,0.99997497
55000900029021,2021-11-04,1,0,0.99997497
55000900029021,2021-11-05,1,0,0.99997497
55000900029021,2021-11-06,1,0,0.99997497
55000900029021,2021-11-07,1,0,0.99997497
55000900029021,2021-11-08,1,0,0.99997497
55000900029021,2021-11-09,1,0,0.99997497
55000900029021,2021-11-10,1,0,0.99997497
55000900029021,2021-11-11,1,0,0.99997497
55000900029021,2021-11-12,1,0,0.99997497
55000900029021,2021-11-13,1,0,0.99997497
55000900029021,2021-11-14,1,0,0.99997497
55000900029021,2021-11-15,1,0,0.99997497
55000900029021,2021-11-16,1,0,0.99997497
55000900029021,2021-11-17,1,0,0.99997497
55000900029021,2021-11-18,1,0,0.99997497
55000900029021,2021-11-19,1,0,0.99997497
55000900029021,2021-11-20,1,0,0.99997497
55000900029021,2021-11-21,1,0,0.99997497
55000900029021,2021-11-22,1,0,0.99997497
55000900029021,2021-11-23,1,0,0.99997497
55000900029021,2021-11-24,1,0,0.99997497
55000900029021,2021-11-25,1,0,0.99997497
55000900029021,2021-11-26,1,0,0.99997497
55000900029021,2021-11-27,1,0,0.99997497
55000900029021,2021-11-28,1,0,0.99997497
55000900029021,2021-11-29,1,0,0.99997497
55000900029021,2021-11-30,1,0,0.99997497
55000900029021,2021-12-01,1,0,0.99997497
55000900029021,2021-12-02,1,0,0.99997497
55000900029021,2021-12-03,1,0,0.99997497
55000900029021,2021-12-04,1,0,0.99997497
55000900029021,2021-12-05,1,0,0.99997497
55000900029021,2021-12-06,1,0,0.99997497
55000900029021,2021-12-07,1,0,0.99997497
55000900029021,2021-12-08,1,0,0.99997497
55000900029021,2021-12-09,1,0,0.99997497
55000900029021,2021-12-10,1,0,0.99997497
55000900029021,2021-12-11,1,0,0.99997497
55000900029021,2021-12-12,1,0,0.99997497
55000900029021,2021-12-13,1,0,0.99997497
55000900029021,2021-12-14,1,0,0.99997497
55000900029021,2021-12-15,1,0,0.99997497
55000900029021,2021-12-16,1,0,0.99997497
55000900029021,2021-12-17,1,0,0.99997497
55000900029021,2021-12-18,1,0,0.99997497
55000900029021,2021-12-19,1,0,0.99997497
55000900029021,2021-12-20,1,0,0.99997497
55000900029021,2021-12-21,1,0,0.99997497
55000900029021,2021-12-22,1,0,0.99997497
55000900029021,2021-12-23,1,0,0.99997497
55000900029021,2021-12-24,1,0,0.99997497
55000900029021,2021-12-25,1,0,0.99997497
55000900029021,2021-12-26,1,0,0.99997497
55000900029021,2021-12-27,1,0,0.99997497
55000900029021,2021-12-28,1,0,0.99997497
55000900029021,2021-12-29,1,0,0.99997497
55000900029021,2021-12-30,1,0,0.99997497
55000900029021,2021-12-31,1,0,0.99997497
55000900029021,2022-01-01,1,0,0.99997497
55000900029021,2022-01-02,1,0,0.99997497
55000900029021,2022-01-03,1,0,0.99997497
55000900029021,2022-01-04,1,0,0.99997497
55000900029021,2022-01-05,1,0,0.99997497
55000900029021,2022-01-06,1,0,0.99997497
55000900029021,2022-01-07,1,0,0.99997497
55000900029021,2022-01-08,1,0,0.99997497
55000900029021,2022-01-09,1,0,0.99997497
55000900029021,2022-01-10,1,0,0.99997497
55000900029021,2022-01-11,1,0,0.99997497
55000900029021,2022-01-12,1,0,0.99997497
55000900029021,2022-01-13,1,0,0.99997497
55000900029021,2022-01-14,1,0,0.99997497
55000900029021,2022-01-15,1,0,0.99997497
55000900029021,2022-01-16,1,0,0.99997497
55000900029021,2022-01-17,1,0,0.99997497
55000900029021,2022-01-18,1,0,0.99997497
55000900029021,2022-01-19,1,0,0.99997497
55000900029021,2022-01-20,1,0,0.99997497
55000900029021,2022-01-21,1,0,0.99997497
55000900029021,2022-01-22,1,0,0.99997497
55000900029021,2022-01-23,1,0,0.99997497
55000900029021,2022-01-24,1,0,0.99997497
55000900029021,2022-01-25,1,0,0.99997497
55000900029021,2022-01-26,1,0,0.99997497
55000900029021,2022-01-27,1,0,0.99997497
55000900029021,2022-01-28,1,0,0.99997497
55000900029021,2022-01-29,1,0,0.99997497
55000900029021,2022-01-30,1,0,0.99997497
55000900029021,2022-01-31,1,0,0.99997497
55000900029021,2022-02-01,1,0,0.99997497
55000900029021,2022-02-02,1,0,0.99997497
55000900029021,2022-02-03,1,0,0.99997497
55000900029021,2022-02-04,1,0,0.99997497
55000900029021,2022-02-05,1,0,0.99997497
55000900029021,2022-02-06,1,0,0.99997497
55000900029021,2022-02-07,1,0,0.99997497
55000900029021,2022-02-08,1,0,0.99997497
55000900029021,2022-02-09,1,0,0.99997497
55000900029021,2022-02-10,1,0,0.99997497
55000900029021,2022-02-11,1,0,0.99997497
55000900029021,2022-02-12,1,0,0.99997497
55000900029021,2022-02-13,1,0,0.99997497
55000900029021,2022-02-14,1,0,0.99997497
55000900029021,2022-02-15,1,0,0.99997497
55000900029021,2022-02-16,1,0,0.99997497
55000900029021,2022-02-17,1,0,0.99997497
55000900029021,2022-02-18,1,0,0.99997497
55000900029021,2022-02-19,1,0,0.99997497
55000900029021,2022-02-20,1,0,0.99997497
55000900029021,2022-02-21,1,0,0.99997497
55000900029021,2022-02-22,1,0,0.99997497
55000900029021,2022-02-23,1,0,0.99997497
55000900029021,2022-02-24,1,0,0.99997497
55000900029021,2022-02-25,1,0,0.99997497
55000900029021,2022-02-26,1,0,0.99997497
55000900029021,2022-02-27,1,0,0.99997497
55000900029021,2022-02-28,1,0,0.99997497
55000900029021,2022-03-01,1,0,0.99997497
55000900029021,2022-03-02,1,0,0.99997497
55000900029021,2022-03-03,1,0,0.99997497
55000900029021,2022-03-04,1,0,0.99997497
55000900029021,2022-03-05,1,0,0.99997497
55000900029021,2022-03-06,1,0,0.99997497
55000900029021,2022-03-07,1,0,0.99997497
55000900029021,2022-03-08,1,0,0.99997497
55000900029021,2022-03-09,1,0,0.99997497
55000900029021,2022-03-10,1,0,0.99997497
55000900029021,2022-03-11,1,0,0.99997497
55000900029021,2022-03-12,1,0,0.99997497
55000900029021,2022-03-14,1,0,0.99997497
55000900029021,2022-03-15,1,0,0.99997497
55000900029021,2022-03-16,1,0,0.99997497
55000900029021,2022-03-17,1,0,0.99997497
55000900029021,2022-03-18,1,0,0.99997497
55000900029021,2022-03-19,1,0,0.99997497
55000900029021,2022-03-20,1,0,0.99997497
55000900029021,2022-03-21,1,0,0.99997497
55000900029021,2022-03-22,1,0,0.99997497
55000900029021,2022-03-23,1,0,0.99997497
55000900029021,2022-03-24,1,0,0.99997497
55000900029021,2022-03-25,1,0,0.99997497
55000900029021,2022-03-26,1,0,0.99997497
55000900029021,2022-03-27,1,0,0.99997497
55000900029021,2022-03-28,1,0,0.99997497
55000900029021,2022-03-29,1,0,0.99997497
55000900029021,2022-03-30,1,0,0.99997497
55000900029021,2022-03-31,1,0,0.99997497
55000900029021,2022-04-01,1,0,0.99997497
55000900029021,2022-04-02,1,0,0.99997497
55000900029021,2022-04-03,1,0,0.99997497
55000900029021,2022-04-04,1,0,0.99997497
55000900029021,2022-04-05,1,0,0.99997497
55000900029021,2022-04-06,1,0,0.99997497
55000900029021,2022-04-07,1,0,0.99997497
55000900029021,2022-04-08,1,0,0.99997497
55000900029021,2022-04-09,1,0,0.99997497
55000900029021,2022-04-10,1,0,0.99997497
55000900029021,2022-04-11,1,0,0.99997497
55000900029021,2022-04-12,1,0,0.99997497
55000900029021,2022-04-13,1,0,0.99997497
55000900029021,2022-04-14,1,0,0.99997497
55000900029021,2022-04-15,1,0,0.99997497
55000900029021,2022-04-16,1,0,0.99997497
55000900029021,2022-04-17,1,0,0.99997497
55000900029021,2022-04-18,1,0,0.99997497
55000900029021,2022-04-19,1,0,0.99997497
55000900029021,2022-04-20,1,0,0.99997497
55000900029021,2022-04-21,1,0,0.99997497
55000900029021,2022-04-22,1,0,0.99997497
55000900029021,2022-04-23,1,0,0.99997497
55000900029021,2022-04-24,1,0,0.99997497
55000900029021,2022-04-25,1,0,0.99997497
55000900029021,2022-04-26,1,0,0.99997497
55000900029021,2022-04-27,1,0,0.99997497
55000900029021,2022-04-28,1,0,0.99997497
55000900029021,2022-04-29,1,0,0.99997497
55000900029021,2022-04-30,1,0,0.99997497
55000900029021,2022-05-01,1,0,0.99997497
55000900029021,2022-05-02,1,0,0.99997497
55000900029021,2022-05-03,1,0,0.99997497
55000900029021,2022-05-04,1,0,0.99997497
55000900029021,2022-05-05,1,0,0.99997497
55000900029021,2022-05-06,1,0,0.99997497
55000900029021,2022-05-07,1,0,0.99997497
55000900029021,2022-05-08,1,0,0.99997497
55000900029021,2022-05-09,1,0,0.99997497
55000900029021,2022-05-10,1,0,0.99997497
55000900029021,2022-05-11,1,0,0.99997497
55000900029021,2022-05-12,1,0,0.99997497
55000900029021,2022-05-13,1,0,0.99997497
55000900029021,2022-05-14,1,0,0.99997497
55000900029021,2022-05-15,1,0,0.99997497
55000900029021,2022-05-16,1,0,0.99997497
55000900029021,2022-05-17,1,0,0.99997497
55000900029021,2022-05-18,1,0,0.99997497
55000900029021,2022-05-19,1,0,0.99997497
55000900029021,2022-05-20,1,0,0.99997497
55000900029021,2022-05-21,1,0,0.99997497
55000900029021,2022-05-22,1,0,0.99997497
55000900029021,2022-05-23,1,0,0.99997497
55000900029021,2022-05-24,1,0,0.99997497
55000900029021,2022-05-25,1,0,0.99997497
55000900029021,2022-05-26,1,0,0.99997497
55000900029021,2022-05-27,1,0,0.99997497
55000900029021,2022-05-28,1,0,0.99997497
55000900029021,2022-05-29,1,0,0.99997497
55000900029021,2022-05-30,1,0,0.99997497
55000900029021,2022-05-31,1,0,0.99997497
55000900029021,2022-06-01,1,0,0.99997497
55000900029021,2022-06-02,1,0,0.99997497
55000900029021,2022-06-03,1,0,0.99997497
55000900029021,2022-06-04,1,0,0.99997497
55000900029021,2022-06-05,1,0,0.99997497
55000900029021,2022-06-06,1,0,0.99997497
55000900029021,2022-06-07,1,0,0.99997497
55000900029021,2022-06-08,1,0,0.99997497
55000900029021,2022-06-09,1,0,0.99997497
55000900029021,2022-06-10,1,0,0.99997497
55000900029021,2022-06-11,1,0,0.99997497
55000900029021,2022-06-12,1,0,0.99997497
55000900029021,2022-06-13,1,0,0.99997497
55000900029021,2022-06-14,1,0,0.99997497
55000900029021,2022-06-15,1,0,0.99997497
55000900029021,2022-06-16,1,0,0.99997497
55000900029021,2022-06-17,1,0,0.99997497
55000900029021,2022-06-18,1,0,0.99997497
55000900029021,2022-06-19,1,0,0.99997497
55000900029021,2022-06-20,1,0,0.99997497
55000900029021,2022-06-21,1,0,0.99997497
55000900029021,2022-06-22,1,0,0.99997497
55000900029021,2022-06-23,1,0,0.99997497
55000900029021,2022-06-24,1,0,0.99997497
55000900029021,2022-06-25,1,0,0.99997497
55000900029021,2022-06-26,1,0,0.99997497
55000900029021,2022-06-27,1,0,0.99997497
55000900029021,2022-06-28,1,0,0.99997497
55000900029021,2022-06-29,1,0,0.99997497
55000900029021,2022-06-30,1,0,0.99997497
55000900029021,2022-07-01,1,0,0.99997497
55000900029021,2022-07-02,1,0,0.99997497
55000900029021,2022-07-03,1,0,0.99997497
55000900029021,2022-07-04,1,0,0.99997497
55000900029021,2022-07-05,1,0,0.99997497
55000900029021,2022-07-06,1,0,0.99997497
55000900029021,2022-07-07,1,0,0.99997497
55000900029021,2022-07-08,1,0,0.99997497
55000900029021,2022-07-09,1,0,0.99997497
55000900029021,2022-07-10,1,0,0.99997497
55000900029021,2022-07-11,1,0,0.99997497
55000900029021,2022-07-12,1,0,0.99997497
55000900029021,2022-07-13,1,0,0.99997497
55000900029021,2022-07-14,1,0,0.99997497
55000900029021,2022-07-15,1,0,0.99997497
55000900029021,2022-07-16,1,0,0.99997497
55000900029021,2022-07-17,1,0,0.99997497
55000900029021,2022-07-18,1,0,0.99997497
55000900029021,2022-07-19,1,0,0.99997497
55000900029021,2022-07-20,1,0,0.99997497
55000900029021,2022-07-21,1,0,0.99997497
55000900029021,2022-07-22,1,0,0.99997497
55000900029021,2022-07-23,1,0,0.99997497
55000900029021,2022-07-24,1,0,0.99997497
55000900029021,2022-07-25,1,0,0.99997497
55000900029021,2022-07-26,1,0,0.99997497
55000900029021,2022-07-27,1,0,0.99997497
55000900029021,2022-07-28,1,0,0.99997497
55000900029021,2022-07-29,1,0,0.99997497
55000900029021,2022-07-30,1,0,0.99997497
55000900029021,2022-07-31,1,0,0.99997497
55000900029021,2022-08-01,1,0,0.99997497
55000900029021,2022-08-02,1,0,0.99997497
55000900029021,2022-08-03,1,0,0.99997497
55000900029021,2022-08-04,1,0,0.99997497
55000900029021,2022-08-05,1,0,0.99997497
55000900029021,2022-08-06,1,0,0.99997497
55000900029021,2022-08-07,1,0,0.99997497
55000900029021,2022-08-08,1,0,0.99997497
55000900029021,2022-08-09,1,0,0.99997497
55000900029021,2022-08-10,1,0,0.99997497
55000900029021,2022-08-11,1,0,0.99997497
55000900029021,2022-08-12,1,0,0.99997497
55000900029021,2022-08-13,1,0,0.99997497
55000900029021,2022-08-14,1,0,0.99997497
55000900029021,2022-08-15,1,0,0.99997497
55000900029021,2022-08-16,1,0,0.99997497
55000900029021,2022-08-17,1,0,0.99997497
55000900029021,2022-08-18,1,0,0.99997497
55000900029021,2022-08-19,1,0,0.99997497
55000900029021,2022-08-20,1,0,0.99997497
55000900029021,2022-08-21,1,0,0.99997497
55000900029021,2022-08-22,1,0,0.99997497
55000900029021,2022-08-23,1,0,0.99997497
55000900029021,2022-08-24,1,0,0.99997497
55000900029021,2022-08-25,1,0,0.99997497
55000900029021,2022-08-26,1,0,0.99997497
55000900029021,2022-08-27,1,0,0.99997497
55000900029021,2022-08-28,1,0,0.99997497
55000900029021,2022-08-29,1,0,0.99997497
55000900029021,2022-08-30,1,0,0.99997497
55000900029021,2022-08-31,1,0,0.99997497
55000900029021,2022-09-01,1,0,0.99997497
55000900029021,2022-09-02,1,0,0.99997497
55000900029021,2022-09-03,1,0,0.99997497
55000900029021,2022-09-04,1,0,0.99997497
55000900029021,2022-09-05,1,0,0.99997497
55000900029021,2022-09-06,1,0,0.99997497
55000900029021,2022-09-07,1,0,0.99997497
55000900029021,2022-09-08,1,0,0.99997497
55000900029021,2022-09-09,1,0,0.99997497
55000900029021,2022-09-10,1,0,0.99997497
55000900029021,2022-09-11,1,0,0.99997497
55000900029021,2022-09-12,1,0,0.99997497
55000900029021,2022-09-13,1,0,0.99997497
55000900029021,2022-09-14,1,0,0.99997497
55000900029021,2022-09-15,1,0,0.99997497
55000900029021,2022-09-16,1,0,0.99997497
55000900029021,2022-09-17,1,0,0.99997497
55000900029021,2022-09-18,1,0,0.99997497
55000900029021,2022-09-19,1,0,0.99997497
55000900029021,2022-09-20,1,0,0.99997497
55000900029021,2022-09-21,1,0,0.99997497
55000900029021,2022-09-22,1,0,0.99997497
55000900029021,2022-09-23,1,0,0.99997497
55000900029021,2022-09-24,1,0,0.99997497
55000900029021,2022-09-25,1,0,0.99997497
55000900029021,2022-09-26,1,0,0.99997497
55000900029021,2022-09-27,1,0,0.99997497
55000900029021,2022-09-28,1,0,0.99997497
55000900029021,2022-09-29,1,0,0.99997497
55000900029021,2022-09-30,1,0,0.99997497
55000900029021,2022-10-01,1,0,0.99997497
55000900029021,2022-10-02,0,0,0.99997497
55000900029021,2022-10-03,0,0,0.99997497
55000900029021,2022-10-04,0,0,0.99997497
55000900029021,2022-10-05,0,0,0.9999815
55000900029021,2022-10-06,0,0,0.9999807
55000900029021,2022-10-07,1,0,0.9999808
55000900029021,2022-10-08,1,0,0.9999808
55000900029021,2022-10-09,0,0,0.9999808
55000900029021,2022-10-10,0,0,0.9999739
55000900029021,2022-10-11,0,0,0.99997497
55000900029021,2022-10-12,0,0,0.9999815
55000900029021,2022-10-13,0,0,0.9999807
55000900029021,2022-10-14,0,0,0.9999808
55000900029021,2022-10-15,0,0,0.9999808
55000900029021,2022-10-16,0,0,0.9999808
55000900029021,2022-10-17,0,0,0.9999808
55000900029021,2022-10-18,0,0,0.9999808
55000900029021,2022-10-19,0,0,0.9999808
55000900029021,2022-10-20,0,0,0.9999807
55000900029021,2022-10-21,1,0,0.9999763
55000900029021,2022-10-22,1,0,0.99996865
55000900029021,2022-10-23,1,0,0.9999701
55000900029021,2022-10-24,1,0,0.9999571
55000900029021,2022-10-25,1,0,0.99996054
55000900029021,2022-10-26,1,0,0.9999633
55000900029021,2022-10-27,1,0,0.9999628
55000900029021,2022-10-28,1,0,0.999962
55000900029021,2022-10-29,1,0,0.9999622
55000900029021,2022-10-30,1,0,0.99996245
55000900029021,2022-10-31,1,0,0.99996233
55000900029021,2022-11-01,1,0,0.99996233
55000900029021,2022-11-02,1,0,0.99996233
55000900029021,2022-11-03,1,0,0.99996233
55000900029021,2022-11-04,1,0,0.9999629
55000900029021,2022-11-05,1,0,0.9999707
55000900029021,2022-11-06,1,0,0.9999745
55000900029021,2022-11-07,1,0,0.99997497
55000900029021,2022-11-08,1,0,0.99997497
55000900029021,2022-11-09,1,0,0.99997497
55000900029021,2022-11-10,1,0,0.99997497
55000900029021,2022-11-11,1,0,0.99997497
55000900029021,2022-11-12,1,0,0.99997497
55000900029021,2022-11-13,1,0,0.99997497
55000900029021,2022-11-14,1,0,0.99997497
55000900029021,2022-11-15,1,0,0.99997497
55000900029021,2022-11-16,1,0,0.99997497
55000900029021,2022-11-17,1,0,0.99997497
55000900029021,2022-11-18,1,0,0.99997497
55000900029021,2022-11-19,1,0,0.99997497
55000900029021,2022-11-20,1,0,0.99997497
55000900029021,2022-11-21,1,0,0.99997497
55000900029021,2022-11-22,1,0,0.99997497
55000900029021,2022-11-23,1,0,0.99997497
55000900029021,2022-11-24,1,0,0.99997497
55000900029021,2022-11-25,1,0,0.99997497
55000900029021,2022-11-26,1,0,0.99997497
55000900029021,2022-11-27,1,0,0.99997497
55000900029021,2022-11-28,1,0,0.99997497
55000900029021,2022-11-29,1,0,0.99997497
55000900029021,2022-11-30,1,0,0.99997497
55000900029021,2022-12-01,1,0,0.99997497
55000900029021,2022-12-02,1,0,0.99997497
55000900029021,2022-12-03,1,0,0.99997497
55000900029021,2022-12-04,1,0,0.99997497
55000900029021,2022-12-05,1,0,0.99997497
55000900029021,2022-12-06,1,0,0.99997497
55000900029021,2022-12-07,1,0,0.99997497
55000900029021,2022-12-08,1,0,0.99997497
55000900029021,2022-12-09,1,0,0.99997497
55000900029021,2022-12-10,1,0,0.99997497
55000900029021,2022-12-11,1,0,0.99997497
55000900029021,2022-12-12,1,0,0.99997497
55000900029021,2022-12-13,1,0,0.99997497
55000900029021,2022-12-14,1,0,0.99997497
55000900029021,2022-12-15,1,0,0.99997497
55000900029021,2022-12-16,1,0,0.99997497
55000900029021,2022-12-17,1,0,0.99997497
55000900029021,2022-12-18,1,0,0.99997497
55000900029021,2022-12-19,1,0,0.99997497
55000900029021,2022-12-20,1,0,0.99997497
55000900029021,2022-12-21,1,0,0.99997497
55000900029021,2022-12-22,1,0,0.99997497
55000900029021,2022-12-23,1,0,0.99997497
55000900029021,2022-12-24,1,0,0.99997497
55000900029021,2022-12-25,1,0,0.99997497
55000900029021,2022-12-26,1,0,0.99997497
55000900029021,2022-12-27,1,0,0.99997497
55000900029021,2022-12-28,1,0,0.99997497
55000900029021,2022-12-29,1,0,0.99997497
55000900029021,2022-12-30,1,0,0.99997497
55000900029021,2022-12-31,1,0,0.99997497
55000900029021,2023-01-01,1,0,0.99997497
55000900029021,2023-01-02,1,0,0.99997497
55000900029021,2023-01-03,1,0,0.99997497
55000900029021,2023-01-04,1,0,0.99997497
55000900029021,2023-01-05,1,0,0.99997497
55000900029021,2023-01-06,1,0,0.99997497
55000900029021,2023-01-07,1,0,0.99997497
55000900029021,2023-01-08,1,0,0.99997497
55000900029021,2023-01-09,1,0,0.99997497
55000900029021,2023-01-10,1,0,0.99997497
55000900029021,2023-01-11,1,0,0.99997497
55000900029021,2023-01-12,1,0,0.99997497
55000900029021,2023-01-13,1,0,0.99997497
55000900029021,2023-01-14,1,0,0.99997497
55000900029021,2023-01-15,1,0,0.99997497
55000900029021,2023-01-16,1,0,0.99997497
55000900029021,2023-01-17,1,0,0.99997497
55000900029021,2023-01-18,1,0,0.99997497
55000900029021,2023-01-19,1,0,0.99997497
55000900029021,2023-01-20,1,0,0.99997497
55000900029021,2023-01-21,1,0,0.99997497
55000900029021,2023-01-22,1,0,0.99997497
55000900029021,2023-01-23,1,0,0.99997497
55000900029021,2023-01-24,1,0,0.99997497
55000900029021,2023-01-25,1,0,0.99997497
55000900029021,2023-01-26,1,0,0.99997497
55000900029021,2023-01-27,1,0,0.99997497
55000900029021,2023-01-28,1,0,0.99997497
55000900029021,2023-01-29,1,0,0.99997497
55000900029021,2023-01-30,1,0,0.99997497
55000900029021,2023-01-31,1,0,0.99997497
55000900029021,2023-02-01,1,0,0.99997497
55000900029021,2023-02-02,1,0,0.99997497
55000900029021,2023-02-03,1,0,0.99997497
55000900029021,2023-02-04,1,0,0.99997497
55000900029021,2023-02-05,1,0,0.99997497
55000900029021,2023-02-06,1,0,0.99997497
55000900029021,2023-02-07,1,0,0.99997497
55000900029021,2023-02-08,1,0,0.99997497
55000900029021,2023-02-09,1,0,0.99997497
55000900029021,2023-02-10,1,0,0.99997497
55000900029021,2023-02-11,1,0,0.99997497
55000900029021,2023-02-12,1,0,0.99997497
55000900029021,2023-02-13,1,0,0.99997497
55000900029021,2023-02-14,1,0,0.99997497
55000900029021,2023-02-15,1,0,0.99997497
55000900029021,2023-02-16,1,0,0.99997497
55000900029021,2023-02-17,1,0,0.99997497
55000900029021,2023-02-18,1,0,0.99997497
55000900029021,2023-02-19,1,0,0.99997497
55000900029021,2023-02-20,1,0,0.99997497
55000900029021,2023-02-21,1,0,0.99997497
55000900029021,2023-02-22,1,0,0.99997497
55000900029021,2023-02-23,1,0,0.99997497
55000900029021,2023-02-24,1,0,0.99997497
55000900029021,2023-02-25,1,0,0.99997497
55000900029021,2023-02-26,1,0,0.99997497
55000900029021,2023-02-27,1,0,0.99997497
55000900029021,2023-02-28,1,0,0.99997497
55000900029021,2023-03-01,1,0,0.99997497
55000900029021,2023-03-02,1,0,0.99997497
55000900029021,2023-03-03,1,0,0.99997497
55000900029021,2023-03-04,1,0,0.99997497
55000900029021,2023-03-05,1,0,0.99997497
55000900029021,2023-03-06,1,0,0.99997497
55000900029021,2023-03-07,1,0,0.99997497
55000900029021,2023-03-08,1,0,0.99997497
55000900029021,2023-03-09,1,0,0.99997497
55000900029021,2023-03-10,1,0,0.99997497
55000900029021,2023-03-11,1,0,0.99997497
55000900029021,2023-03-13,1,0,0.99997497
55000900029021,2023-03-14,1,0,0.99997497
55000900029021,2023-03-15,1,0,0.99997497
55000900029021,2023-03-16,1,0,0.99997497
55000900029021,2023-03-17,1,0,0.99997497
55000900029021,2023-03-18,1,0,0.99997497
55000900029021,2023-03-19,1,0,0.99997497
55000900029021,2023-03-20,1,0,0.99997497
55000900029021,2023-03-21,1,0,0.99997497
55000900029021,2023-03-22,1,0,0.99997497
55000900029021,2023-03-23,1,0,0.99997497
55000900029021,2023-03-24,1,0,0.99997497
55000900029021,2023-03-25,1,0,0.99997497
55000900029021,2023-03-26,1,0,0.99997497
55000900029021,2023-03-27,1,0,0.99997497
55000900029021,2023-03-28,1,0,0.99997497
55000900029021,2023-03-29,1,0,0.99997497
55000900029021,2023-03-30,1,0,0.99997497
55000900029021,2023-03-31,1,0,0.99997497
55000900029021,2023-04-01,1,0,0.99997497
55000900029021,2023-04-02,1,0,0.99997497
55000900029021,2023-04-03,1,0,0.99997497
55000900029021,2023-04-04,1,0,0.99997497
55000900029021,2023-04-05,1,0,0.99997497
55000900029021,2023-04-06,1,0,0.99997497
55000900029021,2023-04-07,1,0,0.99997497
55000900029021,2023-04-08,1,0,0.99997497
55000900029021,2023-04-09,1,0,0.99997497
55000900029021,2023-04-10,1,0,0.99997497
55000900029021,2023-04-11,1,0,0.99997497
55000900029021,2023-04-12,1,0,0.99997497
55000900029021,2023-04-13,1,0,0.99997497
55000900029021,2023-04-14,1,0,0.99997497
55000900029021,2023-04-15,1,0,0.99997497
55000900029021,2023-04-16,1,0,0.99997497
55000900029021,2023-04-17,1,0,0.99997497
55000900029021,2023-04-18,1,0,0.99997497
55000900029021,2023-04-19,1,0,0.99997497
55000900029021,2023-04-20,1,0,0.99997497
55000900029608,2020-09-29,1,0,0.9999825
55000900029608,2020-09-30,1,0,0.999985
55000900029608,2020-10-01,1,0,0.99998236
55000900029608,2020-10-02,1,0,0.9999802
55000900029608,2020-10-03,1,0,0.99997056
55000900029608,2020-10-04,1,0,0.9999684
55000900029608,2020-10-05,1,0,0.9999584
55000900029608,2020-10-06,1,0,0.9999505
55000900029608,2020-10-07,1,0,0.99997115
55000900029608,2020-10-08,1,0,0.99991167
55000900029608,2020-10-09,1,0,0.99989414
55000900029608,2020-10-10,1,0,0.99996436
55000900029608,2020-10-11,1,0,0.99997544
55000900029608,2020-10-12,1,0,0.99997616
55000900029608,2020-10-13,1,0,0.99996984
55000900029608,2020-10-14,1,0,0.99996924
55000900029608,2020-10-15,1,0,0.9999826
55000900029608,2020-10-16,1,0,0.99997675
55000900029608,2020-10-17,1,0,0.9999844
55000900029608,2020-10-18,1,0,0.9999865
55000900029608,2020-10-19,1,0,0.9999862
55000900029608,2020-10-20,1,0,0.9999856
55000900029608,2020-10-21,1,0,0.99998593
55000900029608,2020-10-22,1,0,0.9999856
55000900029608,2020-10-23,1,0,0.9999857
55000900029608,2020-10-24,1,0,0.9999846
55000900029608,2020-10-25,1,0,0.9999858
55000900029608,2020-10-26,1,0,0.9999862
55000900029608,2020-10-27,1,0,0.9999801
55000900029608,2020-10-28,1,0,0.9999783
55000900029608,2020-10-29,1,0,0.9999864
55000900029608,2020-10-30,1,0,0.9999862
55000900029608,2020-10-31,1,0,0.999985
55000900029608,2020-11-01,1,0,0.99998534
55000900029608,2020-11-02,1,0,0.9999844
55000900029608,2020-11-03,1,0,0.999985
55000900029608,2020-11-04,1,0,0.9999838
55000900029608,2020-11-05,1,0,0.99998295
55000900029608,2020-11-06,1,0,0.999985
55000900029608,2020-11-07,1,0,0.9999844
55000900029608,2020-11-08,1,0,0.9999807
55000900029608,2020-11-09,1,0,0.9999808
55000900029608,2020-11-10,1,0,0.999982
55000900029608,2020-11-11,1,0,0.99998283
55000900029608,2020-11-12,1,0,0.9999821
55000900029608,2020-11-13,1,0,0.9999788
55000900029608,2020-11-14,1,0,0.9999825
55000900029608,2020-11-15,1,0,0.9999819
55000900029608,2020-11-16,1,0,0.9999685
55000900029608,2020-11-17,1,0,0.9999658
55000900029608,2020-11-18,1,0,0.9999807
55000900029608,2020-11-19,1,0,0.999984
55000900029608,2020-11-20,1,0,0.9999857
55000900029608,2020-11-21,1,0,0.99998415
55000900029608,2020-11-22,1,0,0.9999819
55000900029608,2020-11-23,1,0,0.9999845
55000900029608,2020-11-24,1,0,0.99998546
55000900029608,2020-11-25,1,0,0.99998546
55000900029608,2020-11-26,1,0,0.9999845
55000900029608,2020-11-27,1,0,0.99998105
55000900029608,2020-11-28,1,0,0.999982
55000900029608,2020-11-29,1,0,0.9999833
55000900029608,2020-11-30,1,0,0.99997926
55000900029608,2020-12-01,1,0,0.9999852
55000900029608,2020-12-02,1,0,0.9999833
55000900029608,2020-12-03,1,0,0.9999813
55000900029608,2020-12-04,1,0,0.9999826
55000900029608,2020-12-05,1,0,0.9999819
55000900029608,2020-12-06,1,0,0.9999821
55000900029608,2020-12-07,1,0,0.9999851
55000900029608,2020-12-08,1,0,0.99998546
55000900029608,2020-12-09,1,0,0.99998534
55000900029608,2020-12-10,1,0,0.99998605
55000900029608,2020-12-11,1,0,0.99998593
55000900029608,2020-12-12,1,0,0.9999869
55000900029608,2020-12-13,1,0,0.9999864
55000900029608,2020-12-14,1,0,0.9999827
55000900029608,2020-12-15,1,0,0.99998534
55000900029608,2020-12-16,1,0,0.9999802
55000900029608,2020-12-17,1,0,0.99998236
55000900029608,2020-12-18,1,0,0.9999795
55000900029608,2020-12-19,1,0,0.99997616
55000900029608,2020-12-20,1,0,0.99998164
55000900029608,2020-12-21,1,0,0.9999831
55000900029608,2020-12-22,1,0,0.99997485
55000900029608,2020-12-23,1,0,0.9999528
55000900029608,2020-12-24,1,0,0.9999747
55000900029608,2020-12-25,1,0,0.9999801
55000900029608,2020-12-26,1,0,0.9999831
55000900029608,2020-12-27,1,0,0.9999809
55000900029608,2020-12-28,1,0,0.9999808
55000900029608,2020-12-29,1,0,0.9999819
55000900029608,2020-12-30,1,0,0.9999833
55000900029608,2020-12-31,1,0,0.9999825
55000900029608,2021-01-01,1,0,0.9999826
55000900029608,2021-01-02,1,0,0.9999827
55000900029608,2021-01-03,1,0,0.9999821
55000900029608,2021-01-04,1,0,0.9999814
55000900029608,2021-01-05,1,0,0.99998045
55000900029608,2021-01-06,1,0,0.9999796
55000900029608,2021-01-07,1,0,0.99997914
55000900029608,2021-01-08,1,0,0.9999776
55000900029608,2021-01-09,1,0,0.9999763
55000900029608,2021-01-10,1,0,0.9999753
55000900029608,2021-01-11,1,0,0.99997544
55000900029608,2021-01-12,1,0,0.99997544
55000900029608,2021-01-13,1,0,0.9999752
55000900029608,2021-01-14,1,0,0.9999752
55000900029608,2021-01-15,1,0,0.9999751
55000900029608,2021-01-16,1,0,0.9999752
55000900029608,2021-01-17,1,0,0.9999752
55000900029608,2021-01-18,1,0,0.9999753
55000900029608,2021-01-19,1,0,0.9999751
55000900029608,2021-01-20,1,0,0.99997604
55000900029608,2021-01-21,1,0,0.9999782
55000900029608,2021-01-22,1,0,0.9999759
55000900029608,2021-01-23,1,0,0.9999765
55000900029608,2021-01-24,1,0,0.9999763
55000900029608,2021-01-25,1,0,0.9999759
55000900029608,2021-01-26,1,0,0.9999764
55000900029608,2021-01-27,1,0,0.9999763
55000900029608,2021-01-28,1,0,0.99997747
55000900029608,2021-01-29,1,0,0.99997675
55000900029608,2021-01-30,1,0,0.99997663
55000900029608,2021-01-31,1,0,0.9999777
55000900029608,2021-02-01,1,0,0.99997747
55000900029608,2021-02-02,1,0,0.99997747
55000900029608,2021-02-03,1,0,0.99997747
55000900029608,2021-02-04,1,0,0.99997747
55000900029608,2021-02-05,1,0,0.99997747
55000900029608,2021-02-06,1,0,0.99997747
55000900029608,2021-02-07,1,0,0.99997747
55000900029608,2021-02-08,1,0,0.99997747
55000900029608,2021-02-09,1,0,0.99997747
55000900029608,2021-02-10,1,0,0.99997747
55000900029608,2021-02-11,1,0,0.99997747
55000900029608,2021-02-12,1,0,0.99997747
55000900029608,2021-02-13,1,0,0.99997747
55000900029608,2021-02-14,1,0,0.99997747
55000900029608,2021-02-15,1,0,0.99997747
55000900029608,2021-02-16,1,0,0.99997747
55000900029608,2021-02-17,1,0,0.99997747
55000900029608,2021-02-18,1,0,0.99997747
55000900029608,2021-02-19,1,0,0.99997747
55000900029608,2021-02-20,1,0,0.99997747
55000900029608,2021-02-21,1,0,0.99997747
55000900029608,2021-02-22,1,0,0.99997747
55000900029608,2021-02-23,1,0,0.99997747
55000900029608,2021-02-24,1,0,0.99997747
55000900029608,2021-02-25,1,0,0.99997747
55000900029608,2021-02-26,1,0,0.99997747
55000900029608,2021-02-27,1,0,0.99997747
55000900029608,2021-02-28,1,0,0.99997747
55000900029608,2021-03-01,1,0,0.99997747
55000900029608,2021-03-02,1,0,0.99997747
55000900029608,2021-03-03,1,0,0.99997747
55000900029608,2021-03-04,1,0,0.99997747
55000900029608,2021-03-05,1,0,0.99997747
55000900029608,2021-03-06,1,0,0.99997747
55000900029608,2021-03-07,1,0,0.99997747
55000900029608,2021-03-08,1,0,0.99997747
55000900029608,2021-03-09,1,0,0.99997747
55000900029608,2021-03-10,1,0,0.99997747
55000900029608,2021-03-11,1,0,0.99997747
55000900029608,2021-03-12,1,0,0.99997747
55000900029608,2021-03-13,1,0,0.99997747
55000900029608,2021-03-15,1,0,0.99997747
55000900029608,2021-03-16,1,0,0.99997747
55000900029608,2021-03-17,1,0,0.99997747
55000900029608,2021-03-18,1,0,0.99997747
55000900029608,2021-03-19,1,0,0.99997747
55000900029608,2021-03-20,1,0,0.99997747
55000900029608,2021-03-21,1,0,0.99997747
55000900029608,2021-03-22,1,0,0.99997747
55000900029608,2021-03-23,1,0,0.99997747
55000900029608,2021-03-24,1,0,0.99997747
55000900029608,2021-03-25,1,0,0.99997747
55000900029608,2021-03-26,1,0,0.99997747
55000900029608,2021-03-27,1,0,0.99997747
55000900029608,2021-03-28,1,0,0.99997747
55000900029608,2021-03-29,1,0,0.99997747
55000900029608,2021-03-30,1,0,0.99997747
55000900029608,2021-03-31,1,0,0.99997747
55000900029608,2021-04-01,1,0,0.99997747
55000900029608,2021-04-02,1,0,0.99997747
55000900029608,2021-04-03,1,0,0.99997747
55000900029608,2021-04-04,1,0,0.99997747
55000900029608,2021-04-05,1,0,0.99997747
55000900029608,2021-04-06,1,0,0.99997747
55000900029608,2021-04-07,1,0,0.99997747
55000900029608,2021-04-08,1,0,0.99997747
55000900029608,2021-04-09,1,0,0.99997747
55000900029608,2021-04-10,1,0,0.99997747
55000900029608,2021-04-11,1,0,0.99997747
55000900029608,2021-04-12,1,0,0.99997747
55000900029608,2021-04-13,1,0,0.99997747
55000900029608,2021-04-14,1,0,0.99997747
55000900029608,2021-04-15,1,0,0.99997747
55000900029608,2021-04-16,1,0,0.99997747
55000900029608,2021-04-17,1,0,0.99997747
55000900029608,2021-04-18,1,0,0.99997747
55000900029608,2021-04-19,1,0,0.99997747
55000900029608,2021-04-20,1,0,0.99997747
55000900029608,2021-04-21,1,0,0.99997747
55000900029608,2021-04-22,1,0,0.99997747
55000900029608,2021-04-23,1,0,0.99997747
55000900029608,2021-04-24,1,0,0.99997747
55000900029608,2021-04-25,1,0,0.99997747
55000900029608,2021-04-26,1,0,0.99997747
55000900029608,2021-04-27,1,0,0.99997747
55000900029608,2021-04-28,1,0,0.99997747
55000900029608,2021-04-29,1,0,0.99997747
55000900029608,2021-04-30,1,0,0.99997747
55000900029608,2021-05-01,1,0,0.99997747
55000900029608,2021-05-02,1,0,0.99997747
55000900029608,2021-05-03,1,0,0.99997747
55000900029608,2021-05-04,1,0,0.99997747
55000900029608,2021-05-05,1,0,0.99997747
55000900029608,2021-05-06,1,0,0.99997747
55000900029608,2021-05-07,1,0,0.99997747
55000900029608,2021-05-08,1,0,0.99997747
55000900029608,2021-05-09,1,0,0.99997747
55000900029608,2021-05-10,1,0,0.99997747
55000900029608,2021-05-11,1,0,0.99997747
55000900029608,2021-05-12,1,0,0.99997747
55000900029608,2021-05-13,1,0,0.99997747
55000900029608,2021-05-14,1,0,0.99997747
55000900029608,2021-05-15,1,0,0.99997747
55000900029608,2021-05-16,1,0,0.99997747
55000900029608,2021-05-17,1,0,0.99997747
55000900029608,2021-05-18,1,0,0.99997747
55000900029608,2021-05-19,1,0,0.99997747
55000900029608,2021-05-20,1,0,0.99997747
55000900029608,2021-05-21,1,0,0.99997747
55000900029608,2021-05-22,1,0,0.99997747
55000900029608,2021-05-23,1,0,0.99997747
55000900029608,2021-05-24,1,0,0.99997747
55000900029608,2021-05-25,1,0,0.99997747
55000900029608,2021-05-26,1,0,0.99997747
55000900029608,2021-05-27,1,0,0.99997747
55000900029608,2021-05-28,1,0,0.99997747
55000900029608,2021-05-29,1,0,0.99997747
55000900029608,2021-05-30,1,0,0.99997747
55000900029608,2021-05-31,1,0,0.99997747
55000900029608,2021-06-01,1,0,0.99997747
55000900029608,2021-06-02,1,0,0.99997747
55000900029608,2021-06-03,1,0,0.99997747
55000900029608,2021-06-04,1,0,0.99997747
55000900029608,2021-06-05,1,0,0.99997747
55000900029608,2021-06-06,1,0,0.99997747
55000900029608,2021-06-07,1,0,0.99997747
55000900029608,2021-06-08,1,0,0.99997747
55000900029608,2021-06-09,1,0,0.99997747
55000900029608,2021-06-10,1,0,0.99997747
55000900029608,2021-06-11,1,0,0.99997747
55000900029608,2021-06-12,1,0,0.99997747
55000900029608,2021-06-13,1,0,0.99997747
55000900029608,2021-06-14,1,0,0.99997747
55000900029608,2021-06-15,1,0,0.99997747
55000900029608,2021-06-16,1,0,0.99997747
55000900029608,2021-06-17,1,0,0.99997747
55000900029608,2021-06-18,1,0,0.99997747
55000900029608,2021-06-19,1,0,0.99997747
55000900029608,2021-06-20,1,0,0.99997747
55000900029608,2021-06-21,1,0,0.99997747
55000900029608,2021-06-22,1,0,0.99997747
55000900029608,2021-06-23,1,0,0.99997747
55000900029608,2021-06-24,1,0,0.99997747
55000900029608,2021-06-25,1,0,0.99997747
55000900029608,2021-06-26,1,0,0.99997747
55000900029608,2021-06-27,1,0,0.99997747
55000900029608,2021-06-28,1,0,0.99997747
55000900029608,2021-06-29,1,0,0.99997747
55000900029608,2021-06-30,1,0,0.99997747
55000900029608,2021-07-01,1,0,0.99997747
55000900029608,2021-07-02,1,0,0.99997747
55000900029608,2021-07-03,1,0,0.99997747
55000900029608,2021-07-04,1,0,0.99997747
55000900029608,2021-07-05,1,0,0.99997747
55000900029608,2021-07-06,1,0,0.99997747
55000900029608,2021-07-07,1,0,0.99997747
55000900029608,2021-07-08,1,0,0.99997747
55000900029608,2021-07-09,1,0,0.99997747
55000900029608,2021-07-10,1,0,0.99997747
55000900029608,2021-07-11,1,0,0.99997747
55000900029608,2021-07-12,1,0,0.99997747
55000900029608,2021-07-13,1,0,0.99997747
55000900029608,2021-07-14,1,0,0.99997747
55000900029608,2021-07-15,1,0,0.99997747
55000900029608,2021-07-16,1,0,0.99997747
55000900029608,2021-07-17,1,0,0.99997747
55000900029608,2021-07-18,1,0,0.99997747
55000900029608,2021-07-19,1,0,0.99997747
55000900029608,2021-07-20,1,0,0.99997747
55000900029608,2021-07-21,1,0,0.99997747
55000900029608,2021-07-22,1,0,0.99997747
55000900029608,2021-07-23,1,0,0.99997747
55000900029608,2021-07-24,1,0,0.99997747
55000900029608,2021-07-25,1,0,0.99997747
55000900029608,2021-07-26,1,0,0.99997747
55000900029608,2021-07-27,1,0,0.99997747
55000900029608,2021-07-28,1,0,0.99997747
55000900029608,2021-07-29,1,0,0.99997747
55000900029608,2021-07-30,1,0,0.99997747
55000900029608,2021-07-31,1,0,0.99997747
55000900029608,2021-08-01,1,0,0.99997747
55000900029608,2021-08-02,1,0,0.99997747
55000900029608,2021-08-03,1,0,0.99997747
55000900029608,2021-08-04,1,0,0.99997747
55000900029608,2021-08-05,1,0,0.99997747
55000900029608,2021-08-06,1,0,0.99997747
55000900029608,2021-08-07,1,0,0.99997747
55000900029608,2021-08-08,1,0,0.99997747
55000900029608,2021-08-09,1,0,0.99997747
55000900029608,2021-08-10,1,0,0.99997747
55000900029608,2021-08-11,1,0,0.99997747
55000900029608,2021-08-12,1,0,0.99997747
55000900029608,2021-08-13,1,0,0.99997747
55000900029608,2021-08-14,1,0,0.99997747
55000900029608,2021-08-15,1,0,0.99997747
55000900029608,2021-08-16,1,0,0.99997747
55000900029608,2021-08-17,1,0,0.99997747
55000900029608,2021-08-18,1,0,0.99997747
55000900029608,2021-08-19,1,0,0.99997747
55000900029608,2021-08-20,1,0,0.99997747
55000900029608,2021-08-21,1,0,0.99997747
55000900029608,2021-08-22,1,0,0.99997747
55000900029608,2021-08-23,1,0,0.99997747
55000900029608,2021-08-24,1,0,0.99997747
55000900029608,2021-08-25,1,0,0.99997747
55000900029608,2021-08-26,1,0,0.99997747
55000900029608,2021-08-27,1,0,0.99997747
55000900029608,2021-08-28,1,0,0.99997747
55000900029608,2021-08-29,1,0,0.99997747
55000900029608,2021-08-30,1,0,0.99997747
55000900029608,2021-08-31,1,0,0.99997747
55000900029608,2021-09-01,1,0,0.99997747
55000900029608,2021-09-02,1,0,0.99997747
55000900029608,2021-09-03,1,0,0.99997747
55000900029608,2021-09-04,1,0,0.99997747
55000900029608,2021-09-05,1,0,0.99997747
55000900029608,2021-09-06,1,0,0.99997747
55000900029608,2021-09-07,1,0,0.99997747
55000900029608,2021-09-08,1,0,0.99997747
55000900029608,2021-09-09,1,0,0.99997747
55000900029608,2021-09-10,1,0,0.99997747
55000900029608,2021-09-11,1,0,0.99997747
55000900029608,2021-09-12,1,0,0.99997747
55000900029608,2021-09-13,1,0,0.99997747
55000900029608,2021-09-14,1,0,0.99997747
55000900029608,2021-09-15,1,0,0.99997747
55000900029608,2021-09-16,1,0,0.99997747
55000900029608,2021-09-17,1,0,0.99997747
55000900029608,2021-09-18,1,0,0.99997747
55000900029608,2021-09-19,1,0,0.99997747
55000900029608,2021-09-20,1,0,0.99997747
55000900029608,2021-09-21,1,0,0.99997747
55000900029608,2021-09-22,1,0,0.99997747
55000900029608,2021-09-23,1,0,0.99997747
55000900029608,2021-09-24,1,0,0.99997747
55000900029608,2021-09-25,1,0,0.99997747
55000900029608,2021-09-26,1,0,0.99997747
55000900029608,2021-09-27,1,0,0.99997747
55000900029608,2021-09-28,1,0,0.99997747
55000900029608,2021-09-29,1,0,0.99997747
55000900029608,2021-09-30,1,0,0.99997747
55000900029608,2021-10-01,1,0,0.99997747
55000900029608,2021-10-02,1,0,0.99997747
55000900029608,2021-10-03,1,0,0.99997747
55000900029608,2021-10-04,1,0,0.99997747
55000900029608,2021-10-05,1,0,0.99997747
55000900029608,2021-10-06,1,0,0.99997747
55000900029608,2021-10-07,1,0,0.99997747
55000900029608,2021-10-08,1,0,0.99997747
55000900029608,2021-10-09,1,0,0.99997747
55000900029608,2021-10-10,1,0,0.99997747
55000900029608,2021-10-11,1,0,0.99997747
55000900029608,2021-10-12,1,0,0.99997747
55000900029608,2021-10-13,1,0,0.99997747
55000900029608,2021-10-14,1,0,0.99997747
55000900029608,2021-10-15,1,0,0.99997747
55000900029608,2021-10-16,1,0,0.99997747
55000900029608,2021-10-17,1,0,0.99997747
55000900029608,2021-10-18,1,0,0.99997747
55000900029608,2021-10-19,1,0,0.99997747
55000900029608,2021-10-20,1,0,0.99997747
55000900029608,2021-10-21,1,0,0.99997747
55000900029608,2021-10-22,1,0,0.99997747
55000900029608,2021-10-23,1,0,0.99997747
55000900029608,2021-10-24,1,0,0.99997747
55000900029608,2021-10-25,1,0,0.99997747
55000900029608,2021-10-26,1,0,0.99997747
55000900029608,2021-10-27,1,0,0.99997747
55000900029608,2021-10-28,1,0,0.99997747
55000900029608,2021-10-29,1,0,0.99997747
55000900029608,2021-10-30,1,0,0.99997747
55000900029608,2021-10-31,1,0,0.99997747
55000900029608,2021-11-01,1,0,0.99997747
55000900029608,2021-11-02,1,0,0.99997747
55000900029608,2021-11-03,1,0,0.99997747
55000900029608,2021-11-04,1,0,0.99997747
55000900029608,2021-11-05,1,0,0.99997747
55000900029608,2021-11-06,1,0,0.99997747
55000900029608,2021-11-07,1,0,0.99997747
55000900029608,2021-11-08,1,0,0.99997747
55000900029608,2021-11-09,1,0,0.99997747
55000900029608,2021-11-10,1,0,0.99997747
55000900029608,2021-11-11,1,0,0.99997747
55000900029608,2021-11-12,1,0,0.99997747
55000900029608,2021-11-13,1,0,0.99997747
55000900029608,2021-11-14,1,0,0.99997747
55000900029608,2021-11-15,1,0,0.99997747
55000900029608,2021-11-16,1,0,0.99997747
55000900029608,2021-11-17,1,0,0.99997747
55000900029608,2021-11-18,1,0,0.99997747
55000900029608,2021-11-19,1,0,0.99997747
55000900029608,2021-11-20,1,0,0.99997747
55000900029608,2021-11-21,1,0,0.99997747
55000900029608,2021-11-22,1,0,0.99997747
55000900029608,2021-11-23,1,0,0.99997747
55000900029608,2021-11-24,1,0,0.99997747
55000900029608,2021-11-25,1,0,0.99997747
55000900029608,2021-11-26,1,0,0.99997747
55000900029608,2021-11-27,1,0,0.99997747
55000900029608,2021-11-28,1,0,0.99997747
55000900029608,2021-11-29,1,0,0.99997747
55000900029608,2021-11-30,1,0,0.99997747
55000900029608,2021-12-01,1,0,0.99997747
55000900029608,2021-12-02,1,0,0.99997747
55000900029608,2021-12-03,1,0,0.99997747
55000900029608,2021-12-04,1,0,0.99997747
55000900029608,2021-12-05,1,0,0.99997747
55000900029608,2021-12-06,1,0,0.99997747
55000900029608,2021-12-07,1,0,0.99997747
55000900029608,2021-12-08,1,0,0.99997747
55000900029608,2021-12-09,1,0,0.99997747
55000900029608,2021-12-10,1,0,0.99997747
55000900029608,2021-12-11,1,0,0.99997747
55000900029608,2021-12-12,1,0,0.99997747
55000900029608,2021-12-13,1,0,0.99997747
55000900029608,2021-12-14,1,0,0.99997747
55000900029608,2021-12-15,1,0,0.99997747
55000900029608,2021-12-16,1,0,0.99997747
55000900029608,2021-12-17,1,0,0.99997747
55000900029608,2021-12-18,1,0,0.99997747
55000900029608,2021-12-19,1,0,0.99997747
55000900029608,2021-12-20,1,0,0.99997747
55000900029608,2021-12-21,1,0,0.99997747
55000900029608,2021-12-22,1,0,0.99997747
55000900029608,2021-12-23,1,0,0.99997747
55000900029608,2021-12-24,1,0,0.99997747
55000900029608,2021-12-25,1,0,0.99997747
55000900029608,2021-12-26,1,0,0.99997747
55000900029608,2021-12-27,1,0,0.99997747
55000900029608,2021-12-28,1,0,0.99997747
55000900029608,2021-12-29,1,0,0.99997747
55000900029608,2021-12-30,1,0,0.99997747
55000900029608,2021-12-31,1,0,0.99997747
55000900029608,2022-01-01,1,0,0.99997747
55000900029608,2022-01-02,1,0,0.99997747
55000900029608,2022-01-03,1,0,0.99997747
55000900029608,2022-01-04,1,0,0.99997747
55000900029608,2022-01-05,1,0,0.99997747
55000900029608,2022-01-06,1,0,0.99997747
55000900029608,2022-01-07,1,0,0.99997747
55000900029608,2022-01-08,1,0,0.99997747
55000900029608,2022-01-09,1,0,0.99997747
55000900029608,2022-01-10,1,0,0.99997747
55000900029608,2022-01-11,1,0,0.99997747
55000900029608,2022-01-12,1,0,0.99997747
55000900029608,2022-01-13,1,0,0.99997747
55000900029608,2022-01-14,1,0,0.99997747
55000900029608,2022-01-15,1,0,0.99997747
55000900029608,2022-01-16,1,0,0.99997747
55000900029608,2022-01-17,1,0,0.99997747
55000900029608,2022-01-18,1,0,0.99997747
55000900029608,2022-01-19,1,0,0.99997747
55000900029608,2022-01-20,1,0,0.99997747
55000900029608,2022-01-21,1,0,0.99997747
55000900029608,2022-01-22,1,0,0.99997747
55000900029608,2022-01-23,1,0,0.99997747
55000900029608,2022-01-24,1,0,0.99997747
55000900029608,2022-01-25,1,0,0.99997747
55000900029608,2022-01-26,1,0,0.99997747
55000900029608,2022-01-27,1,0,0.99997747
55000900029608,2022-01-28,1,0,0.99997747
55000900029608,2022-01-29,1,0,0.99997747
55000900029608,2022-01-30,1,0,0.99997747
55000900029608,2022-01-31,1,0,0.99997747
55000900029608,2022-02-01,1,0,0.99997747
55000900029608,2022-02-02,1,0,0.99997747
55000900029608,2022-02-03,1,0,0.99997747
55000900029608,2022-02-04,1,0,0.99997747
55000900029608,2022-02-05,1,0,0.99997747
55000900029608,2022-02-06,1,0,0.99997747
55000900029608,2022-02-07,1,0,0.99997747
55000900029608,2022-02-08,1,0,0.99997747
55000900029608,2022-02-09,1,0,0.99997747
55000900029608,2022-02-10,1,0,0.99997747
55000900029608,2022-02-11,1,0,0.99997747
55000900029608,2022-02-12,1,0,0.99997747
55000900029608,2022-02-13,1,0,0.99997747
55000900029608,2022-02-14,1,0,0.99997747
55000900029608,2022-02-15,1,0,0.99997747
55000900029608,2022-02-16,1,0,0.99997747
55000900029608,2022-02-17,1,0,0.99997747
55000900029608,2022-02-18,1,0,0.99997747
55000900029608,2022-02-19,1,0,0.99997747
55000900029608,2022-02-20,1,0,0.99997747
55000900029608,2022-02-21,1,0,0.99997747
55000900029608,2022-02-22,1,0,0.99997747
55000900029608,2022-02-23,1,0,0.99997747
55000900029608,2022-02-24,1,0,0.99997747
55000900029608,2022-02-25,1,0,0.99997747
55000900029608,2022-02-26,1,0,0.99997747
55000900029608,2022-02-27,1,0,0.99997747
55000900029608,2022-02-28,1,0,0.99997747
55000900029608,2022-03-01,1,0,0.99997747
55000900029608,2022-03-02,1,0,0.99997747
55000900029608,2022-03-03,1,0,0.99997747
55000900029608,2022-03-04,1,0,0.99997747
55000900029608,2022-03-05,1,0,0.99997747
55000900029608,2022-03-06,1,0,0.99997747
55000900029608,2022-03-07,1,0,0.99997747
55000900029608,2022-03-08,1,0,0.99997747
55000900029608,2022-03-09,1,0,0.99997747
55000900029608,2022-03-10,1,0,0.99997747
55000900029608,2022-03-11,1,0,0.99997747
55000900029608,2022-03-12,1,0,0.99997747
55000900029608,2022-03-14,1,0,0.99997747
55000900029608,2022-03-15,1,0,0.99997747
55000900029608,2022-03-16,1,0,0.99997747
55000900029608,2022-03-17,1,0,0.99997747
55000900029608,2022-03-18,1,0,0.99997747
55000900029608,2022-03-19,1,0,0.99997747
55000900029608,2022-03-20,1,0,0.99997747
55000900029608,2022-03-21,1,0,0.99997747
55000900029608,2022-03-22,1,0,0.99997747
55000900029608,2022-03-23,1,0,0.99997747
55000900029608,2022-03-24,1,0,0.99997747
55000900029608,2022-03-25,1,0,0.99997747
55000900029608,2022-03-26,1,0,0.99997747
55000900029608,2022-03-27,1,0,0.99997747
55000900029608,2022-03-28,1,0,0.99997747
55000900029608,2022-03-29,1,0,0.99997747
55000900029608,2022-03-30,1,0,0.99997747
55000900029608,2022-03-31,1,0,0.99997747
55000900029608,2022-04-01,1,0,0.99997747
55000900029608,2022-04-02,1,0,0.99997747
55000900029608,2022-04-03,1,0,0.99997747
55000900029608,2022-04-04,1,0,0.99997747
55000900029608,2022-04-05,1,0,0.99997747
55000900029608,2022-04-06,1,0,0.99997747
55000900029608,2022-04-07,1,0,0.99997747
55000900029608,2022-04-08,1,0,0.99997747
55000900029608,2022-04-09,1,0,0.99997747
55000900029608,2022-04-10,1,0,0.99997747
55000900029608,2022-04-11,1,0,0.99997747
55000900029608,2022-04-12,1,0,0.99997747
55000900029608,2022-04-13,1,0,0.99997747
55000900029608,2022-04-14,1,0,0.99997747
55000900029608,2022-04-15,1,0,0.99997747
55000900029608,2022-04-16,1,0,0.99997747
55000900029608,2022-04-17,1,0,0.99997747
55000900029608,2022-04-18,1,0,0.99997747
55000900029608,2022-04-19,1,0,0.99997747
55000900029608,2022-04-20,1,0,0.99997747
55000900029608,2022-04-21,1,0,0.99997747
55000900029608,2022-04-22,1,0,0.99997747
55000900029608,2022-04-23,1,0,0.99997747
55000900029608,2022-04-24,1,0,0.99997747
55000900029608,2022-04-25,1,0,0.99997747
55000900029608,2022-04-26,1,0,0.99997747
55000900029608,2022-04-27,1,0,0.99997747
55000900029608,2022-04-28,1,0,0.99997747
55000900029608,2022-04-29,1,0,0.99997747
55000900029608,2022-04-30,1,0,0.99997747
55000900029608,2022-05-01,1,0,0.99997747
55000900029608,2022-05-02,1,0,0.99997747
55000900029608,2022-05-03,1,0,0.99997747
55000900029608,2022-05-04,1,0,0.99997747
55000900029608,2022-05-05,1,0,0.99997747
55000900029608,2022-05-06,1,0,0.99997747
55000900029608,2022-05-07,1,0,0.99997747
55000900029608,2022-05-08,1,0,0.99997747
55000900029608,2022-05-09,1,0,0.99997747
55000900029608,2022-05-10,1,0,0.99997747
55000900029608,2022-05-11,1,0,0.99997747
55000900029608,2022-05-12,1,0,0.99997747
55000900029608,2022-05-13,1,0,0.99997747
55000900029608,2022-05-14,1,0,0.99997747
55000900029608,2022-05-15,1,0,0.99997747
55000900029608,2022-05-16,1,0,0.99997747
55000900029608,2022-05-17,1,0,0.99997747
55000900029608,2022-05-18,1,0,0.99997747
55000900029608,2022-05-19,1,0,0.99997747
55000900029608,2022-05-20,1,0,0.99997747
55000900029608,2022-05-21,1,0,0.99997747
55000900029608,2022-05-22,1,0,0.99997747
55000900029608,2022-05-23,1,0,0.99997747
55000900029608,2022-05-24,1,0,0.99997747
55000900029608,2022-05-25,1,0,0.99997747
55000900029608,2022-05-26,1,0,0.99997747
55000900029608,2022-05-27,1,0,0.99997747
55000900029608,2022-05-28,1,0,0.99997747
55000900029608,2022-05-29,1,0,0.99997747
55000900029608,2022-05-30,1,0,0.99997747
55000900029608,2022-05-31,1,0,0.99997747
55000900029608,2022-06-01,1,0,0.99997747
55000900029608,2022-06-02,1,0,0.99997747
55000900029608,2022-06-03,1,0,0.99997747
55000900029608,2022-06-04,1,0,0.99997747
55000900029608,2022-06-05,1,0,0.99997747
55000900029608,2022-06-06,1,0,0.99997747
55000900029608,2022-06-07,1,0,0.99997747
55000900029608,2022-06-08,1,0,0.99997747
55000900029608,2022-06-09,1,0,0.99997747
55000900029608,2022-06-10,1,0,0.99997747
55000900029608,2022-06-11,1,0,0.99997747
55000900029608,2022-06-12,1,0,0.99997747
55000900029608,2022-06-13,1,0,0.99997747
55000900029608,2022-06-14,1,0,0.99997747
55000900029608,2022-06-15,1,0,0.99997747
55000900029608,2022-06-16,1,0,0.99997747
55000900029608,2022-06-17,1,0,0.99997747
55000900029608,2022-06-18,1,0,0.99997747
55000900029608,2022-06-19,1,0,0.99997747
55000900029608,2022-06-20,1,0,0.99997747
55000900029608,2022-06-21,1,0,0.99997747
55000900029608,2022-06-22,1,0,0.99997747
55000900029608,2022-06-23,1,0,0.99997747
55000900029608,2022-06-24,1,0,0.99997747
55000900029608,2022-06-25,1,0,0.99997747
55000900029608,2022-06-26,1,0,0.99997747
55000900029608,2022-06-27,1,0,0.99997747
55000900029608,2022-06-28,1,0,0.99997747
55000900029608,2022-06-29,1,0,0.99997747
55000900029608,2022-06-30,1,0,0.99997747
55000900029608,2022-07-01,1,0,0.99997747
55000900029608,2022-07-02,1,0,0.99997747
55000900029608,2022-07-03,1,0,0.99997747
55000900029608,2022-07-04,1,0,0.99997747
55000900029608,2022-07-05,1,0,0.99997747
55000900029608,2022-07-06,1,0,0.99997747
55000900029608,2022-07-07,1,0,0.99997747
55000900029608,2022-07-08,1,0,0.99997747
55000900029608,2022-07-09,1,0,0.99997747
55000900029608,2022-07-10,1,0,0.99997747
55000900029608,2022-07-11,1,0,0.99997747
55000900029608,2022-07-12,1,0,0.99997747
55000900029608,2022-07-13,1,0,0.99997747
55000900029608,2022-07-14,1,0,0.99997747
55000900029608,2022-07-15,1,0,0.99997747
55000900029608,2022-07-16,1,0,0.99997747
55000900029608,2022-07-17,1,0,0.99997747
55000900029608,2022-07-18,1,0,0.99997747
55000900029608,2022-07-19,1,0,0.99997747
55000900029608,2022-07-20,1,0,0.99997747
55000900029608,2022-07-21,1,0,0.99997747
55000900029608,2022-07-22,1,0,0.99997747
55000900029608,2022-07-23,1,0,0.99997747
55000900029608,2022-07-24,1,0,0.99997747
55000900029608,2022-07-25,1,0,0.99997747
55000900029608,2022-07-26,1,0,0.99997747
55000900029608,2022-07-27,1,0,0.99997747
55000900029608,2022-07-28,1,0,0.99997747
55000900029608,2022-07-29,1,0,0.99997747
55000900029608,2022-07-30,1,0,0.99997747
55000900029608,2022-07-31,1,0,0.99997747
55000900029608,2022-08-01,1,0,0.99997747
55000900029608,2022-08-02,1,0,0.99997747
55000900029608,2022-08-03,1,0,0.99997747
55000900029608,2022-08-04,1,0,0.99997747
55000900029608,2022-08-05,1,0,0.99997747
55000900029608,2022-08-06,1,0,0.99997747
55000900029608,2022-08-07,1,0,0.99997747
55000900029608,2022-08-08,1,0,0.99997747
55000900029608,2022-08-09,1,0,0.99997747
55000900029608,2022-08-10,1,0,0.99997747
55000900029608,2022-08-11,1,0,0.99997747
55000900029608,2022-08-12,1,0,0.99997747
55000900029608,2022-08-13,1,0,0.99997747
55000900029608,2022-08-14,1,0,0.99997747
55000900029608,2022-08-15,1,0,0.99997747
55000900029608,2022-08-16,1,0,0.99997747
55000900029608,2022-08-17,1,0,0.99997747
55000900029608,2022-08-18,1,0,0.99997747
55000900029608,2022-08-19,1,0,0.99997747
55000900029608,2022-08-20,1,0,0.99997747
55000900029608,2022-08-21,1,0,0.99997747
55000900029608,2022-08-22,1,0,0.99997747
55000900029608,2022-08-23,1,0,0.99997747
55000900029608,2022-08-24,1,0,0.99997747
55000900029608,2022-08-25,1,0,0.99997747
55000900029608,2022-08-26,1,0,0.99997747
55000900029608,2022-08-27,1,0,0.99997747
55000900029608,2022-08-28,1,0,0.99997747
55000900029608,2022-08-29,1,0,0.99997747
55000900029608,2022-08-30,1,0,0.99997747
55000900029608,2022-08-31,1,0,0.99997747
55000900029608,2022-09-01,1,0,0.99997747
55000900029608,2022-09-02,1,0,0.99997747
55000900029608,2022-09-03,1,0,0.99997747
55000900029608,2022-09-04,1,0,0.99997747
55000900029608,2022-09-05,1,0,0.99997747
55000900029608,2022-09-06,1,0,0.99997747
55000900029608,2022-09-07,1,0,0.99997747
55000900029608,2022-09-08,1,0,0.99997747
55000900029608,2022-09-09,1,0,0.99997747
55000900029608,2022-09-10,1,0,0.99997747
55000900029608,2022-09-11,1,0,0.99997747
55000900029608,2022-09-12,1,0,0.99997747
55000900029608,2022-09-13,1,0,0.99997747
55000900029608,2022-09-14,1,0,0.99997747
55000900029608,2022-09-15,1,0,0.99997747
55000900029608,2022-09-16,1,0,0.99997747
55000900029608,2022-09-17,1,0,0.99997747
55000900029608,2022-09-18,1,0,0.99997747
55000900029608,2022-09-19,1,0,0.99997747
55000900029608,2022-09-20,1,0,0.99997747
55000900029608,2022-09-21,1,0,0.99997747
55000900029608,2022-09-22,1,0,0.99997747
55000900029608,2022-09-23,1,0,0.99997747
55000900029608,2022-09-24,1,0,0.99997747
55000900029608,2022-09-25,1,0,0.99997747
55000900029608,2022-09-26,1,0,0.99997747
55000900029608,2022-09-27,1,0,0.99997747
55000900029608,2022-09-28,1,0,0.99997747
55000900029608,2022-09-29,1,0,0.99997747
55000900029608,2022-09-30,1,0,0.99997747
55000900029608,2022-10-01,1,0,0.99997747
55000900029608,2022-10-02,1,0,0.99997747
55000900029608,2022-10-03,1,0,0.99997747
55000900029608,2022-10-04,1,0,0.99997747
55000900029608,2022-10-05,1,0,0.99997747
55000900029608,2022-10-06,1,0,0.99997747
55000900029608,2022-10-07,1,0,0.99997747
55000900029608,2022-10-08,1,0,0.99997747
55000900029608,2022-10-09,1,0,0.99997747
55000900029608,2022-10-10,1,0,0.99997747
55000900029608,2022-10-11,1,0,0.99997747
55000900029608,2022-10-12,1,0,0.99997747
55000900029608,2022-10-13,1,0,0.99997747
55000900029608,2022-10-14,1,0,0.99997747
55000900029608,2022-10-15,1,0,0.99997747
55000900029608,2022-10-16,1,0,0.99997747
55000900029608,2022-10-17,1,0,0.99997747
55000900029608,2022-10-18,1,0,0.99997747
55000900029608,2022-10-19,1,0,0.99997747
55000900029608,2022-10-20,1,0,0.99997747
55000900029608,2022-10-21,1,0,0.99997747
55000900029608,2022-10-22,1,0,0.99997747
55000900029608,2022-10-23,1,0,0.99997747
55000900029608,2022-10-24,1,0,0.99997747
55000900029608,2022-10-25,1,0,0.99997747
55000900029608,2022-10-26,1,0,0.99997747
55000900029608,2022-10-27,1,0,0.99997747
55000900029608,2022-10-28,1,0,0.99997747
55000900029608,2022-10-29,1,0,0.99997747
55000900029608,2022-10-30,1,0,0.99997747
55000900029608,2022-10-31,1,0,0.99997747
55000900029608,2022-11-01,1,0,0.99997747
55000900029608,2022-11-02,1,0,0.99997747
55000900029608,2022-11-03,1,0,0.99997747
55000900029608,2022-11-04,1,0,0.99997747
55000900029608,2022-11-05,1,0,0.99997747
55000900029608,2022-11-06,1,0,0.99997747
55000900029608,2022-11-07,1,0,0.99997747
55000900029608,2022-11-08,1,0,0.99997747
55000900029608,2022-11-09,1,0,0.99997747
55000900029608,2022-11-10,1,0,0.99997747
55000900029608,2022-11-11,1,0,0.99997747
55000900029608,2022-11-12,1,0,0.99997747
55000900029608,2022-11-13,1,0,0.99997747
55000900029608,2022-11-14,1,0,0.99997747
55000900029608,2022-11-15,1,0,0.99997747
55000900029608,2022-11-16,1,0,0.99997747
55000900029608,2022-11-17,1,0,0.99997747
55000900029608,2022-11-18,1,0,0.99997747
55000900029608,2022-11-19,1,0,0.99997747
55000900029608,2022-11-20,1,0,0.99997747
55000900029608,2022-11-21,1,0,0.99997747
55000900029608,2022-11-22,1,0,0.99997747
55000900029608,2022-11-23,1,0,0.99997747
55000900029608,2022-11-24,1,0,0.99997747
55000900029608,2022-11-25,1,0,0.99997747
55000900029608,2022-11-26,1,0,0.99997747
55000900029608,2022-11-27,1,0,0.99997747
55000900029608,2022-11-28,1,0,0.99997747
55000900029608,2022-11-29,1,0,0.99997747
55000900029608,2022-11-30,1,0,0.99997747
55000900029608,2022-12-01,1,0,0.99997747
55000900029608,2022-12-02,1,0,0.99997747
55000900029608,2022-12-03,1,0,0.99997747
55000900029608,2022-12-04,1,0,0.99997747
55000900029608,2022-12-05,1,0,0.99997747
55000900029608,2022-12-06,1,0,0.99997747
55000900029608,2022-12-07,1,0,0.99997747
55000900029608,2022-12-08,1,0,0.99997747
55000900029608,2022-12-09,1,0,0.99997747
55000900029608,2022-12-10,1,0,0.99997747
55000900029608,2022-12-11,1,0,0.99997747
55000900029608,2022-12-12,1,0,0.99997747
55000900029608,2022-12-13,1,0,0.99997747
55000900029608,2022-12-14,1,0,0.99997747
55000900029608,2022-12-15,1,0,0.99997747
55000900029608,2022-12-16,1,0,0.99997747
55000900029608,2022-12-17,1,0,0.99997747
55000900029608,2022-12-18,1,0,0.99997747
55000900029608,2022-12-19,1,0,0.99997747
55000900029608,2022-12-20,1,0,0.99997747
55000900029608,2022-12-21,1,0,0.99997747
55000900029608,2022-12-22,1,0,0.99997747
55000900029608,2022-12-23,1,0,0.99997747
55000900029608,2022-12-24,1,0,0.99997747
55000900029608,2022-12-25,1,0,0.99997747
55000900029608,2022-12-26,1,0,0.99997747
55000900029608,2022-12-27,1,0,0.99997747
55000900029608,2022-12-28,1,0,0.99997747
55000900029608,2022-12-29,1,0,0.99997747
55000900029608,2022-12-30,1,0,0.99997747
55000900029608,2022-12-31,1,0,0.99997747
55000900029608,2023-01-01,1,0,0.99997747
55000900029608,2023-01-02,1,0,0.99997747
55000900029608,2023-01-03,1,0,0.99997747
55000900029608,2023-01-04,1,0,0.99997747
55000900029608,2023-01-05,1,0,0.99997747
55000900029608,2023-01-06,1,0,0.99997747
55000900029608,2023-01-07,1,0,0.99997747
55000900029608,2023-01-08,1,0,0.99997747
55000900029608,2023-01-09,1,0,0.99997747
55000900029608,2023-01-10,1,0,0.99997747
55000900029608,2023-01-11,1,0,0.99997747
55000900029608,2023-01-12,1,0,0.99997747
55000900029608,2023-01-13,1,0,0.99997747
55000900029608,2023-01-14,1,0,0.99997747
55000900029608,2023-01-15,1,0,0.99997747
55000900029608,2023-01-16,1,0,0.99997747
55000900029608,2023-01-17,1,0,0.99997747
55000900029608,2023-01-18,1,0,0.99997747
55000900029608,2023-01-19,1,0,0.99997747
55000900029608,2023-01-20,1,0,0.99997747
55000900029608,2023-01-21,1,0,0.99997747
55000900029608,2023-01-22,1,0,0.99997747
55000900029608,2023-01-23,1,0,0.99997747
55000900029608,2023-01-24,1,0,0.99997747
55000900029608,2023-01-25,1,0,0.99997747
55000900029608,2023-01-26,1,0,0.99997747
55000900029608,2023-01-27,1,0,0.99997747
55000900029608,2023-01-28,1,0,0.99997747
55000900029608,2023-01-29,1,0,0.99997747
55000900029608,2023-01-30,1,0,0.99997747
55000900029608,2023-01-31,1,0,0.99997747
55000900029608,2023-02-01,1,0,0.99997747
55000900029608,2023-02-02,1,0,0.99997747
55000900029608,2023-02-03,1,0,0.99997747
55000900029608,2023-02-04,1,0,0.99997747
55000900029608,2023-02-05,1,0,0.99997747
55000900029608,2023-02-06,1,0,0.99997747
55000900029608,2023-02-07,1,0,0.99997747
55000900029608,2023-02-08,1,0,0.99997747
55000900029608,2023-02-09,1,0,0.99997747
55000900029608,2023-02-10,1,0,0.99997747
55000900029608,2023-02-11,1,0,0.99997747
55000900029608,2023-02-12,1,0,0.99997747
55000900029608,2023-02-13,1,0,0.99997747
55000900029608,2023-02-14,1,0,0.99997747
55000900029608,2023-02-15,1,0,0.99997747
55000900029608,2023-02-16,1,0,0.99997747
55000900029608,2023-02-17,1,0,0.99997747
55000900029608,2023-02-18,1,0,0.99997747
55000900029608,2023-02-19,1,0,0.99997747
55000900029608,2023-02-20,1,0,0.99997747
55000900029608,2023-02-21,1,0,0.99997747
55000900029608,2023-02-22,1,0,0.99997747
55000900029608,2023-02-23,1,0,0.99997747
55000900029608,2023-02-24,1,0,0.99997747
55000900029608,2023-02-25,1,0,0.99997747
55000900029608,2023-02-26,1,0,0.99997747
55000900029608,2023-02-27,1,0,0.99997747
55000900029608,2023-02-28,1,0,0.99997747
55000900029608,2023-03-01,1,0,0.99997747
55000900029608,2023-03-02,1,0,0.99997747
55000900029608,2023-03-03,1,0,0.99997747
55000900029608,2023-03-04,1,0,0.99997747
55000900029608,2023-03-05,1,0,0.99997747
55000900029608,2023-03-06,1,0,0.99997747
55000900029608,2023-03-07,1,0,0.99997747
55000900029608,2023-03-08,1,0,0.99997747
55000900029608,2023-03-09,1,0,0.99997747
55000900029608,2023-03-10,1,0,0.99997747
55000900029608,2023-03-11,1,0,0.99997747
55000900029608,2023-03-13,1,0,0.99997747
55000900029608,2023-03-14,1,0,0.99997747
55000900029608,2023-03-15,1,0,0.99997747
55000900029608,2023-03-16,1,0,0.99997747
55000900029608,2023-03-17,1,0,0.99997747
55000900029608,2023-03-18,1,0,0.99997747
55000900029608,2023-03-19,1,0,0.99997747
55000900029608,2023-03-20,1,0,0.99997747
55000900029608,2023-03-21,1,0,0.99997747
55000900029608,2023-03-22,1,0,0.99997747
55000900029608,2023-03-23,1,0,0.99997747
55000900029608,2023-03-24,1,0,0.99997747
55000900029608,2023-03-25,1,0,0.99997747
55000900029608,2023-03-26,1,0,0.99997747
55000900029608,2023-03-27,1,0,0.99997747
55000900029608,2023-03-28,1,0,0.99997747
55000900029608,2023-03-29,1,0,0.99997747
55000900029608,2023-03-30,1,0,0.99997747
55000900029608,2023-03-31,1,0,0.99997747
55000900029608,2023-04-01,1,0,0.99997747
55000900029608,2023-04-02,1,0,0.99997747
55000900029608,2023-04-03,1,0,0.99997747
55000900029608,2023-04-04,1,0,0.99997747
55000900029608,2023-04-05,1,0,0.99997747
55000900029608,2023-04-06,1,0,0.99997747
55000900029608,2023-04-07,1,0,0.99997747
55000900029608,2023-04-08,1,0,0.99997747
55000900029608,2023-04-09,1,0,0.99997747
55000900029608,2023-04-10,1,0,0.99997747
55000900029608,2023-04-11,1,0,0.99997747
55000900029608,2023-04-12,1,0,0.99997747
55000900029608,2023-04-13,1,0,0.99997747
55000900029608,2023-04-14,1,0,0.99997747
55000900029608,2023-04-15,1,0,0.99997747
55000900029608,2023-04-16,1,0,0.99997747
55000900029608,2023-04-17,1,0,0.99997747
55000900029608,2023-04-18,1,0,0.99997747
55000900029608,2023-04-19,1,0,0.99997747
55000900029608,2023-04-20,1,0,0.99997747
55000900030173,2020-09-29,1,8,0.9999664
55000900030173,2020-09-30,1,8,0.99995863
55000900030173,2020-10-01,1,8,0.9999584
55000900030173,2020-10-02,1,8,0.9999542
55000900030173,2020-10-03,1,8,0.99980515
55000900030173,2020-10-04,1,8,0.99827874
55000900030173,2020-10-05,1,8,0.99863845
55000900030173,2020-10-06,1,8,0.9992982
55000900030173,2020-10-07,1,8,0.99990857
55000900030173,2020-10-08,1,8,0.99985075
55000900030173,2020-10-09,1,8,0.99948597
55000900030173,2020-10-10,1,8,0.99994123
55000900030173,2020-10-11,1,8,0.9999465
55000900030173,2020-10-12,1,8,0.99995255
55000900030173,2020-10-13,1,8,0.99995935
55000900030173,2020-10-14,1,8,0.99995935
55000900030173,2020-10-15,1,8,0.9999665
55000900030173,2020-10-16,1,8,0.9999647
55000900030173,2020-10-17,1,8,0.99995434
55000900030173,2020-10-18,1,8,0.99996185
55000900030173,2020-10-19,1,8,0.9999614
55000900030173,2020-10-20,1,8,0.99995637
55000900030173,2020-10-21,1,0,0.99967
55000900030173,2020-10-22,1,0,0.9991756
55000900061097,2020-09-29,1,0,0.999979
55000900061097,2020-09-30,1,0,0.999979
55000900061097,2020-10-01,1,0,0.999982
55000900061097,2020-10-02,1,0,0.99997795
55000900061097,2020-10-03,1,0,0.9999782
55000900061097,2020-10-04,1,0,0.9999815
55000900061097,2020-10-05,1,0,0.9999825
55000900061097,2020-10-06,1,0,0.99998236
55000900061097,2020-10-07,1,0,0.9999821
55000900061097,2020-10-08,1,0,0.9999825
55000900061097,2020-10-09,1,0,0.9999821
55000900061097,2020-10-10,1,0,0.99998236
55000900061097,2020-10-11,1,0,0.99998236
55000900061097,2020-10-12,1,0,0.99998164
55000900061097,2020-10-13,1,0,0.99997973
55000900061097,2020-10-14,1,0,0.99998105
55000900061097,2020-10-15,1,0,0.99998164
55000900061097,2020-10-16,1,0,0.99998116
55000900061097,2020-10-17,1,0,0.99998116
55000900061097,2020-10-18,1,0,0.99998164
55000900061097,2020-10-19,1,0,0.9999821
55000900061097,2020-10-20,1,0,0.9999813
55000900061097,2020-10-21,1,0,0.9999808
55000900061097,2020-10-22,1,0,0.9999815
55000900061097,2020-10-23,1,0,0.99998164
55000900061097,2020-10-24,1,0,0.99998033
55000900061097,2020-10-25,1,0,0.99998164
55000900061097,2020-10-26,1,0,0.99998105
55000900061097,2020-10-27,1,0,0.9999789
55000900061097,2020-10-28,1,0,0.99998033
55000900061097,2020-10-29,1,0,0.99997556
55000900061097,2020-10-30,1,0,0.99998236
55000900061097,2020-10-31,1,0,0.9999821
55000900061097,2020-11-01,1,0,0.99998283
55000900061097,2020-11-02,1,0,0.9999808
55000900061097,2020-11-03,1,0,0.99998224
55000900061097,2020-11-04,1,0,0.99998224
55000900061097,2020-11-05,1,0,0.99998224
55000900061097,2020-11-06,1,0,0.9999827
55000900061097,2020-11-07,1,0,0.9999819
55000900061097,2020-11-08,1,0,0.9999802
55000900061097,2020-11-09,1,0,0.9999808
55000900061097,2020-11-10,1,0,0.99998105
55000900061097,2020-11-11,1,0,0.99998045
55000900061097,2020-11-12,1,0,0.99998045
55000900061097,2020-11-13,1,0,0.9999807
55000900061097,2020-11-14,1,0,0.99998057
55000900061097,2020-11-15,1,0,0.999979
55000900061097,2020-11-16,1,0,0.9999788
55000900061097,2020-11-17,1,0,0.9999796
55000900061097,2020-11-18,1,0,0.99998116
55000900061097,2020-11-19,1,0,0.99998176
55000900061097,2020-11-20,1,0,0.9999814
55000900061097,2020-11-21,1,0,0.99998105
55000900061097,2020-11-22,1,0,0.9999814
55000900061097,2020-11-23,1,0,0.9999819
55000900061097,2020-11-24,1,0,0.9999814
55000900061097,2020-11-25,1,0,0.9999815
55000900061097,2020-11-26,1,0,0.9999814
55000900061097,2020-11-27,1,0,0.9999813
55000900061097,2020-11-28,1,0,0.99998176
55000900061097,2020-11-29,1,0,0.9999813
55000900061097,2020-11-30,1,0,0.9999808
55000900061097,2020-12-01,1,0,0.99998224
55000900061097,2020-12-02,1,0,0.99998224
55000900061097,2020-12-03,1,0,0.99998224
55000900061097,2020-12-04,1,0,0.9999821
55000900061097,2020-12-05,1,0,0.99998164
55000900061097,2020-12-06,1,0,0.99998116
55000900061097,2020-12-07,1,0,0.99998224
55000900061097,2020-12-08,1,0,0.99998164
55000900061097,2020-12-09,1,0,0.99997926
55000900061097,2020-12-10,1,0,0.999982
55000900061097,2020-12-11,1,0,0.9999821
55000900061097,2020-12-12,1,0,0.99998057
55000900061097,2020-12-13,1,0,0.99998116
55000900061097,2020-12-14,1,0,0.9999808
55000900061097,2020-12-15,1,0,0.99998
55000900061097,2020-12-16,1,0,0.99998057
55000900061097,2020-12-17,1,0,0.99997926
55000900061097,2020-12-18,1,0,0.9999808
55000900061097,2020-12-19,1,0,0.9999794
55000900061097,2020-12-20,1,0,0.9999807
55000900061097,2020-12-21,1,0,0.99997103
55000900061097,2020-12-22,1,0,0.99996424
55000900061097,2020-12-23,1,0,0.999974
55000900061097,2020-12-24,1,0,0.99998224
55000900061097,2020-12-25,1,0,0.999982
55000900061097,2020-12-26,1,0,0.99998236
55000900061097,2020-12-27,1,0,0.99998236
55000900061097,2020-12-28,1,0,0.9999825
55000900061097,2020-12-29,1,0,0.99998236
55000900061097,2020-12-30,1,0,0.99998283
55000900061097,2020-12-31,1,0,0.9999827
55000900061097,2021-01-01,1,0,0.9999825
55000900061097,2021-01-02,1,0,0.99998283
55000900061097,2021-01-03,1,0,0.9999831
55000900061097,2021-01-04,1,0,0.9999826
55000900061097,2021-01-05,1,0,0.99998236
55000900061097,2021-01-06,1,0,0.9999826
55000900061097,2021-01-07,1,0,0.99998236
55000900061097,2021-01-08,1,0,0.9999821
55000900061097,2021-01-09,1,0,0.99998164
55000900061097,2021-01-10,1,0,0.9999801
55000900061097,2021-01-11,1,0,0.99997973
55000900061097,2021-01-12,1,0,0.999979
55000900061097,2021-01-13,1,0,0.99997926
55000900061097,2021-01-14,1,0,0.99997866
55000900061097,2021-01-15,1,0,0.9999788
55000900061097,2021-01-16,1,0,0.9999778
55000900061097,2021-01-17,1,0,0.99997675
55000900061097,2021-01-18,1,0,0.99997544
55000900061097,2021-01-19,1,0,0.99997723
55000900061097,2021-01-20,1,0,0.999977
55000900061097,2021-01-21,1,0,0.99997616
55000900061097,2021-01-22,1,0,0.999977
55000900061097,2021-01-23,1,0,0.9999769
55000900061097,2021-01-24,1,0,0.999977
55000900061097,2021-01-25,1,0,0.99997723
55000900061097,2021-01-26,1,0,0.99997354
55000900061097,2021-01-27,1,0,0.999974
55000900061097,2021-01-28,1,0,0.99997425
55000900061097,2021-01-29,1,0,0.999974
55000900061097,2021-01-30,1,0,0.99997115
55000900061097,2021-01-31,1,0,0.9999677
55000900061097,2021-02-01,1,0,0.9999685
55000900061097,2021-02-02,1,0,0.9999685
55000900061097,2021-02-03,1,0,0.9999685
55000900061097,2021-02-04,1,0,0.9999685
55000900061097,2021-02-05,1,0,0.9999685
55000900061097,2021-02-06,1,0,0.9999685
55000900061097,2021-02-07,1,0,0.9999685
55000900061097,2021-02-08,1,0,0.9999685
55000900061097,2021-02-09,1,0,0.9999685
55000900061097,2021-02-10,1,0,0.9999685
55000900061097,2021-02-11,1,0,0.9999685
55000900061097,2021-02-12,1,0,0.9999685
55000900061097,2021-02-13,1,0,0.9999685
55000900061097,2021-02-14,1,0,0.9999685
55000900061097,2021-02-15,1,0,0.9999685
55000900061097,2021-02-16,1,0,0.9999685
55000900061097,2021-02-17,1,0,0.9999685
55000900061097,2021-02-18,1,0,0.9999685
55000900061097,2021-02-19,1,0,0.9999685
55000900061097,2021-02-20,1,0,0.9999685
55000900061097,2021-02-21,1,0,0.9999685
55000900061097,2021-02-22,1,0,0.9999685
55000900061097,2021-02-23,1,0,0.9999685
55000900061097,2021-02-24,1,0,0.9999685
55000900061097,2021-02-25,1,0,0.9999685
55000900061097,2021-02-26,1,0,0.9999685
55000900061097,2021-02-27,1,0,0.9999685
55000900061097,2021-02-28,1,0,0.9999685
55000900061097,2021-03-01,1,0,0.9999685
55000900061097,2021-03-02,1,0,0.9999685
55000900061097,2021-03-03,1,0,0.9999685
55000900061097,2021-03-04,1,0,0.9999685
55000900061097,2021-03-05,1,0,0.9999685
55000900061097,2021-03-06,1,0,0.9999685
55000900061097,2021-03-07,1,0,0.9999685
55000900061097,2021-03-08,1,0,0.9999685
55000900061097,2021-03-09,1,0,0.9999685
55000900061097,2021-03-10,1,0,0.9999685
55000900061097,2021-03-11,1,0,0.9999685
55000900061097,2021-03-12,1,0,0.9999685
55000900061097,2021-03-13,1,0,0.9999685
55000900061097,2021-03-14,1,0,0.9999685
55000900061097,2021-03-15,1,0,0.9999685
55000900061097,2021-03-16,1,0,0.9999685
55000900061097,2021-03-17,1,0,0.9999685
55000900061097,2021-03-18,1,0,0.9999685
55000900061097,2021-03-19,1,0,0.9999685
55000900061097,2021-03-20,1,0,0.9999685
55000900061097,2021-03-21,1,0,0.9999685
55000900061097,2021-03-22,1,0,0.9999685
55000900061097,2021-03-23,1,0,0.9999685
55000900061097,2021-03-24,1,0,0.9999685
55000900061097,2021-03-25,1,0,0.9999685
55000900061097,2021-03-26,1,0,0.9999685
55000900061097,2021-03-27,1,0,0.9999685
55000900061097,2021-03-28,1,0,0.9999685
55000900061097,2021-03-29,1,0,0.9999685
55000900061097,2021-03-30,1,0,0.9999685
55000900061097,2021-03-31,1,0,0.9999685
55000900061097,2021-04-01,1,0,0.9999685
55000900061097,2021-04-02,1,0,0.9999685
55000900061097,2021-04-03,1,0,0.9999685
55000900061097,2021-04-04,1,0,0.9999685
55000900061097,2021-04-05,1,0,0.9999685
55000900061097,2021-04-06,1,0,0.9999685
55000900061097,2021-04-07,1,0,0.9999685
55000900061097,2021-04-08,1,0,0.9999685
55000900061097,2021-04-09,1,0,0.9999685
55000900061097,2021-04-10,1,0,0.9999685
55000900061097,2021-04-11,1,0,0.9999685
55000900061097,2021-04-12,1,0,0.9999685
55000900061097,2021-04-13,1,0,0.9999685
55000900061097,2021-04-14,1,0,0.9999685
55000900061097,2021-04-15,1,0,0.9999685
55000900061097,2021-04-16,1,0,0.9999685
55000900061097,2021-04-17,1,0,0.9999685
55000900061097,2021-04-18,1,0,0.9999685
55000900061097,2021-04-19,1,0,0.9999685
55000900061097,2021-04-20,1,0,0.9999685
55000900061097,2021-04-21,1,0,0.9999685
55000900061097,2021-04-22,1,0,0.9999685
55000900061097,2021-04-23,1,0,0.9999685
55000900061097,2021-04-24,1,0,0.9999685
55000900061097,2021-04-25,1,0,0.9999685
55000900061097,2021-04-26,1,0,0.9999685
55000900061097,2021-04-27,1,0,0.9999685
55000900061097,2021-04-28,1,0,0.9999685
55000900061097,2021-04-29,1,0,0.9999685
55000900061097,2021-04-30,1,0,0.9999685
55000900061097,2021-05-01,1,0,0.9999685
55000900061097,2021-05-02,1,0,0.9999685
55000900061097,2021-05-03,1,0,0.9999685
55000900061097,2021-05-04,1,0,0.9999685
55000900061097,2021-05-05,1,0,0.9999685
55000900061097,2021-05-06,1,0,0.9999685
55000900061097,2021-05-07,1,0,0.9999685
55000900061097,2021-05-08,1,0,0.9999685
55000900061097,2021-05-09,1,0,0.9999685
55000900061097,2021-05-10,1,0,0.9999685
55000900061097,2021-05-11,1,0,0.9999685
55000900061097,2021-05-12,1,0,0.9999685
55000900061097,2021-05-13,1,0,0.9999685
55000900061097,2021-05-14,1,0,0.9999685
55000900061097,2021-05-15,1,0,0.9999685
55000900061097,2021-05-16,1,0,0.9999685
55000900061097,2021-05-17,1,0,0.9999685
55000900061097,2021-05-18,1,0,0.9999685
55000900061097,2021-05-19,1,0,0.9999685
55000900061097,2021-05-20,1,0,0.9999685
55000900061097,2021-05-21,1,0,0.9999685
55000900061097,2021-05-22,1,0,0.9999685
55000900061097,2021-05-23,1,0,0.9999685
55000900061097,2021-05-24,1,0,0.9999685
55000900061097,2021-05-25,1,0,0.9999685
55000900061097,2021-05-26,1,0,0.9999685
55000900061097,2021-05-27,1,0,0.9999685
55000900061097,2021-05-28,1,0,0.9999685
55000900061097,2021-05-29,1,0,0.9999685
55000900061097,2021-05-30,1,0,0.9999685
55000900061097,2021-05-31,1,0,0.9999685
55000900061097,2021-06-01,1,0,0.9999685
55000900061097,2021-06-02,1,0,0.9999685
55000900061097,2021-06-03,1,0,0.9999685
55000900061097,2021-06-04,1,0,0.9999685
55000900061097,2021-06-05,1,0,0.9999685
55000900061097,2021-06-06,1,0,0.9999685
55000900061097,2021-06-07,1,0,0.9999685
55000900061097,2021-06-08,1,0,0.9999685
55000900061097,2021-06-09,1,0,0.9999685
55000900061097,2021-06-10,1,0,0.9999685
55000900061097,2021-06-11,1,0,0.9999685
55000900061097,2021-06-12,1,0,0.9999685
55000900061097,2021-06-13,1,0,0.9999685
55000900061097,2021-06-14,1,0,0.9999685
55000900061097,2021-06-15,1,0,0.9999685
55000900061097,2021-06-16,1,0,0.9999685
55000900061097,2021-06-17,1,0,0.9999685
55000900061097,2021-06-18,1,0,0.9999685
55000900061097,2021-06-19,1,0,0.9999685
55000900061097,2021-06-20,1,0,0.9999685
55000900061097,2021-06-21,1,0,0.9999685
55000900061097,2021-06-22,1,0,0.9999685
55000900061097,2021-06-23,1,0,0.9999685
55000900061097,2021-06-24,1,0,0.9999685
55000900061097,2021-06-25,1,0,0.9999685
55000900061097,2021-06-26,1,0,0.9999685
55000900061097,2021-06-27,1,0,0.9999685
55000900061097,2021-06-28,1,0,0.9999685
55000900061097,2021-06-29,1,0,0.9999685
55000900061097,2021-06-30,1,0,0.9999685
55000900061097,2021-07-01,1,0,0.9999685
55000900061097,2021-07-02,1,0,0.9999685
55000900061097,2021-07-03,1,0,0.9999685
55000900061097,2021-07-04,1,0,0.9999685
55000900061097,2021-07-05,1,0,0.9999685
55000900061097,2021-07-06,1,0,0.9999685
55000900061097,2021-07-07,1,0,0.9999685
55000900061097,2021-07-08,1,0,0.9999685
55000900061097,2021-07-09,1,0,0.9999685
55000900061097,2021-07-10,1,0,0.9999685
55000900061097,2021-07-11,1,0,0.9999685
55000900061097,2021-07-12,1,0,0.9999685
55000900061097,2021-07-13,1,0,0.9999685
55000900061097,2021-07-14,1,0,0.9999685
55000900061097,2021-07-15,1,0,0.9999685
55000900061097,2021-07-16,1,0,0.9999685
55000900061097,2021-07-17,1,0,0.9999685
55000900061097,2021-07-18,1,0,0.9999685
55000900061097,2021-07-19,1,0,0.9999685
55000900061097,2021-07-20,1,0,0.9999685
55000900061097,2021-07-21,1,0,0.9999685
55000900061097,2021-07-22,1,0,0.9999685
55000900061097,2021-07-23,1,0,0.9999685
55000900061097,2021-07-24,1,0,0.9999685
55000900061097,2021-07-25,1,0,0.9999685
55000900061097,2021-07-26,1,0,0.9999685
55000900061097,2021-07-27,1,0,0.9999685
55000900061097,2021-07-28,1,0,0.9999685
55000900061097,2021-07-29,1,0,0.9999685
55000900061097,2021-07-30,1,0,0.9999685
55000900061097,2021-07-31,1,0,0.9999685
55000900061097,2021-08-01,1,0,0.9999685
55000900061097,2021-08-02,1,0,0.9999685
55000900061097,2021-08-03,1,0,0.9999685
55000900061097,2021-08-04,1,0,0.9999685
55000900061097,2021-08-05,1,0,0.9999685
55000900061097,2021-08-06,1,0,0.9999685
55000900061097,2021-08-07,1,0,0.9999685
55000900061097,2021-08-08,1,0,0.9999685
55000900061097,2021-08-09,1,0,0.9999685
55000900061097,2021-08-10,1,0,0.9999685
55000900061097,2021-08-11,1,0,0.9999685
55000900061097,2021-08-12,1,0,0.9999685
55000900061097,2021-08-13,1,0,0.9999685
55000900061097,2021-08-14,1,0,0.9999685
55000900061097,2021-08-15,1,0,0.9999685
55000900061097,2021-08-16,1,0,0.9999685
55000900061097,2021-08-17,1,0,0.9999685
55000900061097,2021-08-18,1,0,0.9999685
55000900061097,2021-08-19,1,0,0.9999685
55000900061097,2021-08-20,1,0,0.9999685
55000900061097,2021-08-21,1,0,0.9999685
55000900061097,2021-08-22,1,0,0.9999685
55000900061097,2021-08-23,1,0,0.9999685
55000900061097,2021-08-24,1,0,0.9999685
55000900061097,2021-08-25,1,0,0.9999685
55000900061097,2021-08-26,1,0,0.9999685
55000900061097,2021-08-27,1,0,0.9999685
55000900061097,2021-08-28,1,0,0.9999685
55000900061097,2021-08-29,1,0,0.9999685
55000900061097,2021-08-30,1,0,0.9999685
55000900061097,2021-08-31,1,0,0.9999685
55000900061097,2021-09-01,1,0,0.9999685
55000900061097,2021-09-02,1,0,0.9999685
55000900061097,2021-09-03,1,0,0.9999685
55000900061097,2021-09-04,1,0,0.9999685
55000900061097,2021-09-05,1,0,0.9999685
55000900061097,2021-09-06,1,0,0.9999685
55000900061097,2021-09-07,1,0,0.9999685
55000900061097,2021-09-08,1,0,0.9999685
55000900061097,2021-09-09,1,0,0.9999685
55000900061097,2021-09-10,1,0,0.9999685
55000900061097,2021-09-11,1,0,0.9999685
55000900061097,2021-09-12,1,0,0.9999685
55000900061097,2021-09-13,1,0,0.9999685
55000900061097,2021-09-14,1,0,0.9999685
55000900061097,2021-09-15,1,0,0.9999685
55000900061097,2021-09-16,1,0,0.9999685
55000900061097,2021-09-17,1,0,0.9999685
55000900061097,2021-09-18,1,0,0.9999685
55000900061097,2021-09-19,1,0,0.9999685
55000900061097,2021-09-20,1,0,0.9999685
55000900061097,2021-09-21,1,0,0.9999685
55000900061097,2021-09-22,1,0,0.9999685
55000900061097,2021-09-23,1,0,0.9999685
55000900061097,2021-09-24,1,0,0.9999685
55000900061097,2021-09-25,1,0,0.9999685
55000900061097,2021-09-26,1,0,0.9999685
55000900061097,2021-09-27,1,0,0.9999685
55000900061097,2021-09-28,1,0,0.9999685
55000900061097,2021-09-29,1,0,0.9999685
55000900061097,2021-09-30,1,0,0.9999685
55000900061097,2021-10-01,1,0,0.9999685
55000900061097,2021-10-02,1,0,0.9999685
55000900061097,2021-10-03,1,0,0.9999685
55000900061097,2021-10-04,1,0,0.9999685
55000900061097,2021-10-05,1,0,0.9999685
55000900061097,2021-10-06,1,0,0.9999685
55000900061097,2021-10-07,1,0,0.9999685
55000900061097,2021-10-08,1,0,0.9999685
55000900061097,2021-10-09,1,0,0.9999685
55000900061097,2021-10-10,1,0,0.9999685
55000900061097,2021-10-11,1,0,0.9999685
55000900061097,2021-10-12,1,0,0.9999685
55000900061097,2021-10-13,1,0,0.9999685
55000900061097,2021-10-14,1,0,0.9999685
55000900061097,2021-10-15,1,0,0.9999685
55000900061097,2021-10-16,1,0,0.9999685
55000900061097,2021-10-17,1,0,0.9999685
55000900061097,2021-10-18,1,0,0.9999685
55000900061097,2021-10-19,1,0,0.9999685
55000900061097,2021-10-20,1,0,0.9999685
55000900061097,2021-10-21,1,0,0.9999685
55000900061097,2021-10-22,1,0,0.9999685
55000900061097,2021-10-23,1,0,0.9999685
55000900061097,2021-10-24,1,0,0.9999685
55000900061097,2021-10-25,1,0,0.9999685
55000900061097,2021-10-26,1,0,0.9999685
55000900061097,2021-10-27,1,0,0.9999685
55000900061097,2021-10-28,1,0,0.9999685
55000900061097,2021-10-29,1,0,0.9999685
55000900061097,2021-10-30,1,0,0.9999685
55000900061097,2021-10-31,1,0,0.9999685
55000900061097,2021-11-01,1,0,0.9999685
55000900061097,2021-11-02,1,0,0.9999685
55000900061097,2021-11-03,1,0,0.9999685
55000900061097,2021-11-04,1,0,0.9999685
55000900061097,2021-11-05,1,0,0.9999685
55000900061097,2021-11-06,1,0,0.9999685
55000900061097,2021-11-07,1,0,0.9999685
55000900061097,2021-11-08,1,0,0.9999685
55000900061097,2021-11-09,1,0,0.9999685
55000900061097,2021-11-10,1,0,0.9999685
55000900061097,2021-11-11,1,0,0.9999685
55000900061097,2021-11-12,1,0,0.9999685
55000900061097,2021-11-13,1,0,0.9999685
55000900061097,2021-11-14,1,0,0.9999685
55000900061097,2021-11-15,1,0,0.9999685
55000900061097,2021-11-16,1,0,0.9999685
55000900061097,2021-11-17,1,0,0.9999685
55000900061097,2021-11-18,1,0,0.9999685
55000900061097,2021-11-19,1,0,0.9999685
55000900061097,2021-11-20,1,0,0.9999685
55000900061097,2021-11-21,1,0,0.9999685
55000900061097,2021-11-22,1,0,0.9999685
55000900061097,2021-11-23,1,0,0.9999685
55000900061097,2021-11-24,1,0,0.9999685
55000900061097,2021-11-25,1,0,0.9999685
55000900061097,2021-11-26,1,0,0.9999685
55000900061097,2021-11-27,1,0,0.9999685
55000900061097,2021-11-28,1,0,0.9999685
55000900061097,2021-11-29,1,0,0.9999685
55000900061097,2021-11-30,1,0,0.9999685
55000900061097,2021-12-01,1,0,0.9999685
55000900061097,2021-12-02,1,0,0.9999685
55000900061097,2021-12-03,1,0,0.9999685
55000900061097,2021-12-04,1,0,0.9999685
55000900061097,2021-12-05,1,0,0.9999685
55000900061097,2021-12-06,1,0,0.9999685
55000900061097,2021-12-07,1,0,0.9999685
55000900061097,2021-12-08,1,0,0.9999685
55000900061097,2021-12-09,1,0,0.9999685
55000900061097,2021-12-10,1,0,0.9999685
55000900061097,2021-12-11,1,0,0.9999685
55000900061097,2021-12-12,1,0,0.9999685
55000900061097,2021-12-13,1,0,0.9999685
55000900061097,2021-12-14,1,0,0.9999685
55000900061097,2021-12-15,1,0,0.9999685
55000900061097,2021-12-16,1,0,0.9999685
55000900061097,2021-12-17,1,0,0.9999685
55000900061097,2021-12-18,1,0,0.9999685
55000900061097,2021-12-19,1,0,0.9999685
55000900061097,2021-12-20,1,0,0.9999685
55000900061097,2021-12-21,1,0,0.9999685
55000900061097,2021-12-22,1,0,0.9999685
55000900061097,2021-12-23,1,0,0.9999685
55000900061097,2021-12-24,1,0,0.9999685
55000900061097,2021-12-25,1,0,0.9999685
55000900061097,2021-12-26,1,0,0.9999685
55000900061097,2021-12-27,1,0,0.9999685
55000900061097,2021-12-28,1,0,0.9999685
55000900061097,2021-12-29,1,0,0.9999685
55000900061097,2021-12-30,1,0,0.9999685
55000900061097,2021-12-31,1,0,0.9999685
55000900061097,2022-01-01,1,0,0.9999685
55000900061097,2022-01-02,1,0,0.9999685
55000900061097,2022-01-03,1,0,0.9999685
55000900061097,2022-01-04,1,0,0.9999685
55000900061097,2022-01-05,1,0,0.9999685
55000900061097,2022-01-06,1,0,0.9999685
55000900061097,2022-01-07,1,0,0.9999685
55000900061097,2022-01-08,1,0,0.9999685
55000900061097,2022-01-09,1,0,0.9999685
55000900061097,2022-01-10,1,0,0.9999685
55000900061097,2022-01-11,1,0,0.9999685
55000900061097,2022-01-12,1,0,0.9999685
55000900061097,2022-01-13,1,0,0.9999685
55000900061097,2022-01-14,1,0,0.9999685
55000900061097,2022-01-15,1,0,0.9999685
55000900061097,2022-01-16,1,0,0.9999685
55000900061097,2022-01-17,1,0,0.9999685
55000900061097,2022-01-18,1,0,0.9999685
55000900061097,2022-01-19,1,0,0.9999685
55000900061097,2022-01-20,1,0,0.9999685
55000900061097,2022-01-21,1,0,0.9999685
55000900061097,2022-01-22,1,0,0.9999685
55000900061097,2022-01-23,1,0,0.9999685
55000900061097,2022-01-24,1,0,0.9999685
55000900061097,2022-01-25,1,0,0.9999685
55000900061097,2022-01-26,1,0,0.9999685
55000900061097,2022-01-27,1,0,0.9999685
55000900061097,2022-01-28,1,0,0.9999685
55000900061097,2022-01-29,1,0,0.9999685
55000900061097,2022-01-30,1,0,0.9999685
55000900061097,2022-01-31,1,0,0.9999685
55000900061097,2022-02-01,1,0,0.9999685
55000900061097,2022-02-02,1,0,0.9999685
55000900061097,2022-02-03,1,0,0.9999685
55000900061097,2022-02-04,1,0,0.9999685
55000900061097,2022-02-05,1,0,0.9999685
55000900061097,2022-02-06,1,0,0.9999685
55000900061097,2022-02-07,1,0,0.9999685
55000900061097,2022-02-08,1,0,0.9999685
55000900061097,2022-02-09,1,0,0.9999685
55000900061097,2022-02-10,1,0,0.9999685
55000900061097,2022-02-11,1,0,0.9999685
55000900061097,2022-02-12,1,0,0.9999685
55000900061097,2022-02-13,1,0,0.9999685
55000900061097,2022-02-14,1,0,0.9999685
55000900061097,2022-02-15,1,0,0.9999685
55000900061097,2022-02-16,1,0,0.9999685
55000900061097,2022-02-17,1,0,0.9999685
55000900061097,2022-02-18,1,0,0.9999685
55000900061097,2022-02-19,1,0,0.9999685
55000900061097,2022-02-20,1,0,0.9999685
55000900061097,2022-02-21,1,0,0.9999685
55000900061097,2022-02-22,1,0,0.9999685
55000900061097,2022-02-23,1,0,0.9999685
55000900061097,2022-02-24,1,0,0.9999685
55000900061097,2022-02-25,1,0,0.9999685
55000900061097,2022-02-26,1,0,0.9999685
55000900061097,2022-02-27,1,0,0.9999685
55000900061097,2022-02-28,1,0,0.9999685
55000900061097,2022-03-01,1,0,0.9999685
55000900061097,2022-03-02,1,0,0.9999685
55000900061097,2022-03-03,1,0,0.9999685
55000900061097,2022-03-04,1,0,0.9999685
55000900061097,2022-03-05,1,0,0.9999685
55000900061097,2022-03-06,1,0,0.9999685
55000900061097,2022-03-07,1,0,0.9999685
55000900061097,2022-03-08,1,0,0.9999685
55000900061097,2022-03-09,1,0,0.9999685
55000900061097,2022-03-10,1,0,0.9999685
55000900061097,2022-03-11,1,0,0.9999685
55000900061097,2022-03-12,1,0,0.9999685
55000900061097,2022-03-13,1,0,0.9999685
55000900061097,2022-03-14,1,0,0.9999685
55000900061097,2022-03-15,1,0,0.9999685
55000900061097,2022-03-16,1,0,0.9999685
55000900061097,2022-03-17,1,0,0.9999685
55000900061097,2022-03-18,1,0,0.9999685
55000900061097,2022-03-19,1,0,0.9999685
55000900061097,2022-03-20,1,0,0.9999685
55000900061097,2022-03-21,1,0,0.9999685
55000900061097,2022-03-22,1,0,0.9999685
55000900061097,2022-03-23,1,0,0.9999685
55000900061097,2022-03-24,1,0,0.9999685
55000900061097,2022-03-25,1,0,0.9999685
55000900061097,2022-03-26,1,0,0.9999685
55000900061097,2022-03-27,1,0,0.9999685
55000900061097,2022-03-28,1,0,0.9999685
55000900061097,2022-03-29,1,0,0.9999685
55000900061097,2022-03-30,1,0,0.9999685
55000900061097,2022-03-31,1,0,0.9999685
55000900061097,2022-04-01,1,0,0.9999685
55000900061097,2022-04-02,1,0,0.9999685
55000900061097,2022-04-03,1,0,0.9999685
55000900061097,2022-04-04,1,0,0.9999685
55000900061097,2022-04-05,1,0,0.9999685
55000900061097,2022-04-06,1,0,0.9999685
55000900061097,2022-04-07,1,0,0.9999685
55000900061097,2022-04-08,1,0,0.9999685
55000900061097,2022-04-09,1,0,0.9999685
55000900061097,2022-04-10,1,0,0.9999685
55000900061097,2022-04-11,1,0,0.9999685
55000900061097,2022-04-12,1,0,0.9999685
55000900061097,2022-04-13,1,0,0.9999685
55000900061097,2022-04-14,1,0,0.9999685
55000900061097,2022-04-15,1,0,0.9999685
55000900061097,2022-04-16,1,0,0.9999685
55000900061097,2022-04-17,1,0,0.9999685
55000900061097,2022-04-18,1,0,0.9999685
55000900061097,2022-04-19,1,0,0.9999685
55000900061097,2022-04-20,1,0,0.9999685
55000900061097,2022-04-21,1,0,0.9999685
55000900061097,2022-04-22,1,0,0.9999685
55000900061097,2022-04-23,1,0,0.9999685
55000900061097,2022-04-24,1,0,0.9999685
55000900061097,2022-04-25,1,0,0.9999685
55000900061097,2022-04-26,1,0,0.9999685
55000900061097,2022-04-27,1,0,0.9999685
55000900061097,2022-04-28,1,0,0.9999685
55000900061097,2022-04-29,1,0,0.9999685
55000900061097,2022-04-30,1,0,0.9999685
55000900061097,2022-05-01,1,0,0.9999685
55000900061097,2022-05-02,1,0,0.9999685
55000900061097,2022-05-03,1,0,0.9999685
55000900061097,2022-05-04,1,0,0.9999685
55000900061097,2022-05-05,1,0,0.9999685
55000900061097,2022-05-06,1,0,0.9999685
55000900061097,2022-05-07,1,0,0.9999685
55000900061097,2022-05-08,1,0,0.9999685
55000900061097,2022-05-09,1,0,0.9999685
55000900061097,2022-05-10,1,0,0.9999685
55000900061097,2022-05-11,1,0,0.9999685
55000900061097,2022-05-12,1,0,0.9999685
55000900061097,2022-05-13,1,0,0.9999685
55000900061097,2022-05-14,1,0,0.9999685
55000900061097,2022-05-15,1,0,0.9999685
55000900061097,2022-05-16,1,0,0.9999685
55000900061097,2022-05-17,1,0,0.9999685
55000900061097,2022-05-18,1,0,0.9999685
55000900061097,2022-05-19,1,0,0.9999685
55000900061097,2022-05-20,1,0,0.9999685
55000900061097,2022-05-21,1,0,0.9999685
55000900061097,2022-05-22,1,0,0.9999685
55000900061097,2022-05-23,1,0,0.9999685
55000900061097,2022-05-24,1,0,0.9999685
55000900061097,2022-05-25,1,0,0.9999685
55000900061097,2022-05-26,1,0,0.9999685
55000900061097,2022-05-27,1,0,0.9999685
55000900061097,2022-05-28,1,0,0.9999685
55000900061097,2022-05-29,1,0,0.9999685
55000900061097,2022-05-30,1,0,0.9999685
55000900061097,2022-05-31,1,0,0.9999685
55000900061097,2022-06-01,1,0,0.9999685
55000900061097,2022-06-02,1,0,0.9999685
55000900061097,2022-06-03,1,0,0.9999685
55000900061097,2022-06-04,1,0,0.9999685
55000900061097,2022-06-05,1,0,0.9999685
55000900061097,2022-06-06,1,0,0.9999685
55000900061097,2022-06-07,1,0,0.9999685
55000900061097,2022-06-08,1,0,0.9999685
55000900061097,2022-06-09,1,0,0.9999685
55000900061097,2022-06-10,1,0,0.9999685
55000900061097,2022-06-11,1,0,0.9999685
55000900061097,2022-06-12,1,0,0.9999685
55000900061097,2022-06-13,1,0,0.9999685
55000900061097,2022-06-14,1,0,0.9999685
55000900061097,2022-06-15,1,0,0.9999685
55000900061097,2022-06-16,1,0,0.9999685
55000900061097,2022-06-17,1,0,0.9999685
55000900061097,2022-06-18,1,0,0.9999685
55000900061097,2022-06-19,1,0,0.9999685
55000900061097,2022-06-20,1,0,0.9999685
55000900061097,2022-06-21,1,0,0.9999685
55000900061097,2022-06-22,1,0,0.9999685
55000900061097,2022-06-23,1,0,0.9999685
55000900061097,2022-06-24,1,0,0.9999685
55000900061097,2022-06-25,1,0,0.9999685
55000900061097,2022-06-26,1,0,0.9999685
55000900061097,2022-06-27,1,0,0.9999685
55000900061097,2022-06-28,1,0,0.9999685
55000900061097,2022-06-29,1,0,0.9999685
55000900061097,2022-06-30,1,0,0.9999685
55000900061097,2022-07-01,1,0,0.9999685
55000900061097,2022-07-02,1,0,0.9999685
55000900061097,2022-07-03,1,0,0.9999685
55000900061097,2022-07-04,1,0,0.9999685
55000900061097,2022-07-05,1,0,0.9999685
55000900061097,2022-07-06,1,0,0.9999685
55000900061097,2022-07-07,1,0,0.9999685
55000900061097,2022-07-08,1,0,0.9999685
55000900061097,2022-07-09,1,0,0.9999685
55000900061097,2022-07-10,1,0,0.9999685
55000900061097,2022-07-11,1,0,0.9999685
55000900061097,2022-07-12,1,0,0.9999685
55000900061097,2022-07-13,1,0,0.9999685
55000900061097,2022-07-14,1,0,0.9999685
55000900061097,2022-07-15,1,0,0.9999685
55000900061097,2022-07-16,1,0,0.9999685
55000900061097,2022-07-17,1,0,0.9999685
55000900061097,2022-07-18,1,0,0.9999685
55000900061097,2022-07-19,1,0,0.9999685
55000900061097,2022-07-20,1,0,0.9999685
55000900061097,2022-07-21,1,0,0.9999685
55000900061097,2022-07-22,1,0,0.9999685
55000900061097,2022-07-23,1,0,0.9999685
55000900061097,2022-07-24,1,0,0.9999685
55000900061097,2022-07-25,1,0,0.9999685
55000900061097,2022-07-26,1,0,0.9999685
55000900061097,2022-07-27,1,0,0.9999685
55000900061097,2022-07-28,1,0,0.9999685
55000900061097,2022-07-29,1,0,0.9999685
55000900061097,2022-07-30,1,0,0.9999685
55000900061097,2022-07-31,1,0,0.9999685
55000900061097,2022-08-01,1,0,0.9999685
55000900061097,2022-08-02,1,0,0.9999685
55000900061097,2022-08-03,1,0,0.9999685
55000900061097,2022-08-04,1,0,0.9999685
55000900061097,2022-08-05,1,0,0.9999685
55000900061097,2022-08-06,1,0,0.9999685
55000900061097,2022-08-07,1,0,0.9999685
55000900061097,2022-08-08,1,0,0.9999685
55000900061097,2022-08-09,1,0,0.9999685
55000900061097,2022-08-10,1,0,0.9999685
55000900061097,2022-08-11,1,0,0.9999685
55000900061097,2022-08-12,1,0,0.9999685
55000900061097,2022-08-13,1,0,0.9999685
55000900061097,2022-08-14,1,0,0.9999685
55000900061097,2022-08-15,1,0,0.9999685
55000900061097,2022-08-16,1,0,0.9999685
55000900061097,2022-08-17,1,0,0.9999685
55000900061097,2022-08-18,1,0,0.9999685
55000900061097,2022-08-19,1,0,0.9999685
55000900061097,2022-08-20,1,0,0.9999685
55000900061097,2022-08-21,1,0,0.9999685
55000900061097,2022-08-22,1,0,0.9999685
55000900061097,2022-08-23,1,0,0.9999685
55000900061097,2022-08-24,1,0,0.9999685
55000900061097,2022-08-25,1,0,0.9999685
55000900061097,2022-08-26,1,0,0.9999685
55000900061097,2022-08-27,1,0,0.9999685
55000900061097,2022-08-28,1,0,0.9999685
55000900061097,2022-08-29,1,0,0.9999685
55000900061097,2022-08-30,1,0,0.9999685
55000900061097,2022-08-31,1,0,0.9999685
55000900061097,2022-09-01,1,0,0.9999685
55000900061097,2022-09-02,1,0,0.9999685
55000900061097,2022-09-03,1,0,0.9999685
55000900061097,2022-09-04,1,0,0.9999685
55000900061097,2022-09-05,1,0,0.9999685
55000900061097,2022-09-06,1,0,0.9999685
55000900061097,2022-09-07,1,0,0.9999685
55000900061097,2022-09-08,1,0,0.9999685
55000900061097,2022-09-09,1,0,0.9999685
55000900061097,2022-09-10,1,0,0.9999685
55000900061097,2022-09-11,1,0,0.9999685
55000900061097,2022-09-12,1,0,0.9999685
55000900061097,2022-09-13,1,0,0.9999685
55000900061097,2022-09-14,1,0,0.9999685
55000900061097,2022-09-15,1,0,0.9999685
55000900061097,2022-09-16,1,0,0.9999685
55000900061097,2022-09-17,1,0,0.9999685
55000900061097,2022-09-18,1,0,0.9999685
55000900061097,2022-09-19,1,0,0.9999685
55000900061097,2022-09-20,1,0,0.9999685
55000900061097,2022-09-21,1,0,0.9999685
55000900061097,2022-09-22,1,0,0.9999685
55000900061097,2022-09-23,1,0,0.9999685
55000900061097,2022-09-24,1,0,0.9999685
55000900061097,2022-09-25,1,0,0.9999685
55000900061097,2022-09-26,1,0,0.9999685
55000900061097,2022-09-27,1,0,0.9999685
55000900061097,2022-09-28,1,0,0.9999685
55000900061097,2022-09-29,1,0,0.9999685
55000900061097,2022-09-30,1,0,0.9999685
55000900061097,2022-10-01,1,0,0.9999685
55000900061097,2022-10-02,1,0,0.9999685
55000900061097,2022-10-03,1,0,0.9999685
55000900061097,2022-10-04,1,0,0.9999685
55000900061097,2022-10-05,1,0,0.9999685
55000900061097,2022-10-06,1,0,0.9999685
55000900061097,2022-10-07,1,0,0.9999685
55000900061097,2022-10-08,1,0,0.9999685
55000900061097,2022-10-09,1,0,0.9999685
55000900061097,2022-10-10,1,0,0.9999685
55000900061097,2022-10-11,1,0,0.9999685
55000900061097,2022-10-12,1,0,0.9999685
55000900061097,2022-10-13,1,0,0.9999685
55000900061097,2022-10-14,1,0,0.9999685
55000900061097,2022-10-15,1,0,0.9999685
55000900061097,2022-10-16,1,0,0.9999685
55000900061097,2022-10-17,1,0,0.9999685
55000900061097,2022-10-18,1,0,0.9999685
55000900061097,2022-10-19,1,0,0.9999685
55000900061097,2022-10-20,1,0,0.9999685
55000900061097,2022-10-21,1,0,0.9999685
55000900061097,2022-10-22,1,0,0.9999685
55000900061097,2022-10-23,1,0,0.9999685
55000900061097,2022-10-24,1,0,0.9999685
55000900061097,2022-10-25,1,0,0.9999685
55000900061097,2022-10-26,1,0,0.9999685
55000900061097,2022-10-27,1,0,0.9999685
55000900061097,2022-10-28,1,0,0.9999685
55000900061097,2022-10-29,1,0,0.9999685
55000900061097,2022-10-30,1,0,0.9999685
55000900061097,2022-10-31,1,0,0.9999685
55000900061097,2022-11-01,1,0,0.9999685
55000900061097,2022-11-02,1,0,0.9999685
55000900061097,2022-11-03,1,0,0.9999685
55000900061097,2022-11-04,1,0,0.9999685
55000900061097,2022-11-05,1,0,0.9999685
55000900061097,2022-11-06,1,0,0.9999685
55000900061097,2022-11-07,1,0,0.9999685
55000900061097,2022-11-08,1,0,0.9999685
55000900061097,2022-11-09,1,0,0.9999685
55000900061097,2022-11-10,1,0,0.9999685
55000900061097,2022-11-11,1,0,0.9999685
55000900061097,2022-11-12,1,0,0.9999685
55000900061097,2022-11-13,1,0,0.9999685
55000900061097,2022-11-14,1,0,0.9999685
55000900061097,2022-11-15,1,0,0.9999685
55000900061097,2022-11-16,1,0,0.9999685
55000900061097,2022-11-17,1,0,0.9999685
55000900061097,2022-11-18,1,0,0.9999685
55000900061097,2022-11-19,1,0,0.9999685
55000900061097,2022-11-20,1,0,0.9999685
55000900061097,2022-11-21,1,0,0.9999685
55000900061097,2022-11-22,1,0,0.9999685
55000900061097,2022-11-23,1,0,0.9999685
55000900061097,2022-11-24,1,0,0.9999685
55000900061097,2022-11-25,1,0,0.9999685
55000900061097,2022-11-26,1,0,0.9999685
55000900061097,2022-11-27,1,0,0.9999685
55000900061097,2022-11-28,1,0,0.9999685
55000900061097,2022-11-29,1,0,0.9999685
55000900061097,2022-11-30,1,0,0.9999685
55000900061097,2022-12-01,1,0,0.9999685
55000900061097,2022-12-02,1,0,0.9999685
55000900061097,2022-12-03,1,0,0.9999685
55000900061097,2022-12-04,1,0,0.9999685
55000900061097,2022-12-05,1,0,0.9999685
55000900061097,2022-12-06,1,0,0.9999685
55000900061097,2022-12-07,1,0,0.9999685
55000900061097,2022-12-08,1,0,0.9999685
55000900061097,2022-12-09,1,0,0.9999685
55000900061097,2022-12-10,1,0,0.9999685
55000900061097,2022-12-11,1,0,0.9999685
55000900061097,2022-12-12,1,0,0.9999685
55000900061097,2022-12-13,1,0,0.9999685
55000900061097,2022-12-14,1,0,0.9999685
55000900061097,2022-12-15,1,0,0.9999685
55000900061097,2022-12-16,1,0,0.9999685
55000900061097,2022-12-17,1,0,0.9999685
55000900061097,2022-12-18,1,0,0.9999685
55000900061097,2022-12-19,1,0,0.9999685
55000900061097,2022-12-20,1,0,0.9999685
55000900061097,2022-12-21,1,0,0.9999685
55000900061097,2022-12-22,1,0,0.9999685
55000900061097,2022-12-23,1,0,0.9999685
55000900061097,2022-12-24,1,0,0.9999685
55000900061097,2022-12-25,1,0,0.9999685
55000900061097,2022-12-26,1,0,0.9999685
55000900061097,2022-12-27,1,0,0.9999685
55000900061097,2022-12-28,1,0,0.9999685
55000900061097,2022-12-29,1,0,0.9999685
55000900061097,2022-12-30,1,0,0.9999685
55000900061097,2022-12-31,1,0,0.9999685
55000900061097,2023-01-01,1,0,0.9999685
55000900061097,2023-01-02,1,0,0.9999685
55000900061097,2023-01-03,1,0,0.9999685
55000900061097,2023-01-04,1,0,0.9999685
55000900061097,2023-01-05,1,0,0.9999685
55000900061097,2023-01-06,1,0,0.9999685
55000900061097,2023-01-07,1,0,0.9999685
55000900061097,2023-01-08,1,0,0.9999685
55000900061097,2023-01-09,1,0,0.9999685
55000900061097,2023-01-10,1,0,0.9999685
55000900061097,2023-01-11,1,0,0.9999685
55000900061097,2023-01-12,1,0,0.9999685
55000900061097,2023-01-13,1,0,0.9999685
55000900061097,2023-01-14,1,0,0.9999685
55000900061097,2023-01-15,1,0,0.9999685
55000900061097,2023-01-16,1,0,0.9999685
55000900061097,2023-01-17,1,0,0.9999685
55000900061097,2023-01-18,1,0,0.9999685
55000900061097,2023-01-19,1,0,0.9999685
55000900061097,2023-01-20,1,0,0.9999685
55000900061097,2023-01-21,1,0,0.9999685
55000900061097,2023-01-22,1,0,0.9999685
55000900061097,2023-01-23,1,0,0.9999685
55000900061097,2023-01-24,1,0,0.9999685
55000900061097,2023-01-25,1,0,0.9999685
55000900061097,2023-01-26,1,0,0.9999685
55000900061097,2023-01-27,1,0,0.9999685
55000900061097,2023-01-28,1,0,0.9999685
55000900061097,2023-01-29,1,0,0.9999685
55000900061097,2023-01-30,1,0,0.9999685
55000900061097,2023-01-31,1,0,0.9999685
55000900061097,2023-02-01,1,0,0.9999685
55000900061097,2023-02-02,1,0,0.9999685
55000900061097,2023-02-03,1,0,0.9999685
55000900061097,2023-02-04,1,0,0.9999685
55000900061097,2023-02-05,1,0,0.9999685
55000900061097,2023-02-06,1,0,0.9999685
55000900061097,2023-02-07,1,0,0.9999685
55000900061097,2023-02-08,1,0,0.9999685
55000900061097,2023-02-09,1,0,0.9999685
55000900061097,2023-02-10,1,0,0.9999685
55000900061097,2023-02-11,1,0,0.9999685
55000900061097,2023-02-12,1,0,0.9999685
55000900061097,2023-02-13,1,0,0.9999685
55000900061097,2023-02-14,1,0,0.9999685
55000900061097,2023-02-15,1,0,0.9999685
55000900061097,2023-02-16,1,0,0.9999685
55000900061097,2023-02-17,1,0,0.9999685
55000900061097,2023-02-18,1,0,0.9999685
55000900061097,2023-02-19,1,0,0.9999685
55000900061097,2023-02-20,1,0,0.9999685
55000900061097,2023-02-21,1,0,0.9999685
55000900061097,2023-02-22,1,0,0.9999685
55000900061097,2023-02-23,1,0,0.9999685
55000900061097,2023-02-24,1,0,0.9999685
55000900061097,2023-02-25,1,0,0.9999685
55000900061097,2023-02-26,1,0,0.9999685
55000900061097,2023-02-27,1,0,0.9999685
55000900061097,2023-02-28,1,0,0.9999685
55000900061097,2023-03-01,1,0,0.9999685
55000900061097,2023-03-02,1,0,0.9999685
55000900061097,2023-03-03,1,0,0.9999685
55000900061097,2023-03-04,1,0,0.9999685
55000900061097,2023-03-05,1,0,0.9999685
55000900061097,2023-03-06,1,0,0.9999685
55000900061097,2023-03-07,1,0,0.9999685
55000900061097,2023-03-08,1,0,0.9999685
55000900061097,2023-03-09,1,0,0.9999685
55000900061097,2023-03-10,1,0,0.9999685
55000900061097,2023-03-11,1,0,0.9999685
55000900061097,2023-03-12,1,0,0.9999685
55000900061097,2023-03-13,1,0,0.9999685
55000900061097,2023-03-14,1,0,0.9999685
55000900061097,2023-03-15,1,0,0.9999685
55000900061097,2023-03-16,1,0,0.9999685
55000900061097,2023-03-17,1,0,0.9999685
55000900061097,2023-03-18,1,0,0.9999685
55000900061097,2023-03-19,1,0,0.9999685
55000900061097,2023-03-20,1,0,0.9999685
55000900061097,2023-03-21,1,0,0.9999685
55000900061097,2023-03-22,1,0,0.9999685
55000900061097,2023-03-23,1,0,0.9999685
55000900061097,2023-03-24,1,0,0.9999685
55000900061097,2023-03-25,1,0,0.9999685
55000900061097,2023-03-26,1,0,0.9999685
55000900061097,2023-03-27,1,0,0.9999685
55000900061097,2023-03-28,1,0,0.9999685
55000900061097,2023-03-29,1,0,0.9999685
55000900061097,2023-03-30,1,0,0.9999685
55000900061097,2023-03-31,1,0,0.9999685
55000900061097,2023-04-01,1,0,0.9999685
55000900061097,2023-04-02,1,0,0.9999685
55000900061097,2023-04-03,1,0,0.9999685
55000900061097,2023-04-04,1,0,0.9999685
55000900061097,2023-04-05,1,0,0.9999685
55000900061097,2023-04-06,1,0,0.9999685
55000900061097,2023-04-07,1,0,0.9999685
55000900061097,2023-04-08,1,0,0.9999685
55000900061097,2023-04-09,1,0,0.9999685
55000900061097,2023-04-10,1,0,0.9999685
55000900061097,2023-04-11,1,0,0.9999685
55000900061097,2023-04-12,1,0,0.9999685
55000900061097,2023-04-13,1,0,0.9999685
55000900061097,2023-04-14,1,0,0.9999685
55000900061097,2023-04-15,1,0,0.9999685
55000900061097,2023-04-16,1,0,0.9999685
55000900061097,2023-04-17,1,0,0.9999685
55000900061097,2023-04-18,1,0,0.9999685
55000900061097,2023-04-19,1,0,0.9999685
55000900061097,2023-04-20,1,0,0.9999685
55000900061097,2023-04-21,1,0,0.9999685
55000900061097,2023-04-22,1,0,0.9999685
55000900061097,2023-04-23,1,0,0.9999685
55000900061097,2023-04-24,1,0,0.9999685
55000900061097,2023-04-25,1,0,0.9999685
55000900061097,2023-04-26,1,0,0.9999685
55000900061097,2023-04-27,1,0,0.9999685
55000900061097,2023-04-28,1,0,0.9999685
55000900061097,2023-04-29,1,0,0.9999685
55000900061097,2023-04-30,1,0,0.9999685
55000900061097,2023-05-01,1,0,0.9999685
55000900061097,2023-05-02,1,0,0.9999685
55000900061097,2023-05-03,1,0,0.9999685
55000900061097,2023-05-04,1,0,0.9999685
55000900061097,2023-05-05,1,0,0.9999685
55000900061097,2023-05-06,1,0,0.9999685
55000900061097,2023-05-07,1,0,0.9999685
55000900061097,2023-05-08,1,0,0.9999685
55000900061097,2023-05-09,1,0,0.9999685
55000900061097,2023-05-10,1,0,0.9999685
55000900061097,2023-05-11,1,0,0.9999685
55000900061097,2023-05-12,1,0,0.9999685
55000900061097,2023-05-13,1,0,0.9999685
55000900061097,2023-05-14,1,0,0.9999685
55000900061097,2023-05-15,1,0,0.9999685
55000900061097,2023-05-16,1,0,0.9999685
55000900061097,2023-05-17,1,0,0.9999685
55000900061097,2023-05-18,1,0,0.9999685
55000900061097,2023-05-19,1,0,0.9999685
55000900061097,2023-05-20,1,0,0.9999685
55000900061097,2023-05-21,1,0,0.9999685
55000900061097,2023-05-22,1,0,0.9999685
55000900061097,2023-05-23,1,0,0.9999685
55000900061097,2023-05-24,1,0,0.9999685
55000900061097,2023-05-25,1,0,0.9999685
55000900061097,2023-05-26,1,0,0.9999685
55000900061097,2023-05-27,1,0,0.9999685
55000900061097,2023-05-28,1,0,0.9999685
55000900061097,2023-05-29,1,0,0.9999685
55000900061097,2023-05-30,1,0,0.9999685
55000900061097,2023-05-31,1,0,0.9999685
55000900061097,2023-06-01,1,0,0.9999685
55000900061097,2023-06-02,1,0,0.9999685
55000900061097,2023-06-03,1,0,0.9999685
55000900061097,2023-06-04,1,0,0.9999685
55000900061097,2023-06-05,1,0,0.9999685
55000900061097,2023-06-06,1,0,0.9999685
55000900061097,2023-06-07,1,0,0.9999685
55000900061097,2023-06-08,1,0,0.9999685
55000900061097,2023-06-09,1,0,0.9999685
55000900061097,2023-06-10,1,0,0.9999685
55000900061097,2023-06-11,1,0,0.9999685
55000900061097,2023-06-12,1,0,0.9999685
55000900061097,2023-06-13,1,0,0.9999685
55000900061097,2023-06-14,1,0,0.9999685
55000900061097,2023-06-15,1,0,0.9999685
55000900061097,2023-06-16,1,0,0.9999685
55000900061097,2023-06-17,1,0,0.9999685
55000900061097,2023-06-18,1,0,0.9999685
55000900061097,2023-06-19,1,0,0.9999685
55000900061097,2023-06-20,1,0,0.9999685
55000900061097,2023-06-21,1,0,0.9999685
55000900061097,2023-06-22,1,0,0.9999685
55000900061097,2023-06-23,1,0,0.9999685
55000900061097,2023-06-24,1,0,0.9999685
55000900061097,2023-06-25,1,0,0.9999685
55000900095919,2020-09-29,1,0,0.82025707
55000900095919,2020-09-30,0,0,0.84572726
55000900095919,2020-10-01,0,0,0.864896
55000900095919,2020-10-02,0,0,0.8782352
55000900095919,2020-10-03,0,0,0.3312528
55000900095919,2020-10-04,0,0,0.3022934
55000900095919,2020-10-05,0,0,0.28704208
55000900095919,2020-10-06,0,0,0.28265354
55000900095919,2020-10-07,0,0,0.27693802
55000900095919,2020-10-08,0,0,0.27742133
55000900095919,2020-10-09,0,0,0.2740697
55000900095919,2020-10-10,1,0,0.27173916
55000900095919,2020-10-11,1,0,0.2700445
55000900095919,2020-10-12,1,0,0.2667867
55000900095919,2020-10-13,1,0,0.6789171
55000900095919,2020-10-14,1,0,0.7438958
55000900095919,2020-10-15,1,0,0.82004553
55000900095919,2020-10-16,1,0,0.84748256
55000900095919,2020-10-17,1,0,0.86448455
55000900095919,2020-10-18,0,0,0.8773607
55000900095919,2020-10-19,0,0,0.88751876
55000900095919,2020-10-20,0,0,0.8962554
55000900095919,2020-10-21,0,0,0.32973817
55000900095919,2020-10-22,0,0,0.3021954
55000900095919,2020-10-23,0,0,0.28679872
55000900095919,2020-10-24,1,0,0.28235716
55000900095919,2020-10-25,0,0,0.27735952
55000900095919,2020-10-26,0,0,0.27785832
55000900095919,2020-10-27,0,0,0.6970816
55000900095919,2020-10-28,0,0,0.2729698
55000900095919,2020-10-29,0,0,0.28457135
55000900095919,2020-10-30,0,0,0.28274384
55000900095919,2020-10-31,0,0,0.28024614
55000900095919,2020-11-01,0,0,0.27601072
55000900095919,2020-11-02,0,0,0.27636412
55000900095919,2020-11-03,0,0,0.27327055
55000900095919,2020-11-04,0,0,0.2714511
55000900095919,2020-11-05,1,0,0.26959834
55000900095919,2020-11-06,1,0,0.26679668
55000900095919,2020-11-07,1,0,0.264967
55000900095919,2020-11-08,1,0,0.67751765
55000900095919,2020-11-09,1,0,0.71661353
55000900095919,2020-11-10,1,0,0.8058209
55000900095919,2020-11-11,1,0,0.7909526
55000900095919,2020-11-12,1,0,0.81025046
55000900095919,2020-11-13,1,0,0.83015907
55000900095919,2020-11-14,1,0,0.8460896
55000900095919,2020-11-15,1,0,0.8593836
55000900095919,2020-11-16,1,0,0.87111217
55000900095919,2020-11-17,1,0,0.88438433
55000900095919,2020-11-18,1,0,0.9042315
55000900095919,2020-11-19,1,0,0.9148247
55000900095919,2020-11-20,1,0,0.9205383
55000900095919,2020-11-21,1,0,0.9256544
55000900095919,2020-11-22,1,0,0.9301989
55000900095919,2020-11-23,1,0,0.9342612
55000900095919,2020-11-24,1,0,0.9382626
55000900095919,2020-11-25,1,0,0.9394893
55000900095919,2020-11-26,1,0,0.94394577
55000900095919,2020-11-27,1,0,0.9467102
55000900095919,2020-11-28,1,0,0.94923615
55000900095919,2020-11-29,1,0,0.9515082
55000900095919,2020-11-30,1,0,0.9537345
55000900095919,2020-12-01,1,0,0.9556407
55000900095919,2020-12-03,1,0,0.9574985
55000900095919,2020-12-04,1,0,0.95935977
55000900095919,2020-12-05,1,0,0.9611256
55000900095919,2020-12-06,1,0,0.96420205
55000900095919,2020-12-07,1,0,0.96617717
55000900095919,2020-12-08,1,0,0.9943619
55000900095919,2020-12-09,1,0,0.9943619
55000900095919,2020-12-10,1,0,0.9943619
55000900095919,2020-12-11,1,0,0.9943619
55000900095919,2020-12-12,1,0,0.9943619
55000900095919,2020-12-13,1,0,0.9943619
55000900095919,2020-12-14,1,0,0.9943619
55000900095919,2020-12-15,1,0,0.9943619
55000900095919,2020-12-16,1,0,0.9943619
55000900095919,2020-12-17,1,0,0.9943619
55000900095919,2020-12-18,1,0,0.9943619
55000900095919,2020-12-19,1,0,0.9943619
55000900095919,2020-12-20,1,0,0.9943619
55000900095919,2020-12-21,1,0,0.9943619
55000900095919,2020-12-22,1,0,0.9943619
55000900095919,2020-12-23,1,0,0.9943619
55000900095919,2020-12-24,1,0,0.9943619
55000900095919,2020-12-25,1,0,0.9943619
55000900095919,2020-12-26,1,0,0.9943619
55000900095919,2020-12-27,1,0,0.9943619
55000900095919,2020-12-28,1,0,0.9943619
55000900095919,2020-12-29,1,0,0.9943619
55000900095919,2020-12-30,1,0,0.9943619
55000900095919,2020-12-31,1,0,0.9943619
55000900095919,2021-01-01,1,0,0.9943619
55000900095919,2021-01-02,1,0,0.9943619
55000900095919,2021-01-03,1,0,0.9943619
55000900095919,2021-01-04,1,0,0.9943619
55000900095919,2021-01-05,1,0,0.9943619
55000900095919,2021-01-06,1,0,0.9943619
55000900095919,2021-01-07,1,0,0.9943619
55000900095919,2021-01-08,1,0,0.9943619
55000900095919,2021-01-09,1,0,0.9943619
55000900095919,2021-01-10,1,0,0.9943619
55000900095919,2021-01-11,1,0,0.9943619
55000900095919,2021-01-12,1,0,0.9943619
55000900095919,2021-01-13,1,0,0.9943619
55000900095919,2021-01-14,1,0,0.9943619
55000900095919,2021-01-15,1,0,0.9943619
55000900095919,2021-01-16,1,0,0.9943619
55000900095919,2021-01-17,1,0,0.9943619
55000900095919,2021-01-18,1,0,0.9943619
55000900095919,2021-01-19,1,0,0.9943619
55000900095919,2021-01-20,1,0,0.9943619
55000900095919,2021-01-21,1,0,0.9943619
55000900095919,2021-01-22,1,0,0.9943619
55000900095919,2021-01-23,1,0,0.9943619
55000900095919,2021-01-24,1,0,0.9943619
55000900095919,2021-01-25,1,0,0.9943619
55000900095919,2021-01-26,1,0,0.9943619
55000900095919,2021-01-27,1,0,0.9943619
55000900095919,2021-01-28,1,0,0.9943619
55000900095919,2021-01-29,1,0,0.9943619
55000900095919,2021-01-30,1,0,0.9943619
55000900095919,2021-01-31,1,0,0.9943619
55000900095919,2021-02-01,1,0,0.9943619
55000900095919,2021-02-02,1,0,0.9943619
55000900095919,2021-02-03,1,0,0.9943619
55000900095919,2021-02-04,1,0,0.9943619
55000900095919,2021-02-05,1,0,0.9943619
55000900095919,2021-02-06,1,0,0.9943619
55000900095919,2021-02-07,1,0,0.9943619
55000900095919,2021-02-08,1,0,0.9943619
55000900095919,2021-02-09,1,0,0.9943619
55000900095919,2021-02-10,1,0,0.9943619
55000900095919,2021-02-11,1,0,0.9943619
55000900095919,2021-02-12,1,0,0.9943619
55000900095919,2021-02-13,1,0,0.9943619
55000900095919,2021-02-14,1,0,0.9943619
55000900095919,2021-02-15,1,0,0.9943619
55000900095919,2021-02-16,1,0,0.9943619
55000900095919,2021-02-17,1,0,0.9943619
55000900095919,2021-02-18,1,0,0.9943619
55000900095919,2021-02-19,1,0,0.9943619
55000900095919,2021-02-20,1,0,0.9943619
55000900095919,2021-02-21,1,0,0.9943619
55000900095919,2021-02-22,1,0,0.9943619
55000900095919,2021-02-23,1,0,0.9943619
55000900095919,2021-02-24,1,0,0.9943619
55000900095919,2021-02-25,1,0,0.9943619
55000900095919,2021-02-26,1,0,0.9943619
55000900095919,2021-02-27,1,0,0.9943619
55000900095919,2021-02-28,1,0,0.9943619
55000900095919,2021-03-01,1,0,0.9943619
55000900095919,2021-03-02,1,0,0.9943619
55000900095919,2021-03-03,1,0,0.9943619
55000900095919,2021-03-04,1,0,0.9943619
55000900095919,2021-03-05,1,0,0.9943619
55000900095919,2021-03-06,1,0,0.9943619
55000900095919,2021-03-07,1,0,0.9943619
55000900095919,2021-03-08,1,0,0.9943619
55000900095919,2021-03-09,1,0,0.9943619
55000900095919,2021-03-10,1,0,0.9943619
55000900095919,2021-03-11,1,0,0.9943619
55000900095919,2021-03-12,1,0,0.9943619
55000900095919,2021-03-13,1,0,0.9943619
55000900095919,2021-03-15,1,0,0.9943619
55000900095919,2021-03-16,1,0,0.9943619
55000900095919,2021-03-17,1,0,0.9943619
55000900095919,2021-03-18,1,0,0.9943619
55000900095919,2021-03-19,1,0,0.9943619
55000900095919,2021-03-20,1,0,0.9943619
55000900095919,2021-03-21,1,0,0.9943619
55000900095919,2021-03-22,1,0,0.9943619
55000900095919,2021-03-23,1,0,0.9943619
55000900095919,2021-03-24,1,0,0.9943619
55000900095919,2021-03-25,1,0,0.9943619
55000900095919,2021-03-26,1,0,0.9943619
55000900095919,2021-03-27,1,0,0.9943619
55000900095919,2021-03-28,1,0,0.9943619
55000900095919,2021-03-29,1,0,0.9943619
55000900095919,2021-03-30,1,0,0.9943619
55000900095919,2021-03-31,1,0,0.9943619
55000900095919,2021-04-01,1,0,0.9943619
55000900095919,2021-04-02,1,0,0.9943619
55000900095919,2021-04-03,1,0,0.9943619
55000900095919,2021-04-04,1,0,0.9943619
55000900095919,2021-04-05,1,0,0.9943619
55000900095919,2021-04-06,1,0,0.9943619
55000900095919,2021-04-07,1,0,0.9943619
55000900095919,2021-04-08,1,0,0.9943619
55000900095919,2021-04-09,1,0,0.9943619
55000900095919,2021-04-10,1,0,0.9943619
55000900095919,2021-04-11,1,0,0.9943619
55000900095919,2021-04-12,1,0,0.9943619
55000900095919,2021-04-13,1,0,0.9943619
55000900095919,2021-04-14,1,0,0.9943619
55000900095919,2021-04-15,1,0,0.9943619
55000900095919,2021-04-16,1,0,0.9943619
55000900095919,2021-04-17,1,0,0.9943619
55000900095919,2021-04-18,1,0,0.9943619
55000900095919,2021-04-19,1,0,0.9943619
55000900095919,2021-04-20,1,0,0.9943619
55000900095919,2021-04-21,1,0,0.9943619
55000900095919,2021-04-22,1,0,0.9943619
55000900095919,2021-04-23,1,0,0.9943619
55000900095919,2021-04-24,1,0,0.9943619
55000900095919,2021-04-25,1,0,0.9943619
55000900095919,2021-04-26,1,0,0.9943619
55000900095919,2021-04-27,1,0,0.9943619
55000900095919,2021-04-28,1,0,0.9943619
55000900095919,2021-04-29,1,0,0.9943619
55000900095919,2021-04-30,1,0,0.9943619
55000900095919,2021-05-01,1,0,0.9943619
55000900095919,2021-05-02,1,0,0.9943619
55000900095919,2021-05-03,1,0,0.9943619
55000900095919,2021-05-04,1,0,0.9943619
55000900095919,2021-05-05,1,0,0.9943619
55000900095919,2021-05-06,1,0,0.9943619
55000900095919,2021-05-07,1,0,0.9943619
55000900095919,2021-05-08,1,0,0.9943619
55000900095919,2021-05-09,1,0,0.9943619
55000900095919,2021-05-10,1,0,0.9943619
55000900095919,2021-05-11,1,0,0.9943619
55000900095919,2021-05-12,1,0,0.9943619
55000900095919,2021-05-13,1,0,0.9943619
55000900095919,2021-05-14,1,0,0.9943619
55000900095919,2021-05-15,1,0,0.9943619
55000900095919,2021-05-16,1,0,0.9943619
55000900095919,2021-05-17,1,0,0.9943619
55000900095919,2021-05-18,1,0,0.9943619
55000900095919,2021-05-19,1,0,0.9943619
55000900095919,2021-05-20,1,0,0.9943619
55000900095919,2021-05-21,1,0,0.9943619
55000900095919,2021-05-22,1,0,0.9943619
55000900095919,2021-05-23,1,0,0.9943619
55000900095919,2021-05-24,1,0,0.9943619
55000900095919,2021-05-26,1,0,0.9943619
55000900095919,2021-05-27,1,0,0.9943619
55000900095919,2021-05-28,1,0,0.9943619
55000900095919,2021-05-29,1,0,0.9943619
55000900095919,2021-05-30,1,0,0.9943619
55000900095919,2021-05-31,1,0,0.9943619
55000900095919,2021-06-01,1,0,0.9943619
55000900095919,2021-06-02,1,0,0.9943619
55000900095919,2021-06-03,1,0,0.9943619
55000900095919,2021-06-04,1,0,0.9943619
55000900095919,2021-06-05,1,0,0.9943619
55000900095919,2021-06-06,1,0,0.9943619
55000900095919,2021-06-07,1,0,0.9943619
55000900095919,2021-06-08,1,0,0.9943619
55000900095919,2021-06-09,1,0,0.9943619
55000900095919,2021-06-10,1,0,0.9943619
55000900095919,2021-06-11,1,0,0.9943619
55000900095919,2021-06-12,1,0,0.9943619
55000900095919,2021-06-13,1,0,0.9943619
55000900095919,2021-06-14,1,0,0.9943619
55000900095919,2021-06-15,1,0,0.9943619
55000900095919,2021-06-16,1,0,0.9943619
55000900095919,2021-06-17,1,0,0.9943619
55000900095919,2021-06-18,1,0,0.9943619
55000900095919,2021-06-19,1,0,0.9943619
55000900095919,2021-06-20,1,0,0.9943619
55000900095919,2021-06-21,1,0,0.9943619
55000900095919,2021-06-22,1,0,0.9943619
55000900095919,2021-06-23,1,0,0.9943619
55000900095919,2021-06-24,1,0,0.9943619
55000900095919,2021-06-25,1,0,0.9943619
55000900095919,2021-06-26,1,0,0.9943619
55000900095919,2021-06-27,1,0,0.9943619
55000900095919,2021-06-28,1,0,0.9943619
55000900095919,2021-06-29,1,0,0.9943619
55000900095919,2021-06-30,1,0,0.9943619
55000900095919,2021-07-01,1,0,0.9943619
55000900095919,2021-07-02,1,0,0.9943619
55000900095919,2021-07-03,1,0,0.9943619
55000900095919,2021-07-04,1,0,0.9943619
55000900095919,2021-07-05,1,0,0.9943619
55000900095919,2021-07-06,1,0,0.9943619
55000900095919,2021-07-07,1,0,0.9943619
55000900095919,2021-07-08,1,0,0.9943619
55000900095919,2021-07-09,1,0,0.9943619
55000900095919,2021-07-10,1,0,0.9943619
55000900095919,2021-07-11,1,0,0.9943619
55000900095919,2021-07-12,1,0,0.9943619
55000900095919,2021-07-13,1,0,0.9943619
55000900095919,2021-07-14,1,0,0.9943619
55000900095919,2021-07-15,1,0,0.9943619
55000900095919,2021-07-16,1,0,0.9943619
55000900095919,2021-07-17,1,0,0.9943619
55000900095919,2021-07-18,1,0,0.9943619
55000900095919,2021-07-19,1,0,0.9943619
55000900095919,2021-07-20,1,0,0.9943619
55000900095919,2021-07-21,1,0,0.9943619
55000900095919,2021-07-22,1,0,0.9943619
55000900095919,2021-07-23,1,0,0.9943619
55000900095919,2021-07-24,1,0,0.9943619
55000900095919,2021-07-25,1,0,0.9943619
55000900095919,2021-07-26,1,0,0.9943619
55000900095919,2021-07-27,1,0,0.9943619
55000900095919,2021-07-28,1,0,0.9943619
55000900095919,2021-07-29,1,0,0.9943619
55000900095919,2021-07-30,1,0,0.9943619
55000900095919,2021-07-31,1,0,0.9943619
55000900095919,2021-08-01,1,0,0.9943619
55000900095919,2021-08-02,1,0,0.9943619
55000900095919,2021-08-03,1,0,0.9943619
55000900095919,2021-08-04,1,0,0.9943619
55000900095919,2021-08-05,1,0,0.9943619
55000900095919,2021-08-06,1,0,0.9943619
55000900095919,2021-08-07,1,0,0.9943619
55000900095919,2021-08-08,0,0,0.9943619
55000900095919,2021-08-09,0,0,0.9943619
55000900095919,2021-08-10,0,0,0.9943619
55000900095919,2021-08-11,0,0,0.39222017
55000900095919,2021-08-12,0,0,0.21954283
55000900095919,2021-08-13,0,0,0.21892753
55000900095919,2021-08-14,0,0,0.20188384
55000900095919,2021-08-15,0,0,0.19868053
55000900095919,2021-08-16,0,0,0.1968836
55000900095919,2021-08-17,0,0,0.18894435
55000900095919,2021-08-19,0,0,0.18702295
55000900095919,2021-08-20,0,0,0.18271683
55000900095919,2021-08-21,0,0,0.17751586
55000900095919,2021-08-22,0,0,0.1737217
55000900095919,2021-08-23,0,0,0.16810022
55000900095919,2021-08-24,0,0,0.16295119
55000900095919,2021-08-25,0,0,0.15848261
55000900095919,2021-08-26,0,0,0.1544465
55000900095919,2021-08-27,0,0,0.1511036
55000900095919,2021-08-28,0,0,0.14839512
55000900095919,2021-08-29,0,0,0.14630106
55000900095919,2021-08-30,0,0,0.14477324
55000900095919,2021-08-31,0,0,0.14370386
55000900095919,2021-09-01,0,0,0.14300227
55000900095919,2021-09-02,0,0,0.14256513
55000900095919,2021-09-03,0,0,0.14226985
55000900095919,2021-09-04,0,0,0.1418628
55000900095919,2021-09-05,0,0,0.14118752
55000900095919,2021-09-06,0,0,0.14016232
55000900095919,2021-09-07,0,0,0.13898858
55000900095919,2021-09-08,0,0,0.13742825
55000900095919,2021-09-09,0,0,0.14071044
55000900095919,2021-09-10,0,0,0.14638488
55000900095919,2021-09-11,0,0,0.14638488
55000900095919,2021-09-12,0,0,0.14638488
55000900095919,2021-09-13,0,0,0.14638488
55000900095919,2021-09-14,0,0,0.14638488
55000900095919,2021-09-15,0,0,0.14638488
55000900095919,2021-09-16,0,0,0.14638488
55000900095919,2021-09-17,0,0,0.14638488
55000900095919,2021-09-18,1,0,0.14638488
55000900095919,2021-09-19,1,0,0.14638488
55000900095919,2021-09-20,1,0,0.14638488
55000900095919,2021-09-21,1,0,0.626093
55000900095919,2021-09-22,1,0,0.5802019
55000900095919,2021-09-23,1,0,0.7249533
55000900095919,2021-09-24,1,0,0.79722947
55000900095919,2021-09-25,1,0,0.8211922
55000900095919,2021-09-26,1,0,0.8455638
55000900095919,2021-09-27,1,0,0.8648053
55000900095919,2021-09-28,1,0,0.87790877
55000900095919,2021-09-29,1,0,0.8886872
55000900095919,2021-09-30,1,0,0.8979507
55000900095919,2021-10-01,1,0,0.90600675
55000900095919,2021-10-02,1,0,0.91304266
55000900095919,2021-10-03,1,0,0.91922235
55000900095919,2021-10-04,1,0,0.92465574
55000900095919,2021-10-05,1,0,0.9294591
55000900095919,2021-10-06,1,0,0.9337181
55000900095919,2021-10-07,1,0,0.93751264
55000900095919,2021-10-08,1,0,0.9409096
55000900095919,2021-10-09,1,0,0.94394577
55000900095919,2021-10-10,1,0,0.9467102
55000900095919,2021-10-11,1,0,0.94923615
55000900095919,2021-10-12,1,0,0.9515082
55000900095919,2021-10-13,1,0,0.9537345
55000900095919,2021-10-14,1,0,0.9556407
55000900095919,2021-10-15,1,0,0.9574985
55000900095919,2021-10-16,1,0,0.95935977
55000900095919,2021-10-17,1,0,0.9611256
55000900095919,2021-10-18,1,0,0.96420205
55000900095919,2021-10-19,1,0,0.96617717
55000900095919,2021-10-20,1,0,0.9943619
55000900095919,2021-10-21,1,0,0.9943619
55000900095919,2021-10-22,1,0,0.9943619
55000900095919,2021-10-23,1,0,0.9943619
55000900095919,2021-10-24,1,0,0.9943619
55000900095919,2021-10-25,1,0,0.9943619
55000900095919,2021-10-26,1,0,0.9943619
55000900095919,2021-10-27,1,0,0.9943619
55000900095919,2021-10-28,1,0,0.9943619
55000900095919,2021-10-29,1,0,0.9943619
55000900095919,2021-10-30,1,0,0.9943619
55000900095919,2021-10-31,1,0,0.9943619
55000900095919,2021-11-01,1,0,0.9943619
55000900095919,2021-11-02,1,0,0.9943619
55000900095919,2021-11-03,1,0,0.9943619
55000900095919,2021-11-04,1,0,0.9943619
55000900095919,2021-11-05,1,0,0.9943619
55000900095919,2021-11-06,1,0,0.9943619
55000900095919,2021-11-07,1,0,0.9943619
55000900095919,2021-11-08,1,0,0.9943619
55000900095919,2021-11-09,1,0,0.9943619
55000900095919,2021-11-10,1,0,0.9943619
55000900095919,2021-11-11,1,0,0.9943619
55000900095919,2021-11-12,1,0,0.9943619
55000900095919,2021-11-13,1,0,0.9943619
55000900095919,2021-11-14,1,0,0.9943619
55000900095919,2021-11-15,1,0,0.9943619
55000900095919,2021-11-16,1,0,0.9943619
55000900095919,2021-11-17,1,0,0.9943619
55000900095919,2021-11-18,1,0,0.9943619
55000900095919,2021-11-19,1,0,0.9943619
55000900095919,2021-11-20,1,0,0.9943619
55000900095919,2021-11-21,1,0,0.9943619
55000900095919,2021-11-22,1,0,0.9943619
55000900095919,2021-11-23,1,0,0.9943619
55000900095919,2021-11-24,1,0,0.9943619
55000900095919,2021-11-25,1,0,0.9943619
55000900095919,2021-11-26,1,0,0.9943619
55000900095919,2021-11-27,1,0,0.9943619
55000900095919,2021-11-28,1,0,0.9943619
55000900095919,2021-11-29,1,0,0.9943619
55000900095919,2021-11-30,1,0,0.9943619
55000900095919,2021-12-01,1,0,0.9943619
55000900095919,2021-12-02,1,0,0.9943619
55000900095919,2021-12-03,1,0,0.9943619
55000900095919,2021-12-04,1,0,0.9943619
55000900095919,2021-12-05,1,0,0.9943619
55000900095919,2021-12-06,1,0,0.9943619
55000900095919,2021-12-07,1,0,0.9943619
55000900095919,2021-12-08,1,0,0.9943619
55000900095919,2021-12-09,1,0,0.9943619
55000900095919,2021-12-10,1,0,0.9943619
55000900095919,2021-12-11,1,0,0.9943619
55000900095919,2021-12-12,1,0,0.9943619
55000900095919,2021-12-13,1,0,0.9943619
55000900095919,2021-12-14,1,0,0.9943619
55000900095919,2021-12-15,1,0,0.9943619
55000900095919,2021-12-16,1,0,0.9943619
55000900095919,2021-12-17,1,0,0.9943619
55000900095919,2021-12-18,1,0,0.9943619
55000900095919,2021-12-19,1,0,0.9943619
55000900095919,2021-12-20,1,0,0.9943619
55000900095919,2021-12-21,1,0,0.9943619
55000900095919,2021-12-22,1,0,0.9943619
55000900095919,2021-12-23,1,0,0.9943619
55000900095919,2021-12-24,1,0,0.9943619
55000900095919,2021-12-25,1,0,0.9943619
55000900095919,2021-12-26,1,0,0.9943619
55000900095919,2021-12-27,1,0,0.9943619
55000900095919,2021-12-28,1,0,0.9943619
55000900095919,2021-12-29,1,0,0.9943619
55000900095919,2021-12-30,1,0,0.9943619
55000900095919,2021-12-31,1,0,0.9943619
55000900095919,2022-01-01,1,0,0.9943619
55000900095919,2022-01-02,1,0,0.9943619
55000900095919,2022-01-03,1,0,0.9943619
55000900095919,2022-01-04,1,0,0.9943619
55000900095919,2022-01-05,1,0,0.9943619
55000900095919,2022-01-06,1,0,0.9943619
55000900095919,2022-01-07,1,0,0.9943619
55000900095919,2022-01-08,1,0,0.9943619
55000900095919,2022-01-09,1,0,0.9943619
55000900095919,2022-01-10,1,0,0.9943619
55000900095919,2022-01-11,1,0,0.9943619
55000900095919,2022-01-12,1,0,0.9943619
55000900095919,2022-01-13,1,0,0.9943619
55000900095919,2022-01-14,1,0,0.9943619
55000900095919,2022-01-15,1,0,0.9943619
55000900095919,2022-01-16,1,0,0.9943619
55000900095919,2022-01-17,1,0,0.9943619
55000900095919,2022-01-18,1,0,0.9943619
55000900095919,2022-01-19,1,0,0.9943619
55000900095919,2022-01-20,1,0,0.9943619
55000900095919,2022-01-21,1,0,0.9943619
55000900095919,2022-01-22,1,0,0.9943619
55000900095919,2022-01-23,1,0,0.9943619
55000900095919,2022-01-24,1,0,0.9943619
55000900095919,2022-01-25,1,0,0.9943619
55000900095919,2022-01-26,1,0,0.9943619
55000900095919,2022-01-27,1,0,0.9943619
55000900095919,2022-01-28,1,0,0.9943619
55000900095919,2022-01-29,1,0,0.9943619
55000900095919,2022-01-30,1,0,0.9943619
55000900095919,2022-01-31,1,0,0.9943619
55000900095919,2022-02-01,1,0,0.9943619
55000900095919,2022-02-02,1,0,0.9943619
55000900095919,2022-02-03,1,0,0.9943619
55000900095919,2022-02-04,1,0,0.9943619
55000900095919,2022-02-05,1,0,0.9943619
55000900095919,2022-02-06,1,0,0.9943619
55000900095919,2022-02-07,1,0,0.9943619
55000900095919,2022-02-08,1,0,0.9943619
55000900095919,2022-02-09,1,0,0.9943619
55000900095919,2022-02-10,1,0,0.9943619
55000900095919,2022-02-11,1,0,0.9943619
55000900095919,2022-02-12,1,0,0.9943619
55000900095919,2022-02-13,1,0,0.9943619
55000900095919,2022-02-14,1,0,0.9943619
55000900095919,2022-02-15,1,0,0.9943619
55000900095919,2022-02-16,1,0,0.9943619
55000900095919,2022-02-17,1,0,0.9943619
55000900095919,2022-02-18,1,0,0.9943619
55000900095919,2022-02-19,1,0,0.9943619
55000900095919,2022-02-20,1,0,0.9943619
55000900095919,2022-02-21,1,0,0.9943619
55000900095919,2022-02-22,1,0,0.9943619
55000900095919,2022-02-23,1,0,0.9943619
55000900095919,2022-02-24,1,0,0.9943619
55000900095919,2022-02-25,1,0,0.9943619
55000900095919,2022-02-26,1,0,0.9943619
55000900095919,2022-02-27,1,0,0.9943619
55000900095919,2022-02-28,1,0,0.9943619
55000900095919,2022-03-01,1,0,0.9943619
55000900095919,2022-03-02,1,0,0.9943619
55000900095919,2022-03-03,1,0,0.9943619
55000900095919,2022-03-04,1,0,0.9943619
55000900095919,2022-03-05,1,0,0.9943619
55000900095919,2022-03-06,1,0,0.9943619
55000900095919,2022-03-07,1,0,0.9943619
55000900095919,2022-03-08,1,0,0.9943619
55000900095919,2022-03-09,1,0,0.9943619
55000900095919,2022-03-10,1,0,0.9943619
55000900095919,2022-03-11,1,0,0.9943619
55000900095919,2022-03-12,1,0,0.9943619
55000900095919,2022-03-14,1,0,0.9943619
55000900095919,2022-03-15,1,0,0.9943619
55000900095919,2022-03-16,1,0,0.9943619
55000900095919,2022-03-17,1,0,0.9943619
55000900095919,2022-03-18,1,0,0.9943619
55000900095919,2022-03-19,1,0,0.9943619
55000900095919,2022-03-20,1,0,0.9943619
55000900095919,2022-03-21,1,0,0.9943619
55000900095919,2022-03-22,1,0,0.9943619
55000900095919,2022-03-23,1,0,0.9943619
55000900095919,2022-03-24,1,0,0.9943619
55000900095919,2022-03-25,1,0,0.9943619
55000900095919,2022-03-26,1,0,0.9943619
55000900095919,2022-03-27,1,0,0.9943619
55000900095919,2022-03-28,1,0,0.9943619
55000900095919,2022-03-29,1,0,0.9943619
55000900095919,2022-03-30,1,0,0.9943619
55000900095919,2022-03-31,1,0,0.9943619
55000900095919,2022-04-01,1,0,0.9943619
55000900095919,2022-04-02,1,0,0.9943619
55000900095919,2022-04-03,1,0,0.9943619
55000900095919,2022-04-04,1,0,0.9943619
55000900095919,2022-04-05,1,0,0.9943619
55000900095919,2022-04-06,1,0,0.9943619
55000900095919,2022-04-07,1,0,0.9943619
55000900095919,2022-04-08,1,0,0.9943619
55000900095919,2022-04-09,1,0,0.9943619
55000900095919,2022-04-10,1,0,0.9943619
55000900095919,2022-04-11,1,0,0.9943619
55000900095919,2022-04-12,1,0,0.9943619
55000900095919,2022-04-13,1,0,0.9943619
55000900095919,2022-04-14,1,0,0.9943619
55000900095919,2022-04-15,1,0,0.9943619
55000900095919,2022-04-16,1,0,0.9943619
55000900095919,2022-04-17,1,0,0.9943619
55000900095919,2022-04-18,1,0,0.9943619
55000900095919,2022-04-19,1,0,0.9943619
55000900095919,2022-04-20,1,0,0.9943619
55000900095919,2022-04-21,1,0,0.9943619
55000900095919,2022-04-22,1,0,0.9943619
55000900095919,2022-04-23,1,0,0.9943619
55000900095919,2022-04-24,1,0,0.9943619
55000900095919,2022-04-25,1,0,0.9943619
55000900095919,2022-04-26,1,0,0.9943619
55000900095919,2022-04-27,1,0,0.9943619
55000900095919,2022-04-28,1,0,0.9943619
55000900095919,2022-04-29,1,0,0.9943619
55000900095919,2022-04-30,1,0,0.9943619
55000900095919,2022-05-01,1,0,0.9943619
55000900095919,2022-05-02,1,0,0.9943619
55000900095919,2022-05-03,1,0,0.9943619
55000900095919,2022-05-04,1,0,0.9943619
55000900095919,2022-05-05,1,0,0.9943619
55000900095919,2022-05-06,1,0,0.9943619
55000900095919,2022-05-07,1,0,0.9943619
55000900095919,2022-05-08,1,0,0.9943619
55000900095919,2022-05-09,1,0,0.9943619
55000900095919,2022-05-10,1,0,0.9943619
55000900095919,2022-05-11,1,0,0.9943619
55000900095919,2022-05-12,1,0,0.9943619
55000900095919,2022-05-13,1,0,0.9943619
55000900095919,2022-05-14,1,0,0.9943619
55000900095919,2022-05-15,1,0,0.9943619
55000900095919,2022-05-16,1,0,0.9943619
55000900095919,2022-05-17,1,0,0.9943619
55000900095919,2022-05-18,1,0,0.9943619
55000900095919,2022-05-19,1,0,0.9943619
55000900095919,2022-05-20,1,0,0.9943619
55000900095919,2022-05-21,1,0,0.9943619
55000900095919,2022-05-22,1,0,0.9943619
55000900095919,2022-05-23,1,0,0.9943619
55000900095919,2022-05-24,1,0,0.9943619
55000900095919,2022-05-25,1,0,0.9943619
55000900095919,2022-05-26,1,0,0.9943619
55000900095919,2022-05-27,1,0,0.9943619
55000900095919,2022-05-28,1,0,0.9943619
55000900095919,2022-05-29,1,0,0.9943619
55000900095919,2022-05-30,1,0,0.9943619
55000900095919,2022-05-31,1,0,0.9943619
55000900095919,2022-06-01,1,0,0.9943619
55000900095919,2022-06-02,1,0,0.9943619
55000900095919,2022-06-03,1,0,0.9943619
55000900095919,2022-06-04,1,0,0.9943619
55000900095919,2022-06-05,1,0,0.9943619
55000900095919,2022-06-06,1,0,0.9943619
55000900095919,2022-06-07,1,0,0.9943619
55000900095919,2022-06-08,1,0,0.9943619
55000900095919,2022-06-09,1,0,0.9943619
55000900095919,2022-06-10,1,0,0.9943619
55000900095919,2022-06-11,1,0,0.9943619
55000900095919,2022-06-12,1,0,0.9943619
55000900095919,2022-06-13,1,0,0.9943619
55000900095919,2022-06-14,1,0,0.9943619
55000900095919,2022-06-15,1,0,0.9943619
55000900095919,2022-06-16,1,0,0.9943619
55000900095919,2022-06-17,1,0,0.9943619
55000900095919,2022-06-18,1,0,0.9943619
55000900095919,2022-06-19,1,0,0.9943619
55000900095919,2022-06-20,1,0,0.9943619
55000900095919,2022-06-21,1,0,0.9943619
55000900095919,2022-06-22,1,0,0.9943619
55000900095919,2022-06-23,1,0,0.9943619
55000900095919,2022-06-24,1,0,0.9943619
55000900095919,2022-06-25,1,0,0.9943619
55000900095919,2022-06-26,1,0,0.9943619
55000900095919,2022-06-27,1,0,0.9943619
55000900095919,2022-06-28,1,0,0.9943619
55000900095919,2022-06-29,1,0,0.9943619
55000900095919,2022-06-30,1,0,0.9943619
55000900095919,2022-07-01,1,0,0.9943619
55000900095919,2022-07-02,1,0,0.9943619
55000900095919,2022-07-03,1,0,0.9943619
55000900095919,2022-07-04,1,0,0.9943619
55000900095919,2022-07-05,1,0,0.9943619
55000900095919,2022-07-06,1,0,0.9943619
55000900095919,2022-07-07,1,0,0.9943619
55000900095919,2022-07-08,1,0,0.9943619
55000900095919,2022-07-09,1,0,0.9943619
55000900095919,2022-07-10,1,0,0.9943619
55000900095919,2022-07-11,1,0,0.9943619
55000900095919,2022-07-12,1,0,0.9943619
55000900095919,2022-07-13,1,0,0.9943619
55000900095919,2022-07-14,1,0,0.9943619
55000900095919,2022-07-15,1,0,0.9943619
55000900095919,2022-07-16,1,0,0.9943619
55000900095919,2022-07-17,1,0,0.9943619
55000900095919,2022-07-18,1,0,0.9943619
55000900095919,2022-07-19,1,0,0.9943619
55000900095919,2022-07-20,1,0,0.9943619
55000900095919,2022-07-21,1,0,0.9943619
55000900095919,2022-07-22,1,0,0.9943619
55000900095919,2022-07-23,1,0,0.9943619
55000900095919,2022-07-24,1,0,0.9943619
55000900095919,2022-07-25,1,0,0.9943619
55000900095919,2022-07-26,1,0,0.9943619
55000900095919,2022-07-27,1,0,0.9943619
55000900095919,2022-07-28,1,0,0.9943619
55000900095919,2022-07-29,1,0,0.9943619
55000900095919,2022-07-30,1,0,0.9943619
55000900095919,2022-07-31,1,0,0.9943619
55000900095919,2022-08-01,1,0,0.9943619
55000900095919,2022-08-02,1,0,0.9943619
55000900095919,2022-08-03,1,0,0.9943619
55000900095919,2022-08-04,1,0,0.9943619
55000900095919,2022-08-05,1,0,0.9943619
55000900095919,2022-08-06,1,0,0.9943619
55000900095919,2022-08-07,1,0,0.9943619
55000900095919,2022-08-08,1,0,0.9943619
55000900095919,2022-08-09,1,0,0.9943619
55000900095919,2022-08-10,1,0,0.9943619
55000900095919,2022-08-11,1,0,0.9943619
55000900095919,2022-08-12,1,0,0.9943619
55000900095919,2022-08-13,1,0,0.9943619
55000900095919,2022-08-14,1,0,0.9943619
55000900095919,2022-08-15,1,0,0.9943619
55000900095919,2022-08-16,1,0,0.9943619
55000900095919,2022-08-17,1,0,0.9943619
55000900095919,2022-08-18,1,0,0.9943619
55000900095919,2022-08-19,1,0,0.9943619
55000900095919,2022-08-20,1,0,0.9943619
55000900095919,2022-08-21,1,0,0.9943619
55000900095919,2022-08-22,1,0,0.9943619
55000900095919,2022-08-23,1,0,0.9943619
55000900095919,2022-08-24,1,0,0.9943619
55000900095919,2022-08-25,1,0,0.9943619
55000900095919,2022-08-26,1,0,0.9943619
55000900095919,2022-08-27,1,0,0.9943619
55000900095919,2022-08-28,1,0,0.9943619
55000900095919,2022-08-29,1,0,0.9943619
55000900095919,2022-08-30,1,0,0.9943619
55000900095919,2022-08-31,1,0,0.9943619
55000900095919,2022-09-01,1,0,0.9943619
55000900095919,2022-09-02,1,0,0.9943619
55000900095919,2022-09-03,1,0,0.9943619
55000900095919,2022-09-04,1,0,0.9943619
55000900095919,2022-09-05,1,0,0.9943619
55000900095919,2022-09-06,1,0,0.9943619
55000900095919,2022-09-07,1,0,0.9943619
55000900095919,2022-09-08,1,0,0.9943619
55000900095919,2022-09-09,1,0,0.9943619
55000900095919,2022-09-10,1,0,0.9943619
55000900095919,2022-09-11,1,0,0.9943619
55000900095919,2022-09-12,1,0,0.9943619
55000900095919,2022-09-13,1,0,0.9943619
55000900095919,2022-09-14,1,0,0.9943619
55000900095919,2022-09-15,1,0,0.9943619
55000900095919,2022-09-16,1,0,0.9943619
55000900095919,2022-09-17,1,0,0.9943619
55000900095919,2022-09-18,1,0,0.9943619
55000900095919,2022-09-19,1,0,0.9943619
55000900095919,2022-09-20,1,0,0.9943619
55000900095919,2022-09-21,1,0,0.9943619
55000900095919,2022-09-22,1,0,0.9943619
55000900095919,2022-09-23,1,0,0.9943619
55000900095919,2022-09-24,1,0,0.9943619
55000900095919,2022-09-25,1,0,0.9943619
55000900095919,2022-09-26,1,0,0.9943619
55000900095919,2022-09-27,1,0,0.9943619
55000900095919,2022-09-28,1,0,0.9943619
55000900095919,2022-09-29,1,0,0.9943619
55000900095919,2022-09-30,1,0,0.9943619
55000900095919,2022-10-01,1,0,0.9943619
55000900095919,2022-10-02,1,0,0.9943619
55000900095919,2022-10-03,1,0,0.9943619
55000900095919,2022-10-04,1,0,0.9943619
55000900095919,2022-10-05,1,0,0.9943619
55000900095919,2022-10-06,1,0,0.9943619
55000900095919,2022-10-07,1,0,0.9943619
55000900095919,2022-10-08,1,0,0.9943619
55000900095919,2022-10-09,1,0,0.9943619
55000900095919,2022-10-10,1,0,0.9943619
55000900095919,2022-10-11,1,0,0.9943619
55000900095919,2022-10-12,1,0,0.9943619
55000900095919,2022-10-13,1,0,0.9943619
55000900095919,2022-10-14,1,0,0.9943619
55000900095919,2022-10-15,1,0,0.9943619
55000900095919,2022-10-16,1,0,0.9943619
55000900095919,2022-10-17,1,0,0.9943619
55000900095919,2022-10-18,1,0,0.9943619
55000900095919,2022-10-19,1,0,0.9943619
55000900095919,2022-10-20,1,0,0.9943619
55000900095919,2022-10-21,1,0,0.9943619
55000900095919,2022-10-22,1,0,0.9943619
55000900095919,2022-10-23,1,0,0.9943619
55000900095919,2022-10-24,1,0,0.9943619
55000900095919,2022-10-25,1,0,0.9943619
55000900095919,2022-10-26,1,0,0.9943619
55000900095919,2022-10-27,1,0,0.9943619
55000900095919,2022-10-28,1,0,0.9943619
55000900095919,2022-10-29,1,0,0.9943619
55000900095919,2022-10-30,1,0,0.9943619
55000900095919,2022-10-31,1,0,0.9943619
55000900095919,2022-11-01,1,0,0.9943619
55000900095919,2022-11-02,1,0,0.9943619
55000900095919,2022-11-03,1,0,0.9943619
55000900095919,2022-11-04,1,0,0.9943619
55000900095919,2022-11-05,1,0,0.9943619
55000900095919,2022-11-06,1,0,0.9943619
55000900095919,2022-11-07,1,0,0.9943619
55000900095919,2022-11-08,1,0,0.9943619
55000900095919,2022-11-09,1,0,0.9943619
55000900095919,2022-11-10,1,0,0.9943619
55000900095919,2022-11-11,1,0,0.9943619
55000900095919,2022-11-12,1,0,0.9943619
55000900095919,2022-11-13,1,0,0.9943619
55000900095919,2022-11-14,1,0,0.9943619
55000900095919,2022-11-15,1,0,0.9943619
55000900095919,2022-11-16,1,0,0.9943619
55000900095919,2022-11-17,1,0,0.9943619
55000900095919,2022-11-18,1,0,0.9943619
55000900095919,2022-11-19,1,0,0.9943619
55000900095919,2022-11-20,1,0,0.9943619
55000900095919,2022-11-21,1,0,0.9943619
55000900095919,2022-11-22,1,0,0.9943619
55000900095919,2022-11-23,1,0,0.9943619
55000900095919,2022-11-24,1,0,0.9943619
55000900095919,2022-11-25,1,0,0.9943619
55000900095919,2022-11-26,1,0,0.9943619
55000900095919,2022-11-27,1,0,0.9943619
55000900095919,2022-11-28,1,0,0.9943619
55000900095919,2022-11-29,1,0,0.9943619
55000900095919,2022-11-30,1,0,0.9943619
55000900095919,2022-12-01,1,0,0.9943619
55000900095919,2022-12-02,1,0,0.9943619
55000900095919,2022-12-03,1,0,0.9943619
55000900095919,2022-12-04,1,0,0.9943619
55000900095919,2022-12-05,1,0,0.9943619
55000900095919,2022-12-06,1,0,0.9943619
55000900095919,2022-12-07,1,0,0.9943619
55000900095919,2022-12-08,1,0,0.9943619
55000900095919,2022-12-09,1,0,0.9943619
55000900095919,2022-12-10,1,0,0.9943619
55000900095919,2022-12-11,1,0,0.9943619
55000900095919,2022-12-12,1,0,0.9943619
55000900095919,2022-12-13,1,0,0.9943619
55000900095919,2022-12-14,1,0,0.9943619
55000900095919,2022-12-15,1,0,0.9943619
55000900095919,2022-12-16,1,0,0.9943619
55000900095919,2022-12-17,1,0,0.9943619
55000900095919,2022-12-18,1,0,0.9943619
55000900095919,2022-12-19,1,0,0.9943619
55000900095919,2022-12-20,1,0,0.9943619
55000900095919,2022-12-21,1,0,0.9943619
55000900095919,2022-12-22,1,0,0.9943619
55000900095919,2022-12-23,1,0,0.9943619
55000900095919,2022-12-24,1,0,0.9943619
55000900095919,2022-12-25,1,0,0.9943619
55000900095919,2022-12-26,1,0,0.9943619
55000900095919,2022-12-27,1,0,0.9943619
55000900095919,2022-12-28,1,0,0.9943619
55000900095919,2022-12-29,1,0,0.9943619
55000900095919,2022-12-30,1,0,0.9943619
55000900095919,2022-12-31,1,0,0.9943619
55000900095919,2023-01-01,1,0,0.9943619
55000900095919,2023-01-02,1,0,0.9943619
55000900095919,2023-01-03,1,0,0.9943619
55000900095919,2023-01-04,1,0,0.9943619
55000900095919,2023-01-05,1,0,0.9943619
55000900095919,2023-01-06,1,0,0.9943619
55000900095919,2023-01-07,1,0,0.9943619
55000900095919,2023-01-08,1,0,0.9943619
55000900095919,2023-01-09,1,0,0.9943619
55000900095919,2023-01-10,1,0,0.9943619
55000900095919,2023-01-11,1,0,0.9943619
55000900095919,2023-01-12,1,0,0.9943619
55000900095919,2023-01-13,1,0,0.9943619
55000900095919,2023-01-14,1,0,0.9943619
55000900095919,2023-01-15,1,0,0.9943619
55000900095919,2023-01-16,1,0,0.9943619
55000900095919,2023-01-17,1,0,0.9943619
55000900095919,2023-01-18,1,0,0.9943619
55000900095919,2023-01-19,1,0,0.9943619
55000900095919,2023-01-20,1,0,0.9943619
55000900095919,2023-01-21,1,0,0.9943619
55000900095919,2023-01-22,1,0,0.9943619
55000900096564,2020-09-29,1,8,0.9978364
55000900096564,2020-09-30,1,8,0.9987993
55000900096564,2020-10-01,1,8,0.99699914
55000900096564,2020-10-02,1,8,0.9937024
55000900096564,2020-10-03,1,8,0.9950943
55000900096564,2020-10-04,1,8,0.9954958
55000900096564,2020-10-05,1,8,0.996452
55000900096564,2020-10-06,1,8,0.9957913
55000900096564,2020-10-07,1,8,0.99662685
55000900096564,2020-10-08,1,8,0.99364376
55000900096564,2020-10-09,1,8,0.9934424
55000900096564,2020-10-11,1,8,0.9975188
55000900096564,2020-10-13,0,8,0.99809474
55000900096564,2020-10-15,1,8,0.99916136
55000900096564,2020-10-16,1,8,0.9998827
55000900096564,2020-10-17,1,8,0.99990654
55000900096564,2020-10-18,1,8,0.99991715
55000900096564,2020-10-19,1,8,0.9999238
55000900096564,2020-10-20,1,8,0.99992764
55000900096564,2020-10-22,1,8,0.99992645
55000900096564,2020-10-25,1,8,0.9999287
55000900096564,2020-10-23,1,0,0.9999269
55000900096564,2020-10-25,1,0,0.99991465
55000900097164,2020-09-29,0,8,0.0036734059
55000900097164,2020-09-30,0,8,0.012106566
55000900097164,2020-10-01,0,8,0.015317455
55000900097164,2020-10-02,0,8,0.016445784
55000900097164,2020-10-03,0,8,0.011326321
55000900097164,2020-10-04,0,8,0.010496221
55000900097164,2020-10-05,0,8,0.010125603
55000900097164,2020-10-06,0,8,0.009141803
55000900097164,2020-10-07,0,8,0.008794533
55000900097164,2020-10-08,0,8,0.00970965
55000900097164,2020-10-09,0,8,0.010556385
55000900097164,2020-10-11,1,8,0.008377771
55000900097164,2020-10-12,1,8,0.0072931633
55000900097164,2020-10-13,1,8,0.006706521
55000900097164,2020-10-14,1,8,0.004677194
55000900097164,2020-10-15,1,8,0.011261151
55000900097164,2020-10-16,1,8,0.085414
55000900097164,2020-10-17,1,8,0.16658655
55000900097164,2020-10-18,1,8,0.50334877
55000900097164,2020-10-19,1,8,0.9385098
55000900097164,2020-10-20,1,0,0.96122307
55000900097164,2020-10-21,1,0,0.9919475
55000900097169,2020-09-29,0,8,0.0002934716
55000900097169,2020-09-30,0,8,0.00028620256
55000900097169,2020-10-01,0,8,0.00030934712
55000900097169,2020-10-02,0,8,0.00032012395
55000900097169,2020-10-03,0,8,0.00028404553
55000900097169,2020-10-04,0,8,0.00025562473
55000900097169,2020-10-05,0,8,0.00025019154
55000900097169,2020-10-06,0,8,0.00026519413
55000900097169,2020-10-07,0,8,0.0002706107
55000900097169,2020-10-08,0,8,0.00028716793
55000900097169,2020-10-09,0,8,0.00029289466
55000900097169,2020-10-10,1,8,0.00030128084
55000900097169,2020-10-11,1,8,0.00028890706
55000900097169,2020-10-12,1,8,0.0003078393
55000900097169,2020-10-13,1,8,0.00034762756
55000900097169,2020-10-14,1,8,0.00040961982
55000900097169,2020-10-15,1,8,0.00029944043
55000900097169,2020-10-16,0,8,0.00044643343
55000900097169,2020-10-17,0,8,0.00026656885
55000900097169,2020-10-18,0,8,0.0003341766
55000900097169,2020-10-19,0,8,0.0003236743
55000900097169,2020-10-20,0,0,0.00029912058
55000900097169,2020-10-21,0,0,0.0003087761
55000900097170,2020-09-29,0,8,0.0048188106
55000900097170,2020-09-30,0,8,0.0067090946
55000900097170,2020-10-01,0,8,0.008308884
55000900097170,2020-10-02,0,8,0.012210548
55000900097170,2020-10-03,0,8,0.010678432
55000900097170,2020-10-04,0,8,0.010234334
55000900097170,2020-10-05,0,8,0.009149033
55000900097170,2020-10-06,0,8,0.009961805
55000900097170,2020-10-07,0,8,0.0099265445
55000900097170,2020-10-08,0,8,0.01238088
55000900097170,2020-10-09,0,8,0.0140431775
55000900097170,2020-10-10,0,8,0.008401036
55000900097170,2020-10-11,0,8,0.00876029
55000900097170,2020-10-12,0,8,0.0086138705
55000900097170,2020-10-13,1,8,0.0014777475
55000900097170,2020-10-14,0,8,0.0038350385
55000900097170,2020-10-15,0,8,0.003074431
55000900097170,2020-10-16,0,8,0.009842998
55000900097170,2020-10-17,0,8,0.0043778513
55000900097170,2020-10-18,0,8,0.008154968
55000900097170,2020-10-19,0,8,0.009571768
55000900097170,2020-10-20,0,8,0.007314419
55000900097170,2020-10-21,0,8,0.0048095444
55000900097170,2020-10-22,0,8,0.0058362
55000900097170,2020-10-23,0,8,0.006358679
55000900097170,2020-10-24,0,8,0.0039950875
55000900097170,2020-10-25,1,8,0.0033502385
55000900097170,2020-10-26,0,8,0.002182272
55000900097170,2020-10-27,0,0,0.0045955866
55000900097170,2020-10-28,0,0,0.036613137
55000900098500,2020-09-29,1,0,0.9978947
55000900098500,2020-09-30,1,0,0.99593997
55000900098500,2020-10-01,1,0,0.99436224
55000900098500,2020-10-02,1,0,0.99448603
55000900098500,2020-10-03,1,0,0.99265164
55000900098500,2020-10-04,1,0,0.9934695
55000900098500,2020-10-05,1,0,0.9943184
55000900098500,2020-10-06,1,0,0.99468
55000900098500,2020-10-07,1,0,0.9954412
55000900098500,2020-10-08,1,0,0.9938916
55000900098500,2020-10-09,1,0,0.9936585
55000900098500,2020-10-10,1,0,0.99404126
55000900098500,2020-10-11,1,0,0.9937202
55000900098500,2020-10-12,1,0,0.9938846
55000900098500,2020-10-13,1,0,0.99817085
55000900098500,2020-10-14,1,0,0.9999198
55000900098500,2020-10-15,1,0,0.9999465
55000900098500,2020-10-16,1,0,0.99995947
55000900098500,2020-10-17,1,0,0.99994206
55000900098500,2020-10-18,1,0,0.99993205
55000900098500,2020-10-19,1,0,0.99973184
55000900098500,2020-10-20,1,0,0.99924076
55000900098500,2020-10-21,1,0,0.99966574
55000900098500,2020-10-22,1,0,0.99934715
55000900098500,2020-10-23,1,0,0.9994797
55000900098500,2020-10-24,1,0,0.9997209
55000900098500,2020-10-25,1,0,0.99968743
55000900098500,2020-10-26,1,0,0.99980444
55000900098500,2020-10-27,1,0,0.9999243
55000900098500,2020-10-28,1,0,0.9999088
55000900098500,2020-10-29,1,0,0.99970514
55000900098500,2020-10-30,1,0,0.99958235
55000900098500,2020-10-31,1,0,0.9995585
55000900098500,2020-11-01,1,0,0.99896276
55000900098500,2020-11-02,1,0,0.9992999
55000900098500,2020-11-03,1,0,0.9994461
55000900098500,2020-11-04,1,0,0.99848133
55000900098500,2020-11-05,1,0,0.9988335
55000900098500,2020-11-06,1,0,0.9988778
55000900098500,2020-11-07,1,0,0.99905854
55000900098500,2020-11-08,1,0,0.99978656
55000900098500,2020-11-09,1,0,0.99993205
55000900098500,2020-11-10,1,0,0.9999485
55000900098500,2020-11-11,1,0,0.9999099
55000900098500,2020-11-12,1,0,0.9999312
55000900098500,2020-11-13,1,0,0.9998241
55000900098500,2020-11-14,1,0,0.99991953
55000900098500,2020-11-15,1,0,0.9998524
55000900098500,2020-11-16,1,0,0.9998871
55000900098500,2020-11-17,1,0,0.9998908
55000900098500,2020-11-18,1,0,0.999956
55000900098500,2020-11-19,1,0,0.9999292
55000900098500,2020-11-20,1,0,0.9999527
55000900098500,2020-11-21,1,0,0.99992514
55000900098500,2020-11-22,1,0,0.9999467
55000900098500,2020-11-23,1,0,0.99986684
55000900098500,2020-11-24,1,0,0.9998373
55000900098500,2020-11-25,1,0,0.99988365
55000900098500,2020-11-26,1,0,0.9999168
55000900098500,2020-11-27,1,0,0.9999654
55000900098500,2020-11-28,1,0,0.999979
55000900098500,2020-11-29,1,0,0.9999697
55000900098500,2020-11-30,1,0,0.9999428
55000900098500,2020-12-01,1,0,0.99992704
55000900099610,2020-09-29,1,8,0.99996686
55000900099610,2020-09-30,1,8,0.99996316
55000900099610,2020-10-01,1,8,0.99994636
55000900099610,2020-10-02,1,8,0.99987936
55000900099610,2020-10-03,1,8,0.9999236
55000900099610,2020-10-04,1,8,0.9997962
55000900099610,2020-10-05,1,8,0.9999385
55000900099610,2020-10-06,1,8,0.9999273
55000900099610,2020-10-07,1,8,0.999946
55000900099610,2020-10-08,1,8,0.9999002
55000900099610,2020-10-09,1,8,0.99991333
55000900099610,2020-10-10,1,8,0.9999496
55000900099610,2020-10-11,1,8,0.99995255
55000900099610,2020-10-12,1,8,0.9999528
55000900099610,2020-10-13,1,8,0.9999658
55000900099610,2020-10-14,1,8,0.99995255
55000900099610,2020-10-15,1,8,0.99996936
55000900099610,2020-10-16,1,8,0.9999654
55000900099610,2020-10-17,1,8,0.99997556
55000900099610,2020-10-18,1,0,0.9999727
55000900099610,2020-10-19,1,0,0.9999684
55000900100137,2020-09-29,0,8,0.0014350496
55000900100137,2020-09-30,0,8,0.0011154616
55000900100137,2020-10-01,0,8,0.0021418973
55000900100137,2020-10-02,0,8,0.008271774
55000900100137,2020-10-03,0,8,0.008448283
55000900100137,2020-10-04,0,8,0.008645919
55000900100137,2020-10-05,0,8,0.0071040727
55000900100137,2020-10-06,0,8,0.003994389
55000900100137,2020-10-07,0,8,0.0024570578
55000900100137,2020-10-08,0,8,0.0033558765
55000900100137,2020-10-09,0,8,0.008651777
55000900100137,2020-10-10,0,8,0.003827926
55000900100137,2020-10-11,1,8,0.0019279115
55000900100137,2020-10-12,1,8,0.0011136243
55000900100137,2020-10-13,1,8,0.0041617835
55000900100137,2020-10-14,1,8,0.004687054
55000900100137,2020-10-16,0,8,0.017070645
55000900100137,2020-10-17,0,8,0.030957209
55000900100137,2020-10-18,0,8,0.028518073
55000900100137,2020-10-19,0,0,0.041244987
55000900100137,2020-10-20,0,0,0.08790389
55000900130309,2020-09-29,1,0,0.9981723
55000900130309,2020-09-30,1,0,0.9935168
55000900130309,2020-10-01,1,0,0.9823825
55000900130309,2020-10-02,1,0,0.98836493
55000900130309,2020-10-03,1,0,0.98695487
55000900130309,2020-10-04,1,0,0.98860884
55000900130309,2020-10-05,1,0,0.9904124
55000900130309,2020-10-06,1,0,0.99180263
55000900130309,2020-10-07,1,0,0.99242365
55000900130309,2020-10-08,1,0,0.9873655
55000900130309,2020-10-09,1,0,0.98524
55000900130309,2020-10-10,1,0,0.9885881
55000900130309,2020-10-11,1,0,0.9937801
55000900130309,2020-10-12,1,0,0.99471503
55000900130309,2020-10-13,1,0,0.9999664
55000900130309,2020-10-14,1,0,0.99994946
55000900130309,2020-10-15,1,0,0.99996626
55000900130309,2020-10-16,1,0,0.9999584
55000900130309,2020-10-17,1,0,0.9999745
55000900130309,2020-10-18,1,0,0.99997604
55000900130309,2020-10-19,1,0,0.999977
55000900130309,2020-10-20,1,0,0.9999771
55000900130309,2020-10-21,1,0,0.9999753
55000900130309,2020-10-22,1,0,0.99997365
55000900130309,2020-10-23,1,0,0.99997604
55000900130309,2020-10-24,1,0,0.9999769
55000900130309,2020-10-25,1,0,0.9999802
55000900130309,2020-10-26,1,0,0.9999795
55000900130309,2020-10-27,1,0,0.9999714
55000900130309,2020-10-28,1,0,0.99997866
55000900130309,2020-10-29,1,0,0.99997926
55000900130309,2020-10-30,1,0,0.9999808
55000900130309,2020-10-31,1,0,0.9999802
55000900130309,2020-11-01,1,0,0.99998057
55000900130309,2020-11-02,1,0,0.9999808
55000900130309,2020-11-03,1,0,0.99998164
55000900130309,2020-11-04,1,0,0.9999807
55000900130309,2020-11-05,1,0,0.99997854
55000900130309,2020-11-06,1,0,0.99998283
55000900130309,2020-11-07,1,0,0.99998164
55000900130309,2020-11-08,1,0,0.9999715
55000900130309,2020-11-09,1,0,0.99997365
55000900130309,2020-11-10,1,0,0.99997175
55000900130309,2020-11-11,1,0,0.9999815
55000900130309,2020-11-12,1,0,0.999979
55000900130309,2020-11-13,1,0,0.99996424
55000900130309,2020-11-14,1,0,0.9999647
55000900130309,2020-11-15,1,0,0.9999541
55000900130309,2020-11-16,1,0,0.99994445
55000900130309,2020-11-17,1,0,0.99994516
55000900130309,2020-11-18,1,0,0.99995637
55000900130309,2020-11-19,1,0,0.99996865
55000900130309,2020-11-20,1,0,0.99996483
55000900130309,2020-11-21,1,0,0.9999522
55000900130309,2020-11-22,1,0,0.99996185
55000900130309,2020-11-23,1,0,0.9999814
55000900130309,2020-11-24,1,0,0.9999821
55000900130309,2020-11-25,1,0,0.99998426
55000900130309,2020-11-26,1,0,0.99997735
55000900130309,2020-11-27,1,0,0.99997497
55000900130309,2020-11-28,1,0,0.9999701
55000900130309,2020-11-29,1,0,0.9999801
55000900130309,2020-11-30,1,0,0.999985
55000900130309,2020-12-01,1,0,0.99998426
55000900130309,2020-12-03,1,0,0.99998355
55000900130309,2020-12-04,1,0,0.9999727
55000900130309,2020-12-05,1,0,0.9999814
55000900130309,2020-12-06,1,0,0.99998295
55000900130309,2020-12-07,1,0,0.999984
55000900130309,2020-12-08,1,0,0.9999845
55000900130309,2020-12-09,1,0,0.999979
55000900130309,2020-12-10,1,0,0.99998546
55000900130309,2020-12-11,1,0,0.9999846
55000900130309,2020-12-12,1,0,0.9999831
55000900130309,2020-12-13,1,0,0.99997807
55000900130309,2020-12-14,1,0,0.99997306
55000900130309,2020-12-15,1,0,0.99997866
55000900130309,2020-12-16,1,0,0.9999721
55000900130309,2020-12-18,1,0,0.9999765
55000900130309,2020-12-19,1,0,0.9999722
55000900130309,2020-12-20,1,0,0.9999683
55000900130309,2020-12-21,1,0,0.99997604
55000900130309,2020-12-22,1,0,0.9999654
55000900130309,2020-12-23,1,0,0.99996305
55000900130309,2020-12-24,1,0,0.9999658
55000900130309,2020-12-25,1,0,0.99996924
55000900130309,2020-12-26,1,0,0.9999832
55000900130309,2020-12-27,1,0,0.99998236
55000900130309,2020-12-28,1,0,0.9999672
55000900130309,2020-12-29,1,0,0.9999628
55000900130309,2020-12-30,1,0,0.99997866
55000900130309,2020-12-31,1,0,0.9999777
55000900130309,2021-01-01,1,0,0.9999789
55000900130309,2021-01-02,1,0,0.9999634
55000900130309,2021-01-03,1,0,0.99995875
55000900130309,2021-01-04,1,0,0.9999664
55000900130309,2021-01-05,1,0,0.9999684
55000900130309,2021-01-06,1,0,0.9999685
55000900130309,2021-01-07,1,0,0.9999697
55000900130309,2021-01-08,1,0,0.99996984
55000900130309,2021-01-09,1,0,0.9999702
55000900130309,2021-01-10,1,0,0.9999707
55000900130309,2021-01-11,1,0,0.99997115
55000900130309,2021-01-12,1,0,0.9999715
55000900130309,2021-01-13,1,0,0.99997246
55000900130309,2021-01-14,1,0,0.99997187
55000900130309,2021-01-15,1,0,0.99997187
55000900130309,2021-01-16,1,0,0.99996984
55000900130309,2021-01-17,1,0,0.9999659
55000900130309,2021-01-18,1,0,0.999966
55000900130309,2021-01-19,1,0,0.99996674
55000900130309,2021-01-20,1,0,0.9999676
55000900130309,2021-01-21,1,0,0.9999671
55000900130309,2021-01-22,1,0,0.9999652
55000900130309,2021-01-23,1,0,0.9999647
55000900130309,2021-01-24,1,0,0.9999684
55000900130309,2021-01-25,1,0,0.9999664
55000900130309,2021-01-26,1,0,0.99996245
55000900130309,2021-01-27,1,0,0.99997115
55000900130309,2021-01-28,1,0,0.99997103
55000900130309,2021-01-29,1,0,0.9999713
55000900130309,2021-01-30,1,0,0.99997175
55000900130309,2021-01-31,1,0,0.9999721
55000900130309,2021-02-01,1,0,0.999972
55000900130309,2021-02-02,1,0,0.999972
55000900130309,2021-02-03,1,0,0.999972
55000900130309,2021-02-04,1,0,0.999972
55000900130309,2021-02-05,1,0,0.999972
55000900130309,2021-02-06,1,0,0.999972
55000900130309,2021-02-07,1,0,0.999972
55000900130309,2021-02-08,1,0,0.999972
55000900130309,2021-02-09,1,0,0.999972
55000900130309,2021-02-10,1,0,0.999972
55000900130309,2021-02-11,1,0,0.999972
55000900130309,2021-02-12,1,0,0.999972
55000900130309,2021-02-13,1,0,0.999972
55000900130309,2021-02-14,1,0,0.999972
55000900130309,2021-02-15,1,0,0.999972
55000900130309,2021-02-16,1,0,0.999972
55000900130309,2021-02-17,1,0,0.999972
55000900130309,2021-02-18,1,0,0.999972
55000900130309,2021-02-19,1,0,0.999972
55000900130309,2021-02-20,1,0,0.999972
55000900130309,2021-02-21,1,0,0.999972
55000900130309,2021-02-22,1,0,0.999972
55000900130309,2021-02-23,1,0,0.999972
55000900130309,2021-02-24,1,0,0.999972
55000900130309,2021-02-25,1,0,0.999972
55000900130309,2021-02-26,1,0,0.999972
55000900130309,2021-02-27,1,0,0.999972
55000900130309,2021-02-28,1,0,0.999972
55000900130309,2021-03-01,1,0,0.999972
55000900130309,2021-03-02,1,0,0.999972
55000900130309,2021-03-03,1,0,0.999972
55000900130309,2021-03-04,1,0,0.999972
55000900130309,2021-03-05,1,0,0.999972
55000900130309,2021-03-06,1,0,0.999972
55000900130309,2021-03-07,1,0,0.999972
55000900130309,2021-03-08,1,0,0.999972
55000900130309,2021-03-09,1,0,0.999972
55000900130309,2021-03-10,1,0,0.999972
55000900130309,2021-03-11,1,0,0.999972
55000900130309,2021-03-12,1,0,0.999972
55000900130309,2021-03-13,1,0,0.999972
55000900130309,2021-03-15,1,0,0.999972
55000900130309,2021-03-16,1,0,0.999972
55000900130309,2021-03-17,1,0,0.999972
55000900130309,2021-03-18,1,0,0.999972
55000900130309,2021-03-19,1,0,0.999972
55000900130309,2021-03-20,1,0,0.999972
55000900130309,2021-03-21,1,0,0.999972
55000900130309,2021-03-22,1,0,0.999972
55000900130309,2021-03-23,1,0,0.999972
55000900130309,2021-03-24,1,0,0.999972
55000900130309,2021-03-25,1,0,0.999972
55000900130309,2021-03-26,1,0,0.999972
55000900130309,2021-03-27,1,0,0.999972
55000900130309,2021-03-28,1,0,0.999972
55000900130309,2021-03-29,1,0,0.999972
55000900130309,2021-03-30,1,0,0.999972
55000900130309,2021-03-31,1,0,0.999972
55000900130309,2021-04-01,1,0,0.999972
55000900130309,2021-04-02,1,0,0.999972
55000900130309,2021-04-03,1,0,0.999972
55000900130309,2021-04-04,1,0,0.999972
55000900130309,2021-04-05,1,0,0.999972
55000900130309,2021-04-06,1,0,0.999972
55000900130309,2021-04-07,1,0,0.999972
55000900130309,2021-04-08,1,0,0.999972
55000900130309,2021-04-09,1,0,0.999972
55000900130309,2021-04-10,1,0,0.999972
55000900130309,2021-04-11,1,0,0.999972
55000900130309,2021-04-12,1,0,0.999972
55000900130309,2021-04-13,1,0,0.999972
55000900130309,2021-04-14,1,0,0.999972
55000900130309,2021-04-15,1,0,0.999972
55000900130309,2021-04-16,1,0,0.999972
55000900130309,2021-04-17,1,0,0.999972
55000900130309,2021-04-18,1,0,0.999972
55000900130309,2021-04-19,1,0,0.999972
55000900130309,2021-04-20,1,0,0.999972
55000900130309,2021-04-21,1,0,0.999972
55000900130309,2021-04-22,1,0,0.999972
55000900130309,2021-04-23,1,0,0.999972
55000900130309,2021-04-24,1,0,0.999972
55000900130309,2021-04-25,1,0,0.999972
55000900130309,2021-04-26,1,0,0.999972
55000900130309,2021-04-27,1,0,0.999972
55000900130309,2021-04-28,1,0,0.999972
55000900130309,2021-04-29,1,0,0.999972
55000900130309,2021-04-30,1,0,0.999972
55000900130309,2021-05-01,1,0,0.999972
55000900130309,2021-05-02,1,0,0.999972
55000900130309,2021-05-03,1,0,0.999972
55000900130309,2021-05-04,1,0,0.999972
55000900130309,2021-05-05,1,0,0.999972
55000900130309,2021-05-06,1,0,0.999972
55000900130309,2021-05-07,1,0,0.999972
55000900130309,2021-05-08,1,0,0.999972
55000900130309,2021-05-09,1,0,0.999972
55000900130309,2021-05-10,1,0,0.999972
55000900130309,2021-05-11,1,0,0.999972
55000900130309,2021-05-12,1,0,0.999972
55000900130309,2021-05-13,1,0,0.999972
55000900130309,2021-05-14,1,0,0.999972
55000900130309,2021-05-15,1,0,0.999972
55000900130309,2021-05-16,1,0,0.999972
55000900130309,2021-05-17,1,0,0.999972
55000900130309,2021-05-18,1,0,0.999972
55000900130309,2021-05-19,1,0,0.999972
55000900130309,2021-05-20,1,0,0.999972
55000900130309,2021-05-21,1,0,0.999972
55000900130309,2021-05-22,1,0,0.999972
55000900130309,2021-05-23,1,0,0.999972
55000900130309,2021-05-24,1,0,0.999972
55000900130309,2021-05-25,1,0,0.999972
55000900130309,2021-05-26,1,0,0.999972
55000900130309,2021-05-27,1,0,0.999972
55000900130309,2021-05-28,1,0,0.999972
55000900130309,2021-05-29,1,0,0.999972
55000900130309,2021-05-30,1,0,0.999972
55000900130309,2021-05-31,1,0,0.999972
55000900130309,2021-06-01,1,0,0.999972
55000900130309,2021-06-02,1,0,0.999972
55000900130309,2021-06-03,1,0,0.999972
55000900130309,2021-06-04,1,0,0.999972
55000900130309,2021-06-05,1,0,0.999972
55000900130309,2021-06-06,1,0,0.999972
55000900130309,2021-06-07,1,0,0.999972
55000900130309,2021-06-08,1,0,0.999972
55000900130309,2021-06-09,1,0,0.999972
55000900130309,2021-06-10,1,0,0.999972
55000900130309,2021-06-11,1,0,0.999972
55000900130309,2021-06-12,1,0,0.999972
55000900130309,2021-06-13,1,0,0.999972
55000900130309,2021-06-14,1,0,0.999972
55000900130309,2021-06-15,1,0,0.999972
55000900130309,2021-06-16,1,0,0.999972
55000900130309,2021-06-17,1,0,0.999972
55000900130309,2021-06-18,1,0,0.999972
55000900130309,2021-06-19,1,0,0.999972
55000900130309,2021-06-20,1,0,0.999972
55000900130309,2021-06-21,1,0,0.999972
55000900130309,2021-06-22,1,0,0.999972
55000900130309,2021-06-23,1,0,0.999972
55000900130309,2021-06-24,1,0,0.999972
55000900130309,2021-06-25,1,0,0.999972
55000900130309,2021-06-26,1,0,0.999972
55000900130309,2021-06-27,1,0,0.999972
55000900130309,2021-06-28,1,0,0.999972
55000900130309,2021-06-29,1,0,0.999972
55000900130309,2021-06-30,1,0,0.999972
55000900130309,2021-07-01,1,0,0.999972
55000900130309,2021-07-02,1,0,0.999972
55000900130309,2021-07-03,1,0,0.999972
55000900130309,2021-07-04,1,0,0.999972
55000900130309,2021-07-05,1,0,0.999972
55000900130309,2021-07-06,1,0,0.999972
55000900130309,2021-07-07,1,0,0.999972
55000900130309,2021-07-08,1,0,0.999972
55000900130309,2021-07-09,1,0,0.999972
55000900130309,2021-07-10,1,0,0.999972
55000900130309,2021-07-11,1,0,0.999972
55000900130309,2021-07-12,1,0,0.999972
55000900130309,2021-07-13,1,0,0.999972
55000900130309,2021-07-14,1,0,0.999972
55000900130309,2021-07-15,1,0,0.999972
55000900130309,2021-07-16,1,0,0.999972
55000900130309,2021-07-20,1,0,0.999972
55000900130309,2021-07-21,1,0,0.999972
55000900130309,2021-07-22,1,0,0.999972
55000900130309,2021-07-23,1,0,0.999972
55000900130309,2021-07-24,1,0,0.999972
55000900130309,2021-07-25,1,0,0.999972
55000900130309,2021-07-26,1,0,0.999972
55000900130309,2021-07-27,1,0,0.999972
55000900130309,2021-07-28,1,0,0.999972
55000900130309,2021-07-29,1,0,0.999972
55000900130309,2021-07-30,1,0,0.999972
55000900130309,2021-07-31,1,0,0.999972
55000900130309,2021-08-01,1,0,0.999972
55000900130309,2021-08-02,1,0,0.999972
55000900130309,2021-08-03,1,0,0.999972
55000900130309,2021-08-04,1,0,0.999972
55000900130309,2021-08-05,1,0,0.999972
55000900130309,2021-08-06,1,0,0.999972
55000900130309,2021-08-07,1,0,0.999972
55000900130309,2021-08-08,1,0,0.999972
55000900130309,2021-08-09,1,0,0.999972
55000900130309,2021-08-10,1,0,0.999972
55000900130309,2021-08-11,1,0,0.999972
55000900130309,2021-08-12,1,0,0.999972
55000900130309,2021-08-13,1,0,0.999972
55000900130309,2021-08-14,1,0,0.999972
55000900130309,2021-08-15,1,0,0.999972
55000900130309,2021-08-16,1,0,0.999972
55000900130309,2021-08-25,1,0,0.999972
55000900130309,2021-08-26,1,0,0.999972
55000900130309,2021-08-27,1,0,0.999972
55000900130309,2021-08-28,1,0,0.999972
55000900130309,2021-08-29,1,0,0.999972
55000900130309,2021-08-30,1,0,0.999972
55000900130309,2021-08-31,1,0,0.999972
55000900130309,2021-09-01,1,0,0.999972
55000900130309,2021-09-02,1,0,0.999972
55000900130309,2021-09-03,1,0,0.999972
55000900130309,2021-09-04,1,0,0.999972
55000900130309,2021-09-05,1,0,0.999972
55000900130309,2021-09-06,1,0,0.999972
55000900130309,2021-09-07,1,0,0.999972
55000900130309,2021-09-08,1,0,0.999972
55000900130309,2021-09-09,1,0,0.999972
55000900130309,2021-09-10,1,0,0.999972
55000900130309,2021-09-11,1,0,0.999972
55000900130309,2021-09-12,1,0,0.999972
55000900130309,2021-09-13,1,0,0.999972
55000900130309,2021-09-14,1,0,0.999972
55000900130309,2021-09-15,1,0,0.999972
55000900130309,2021-09-16,1,0,0.999972
55000900130309,2021-09-17,1,0,0.999972
55000900130309,2021-09-18,1,0,0.999972
55000900130309,2021-09-19,1,0,0.999972
55000900130309,2021-09-20,1,0,0.999972
55000900130309,2021-09-21,1,0,0.999972
55000900130309,2021-09-22,1,0,0.999972
55000900130309,2021-09-23,1,0,0.999972
55000900130309,2021-09-24,1,0,0.999972
55000900130309,2021-09-25,1,0,0.999972
55000900130309,2021-09-26,1,0,0.999972
55000900130309,2021-09-27,1,0,0.999972
55000900130309,2021-09-28,1,0,0.999972
55000900130309,2021-09-29,1,0,0.999972
55000900130309,2021-09-30,1,0,0.999972
55000900130309,2021-10-01,1,0,0.999972
55000900130309,2021-10-02,1,0,0.999972
55000900130309,2021-10-03,1,0,0.999972
55000900130309,2021-10-04,1,0,0.999972
55000900130309,2021-10-05,1,0,0.999972
55000900130309,2021-10-06,1,0,0.999972
55000900130309,2021-10-07,1,0,0.999972
55000900130309,2021-10-08,1,0,0.999972
55000900130309,2021-10-09,1,0,0.999972
55000900130309,2021-10-10,1,0,0.999972
55000900130309,2021-10-11,1,0,0.999972
55000900130309,2021-10-12,1,0,0.999972
55000900130309,2021-10-13,1,0,0.999972
55000900130309,2021-10-14,1,0,0.999972
55000900130309,2021-10-15,1,0,0.999972
55000900130309,2021-10-16,1,0,0.999972
55000900130309,2021-10-17,1,0,0.999972
55000900130309,2021-10-18,1,0,0.999972
55000900130309,2021-10-19,1,0,0.999972
55000900130309,2021-10-20,1,0,0.999972
55000900130309,2021-10-21,1,0,0.999972
55000900130309,2021-10-22,1,0,0.999972
55000900130309,2021-10-23,1,0,0.999972
55000900130309,2021-10-24,1,0,0.999972
55000900130309,2021-10-25,1,0,0.999972
55000900130309,2021-10-26,1,0,0.999972
55000900130309,2021-10-27,1,0,0.999972
55000900130309,2021-10-28,1,0,0.999972
55000900130309,2021-10-29,1,0,0.999972
55000900130309,2021-10-30,1,0,0.999972
55000900130309,2021-10-31,1,0,0.999972
55000900130309,2021-11-01,1,0,0.999972
55000900130309,2021-11-02,1,0,0.999972
55000900130309,2021-11-03,1,0,0.999972
55000900130309,2021-11-04,1,0,0.999972
55000900130309,2021-11-05,1,0,0.999972
55000900130309,2021-11-06,1,0,0.999972
55000900130309,2021-11-07,1,0,0.999972
55000900130309,2021-11-08,1,0,0.999972
55000900130309,2021-11-09,1,0,0.999972
55000900130309,2021-11-10,1,0,0.999972
55000900130309,2021-11-11,1,0,0.999972
55000900130309,2021-11-12,1,0,0.999972
55000900130309,2021-11-13,1,0,0.999972
55000900130309,2021-11-14,1,0,0.999972
55000900130309,2021-11-15,1,0,0.999972
55000900130309,2021-11-16,1,0,0.999972
55000900130309,2021-11-17,1,0,0.999972
55000900130309,2021-11-18,1,0,0.999972
55000900130309,2021-11-19,1,0,0.999972
55000900130309,2021-11-20,1,0,0.999972
55000900130309,2021-11-21,1,0,0.999972
55000900130309,2021-11-22,1,0,0.999972
55000900130309,2021-11-23,1,0,0.999972
55000900130309,2021-11-24,1,0,0.999972
55000900130309,2021-11-25,1,0,0.999972
55000900130309,2021-11-26,1,0,0.999972
55000900130309,2021-11-27,1,0,0.999972
55000900130309,2021-11-28,1,0,0.999972
55000900130309,2021-11-29,1,0,0.999972
55000900130309,2021-11-30,1,0,0.999972
55000900130309,2021-12-01,1,0,0.999972
55000900130309,2021-12-02,1,0,0.999972
55000900130309,2021-12-03,1,0,0.999972
55000900130309,2021-12-04,1,0,0.999972
55000900130309,2021-12-05,1,0,0.999972
55000900130309,2021-12-06,1,0,0.999972
55000900130309,2021-12-07,1,0,0.999972
55000900130309,2021-12-08,1,0,0.999972
55000900130309,2021-12-09,1,0,0.999972
55000900130309,2021-12-10,1,0,0.999972
55000900130309,2021-12-11,1,0,0.999972
55000900130309,2021-12-12,1,0,0.999972
55000900130309,2021-12-13,1,0,0.999972
55000900130309,2021-12-14,1,0,0.999972
55000900130309,2021-12-15,1,0,0.999972
55000900130309,2021-12-16,1,0,0.999972
55000900130309,2021-12-17,1,0,0.999972
55000900130309,2021-12-18,1,0,0.999972
55000900130309,2021-12-19,1,0,0.999972
55000900130309,2021-12-20,1,0,0.999972
55000900130309,2021-12-21,1,0,0.999972
55000900130309,2021-12-22,1,0,0.999972
55000900130309,2021-12-23,1,0,0.999972
55000900130309,2021-12-24,1,0,0.999972
55000900130309,2021-12-25,1,0,0.999972
55000900130309,2021-12-26,1,0,0.999972
55000900130309,2021-12-27,1,0,0.999972
55000900130309,2021-12-28,1,0,0.999972
55000900130309,2021-12-29,1,0,0.999972
55000900130309,2021-12-30,1,0,0.999972
55000900130309,2021-12-31,1,0,0.999972
55000900130309,2022-01-01,1,0,0.999972
55000900130309,2022-01-02,1,0,0.999972
55000900130309,2022-01-03,1,0,0.999972
55000900130309,2022-01-04,1,0,0.999972
55000900130309,2022-01-05,1,0,0.999972
55000900130309,2022-01-06,1,0,0.999972
55000900130309,2022-01-07,1,0,0.999972
55000900130309,2022-01-08,1,0,0.999972
55000900130309,2022-01-09,1,0,0.999972
55000900130309,2022-01-10,1,0,0.999972
55000900130309,2022-01-11,1,0,0.999972
55000900130309,2022-01-12,1,0,0.999972
55000900130309,2022-01-13,1,0,0.999972
55000900130309,2022-01-14,1,0,0.999972
55000900130309,2022-01-15,1,0,0.999972
55000900130309,2022-01-16,1,0,0.999972
55000900130309,2022-01-17,1,0,0.999972
55000900130309,2022-01-18,1,0,0.999972
55000900130309,2022-01-19,1,0,0.999972
55000900130309,2022-01-20,1,0,0.999972
55000900130309,2022-01-21,1,0,0.999972
55000900130309,2022-01-22,1,0,0.999972
55000900130309,2022-01-23,1,0,0.999972
55000900130309,2022-01-24,1,0,0.999972
55000900130309,2022-01-25,1,0,0.999972
55000900130309,2022-01-26,1,0,0.999972
55000900130309,2022-01-27,1,0,0.999972
55000900130309,2022-01-28,1,0,0.999972
55000900130309,2022-01-29,1,0,0.999972
55000900130309,2022-01-30,1,0,0.999972
55000900130309,2022-01-31,1,0,0.999972
55000900130309,2022-02-01,1,0,0.999972
55000900130309,2022-02-02,1,0,0.999972
55000900130309,2022-02-03,1,0,0.999972
55000900130309,2022-02-04,1,0,0.999972
55000900130309,2022-02-05,1,0,0.999972
55000900130309,2022-02-06,1,0,0.999972
55000900130309,2022-02-07,1,0,0.999972
55000900130309,2022-02-08,1,0,0.999972
55000900130309,2022-02-09,1,0,0.999972
55000900130309,2022-02-10,1,0,0.999972
55000900130309,2022-02-11,1,0,0.999972
55000900130309,2022-02-12,1,0,0.999972
55000900130309,2022-02-13,1,0,0.999972
55000900130309,2022-02-14,1,0,0.999972
55000900130309,2022-02-15,1,0,0.999972
55000900130309,2022-02-16,1,0,0.999972
55000900130309,2022-02-17,1,0,0.999972
55000900130309,2022-02-18,1,0,0.999972
55000900130309,2022-02-19,1,0,0.999972
55000900130309,2022-02-20,1,0,0.999972
55000900130309,2022-02-21,1,0,0.999972
55000900130309,2022-02-22,1,0,0.999972
55000900130309,2022-02-23,1,0,0.999972
55000900130309,2022-02-24,1,0,0.999972
55000900130309,2022-02-25,1,0,0.999972
55000900130309,2022-02-26,1,0,0.999972
55000900130309,2022-02-27,1,0,0.999972
55000900130309,2022-02-28,1,0,0.999972
55000900130309,2022-03-01,1,0,0.999972
55000900130309,2022-03-02,1,0,0.999972
55000900130309,2022-03-03,1,0,0.999972
55000900130309,2022-03-04,1,0,0.999972
55000900130309,2022-03-05,1,0,0.999972
55000900130309,2022-03-06,1,0,0.999972
55000900130309,2022-03-07,1,0,0.999972
55000900130309,2022-03-08,1,0,0.999972
55000900130309,2022-03-09,1,0,0.999972
55000900130309,2022-03-10,1,0,0.999972
55000900130309,2022-03-11,1,0,0.999972
55000900130309,2022-03-12,1,0,0.999972
55000900130309,2022-03-14,1,0,0.999972
55000900130309,2022-03-15,1,0,0.999972
55000900130309,2022-03-16,1,0,0.999972
55000900130309,2022-03-17,1,0,0.999972
55000900130309,2022-03-18,1,0,0.999972
55000900130309,2022-03-19,1,0,0.999972
55000900130309,2022-03-20,1,0,0.999972
55000900130309,2022-03-21,1,0,0.999972
55000900130309,2022-03-22,1,0,0.999972
55000900130309,2022-03-23,1,0,0.999972
55000900130309,2022-03-24,1,0,0.999972
55000900130309,2022-03-25,1,0,0.999972
55000900130309,2022-03-26,1,0,0.999972
55000900130309,2022-03-27,1,0,0.999972
55000900130309,2022-03-28,1,0,0.999972
55000900130309,2022-03-29,1,0,0.999972
55000900130309,2022-03-30,1,0,0.999972
55000900130309,2022-03-31,1,0,0.999972
55000900130309,2022-04-01,1,0,0.999972
55000900130309,2022-04-02,1,0,0.999972
55000900130309,2022-04-03,1,0,0.999972
55000900130309,2022-04-04,1,0,0.999972
55000900130309,2022-04-05,1,0,0.999972
55000900130309,2022-04-06,1,0,0.999972
55000900130309,2022-04-07,1,0,0.999972
55000900130309,2022-04-08,1,0,0.999972
55000900130309,2022-04-09,1,0,0.999972
55000900130309,2022-04-10,1,0,0.999972
55000900130309,2022-04-11,1,0,0.999972
55000900130309,2022-04-12,1,0,0.999972
55000900130309,2022-04-13,1,0,0.999972
55000900130309,2022-04-14,1,0,0.999972
55000900130309,2022-04-15,1,0,0.999972
55000900130309,2022-04-16,1,0,0.999972
55000900130309,2022-04-17,1,0,0.999972
55000900130309,2022-04-18,1,0,0.999972
55000900130309,2022-04-19,1,0,0.999972
55000900130309,2022-04-20,1,0,0.999972
55000900130309,2022-04-21,1,0,0.999972
55000900130309,2022-04-22,1,0,0.999972
55000900130309,2022-04-23,1,0,0.999972
55000900130309,2022-04-24,1,0,0.999972
55000900130309,2022-04-25,1,0,0.999972
55000900130309,2022-04-26,1,0,0.999972
55000900130309,2022-04-27,1,0,0.999972
55000900130309,2022-04-28,1,0,0.999972
55000900130309,2022-04-29,1,0,0.999972
55000900130309,2022-04-30,1,0,0.999972
55000900130309,2022-05-01,1,0,0.999972
55000900130309,2022-05-02,1,0,0.999972
55000900130309,2022-05-03,1,0,0.999972
55000900130309,2022-05-04,1,0,0.999972
55000900130309,2022-05-05,1,0,0.999972
55000900130309,2022-05-06,1,0,0.999972
55000900130309,2022-05-07,1,0,0.999972
55000900130309,2022-05-08,1,0,0.999972
55000900130309,2022-05-09,1,0,0.999972
55000900130309,2022-05-10,1,0,0.999972
55000900130309,2022-05-11,1,0,0.999972
55000900130309,2022-05-12,1,0,0.999972
55000900130309,2022-05-13,1,0,0.999972
55000900130309,2022-05-14,1,0,0.999972
55000900130309,2022-05-15,1,0,0.999972
55000900130309,2022-05-16,1,0,0.999972
55000900130309,2022-05-17,1,0,0.999972
55000900130309,2022-05-18,1,0,0.999972
55000900130309,2022-05-19,1,0,0.999972
55000900130309,2022-05-20,1,0,0.999972
55000900130309,2022-05-21,1,0,0.999972
55000900130309,2022-05-22,1,0,0.999972
55000900130309,2022-05-23,1,0,0.999972
55000900130309,2022-05-24,1,0,0.999972
55000900130309,2022-05-25,1,0,0.999972
55000900130309,2022-05-26,1,0,0.999972
55000900130309,2022-05-27,1,0,0.999972
55000900130309,2022-05-28,1,0,0.999972
55000900130309,2022-05-29,1,0,0.999972
55000900130309,2022-05-30,1,0,0.999972
55000900130309,2022-05-31,1,0,0.999972
55000900130309,2022-06-01,1,0,0.999972
55000900130309,2022-06-02,1,0,0.999972
55000900130309,2022-06-03,1,0,0.999972
55000900130309,2022-06-04,1,0,0.999972
55000900130309,2022-06-05,1,0,0.999972
55000900130309,2022-06-06,1,0,0.999972
55000900130309,2022-06-07,1,0,0.999972
55000900130309,2022-06-08,1,0,0.999972
55000900130309,2022-06-09,1,0,0.999972
55000900130309,2022-06-10,1,0,0.999972
55000900130309,2022-06-11,1,0,0.999972
55000900130309,2022-06-12,1,0,0.999972
55000900130309,2022-06-13,1,0,0.999972
55000900130309,2022-06-14,1,0,0.999972
55000900130309,2022-06-15,1,0,0.999972
55000900130309,2022-06-16,1,0,0.999972
55000900130309,2022-06-17,1,0,0.999972
55000900130309,2022-06-18,1,0,0.999972
55000900130309,2022-06-19,1,0,0.999972
55000900130309,2022-06-20,1,0,0.999972
55000900130309,2022-06-21,1,0,0.999972
55000900130309,2022-06-22,1,0,0.999972
55000900130309,2022-06-23,1,0,0.999972
55000900130309,2022-06-24,1,0,0.999972
55000900130309,2022-06-25,1,0,0.999972
55000900130309,2022-06-26,1,0,0.999972
55000900130309,2022-06-27,1,0,0.999972
55000900130309,2022-06-28,1,0,0.999972
55000900130309,2022-06-29,1,0,0.999972
55000900130309,2022-06-30,1,0,0.999972
55000900130309,2022-07-01,1,0,0.999972
55000900130309,2022-07-02,1,0,0.999972
55000900130309,2022-07-03,1,0,0.999972
55000900130309,2022-07-04,1,0,0.999972
55000900130309,2022-07-05,1,0,0.999972
55000900130309,2022-07-06,1,0,0.999972
55000900130309,2022-07-07,1,0,0.999972
55000900130309,2022-07-08,1,0,0.999972
55000900130309,2022-07-09,1,0,0.999972
55000900130309,2022-07-10,1,0,0.999972
55000900130309,2022-07-11,1,0,0.999972
55000900130309,2022-07-12,1,0,0.999972
55000900130309,2022-07-13,1,0,0.999972
55000900130309,2022-07-14,1,0,0.999972
55000900130309,2022-07-15,1,0,0.999972
55000900130309,2022-07-16,1,0,0.999972
55000900130309,2022-07-17,1,0,0.999972
55000900130309,2022-07-18,1,0,0.999972
55000900130309,2022-07-19,1,0,0.999972
55000900130309,2022-07-20,1,0,0.999972
55000900130309,2022-07-21,1,0,0.999972
55000900130309,2022-07-22,1,0,0.999972
55000900130309,2022-07-23,1,0,0.999972
55000900130309,2022-07-24,1,0,0.999972
55000900130309,2022-07-25,1,0,0.999972
55000900130309,2022-07-26,1,0,0.999972
55000900130309,2022-07-27,1,0,0.999972
55000900130309,2022-07-28,1,0,0.999972
55000900130309,2022-07-29,1,0,0.999972
55000900130309,2022-07-30,1,0,0.999972
55000900130309,2022-07-31,1,0,0.999972
55000900130309,2022-08-01,1,0,0.999972
55000900130309,2022-08-02,1,0,0.999972
55000900130309,2022-08-03,1,0,0.999972
55000900130309,2022-08-04,1,0,0.999972
55000900130309,2022-08-05,1,0,0.999972
55000900130309,2022-08-06,1,0,0.999972
55000900130309,2022-08-07,1,0,0.999972
55000900130309,2022-08-08,1,0,0.999972
55000900130309,2022-08-09,1,0,0.999972
55000900130309,2022-08-10,1,0,0.999972
55000900130309,2022-08-11,1,0,0.999972
55000900130309,2022-08-12,1,0,0.999972
55000900130309,2022-08-13,1,0,0.999972
55000900130309,2022-08-14,1,0,0.999972
55000900130309,2022-08-15,1,0,0.999972
55000900130309,2022-08-16,1,0,0.999972
55000900130309,2022-08-17,1,0,0.999972
55000900130309,2022-08-18,1,0,0.999972
55000900130309,2022-08-19,1,0,0.999972
55000900130309,2022-08-20,1,0,0.999972
55000900130309,2022-08-21,1,0,0.999972
55000900130309,2022-08-22,1,0,0.999972
55000900130309,2022-08-23,1,0,0.999972
55000900130309,2022-08-24,1,0,0.999972
55000900130309,2022-08-25,1,0,0.999972
55000900130309,2022-08-26,1,0,0.999972
55000900130309,2022-08-27,1,0,0.999972
55000900130309,2022-08-28,1,0,0.999972
55000900130309,2022-08-29,1,0,0.999972
55000900130309,2022-08-30,1,0,0.999972
55000900130309,2022-08-31,1,0,0.999972
55000900130309,2022-09-01,1,0,0.999972
55000900130309,2022-09-02,1,0,0.999972
55000900130309,2022-09-03,1,0,0.999972
55000900130309,2022-09-04,1,0,0.999972
55000900130309,2022-09-05,1,0,0.999972
55000900130309,2022-09-06,1,0,0.999972
55000900130309,2022-09-07,1,0,0.999972
55000900130309,2022-09-08,1,0,0.999972
55000900130309,2022-09-09,1,0,0.999972
55000900130309,2022-09-10,1,0,0.999972
55000900130309,2022-09-11,1,0,0.999972
55000900130309,2022-09-12,1,0,0.999972
55000900130309,2022-09-13,1,0,0.999972
55000900130309,2022-09-14,1,0,0.999972
55000900130309,2022-09-15,1,0,0.999972
55000900130309,2022-09-16,1,0,0.999972
55000900130309,2022-09-17,1,0,0.999972
55000900130309,2022-09-18,1,0,0.999972
55000900130309,2022-09-19,1,0,0.999972
55000900130309,2022-09-20,1,0,0.999972
55000900130309,2022-09-21,1,0,0.999972
55000900130309,2022-09-22,1,0,0.999972
55000900130309,2022-09-23,1,0,0.999972
55000900130309,2022-09-24,1,0,0.999972
55000900130309,2022-09-25,1,0,0.999972
55000900130309,2022-09-26,1,0,0.999972
55000900130309,2022-09-27,1,0,0.999972
55000900130309,2022-09-28,1,0,0.999972
55000900130309,2022-09-29,1,0,0.999972
55000900130309,2022-09-30,1,0,0.999972
55000900130309,2022-10-01,1,0,0.999972
55000900130309,2022-10-02,1,0,0.999972
55000900130309,2022-10-03,1,0,0.999972
55000900130309,2022-10-04,1,0,0.999972
55000900130309,2022-10-05,1,0,0.999972
55000900130309,2022-10-06,1,0,0.999972
55000900130309,2022-10-07,1,0,0.999972
55000900130309,2022-10-08,1,0,0.999972
55000900130309,2022-10-09,1,0,0.999972
55000900130309,2022-10-10,1,0,0.999972
55000900130309,2022-10-11,1,0,0.999972
55000900130309,2022-10-12,1,0,0.999972
55000900130309,2022-10-13,1,0,0.999972
55000900130309,2022-10-14,1,0,0.999972
55000900130309,2022-10-15,1,0,0.999972
55000900130309,2022-10-16,1,0,0.999972
55000900130309,2022-10-17,1,0,0.999972
55000900130309,2022-10-18,1,0,0.999972
55000900130309,2022-10-19,1,0,0.999972
55000900130309,2022-10-20,1,0,0.999972
55000900130309,2022-10-21,1,0,0.999972
55000900130309,2022-10-22,1,0,0.999972
55000900130309,2022-10-23,1,0,0.999972
55000900130309,2022-10-24,1,0,0.999972
55000900130309,2022-10-25,1,0,0.999972
55000900130309,2022-10-26,1,0,0.999972
55000900130309,2022-10-27,1,0,0.999972
55000900130309,2022-10-28,1,0,0.999972
55000900130309,2022-10-29,1,0,0.999972
55000900130309,2022-10-30,1,0,0.999972
55000900130309,2022-10-31,1,0,0.999972
55000900130309,2022-11-01,1,0,0.999972
55000900130309,2022-11-02,1,0,0.999972
55000900130309,2022-11-03,1,0,0.999972
55000900130309,2022-11-04,1,0,0.999972
55000900130309,2022-11-05,1,0,0.999972
55000900130309,2022-11-06,1,0,0.999972
55000900130309,2022-11-07,1,0,0.999972
55000900130309,2022-11-08,1,0,0.999972
55000900130309,2022-11-09,1,0,0.999972
55000900130309,2022-11-10,1,0,0.999972
55000900130309,2022-11-11,1,0,0.999972
55000900130309,2022-11-12,1,0,0.999972
55000900130309,2022-11-13,1,0,0.999972
55000900130309,2022-11-14,1,0,0.999972
55000900130309,2022-11-15,1,0,0.999972
55000900130309,2022-11-16,1,0,0.999972
55000900130309,2022-11-17,1,0,0.999972
55000900130309,2022-11-18,1,0,0.999972
55000900130309,2022-11-19,1,0,0.999972
55000900130309,2022-11-20,1,0,0.999972
55000900130309,2022-11-21,1,0,0.999972
55000900130309,2022-11-22,1,0,0.999972
55000900130309,2022-11-23,1,0,0.999972
55000900130309,2022-11-24,1,0,0.999972
55000900130309,2022-11-25,1,0,0.999972
55000900130309,2022-11-26,1,0,0.999972
55000900130309,2022-11-27,1,0,0.999972
55000900130309,2022-11-28,1,0,0.999972
55000900130309,2022-11-29,1,0,0.999972
55000900130309,2022-11-30,1,0,0.999972
55000900130309,2022-12-01,1,0,0.999972
55000900130309,2022-12-02,1,0,0.999972
55000900130309,2022-12-03,1,0,0.999972
55000900130309,2022-12-04,1,0,0.999972
55000900130309,2022-12-05,1,0,0.999972
55000900130309,2022-12-06,1,0,0.999972
55000900130309,2022-12-07,1,0,0.999972
55000900130309,2022-12-08,1,0,0.999972
55000900130309,2022-12-09,1,0,0.999972
55000900130309,2022-12-10,1,0,0.999972
55000900130309,2022-12-11,1,0,0.999972
55000900130309,2022-12-12,1,0,0.999972
55000900130309,2022-12-13,1,0,0.999972
55000900130309,2022-12-14,1,0,0.999972
55000900130309,2022-12-15,1,0,0.999972
55000900130309,2022-12-16,1,0,0.999972
55000900130309,2022-12-17,1,0,0.999972
55000900130309,2022-12-18,1,0,0.999972
55000900130309,2022-12-19,1,0,0.999972
55000900130309,2022-12-20,1,0,0.999972
55000900130309,2022-12-21,1,0,0.999972
55000900130309,2022-12-22,1,0,0.999972
55000900130309,2022-12-23,1,0,0.999972
55000900130309,2022-12-24,1,0,0.999972
55000900130309,2022-12-25,1,0,0.999972
55000900130309,2022-12-26,1,0,0.999972
55000900130309,2022-12-27,1,0,0.999972
55000900130309,2022-12-28,1,0,0.999972
55000900130309,2022-12-29,1,0,0.999972
55000900130309,2022-12-30,1,0,0.999972
55000900130309,2022-12-31,1,0,0.999972
55000900130309,2023-01-01,1,0,0.999972
55000900130309,2023-01-02,1,0,0.999972
55000900130309,2023-01-03,1,0,0.999972
55000900130309,2023-01-04,1,0,0.999972
55000900130309,2023-01-05,1,0,0.999972
55000900130309,2023-01-06,1,0,0.999972
55000900130309,2023-01-07,1,0,0.999972
55000900130309,2023-01-08,1,0,0.999972
55000900130309,2023-01-09,1,0,0.999972
55000900130309,2023-01-10,1,0,0.999972
55000900130309,2023-01-11,1,0,0.999972
55000900130309,2023-01-12,1,0,0.999972
55000900130309,2023-01-13,1,0,0.999972
55000900130309,2023-01-14,1,0,0.999972
55000900130309,2023-01-15,1,0,0.999972
55000900130309,2023-01-16,1,0,0.999972
55000900130309,2023-01-17,1,0,0.999972
55000900130309,2023-01-18,1,0,0.999972
55000900130309,2023-01-19,1,0,0.999972
55000900130309,2023-01-20,1,0,0.999972
55000900130309,2023-01-21,1,0,0.999972
55000900130309,2023-01-22,1,0,0.999972
55000900130309,2023-01-23,1,0,0.999972
55000900130309,2023-01-24,1,0,0.999972
55000900130309,2023-01-25,1,0,0.999972
55000900130309,2023-01-26,1,0,0.999972
55000900130309,2023-01-27,1,0,0.999972
55000900130309,2023-01-28,1,0,0.999972
55000900130309,2023-01-29,1,0,0.999972
55000900130309,2023-01-30,1,0,0.999972
55000900130309,2023-01-31,1,0,0.999972
55000900130309,2023-02-01,1,0,0.999972
55000900130309,2023-02-02,1,0,0.999972
55000900130309,2023-02-03,1,0,0.999972
55000900130309,2023-02-04,1,0,0.999972
55000900130309,2023-02-05,1,0,0.999972
55000900130309,2023-02-06,1,0,0.999972
55000900130309,2023-02-07,1,0,0.999972
55000900130309,2023-02-08,1,0,0.999972
55000900130309,2023-02-09,1,0,0.999972
55000900130309,2023-02-10,1,0,0.999972
55000900130309,2023-02-11,1,0,0.999972
55000900130309,2023-02-12,1,0,0.999972
55000900130309,2023-02-13,1,0,0.999972
55000900130309,2023-02-14,1,0,0.999972
55000900130309,2023-02-15,1,0,0.999972
55000900130309,2023-02-16,1,0,0.999972
55000900130309,2023-02-17,1,0,0.999972
55000900130309,2023-02-18,1,0,0.999972
55000900130309,2023-02-19,1,0,0.999972
55000900130309,2023-02-20,1,0,0.999972
55000900130309,2023-02-21,1,0,0.999972
55000900130309,2023-02-22,1,0,0.999972
55000900130309,2023-02-23,1,0,0.999972
55000900130309,2023-02-24,1,0,0.999972
55000900130309,2023-02-25,1,0,0.999972
55000900130309,2023-02-26,1,0,0.999972
55000900130309,2023-02-27,1,0,0.999972
55000900130309,2023-02-28,1,0,0.999972
55000900130309,2023-03-01,1,0,0.999972
55000900130309,2023-03-02,1,0,0.999972
55000900130309,2023-03-03,1,0,0.999972
55000900130309,2023-03-04,1,0,0.999972
55000900130309,2023-03-05,1,0,0.999972
55000900130309,2023-03-06,1,0,0.999972
55000900130309,2023-03-07,1,0,0.999972
55000900130309,2023-03-08,1,0,0.999972
55000900130309,2023-03-09,1,0,0.999972
55000900130309,2023-03-10,1,0,0.999972
55000900130309,2023-03-11,1,0,0.999972
55000900130309,2023-03-13,1,0,0.999972
55000900130309,2023-03-14,1,0,0.999972
55000900130309,2023-03-15,1,0,0.999972
55000900130309,2023-03-16,1,0,0.999972
55000900130309,2023-03-17,1,0,0.999972
55000900130309,2023-03-18,1,0,0.999972
55000900130309,2023-03-19,1,0,0.999972
55000900130309,2023-03-20,1,0,0.999972
55000900130309,2023-03-21,1,0,0.999972
55000900130309,2023-03-22,1,0,0.999972
55000900130309,2023-03-23,1,0,0.999972
55000900130309,2023-03-24,1,0,0.999972
55000900130309,2023-03-25,1,0,0.999972
55000900130309,2023-03-26,1,0,0.999972
55000900130309,2023-03-27,1,0,0.999972
55000900130309,2023-03-28,1,0,0.999972
55000900130309,2023-03-29,1,0,0.999972
55000900130309,2023-03-30,1,0,0.999972
55000900130309,2023-03-31,1,0,0.999972
55000900130309,2023-04-01,1,0,0.999972
55000900130309,2023-04-02,1,0,0.999972
55000900130309,2023-04-03,1,0,0.999972
55000900130309,2023-04-04,1,0,0.999972
55000900130309,2023-04-05,1,0,0.999972
55000900130309,2023-04-06,1,0,0.999972
55000900130309,2023-04-07,1,0,0.999972
55000900130309,2023-04-08,1,0,0.999972
55000900130309,2023-04-09,1,0,0.999972
55000900130309,2023-04-10,1,0,0.999972
55000900130309,2023-04-11,1,0,0.999972
55000900130309,2023-04-12,1,0,0.999972
55000900130309,2023-04-13,1,0,0.999972
55000900130309,2023-04-14,1,0,0.999972
55000900130309,2023-04-15,1,0,0.999972
55000900130309,2023-04-16,1,0,0.999972
55000900130309,2023-04-17,1,0,0.999972
55000900130309,2023-04-18,1,0,0.999972
55000900130309,2023-04-19,1,0,0.999972
55000900130309,2023-04-20,1,0,0.999972
55000900130316,2020-09-29,0,0,0.71635765
55000900130316,2020-09-30,0,0,0.2685831
55000900130316,2020-10-01,0,0,0.2900804
55000900130316,2020-10-02,0,0,0.2869632
55000900130316,2020-10-03,0,0,0.2761115
55000900130316,2020-10-04,0,0,0.27328748
55000900130316,2020-10-05,0,0,0.27330434
55000900130316,2020-10-06,0,0,0.26830107
55000900130316,2020-10-07,0,0,0.2692022
55000900130316,2020-10-08,0,0,0.26483667
55000900130316,2020-10-09,0,0,0.26245013
55000900130316,2020-10-10,1,0,0.25638306
55000900130316,2020-10-11,1,0,0.24826023
55000900130316,2020-10-12,1,0,0.2444465
55000900130316,2020-10-13,1,0,0.6511348
55000900130316,2020-10-14,1,0,0.6790904
55000900130316,2020-10-15,1,0,0.75857973
55000900130316,2020-10-16,1,0,0.8180024
55000900130316,2020-10-17,0,0,0.83891565
55000900130316,2020-10-18,0,0,0.85874987
55000900130316,2020-10-19,0,0,0.87556493
55000900130316,2020-10-20,0,0,0.3169505
55000900130316,2020-10-21,0,0,0.3132389
55000900130316,2020-10-22,0,0,0.29594845
55000900130316,2020-10-23,0,0,0.2861482
55000900130316,2020-10-24,0,0,0.28341585
55000900130316,2020-10-25,0,0,0.2831262
55000900130316,2020-10-26,0,0,0.278274
55000900130316,2020-10-27,0,0,0.27921337
55000900130316,2020-10-28,0,0,0.2748573
55000900130316,2020-10-29,0,0,0.27318406
55000900130316,2020-10-30,0,0,0.26800814
55000900130316,2020-10-31,0,0,0.26080716
55000900130316,2020-11-01,0,0,0.25682488
55000900130316,2020-11-02,0,0,0.25761116
55000900130316,2020-11-03,0,0,0.26013106
55000900130316,2020-11-04,0,0,0.25968322
55000900130316,2020-11-05,1,0,0.25678095
55000900130316,2020-11-06,1,0,0.25426468
55000900130316,2020-11-07,1,0,0.2539037
55000900130316,2020-11-08,1,0,0.65734756
55000900130316,2020-11-09,1,0,0.6715611
55000900130316,2020-11-10,1,0,0.7376349
55000900130316,2020-11-11,1,0,0.7691434
55000900130316,2020-11-12,1,0,0.79421866
55000900130316,2020-11-13,1,0,0.8125465
55000900130316,2020-11-14,1,0,0.83186185
55000900130316,2020-11-15,1,0,0.8496264
55000900130316,2020-11-16,1,0,0.8731465
55000900130316,2020-11-17,1,0,0.90030307
55000900130316,2020-11-18,1,0,0.91062725
55000900130316,2020-11-19,1,0,0.9192456
55000900130316,2020-11-20,1,0,0.9265399
55000900130316,2020-11-21,1,0,0.93284833
55000900130316,2020-11-22,1,0,0.9383524
55000900130316,2020-11-23,1,0,0.94307715
55000900130316,2020-11-24,1,0,0.9470203
55000900130316,2020-11-25,1,0,0.95047754
55000900130316,2020-11-26,1,0,0.95355874
55000900130316,2020-11-27,1,0,0.9563244
55000900130316,2020-11-28,1,0,0.9588679
55000900130316,2020-11-29,1,0,0.9613053
55000900130316,2020-11-30,1,0,0.9636594
55000900130316,2020-12-01,1,0,0.9662062
55000900130316,2020-12-02,1,0,0.96918875
55000900130316,2020-12-03,1,0,0.97223467
55000900130316,2020-12-04,1,0,0.97806716
55000900130316,2020-12-05,1,0,0.9812573
55000900130316,2020-12-06,1,0,0.9847062
55000900130316,2020-12-07,1,0,0.99541146
55000900130316,2020-12-08,1,0,0.99541146
55000900130316,2020-12-09,1,0,0.99541146
55000900130316,2020-12-10,1,0,0.99541146
55000900130316,2020-12-11,1,0,0.99541146
55000900130316,2020-12-12,1,0,0.99541146
55000900130316,2020-12-13,1,0,0.99541146
55000900130316,2020-12-14,1,0,0.99541146
55000900130316,2020-12-15,1,0,0.99541146
55000900130316,2020-12-16,1,0,0.99541146
55000900130316,2020-12-17,1,0,0.99541146
55000900130316,2020-12-18,1,0,0.99541146
55000900130316,2020-12-19,1,0,0.99541146
55000900130316,2020-12-20,1,0,0.99541146
55000900130316,2020-12-21,1,0,0.99541146
55000900130316,2020-12-22,1,0,0.99541146
55000900130316,2020-12-23,1,0,0.99541146
55000900130316,2020-12-24,1,0,0.99541146
55000900130316,2020-12-25,1,0,0.99541146
55000900130316,2020-12-26,1,0,0.99541146
55000900130316,2020-12-27,1,0,0.99541146
55000900130316,2020-12-28,1,0,0.99541146
55000900130316,2020-12-29,1,0,0.99541146
55000900130316,2020-12-30,1,0,0.99541146
55000900130316,2020-12-31,1,0,0.99541146
55000900130316,2021-01-01,1,0,0.99541146
55000900130316,2021-01-02,1,0,0.99541146
55000900130316,2021-01-03,1,0,0.99541146
55000900130316,2021-01-04,1,0,0.99541146
55000900130316,2021-01-05,1,0,0.99541146
55000900130316,2021-01-06,1,0,0.99541146
55000900130316,2021-01-07,1,0,0.99541146
55000900130316,2021-01-08,1,0,0.99541146
55000900130316,2021-01-09,1,0,0.99541146
55000900130316,2021-01-10,1,0,0.99541146
55000900130316,2021-01-11,1,0,0.99541146
55000900130316,2021-01-12,1,0,0.99541146
55000900130316,2021-01-13,1,0,0.99541146
55000900130316,2021-01-14,1,0,0.99541146
55000900130316,2021-01-15,1,0,0.99541146
55000900130316,2021-01-16,1,0,0.99541146
55000900130316,2021-01-17,1,0,0.99541146
55000900130316,2021-01-18,1,0,0.99541146
55000900130316,2021-01-19,1,0,0.99541146
55000900130316,2021-01-20,1,0,0.99541146
55000900130316,2021-01-21,1,0,0.99541146
55000900130316,2021-01-22,1,0,0.99541146
55000900130316,2021-01-23,1,0,0.99541146
55000900130316,2021-01-24,1,0,0.99541146
55000900130316,2021-01-25,1,0,0.99541146
55000900130316,2021-01-26,1,0,0.99541146
55000900130316,2021-01-27,1,0,0.99541146
55000900130316,2021-01-28,1,0,0.99541146
55000900130316,2021-01-29,1,0,0.99541146
55000900130316,2021-01-30,1,0,0.99541146
55000900130316,2021-01-31,1,0,0.99541146
55000900130316,2021-02-01,1,0,0.99541146
55000900130316,2021-02-02,1,0,0.99541146
55000900130316,2021-02-03,1,0,0.99541146
55000900130316,2021-02-04,1,0,0.99541146
55000900130316,2021-02-05,1,0,0.99541146
55000900130316,2021-02-06,1,0,0.99541146
55000900130316,2021-02-07,1,0,0.99541146
55000900130316,2021-02-08,1,0,0.99541146
55000900130316,2021-02-09,1,0,0.99541146
55000900130316,2021-02-10,1,0,0.99541146
55000900130316,2021-02-11,1,0,0.99541146
55000900130316,2021-02-12,1,0,0.99541146
55000900130316,2021-02-13,1,0,0.99541146
55000900130316,2021-02-14,1,0,0.99541146
55000900130316,2021-02-15,1,0,0.99541146
55000900130316,2021-02-16,1,0,0.99541146
55000900130316,2021-02-17,1,0,0.99541146
55000900130316,2021-02-18,1,0,0.99541146
55000900130316,2021-02-19,1,0,0.99541146
55000900130316,2021-02-20,1,0,0.99541146
55000900130316,2021-02-21,1,0,0.99541146
55000900130316,2021-02-22,1,0,0.99541146
55000900130316,2021-02-23,1,0,0.99541146
55000900130316,2021-02-24,1,0,0.99541146
55000900130316,2021-02-25,1,0,0.99541146
55000900130316,2021-02-26,1,0,0.99541146
55000900130316,2021-02-27,1,0,0.99541146
55000900130316,2021-02-28,1,0,0.99541146
55000900130316,2021-03-01,1,0,0.99541146
55000900130316,2021-03-02,1,0,0.99541146
55000900130316,2021-03-03,1,0,0.99541146
55000900130316,2021-03-04,1,0,0.99541146
55000900130316,2021-03-05,1,0,0.99541146
55000900130316,2021-03-06,1,0,0.99541146
55000900130316,2021-03-07,1,0,0.99541146
55000900130316,2021-03-08,1,0,0.99541146
55000900130316,2021-03-09,1,0,0.99541146
55000900130316,2021-03-10,1,0,0.99541146
55000900130316,2021-03-11,1,0,0.99541146
55000900130316,2021-03-12,1,0,0.99541146
55000900130316,2021-03-13,1,0,0.99541146
55000900130316,2021-03-15,1,0,0.99541146
55000900130316,2021-03-16,1,0,0.99541146
55000900130316,2021-03-17,1,0,0.99541146
55000900130316,2021-03-18,1,0,0.99541146
55000900130316,2021-03-19,1,0,0.99541146
55000900130316,2021-03-20,1,0,0.99541146
55000900130316,2021-03-21,1,0,0.99541146
55000900130316,2021-03-22,1,0,0.99541146
55000900130316,2021-03-23,1,0,0.99541146
55000900130316,2021-03-24,1,0,0.99541146
55000900130316,2021-03-25,1,0,0.99541146
55000900130316,2021-03-26,1,0,0.99541146
55000900130316,2021-03-27,1,0,0.99541146
55000900130316,2021-03-28,1,0,0.99541146
55000900130316,2021-03-29,1,0,0.99541146
55000900130316,2021-03-30,1,0,0.99541146
55000900130316,2021-03-31,1,0,0.99541146
55000900130316,2021-04-01,1,0,0.99541146
55000900130316,2021-04-02,1,0,0.99541146
55000900130316,2021-04-03,1,0,0.99541146
55000900130316,2021-04-04,1,0,0.99541146
55000900130316,2021-04-05,1,0,0.99541146
55000900130316,2021-04-06,1,0,0.99541146
55000900130316,2021-04-07,1,0,0.99541146
55000900130316,2021-04-08,1,0,0.99541146
55000900130316,2021-04-09,1,0,0.99541146
55000900130316,2021-04-10,1,0,0.99541146
55000900130316,2021-04-11,1,0,0.99541146
55000900130316,2021-04-12,1,0,0.99541146
55000900130316,2021-04-13,1,0,0.99541146
55000900130316,2021-04-14,1,0,0.99541146
55000900130316,2021-04-15,1,0,0.99541146
55000900130316,2021-04-16,1,0,0.99541146
55000900130316,2021-04-17,1,0,0.99541146
55000900130316,2021-04-18,1,0,0.99541146
55000900130316,2021-04-19,1,0,0.99541146
55000900130316,2021-04-20,1,0,0.99541146
55000900130316,2021-04-21,1,0,0.99541146
55000900130316,2021-04-22,1,0,0.99541146
55000900130316,2021-04-23,1,0,0.99541146
55000900130316,2021-04-24,1,0,0.99541146
55000900130316,2021-04-25,1,0,0.99541146
55000900130316,2021-04-26,1,0,0.99541146
55000900130316,2021-04-27,1,0,0.99541146
55000900130316,2021-04-28,1,0,0.99541146
55000900130316,2021-04-29,1,0,0.99541146
55000900130316,2021-04-30,1,0,0.99541146
55000900130316,2021-05-01,1,0,0.99541146
55000900130316,2021-05-02,1,0,0.99541146
55000900130316,2021-05-03,1,0,0.99541146
55000900130316,2021-05-04,1,0,0.99541146
55000900130316,2021-05-05,1,0,0.99541146
55000900130316,2021-05-06,1,0,0.99541146
55000900130316,2021-05-07,1,0,0.99541146
55000900130316,2021-05-08,1,0,0.99541146
55000900130316,2021-05-09,1,0,0.99541146
55000900130316,2021-05-10,1,0,0.99541146
55000900130316,2021-05-11,1,0,0.99541146
55000900130316,2021-05-12,1,0,0.99541146
55000900130316,2021-05-13,1,0,0.99541146
55000900130316,2021-05-14,1,0,0.99541146
55000900130316,2021-05-15,1,0,0.99541146
55000900130316,2021-05-16,1,0,0.99541146
55000900130316,2021-05-17,1,0,0.99541146
55000900130316,2021-05-18,1,0,0.99541146
55000900130316,2021-05-19,1,0,0.99541146
55000900130316,2021-05-20,1,0,0.99541146
55000900130316,2021-05-21,1,0,0.99541146
55000900130316,2021-05-22,1,0,0.99541146
55000900130316,2021-05-23,1,0,0.99541146
55000900130316,2021-05-24,1,0,0.99541146
55000900130316,2021-05-25,1,0,0.99541146
55000900130316,2021-05-26,1,0,0.99541146
55000900130316,2021-05-27,1,0,0.99541146
55000900130316,2021-05-28,1,0,0.99541146
55000900130316,2021-05-29,1,0,0.99541146
55000900130316,2021-05-30,1,0,0.99541146
55000900130316,2021-05-31,1,0,0.99541146
55000900130316,2021-06-01,1,0,0.99541146
55000900130316,2021-06-02,1,0,0.99541146
55000900130316,2021-06-03,1,0,0.99541146
55000900130316,2021-06-04,1,0,0.99541146
55000900130316,2021-06-05,1,0,0.99541146
55000900130316,2021-06-06,1,0,0.99541146
55000900130316,2021-06-07,1,0,0.99541146
55000900130316,2021-06-08,1,0,0.99541146
55000900130316,2021-06-09,1,0,0.99541146
55000900130316,2021-06-10,1,0,0.99541146
55000900130316,2021-06-11,1,0,0.99541146
55000900130316,2021-06-12,1,0,0.99541146
55000900130316,2021-06-13,1,0,0.99541146
55000900130316,2021-06-14,1,0,0.99541146
55000900130316,2021-06-15,1,0,0.99541146
55000900130316,2021-06-16,0,0,0.99541146
55000900130316,2021-06-17,0,0,0.99541146
55000900130316,2021-06-18,0,0,0.99541146
55000900130316,2021-06-19,0,0,0.38563952
55000900130316,2021-06-20,0,0,0.21984604
55000900130316,2021-06-21,0,0,0.2603178
55000900130316,2021-06-22,0,0,0.20937668
55000900130316,2021-06-23,0,0,0.21292514
55000900130316,2021-06-24,1,0,0.21074003
55000900130316,2021-06-25,1,0,0.19400232
55000900130316,2021-06-26,0,0,0.19908209
55000900130316,2021-06-27,0,0,0.61150044
55000900130316,2021-06-28,0,0,0.6232019
55000900130316,2021-06-29,0,0,0.2155645
55000900130316,2021-06-30,0,0,0.22616623
55000900130316,2021-07-01,0,0,0.25315386
55000900130316,2021-07-02,0,0,0.21271457
55000900130316,2021-07-03,0,0,0.21124019
55000900130316,2021-07-04,0,0,0.20963584
55000900130316,2021-07-05,0,0,0.19900446
55000900130316,2021-07-06,0,0,0.20099156
55000900130316,2021-07-07,0,0,0.19271019
55000900130316,2021-07-08,0,0,0.18853748
55000900130316,2021-07-09,0,0,0.1761487
55000900130316,2021-07-10,0,0,0.1600799
55000900130316,2021-07-11,0,0,0.15293226
55000900130316,2021-07-12,0,0,0.15396303
55000900130316,2021-07-13,0,0,0.15631047
55000900130316,2021-07-14,0,0,0.15536524
55000900130316,2021-07-15,0,0,0.1555525
55000900130316,2021-07-16,0,0,0.17562446
55000900130316,2021-07-17,0,0,0.20922731
55000900130316,2021-07-18,0,0,0.21146409
55000900130316,2021-07-19,0,0,0.21141984
55000900130316,2021-07-20,0,0,0.20977007
55000900130316,2021-07-21,0,0,0.2090089
55000900130316,2021-07-22,0,0,0.20856158
55000900130316,2021-07-23,0,0,0.21056694
55000900130316,2021-07-24,0,0,0.2082853
55000900130316,2021-07-25,0,0,0.21127225
55000900130316,2021-07-26,0,0,0.13049577
55000900130316,2021-07-27,0,0,0.14027761
55000900130316,2021-07-28,0,0,0.1427795
55000900130316,2021-07-29,0,0,0.1427795
55000900130316,2021-07-30,0,0,0.1427795
55000900130316,2021-07-31,0,0,0.1427795
55000900130316,2021-08-01,0,0,0.1427795
55000900130316,2021-08-02,0,0,0.1427795
55000900130316,2021-08-03,0,0,0.1427795
55000900130316,2021-08-04,0,0,0.1427795
55000900130316,2021-08-05,0,0,0.1427795
55000900130316,2021-08-06,0,0,0.1427795
55000900130316,2021-08-07,0,0,0.1427795
55000900130316,2021-08-08,0,0,0.1427795
55000900130316,2021-08-09,0,0,0.1427795
55000900130316,2021-08-10,0,0,0.1427795
55000900130316,2021-08-11,0,0,0.1427795
55000900130316,2021-08-12,0,0,0.1427795
55000900130316,2021-08-13,0,0,0.1427795
55000900130316,2021-08-14,0,0,0.1427795
55000900130316,2021-08-15,0,0,0.1427795
55000900130316,2021-08-16,0,0,0.1427795
55000900130316,2021-08-17,0,0,0.1427795
55000900130316,2021-08-18,0,0,0.1427795
55000900130316,2021-08-19,0,0,0.1427795
55000900130316,2021-08-20,0,0,0.1427795
55000900130316,2021-08-21,0,0,0.1427795
55000900130316,2021-08-22,0,0,0.1427795
55000900130316,2021-08-23,0,0,0.1427795
55000900130316,2021-08-24,0,0,0.1427795
55000900130316,2021-08-25,0,0,0.1427795
55000900130316,2021-08-26,0,0,0.1427795
55000900130316,2021-08-27,0,0,0.1427795
55000900130316,2021-08-28,0,0,0.1427795
55000900130316,2021-08-29,0,0,0.1427795
55000900130316,2021-08-30,0,0,0.1427795
55000900130316,2021-08-31,0,0,0.1427795
55000900130316,2021-09-01,0,0,0.1427795
55000900130316,2021-09-02,0,0,0.1427795
55000900130316,2021-09-03,0,0,0.1427795
55000900130316,2021-09-04,0,0,0.1427795
55000900130316,2021-09-05,0,0,0.1427795
55000900130316,2021-09-06,0,0,0.1427795
55000900130316,2021-09-07,0,0,0.1427795
55000900130316,2021-09-08,0,0,0.1427795
55000900130316,2021-09-09,0,0,0.1427795
55000900130316,2021-09-10,0,0,0.1427795
55000900130316,2021-09-11,0,0,0.1427795
55000900130316,2021-09-12,0,0,0.1427795
55000900130316,2021-09-13,0,0,0.1427795
55000900130316,2021-09-14,0,0,0.1427795
55000900130316,2021-09-15,0,0,0.1427795
55000900130316,2021-09-16,0,0,0.1427795
55000900130316,2021-09-17,0,0,0.1427795
55000900130316,2021-09-18,1,0,0.1427795
55000900130316,2021-09-19,1,0,0.1427795
55000900130316,2021-09-20,1,0,0.1427795
55000900130316,2021-09-21,0,0,0.6274808
55000900130316,2021-09-22,0,0,0.5903707
55000900130316,2021-09-23,0,0,0.6956865
55000900130316,2021-09-24,0,0,0.24928823
55000900130316,2021-09-25,0,0,0.26757616
55000900130316,2021-09-26,0,0,0.27271134
55000900130316,2021-09-27,1,0,0.25561023
55000900130316,2021-09-28,1,0,0.25232545
55000900130316,2021-09-29,1,0,0.25189397
55000900130316,2021-09-30,0,0,0.6716384
55000900130316,2021-10-01,0,0,0.72522175
55000900130316,2021-10-02,0,0,0.7970916
55000900130316,2021-10-03,0,0,0.29238328
55000900130316,2021-10-04,0,0,0.3071887
55000900130316,2021-10-05,0,0,0.2939876
55000900130316,2021-10-06,0,0,0.28407222
55000900130316,2021-10-07,0,0,0.2816311
55000900130316,2021-10-08,0,0,0.2820116
55000900130316,2021-10-09,0,0,0.27745754
55000900130316,2021-10-10,0,0,0.27854303
55000900130316,2021-10-11,0,0,0.2743135
55000900130316,2021-10-12,0,0,0.27234563
55000900130316,2021-10-13,0,0,0.26650023
55000900130316,2021-10-14,0,0,0.25920594
55000900130316,2021-10-15,0,0,0.25673988
55000900130316,2021-10-16,0,0,0.25881514
55000900130316,2021-10-17,0,0,0.26076806
55000900130316,2021-10-18,0,0,0.2593513
55000900130316,2021-10-19,0,0,0.25594538
55000900130316,2021-10-20,0,0,0.1999172
55000900130316,2021-10-21,1,0,0.21844646
55000900130316,2021-10-22,1,0,0.23890348
55000900130316,2021-10-23,1,0,0.23834929
55000900130316,2021-10-24,1,0,0.64909303
55000900130316,2021-10-25,1,0,0.6595924
55000900130316,2021-10-26,1,0,0.7258362
55000900130316,2021-10-27,1,0,0.7949594
55000900130316,2021-10-28,1,0,0.8255217
55000900130316,2021-10-29,1,0,0.81144667
55000900130316,2021-10-30,1,0,0.83926827
55000900130316,2021-10-31,1,0,0.8737838
55000900130316,2021-11-01,1,0,0.8879286
55000900130316,2021-11-02,1,0,0.90029454
55000900130316,2021-11-03,1,0,0.91062725
55000900130316,2021-11-04,1,0,0.9192456
55000900130316,2021-11-05,1,0,0.9265399
55000900130316,2021-11-06,1,0,0.93284833
55000900130316,2021-11-07,1,0,0.9383524
55000900130316,2021-11-08,1,0,0.94307715
55000900130316,2021-11-09,1,0,0.9470203
55000900130316,2021-11-10,1,0,0.95047754
55000900130316,2021-11-11,1,0,0.95355874
55000900130316,2021-11-12,1,0,0.9563244
55000900130316,2021-11-13,1,0,0.9588679
55000900130316,2021-11-14,1,0,0.9613053
55000900130316,2021-11-15,1,0,0.9636594
55000900130316,2021-11-16,1,0,0.9662062
55000900130316,2021-11-17,1,0,0.96918875
55000900130316,2021-11-18,1,0,0.97223467
55000900130316,2021-11-19,1,0,0.97806716
55000900130316,2021-11-20,1,0,0.9812573
55000900130316,2021-11-21,1,0,0.9847062
55000900130316,2021-11-22,1,0,0.99541146
55000900130316,2021-11-23,1,0,0.99541146
55000900130316,2021-11-24,1,0,0.99541146
55000900130316,2021-11-25,1,0,0.99541146
55000900130316,2021-11-26,1,0,0.99541146
55000900130316,2021-11-27,1,0,0.99541146
55000900130316,2021-11-28,1,0,0.99541146
55000900130316,2021-11-29,1,0,0.99541146
55000900130316,2021-11-30,1,0,0.99541146
55000900130316,2021-12-01,1,0,0.99541146
55000900130316,2021-12-02,1,0,0.99541146
55000900130316,2021-12-03,1,0,0.99541146
55000900130316,2021-12-04,1,0,0.99541146
55000900130316,2021-12-05,1,0,0.99541146
55000900130316,2021-12-06,1,0,0.99541146
55000900130316,2021-12-07,1,0,0.99541146
55000900130316,2021-12-08,1,0,0.99541146
55000900130316,2021-12-09,1,0,0.99541146
55000900130316,2021-12-10,1,0,0.99541146
55000900130316,2021-12-11,1,0,0.99541146
55000900130316,2021-12-12,1,0,0.99541146
55000900130316,2021-12-13,1,0,0.99541146
55000900130316,2021-12-14,1,0,0.99541146
55000900130316,2021-12-15,1,0,0.99541146
55000900130316,2021-12-16,1,0,0.99541146
55000900130316,2021-12-17,1,0,0.99541146
55000900130316,2021-12-18,1,0,0.99541146
55000900130316,2021-12-19,1,0,0.99541146
55000900130316,2021-12-20,1,0,0.99541146
55000900130316,2021-12-21,1,0,0.99541146
55000900130316,2021-12-22,1,0,0.99541146
55000900130316,2021-12-23,1,0,0.99541146
55000900130316,2021-12-24,1,0,0.99541146
55000900130316,2021-12-25,1,0,0.99541146
55000900130316,2021-12-26,1,0,0.99541146
55000900130316,2021-12-27,1,0,0.99541146
55000900130316,2021-12-28,1,0,0.99541146
55000900130316,2021-12-29,1,0,0.99541146
55000900130316,2021-12-30,1,0,0.99541146
55000900130316,2021-12-31,1,0,0.99541146
55000900130316,2022-01-01,1,0,0.99541146
55000900130316,2022-01-02,1,0,0.99541146
55000900130316,2022-01-03,1,0,0.99541146
55000900130316,2022-01-04,1,0,0.99541146
55000900130316,2022-01-05,1,0,0.99541146
55000900130316,2022-01-06,1,0,0.99541146
55000900130316,2022-01-07,1,0,0.99541146
55000900130316,2022-01-08,1,0,0.99541146
55000900130316,2022-01-09,1,0,0.99541146
55000900130316,2022-01-10,1,0,0.99541146
55000900130316,2022-01-11,1,0,0.99541146
55000900130316,2022-01-12,1,0,0.99541146
55000900130316,2022-01-13,1,0,0.99541146
55000900130316,2022-01-14,1,0,0.99541146
55000900130316,2022-01-15,1,0,0.99541146
55000900130316,2022-01-16,1,0,0.99541146
55000900130316,2022-01-17,1,0,0.99541146
55000900130316,2022-01-18,1,0,0.99541146
55000900130316,2022-01-19,1,0,0.99541146
55000900130316,2022-01-20,1,0,0.99541146
55000900130316,2022-01-21,1,0,0.99541146
55000900130316,2022-01-22,1,0,0.99541146
55000900130316,2022-01-23,1,0,0.99541146
55000900130316,2022-01-24,1,0,0.99541146
55000900130316,2022-01-25,1,0,0.99541146
55000900130316,2022-01-26,1,0,0.99541146
55000900130316,2022-01-27,1,0,0.99541146
55000900130316,2022-01-28,1,0,0.99541146
55000900130316,2022-01-29,1,0,0.99541146
55000900130316,2022-01-30,1,0,0.99541146
55000900130316,2022-01-31,1,0,0.99541146
55000900130316,2022-02-01,1,0,0.99541146
55000900130316,2022-02-02,1,0,0.99541146
55000900130316,2022-02-03,1,0,0.99541146
55000900130316,2022-02-04,1,0,0.99541146
55000900130316,2022-02-05,1,0,0.99541146
55000900130316,2022-02-06,1,0,0.99541146
55000900130316,2022-02-07,1,0,0.99541146
55000900130316,2022-02-08,1,0,0.99541146
55000900130316,2022-02-09,1,0,0.99541146
55000900130316,2022-02-10,1,0,0.99541146
55000900130316,2022-02-11,1,0,0.99541146
55000900130316,2022-02-12,1,0,0.99541146
55000900130316,2022-02-13,1,0,0.99541146
55000900130316,2022-02-14,1,0,0.99541146
55000900130316,2022-02-15,1,0,0.99541146
55000900130316,2022-02-16,1,0,0.99541146
55000900130316,2022-02-17,1,0,0.99541146
55000900130316,2022-02-18,1,0,0.99541146
55000900130316,2022-02-19,1,0,0.99541146
55000900130316,2022-02-20,1,0,0.99541146
55000900130316,2022-02-21,1,0,0.99541146
55000900130316,2022-02-22,1,0,0.99541146
55000900130316,2022-02-23,1,0,0.99541146
55000900130316,2022-02-24,1,0,0.99541146
55000900130316,2022-02-25,1,0,0.99541146
55000900130316,2022-02-26,1,0,0.99541146
55000900130316,2022-02-27,1,0,0.99541146
55000900130316,2022-02-28,1,0,0.99541146
55000900130316,2022-03-01,1,0,0.99541146
55000900130316,2022-03-02,1,0,0.99541146
55000900130316,2022-03-03,1,0,0.99541146
55000900130316,2022-03-04,1,0,0.99541146
55000900130316,2022-03-05,1,0,0.99541146
55000900130316,2022-03-06,1,0,0.99541146
55000900130316,2022-03-07,1,0,0.99541146
55000900130316,2022-03-08,1,0,0.99541146
55000900130316,2022-03-09,1,0,0.99541146
55000900130316,2022-03-10,1,0,0.99541146
55000900130316,2022-03-11,1,0,0.99541146
55000900130316,2022-03-12,1,0,0.99541146
55000900130316,2022-03-14,1,0,0.99541146
55000900130316,2022-03-15,1,0,0.99541146
55000900130316,2022-03-16,1,0,0.99541146
55000900130316,2022-03-17,1,0,0.99541146
55000900130316,2022-03-18,1,0,0.99541146
55000900130316,2022-03-19,1,0,0.99541146
55000900130316,2022-03-20,1,0,0.99541146
55000900130316,2022-03-21,1,0,0.99541146
55000900130316,2022-03-22,1,0,0.99541146
55000900130316,2022-03-23,1,0,0.99541146
55000900130316,2022-03-24,1,0,0.99541146
55000900130316,2022-03-25,1,0,0.99541146
55000900130316,2022-03-26,1,0,0.99541146
55000900130316,2022-03-27,1,0,0.99541146
55000900130316,2022-03-28,1,0,0.99541146
55000900130316,2022-03-29,1,0,0.99541146
55000900130316,2022-03-30,1,0,0.99541146
55000900130316,2022-03-31,1,0,0.99541146
55000900130316,2022-04-01,1,0,0.99541146
55000900130316,2022-04-02,1,0,0.99541146
55000900130316,2022-04-03,1,0,0.99541146
55000900130316,2022-04-04,1,0,0.99541146
55000900130316,2022-04-05,1,0,0.99541146
55000900130316,2022-04-06,1,0,0.99541146
55000900130316,2022-04-07,1,0,0.99541146
55000900130316,2022-04-08,1,0,0.99541146
55000900130316,2022-04-09,1,0,0.99541146
55000900130316,2022-04-10,1,0,0.99541146
55000900130316,2022-04-11,1,0,0.99541146
55000900130316,2022-04-12,1,0,0.99541146
55000900130316,2022-04-13,1,0,0.99541146
55000900130316,2022-04-14,1,0,0.99541146
55000900130316,2022-04-15,1,0,0.99541146
55000900130316,2022-04-16,1,0,0.99541146
55000900130316,2022-04-17,1,0,0.99541146
55000900130316,2022-04-18,1,0,0.99541146
55000900130316,2022-04-19,1,0,0.99541146
55000900130316,2022-04-20,1,0,0.99541146
55000900130316,2022-04-21,1,0,0.99541146
55000900130316,2022-04-22,1,0,0.99541146
55000900130316,2022-04-23,1,0,0.99541146
55000900130316,2022-04-24,1,0,0.99541146
55000900130316,2022-04-25,1,0,0.99541146
55000900130316,2022-04-26,1,0,0.99541146
55000900130316,2022-04-27,1,0,0.99541146
55000900130316,2022-04-28,1,0,0.99541146
55000900130316,2022-04-29,1,0,0.99541146
55000900130316,2022-04-30,1,0,0.99541146
55000900130316,2022-05-01,1,0,0.99541146
55000900130316,2022-05-02,1,0,0.99541146
55000900130316,2022-05-03,1,0,0.99541146
55000900130316,2022-05-04,1,0,0.99541146
55000900130316,2022-05-05,1,0,0.99541146
55000900130316,2022-05-06,1,0,0.99541146
55000900130316,2022-05-07,1,0,0.99541146
55000900130316,2022-05-08,1,0,0.99541146
55000900130316,2022-05-09,1,0,0.99541146
55000900130316,2022-05-10,1,0,0.99541146
55000900130316,2022-05-11,1,0,0.99541146
55000900130316,2022-05-12,1,0,0.99541146
55000900130316,2022-05-13,1,0,0.99541146
55000900130316,2022-05-14,1,0,0.99541146
55000900130316,2022-05-15,1,0,0.99541146
55000900130316,2022-05-16,1,0,0.99541146
55000900130316,2022-05-17,1,0,0.99541146
55000900130316,2022-05-18,1,0,0.99541146
55000900130316,2022-05-19,1,0,0.99541146
55000900130316,2022-05-20,1,0,0.99541146
55000900130316,2022-05-21,1,0,0.99541146
55000900130316,2022-05-22,1,0,0.99541146
55000900130316,2022-05-23,1,0,0.99541146
55000900130316,2022-05-24,1,0,0.99541146
55000900130316,2022-05-25,1,0,0.99541146
55000900130316,2022-05-26,1,0,0.99541146
55000900130316,2022-05-27,1,0,0.99541146
55000900130316,2022-05-28,1,0,0.99541146
55000900130316,2022-05-29,1,0,0.99541146
55000900130316,2022-05-30,1,0,0.99541146
55000900130316,2022-05-31,1,0,0.99541146
55000900130316,2022-06-01,1,0,0.99541146
55000900130316,2022-06-02,1,0,0.99541146
55000900130316,2022-06-03,1,0,0.99541146
55000900130316,2022-06-04,1,0,0.99541146
55000900130316,2022-06-05,1,0,0.99541146
55000900130316,2022-06-06,1,0,0.99541146
55000900130316,2022-06-07,1,0,0.99541146
55000900130316,2022-06-08,1,0,0.99541146
55000900130316,2022-06-09,1,0,0.99541146
55000900130316,2022-06-10,1,0,0.99541146
55000900130316,2022-06-11,1,0,0.99541146
55000900130316,2022-06-12,1,0,0.99541146
55000900130316,2022-06-13,1,0,0.99541146
55000900130316,2022-06-14,1,0,0.99541146
55000900130316,2022-06-15,1,0,0.99541146
55000900130316,2022-06-16,1,0,0.99541146
55000900130316,2022-06-17,1,0,0.99541146
55000900130316,2022-06-18,1,0,0.99541146
55000900130316,2022-06-19,1,0,0.99541146
55000900130316,2022-06-20,1,0,0.99541146
55000900130316,2022-06-21,1,0,0.99541146
55000900130316,2022-06-22,1,0,0.99541146
55000900130316,2022-06-23,1,0,0.99541146
55000900130316,2022-06-24,1,0,0.99541146
55000900130316,2022-06-25,1,0,0.99541146
55000900130316,2022-06-26,1,0,0.99541146
55000900130316,2022-06-29,1,0,0.99541146
55000900130316,2022-06-30,1,0,0.99541146
55000900130316,2022-07-01,1,0,0.99541146
55000900130316,2022-07-02,1,0,0.99541146
55000900130316,2022-07-03,1,0,0.99541146
55000900130316,2022-07-04,1,0,0.99541146
55000900130316,2022-07-05,1,0,0.99541146
55000900130316,2022-07-06,1,0,0.99541146
55000900130316,2022-07-07,1,0,0.99541146
55000900130316,2022-07-08,1,0,0.99541146
55000900130316,2022-07-09,1,0,0.99541146
55000900130316,2022-07-10,1,0,0.99541146
55000900130316,2022-07-11,1,0,0.99541146
55000900130316,2022-07-12,1,0,0.99541146
55000900130316,2022-07-13,1,0,0.99541146
55000900130316,2022-07-14,1,0,0.99541146
55000900130316,2022-07-15,1,0,0.99541146
55000900130316,2022-07-16,1,0,0.99541146
55000900130316,2022-07-17,1,0,0.99541146
55000900130316,2022-07-18,1,0,0.99541146
55000900130316,2022-07-19,1,0,0.99541146
55000900130316,2022-07-20,1,0,0.99541146
55000900130316,2022-07-21,1,0,0.99541146
55000900130316,2022-07-22,1,0,0.99541146
55000900130316,2022-07-23,1,0,0.99541146
55000900130316,2022-07-24,1,0,0.99541146
55000900130316,2022-07-25,1,0,0.99541146
55000900130316,2022-07-26,1,0,0.99541146
55000900130316,2022-07-27,1,0,0.99541146
55000900130316,2022-07-28,1,0,0.99541146
55000900130316,2022-07-29,1,0,0.99541146
55000900130316,2022-07-30,1,0,0.99541146
55000900130316,2022-07-31,1,0,0.99541146
55000900130316,2022-08-01,1,0,0.99541146
55000900130316,2022-08-02,1,0,0.99541146
55000900130316,2022-08-03,1,0,0.99541146
55000900130316,2022-08-04,1,0,0.99541146
55000900130316,2022-08-05,1,0,0.99541146
55000900130316,2022-08-06,1,0,0.99541146
55000900130316,2022-08-07,1,0,0.99541146
55000900130316,2022-08-08,1,0,0.99541146
55000900130316,2022-08-09,1,0,0.99541146
55000900130316,2022-08-10,1,0,0.99541146
55000900130316,2022-08-11,1,0,0.99541146
55000900130316,2022-08-12,1,0,0.99541146
55000900130316,2022-08-13,1,0,0.99541146
55000900130316,2022-08-14,1,0,0.99541146
55000900130316,2022-08-15,1,0,0.99541146
55000900130316,2022-08-16,1,0,0.99541146
55000900130316,2022-08-17,1,0,0.99541146
55000900130316,2022-08-18,1,0,0.99541146
55000900130316,2022-08-19,1,0,0.99541146
55000900130316,2022-08-20,1,0,0.99541146
55000900130316,2022-08-21,1,0,0.99541146
55000900130316,2022-08-22,1,0,0.99541146
55000900130316,2022-08-23,1,0,0.99541146
55000900130316,2022-08-24,1,0,0.99541146
55000900130316,2022-08-25,1,0,0.99541146
55000900130316,2022-08-26,0,0,0.99541146
55000900130316,2022-08-27,0,0,0.99541146
55000900130316,2022-08-28,0,0,0.99541146
55000900130316,2022-08-29,0,0,0.38563952
55000900130316,2022-08-30,0,0,0.21984604
55000900130316,2022-08-31,0,0,0.2603178
55000900130316,2022-09-01,0,0,0.20937668
55000900130316,2022-09-02,0,0,0.21292514
55000900130316,2022-09-03,0,0,0.21074003
55000900130316,2022-09-04,0,0,0.19400232
55000900130316,2022-09-05,0,0,0.19908209
55000900130316,2022-09-06,0,0,0.18706019
55000900130316,2022-09-07,0,0,0.18613501
55000900130316,2022-09-08,0,0,0.18131864
55000900130316,2022-09-09,0,0,0.1761756
55000900130316,2022-09-10,0,0,0.17020302
55000900130316,2022-09-11,0,0,0.15459855
55000900130316,2022-09-12,0,0,0.13978143
55000900130316,2022-09-13,0,0,0.13437377
55000900130316,2022-09-14,0,0,0.13584526
55000900130316,2022-09-15,0,0,0.13685144
55000900130316,2022-09-16,0,0,0.13439018
55000900130316,2022-09-17,0,0,0.1314045
55000900130316,2022-09-18,0,0,0.13034295
55000900130316,2022-09-19,0,0,0.13081259
55000900130316,2022-09-20,0,0,0.13107692
55000900130316,2022-09-21,1,0,0.13032404
55000900130316,2022-09-22,1,0,0.12942156
55000900130316,2022-09-23,0,0,0.12925859
55000900130316,2022-09-24,0,0,0.6178788
55000900130316,2022-09-25,0,0,0.5536007
55000900130316,2022-09-26,0,0,0.23128691
55000900130316,2022-09-27,0,0,0.24959484
55000900130316,2022-09-28,0,0,0.2647369
55000900130316,2022-09-29,0,0,0.24471092
55000900130316,2022-09-30,0,0,0.24040838
55000900130316,2022-10-01,0,0,0.2400205
55000900130316,2022-10-02,0,0,0.23269975
55000900130316,2022-10-03,0,0,0.23315124
55000900130316,2022-10-04,0,0,0.22816621
55000900130316,2022-10-05,0,0,0.22678867
55000900130316,2022-10-06,0,0,0.22330567
55000900130316,2022-10-07,0,0,0.21575718
55000900130316,2022-10-08,0,0,0.20565535
55000900130316,2022-10-09,0,0,0.1993873
55000900130316,2022-10-10,0,0,0.20605825
55000900130316,2022-10-11,0,0,0.21424314
55000900130316,2022-10-12,0,0,0.21301621
55000900130316,2022-10-13,0,0,0.20978136
55000900130316,2022-10-14,0,0,0.20891818
55000900130316,2022-10-15,0,0,0.21146409
55000900130316,2022-10-16,0,0,0.21141984
55000900130316,2022-10-17,0,0,0.20977007
55000900130316,2022-10-18,0,0,0.2090089
55000900130316,2022-10-19,0,0,0.20856158
55000900130316,2022-10-20,0,0,0.21056694
55000900130316,2022-10-21,1,0,0.2082853
55000900130316,2022-10-22,1,0,0.21127225
55000900130316,2022-10-23,1,0,0.13049577
55000900130316,2022-10-24,1,0,0.62714523
55000900130316,2022-10-25,1,0,0.5903707
55000900130316,2022-10-26,1,0,0.6956865
55000900130316,2022-10-27,1,0,0.774872
55000900130316,2022-10-28,0,0,0.8176669
55000900130316,2022-10-29,0,0,0.836513
55000900130316,2022-10-30,0,0,0.8561646
55000900130316,2022-10-31,0,0,0.3155486
55000900130316,2022-11-01,1,0,0.31248653
55000900130316,2022-11-02,1,0,0.2956816
55000900130316,2022-11-03,1,0,0.28578168
55000900130316,2022-11-04,1,0,0.7049924
55000900130316,2022-11-05,1,0,0.76921916
55000900130316,2022-11-06,1,0,0.8283099
55000900130316,2022-11-07,1,0,0.8597705
55000900130316,2022-11-08,1,0,0.87859786
55000900130316,2022-11-09,1,0,0.89161885
55000900130316,2022-11-10,1,0,0.9024032
55000900130316,2022-11-11,1,0,0.9116096
55000900130316,2022-11-12,1,0,0.91947764
55000900130316,2022-11-13,1,0,0.9262224
55000900130316,2022-11-14,1,0,0.9320227
55000900130316,2022-11-15,1,0,0.9370309
55000900130316,2022-11-16,1,0,0.94141054
55000900130316,2022-11-17,1,0,0.9452732
55000900130316,2022-11-18,0,0,0.9487045
55000900130316,2022-11-19,0,0,0.9519438
55000900130316,2022-11-20,0,0,0.9548181
55000900130316,2022-11-21,0,0,0.35809696
55000900130316,2022-11-22,1,0,0.3068717
55000900130316,2022-11-23,1,0,0.2954251
55000900130316,2022-11-24,1,0,0.2872368
55000900130316,2022-11-25,1,0,0.70704937
55000900130316,2022-11-26,1,0,0.7708759
55000900130316,2022-11-27,1,0,0.828055
55000900130316,2022-11-28,1,0,0.8593831
55000900130316,2022-11-29,1,0,0.87834245
55000900130316,2022-11-30,1,0,0.89144284
55000900130316,2022-12-01,1,0,0.902335
55000900130316,2022-12-02,1,0,0.9117624
55000900130316,2022-12-03,1,0,0.88223666
55000900130316,2022-12-04,1,0,0.89250094
55000900130316,2022-12-05,1,0,0.9016055
55000900130316,2022-12-06,1,0,0.9097682
55000900130316,2022-12-07,1,0,0.9171724
55000900130316,2022-12-08,1,0,0.92394626
55000900130316,2022-12-09,1,0,0.93014866
55000900130316,2022-12-10,1,0,0.9358276
55000900130316,2022-12-11,1,0,0.9409972
55000900130316,2022-12-12,1,0,0.945688
55000900130316,2022-12-13,1,0,0.9499025
55000900130316,2022-12-14,1,0,0.9536485
55000900130316,2022-12-15,1,0,0.9570769
55000900130316,2022-12-16,1,0,0.9603857
55000900130316,2022-12-17,1,0,0.96340144
55000900130316,2022-12-18,1,0,0.9669635
55000900130316,2022-12-19,1,0,0.97051305
55000900130316,2022-12-20,1,0,0.97223467
55000900130316,2022-12-21,1,0,0.97806716
55000900130316,2022-12-22,1,0,0.9812573
55000900130316,2022-12-23,1,0,0.9847062
55000900130316,2022-12-24,1,0,0.99541146
55000900130316,2022-12-25,1,0,0.99541146
55000900130316,2022-12-26,1,0,0.99541146
55000900130316,2022-12-27,1,0,0.99541146
55000900130316,2022-12-28,1,0,0.99541146
55000900130316,2022-12-29,1,0,0.99541146
55000900130316,2022-12-30,1,0,0.99541146
55000900130316,2022-12-31,1,0,0.99541146
55000900130316,2023-01-01,1,0,0.99541146
55000900130316,2023-01-02,1,0,0.99541146
55000900130316,2023-01-03,1,0,0.99541146
55000900130316,2023-01-04,1,0,0.99541146
55000900130316,2023-01-05,1,0,0.99541146
55000900130316,2023-01-06,1,0,0.99541146
55000900130316,2023-01-07,1,0,0.99541146
55000900130316,2023-01-08,1,0,0.99541146
55000900130316,2023-01-09,1,0,0.99541146
55000900130316,2023-01-10,1,0,0.99541146
55000900130316,2023-01-11,1,0,0.99541146
55000900130316,2023-01-12,1,0,0.99541146
55000900130316,2023-01-13,1,0,0.99541146
55000900130316,2023-01-14,1,0,0.99541146
55000900130316,2023-01-15,1,0,0.99541146
55000900130316,2023-01-16,1,0,0.99541146
55000900130316,2023-01-17,1,0,0.99541146
55000900130316,2023-01-18,1,0,0.99541146
55000900130316,2023-01-19,1,0,0.99541146
55000900130316,2023-01-20,1,0,0.99541146
55000900130316,2023-01-21,1,0,0.99541146
55000900130316,2023-01-22,1,0,0.99541146
55000900130316,2023-01-23,1,0,0.99541146
55000900130316,2023-01-24,1,0,0.99541146
55000900130316,2023-01-25,1,0,0.99541146
55000900130316,2023-01-26,1,0,0.99541146
55000900130316,2023-01-27,1,0,0.99541146
55000900130316,2023-01-28,1,0,0.99541146
55000900130316,2023-01-29,1,0,0.99541146
55000900130316,2023-01-30,1,0,0.99541146
55000900130316,2023-01-31,1,0,0.99541146
55000900130316,2023-02-01,1,0,0.99541146
55000900130316,2023-02-02,1,0,0.99541146
55000900130316,2023-02-03,1,0,0.99541146
55000900130316,2023-02-04,1,0,0.99541146
55000900130316,2023-02-05,1,0,0.99541146
55000900130316,2023-02-06,1,0,0.99541146
55000900130316,2023-02-07,1,0,0.99541146
55000900130316,2023-02-08,1,0,0.99541146
55000900130316,2023-02-09,1,0,0.99541146
55000900130316,2023-02-10,1,0,0.99541146
55000900130316,2023-02-11,1,0,0.99541146
55000900130316,2023-02-12,1,0,0.99541146
55000900130316,2023-02-13,1,0,0.99541146
55000900130316,2023-02-14,1,0,0.99541146
55000900130316,2023-02-15,1,0,0.99541146
55000900130316,2023-02-16,1,0,0.99541146
55000900130316,2023-02-17,1,0,0.99541146
55000900130316,2023-02-18,1,0,0.99541146
55000900130316,2023-02-19,1,0,0.99541146
55000900130316,2023-02-20,1,0,0.99541146
55000900130316,2023-02-21,1,0,0.99541146
55000900130316,2023-02-22,1,0,0.99541146
55000900130316,2023-02-23,1,0,0.99541146
55000900130316,2023-02-24,1,0,0.99541146
55000900130316,2023-02-25,1,0,0.99541146
55000900130316,2023-02-26,1,0,0.99541146
55000900130316,2023-02-27,1,0,0.99541146
55000900130316,2023-02-28,1,0,0.99541146
55000900130316,2023-03-01,1,0,0.99541146
55000900130316,2023-03-02,1,0,0.99541146
55000900130316,2023-03-03,1,0,0.99541146
55000900130316,2023-03-04,1,0,0.99541146
55000900130316,2023-03-05,1,0,0.99541146
55000900130316,2023-03-06,1,0,0.99541146
55000900130316,2023-03-07,1,0,0.99541146
55000900130316,2023-03-08,1,0,0.99541146
55000900130316,2023-03-09,1,0,0.99541146
55000900130316,2023-03-10,1,0,0.99541146
55000900130316,2023-03-11,1,0,0.99541146
55000900130316,2023-03-13,1,0,0.99541146
55000900130316,2023-03-14,1,0,0.99541146
55000900130316,2023-03-15,1,0,0.99541146
55000900130316,2023-03-16,1,0,0.99541146
55000900130316,2023-03-17,1,0,0.99541146
55000900130316,2023-03-18,1,0,0.99541146
55000900130316,2023-03-19,1,0,0.99541146
55000900130316,2023-03-20,1,0,0.99541146
55000900130316,2023-03-21,1,0,0.99541146
55000900130316,2023-03-22,1,0,0.99541146
55000900130316,2023-03-23,1,0,0.99541146
55000900130316,2023-03-24,1,0,0.99541146
55000900130316,2023-03-25,1,0,0.99541146
55000900130316,2023-03-26,1,0,0.99541146
55000900130316,2023-03-27,1,0,0.99541146
55000900130316,2023-03-28,1,0,0.99541146
55000900130316,2023-03-29,1,0,0.99541146
55000900130316,2023-03-30,1,0,0.99541146
55000900130316,2023-03-31,1,0,0.99541146
55000900130316,2023-04-01,1,0,0.99541146
55000900130316,2023-04-02,1,0,0.99541146
55000900130316,2023-04-03,1,0,0.99541146
55000900130316,2023-04-04,1,0,0.99541146
55000900130316,2023-04-05,1,0,0.99541146
55000900130316,2023-04-06,1,0,0.99541146
55000900130316,2023-04-07,1,0,0.99541146
55000900130316,2023-04-08,1,0,0.99541146
55000900130316,2023-04-09,1,0,0.99541146
55000900130316,2023-04-10,1,0,0.99541146
55000900130316,2023-04-11,1,0,0.99541146
55000900130316,2023-04-12,1,0,0.99541146
55000900130316,2023-04-13,1,0,0.99541146
55000900130316,2023-04-14,1,0,0.99541146
55000900130316,2023-04-15,1,0,0.99541146
55000900130316,2023-04-16,1,0,0.99541146
55000900130316,2023-04-17,1,0,0.99541146
55000900130316,2023-04-18,1,0,0.99541146
55000900130316,2023-04-19,1,0,0.99541146
55000900130316,2023-04-20,1,0,0.99541146
55000900131558,2020-09-29,1,8,0.99993706
55000900131558,2020-09-30,1,8,0.9999473
55000900131558,2020-10-01,1,8,0.9998976
55000900131558,2020-10-02,1,8,0.99977714
55000900131558,2020-10-03,1,8,0.9991891
55000900131558,2020-10-04,1,8,0.9994337
55000900131558,2020-10-05,1,8,0.99921167
55000900131558,2020-10-06,1,8,0.99930143
55000900131558,2020-10-07,1,8,0.99947935
55000900131558,2020-10-08,1,8,0.9974578
55000900131558,2020-10-09,1,8,0.9972742
55000900131558,2020-10-10,1,8,0.9994947
55000900131558,2020-10-11,1,8,0.99969506
55000900131558,2020-10-12,1,8,0.99988186
55000900131558,2020-10-13,1,8,0.9999676
55000900131558,2020-10-14,1,8,0.9999654
55000900131558,2020-10-15,1,8,0.9999769
55000900131558,2020-10-16,1,8,0.9999726
55000900131558,2020-10-17,1,8,0.99997735
55000900131558,2020-10-18,1,8,0.99997795
55000900131558,2020-10-19,1,8,0.9999658
55000900131558,2020-10-20,1,0,0.99995863
55000900131558,2020-10-21,1,0,0.99997056
55000900133417,2020-09-29,1,0,0.99997723
55000900133417,2020-09-30,1,0,0.9999765
55000900133417,2020-10-01,1,0,0.9999472
55000900133417,2020-10-02,1,0,0.9999126
55000900133417,2020-10-03,1,0,0.99960107
55000900133417,2020-10-04,1,0,0.99843496
55000900133417,2020-10-05,1,0,0.9989152
55000900133417,2020-10-06,1,0,0.99877983
55000900133417,2020-10-07,1,0,0.99936014
55000900133417,2020-10-08,1,0,0.9980002
55000900133417,2020-10-09,1,0,0.9973756
55000900133417,2020-10-10,1,0,0.99907637
55000900133417,2020-10-11,1,0,0.9994667
55000900133417,2020-10-12,1,0,0.9999461
55000900133417,2020-10-13,1,0,0.9999745
55000900133417,2020-10-14,1,0,0.9999788
55000900133417,2020-10-15,1,0,0.99997914
55000900133417,2020-10-16,1,0,0.99997556
55000900133417,2020-10-17,1,0,0.99998116
55000900133417,2020-10-18,1,0,0.9999789
55000900133417,2020-10-19,1,0,0.9999819
55000900133417,2020-10-20,1,0,0.9999827
55000900133417,2020-10-21,1,0,0.99998236
55000900133417,2020-10-22,1,0,0.99997985
55000900133417,2020-10-23,1,0,0.99997795
55000900133417,2020-10-24,1,0,0.99997807
55000900133417,2020-10-25,1,0,0.9999795
55000900133417,2020-10-26,1,0,0.99998045
55000900133417,2020-10-27,1,0,0.9999783
55000900133417,2020-10-28,1,0,0.99997926
55000900133417,2020-10-29,1,0,0.9999528
55000900133417,2020-10-30,1,0,0.9999759
55000900133417,2020-10-31,1,0,0.9999665
55000900133417,2020-11-01,1,0,0.9999672
55000900133417,2020-11-02,1,0,0.9999721
55000900133417,2020-11-03,1,0,0.9999678
55000900133417,2020-11-04,1,0,0.9999589
55000900133417,2020-11-05,1,0,0.9999423
55000900133417,2020-11-06,1,0,0.9999554
55000900133417,2020-11-07,1,0,0.9999552
55000900133417,2020-11-08,1,0,0.9999368
55000900133417,2020-11-09,1,0,0.9999548
55000900133417,2020-11-10,1,0,0.99996614
55000900133417,2020-11-11,1,0,0.99997854
55000900133417,2020-11-12,1,0,0.99996996
55000900133417,2020-11-13,1,0,0.99994135
55000900133417,2020-11-14,1,0,0.99998105
55000900133417,2020-11-16,1,0,0.9999677
55000900133417,2020-11-17,1,0,0.9999348
55000900133417,2020-11-18,1,0,0.9999441
55000900133417,2020-11-19,1,0,0.999982
55000900133417,2020-11-20,1,0,0.999967
55000900133417,2020-11-21,1,0,0.99996865
55000900133417,2020-11-22,1,0,0.99997485
55000900133417,2020-11-23,1,0,0.9999732
55000900133417,2020-11-24,1,0,0.9999616
55000900133417,2020-11-25,1,0,0.99996984
55000900133417,2020-11-26,1,0,0.9999654
55000900133417,2020-11-27,1,0,0.999966
55000900133417,2020-11-28,1,0,0.99995613
55000900133417,2020-11-29,1,0,0.99997973
55000900133417,2020-11-30,1,0,0.9999509
55000900133417,2020-12-01,1,0,0.99993813
55000900167054,2020-09-29,1,8,0.9998129
55000900167054,2020-09-30,1,8,0.9996469
55000900167054,2020-10-01,1,8,0.9992964
55000900167054,2020-10-02,1,8,0.99923706
55000900167054,2020-10-03,1,8,0.9988255
55000900167054,2020-10-04,1,8,0.9989015
55000900167054,2020-10-05,1,8,0.9988955
55000900167054,2020-10-06,1,8,0.9992205
55000900167054,2020-10-07,1,8,0.9993736
55000900167054,2020-10-08,1,8,0.9993411
55000900167054,2020-10-09,1,8,0.9992084
55000900167054,2020-10-10,1,8,0.9995308
55000900167054,2020-10-11,1,8,0.9996406
55000900167054,2020-10-12,1,8,0.9996469
55000900167054,2020-10-13,1,8,0.99989176
55000900167054,2020-10-14,1,8,0.99993265
55000900167054,2020-10-15,1,8,0.9998697
55000900167054,2020-10-16,1,8,0.999954
55000900167054,2020-10-17,1,8,0.9998975
55000900167054,2020-10-18,1,8,0.9999466
55000900167054,2020-10-19,1,0,0.999813
55000900167054,2020-10-20,1,0,0.99981683
55000900167055,2020-09-29,1,0,0.9999844
55000900167055,2020-09-30,1,0,0.9999831
55000900167055,2020-10-01,1,0,0.9999833
55000900167055,2020-10-02,1,0,0.99997914
55000900167055,2020-10-03,1,0,0.9999753
55000900167055,2020-10-04,1,0,0.9999714
55000900167055,2020-10-05,1,0,0.9999734
55000900167055,2020-10-06,1,0,0.9999758
55000900167055,2020-10-07,1,0,0.99997663
55000900167055,2020-10-08,1,0,0.9999745
55000900167055,2020-10-09,1,0,0.99995995
55000900167055,2020-10-10,1,0,0.99997413
55000900167055,2020-10-11,1,0,0.999974
55000900167055,2020-10-12,1,0,0.99997365
55000900167055,2020-10-13,1,0,0.9999709
55000900167055,2020-10-14,1,0,0.9999763
55000900167055,2020-10-15,1,0,0.999984
55000900167055,2020-10-16,1,0,0.99997914
55000900167055,2020-10-17,1,0,0.99998426
55000900167055,2020-10-18,1,0,0.9999833
55000900167055,2020-10-19,1,0,0.99998367
55000900167055,2020-10-20,1,0,0.9999833
55000900167055,2020-10-21,1,0,0.99998295
55000900167055,2020-10-22,1,0,0.99998283
55000900167055,2020-10-23,1,0,0.99998236
55000900167055,2020-10-24,1,0,0.99997735
55000900167055,2020-10-25,1,0,0.99997854
55000900167055,2020-10-26,1,0,0.999972
55000900167055,2020-10-27,1,0,0.99997616
55000900167055,2020-10-28,1,0,0.99996805
55000900167055,2020-10-29,1,0,0.9999795
55000900167055,2020-10-30,1,0,0.9999831
55000900167055,2020-10-31,1,0,0.999982
55000900167055,2020-11-01,1,0,0.99998355
55000900167055,2020-11-02,1,0,0.99998176
55000900167055,2020-11-03,1,0,0.9999833
55000900167055,2020-11-04,1,0,0.99997747
55000900167055,2020-11-05,1,0,0.9999784
55000900167055,2020-11-06,1,0,0.9999832
55000900167055,2020-11-07,1,0,0.99998116
55000900167055,2020-11-08,1,0,0.99998
55000900167055,2020-11-09,1,0,0.99997914
55000900167055,2020-11-10,1,0,0.9999691
55000900167055,2020-11-11,1,0,0.99997103
55000900167055,2020-11-12,1,0,0.99996996
55000900167055,2020-11-13,1,0,0.9999753
55000900167055,2020-11-14,1,0,0.99997413
55000900167055,2020-11-16,1,0,0.99997044
55000900167055,2020-11-17,1,0,0.99996376
55000900167055,2020-11-18,1,0,0.9999503
55000900167055,2020-11-19,1,0,0.9999777
55000900167055,2020-11-20,1,0,0.99997103
55000900167055,2020-11-21,1,0,0.999967
55000900167055,2020-11-22,1,0,0.99996996
55000900167055,2020-11-23,1,0,0.99997675
55000900167055,2020-11-24,1,0,0.9999771
55000900167055,2020-11-25,1,0,0.99997926
55000900167055,2020-11-26,1,0,0.9999726
55000900167055,2020-11-27,1,0,0.9999745
55000900167055,2020-11-28,1,0,0.99997056
55000900167055,2020-11-29,1,0,0.9999732
55000900167055,2020-11-30,1,0,0.99997485
55000900167692,2020-09-29,1,8,0.9999763
55000900167692,2020-09-30,1,8,0.9999759
55000900167692,2020-10-01,1,8,0.9999697
55000900167692,2020-10-02,1,8,0.99993706
55000900167692,2020-10-03,1,8,0.9997837
55000900167692,2020-10-04,1,8,0.9996495
55000900167692,2020-10-05,1,8,0.99967885
55000900167692,2020-10-10,1,8,0.9997434
55000900167692,2020-10-11,1,8,0.9999193
55000900167692,2020-10-12,1,8,0.99984956
55000900167692,2020-10-13,1,8,0.9999732
55000900167692,2020-10-14,1,8,0.9999578
55000900167692,2020-10-15,1,8,0.99997795
55000900167692,2020-10-16,1,8,0.999969
55000900167692,2020-10-17,1,8,0.9999788
55000900167692,2020-10-18,1,0,0.99997914
55000900167692,2020-10-19,1,0,0.9999794
55000900167704,2020-09-29,1,8,0.9999776
55000900167704,2020-09-30,1,8,0.99997544
55000900167704,2020-10-01,1,8,0.9999627
55000900167704,2020-10-02,1,8,0.9999547
55000900167704,2020-10-03,1,8,0.998054
55000900167704,2020-10-04,1,8,0.9986237
55000900167704,2020-10-05,1,8,0.99865973
55000900167704,2020-10-06,1,8,0.9984262
55000900167704,2020-10-07,1,8,0.9982881
55000900167704,2020-10-08,1,8,0.99833256
55000900167704,2020-10-09,1,8,0.9983543
55000900167704,2020-10-10,1,8,0.99928004
55000900167704,2020-10-11,1,8,0.99957484
55000900167704,2020-10-12,1,8,0.9997782
55000900167704,2020-10-13,1,8,0.9999268
55000900167704,2020-10-14,1,8,0.9999645
55000900167704,2020-10-15,1,8,0.9999739
55000900167704,2020-10-16,1,8,0.99997354
55000900167704,2020-10-17,1,8,0.9999763
55000900167704,2020-10-18,1,8,0.99997807
55000900167704,2020-10-19,1,8,0.9999728
55000900167704,2020-10-20,1,8,0.9999685
55000900167704,2020-10-21,1,8,0.999977
55000900167704,2020-10-22,0,0,0.99996185
55000900167704,2020-10-23,0,0,0.9998061
55000900167704,2020-10-24,0,0,0.9999428
55000900167704,2020-10-25,1,0,0.9861519
55000900167704,2020-10-26,1,0,0.9776373
55000900167704,2020-10-27,1,0,0.97711235
55000900167704,2020-10-28,1,0,0.9981669
55000900167704,2020-10-29,0,0,0.99992085
55000900167704,2020-10-30,0,0,0.9999229
55000900167704,2020-10-31,0,0,0.9993056
55000900167704,2020-11-01,0,0,0.6330469
55000900167704,2020-11-02,0,0,0.7087716
55000900167704,2020-11-03,0,0,0.3770485
55000900167704,2020-11-04,0,0,0.38704485
55000900167704,2020-11-05,1,0,0.27951002
55000900167704,2020-11-06,1,0,0.25702184
55000900167704,2020-11-07,1,0,0.39957976
55000900167704,2020-11-08,0,0,0.79143405
55000900167704,2020-11-09,0,0,0.7470371
55000900167704,2020-11-10,1,0,0.90940654
55000900167704,2020-11-11,1,0,0.9463427
55000900167704,2020-11-12,1,0,0.8626313
55000900167704,2020-11-13,1,0,0.9966456
55000900167704,2020-11-14,1,0,0.9974299
55000900167704,2020-11-15,1,0,0.9974045
55000900167704,2020-11-16,1,0,0.9994821
55000900167704,2020-11-17,1,0,0.99984944
55000900167704,2020-11-18,1,0,0.9998777
55000900167704,2020-11-19,1,0,0.9999169
55000900167704,2020-11-20,1,0,0.9999379
55000900167704,2020-11-21,1,0,0.9998766
55000900167704,2020-11-22,1,0,0.99990034
55000900167704,2020-11-23,1,0,0.99976724
55000900167704,2020-11-24,1,0,0.9998036
55000900167704,2020-11-25,1,0,0.9997979
55000900167704,2020-11-26,1,0,0.9999058
55000900167704,2020-11-27,1,0,0.99994385
55000900167704,2020-11-28,1,0,0.9998529
55000900167704,2020-11-29,1,0,0.9998579
55000900167704,2020-11-30,1,0,0.9996407
55000900167704,2020-12-01,1,0,0.9993704
55000900167704,2020-12-02,1,0,0.9996991
55000900167704,2020-12-03,1,0,0.9998604
55000900167704,2020-12-04,1,0,0.99991417
55000900167704,2020-12-05,1,0,0.99972135
55000900167704,2020-12-06,1,0,0.99966896
55000900167704,2020-12-07,1,0,0.99996424
55000900167704,2020-12-08,1,0,0.9999541
55000900167704,2020-12-09,1,0,0.9999343
55000900167704,2020-12-10,1,0,0.99988556
55000900167704,2020-12-11,1,0,0.99981076
55000900167704,2020-12-12,1,0,0.99994993
55000900167704,2020-12-13,1,0,0.9999696
55000900167704,2020-12-14,1,0,0.9999664
55000900167704,2020-12-15,1,0,0.9999553
55000900167704,2020-12-16,1,0,0.9999535
55000900167704,2020-12-17,1,0,0.9999454
55000900167704,2020-12-18,1,0,0.99995196
55000900167704,2020-12-19,1,0,0.99996436
55000900167704,2020-12-20,1,0,0.9999572
55000900167704,2020-12-21,1,0,0.9999678
55000900167704,2020-12-22,1,0,0.9999641
55000900167704,2020-12-23,1,0,0.99995697
55000900167704,2020-12-24,1,0,0.99997556
55000900167704,2020-12-25,1,0,0.99996436
55000900167704,2020-12-26,1,0,0.99995244
55000900167704,2020-12-27,1,0,0.99990094
55000900167704,2020-12-28,1,0,0.9999294
55000900167704,2020-12-29,1,0,0.9999467
55000900167704,2020-12-30,1,0,0.99990475
55000900167704,2020-12-31,1,0,0.99979275
55000900167704,2021-01-01,1,0,0.9999008
55000900167704,2021-01-02,1,0,0.9999523
55000900167704,2021-01-03,1,0,0.9999604
55000900167704,2021-01-04,1,0,0.9999529
55000900167704,2021-01-05,1,0,0.9999565
55000900167704,2021-01-06,1,0,0.9999598
55000900167704,2021-01-07,1,0,0.9999628
55000900167704,2021-01-08,1,0,0.99996984
55000900167704,2021-01-09,1,0,0.99997294
55000900167704,2021-01-10,1,0,0.9999778
55000900167704,2021-01-11,1,0,0.99997854
55000900167704,2021-01-12,1,0,0.9999789
55000900167704,2021-01-13,1,0,0.9999788
55000900167704,2021-01-14,1,0,0.99997914
55000900167704,2021-01-15,1,0,0.9999778
55000900167704,2021-01-16,1,0,0.99997926
55000900167704,2021-01-17,1,0,0.99997926
55000900167704,2021-01-18,1,0,0.99997854
55000900167704,2021-01-19,1,0,0.9999778
55000900167704,2021-01-20,1,0,0.99997854
55000900167704,2021-01-21,1,0,0.99997866
55000900167704,2021-01-22,1,0,0.99997866
55000900167704,2021-01-23,1,0,0.99997914
55000900167704,2021-01-24,1,0,0.99997914
55000900167704,2021-01-25,1,0,0.99997914
55000900167704,2021-01-26,1,0,0.9999794
55000900167704,2021-01-27,1,0,0.999979
55000900167704,2021-01-28,1,0,0.99997926
55000900167704,2021-01-29,1,0,0.9999796
55000900167704,2021-01-30,1,0,0.99997973
55000900167704,2021-01-31,1,0,0.99997985
55000900167704,2021-02-01,1,0,0.99997985
55000900167704,2021-02-02,1,0,0.99997985
55000900167704,2021-02-03,1,0,0.99997985
55000900167704,2021-02-04,1,0,0.99997985
55000900167704,2021-02-05,1,0,0.99997985
55000900167704,2021-02-06,1,0,0.99997985
55000900167704,2021-02-07,1,0,0.99997985
55000900167704,2021-02-08,1,0,0.99997985
55000900167704,2021-02-09,1,0,0.99997985
55000900167704,2021-02-10,1,0,0.99997985
55000900167704,2021-02-11,1,0,0.99997985
55000900167704,2021-02-12,1,0,0.99997985
55000900167704,2021-02-13,1,0,0.99997985
55000900167704,2021-02-14,1,0,0.99997985
55000900167704,2021-02-15,1,0,0.99997985
55000900167704,2021-02-16,1,0,0.99997985
55000900167704,2021-02-17,1,0,0.99997985
55000900167704,2021-02-18,1,0,0.99997985
55000900167704,2021-02-19,1,0,0.99997985
55000900167704,2021-02-20,1,0,0.99997985
55000900167704,2021-02-21,1,0,0.99997985
55000900167704,2021-02-22,1,0,0.99997985
55000900167704,2021-02-23,1,0,0.99997985
55000900167704,2021-02-24,1,0,0.99997985
55000900167704,2021-02-25,1,0,0.99997985
55000900167704,2021-02-26,1,0,0.99997985
55000900167704,2021-02-27,1,0,0.99997985
55000900167704,2021-02-28,1,0,0.99997985
55000900167704,2021-03-01,1,0,0.99997985
55000900167704,2021-03-02,1,0,0.99997985
55000900167704,2021-03-03,1,0,0.99997985
55000900167704,2021-03-04,1,0,0.99997985
55000900167704,2021-03-05,1,0,0.99997985
55000900167704,2021-03-06,1,0,0.99997985
55000900167704,2021-03-07,1,0,0.99997985
55000900167704,2021-03-08,1,0,0.99997985
55000900167704,2021-03-09,1,0,0.99997985
55000900167704,2021-03-10,1,0,0.99997985
55000900167704,2021-03-11,1,0,0.99997985
55000900167704,2021-03-12,1,0,0.99997985
55000900167704,2021-03-13,1,0,0.99997985
55000900167704,2021-03-15,1,0,0.99997985
55000900167704,2021-03-16,1,0,0.99997985
55000900167704,2021-03-17,1,0,0.99997985
55000900167704,2021-03-18,1,0,0.99997985
55000900167704,2021-03-19,1,0,0.99997985
55000900167704,2021-03-20,1,0,0.99997985
55000900167704,2021-03-21,1,0,0.99997985
55000900167704,2021-03-22,1,0,0.99997985
55000900167704,2021-03-23,1,0,0.99997985
55000900167704,2021-03-24,1,0,0.99997985
55000900167704,2021-03-25,1,0,0.99997985
55000900167704,2021-03-26,1,0,0.99997985
55000900167704,2021-03-27,1,0,0.99997985
55000900167704,2021-03-28,1,0,0.99997985
55000900167704,2021-03-29,1,0,0.99997985
55000900167704,2021-03-30,1,0,0.99997985
55000900167704,2021-03-31,1,0,0.99997985
55000900167704,2021-04-01,1,0,0.99997985
55000900167704,2021-04-02,1,0,0.99997985
55000900167704,2021-04-03,1,0,0.99997985
55000900167704,2021-04-04,1,0,0.99997985
55000900167704,2021-04-05,1,0,0.99997985
55000900167704,2021-04-06,1,0,0.99997985
55000900167704,2021-04-07,1,0,0.99997985
55000900167704,2021-04-08,1,0,0.99997985
55000900167704,2021-04-09,1,0,0.99997985
55000900167704,2021-04-10,1,0,0.99997985
55000900167704,2021-04-11,1,0,0.99997985
55000900167704,2021-04-12,1,0,0.99997985
55000900167704,2021-04-13,1,0,0.99997985
55000900167704,2021-04-14,1,0,0.99997985
55000900167704,2021-04-15,1,0,0.99997985
55000900167704,2021-04-16,1,0,0.99997985
55000900167704,2021-04-17,1,0,0.99997985
55000900167704,2021-04-18,1,0,0.99997985
55000900167704,2021-04-19,1,0,0.99997985
55000900167704,2021-04-20,1,0,0.99997985
55000900167704,2021-04-21,1,0,0.99997985
55000900167704,2021-04-22,1,0,0.99997985
55000900167704,2021-04-23,1,0,0.99997985
55000900167704,2021-04-24,1,0,0.99997985
55000900167704,2021-04-25,1,0,0.99997985
55000900167704,2021-04-26,1,0,0.99997985
55000900167704,2021-04-27,1,0,0.99997985
55000900167704,2021-04-28,1,0,0.99997985
55000900167704,2021-04-29,1,0,0.99997985
55000900167704,2021-04-30,1,0,0.99997985
55000900167704,2021-05-01,1,0,0.99997985
55000900167704,2021-05-02,1,0,0.99997985
55000900167704,2021-05-03,1,0,0.99997985
55000900167704,2021-05-04,1,0,0.99997985
55000900167704,2021-05-05,1,0,0.99997985
55000900167704,2021-05-06,1,0,0.99997985
55000900167704,2021-05-07,1,0,0.99997985
55000900167704,2021-05-08,1,0,0.99997985
55000900167704,2021-05-09,1,0,0.99997985
55000900167704,2021-05-10,1,0,0.99997985
55000900167704,2021-05-11,1,0,0.99997985
55000900167704,2021-05-12,1,0,0.99997985
55000900167704,2021-05-13,1,0,0.99997985
55000900167704,2021-05-14,1,0,0.99997985
55000900167704,2021-05-15,1,0,0.99997985
55000900167704,2021-05-16,1,0,0.99997985
55000900167704,2021-05-17,1,0,0.99997985
55000900167704,2021-05-18,1,0,0.99997985
55000900167704,2021-05-19,1,0,0.99997985
55000900167704,2021-05-20,1,0,0.99997985
55000900167704,2021-05-21,1,0,0.99997985
55000900167704,2021-05-22,1,0,0.99997985
55000900167704,2021-05-23,1,0,0.99997985
55000900167704,2021-05-24,1,0,0.99997985
55000900167704,2021-05-25,1,0,0.99997985
55000900167704,2021-05-26,1,0,0.99997985
55000900167704,2021-05-27,1,0,0.99997985
55000900167704,2021-05-28,1,0,0.99997985
55000900167704,2021-05-29,1,0,0.99997985
55000900167704,2021-05-30,1,0,0.99997985
55000900167704,2021-05-31,1,0,0.99997985
55000900167704,2021-06-01,1,0,0.99997985
55000900167704,2021-06-02,1,0,0.99997985
55000900167704,2021-06-03,1,0,0.99997985
55000900167704,2021-06-04,1,0,0.99997985
55000900167704,2021-06-05,1,0,0.99997985
55000900167704,2021-06-06,1,0,0.99997985
55000900167704,2021-06-07,1,0,0.99997985
55000900167704,2021-06-08,1,0,0.99997985
55000900167704,2021-06-09,1,0,0.99997985
55000900167704,2021-06-10,1,0,0.99997985
55000900167704,2021-06-11,1,0,0.99997985
55000900167704,2021-06-12,1,0,0.99997985
55000900167704,2021-06-13,1,0,0.99997985
55000900167704,2021-06-14,1,0,0.99997985
55000900167704,2021-06-15,1,0,0.99997985
55000900167704,2021-06-16,1,0,0.99997985
55000900167704,2021-06-17,1,0,0.99997985
55000900167704,2021-06-18,1,0,0.99997985
55000900167704,2021-06-19,1,0,0.99997985
55000900167704,2021-06-20,1,0,0.99997985
55000900167704,2021-06-21,1,0,0.99997985
55000900167704,2021-06-22,1,0,0.99997985
55000900167704,2021-06-23,1,0,0.99997985
55000900167704,2021-06-24,1,0,0.99997985
55000900167704,2021-06-25,1,0,0.99997985
55000900167704,2021-06-26,1,0,0.99997985
55000900167704,2021-06-27,1,0,0.99997985
55000900167704,2021-06-28,1,0,0.99997985
55000900167704,2021-06-29,1,0,0.99997985
55000900167704,2021-06-30,1,0,0.99997985
55000900167704,2021-07-01,1,0,0.99997985
55000900167704,2021-07-02,1,0,0.99997985
55000900167704,2021-07-03,1,0,0.99997985
55000900167704,2021-07-04,1,0,0.99997985
55000900167704,2021-07-05,1,0,0.99997985
55000900167704,2021-07-06,1,0,0.99997985
55000900167704,2021-07-07,1,0,0.99997985
55000900167704,2021-07-08,1,0,0.99997985
55000900167704,2021-07-09,0,0,0.99997985
55000900167704,2021-07-10,0,0,0.99997985
55000900167704,2021-07-11,0,0,0.99997985
55000900167704,2021-07-12,0,0,0.9999826
55000900167704,2021-07-13,0,0,0.999982
55000900167704,2021-07-14,0,0,0.99998176
55000900167704,2021-07-15,0,0,0.99998164
55000900167704,2021-07-16,0,0,0.9999815
55000900167704,2021-07-17,0,0,0.9999815
55000900167704,2021-07-18,0,0,0.9999815
55000900167704,2021-07-19,0,0,0.9999815
55000900167704,2021-07-20,0,0,0.9999815
55000900167704,2021-07-21,0,0,0.9999815
55000900167704,2021-07-22,0,0,0.9999815
55000900167704,2021-07-23,0,0,0.9999815
55000900167704,2021-07-24,0,0,0.9999815
55000900167704,2021-07-25,0,0,0.9999814
55000900167704,2021-07-26,0,0,0.9999769
55000900167704,2021-07-27,0,0,0.9998921
55000900167704,2021-07-28,0,0,0.9998795
55000900167704,2021-07-29,0,0,0.9998822
55000900167704,2021-07-30,0,0,0.9998801
55000900167704,2021-07-31,0,0,0.9998797
55000900167704,2021-08-01,0,0,0.99987996
55000900167704,2021-08-02,0,0,0.99987996
55000900167704,2021-08-03,0,0,0.99987996
55000900167704,2021-08-04,0,0,0.99987733
55000900167704,2021-08-05,0,0,0.99955887
55000900167704,2021-08-06,0,0,0.9984054
55000900167704,2021-08-07,0,0,0.9984201
55000900167704,2021-08-08,0,0,0.99792284
55000900167704,2021-08-09,0,0,0.9983157
55000900167704,2021-08-10,0,0,0.9983802
55000900167704,2021-08-11,0,0,0.9983802
55000900167704,2021-08-12,0,0,0.9983802
55000900167704,2021-08-13,0,0,0.9983802
55000900167704,2021-08-14,0,0,0.9983802
55000900167704,2021-08-15,0,0,0.9983802
55000900167704,2021-08-16,0,0,0.9983802
55000900167704,2021-08-17,0,0,0.9983802
55000900167704,2021-08-18,0,0,0.9983802
55000900167704,2021-08-20,0,0,0.9983802
55000900167704,2021-08-21,0,0,0.9983802
55000900167704,2021-08-22,0,0,0.9983802
55000900167704,2021-08-23,0,0,0.9983802
55000900167704,2021-08-24,0,0,0.9983802
55000900167704,2021-08-25,0,0,0.9983802
55000900167704,2021-08-26,0,0,0.9983802
55000900167704,2021-08-27,0,0,0.9983802
55000900167704,2021-08-28,0,0,0.9983802
55000900167704,2021-08-29,0,0,0.9983802
55000900167704,2021-08-30,0,0,0.9983802
55000900167704,2021-08-31,0,0,0.9983802
55000900167704,2021-09-01,0,0,0.9983802
55000900167704,2021-09-02,0,0,0.9983802
55000900167704,2021-09-03,0,0,0.9983802
55000900167704,2021-09-04,0,0,0.9983802
55000900167704,2021-09-05,0,0,0.9983802
55000900167704,2021-09-06,0,0,0.9983802
55000900167704,2021-09-07,0,0,0.9983802
55000900167704,2021-09-08,0,0,0.9983802
55000900167704,2021-09-09,0,0,0.9983802
55000900167704,2021-09-10,0,0,0.9983802
55000900167704,2021-09-11,0,0,0.9983802
55000900167704,2021-09-12,0,0,0.9983802
55000900167704,2021-09-13,0,0,0.9983802
55000900167704,2021-09-14,0,0,0.9983802
55000900167704,2021-09-15,0,0,0.9983802
55000900167704,2021-09-16,0,0,0.9983802
55000900167704,2021-09-17,0,0,0.9983802
55000900167704,2021-09-18,1,0,0.9983802
55000900167704,2021-09-19,1,0,0.9983802
55000900167704,2021-09-20,0,0,0.9983802
55000900167704,2021-09-21,0,0,0.99642545
55000900167704,2021-09-22,0,0,0.99651504
55000900167704,2021-09-23,0,0,0.9985091
55000900167704,2021-09-24,0,0,0.997517
55000900167704,2021-09-25,0,0,0.9981299
55000900167704,2021-09-26,0,0,0.99842155
55000900167704,2021-09-27,1,0,0.99783915
55000900167704,2021-09-28,1,0,0.9983267
55000900167704,2021-09-29,0,0,0.99840504
55000900167704,2021-09-30,0,0,0.99602854
55000900167704,2021-10-01,0,0,0.99657863
55000900167704,2021-10-02,0,0,0.99832255
55000900167704,2021-10-03,0,0,0.9974624
55000900167704,2021-10-04,0,0,0.99806255
55000900167704,2021-10-05,0,0,0.9981591
55000900167704,2021-10-06,0,0,0.9978771
55000900167704,2021-10-07,0,0,0.9983188
55000900167704,2021-10-08,0,0,0.99819833
55000900167704,2021-10-09,0,0,0.9981425
55000900167704,2021-10-10,0,0,0.9984072
55000900167704,2021-10-11,0,0,0.997736
55000900167704,2021-10-12,0,0,0.9982993
55000900167704,2021-10-13,0,0,0.9983113
55000900167704,2021-10-14,0,0,0.99785763
55000900167704,2021-10-15,0,0,0.9983569
55000900167704,2021-10-16,0,0,0.9978417
55000900167704,2021-10-17,0,0,0.9982052
55000900167704,2021-10-18,0,0,0.99841344
55000900167704,2021-10-19,0,0,0.9975553
55000900167704,2021-10-21,0,0,0.9975994
55000900167704,2021-10-22,1,0,0.9984169
55000900167704,2021-10-23,1,0,0.997401
55000900167704,2021-10-24,1,0,0.99816775
55000900167704,2021-10-25,1,0,0.9966589
55000900167704,2021-10-26,1,0,0.9961522
55000900167704,2021-10-27,1,0,0.99632335
55000900167704,2021-10-28,1,0,0.99513596
55000900167704,2021-10-29,1,0,0.9952596
55000900167704,2021-10-30,1,0,0.99497354
55000900167704,2021-10-31,1,0,0.9951249
55000900167704,2021-11-01,1,0,0.9956903
55000900167704,2021-11-02,1,0,0.9952519
55000900167704,2021-11-03,1,0,0.9956241
55000900167704,2021-11-04,1,0,0.995572
55000900167704,2021-11-05,1,0,0.9952799
55000900167704,2021-11-06,1,0,0.9972595
55000900167704,2021-11-07,1,0,0.99993706
55000900167704,2021-11-08,1,0,0.9999672
55000900167704,2021-11-09,1,0,0.9999628
55000900167704,2021-11-10,1,0,0.99996114
55000900167704,2021-11-11,1,0,0.99995995
55000900167704,2021-11-12,1,0,0.99995875
55000900167704,2021-11-13,1,0,0.99995756
55000900167704,2021-11-14,1,0,0.99997294
55000900167704,2021-11-15,1,0,0.99997854
55000900167704,2021-11-16,1,0,0.99997854
55000900167704,2021-11-17,1,0,0.99997854
55000900167704,2021-11-18,1,0,0.99997854
55000900167704,2021-11-19,1,0,0.9999801
55000900167704,2021-11-20,1,0,0.9999801
55000900167704,2021-11-21,1,0,0.9999801
55000900167704,2021-11-22,1,0,0.9999801
55000900167704,2021-11-23,1,0,0.99997985
55000900167704,2021-11-24,1,0,0.99997985
55000900167704,2021-11-25,1,0,0.99997985
55000900167704,2021-11-26,1,0,0.99997985
55000900167704,2021-11-27,1,0,0.99997985
55000900167704,2021-11-28,1,0,0.99997985
55000900167704,2021-11-29,1,0,0.99997985
55000900167704,2021-11-30,1,0,0.99997985
55000900167704,2021-12-01,1,0,0.99997985
55000900167704,2021-12-02,1,0,0.99997985
55000900167704,2021-12-03,1,0,0.99997985
55000900167704,2021-12-04,1,0,0.99997985
55000900167704,2021-12-05,1,0,0.99997985
55000900167704,2021-12-06,1,0,0.99997985
55000900167704,2021-12-07,1,0,0.99997985
55000900167704,2021-12-08,1,0,0.99997985
55000900167704,2021-12-09,1,0,0.99997985
55000900167704,2021-12-10,1,0,0.99997985
55000900167704,2021-12-11,1,0,0.99997985
55000900167704,2021-12-12,1,0,0.99997985
55000900167704,2021-12-13,1,0,0.99997985
55000900167704,2021-12-14,1,0,0.99997985
55000900167704,2021-12-15,1,0,0.99997985
55000900167704,2021-12-16,1,0,0.99997985
55000900167704,2021-12-17,1,0,0.99997985
55000900167704,2021-12-18,1,0,0.99997985
55000900167704,2021-12-19,1,0,0.99997985
55000900167704,2021-12-20,1,0,0.99997985
55000900167704,2021-12-21,1,0,0.99997985
55000900167704,2021-12-22,1,0,0.99997985
55000900167704,2021-12-23,1,0,0.99997985
55000900167704,2021-12-24,1,0,0.99997985
55000900167704,2021-12-25,1,0,0.99997985
55000900167704,2021-12-26,1,0,0.99997985
55000900167704,2021-12-27,1,0,0.99997985
55000900167704,2021-12-28,1,0,0.99997985
55000900167704,2021-12-29,1,0,0.99997985
55000900167704,2021-12-30,1,0,0.99997985
55000900167704,2021-12-31,1,0,0.99997985
55000900167704,2022-01-01,1,0,0.99997985
55000900167704,2022-01-02,1,0,0.99997985
55000900167704,2022-01-03,1,0,0.99997985
55000900167704,2022-01-04,1,0,0.99997985
55000900167704,2022-01-05,1,0,0.99997985
55000900167704,2022-01-06,1,0,0.99997985
55000900167704,2022-01-07,1,0,0.99997985
55000900167704,2022-01-08,1,0,0.99997985
55000900167704,2022-01-09,1,0,0.99997985
55000900167704,2022-01-10,1,0,0.99997985
55000900167704,2022-01-11,1,0,0.99997985
55000900167704,2022-01-12,1,0,0.99997985
55000900167704,2022-01-13,1,0,0.99997985
55000900167704,2022-01-14,1,0,0.99997985
55000900167704,2022-01-15,1,0,0.99997985
55000900167704,2022-01-16,1,0,0.99997985
55000900167704,2022-01-17,1,0,0.99997985
55000900167704,2022-01-18,1,0,0.99997985
55000900167704,2022-01-19,1,0,0.99997985
55000900167704,2022-01-20,1,0,0.99997985
55000900167704,2022-01-21,1,0,0.99997985
55000900167704,2022-01-22,1,0,0.99997985
55000900167704,2022-01-23,1,0,0.99997985
55000900167704,2022-01-24,1,0,0.99997985
55000900167704,2022-01-25,1,0,0.99997985
55000900167704,2022-01-26,1,0,0.99997985
55000900167704,2022-01-27,1,0,0.99997985
55000900167704,2022-01-28,1,0,0.99997985
55000900167704,2022-01-29,1,0,0.99997985
55000900167704,2022-01-30,1,0,0.99997985
55000900167704,2022-01-31,1,0,0.99997985
55000900167704,2022-02-01,1,0,0.99997985
55000900167704,2022-02-02,1,0,0.99997985
55000900167704,2022-02-03,1,0,0.99997985
55000900167704,2022-02-04,1,0,0.99997985
55000900167704,2022-02-05,1,0,0.99997985
55000900167704,2022-02-06,1,0,0.99997985
55000900167704,2022-02-07,1,0,0.99997985
55000900167704,2022-02-08,1,0,0.99997985
55000900167704,2022-02-09,1,0,0.99997985
55000900167704,2022-02-10,1,0,0.99997985
55000900167704,2022-02-11,1,0,0.99997985
55000900167704,2022-02-12,1,0,0.99997985
55000900167704,2022-02-13,1,0,0.99997985
55000900167704,2022-02-14,1,0,0.99997985
55000900167704,2022-02-15,1,0,0.99997985
55000900167704,2022-02-16,1,0,0.99997985
55000900167704,2022-02-17,1,0,0.99997985
55000900167704,2022-02-18,1,0,0.99997985
55000900167704,2022-02-19,1,0,0.99997985
55000900167704,2022-02-20,1,0,0.99997985
55000900167704,2022-02-21,1,0,0.99997985
55000900167704,2022-02-22,1,0,0.99997985
55000900167704,2022-02-23,1,0,0.99997985
55000900167704,2022-02-24,1,0,0.99997985
55000900167704,2022-02-25,1,0,0.99997985
55000900167704,2022-02-26,1,0,0.99997985
55000900167704,2022-02-27,1,0,0.99997985
55000900167704,2022-02-28,1,0,0.99997985
55000900167704,2022-03-01,1,0,0.99997985
55000900167704,2022-03-02,1,0,0.99997985
55000900167704,2022-03-03,1,0,0.99997985
55000900167704,2022-03-04,1,0,0.99997985
55000900167704,2022-03-05,1,0,0.99997985
55000900167704,2022-03-06,1,0,0.99997985
55000900167704,2022-03-07,1,0,0.99997985
55000900167704,2022-03-08,1,0,0.99997985
55000900167704,2022-03-09,1,0,0.99997985
55000900167704,2022-03-10,1,0,0.99997985
55000900167704,2022-03-11,1,0,0.99997985
55000900167704,2022-03-12,1,0,0.99997985
55000900167704,2022-03-14,1,0,0.99997985
55000900167704,2022-03-15,1,0,0.99997985
55000900167704,2022-03-16,1,0,0.99997985
55000900167704,2022-03-17,1,0,0.99997985
55000900167704,2022-03-18,1,0,0.99997985
55000900167704,2022-03-19,1,0,0.99997985
55000900167704,2022-03-20,1,0,0.99997985
55000900167704,2022-03-21,1,0,0.99997985
55000900167704,2022-03-22,1,0,0.99997985
55000900167704,2022-03-23,1,0,0.99997985
55000900167704,2022-03-24,1,0,0.99997985
55000900167704,2022-03-25,1,0,0.99997985
55000900167704,2022-03-26,1,0,0.99997985
55000900167704,2022-03-27,1,0,0.99997985
55000900167704,2022-03-28,1,0,0.99997985
55000900167704,2022-03-29,1,0,0.99997985
55000900167704,2022-03-30,1,0,0.99997985
55000900167704,2022-03-31,1,0,0.99997985
55000900167704,2022-04-01,1,0,0.99997985
55000900167704,2022-04-02,1,0,0.99997985
55000900167704,2022-04-03,1,0,0.99997985
55000900167704,2022-04-04,1,0,0.99997985
55000900167704,2022-04-05,1,0,0.99997985
55000900167704,2022-04-06,1,0,0.99997985
55000900167704,2022-04-07,1,0,0.99997985
55000900167704,2022-04-08,1,0,0.99997985
55000900167704,2022-04-09,1,0,0.99997985
55000900167704,2022-04-10,1,0,0.99997985
55000900167704,2022-04-11,1,0,0.99997985
55000900167704,2022-04-12,1,0,0.99997985
55000900167704,2022-04-13,1,0,0.99997985
55000900167704,2022-04-14,1,0,0.99997985
55000900167704,2022-04-15,1,0,0.99997985
55000900167704,2022-04-16,1,0,0.99997985
55000900167704,2022-04-17,1,0,0.99997985
55000900167704,2022-04-18,1,0,0.99997985
55000900167704,2022-04-19,1,0,0.99997985
55000900167704,2022-04-20,1,0,0.99997985
55000900167704,2022-04-21,1,0,0.99997985
55000900167704,2022-04-22,1,0,0.99997985
55000900167704,2022-04-23,1,0,0.99997985
55000900167704,2022-04-24,1,0,0.99997985
55000900167704,2022-04-25,1,0,0.99997985
55000900167704,2022-04-26,1,0,0.99997985
55000900167704,2022-04-27,1,0,0.99997985
55000900167704,2022-04-28,1,0,0.99997985
55000900167704,2022-04-29,1,0,0.99997985
55000900167704,2022-04-30,1,0,0.99997985
55000900167704,2022-05-01,1,0,0.99997985
55000900167704,2022-05-02,1,0,0.99997985
55000900167704,2022-05-03,1,0,0.99997985
55000900167704,2022-05-04,1,0,0.99997985
55000900167704,2022-05-05,1,0,0.99997985
55000900167704,2022-05-06,1,0,0.99997985
55000900167704,2022-05-07,1,0,0.99997985
55000900167704,2022-05-08,1,0,0.99997985
55000900167704,2022-05-09,1,0,0.99997985
55000900167704,2022-05-10,1,0,0.99997985
55000900167704,2022-05-11,1,0,0.99997985
55000900167704,2022-05-12,1,0,0.99997985
55000900167704,2022-05-13,1,0,0.99997985
55000900167704,2022-05-14,1,0,0.99997985
55000900167704,2022-05-15,1,0,0.99997985
55000900167704,2022-05-16,1,0,0.99997985
55000900167704,2022-05-17,1,0,0.99997985
55000900167704,2022-05-18,1,0,0.99997985
55000900167704,2022-05-19,1,0,0.99997985
55000900167704,2022-05-20,1,0,0.99997985
55000900167704,2022-05-21,1,0,0.99997985
55000900167704,2022-05-22,1,0,0.99997985
55000900167704,2022-05-23,1,0,0.99997985
55000900167704,2022-05-24,1,0,0.99997985
55000900167704,2022-05-25,1,0,0.99997985
55000900167704,2022-05-26,1,0,0.99997985
55000900167704,2022-05-27,1,0,0.99997985
55000900167704,2022-05-28,1,0,0.99997985
55000900167704,2022-05-29,1,0,0.99997985
55000900167704,2022-05-30,1,0,0.99997985
55000900167704,2022-05-31,1,0,0.99997985
55000900167704,2022-06-01,1,0,0.99997985
55000900167704,2022-06-02,1,0,0.99997985
55000900167704,2022-06-03,1,0,0.99997985
55000900167704,2022-06-04,1,0,0.99997985
55000900167704,2022-06-05,1,0,0.99997985
55000900167704,2022-06-06,1,0,0.99997985
55000900167704,2022-06-07,1,0,0.99997985
55000900167704,2022-06-08,1,0,0.99997985
55000900167704,2022-06-09,1,0,0.99997985
55000900167704,2022-06-10,1,0,0.99997985
55000900167704,2022-06-11,1,0,0.99997985
55000900167704,2022-06-12,1,0,0.99997985
55000900167704,2022-06-13,1,0,0.99997985
55000900167704,2022-06-14,1,0,0.99997985
55000900167704,2022-06-15,1,0,0.99997985
55000900167704,2022-06-16,1,0,0.99997985
55000900167704,2022-06-17,1,0,0.99997985
55000900167704,2022-06-18,1,0,0.99997985
55000900167704,2022-06-19,1,0,0.99997985
55000900167704,2022-06-20,1,0,0.99997985
55000900167704,2022-06-21,1,0,0.99997985
55000900167704,2022-06-22,1,0,0.99997985
55000900167704,2022-06-23,1,0,0.99997985
55000900167704,2022-06-24,1,0,0.99997985
55000900167704,2022-06-25,1,0,0.99997985
55000900167704,2022-06-26,1,0,0.99997985
55000900167704,2022-06-27,1,0,0.99997985
55000900167704,2022-06-28,1,0,0.99997985
55000900167704,2022-06-29,1,0,0.99997985
55000900167704,2022-06-30,1,0,0.99997985
55000900167704,2022-07-01,1,0,0.99997985
55000900167704,2022-07-02,1,0,0.99997985
55000900167704,2022-07-03,1,0,0.99997985
55000900167704,2022-07-04,1,0,0.99997985
55000900167704,2022-07-05,1,0,0.99997985
55000900167704,2022-07-06,1,0,0.99997985
55000900167704,2022-07-07,1,0,0.99997985
55000900167704,2022-07-08,1,0,0.99997985
55000900167704,2022-07-09,1,0,0.99997985
55000900167704,2022-07-10,1,0,0.99997985
55000900167704,2022-07-11,1,0,0.99997985
55000900167704,2022-07-12,1,0,0.99997985
55000900167704,2022-07-13,1,0,0.99997985
55000900167704,2022-07-14,1,0,0.99997985
55000900167704,2022-07-15,1,0,0.99997985
55000900167704,2022-07-16,1,0,0.99997985
55000900167704,2022-07-17,1,0,0.99997985
55000900167704,2022-07-18,1,0,0.99997985
55000900167704,2022-07-19,1,0,0.99997985
55000900167704,2022-07-20,1,0,0.99997985
55000900167704,2022-07-21,1,0,0.99997985
55000900167704,2022-07-22,1,0,0.99997985
55000900167704,2022-07-23,1,0,0.99997985
55000900167704,2022-07-24,1,0,0.99997985
55000900167704,2022-07-25,1,0,0.99997985
55000900167704,2022-07-26,1,0,0.99997985
55000900167704,2022-07-27,1,0,0.99997985
55000900167704,2022-07-28,1,0,0.99997985
55000900167704,2022-07-29,1,0,0.99997985
55000900167704,2022-07-30,1,0,0.99997985
55000900167704,2022-07-31,1,0,0.99997985
55000900167704,2022-08-01,1,0,0.99997985
55000900167704,2022-08-02,1,0,0.99997985
55000900167704,2022-08-03,1,0,0.99997985
55000900167704,2022-08-04,1,0,0.99997985
55000900167704,2022-08-05,1,0,0.99997985
55000900167704,2022-08-06,1,0,0.99997985
55000900167704,2022-08-07,1,0,0.99997985
55000900167704,2022-08-08,1,0,0.99997985
55000900167704,2022-08-09,1,0,0.99997985
55000900167704,2022-08-10,1,0,0.99997985
55000900167704,2022-08-11,1,0,0.99997985
55000900167704,2022-08-12,1,0,0.99997985
55000900167704,2022-08-13,1,0,0.99997985
55000900167704,2022-08-14,1,0,0.99997985
55000900167704,2022-08-15,1,0,0.99997985
55000900167704,2022-08-16,1,0,0.99997985
55000900167704,2022-08-17,1,0,0.99997985
55000900167704,2022-08-18,1,0,0.99997985
55000900167704,2022-08-19,1,0,0.99997985
55000900167704,2022-08-20,1,0,0.99997985
55000900167704,2022-08-21,1,0,0.99997985
55000900167704,2022-08-22,1,0,0.99997985
55000900167704,2022-08-23,1,0,0.99997985
55000900167704,2022-08-24,1,0,0.99997985
55000900167704,2022-08-25,1,0,0.99997985
55000900167704,2022-08-26,1,0,0.99997985
55000900167704,2022-08-27,1,0,0.99997985
55000900167704,2022-08-28,1,0,0.99997985
55000900167704,2022-08-29,1,0,0.99997985
55000900167704,2022-08-30,1,0,0.99997985
55000900167704,2022-08-31,1,0,0.99997985
55000900167704,2022-09-01,1,0,0.99997985
55000900167704,2022-09-02,1,0,0.99997985
55000900167704,2022-09-03,1,0,0.99997985
55000900167704,2022-09-04,1,0,0.99997985
55000900167704,2022-09-05,0,0,0.99997985
55000900167704,2022-09-06,0,0,0.99997985
55000900167704,2022-09-07,0,0,0.99997985
55000900167704,2022-09-08,0,0,0.9999826
55000900167704,2022-09-09,0,0,0.999982
55000900167704,2022-09-10,0,0,0.99998176
55000900167704,2022-09-11,0,0,0.99998164
55000900167704,2022-09-12,0,0,0.9999815
55000900167704,2022-09-13,0,0,0.9999815
55000900167704,2022-09-14,0,0,0.9999815
55000900167704,2022-09-15,0,0,0.9999815
55000900167704,2022-09-16,0,0,0.9999815
55000900167704,2022-09-17,0,0,0.9999815
55000900167704,2022-09-18,0,0,0.9999815
55000900167704,2022-09-19,0,0,0.9999815
55000900167704,2022-09-20,0,0,0.9999815
55000900167704,2022-09-21,0,0,0.9999814
55000900167704,2022-09-22,0,0,0.9999769
55000900167704,2022-09-23,0,0,0.9998921
55000900167704,2022-09-24,0,0,0.9998795
55000900167704,2022-09-25,0,0,0.9998822
55000900167704,2022-09-26,0,0,0.9998801
55000900167704,2022-09-27,0,0,0.9998797
55000900167704,2022-09-28,0,0,0.99987996
55000900167704,2022-09-29,0,0,0.99987996
55000900167704,2022-09-30,0,0,0.99987996
55000900167704,2022-10-01,0,0,0.99987733
55000900167704,2022-10-02,0,0,0.99955887
55000900167704,2022-10-03,0,0,0.9984054
55000900167704,2022-10-04,0,0,0.9984201
55000900167704,2022-10-05,0,0,0.99792284
55000900167704,2022-10-06,0,0,0.9983157
55000900167704,2022-10-07,0,0,0.9983802
55000900167704,2022-10-08,0,0,0.9983802
55000900167704,2022-10-09,0,0,0.9983802
55000900167704,2022-10-10,0,0,0.9983802
55000900167704,2022-10-11,0,0,0.9983802
55000900167704,2022-10-12,0,0,0.9983802
55000900167704,2022-10-13,0,0,0.9983802
55000900167704,2022-10-14,0,0,0.9983802
55000900167704,2022-10-15,0,0,0.9983802
55000900167704,2022-10-16,0,0,0.9983802
55000900167704,2022-10-17,0,0,0.9983802
55000900167704,2022-10-18,0,0,0.9983802
55000900167704,2022-10-19,0,0,0.9983802
55000900167704,2022-10-20,0,0,0.9983802
55000900167704,2022-10-21,0,0,0.9983802
55000900167704,2022-10-22,1,0,0.9983802
55000900167704,2022-10-23,0,0,0.9983802
55000900167704,2022-10-24,1,0,0.9983802
55000900167704,2022-10-25,1,0,0.99642545
55000900167704,2022-10-26,1,0,0.99868315
55000900167704,2022-10-27,0,0,0.9966898
55000900167704,2022-10-28,0,0,0.99637175
55000900167704,2022-10-29,0,0,0.9966222
55000900167704,2022-10-30,0,0,0.99731183
55000900167704,2022-10-31,0,0,0.9976394
55000900167704,2022-11-01,1,0,0.99794537
55000900167704,2022-11-02,0,0,0.9978397
55000900167704,2022-11-03,0,0,0.9980332
55000900167704,2022-11-04,1,0,0.9960989
55000900167704,2022-11-05,1,0,0.9983961
55000900167704,2022-11-06,1,0,0.9983119
55000900167704,2022-11-07,1,0,0.996203
55000900167704,2022-11-08,1,0,0.9966564
55000900167704,2022-11-09,1,0,0.99593914
55000900167704,2022-11-10,1,0,0.9958996
55000900167704,2022-11-11,1,0,0.99616504
55000900167704,2022-11-12,1,0,0.99492824
55000900167704,2022-11-13,1,0,0.99609286
55000900167704,2022-11-14,1,0,0.9971551
55000900167704,2022-11-15,1,0,0.9999205
55000900167704,2022-11-16,1,0,0.99996686
55000900167704,2022-11-17,1,0,0.9999628
55000900167704,2022-11-18,1,0,0.9999614
55000900167704,2022-11-19,1,0,0.99995995
55000900167704,2022-11-20,1,0,0.99997604
55000900167704,2022-11-21,1,0,0.99997854
55000900167704,2022-11-22,1,0,0.99997854
55000900167704,2022-11-23,1,0,0.9999802
55000900167704,2022-11-24,1,0,0.99997854
55000900167704,2022-11-25,1,0,0.9999801
55000900167704,2022-11-26,1,0,0.9999788
55000900167704,2022-11-27,1,0,0.99997854
55000900167704,2022-11-28,1,0,0.99997854
55000900167704,2022-11-29,1,0,0.99997854
55000900167704,2022-11-30,1,0,0.99997866
55000900167704,2022-12-01,1,0,0.9999801
55000900167704,2022-12-02,1,0,0.9999801
55000900167704,2022-12-03,1,0,0.9999801
55000900167704,2022-12-04,1,0,0.9999801
55000900167704,2022-12-05,1,0,0.9999801
55000900167704,2022-12-06,1,0,0.99997985
55000900167704,2022-12-07,1,0,0.99997985
55000900167704,2022-12-08,1,0,0.99997985
55000900167704,2022-12-09,1,0,0.99997985
55000900167704,2022-12-10,1,0,0.99997985
55000900167704,2022-12-11,1,0,0.99997985
55000900167704,2022-12-12,1,0,0.99997985
55000900167704,2022-12-13,1,0,0.99997985
55000900167704,2022-12-14,1,0,0.99997985
55000900167704,2022-12-15,1,0,0.99997985
55000900167704,2022-12-16,1,0,0.99997985
55000900167704,2022-12-17,1,0,0.99997985
55000900167704,2022-12-18,1,0,0.99997985
55000900167704,2022-12-19,1,0,0.99997985
55000900167704,2022-12-20,1,0,0.99997985
55000900167704,2022-12-21,1,0,0.99997985
55000900167704,2022-12-22,1,0,0.99997985
55000900167704,2022-12-23,1,0,0.99997985
55000900167704,2022-12-24,1,0,0.99997985
55000900167704,2022-12-25,1,0,0.99997985
55000900167704,2022-12-26,1,0,0.99997985
55000900167704,2022-12-27,1,0,0.99997985
55000900167704,2022-12-28,1,0,0.99997985
55000900167704,2022-12-29,1,0,0.99997985
55000900167704,2022-12-30,1,0,0.99997985
55000900167704,2022-12-31,1,0,0.99997985
55000900167704,2023-01-01,1,0,0.99997985
55000900167704,2023-01-02,1,0,0.99997985
55000900167704,2023-01-03,1,0,0.99997985
55000900167704,2023-01-04,1,0,0.99997985
55000900167704,2023-01-05,1,0,0.99997985
55000900167704,2023-01-06,1,0,0.99997985
55000900167704,2023-01-07,1,0,0.99997985
55000900167704,2023-01-08,1,0,0.99997985
55000900167704,2023-01-09,1,0,0.99997985
55000900167704,2023-01-10,1,0,0.99997985
55000900167704,2023-01-11,1,0,0.99997985
55000900167704,2023-01-12,1,0,0.99997985
55000900167704,2023-01-13,1,0,0.99997985
55000900167704,2023-01-14,1,0,0.99997985
55000900167704,2023-01-15,1,0,0.99997985
55000900167704,2023-01-16,1,0,0.99997985
55000900167704,2023-01-17,1,0,0.99997985
55000900167704,2023-01-18,1,0,0.99997985
55000900167704,2023-01-19,1,0,0.99997985
55000900167704,2023-01-20,1,0,0.99997985
55000900167704,2023-01-21,1,0,0.99997985
55000900167704,2023-01-22,1,0,0.99997985
55000900167704,2023-01-23,1,0,0.99997985
55000900167704,2023-01-24,1,0,0.99997985
55000900167704,2023-01-25,1,0,0.99997985
55000900167704,2023-01-26,1,0,0.99997985
55000900167704,2023-01-27,1,0,0.99997985
55000900167704,2023-01-28,1,0,0.99997985
55000900167704,2023-01-29,1,0,0.99997985
55000900167704,2023-01-30,1,0,0.99997985
55000900167704,2023-01-31,1,0,0.99997985
55000900167704,2023-02-01,1,0,0.99997985
55000900167704,2023-02-02,1,0,0.99997985
55000900167704,2023-02-03,1,0,0.99997985
55000900167704,2023-02-04,1,0,0.99997985
55000900167704,2023-02-05,1,0,0.99997985
55000900167704,2023-02-06,1,0,0.99997985
55000900167704,2023-02-07,1,0,0.99997985
55000900167704,2023-02-08,1,0,0.99997985
55000900167704,2023-02-09,1,0,0.99997985
55000900167704,2023-02-10,1,0,0.99997985
55000900167704,2023-02-11,1,0,0.99997985
55000900167704,2023-02-12,1,0,0.99997985
55000900167704,2023-02-13,1,0,0.99997985
55000900167704,2023-02-14,1,0,0.99997985
55000900167704,2023-02-15,1,0,0.99997985
55000900167704,2023-02-16,1,0,0.99997985
55000900167704,2023-02-17,1,0,0.99997985
55000900167704,2023-02-18,1,0,0.99997985
55000900167704,2023-02-19,1,0,0.99997985
55000900167704,2023-02-20,1,0,0.99997985
55000900167704,2023-02-21,1,0,0.99997985
55000900167704,2023-02-22,1,0,0.99997985
55000900167704,2023-02-23,1,0,0.99997985
55000900167704,2023-02-24,1,0,0.99997985
55000900167704,2023-02-25,1,0,0.99997985
55000900167704,2023-02-26,1,0,0.99997985
55000900167704,2023-02-27,1,0,0.99997985
55000900167704,2023-02-28,1,0,0.99997985
55000900167704,2023-03-01,1,0,0.99997985
55000900167704,2023-03-02,1,0,0.99997985
55000900167704,2023-03-03,1,0,0.99997985
55000900167704,2023-03-04,1,0,0.99997985
55000900167704,2023-03-05,1,0,0.99997985
55000900167704,2023-03-06,1,0,0.99997985
55000900167704,2023-03-07,1,0,0.99997985
55000900167704,2023-03-08,1,0,0.99997985
55000900167704,2023-03-09,1,0,0.99997985
55000900167704,2023-03-10,1,0,0.99997985
55000900167704,2023-03-11,1,0,0.99997985
55000900167704,2023-03-13,1,0,0.99997985
55000900167704,2023-03-14,1,0,0.99997985
55000900167704,2023-03-15,1,0,0.99997985
55000900167704,2023-03-16,1,0,0.99997985
55000900167704,2023-03-17,1,0,0.99997985
55000900167704,2023-03-18,1,0,0.99997985
55000900167704,2023-03-19,1,0,0.99997985
55000900167704,2023-03-20,1,0,0.99997985
55000900167704,2023-03-21,1,0,0.99997985
55000900167704,2023-03-22,1,0,0.99997985
55000900167704,2023-03-23,1,0,0.99997985
55000900167704,2023-03-24,1,0,0.99997985
55000900167704,2023-03-25,1,0,0.99997985
55000900167704,2023-03-26,1,0,0.99997985
55000900167704,2023-03-27,1,0,0.99997985
55000900167704,2023-03-28,1,0,0.99997985
55000900167704,2023-03-29,1,0,0.99997985
55000900167704,2023-03-30,1,0,0.99997985
55000900167704,2023-03-31,1,0,0.99997985
55000900167704,2023-04-01,1,0,0.99997985
55000900167704,2023-04-02,1,0,0.99997985
55000900167704,2023-04-03,1,0,0.99997985
55000900167704,2023-04-04,1,0,0.99997985
55000900167704,2023-04-05,1,0,0.99997985
55000900167704,2023-04-06,1,0,0.99997985
55000900167704,2023-04-07,1,0,0.99997985
55000900167704,2023-04-08,1,0,0.99997985
55000900167704,2023-04-09,1,0,0.99997985
55000900167704,2023-04-10,1,0,0.99997985
55000900167704,2023-04-11,1,0,0.99997985
55000900167704,2023-04-12,1,0,0.99997985
55000900167704,2023-04-13,1,0,0.99997985
55000900167704,2023-04-14,1,0,0.99997985
55000900167704,2023-04-15,1,0,0.99997985
55000900167704,2023-04-16,1,0,0.99997985
55000900167704,2023-04-17,1,0,0.99997985
55000900167704,2023-04-18,1,0,0.99997985
55000900167704,2023-04-19,1,0,0.99997985
55000900167704,2023-04-20,1,0,0.99997985
55000900200040,2020-09-29,1,0,0.99997556
55000900200040,2020-09-30,1,0,0.99998
55000900200040,2020-10-01,1,0,0.9999764
55000900200040,2020-10-02,1,0,0.99992657
55000900200040,2020-10-03,1,0,0.9998909
55000900200040,2020-10-04,1,0,0.99982786
55000900200040,2020-10-05,1,0,0.9998789
55000900200040,2020-10-06,1,0,0.99992335
55000900200040,2020-10-07,1,0,0.9999181
55000900200040,2020-10-08,1,0,0.9997068
55000900200040,2020-10-09,1,0,0.999624
55000900200040,2020-10-10,1,0,0.9999484
55000900200040,2020-10-11,1,0,0.9999498
55000900200040,2020-10-12,1,0,0.9999622
55000900200040,2020-10-13,1,0,0.9999726
55000900200040,2020-10-14,1,0,0.99997103
55000900200040,2020-10-15,1,0,0.9999746
55000900200040,2020-10-16,1,0,0.9999763
55000900200040,2020-10-17,1,0,0.99997973
55000900200040,2020-10-18,1,0,0.9999815
55000900200040,2020-10-19,1,0,0.99998105
55000900200040,2020-10-20,1,0,0.99998105
55000900200040,2020-10-21,1,0,0.9999801
55000900200040,2020-10-22,1,0,0.99997926
55000900200040,2020-10-23,1,0,0.9999788
55000900200040,2020-10-24,1,0,0.9999763
55000900200040,2020-10-25,1,0,0.99998045
55000900200040,2020-10-26,1,0,0.9999802
55000900200040,2020-10-27,1,0,0.9999728
55000900200040,2020-10-28,1,0,0.9999827
55000900200040,2020-10-29,1,0,0.9999827
55000900200040,2020-10-30,1,0,0.9999821
55000900200040,2020-10-31,1,0,0.99998236
55000900200040,2020-11-01,1,0,0.99998176
55000900200040,2020-11-02,1,0,0.9999802
55000900200040,2020-11-03,1,0,0.9999827
55000900200040,2020-11-04,1,0,0.9999813
55000900200040,2020-11-05,1,0,0.99996364
55000900200040,2020-11-06,1,0,0.99998105
55000900200040,2020-11-07,1,0,0.9999825
55000900200040,2020-11-08,1,0,0.9999825
55000900200040,2020-11-09,1,0,0.9999814
55000900200040,2020-11-10,1,0,0.9999821
55000900200040,2020-11-11,1,0,0.9999839
55000900200040,2020-11-12,1,0,0.9999839
55000900200040,2020-11-13,1,0,0.9999802
55000900200040,2020-11-14,1,0,0.9999831
55000900200040,2020-11-15,1,0,0.999982
55000900200040,2020-11-16,1,0,0.9999634
55000900200040,2020-11-17,1,0,0.99996614
55000900200040,2020-11-18,1,0,0.99997807
55000900200040,2020-11-19,1,0,0.9999813
55000900200040,2020-11-20,1,0,0.99998355
55000900200040,2020-11-21,1,0,0.99997866
55000900200040,2020-11-22,1,0,0.9999814
55000900200040,2020-11-23,1,0,0.99998534
55000900200040,2020-11-24,1,0,0.999985
55000900200040,2020-11-25,1,0,0.9999845
55000900200040,2020-11-26,1,0,0.9999815
55000900200040,2020-11-27,1,0,0.9999838
55000900200040,2020-11-28,1,0,0.9999832
55000900200040,2020-11-29,1,0,0.99998415
55000900200040,2020-11-30,1,0,0.999985
55000900200040,2020-12-01,1,0,0.99998474
55000900200040,2020-12-02,1,0,0.9999851
55000900200040,2020-12-03,1,0,0.9999839
55000900200040,2020-12-04,1,0,0.99998474
55000900200040,2020-12-05,1,0,0.9999846
55000900200040,2020-12-06,1,0,0.99998474
55000900200040,2020-12-07,1,0,0.99998534
55000900200040,2020-12-08,1,0,0.99998546
55000900200040,2020-12-09,1,0,0.9999856
55000900200040,2020-12-10,1,0,0.9999858
55000900200040,2020-12-11,1,0,0.9999851
55000900200040,2020-12-12,1,0,0.9999856
55000900200040,2020-12-13,1,0,0.99998546
55000900200040,2020-12-14,1,0,0.9999844
55000900200040,2020-12-15,1,0,0.9999852
55000900200040,2020-12-16,1,0,0.99998367
55000900200040,2020-12-17,1,0,0.9999838
55000900200040,2020-12-18,1,0,0.99998426
55000900200040,2020-12-19,1,0,0.9999809
55000900200040,2020-12-20,1,0,0.99998283
55000900200040,2020-12-21,1,0,0.9999844
55000900200040,2020-12-22,1,0,0.9999802
55000900200040,2020-12-23,1,0,0.99996734
55000900200040,2020-12-24,1,0,0.9999819
55000900200040,2020-12-25,1,0,0.99998343
55000900200040,2020-12-26,1,0,0.99998665
55000900200040,2020-12-27,1,0,0.99998474
55000900200040,2020-12-28,1,0,0.99998367
55000900200040,2020-12-29,1,0,0.99998343
55000900200040,2020-12-30,1,0,0.9999852
55000900200040,2020-12-31,1,0,0.99998474
55000900200040,2021-01-01,1,0,0.99998486
55000900200040,2021-01-02,1,0,0.99998236
55000900200040,2021-01-03,1,0,0.9999833
55000900200040,2021-01-04,1,0,0.9999831
55000900200040,2021-01-05,1,0,0.9999813
55000900200040,2021-01-06,1,0,0.9999796
55000900200040,2021-01-07,1,0,0.9999794
55000900200040,2021-01-08,1,0,0.9999795
55000900200040,2021-01-09,1,0,0.9999794
55000900200040,2021-01-10,1,0,0.9999795
55000900200040,2021-01-11,1,0,0.9999794
55000900200040,2021-01-12,1,0,0.999979
55000900200040,2021-01-13,1,0,0.99997926
55000900200040,2021-01-14,1,0,0.99997854
55000900200040,2021-01-15,1,0,0.9999789
55000900200040,2021-01-16,1,0,0.9999789
55000900200040,2021-01-17,1,0,0.9999788
55000900200040,2021-01-18,1,0,0.9999788
55000900200040,2021-01-19,1,0,0.9999788
55000900200040,2021-01-20,1,0,0.99997854
55000900200040,2021-01-21,1,0,0.99997854
55000900200040,2021-01-22,1,0,0.99997866
55000900200040,2021-01-23,1,0,0.9999788
55000900200040,2021-01-24,1,0,0.9999795
55000900200040,2021-01-25,1,0,0.9999795
55000900200040,2021-01-26,1,0,0.9999788
55000900200040,2021-01-27,1,0,0.9999789
55000900200040,2021-01-28,1,0,0.99998
55000900200040,2021-01-29,1,0,0.99997973
55000900200040,2021-01-30,1,0,0.9999794
55000900200040,2021-01-31,1,0,0.99997723
55000900200040,2021-02-01,1,0,0.99997735
55000900200040,2021-02-02,1,0,0.99997735
55000900200040,2021-02-03,1,0,0.99997735
55000900200040,2021-02-04,1,0,0.99997735
55000900200040,2021-02-05,1,0,0.99997735
55000900200040,2021-02-06,1,0,0.99997735
55000900200040,2021-02-07,1,0,0.99997735
55000900200040,2021-02-08,1,0,0.99997735
55000900200040,2021-02-09,1,0,0.99997735
55000900200040,2021-02-10,1,0,0.99997735
55000900200040,2021-02-11,1,0,0.99997735
55000900200040,2021-02-12,1,0,0.99997735
55000900200040,2021-02-13,1,0,0.99997735
55000900200040,2021-02-14,1,0,0.99997735
55000900200040,2021-02-15,1,0,0.99997735
55000900200040,2021-02-16,1,0,0.99997735
55000900200040,2021-02-17,1,0,0.99997735
55000900200040,2021-02-18,1,0,0.99997735
55000900200040,2021-02-19,1,0,0.99997735
55000900200040,2021-02-20,1,0,0.99997735
55000900200040,2021-02-21,1,0,0.99997735
55000900200040,2021-02-22,1,0,0.99997735
55000900200040,2021-02-23,1,0,0.99997735
55000900200040,2021-02-24,1,0,0.99997735
55000900200040,2021-02-25,1,0,0.99997735
55000900200040,2021-02-26,1,0,0.99997735
55000900200040,2021-02-27,1,0,0.99997735
55000900200040,2021-02-28,1,0,0.99997735
55000900200040,2021-03-01,1,0,0.99997735
55000900200040,2021-03-02,1,0,0.99997735
55000900200040,2021-03-03,1,0,0.99997735
55000900200040,2021-03-04,1,0,0.99997735
55000900200040,2021-03-05,1,0,0.99997735
55000900200040,2021-03-06,1,0,0.99997735
55000900200040,2021-03-07,1,0,0.99997735
55000900200040,2021-03-08,1,0,0.99997735
55000900200040,2021-03-09,1,0,0.99997735
55000900200040,2021-03-10,1,0,0.99997735
55000900200040,2021-03-11,1,0,0.99997735
55000900200040,2021-03-12,1,0,0.99997735
55000900200040,2021-03-13,1,0,0.99997735
55000900200040,2021-03-15,1,0,0.99997735
55000900200040,2021-03-16,1,0,0.99997735
55000900200040,2021-03-17,1,0,0.99997735
55000900200040,2021-03-18,1,0,0.99997735
55000900200040,2021-03-19,1,0,0.99997735
55000900200040,2021-03-20,1,0,0.99997735
55000900200040,2021-03-21,1,0,0.99997735
55000900200040,2021-03-22,1,0,0.99997735
55000900200040,2021-03-23,1,0,0.99997735
55000900200040,2021-03-24,1,0,0.99997735
55000900200040,2021-03-25,1,0,0.99997735
55000900200040,2021-03-26,1,0,0.99997735
55000900200040,2021-03-27,1,0,0.99997735
55000900200040,2021-03-28,1,0,0.99997735
55000900200040,2021-03-29,1,0,0.99997735
55000900200040,2021-03-30,1,0,0.99997735
55000900200040,2021-03-31,1,0,0.99997735
55000900200040,2021-04-01,1,0,0.99997735
55000900200040,2021-04-02,1,0,0.99997735
55000900200040,2021-04-03,1,0,0.99997735
55000900200040,2021-04-04,1,0,0.99997735
55000900200040,2021-04-05,1,0,0.99997735
55000900200040,2021-04-06,1,0,0.99997735
55000900200040,2021-04-07,1,0,0.99997735
55000900200040,2021-04-08,1,0,0.99997735
55000900200040,2021-04-09,1,0,0.99997735
55000900200040,2021-04-10,1,0,0.99997735
55000900200040,2021-04-11,1,0,0.99997735
55000900200040,2021-04-12,1,0,0.99997735
55000900200040,2021-04-13,1,0,0.99997735
55000900200040,2021-04-14,1,0,0.99997735
55000900200040,2021-04-15,1,0,0.99997735
55000900200040,2021-04-16,1,0,0.99997735
55000900200040,2021-04-17,1,0,0.99997735
55000900200040,2021-04-18,1,0,0.99997735
55000900200040,2021-04-19,1,0,0.99997735
55000900200040,2021-04-20,1,0,0.99997735
55000900200040,2021-04-21,1,0,0.99997735
55000900200040,2021-04-22,1,0,0.99997735
55000900200040,2021-04-23,1,0,0.99997735
55000900200040,2021-04-24,1,0,0.99997735
55000900200040,2021-04-25,1,0,0.99997735
55000900200040,2021-04-26,1,0,0.99997735
55000900200040,2021-04-27,1,0,0.99997735
55000900200040,2021-04-28,1,0,0.99997735
55000900200040,2021-04-29,1,0,0.99997735
55000900200040,2021-04-30,1,0,0.99997735
55000900200040,2021-05-01,1,0,0.99997735
55000900200040,2021-05-02,1,0,0.99997735
55000900200040,2021-05-03,1,0,0.99997735
55000900200040,2021-05-04,1,0,0.99997735
55000900200040,2021-05-05,1,0,0.99997735
55000900200040,2021-05-06,1,0,0.99997735
55000900200040,2021-05-07,1,0,0.99997735
55000900200040,2021-05-08,1,0,0.99997735
55000900200040,2021-05-09,1,0,0.99997735
55000900200040,2021-05-10,1,0,0.99997735
55000900200040,2021-05-11,1,0,0.99997735
55000900200040,2021-05-12,1,0,0.99997735
55000900200040,2021-05-13,1,0,0.99997735
55000900200040,2021-05-14,1,0,0.99997735
55000900200040,2021-05-15,1,0,0.99997735
55000900200040,2021-05-16,1,0,0.99997735
55000900200040,2021-05-17,1,0,0.99997735
55000900200040,2021-05-18,1,0,0.99997735
55000900200040,2021-05-19,1,0,0.99997735
55000900200040,2021-05-20,1,0,0.99997735
55000900200040,2021-05-21,1,0,0.99997735
55000900200040,2021-05-22,1,0,0.99997735
55000900200040,2021-05-23,1,0,0.99997735
55000900200040,2021-05-24,1,0,0.99997735
55000900200040,2021-05-27,1,0,0.99997735
55000900200040,2021-05-28,1,0,0.99997735
55000900200040,2021-05-29,1,0,0.99997735
55000900200040,2021-05-30,1,0,0.99997735
55000900200040,2021-05-31,1,0,0.99997735
55000900200040,2021-06-01,1,0,0.99997735
55000900200040,2021-06-02,1,0,0.99997735
55000900200040,2021-06-03,1,0,0.99997735
55000900200040,2021-06-04,1,0,0.99997735
55000900200040,2021-06-05,1,0,0.99997735
55000900200040,2021-06-06,1,0,0.99997735
55000900200040,2021-06-07,1,0,0.99997735
55000900200040,2021-06-08,1,0,0.99997735
55000900200040,2021-06-09,1,0,0.99997735
55000900200040,2021-06-10,1,0,0.99997735
55000900200040,2021-06-11,1,0,0.99997735
55000900200040,2021-06-12,1,0,0.99997735
55000900200040,2021-06-13,1,0,0.99997735
55000900200040,2021-06-14,1,0,0.99997735
55000900200040,2021-06-15,1,0,0.99997735
55000900200040,2021-06-16,1,0,0.99997735
55000900200040,2021-06-17,1,0,0.99997735
55000900200040,2021-06-18,1,0,0.99997735
55000900200040,2021-06-19,1,0,0.99997735
55000900200040,2021-06-20,1,0,0.99997735
55000900200040,2021-06-21,1,0,0.99997735
55000900200040,2021-06-22,1,0,0.99997735
55000900200040,2021-06-23,1,0,0.99997735
55000900200040,2021-06-24,1,0,0.99997735
55000900200040,2021-06-25,1,0,0.99997735
55000900200040,2021-06-26,1,0,0.99997735
55000900200040,2021-06-27,1,0,0.99997735
55000900200040,2021-06-28,1,0,0.99997735
55000900200040,2021-06-29,1,0,0.99997735
55000900200040,2021-06-30,1,0,0.99997735
55000900200040,2021-07-01,1,0,0.99997735
55000900200040,2021-07-02,1,0,0.99997735
55000900200040,2021-07-03,1,0,0.99997735
55000900200040,2021-07-04,1,0,0.99997735
55000900200040,2021-07-05,1,0,0.99997735
55000900200040,2021-07-06,1,0,0.99997735
55000900200040,2021-07-07,1,0,0.99997735
55000900200040,2021-07-08,1,0,0.99997735
55000900200040,2021-07-09,1,0,0.99997735
55000900200040,2021-07-10,1,0,0.99997735
55000900200040,2021-07-11,1,0,0.99997735
55000900200040,2021-07-12,1,0,0.99997735
55000900200040,2021-07-13,1,0,0.99997735
55000900200040,2021-07-14,1,0,0.99997735
55000900200040,2021-07-15,1,0,0.99997735
55000900200040,2021-07-16,1,0,0.99997735
55000900200040,2021-07-17,1,0,0.99997735
55000900200040,2021-07-18,1,0,0.99997735
55000900200040,2021-07-19,1,0,0.99997735
55000900200040,2021-07-20,1,0,0.99997735
55000900200040,2021-07-21,1,0,0.99997735
55000900200040,2021-07-22,1,0,0.99997735
55000900200040,2021-07-23,1,0,0.99997735
55000900200040,2021-07-24,1,0,0.99997735
55000900200040,2021-07-25,1,0,0.99997735
55000900200040,2021-07-26,1,0,0.99997735
55000900200040,2021-07-27,1,0,0.99997735
55000900200040,2021-07-28,1,0,0.99997735
55000900200040,2021-07-29,1,0,0.99997735
55000900200040,2021-07-30,1,0,0.99997735
55000900200040,2021-07-31,1,0,0.99997735
55000900200040,2021-08-01,1,0,0.99997735
55000900200040,2021-08-02,1,0,0.99997735
55000900200040,2021-08-03,1,0,0.99997735
55000900200040,2021-08-04,1,0,0.99997735
55000900200040,2021-08-05,1,0,0.99997735
55000900200040,2021-08-06,1,0,0.99997735
55000900200040,2021-08-07,1,0,0.99997735
55000900200040,2021-08-08,1,0,0.99997735
55000900200040,2021-08-09,1,0,0.99997735
55000900200040,2021-08-10,1,0,0.99997735
55000900200040,2021-08-11,1,0,0.99997735
55000900200040,2021-08-12,1,0,0.99997735
55000900200040,2021-08-13,1,0,0.99997735
55000900200040,2021-08-14,1,0,0.99997735
55000900200040,2021-08-15,1,0,0.99997735
55000900200040,2021-08-16,1,0,0.99997735
55000900200040,2021-08-17,1,0,0.99997735
55000900200040,2021-08-18,1,0,0.99997735
55000900200040,2021-08-19,1,0,0.99997735
55000900200040,2021-08-20,1,0,0.99997735
55000900200040,2021-08-21,1,0,0.99997735
55000900200040,2021-08-22,1,0,0.99997735
55000900200040,2021-08-23,1,0,0.99997735
55000900200040,2021-08-24,1,0,0.99997735
55000900200040,2021-08-25,1,0,0.99997735
55000900200040,2021-08-26,1,0,0.99997735
55000900200040,2021-08-27,1,0,0.99997735
55000900200040,2021-08-28,1,0,0.99997735
55000900200040,2021-08-29,1,0,0.99997735
55000900200040,2021-08-30,1,0,0.99997735
55000900200040,2021-08-31,1,0,0.99997735
55000900200040,2021-09-01,1,0,0.99997735
55000900200040,2021-09-02,1,0,0.99997735
55000900200040,2021-09-03,1,0,0.99997735
55000900200040,2021-09-04,1,0,0.99997735
55000900200040,2021-09-05,1,0,0.99997735
55000900200040,2021-09-06,1,0,0.99997735
55000900200040,2021-09-07,1,0,0.99997735
55000900200040,2021-09-08,1,0,0.99997735
55000900200040,2021-09-09,1,0,0.99997735
55000900200040,2021-09-10,1,0,0.99997735
55000900200040,2021-09-11,1,0,0.99997735
55000900200040,2021-09-12,1,0,0.99997735
55000900200040,2021-09-13,1,0,0.99997735
55000900200040,2021-09-14,1,0,0.99997735
55000900200040,2021-09-15,1,0,0.99997735
55000900200040,2021-09-16,1,0,0.99997735
55000900200040,2021-09-17,1,0,0.99997735
55000900200040,2021-09-18,1,0,0.99997735
55000900200040,2021-09-19,1,0,0.99997735
55000900200040,2021-09-20,1,0,0.99997735
55000900200040,2021-09-21,1,0,0.99997735
55000900200040,2021-09-22,1,0,0.99997735
55000900200040,2021-09-23,1,0,0.99997735
55000900200040,2021-09-24,1,0,0.99997735
55000900200040,2021-09-25,1,0,0.99997735
55000900200040,2021-09-26,1,0,0.99997735
55000900200040,2021-09-27,1,0,0.99997735
55000900200040,2021-09-28,1,0,0.99997735
55000900200040,2021-09-29,1,0,0.99997735
55000900200040,2021-09-30,1,0,0.99997735
55000900200040,2021-10-01,1,0,0.99997735
55000900200040,2021-10-02,1,0,0.99997735
55000900200040,2021-10-03,1,0,0.99997735
55000900200040,2021-10-04,1,0,0.99997735
55000900200040,2021-10-05,1,0,0.99997735
55000900200040,2021-10-06,1,0,0.99997735
55000900200040,2021-10-07,1,0,0.99997735
55000900200040,2021-10-08,1,0,0.99997735
55000900200040,2021-10-09,1,0,0.99997735
55000900200040,2021-10-10,1,0,0.99997735
55000900200040,2021-10-11,1,0,0.99997735
55000900200040,2021-10-12,1,0,0.99997735
55000900200040,2021-10-13,1,0,0.99997735
55000900200040,2021-10-14,1,0,0.99997735
55000900200040,2021-10-15,1,0,0.99997735
55000900200040,2021-10-16,1,0,0.99997735
55000900200040,2021-10-17,1,0,0.99997735
55000900200040,2021-10-18,1,0,0.99997735
55000900200040,2021-10-19,1,0,0.99997735
55000900200040,2021-10-20,1,0,0.99997735
55000900200040,2021-10-21,1,0,0.99997735
55000900200040,2021-10-22,1,0,0.99997735
55000900200040,2021-10-23,1,0,0.99997735
55000900200040,2021-10-24,1,0,0.99997735
55000900200040,2021-10-25,1,0,0.99997735
55000900200040,2021-10-26,1,0,0.99997735
55000900200040,2021-10-27,1,0,0.99997735
55000900200040,2021-10-28,1,0,0.99997735
55000900200040,2021-10-29,1,0,0.99997735
55000900200040,2021-10-30,1,0,0.99997735
55000900200040,2021-10-31,1,0,0.99997735
55000900200040,2021-11-01,1,0,0.99997735
55000900200040,2021-11-02,1,0,0.99997735
55000900200040,2021-11-03,1,0,0.99997735
55000900200040,2021-11-04,1,0,0.99997735
55000900200040,2021-11-05,1,0,0.99997735
55000900200040,2021-11-06,1,0,0.99997735
55000900200040,2021-11-07,1,0,0.99997735
55000900200040,2021-11-08,1,0,0.99997735
55000900200040,2021-11-09,1,0,0.99997735
55000900200040,2021-11-10,1,0,0.99997735
55000900200040,2021-11-11,1,0,0.99997735
55000900200040,2021-11-12,1,0,0.99997735
55000900200040,2021-11-13,1,0,0.99997735
55000900200040,2021-11-14,1,0,0.99997735
55000900200040,2021-11-15,1,0,0.99997735
55000900200040,2021-11-16,1,0,0.99997735
55000900200040,2021-11-17,1,0,0.99997735
55000900200040,2021-11-18,1,0,0.99997735
55000900200040,2021-11-19,1,0,0.99997735
55000900200040,2021-11-20,1,0,0.99997735
55000900200040,2021-11-21,1,0,0.99997735
55000900200040,2021-11-22,1,0,0.99997735
55000900200040,2021-11-23,1,0,0.99997735
55000900200040,2021-11-24,1,0,0.99997735
55000900200040,2021-11-25,1,0,0.99997735
55000900200040,2021-11-26,1,0,0.99997735
55000900200040,2021-11-27,1,0,0.99997735
55000900200040,2021-11-28,1,0,0.99997735
55000900200040,2021-11-29,1,0,0.99997735
55000900200040,2021-11-30,1,0,0.99997735
55000900200040,2021-12-01,1,0,0.99997735
55000900200040,2021-12-02,1,0,0.99997735
55000900200040,2021-12-03,1,0,0.99997735
55000900200040,2021-12-04,1,0,0.99997735
55000900200040,2021-12-05,1,0,0.99997735
55000900200040,2021-12-06,1,0,0.99997735
55000900200040,2021-12-07,1,0,0.99997735
55000900200040,2021-12-08,1,0,0.99997735
55000900200040,2021-12-09,1,0,0.99997735
55000900200040,2021-12-10,1,0,0.99997735
55000900200040,2021-12-11,1,0,0.99997735
55000900200040,2021-12-12,1,0,0.99997735
55000900200040,2021-12-13,1,0,0.99997735
55000900200040,2021-12-14,1,0,0.99997735
55000900200040,2021-12-15,1,0,0.99997735
55000900200040,2021-12-16,1,0,0.99997735
55000900200040,2021-12-17,1,0,0.99997735
55000900200040,2021-12-18,1,0,0.99997735
55000900200040,2021-12-19,1,0,0.99997735
55000900200040,2021-12-20,1,0,0.99997735
55000900200040,2021-12-21,1,0,0.99997735
55000900200040,2021-12-22,1,0,0.99997735
55000900200040,2021-12-23,1,0,0.99997735
55000900200040,2021-12-24,1,0,0.99997735
55000900200040,2021-12-25,1,0,0.99997735
55000900200040,2021-12-26,1,0,0.99997735
55000900200040,2021-12-27,1,0,0.99997735
55000900200040,2021-12-28,1,0,0.99997735
55000900200040,2021-12-29,1,0,0.99997735
55000900200040,2021-12-30,1,0,0.99997735
55000900200040,2021-12-31,1,0,0.99997735
55000900200040,2022-01-01,1,0,0.99997735
55000900200040,2022-01-02,1,0,0.99997735
55000900200040,2022-01-03,1,0,0.99997735
55000900200040,2022-01-04,1,0,0.99997735
55000900200040,2022-01-05,1,0,0.99997735
55000900200040,2022-01-06,1,0,0.99997735
55000900200040,2022-01-07,1,0,0.99997735
55000900200040,2022-01-08,1,0,0.99997735
55000900200040,2022-01-09,1,0,0.99997735
55000900200040,2022-01-10,1,0,0.99997735
55000900200040,2022-01-11,1,0,0.99997735
55000900200040,2022-01-12,1,0,0.99997735
55000900200040,2022-01-13,1,0,0.99997735
55000900200040,2022-01-14,1,0,0.99997735
55000900200040,2022-01-15,1,0,0.99997735
55000900200040,2022-01-16,1,0,0.99997735
55000900200040,2022-01-17,1,0,0.99997735
55000900200040,2022-01-18,1,0,0.99997735
55000900200040,2022-01-19,1,0,0.99997735
55000900200040,2022-01-20,1,0,0.99997735
55000900200040,2022-01-21,1,0,0.99997735
55000900200040,2022-01-22,1,0,0.99997735
55000900200040,2022-01-23,1,0,0.99997735
55000900200040,2022-01-24,1,0,0.99997735
55000900200040,2022-01-25,1,0,0.99997735
55000900200040,2022-01-26,1,0,0.99997735
55000900200040,2022-01-27,1,0,0.99997735
55000900200040,2022-01-28,1,0,0.99997735
55000900200040,2022-01-29,1,0,0.99997735
55000900200040,2022-01-30,1,0,0.99997735
55000900200040,2022-01-31,1,0,0.99997735
55000900200040,2022-02-01,1,0,0.99997735
55000900200040,2022-02-02,1,0,0.99997735
55000900200040,2022-02-03,1,0,0.99997735
55000900200040,2022-02-04,1,0,0.99997735
55000900200040,2022-02-05,1,0,0.99997735
55000900200040,2022-02-06,1,0,0.99997735
55000900200040,2022-02-07,1,0,0.99997735
55000900200040,2022-02-08,1,0,0.99997735
55000900200040,2022-02-09,1,0,0.99997735
55000900200040,2022-02-10,1,0,0.99997735
55000900200040,2022-02-11,1,0,0.99997735
55000900200040,2022-02-12,1,0,0.99997735
55000900200040,2022-02-13,1,0,0.99997735
55000900200040,2022-02-14,1,0,0.99997735
55000900200040,2022-02-15,1,0,0.99997735
55000900200040,2022-02-16,1,0,0.99997735
55000900200040,2022-02-17,1,0,0.99997735
55000900200040,2022-02-18,1,0,0.99997735
55000900200040,2022-02-19,1,0,0.99997735
55000900200040,2022-02-20,1,0,0.99997735
55000900200040,2022-02-21,1,0,0.99997735
55000900200040,2022-02-22,1,0,0.99997735
55000900200040,2022-02-23,1,0,0.99997735
55000900200040,2022-02-24,1,0,0.99997735
55000900200040,2022-02-25,1,0,0.99997735
55000900200040,2022-02-26,1,0,0.99997735
55000900200040,2022-02-27,1,0,0.99997735
55000900200040,2022-02-28,1,0,0.99997735
55000900200040,2022-03-01,1,0,0.99997735
55000900200040,2022-03-02,1,0,0.99997735
55000900200040,2022-03-03,1,0,0.99997735
55000900200040,2022-03-04,1,0,0.99997735
55000900200040,2022-03-05,1,0,0.99997735
55000900200040,2022-03-06,1,0,0.99997735
55000900200040,2022-03-07,1,0,0.99997735
55000900200040,2022-03-08,1,0,0.99997735
55000900200040,2022-03-09,1,0,0.99997735
55000900200040,2022-03-10,1,0,0.99997735
55000900200040,2022-03-11,1,0,0.99997735
55000900200040,2022-03-12,1,0,0.99997735
55000900200040,2022-03-14,1,0,0.99997735
55000900200040,2022-03-15,1,0,0.99997735
55000900200040,2022-03-16,1,0,0.99997735
55000900200040,2022-03-17,1,0,0.99997735
55000900200040,2022-03-18,1,0,0.99997735
55000900200040,2022-03-19,1,0,0.99997735
55000900200040,2022-03-20,1,0,0.99997735
55000900200040,2022-03-21,1,0,0.99997735
55000900200040,2022-03-22,1,0,0.99997735
55000900200040,2022-03-23,1,0,0.99997735
55000900200040,2022-03-24,1,0,0.99997735
55000900200040,2022-03-25,1,0,0.99997735
55000900200040,2022-03-26,1,0,0.99997735
55000900200040,2022-03-27,1,0,0.99997735
55000900200040,2022-03-28,1,0,0.99997735
55000900200040,2022-03-29,1,0,0.99997735
55000900200040,2022-03-30,1,0,0.99997735
55000900200040,2022-03-31,1,0,0.99997735
55000900200040,2022-04-01,1,0,0.99997735
55000900200040,2022-04-02,1,0,0.99997735
55000900200040,2022-04-03,1,0,0.99997735
55000900200040,2022-04-04,1,0,0.99997735
55000900200040,2022-04-05,1,0,0.99997735
55000900200040,2022-04-06,1,0,0.99997735
55000900200040,2022-04-07,1,0,0.99997735
55000900200040,2022-04-08,1,0,0.99997735
55000900200040,2022-04-09,1,0,0.99997735
55000900200040,2022-04-10,1,0,0.99997735
55000900200040,2022-04-11,1,0,0.99997735
55000900200040,2022-04-12,1,0,0.99997735
55000900200040,2022-04-13,1,0,0.99997735
55000900200040,2022-04-14,1,0,0.99997735
55000900200040,2022-04-15,1,0,0.99997735
55000900200040,2022-04-16,1,0,0.99997735
55000900200040,2022-04-17,1,0,0.99997735
55000900200040,2022-04-18,1,0,0.99997735
55000900200040,2022-04-19,1,0,0.99997735
55000900200040,2022-04-20,1,0,0.99997735
55000900200040,2022-04-21,1,0,0.99997735
55000900200040,2022-04-22,1,0,0.99997735
55000900200040,2022-04-23,1,0,0.99997735
55000900200040,2022-04-24,1,0,0.99997735
55000900200040,2022-04-25,1,0,0.99997735
55000900200040,2022-04-26,1,0,0.99997735
55000900200040,2022-04-27,1,0,0.99997735
55000900200040,2022-04-28,1,0,0.99997735
55000900200040,2022-04-29,1,0,0.99997735
55000900200040,2022-04-30,1,0,0.99997735
55000900200040,2022-05-01,1,0,0.99997735
55000900200040,2022-05-02,1,0,0.99997735
55000900200040,2022-05-03,1,0,0.99997735
55000900200040,2022-05-04,1,0,0.99997735
55000900200040,2022-05-05,1,0,0.99997735
55000900200040,2022-05-06,1,0,0.99997735
55000900200040,2022-05-07,1,0,0.99997735
55000900200040,2022-05-08,1,0,0.99997735
55000900200040,2022-05-09,1,0,0.99997735
55000900200040,2022-05-10,1,0,0.99997735
55000900200040,2022-05-11,1,0,0.99997735
55000900200040,2022-05-12,1,0,0.99997735
55000900200040,2022-05-13,1,0,0.99997735
55000900200040,2022-05-14,1,0,0.99997735
55000900200040,2022-05-15,1,0,0.99997735
55000900200040,2022-05-16,1,0,0.99997735
55000900200040,2022-05-17,1,0,0.99997735
55000900200040,2022-05-18,1,0,0.99997735
55000900200040,2022-05-19,1,0,0.99997735
55000900200040,2022-05-20,1,0,0.99997735
55000900200040,2022-05-21,1,0,0.99997735
55000900200040,2022-05-22,1,0,0.99997735
55000900200040,2022-05-23,1,0,0.99997735
55000900200040,2022-05-24,1,0,0.99997735
55000900200040,2022-05-25,1,0,0.99997735
55000900200040,2022-05-26,1,0,0.99997735
55000900200040,2022-05-27,1,0,0.99997735
55000900200040,2022-05-28,1,0,0.99997735
55000900200040,2022-05-29,1,0,0.99997735
55000900200040,2022-05-30,1,0,0.99997735
55000900200040,2022-05-31,1,0,0.99997735
55000900200040,2022-06-01,1,0,0.99997735
55000900200040,2022-06-02,1,0,0.99997735
55000900200040,2022-06-03,1,0,0.99997735
55000900200040,2022-06-04,1,0,0.99997735
55000900200040,2022-06-05,1,0,0.99997735
55000900200040,2022-06-06,1,0,0.99997735
55000900200040,2022-06-07,1,0,0.99997735
55000900200040,2022-06-08,1,0,0.99997735
55000900200040,2022-06-09,1,0,0.99997735
55000900200040,2022-06-10,1,0,0.99997735
55000900200040,2022-06-11,1,0,0.99997735
55000900200040,2022-06-12,1,0,0.99997735
55000900200040,2022-06-13,1,0,0.99997735
55000900200040,2022-06-14,1,0,0.99997735
55000900200040,2022-06-15,1,0,0.99997735
55000900200040,2022-06-16,1,0,0.99997735
55000900200040,2022-06-17,1,0,0.99997735
55000900200040,2022-06-18,1,0,0.99997735
55000900200040,2022-06-19,1,0,0.99997735
55000900200040,2022-06-20,1,0,0.99997735
55000900200040,2022-06-21,1,0,0.99997735
55000900200040,2022-06-22,1,0,0.99997735
55000900200040,2022-06-23,1,0,0.99997735
55000900200040,2022-06-24,1,0,0.99997735
55000900200040,2022-06-25,1,0,0.99997735
55000900200040,2022-06-26,1,0,0.99997735
55000900200040,2022-06-27,1,0,0.99997735
55000900200040,2022-06-28,1,0,0.99997735
55000900200040,2022-06-29,1,0,0.99997735
55000900200040,2022-06-30,1,0,0.99997735
55000900200040,2022-07-01,1,0,0.99997735
55000900200040,2022-07-02,1,0,0.99997735
55000900200040,2022-07-03,1,0,0.99997735
55000900200040,2022-07-04,1,0,0.99997735
55000900200040,2022-07-05,1,0,0.99997735
55000900200040,2022-07-06,1,0,0.99997735
55000900200040,2022-07-07,1,0,0.99997735
55000900200040,2022-07-08,1,0,0.99997735
55000900200040,2022-07-09,1,0,0.99997735
55000900200040,2022-07-10,1,0,0.99997735
55000900200040,2022-07-11,1,0,0.99997735
55000900200040,2022-07-12,1,0,0.99997735
55000900200040,2022-07-13,1,0,0.99997735
55000900200040,2022-07-14,1,0,0.99997735
55000900200040,2022-07-15,1,0,0.99997735
55000900200040,2022-07-16,1,0,0.99997735
55000900200040,2022-07-17,1,0,0.99997735
55000900200040,2022-07-18,1,0,0.99997735
55000900200040,2022-07-19,1,0,0.99997735
55000900200040,2022-07-20,1,0,0.99997735
55000900200040,2022-07-21,1,0,0.99997735
55000900200040,2022-07-22,1,0,0.99997735
55000900200040,2022-07-23,1,0,0.99997735
55000900200040,2022-07-24,1,0,0.99997735
55000900200040,2022-07-25,1,0,0.99997735
55000900200040,2022-07-26,1,0,0.99997735
55000900200040,2022-07-27,1,0,0.99997735
55000900200040,2022-07-28,1,0,0.99997735
55000900200040,2022-07-29,1,0,0.99997735
55000900200040,2022-07-30,1,0,0.99997735
55000900200040,2022-07-31,1,0,0.99997735
55000900200040,2022-08-01,1,0,0.99997735
55000900200040,2022-08-02,1,0,0.99997735
55000900200040,2022-08-03,1,0,0.99997735
55000900200040,2022-08-04,1,0,0.99997735
55000900200040,2022-08-05,1,0,0.99997735
55000900200040,2022-08-06,1,0,0.99997735
55000900200040,2022-08-07,1,0,0.99997735
55000900200040,2022-08-08,1,0,0.99997735
55000900200040,2022-08-09,1,0,0.99997735
55000900200040,2022-08-10,1,0,0.99997735
55000900200040,2022-08-11,1,0,0.99997735
55000900200040,2022-08-12,1,0,0.99997735
55000900200040,2022-08-13,1,0,0.99997735
55000900200040,2022-08-14,1,0,0.99997735
55000900200040,2022-08-15,1,0,0.99997735
55000900200040,2022-08-16,1,0,0.99997735
55000900200040,2022-08-17,1,0,0.99997735
55000900200040,2022-08-18,1,0,0.99997735
55000900200040,2022-08-19,1,0,0.99997735
55000900200040,2022-08-20,1,0,0.99997735
55000900200040,2022-08-21,1,0,0.99997735
55000900200040,2022-08-22,1,0,0.99997735
55000900200040,2022-08-23,1,0,0.99997735
55000900200040,2022-08-24,1,0,0.99997735
55000900200040,2022-08-25,1,0,0.99997735
55000900200040,2022-08-26,1,0,0.99997735
55000900200040,2022-08-27,1,0,0.99997735
55000900200040,2022-08-28,1,0,0.99997735
55000900200040,2022-08-29,1,0,0.99997735
55000900200040,2022-08-30,1,0,0.99997735
55000900200040,2022-08-31,1,0,0.99997735
55000900200040,2022-09-01,1,0,0.99997735
55000900200040,2022-09-02,1,0,0.99997735
55000900200040,2022-09-03,1,0,0.99997735
55000900200040,2022-09-04,1,0,0.99997735
55000900200040,2022-09-05,1,0,0.99997735
55000900200040,2022-09-06,1,0,0.99997735
55000900200040,2022-09-07,1,0,0.99997735
55000900200040,2022-09-08,1,0,0.99997735
55000900200040,2022-09-09,1,0,0.99997735
55000900200040,2022-09-10,1,0,0.99997735
55000900200040,2022-09-11,1,0,0.99997735
55000900200040,2022-09-12,1,0,0.99997735
55000900200040,2022-09-13,1,0,0.99997735
55000900200040,2022-09-14,1,0,0.99997735
55000900200040,2022-09-15,1,0,0.99997735
55000900200040,2022-09-16,1,0,0.99997735
55000900200040,2022-09-17,1,0,0.99997735
55000900200040,2022-09-18,1,0,0.99997735
55000900200040,2022-09-19,1,0,0.99997735
55000900200040,2022-09-20,1,0,0.99997735
55000900200040,2022-09-21,1,0,0.99997735
55000900200040,2022-09-22,1,0,0.99997735
55000900200040,2022-09-23,1,0,0.99997735
55000900200040,2022-09-24,1,0,0.99997735
55000900200040,2022-09-25,1,0,0.99997735
55000900200040,2022-09-26,1,0,0.99997735
55000900200040,2022-09-27,1,0,0.99997735
55000900200040,2022-09-28,1,0,0.99997735
55000900200040,2022-09-29,1,0,0.99997735
55000900200040,2022-09-30,1,0,0.99997735
55000900200040,2022-10-01,1,0,0.99997735
55000900200040,2022-10-02,1,0,0.99997735
55000900200040,2022-10-03,1,0,0.99997735
55000900200040,2022-10-04,1,0,0.99997735
55000900200040,2022-10-05,1,0,0.99997735
55000900200040,2022-10-06,1,0,0.99997735
55000900200040,2022-10-07,1,0,0.99997735
55000900200040,2022-10-08,1,0,0.99997735
55000900200040,2022-10-09,1,0,0.99997735
55000900200040,2022-10-10,1,0,0.99997735
55000900200040,2022-10-11,1,0,0.99997735
55000900200040,2022-10-12,1,0,0.99997735
55000900200040,2022-10-13,1,0,0.99997735
55000900200040,2022-10-14,1,0,0.99997735
55000900200040,2022-10-15,1,0,0.99997735
55000900200040,2022-10-16,1,0,0.99997735
55000900200040,2022-10-17,1,0,0.99997735
55000900200040,2022-10-18,1,0,0.99997735
55000900200040,2022-10-19,1,0,0.99997735
55000900200040,2022-10-20,1,0,0.99997735
55000900200040,2022-10-21,1,0,0.99997735
55000900200040,2022-10-22,1,0,0.99997735
55000900200040,2022-10-23,1,0,0.99997735
55000900200040,2022-10-24,1,0,0.99997735
55000900200040,2022-10-25,1,0,0.99997735
55000900200040,2022-10-26,1,0,0.99997735
55000900200040,2022-10-27,1,0,0.99997735
55000900200040,2022-10-28,1,0,0.99997735
55000900200040,2022-10-29,1,0,0.99997735
55000900200040,2022-10-30,1,0,0.99997735
55000900200040,2022-10-31,1,0,0.99997735
55000900200040,2022-11-01,1,0,0.99997735
55000900200040,2022-11-02,1,0,0.99997735
55000900200040,2022-11-03,1,0,0.99997735
55000900200040,2022-11-04,1,0,0.99997735
55000900200040,2022-11-05,1,0,0.99997735
55000900200040,2022-11-06,1,0,0.99997735
55000900200040,2022-11-07,1,0,0.99997735
55000900200040,2022-11-08,1,0,0.99997735
55000900200040,2022-11-09,1,0,0.99997735
55000900200040,2022-11-10,1,0,0.99997735
55000900200040,2022-11-11,1,0,0.99997735
55000900200040,2022-11-12,1,0,0.99997735
55000900200040,2022-11-13,1,0,0.99997735
55000900200040,2022-11-14,1,0,0.99997735
55000900200040,2022-11-15,1,0,0.99997735
55000900200040,2022-11-16,1,0,0.99997735
55000900200040,2022-11-17,1,0,0.99997735
55000900200040,2022-11-18,1,0,0.99997735
55000900200040,2022-11-19,1,0,0.99997735
55000900200040,2022-11-20,1,0,0.99997735
55000900200040,2022-11-21,1,0,0.99997735
55000900200040,2022-11-22,1,0,0.99997735
55000900200040,2022-11-23,1,0,0.99997735
55000900200040,2022-11-24,1,0,0.99997735
55000900200040,2022-11-25,1,0,0.99997735
55000900200040,2022-11-26,1,0,0.99997735
55000900200040,2022-11-27,1,0,0.99997735
55000900200040,2022-11-28,1,0,0.99997735
55000900200040,2022-11-29,1,0,0.99997735
55000900200040,2022-11-30,1,0,0.99997735
55000900200040,2022-12-01,1,0,0.99997735
55000900200040,2022-12-02,1,0,0.99997735
55000900200040,2022-12-03,1,0,0.99997735
55000900200040,2022-12-04,1,0,0.99997735
55000900200040,2022-12-05,1,0,0.99997735
55000900200040,2022-12-06,1,0,0.99997735
55000900200040,2022-12-07,1,0,0.99997735
55000900200040,2022-12-08,1,0,0.99997735
55000900200040,2022-12-09,1,0,0.99997735
55000900200040,2022-12-10,1,0,0.99997735
55000900200040,2022-12-11,1,0,0.99997735
55000900200040,2022-12-12,1,0,0.99997735
55000900200040,2022-12-13,1,0,0.99997735
55000900200040,2022-12-14,1,0,0.99997735
55000900200040,2022-12-15,1,0,0.99997735
55000900200040,2022-12-16,1,0,0.99997735
55000900200040,2022-12-17,1,0,0.99997735
55000900200040,2022-12-18,1,0,0.99997735
55000900200040,2022-12-19,1,0,0.99997735
55000900200040,2022-12-20,1,0,0.99997735
55000900200040,2022-12-21,1,0,0.99997735
55000900200040,2022-12-22,1,0,0.99997735
55000900200040,2022-12-23,1,0,0.99997735
55000900200040,2022-12-24,1,0,0.99997735
55000900200040,2022-12-25,1,0,0.99997735
55000900200040,2022-12-26,1,0,0.99997735
55000900200040,2022-12-27,1,0,0.99997735
55000900200040,2022-12-28,1,0,0.99997735
55000900200040,2022-12-29,1,0,0.99997735
55000900200040,2022-12-30,1,0,0.99997735
55000900200040,2022-12-31,1,0,0.99997735
55000900200040,2023-01-01,1,0,0.99997735
55000900200040,2023-01-02,1,0,0.99997735
55000900200040,2023-01-03,1,0,0.99997735
55000900200040,2023-01-04,1,0,0.99997735
55000900200040,2023-01-05,1,0,0.99997735
55000900200040,2023-01-06,1,0,0.99997735
55000900200040,2023-01-07,1,0,0.99997735
55000900200040,2023-01-08,1,0,0.99997735
55000900200040,2023-01-09,1,0,0.99997735
55000900200040,2023-01-10,1,0,0.99997735
55000900200040,2023-01-11,1,0,0.99997735
55000900200040,2023-01-12,1,0,0.99997735
55000900200040,2023-01-13,1,0,0.99997735
55000900200040,2023-01-14,1,0,0.99997735
55000900200040,2023-01-15,1,0,0.99997735
55000900200040,2023-01-16,1,0,0.99997735
55000900200040,2023-01-17,1,0,0.99997735
55000900200040,2023-01-18,1,0,0.99997735
55000900200040,2023-01-19,1,0,0.99997735
55000900200040,2023-01-20,1,0,0.99997735
55000900200040,2023-01-21,1,0,0.99997735
55000900200040,2023-01-22,1,0,0.99997735
55000900200040,2023-01-23,1,0,0.99997735
55000900200040,2023-01-24,1,0,0.99997735
55000900200040,2023-01-25,1,0,0.99997735
55000900200040,2023-01-26,1,0,0.99997735
55000900200040,2023-01-27,1,0,0.99997735
55000900200040,2023-01-28,1,0,0.99997735
55000900200040,2023-01-29,1,0,0.99997735
55000900200040,2023-01-30,1,0,0.99997735
55000900200040,2023-01-31,1,0,0.99997735
55000900200040,2023-02-01,1,0,0.99997735
55000900200040,2023-02-02,1,0,0.99997735
55000900200040,2023-02-03,1,0,0.99997735
55000900200040,2023-02-04,1,0,0.99997735
55000900200040,2023-02-05,1,0,0.99997735
55000900200040,2023-02-06,1,0,0.99997735
55000900200040,2023-02-07,1,0,0.99997735
55000900200040,2023-02-08,1,0,0.99997735
55000900200040,2023-02-09,1,0,0.99997735
55000900200040,2023-02-10,1,0,0.99997735
55000900200040,2023-02-11,1,0,0.99997735
55000900200040,2023-02-12,1,0,0.99997735
55000900200040,2023-02-13,1,0,0.99997735
55000900200040,2023-02-14,1,0,0.99997735
55000900200040,2023-02-15,1,0,0.99997735
55000900200040,2023-02-16,1,0,0.99997735
55000900200040,2023-02-17,1,0,0.99997735
55000900200040,2023-02-18,1,0,0.99997735
55000900200040,2023-02-19,1,0,0.99997735
55000900200040,2023-02-20,1,0,0.99997735
55000900200040,2023-02-21,1,0,0.99997735
55000900200040,2023-02-22,1,0,0.99997735
55000900200040,2023-02-23,1,0,0.99997735
55000900200040,2023-02-24,1,0,0.99997735
55000900200040,2023-02-25,1,0,0.99997735
55000900200040,2023-02-26,1,0,0.99997735
55000900200040,2023-02-27,1,0,0.99997735
55000900200040,2023-02-28,1,0,0.99997735
55000900200040,2023-03-01,1,0,0.99997735
55000900200040,2023-03-02,1,0,0.99997735
55000900200040,2023-03-03,1,0,0.99997735
55000900200040,2023-03-04,1,0,0.99997735
55000900200040,2023-03-05,1,0,0.99997735
55000900200040,2023-03-06,1,0,0.99997735
55000900200040,2023-03-07,1,0,0.99997735
55000900200040,2023-03-08,1,0,0.99997735
55000900200040,2023-03-09,1,0,0.99997735
55000900200040,2023-03-10,1,0,0.99997735
55000900200040,2023-03-11,1,0,0.99997735
55000900200040,2023-03-13,1,0,0.99997735
55000900200040,2023-03-14,1,0,0.99997735
55000900200040,2023-03-15,1,0,0.99997735
55000900200040,2023-03-16,1,0,0.99997735
55000900200040,2023-03-17,1,0,0.99997735
55000900200040,2023-03-18,1,0,0.99997735
55000900200040,2023-03-19,1,0,0.99997735
55000900200040,2023-03-20,1,0,0.99997735
55000900200040,2023-03-21,1,0,0.99997735
55000900200040,2023-03-22,1,0,0.99997735
55000900200040,2023-03-23,1,0,0.99997735
55000900200040,2023-03-24,1,0,0.99997735
55000900200040,2023-03-25,1,0,0.99997735
55000900200040,2023-03-26,1,0,0.99997735
55000900200040,2023-03-27,1,0,0.99997735
55000900200040,2023-03-28,1,0,0.99997735
55000900200040,2023-03-29,1,0,0.99997735
55000900200040,2023-03-30,1,0,0.99997735
55000900200040,2023-03-31,1,0,0.99997735
55000900200040,2023-04-01,1,0,0.99997735
55000900200040,2023-04-02,1,0,0.99997735
55000900200040,2023-04-03,1,0,0.99997735
55000900200040,2023-04-04,1,0,0.99997735
55000900200040,2023-04-05,1,0,0.99997735
55000900200040,2023-04-06,1,0,0.99997735
55000900200040,2023-04-07,1,0,0.99997735
55000900200040,2023-04-08,1,0,0.99997735
55000900200040,2023-04-09,1,0,0.99997735
55000900200040,2023-04-10,1,0,0.99997735
55000900200040,2023-04-11,1,0,0.99997735
55000900200040,2023-04-12,1,0,0.99997735
55000900200040,2023-04-13,1,0,0.99997735
55000900200040,2023-04-14,1,0,0.99997735
55000900200040,2023-04-15,1,0,0.99997735
55000900200040,2023-04-16,1,0,0.99997735
55000900200040,2023-04-17,1,0,0.99997735
55000900200040,2023-04-18,1,0,0.99997735
55000900200040,2023-04-19,1,0,0.99997735
55000900200040,2023-04-20,1,0,0.99997735
55000900201800,2020-09-29,1,8,0.9999509
55000900201800,2020-09-30,1,8,0.9999591
55000900201800,2020-10-01,1,8,0.9999082
55000900201800,2020-10-02,1,8,0.9998988
55000900201800,2020-10-03,1,8,0.99989414
55000900201800,2020-10-04,1,8,0.99987686
55000900201800,2020-10-05,1,8,0.9999194
55000900201800,2020-10-06,1,8,0.99991333
55000900201800,2020-10-07,1,8,0.9999318
55000900201800,2020-10-08,1,8,0.9998919
55000900201800,2020-10-09,1,8,0.99988866
55000900201800,2020-10-11,1,8,0.99993014
55000900201800,2020-10-12,1,8,0.99993515
55000900201800,2020-10-13,1,8,0.99991214
55000900201800,2020-10-14,1,8,0.9999597
55000900201800,2020-10-15,1,8,0.9999399
55000900201800,2020-10-16,1,8,0.9999597
55000900201800,2020-10-17,1,8,0.9999515
55000900201800,2020-10-18,1,8,0.99996996
55000900201800,2020-10-19,1,8,0.9999639
55000900201800,2020-10-20,1,0,0.9999176
55000900201800,2020-10-21,1,0,0.99994886
55000900201811,2020-09-29,1,8,0.99996793
55000900201811,2020-09-30,1,8,0.99996734
55000900201811,2020-10-01,1,8,0.9998945
55000900201811,2020-10-02,1,8,0.9997713
55000900201811,2020-10-03,1,8,0.99987817
55000900201811,2020-10-04,1,8,0.9997683
55000900201811,2020-10-05,1,8,0.9998616
55000900201811,2020-10-06,1,8,0.9997806
55000900201811,2020-10-07,1,8,0.9998776
55000900201811,2020-10-08,1,8,0.99970514
55000900201811,2020-10-09,1,8,0.9998235
55000900201811,2020-10-10,1,8,0.99995875
55000900201811,2020-10-11,1,8,0.9999311
55000900201811,2020-10-12,1,8,0.99994254
55000900201811,2020-10-13,1,8,0.99996674
55000900201811,2020-10-14,1,8,0.9999697
55000900201811,2020-10-15,1,8,0.9999794
55000900201811,2020-10-16,1,8,0.99997675
55000900201811,2020-10-17,1,8,0.9999747
55000900201811,2020-10-18,1,8,0.9999764
55000900201811,2020-10-19,1,8,0.9999708
55000900201811,2020-10-20,1,8,0.99997103
55000900201811,2020-10-21,1,8,0.9999757
55000900201811,2020-10-22,1,0,0.9999579
55000900201811,2020-10-23,1,0,0.9999715
55000900202948,2020-09-29,1,8,0.9999752
55000900202948,2020-09-30,1,8,0.99997485
55000900202948,2020-10-01,1,8,0.9999609
55000900202948,2020-10-02,1,8,0.99992836
55000900202948,2020-10-03,1,8,0.99994934
55000900202948,2020-10-04,1,8,0.99973375
55000900202948,2020-10-05,1,8,0.9999335
55000900202948,2020-10-06,1,8,0.9999467
55000900202948,2020-10-07,1,8,0.9999567
55000900202948,2020-10-08,1,8,0.99992716
55000900202948,2020-10-09,1,8,0.9999422
55000900202948,2020-10-10,1,8,0.9999589
55000900202948,2020-10-11,1,8,0.99995995
55000900202948,2020-10-12,1,8,0.99996126
55000900202948,2020-10-13,1,8,0.9999641
55000900202948,2020-10-14,1,8,0.99996746
55000900202948,2020-10-15,1,8,0.99997616
55000900202948,2020-10-16,1,8,0.9999715
55000900202948,2020-10-17,1,8,0.999977
55000900202948,2020-10-18,1,8,0.9999759
55000900202948,2020-10-19,1,8,0.99997604
55000900202948,2020-10-20,1,8,0.9999759
55000900202948,2020-10-21,1,0,0.999977
55000900202948,2020-10-22,1,0,0.99996877
55000900233930,2020-09-29,1,8,0.99997675
55000900233930,2020-09-30,1,8,0.99997675
55000900233930,2020-10-01,1,8,0.99997675
55000900233930,2020-10-02,1,8,0.99997675
55000900233930,2020-10-03,1,8,0.99997675
55000900233930,2020-10-04,1,8,0.99997675
55000900233930,2020-10-05,1,8,0.99997675
55000900233930,2020-10-06,1,8,0.99997675
55000900233930,2020-10-07,1,8,0.99997675
55000900233930,2020-10-08,1,8,0.99997675
55000900233930,2020-10-09,1,8,0.99997675
55000900233930,2020-10-10,1,8,0.99997675
55000900233930,2020-10-11,1,8,0.99997675
55000900233930,2020-10-12,1,8,0.99997675
55000900233930,2020-10-13,1,8,0.99997675
55000900233930,2020-10-14,1,8,0.99997675
55000900233930,2020-10-15,1,8,0.99997675
55000900233930,2020-10-16,1,8,0.99997675
55000900233930,2020-10-17,1,8,0.99997675
55000900233930,2020-10-18,1,8,0.99997675
55000900233930,2020-10-19,1,8,0.99997675
55000900233930,2020-10-20,1,8,0.99997675
55000900233930,2020-10-21,1,8,0.99997675
55000900233930,2020-10-22,1,8,0.99997675
55000900233930,2020-10-23,1,8,0.99997675
55000900233930,2020-10-24,1,8,0.99997675
55000900233930,2020-10-25,1,8,0.99997675
55000900233930,2020-10-26,1,0,0.99997544
55000900233930,2020-10-27,1,0,0.9999769
55000900234607,2020-09-29,1,0,0.99210596
55000900234607,2020-09-30,1,0,0.9948297
55000900234607,2020-10-01,1,0,0.98972577
55000900234607,2020-10-02,1,0,0.9866344
55000900234607,2020-10-03,1,0,0.98442286
55000900234607,2020-10-04,1,0,0.9871001
55000900234607,2020-10-05,1,0,0.9882605
55000900234607,2020-10-06,1,0,0.9893936
55000900234607,2020-10-07,1,0,0.98975277
55000900234607,2020-10-08,1,0,0.98709947
55000900234607,2020-10-09,1,0,0.98408234
55000900234607,2020-10-10,1,0,0.9881846
55000900234607,2020-10-11,1,0,0.99035406
55000900234607,2020-10-12,1,0,0.9932535
55000900234607,2020-10-13,1,0,0.99995136
55000900234607,2020-10-14,1,0,0.99994767
55000900234607,2020-10-15,1,0,0.99995506
55000900234607,2020-10-16,1,0,0.9999597
55000900234607,2020-10-17,1,0,0.99997556
55000900234607,2020-10-18,1,0,0.9999628
55000900234607,2020-10-19,1,0,0.99995005
55000900234607,2020-10-20,1,0,0.9999573
55000900234607,2020-10-21,1,0,0.99995947
55000900234607,2020-10-22,1,0,0.9999496
55000900234607,2020-10-23,1,0,0.99995315
55000900234607,2020-10-24,1,0,0.99996066
55000900234607,2020-10-25,1,0,0.9999521
55000900234607,2020-10-26,1,0,0.99995804
55000900234607,2020-10-27,1,0,0.99995553
55000900234607,2020-10-28,1,0,0.99995553
55000900234607,2020-10-29,1,0,0.99994767
55000900234607,2020-10-30,1,0,0.9999112
55000900234607,2020-10-31,1,0,0.9999213
55000900234607,2020-11-01,1,0,0.9999373
55000900234607,2020-11-02,1,0,0.9999275
55000900234607,2020-11-03,1,0,0.9999043
55000900234607,2020-11-04,1,0,0.9994923
55000900234607,2020-11-05,1,0,0.99917513
55000900234607,2020-11-06,1,0,0.9997981
55000900234607,2020-11-07,1,0,0.99988496
55000900234607,2020-11-08,1,0,0.999962
55000900234607,2020-11-09,1,0,0.9999641
55000900234607,2020-11-10,1,0,0.9999602
55000900234607,2020-11-11,1,0,0.99996865
55000900234607,2020-11-12,1,0,0.99997425
55000900234607,2020-11-13,1,0,0.99996316
55000900234607,2020-11-14,1,0,0.9999758
55000900234607,2020-11-15,1,0,0.9999733
55000900234607,2020-11-16,1,0,0.99996245
55000900234607,2020-11-17,1,0,0.9999527
55000900234607,2020-11-18,1,0,0.99996877
55000900234607,2020-11-19,1,0,0.99997604
55000900234607,2020-11-20,1,0,0.9999796
55000900234607,2020-11-21,1,0,0.9999703
55000900234607,2020-11-22,1,0,0.99997175
55000900234607,2020-11-23,1,0,0.99998236
55000900234607,2020-11-24,1,0,0.99998045
55000900234607,2020-11-25,1,0,0.9999827
55000900234607,2020-11-26,1,0,0.9999689
55000900234607,2020-11-27,1,0,0.9999746
55000900234607,2020-11-28,1,0,0.9999727
55000900234607,2020-11-29,1,0,0.99998224
55000900234607,2020-11-30,1,0,0.9999838
55000900234607,2020-12-01,1,0,0.999984
55000900234607,2020-12-02,1,0,0.9999727
55000900234607,2020-12-03,1,0,0.99997735
55000900234607,2020-12-04,1,0,0.9999821
55000900234607,2020-12-05,1,0,0.99998415
55000900234607,2020-12-06,1,0,0.9999788
55000900234607,2020-12-07,1,0,0.99997807
55000900234607,2020-12-08,1,0,0.9999751
55000900234607,2020-12-09,1,0,0.99998033
55000900234607,2020-12-10,1,0,0.99998295
55000900234607,2020-12-11,1,0,0.999985
55000900234607,2020-12-12,1,0,0.99998343
55000900234607,2020-12-13,1,0,0.99998236
55000900234607,2020-12-14,1,0,0.99998045
55000900234607,2020-12-15,1,0,0.9999838
55000900234607,2020-12-16,1,0,0.9999782
55000900234607,2020-12-17,1,0,0.99997795
55000900234607,2020-12-18,1,0,0.9999769
55000900234607,2020-12-19,1,0,0.9999734
55000900234607,2020-12-20,1,0,0.99997413
55000900234607,2020-12-21,1,0,0.9999778
55000900234607,2020-12-22,1,0,0.9999672
55000900234607,2020-12-23,1,0,0.99996376
55000900234607,2020-12-24,1,0,0.99996924
55000900234607,2020-12-25,1,0,0.9999784
55000900234607,2020-12-26,1,0,0.9999825
55000900234607,2020-12-27,1,0,0.9999794
55000900234607,2020-12-28,1,0,0.9999739
55000900234607,2020-12-29,1,0,0.9999738
55000900234607,2020-12-30,1,0,0.99998283
55000900234607,2020-12-31,1,0,0.9999831
55000900234607,2021-01-01,1,0,0.9999795
55000900234607,2021-01-02,1,0,0.99997354
55000900234607,2021-01-03,1,0,0.9999752
55000900234607,2021-01-04,1,0,0.9999757
55000900234607,2021-01-05,1,0,0.99997604
55000900234607,2021-01-06,1,0,0.99997616
55000900234607,2021-01-07,1,0,0.9999763
55000900234607,2021-01-08,1,0,0.9999764
55000900234607,2021-01-09,1,0,0.9999764
55000900234607,2021-01-10,1,0,0.99997675
55000900234607,2021-01-11,1,0,0.9999771
55000900234607,2021-01-12,1,0,0.9999765
55000900234607,2021-01-13,1,0,0.9999778
55000900234607,2021-01-14,1,0,0.99997747
55000900234607,2021-01-15,1,0,0.9999778
55000900234607,2021-01-16,1,0,0.99997675
55000900234607,2021-01-17,1,0,0.9999782
55000900234607,2021-01-18,1,0,0.9999784
55000900234607,2021-01-19,1,0,0.99997854
55000900234607,2021-01-20,1,0,0.999979
55000900234607,2021-01-21,1,0,0.9999789
55000900234607,2021-01-22,1,0,0.9999757
55000900234607,2021-01-23,1,0,0.9999751
55000900234607,2021-01-24,1,0,0.9999733
55000900234607,2021-01-25,1,0,0.99997413
55000900234607,2021-01-26,1,0,0.9999734
55000900234607,2021-01-27,1,0,0.99997497
55000900234607,2021-01-28,1,0,0.9999771
55000900234607,2021-01-29,1,0,0.9999765
55000900234607,2021-01-30,1,0,0.9999771
55000900234607,2021-01-31,1,0,0.9999789
55000900234607,2021-02-01,1,0,0.9999782
55000900234607,2021-02-02,1,0,0.9999782
55000900234607,2021-02-03,1,0,0.9999782
55000900234607,2021-02-04,1,0,0.9999782
55000900234607,2021-02-05,1,0,0.9999782
55000900234607,2021-02-06,1,0,0.9999782
55000900234607,2021-02-07,1,0,0.9999782
55000900234607,2021-02-08,1,0,0.9999782
55000900234607,2021-02-09,1,0,0.9999782
55000900234607,2021-02-10,1,0,0.9999782
55000900234607,2021-02-11,1,0,0.9999782
55000900234607,2021-02-12,1,0,0.9999782
55000900234607,2021-02-13,1,0,0.9999782
55000900234607,2021-02-14,1,0,0.9999782
55000900234607,2021-02-15,1,0,0.9999782
55000900234607,2021-02-16,1,0,0.9999782
55000900234607,2021-02-17,1,0,0.9999782
55000900234607,2021-02-18,1,0,0.9999782
55000900234607,2021-02-19,1,0,0.9999782
55000900234607,2021-02-20,1,0,0.9999782
55000900234607,2021-02-21,1,0,0.9999782
55000900234607,2021-02-22,1,0,0.9999782
55000900234607,2021-02-23,1,0,0.9999782
55000900234607,2021-02-24,1,0,0.9999782
55000900234607,2021-02-25,1,0,0.9999782
55000900234607,2021-02-26,1,0,0.9999782
55000900234607,2021-02-27,1,0,0.9999782
55000900234607,2021-02-28,1,0,0.9999782
55000900234607,2021-03-01,1,0,0.9999782
55000900234607,2021-03-02,1,0,0.9999782
55000900234607,2021-03-03,1,0,0.9999782
55000900234607,2021-03-04,1,0,0.9999782
55000900234607,2021-03-05,1,0,0.9999782
55000900234607,2021-03-06,1,0,0.9999782
55000900234607,2021-03-07,1,0,0.9999782
55000900234607,2021-03-08,1,0,0.9999782
55000900234607,2021-03-09,1,0,0.9999782
55000900234607,2021-03-10,1,0,0.9999782
55000900234607,2021-03-11,1,0,0.9999782
55000900234607,2021-03-12,1,0,0.9999782
55000900234607,2021-03-13,1,0,0.9999782
55000900234607,2021-03-15,1,0,0.9999782
55000900234607,2021-03-16,1,0,0.9999782
55000900234607,2021-03-17,1,0,0.9999782
55000900234607,2021-03-18,1,0,0.9999782
55000900234607,2021-03-19,1,0,0.9999782
55000900234607,2021-03-20,1,0,0.9999782
55000900234607,2021-03-21,1,0,0.9999782
55000900234607,2021-03-22,1,0,0.9999782
55000900234607,2021-03-23,1,0,0.9999782
55000900234607,2021-03-24,1,0,0.9999782
55000900234607,2021-03-25,1,0,0.9999782
55000900234607,2021-03-26,1,0,0.9999782
55000900234607,2021-03-27,1,0,0.9999782
55000900234607,2021-03-28,1,0,0.9999782
55000900234607,2021-03-29,1,0,0.9999782
55000900234607,2021-03-30,1,0,0.9999782
55000900234607,2021-03-31,1,0,0.9999782
55000900234607,2021-04-01,1,0,0.9999782
55000900234607,2021-04-02,1,0,0.9999782
55000900234607,2021-04-03,1,0,0.9999782
55000900234607,2021-04-04,1,0,0.9999782
55000900234607,2021-04-05,1,0,0.9999782
55000900234607,2021-04-06,1,0,0.9999782
55000900234607,2021-04-07,1,0,0.9999782
55000900234607,2021-04-08,1,0,0.9999782
55000900234607,2021-04-09,1,0,0.9999782
55000900234607,2021-04-10,1,0,0.9999782
55000900234607,2021-04-11,1,0,0.9999782
55000900234607,2021-04-12,1,0,0.9999782
55000900234607,2021-04-13,1,0,0.9999782
55000900234607,2021-04-14,1,0,0.9999782
55000900234607,2021-04-15,1,0,0.9999782
55000900234607,2021-04-16,1,0,0.9999782
55000900234607,2021-04-17,1,0,0.9999782
55000900234607,2021-04-18,1,0,0.9999782
55000900234607,2021-04-19,1,0,0.9999782
55000900234607,2021-04-20,1,0,0.9999782
55000900234607,2021-04-21,1,0,0.9999782
55000900234607,2021-04-22,1,0,0.9999782
55000900234607,2021-04-23,1,0,0.9999782
55000900234607,2021-04-24,1,0,0.9999782
55000900234607,2021-04-25,1,0,0.9999782
55000900234607,2021-04-26,1,0,0.9999782
55000900234607,2021-04-27,1,0,0.9999782
55000900234607,2021-04-28,1,0,0.9999782
55000900234607,2021-04-29,1,0,0.9999782
55000900234607,2021-04-30,1,0,0.9999782
55000900234607,2021-05-01,1,0,0.9999782
55000900234607,2021-05-02,1,0,0.9999782
55000900234607,2021-05-03,1,0,0.9999782
55000900234607,2021-05-04,1,0,0.9999782
55000900234607,2021-05-05,1,0,0.9999782
55000900234607,2021-05-06,1,0,0.9999782
55000900234607,2021-05-07,1,0,0.9999782
55000900234607,2021-05-08,1,0,0.9999782
55000900234607,2021-05-09,1,0,0.9999782
55000900234607,2021-05-10,1,0,0.9999782
55000900234607,2021-05-11,1,0,0.9999782
55000900234607,2021-05-12,1,0,0.9999782
55000900234607,2021-05-13,1,0,0.9999782
55000900234607,2021-05-14,1,0,0.9999782
55000900234607,2021-05-15,1,0,0.9999782
55000900234607,2021-05-16,1,0,0.9999782
55000900234607,2021-05-17,1,0,0.9999782
55000900234607,2021-05-18,1,0,0.9999782
55000900234607,2021-05-19,1,0,0.9999782
55000900234607,2021-05-20,1,0,0.9999782
55000900234607,2021-05-21,1,0,0.9999782
55000900234607,2021-05-22,1,0,0.9999782
55000900234607,2021-05-23,1,0,0.9999782
55000900234607,2021-05-24,1,0,0.9999782
55000900234607,2021-05-25,1,0,0.9999782
55000900234607,2021-05-26,1,0,0.9999782
55000900234607,2021-05-27,1,0,0.9999782
55000900234607,2021-05-28,1,0,0.9999782
55000900234607,2021-05-29,1,0,0.9999782
55000900234607,2021-05-30,1,0,0.9999782
55000900234607,2021-05-31,1,0,0.9999782
55000900234607,2021-06-01,1,0,0.9999782
55000900234607,2021-06-02,1,0,0.9999782
55000900234607,2021-06-03,1,0,0.9999782
55000900234607,2021-06-04,1,0,0.9999782
55000900234607,2021-06-05,1,0,0.9999782
55000900234607,2021-06-06,1,0,0.9999782
55000900234607,2021-06-07,1,0,0.9999782
55000900234607,2021-06-08,1,0,0.9999782
55000900234607,2021-06-09,1,0,0.9999782
55000900234607,2021-06-10,1,0,0.9999782
55000900234607,2021-06-11,1,0,0.9999782
55000900234607,2021-06-12,1,0,0.9999782
55000900234607,2021-06-13,1,0,0.9999782
55000900234607,2021-06-14,1,0,0.9999782
55000900234607,2021-06-15,1,0,0.9999782
55000900234607,2021-06-16,1,0,0.9999782
55000900234607,2021-06-17,1,0,0.9999782
55000900234607,2021-06-18,1,0,0.9999782
55000900234607,2021-06-19,1,0,0.9999782
55000900234607,2021-06-20,1,0,0.9999782
55000900234607,2021-06-22,1,0,0.9999782
55000900234607,2021-06-23,1,0,0.9999782
55000900234607,2021-06-24,1,0,0.9999782
55000900234607,2021-06-25,1,0,0.9999782
55000900234607,2021-06-26,1,0,0.9999782
55000900234607,2021-06-27,1,0,0.9999782
55000900234607,2021-06-28,1,0,0.9999782
55000900234607,2021-06-29,1,0,0.9999782
55000900234607,2021-06-30,1,0,0.9999782
55000900234607,2021-07-01,1,0,0.9999782
55000900234607,2021-07-02,1,0,0.9999782
55000900234607,2021-07-03,1,0,0.9999782
55000900234607,2021-07-04,1,0,0.9999782
55000900234607,2021-07-05,1,0,0.9999782
55000900234607,2021-07-06,1,0,0.9999782
55000900234607,2021-07-07,1,0,0.9999782
55000900234607,2021-07-08,1,0,0.9999782
55000900234607,2021-07-09,1,0,0.9999782
55000900234607,2021-07-10,1,0,0.9999782
55000900234607,2021-07-11,1,0,0.9999782
55000900234607,2021-07-12,1,0,0.9999782
55000900234607,2021-07-13,1,0,0.9999782
55000900234607,2021-07-14,1,0,0.9999782
55000900234607,2021-07-15,1,0,0.9999782
55000900234607,2021-07-16,1,0,0.9999782
55000900234607,2021-07-17,1,0,0.9999782
55000900234607,2021-07-18,1,0,0.9999782
55000900234607,2021-07-19,1,0,0.9999782
55000900234607,2021-07-27,1,0,0.9999782
55000900234607,2021-07-28,1,0,0.9999782
55000900234607,2021-07-29,1,0,0.9999782
55000900234607,2021-07-30,1,0,0.9999782
55000900234607,2021-07-31,1,0,0.9999782
55000900234607,2021-08-01,1,0,0.9999782
55000900234607,2021-08-02,1,0,0.9999782
55000900234607,2021-08-03,1,0,0.9999782
55000900234607,2021-08-04,1,0,0.9999782
55000900234607,2021-08-05,1,0,0.9999782
55000900234607,2021-08-06,1,0,0.9999782
55000900234607,2021-08-07,1,0,0.9999782
55000900234607,2021-08-08,1,0,0.9999782
55000900234607,2021-08-09,1,0,0.9999782
55000900234607,2021-08-10,1,0,0.9999782
55000900234607,2021-08-11,1,0,0.9999782
55000900234607,2021-08-12,1,0,0.9999782
55000900234607,2021-08-13,1,0,0.9999782
55000900234607,2021-08-14,1,0,0.9999782
55000900234607,2021-08-15,1,0,0.9999782
55000900234607,2021-08-16,1,0,0.9999782
55000900234607,2021-08-17,1,0,0.9999782
55000900234607,2021-08-18,1,0,0.9999782
55000900234607,2021-08-19,1,0,0.9999782
55000900234607,2021-08-20,1,0,0.9999782
55000900234607,2021-08-21,1,0,0.9999782
55000900234607,2021-08-22,1,0,0.9999782
55000900234607,2021-08-23,1,0,0.9999782
55000900234607,2021-08-24,1,0,0.9999782
55000900234607,2021-08-25,1,0,0.9999782
55000900234607,2021-08-26,1,0,0.9999782
55000900234607,2021-08-27,1,0,0.9999782
55000900234607,2021-08-28,1,0,0.9999782
55000900234607,2021-08-29,1,0,0.9999782
55000900234607,2021-08-30,1,0,0.9999782
55000900234607,2021-08-31,1,0,0.9999782
55000900234607,2021-09-01,1,0,0.9999782
55000900234607,2021-09-02,1,0,0.9999782
55000900234607,2021-09-03,1,0,0.9999782
55000900234607,2021-09-04,1,0,0.9999782
55000900234607,2021-09-05,1,0,0.9999782
55000900234607,2021-09-06,1,0,0.9999782
55000900234607,2021-09-07,1,0,0.9999782
55000900234607,2021-09-08,1,0,0.9999782
55000900234607,2021-09-09,1,0,0.9999782
55000900234607,2021-09-10,1,0,0.9999782
55000900234607,2021-09-11,1,0,0.9999782
55000900234607,2021-09-12,1,0,0.9999782
55000900234607,2021-09-13,1,0,0.9999782
55000900234607,2021-09-14,1,0,0.9999782
55000900234607,2021-09-15,1,0,0.9999782
55000900234607,2021-09-16,1,0,0.9999782
55000900234607,2021-09-17,1,0,0.9999782
55000900234607,2021-09-18,1,0,0.9999782
55000900234607,2021-09-19,1,0,0.9999782
55000900234607,2021-09-20,1,0,0.9999782
55000900234607,2021-09-21,1,0,0.9999782
55000900234607,2021-09-22,1,0,0.9999782
55000900234607,2021-09-23,1,0,0.9999782
55000900234607,2021-09-24,1,0,0.9999782
55000900234607,2021-09-25,1,0,0.9999782
55000900234607,2021-09-26,1,0,0.9999782
55000900234607,2021-09-27,1,0,0.9999782
55000900234607,2021-09-28,1,0,0.9999782
55000900234607,2021-09-29,1,0,0.9999782
55000900234607,2021-09-30,1,0,0.9999782
55000900234607,2021-10-01,1,0,0.9999782
55000900234607,2021-10-02,1,0,0.9999782
55000900234607,2021-10-03,1,0,0.9999782
55000900234607,2021-10-04,1,0,0.9999782
55000900234607,2021-10-05,1,0,0.9999782
55000900234607,2021-10-06,1,0,0.9999782
55000900234607,2021-10-07,1,0,0.9999782
55000900234607,2021-10-08,1,0,0.9999782
55000900234607,2021-10-09,1,0,0.9999782
55000900234607,2021-10-10,1,0,0.9999782
55000900234607,2021-10-11,1,0,0.9999782
55000900234607,2021-10-12,1,0,0.9999782
55000900234607,2021-10-13,1,0,0.9999782
55000900234607,2021-10-14,1,0,0.9999782
55000900234607,2021-10-15,1,0,0.9999782
55000900234607,2021-10-16,1,0,0.9999782
55000900234607,2021-10-17,1,0,0.9999782
55000900234607,2021-10-18,1,0,0.9999782
55000900234607,2021-10-19,1,0,0.9999782
55000900234607,2021-10-20,1,0,0.9999782
55000900234607,2021-10-21,1,0,0.9999782
55000900234607,2021-10-22,1,0,0.9999782
55000900234607,2021-10-23,1,0,0.9999782
55000900234607,2021-10-24,1,0,0.9999782
55000900234607,2021-10-25,1,0,0.9999782
55000900234607,2021-10-26,1,0,0.9999782
55000900234607,2021-10-27,1,0,0.9999782
55000900234607,2021-10-28,1,0,0.9999782
55000900234607,2021-10-29,1,0,0.9999782
55000900234607,2021-10-30,1,0,0.9999782
55000900234607,2021-10-31,1,0,0.9999782
55000900234607,2021-11-01,1,0,0.9999782
55000900234607,2021-11-02,1,0,0.9999782
55000900234607,2021-11-03,1,0,0.9999782
55000900234607,2021-11-04,1,0,0.9999782
55000900234607,2021-11-05,1,0,0.9999782
55000900234607,2021-11-06,1,0,0.9999782
55000900234607,2021-11-07,1,0,0.9999782
55000900234607,2021-11-08,1,0,0.9999782
55000900234607,2021-11-09,1,0,0.9999782
55000900234607,2021-11-10,1,0,0.9999782
55000900234607,2021-11-11,1,0,0.9999782
55000900234607,2021-11-12,1,0,0.9999782
55000900234607,2021-11-13,1,0,0.9999782
55000900234607,2021-11-14,1,0,0.9999782
55000900234607,2021-11-15,1,0,0.9999782
55000900234607,2021-11-16,1,0,0.9999782
55000900234607,2021-11-17,1,0,0.9999782
55000900234607,2021-11-18,1,0,0.9999782
55000900234607,2021-11-19,1,0,0.9999782
55000900234607,2021-11-20,1,0,0.9999782
55000900234607,2021-11-21,1,0,0.9999782
55000900234607,2021-11-22,1,0,0.9999782
55000900234607,2021-11-23,1,0,0.9999782
55000900234607,2021-11-24,1,0,0.9999782
55000900234607,2021-11-25,1,0,0.9999782
55000900234607,2021-11-26,1,0,0.9999782
55000900234607,2021-11-27,1,0,0.9999782
55000900234607,2021-11-28,1,0,0.9999782
55000900234607,2021-11-29,1,0,0.9999782
55000900234607,2021-11-30,1,0,0.9999782
55000900234607,2021-12-01,1,0,0.9999782
55000900234607,2021-12-02,1,0,0.9999782
55000900234607,2021-12-03,1,0,0.9999782
55000900234607,2021-12-04,1,0,0.9999782
55000900234607,2021-12-05,1,0,0.9999782
55000900234607,2021-12-06,1,0,0.9999782
55000900234607,2021-12-07,1,0,0.9999782
55000900234607,2021-12-08,1,0,0.9999782
55000900234607,2021-12-09,1,0,0.9999782
55000900234607,2021-12-10,1,0,0.9999782
55000900234607,2021-12-11,1,0,0.9999782
55000900234607,2021-12-12,1,0,0.9999782
55000900234607,2021-12-13,1,0,0.9999782
55000900234607,2021-12-14,1,0,0.9999782
55000900234607,2021-12-15,1,0,0.9999782
55000900234607,2021-12-16,1,0,0.9999782
55000900234607,2021-12-17,1,0,0.9999782
55000900234607,2021-12-18,1,0,0.9999782
55000900234607,2021-12-19,1,0,0.9999782
55000900234607,2021-12-20,1,0,0.9999782
55000900234607,2021-12-21,1,0,0.9999782
55000900234607,2021-12-22,1,0,0.9999782
55000900234607,2021-12-23,1,0,0.9999782
55000900234607,2021-12-24,1,0,0.9999782
55000900234607,2021-12-25,1,0,0.9999782
55000900234607,2021-12-26,1,0,0.9999782
55000900234607,2021-12-27,1,0,0.9999782
55000900234607,2021-12-28,1,0,0.9999782
55000900234607,2021-12-29,1,0,0.9999782
55000900234607,2021-12-30,1,0,0.9999782
55000900234607,2021-12-31,1,0,0.9999782
55000900234607,2022-01-01,1,0,0.9999782
55000900234607,2022-01-02,1,0,0.9999782
55000900234607,2022-01-03,1,0,0.9999782
55000900234607,2022-01-04,1,0,0.9999782
55000900234607,2022-01-05,1,0,0.9999782
55000900234607,2022-01-06,1,0,0.9999782
55000900234607,2022-01-07,1,0,0.9999782
55000900234607,2022-01-08,1,0,0.9999782
55000900234607,2022-01-09,1,0,0.9999782
55000900234607,2022-01-10,1,0,0.9999782
55000900234607,2022-01-11,1,0,0.9999782
55000900234607,2022-01-12,1,0,0.9999782
55000900234607,2022-01-13,1,0,0.9999782
55000900234607,2022-01-14,1,0,0.9999782
55000900234607,2022-01-15,1,0,0.9999782
55000900234607,2022-01-16,1,0,0.9999782
55000900234607,2022-01-17,1,0,0.9999782
55000900234607,2022-01-18,1,0,0.9999782
55000900234607,2022-01-19,1,0,0.9999782
55000900234607,2022-01-20,1,0,0.9999782
55000900234607,2022-01-21,1,0,0.9999782
55000900234607,2022-01-22,1,0,0.9999782
55000900234607,2022-01-23,1,0,0.9999782
55000900234607,2022-01-24,1,0,0.9999782
55000900234607,2022-01-25,1,0,0.9999782
55000900234607,2022-01-26,1,0,0.9999782
55000900234607,2022-01-27,1,0,0.9999782
55000900234607,2022-01-28,1,0,0.9999782
55000900234607,2022-01-29,1,0,0.9999782
55000900234607,2022-01-30,1,0,0.9999782
55000900234607,2022-01-31,1,0,0.9999782
55000900234607,2022-02-01,1,0,0.9999782
55000900234607,2022-02-02,1,0,0.9999782
55000900234607,2022-02-03,1,0,0.9999782
55000900234607,2022-02-04,1,0,0.9999782
55000900234607,2022-02-05,1,0,0.9999782
55000900234607,2022-02-06,1,0,0.9999782
55000900234607,2022-02-07,1,0,0.9999782
55000900234607,2022-02-08,1,0,0.9999782
55000900234607,2022-02-09,1,0,0.9999782
55000900234607,2022-02-10,1,0,0.9999782
55000900234607,2022-02-11,1,0,0.9999782
55000900234607,2022-02-12,1,0,0.9999782
55000900234607,2022-02-13,1,0,0.9999782
55000900234607,2022-02-14,1,0,0.9999782
55000900234607,2022-02-15,1,0,0.9999782
55000900234607,2022-02-16,1,0,0.9999782
55000900234607,2022-02-17,1,0,0.9999782
55000900234607,2022-02-18,1,0,0.9999782
55000900234607,2022-02-19,1,0,0.9999782
55000900234607,2022-02-20,1,0,0.9999782
55000900234607,2022-02-21,1,0,0.9999782
55000900234607,2022-02-22,1,0,0.9999782
55000900234607,2022-02-23,1,0,0.9999782
55000900234607,2022-02-24,1,0,0.9999782
55000900234607,2022-02-25,1,0,0.9999782
55000900234607,2022-02-26,1,0,0.9999782
55000900234607,2022-02-27,1,0,0.9999782
55000900234607,2022-02-28,1,0,0.9999782
55000900234607,2022-03-01,1,0,0.9999782
55000900234607,2022-03-02,1,0,0.9999782
55000900234607,2022-03-03,1,0,0.9999782
55000900234607,2022-03-04,1,0,0.9999782
55000900234607,2022-03-05,1,0,0.9999782
55000900234607,2022-03-06,1,0,0.9999782
55000900234607,2022-03-07,1,0,0.9999782
55000900234607,2022-03-08,1,0,0.9999782
55000900234607,2022-03-09,1,0,0.9999782
55000900234607,2022-03-10,1,0,0.9999782
55000900234607,2022-03-11,1,0,0.9999782
55000900234607,2022-03-12,1,0,0.9999782
55000900234607,2022-03-14,1,0,0.9999782
55000900234607,2022-03-15,1,0,0.9999782
55000900234607,2022-03-16,1,0,0.9999782
55000900234607,2022-03-17,1,0,0.9999782
55000900234607,2022-03-18,1,0,0.9999782
55000900234607,2022-03-19,1,0,0.9999782
55000900234607,2022-03-20,1,0,0.9999782
55000900234607,2022-03-21,1,0,0.9999782
55000900234607,2022-03-22,1,0,0.9999782
55000900234607,2022-03-23,1,0,0.9999782
55000900234607,2022-03-24,1,0,0.9999782
55000900234607,2022-03-25,1,0,0.9999782
55000900234607,2022-03-26,1,0,0.9999782
55000900234607,2022-03-27,1,0,0.9999782
55000900234607,2022-03-28,1,0,0.9999782
55000900234607,2022-03-29,1,0,0.9999782
55000900234607,2022-03-30,1,0,0.9999782
55000900234607,2022-03-31,1,0,0.9999782
55000900234607,2022-04-01,1,0,0.9999782
55000900234607,2022-04-02,1,0,0.9999782
55000900234607,2022-04-03,1,0,0.9999782
55000900234607,2022-04-04,1,0,0.9999782
55000900234607,2022-04-05,1,0,0.9999782
55000900234607,2022-04-06,1,0,0.9999782
55000900234607,2022-04-07,1,0,0.9999782
55000900234607,2022-04-08,1,0,0.9999782
55000900234607,2022-04-09,1,0,0.9999782
55000900234607,2022-04-10,1,0,0.9999782
55000900234607,2022-04-11,1,0,0.9999782
55000900234607,2022-04-12,1,0,0.9999782
55000900234607,2022-04-13,1,0,0.9999782
55000900234607,2022-04-14,1,0,0.9999782
55000900234607,2022-04-15,1,0,0.9999782
55000900234607,2022-04-16,1,0,0.9999782
55000900234607,2022-04-17,1,0,0.9999782
55000900234607,2022-04-18,1,0,0.9999782
55000900234607,2022-04-19,1,0,0.9999782
55000900234607,2022-04-20,1,0,0.9999782
55000900234607,2022-04-21,1,0,0.9999782
55000900234607,2022-04-22,1,0,0.9999782
55000900234607,2022-04-23,1,0,0.9999782
55000900234607,2022-04-24,1,0,0.9999782
55000900234607,2022-04-25,1,0,0.9999782
55000900234607,2022-04-26,1,0,0.9999782
55000900234607,2022-04-27,1,0,0.9999782
55000900234607,2022-04-28,1,0,0.9999782
55000900234607,2022-04-29,1,0,0.9999782
55000900234607,2022-04-30,1,0,0.9999782
55000900234607,2022-05-01,1,0,0.9999782
55000900234607,2022-05-02,1,0,0.9999782
55000900234607,2022-05-03,1,0,0.9999782
55000900234607,2022-05-04,1,0,0.9999782
55000900234607,2022-05-05,1,0,0.9999782
55000900234607,2022-05-06,1,0,0.9999782
55000900234607,2022-05-07,1,0,0.9999782
55000900234607,2022-05-08,1,0,0.9999782
55000900234607,2022-05-09,1,0,0.9999782
55000900234607,2022-05-10,1,0,0.9999782
55000900234607,2022-05-11,1,0,0.9999782
55000900234607,2022-05-12,1,0,0.9999782
55000900234607,2022-05-13,1,0,0.9999782
55000900234607,2022-05-14,1,0,0.9999782
55000900234607,2022-05-15,1,0,0.9999782
55000900234607,2022-05-16,1,0,0.9999782
55000900234607,2022-05-17,1,0,0.9999782
55000900234607,2022-05-18,1,0,0.9999782
55000900234607,2022-05-19,1,0,0.9999782
55000900234607,2022-05-20,1,0,0.9999782
55000900234607,2022-05-21,1,0,0.9999782
55000900234607,2022-05-22,1,0,0.9999782
55000900234607,2022-05-23,1,0,0.9999782
55000900234607,2022-05-24,1,0,0.9999782
55000900234607,2022-05-25,1,0,0.9999782
55000900234607,2022-05-26,1,0,0.9999782
55000900234607,2022-05-27,1,0,0.9999782
55000900234607,2022-05-28,1,0,0.9999782
55000900234607,2022-05-29,1,0,0.9999782
55000900234607,2022-05-30,1,0,0.9999782
55000900234607,2022-05-31,1,0,0.9999782
55000900234607,2022-06-01,1,0,0.9999782
55000900234607,2022-06-02,1,0,0.9999782
55000900234607,2022-06-03,1,0,0.9999782
55000900234607,2022-06-04,1,0,0.9999782
55000900234607,2022-06-05,1,0,0.9999782
55000900234607,2022-06-06,1,0,0.9999782
55000900234607,2022-06-07,1,0,0.9999782
55000900234607,2022-06-08,1,0,0.9999782
55000900234607,2022-06-09,1,0,0.9999782
55000900234607,2022-06-10,1,0,0.9999782
55000900234607,2022-06-11,1,0,0.9999782
55000900234607,2022-06-12,1,0,0.9999782
55000900234607,2022-06-13,1,0,0.9999782
55000900234607,2022-06-14,1,0,0.9999782
55000900234607,2022-06-15,1,0,0.9999782
55000900234607,2022-06-16,1,0,0.9999782
55000900234607,2022-06-17,1,0,0.9999782
55000900234607,2022-06-18,1,0,0.9999782
55000900234607,2022-06-19,1,0,0.9999782
55000900234607,2022-06-20,1,0,0.9999782
55000900234607,2022-06-21,1,0,0.9999782
55000900234607,2022-06-22,1,0,0.9999782
55000900234607,2022-06-23,1,0,0.9999782
55000900234607,2022-06-24,1,0,0.9999782
55000900234607,2022-06-25,1,0,0.9999782
55000900234607,2022-06-26,1,0,0.9999782
55000900234607,2022-06-27,1,0,0.9999782
55000900234607,2022-06-28,1,0,0.9999782
55000900234607,2022-06-29,1,0,0.9999782
55000900234607,2022-06-30,1,0,0.9999782
55000900234607,2022-07-01,1,0,0.9999782
55000900234607,2022-07-02,1,0,0.9999782
55000900234607,2022-07-03,1,0,0.9999782
55000900234607,2022-07-04,1,0,0.9999782
55000900234607,2022-07-05,1,0,0.9999782
55000900234607,2022-07-06,1,0,0.9999782
55000900234607,2022-07-07,1,0,0.9999782
55000900234607,2022-07-08,1,0,0.9999782
55000900234607,2022-07-09,1,0,0.9999782
55000900234607,2022-07-10,1,0,0.9999782
55000900234607,2022-07-11,1,0,0.9999782
55000900234607,2022-07-12,1,0,0.9999782
55000900234607,2022-07-13,1,0,0.9999782
55000900234607,2022-07-14,1,0,0.9999782
55000900234607,2022-07-15,1,0,0.9999782
55000900234607,2022-07-16,1,0,0.9999782
55000900234607,2022-07-17,1,0,0.9999782
55000900234607,2022-07-18,1,0,0.9999782
55000900234607,2022-07-19,1,0,0.9999782
55000900234607,2022-07-20,1,0,0.9999782
55000900234607,2022-07-21,1,0,0.9999782
55000900234607,2022-07-22,1,0,0.9999782
55000900234607,2022-07-23,1,0,0.9999782
55000900234607,2022-07-24,1,0,0.9999782
55000900234607,2022-07-25,1,0,0.9999782
55000900234607,2022-07-26,1,0,0.9999782
55000900234607,2022-07-27,1,0,0.9999782
55000900234607,2022-07-28,1,0,0.9999782
55000900234607,2022-07-29,1,0,0.9999782
55000900234607,2022-07-30,1,0,0.9999782
55000900234607,2022-07-31,1,0,0.9999782
55000900234607,2022-08-01,1,0,0.9999782
55000900234607,2022-08-02,1,0,0.9999782
55000900234607,2022-08-03,1,0,0.9999782
55000900234607,2022-08-04,1,0,0.9999782
55000900234607,2022-08-05,1,0,0.9999782
55000900234607,2022-08-06,1,0,0.9999782
55000900234607,2022-08-07,1,0,0.9999782
55000900234607,2022-08-08,1,0,0.9999782
55000900234607,2022-08-09,1,0,0.9999782
55000900234607,2022-08-10,1,0,0.9999782
55000900234607,2022-08-11,1,0,0.9999782
55000900234607,2022-08-12,1,0,0.9999782
55000900234607,2022-08-13,1,0,0.9999782
55000900234607,2022-08-14,1,0,0.9999782
55000900234607,2022-08-15,1,0,0.9999782
55000900234607,2022-08-16,1,0,0.9999782
55000900234607,2022-08-17,1,0,0.9999782
55000900234607,2022-08-18,1,0,0.9999782
55000900234607,2022-08-19,1,0,0.9999782
55000900234607,2022-08-20,1,0,0.9999782
55000900234607,2022-08-21,1,0,0.9999782
55000900234607,2022-08-22,1,0,0.9999782
55000900234607,2022-08-23,1,0,0.9999782
55000900234607,2022-08-24,1,0,0.9999782
55000900234607,2022-08-25,1,0,0.9999782
55000900234607,2022-08-26,1,0,0.9999782
55000900234607,2022-08-27,1,0,0.9999782
55000900234607,2022-08-28,1,0,0.9999782
55000900234607,2022-08-29,1,0,0.9999782
55000900234607,2022-08-30,1,0,0.9999782
55000900234607,2022-08-31,1,0,0.9999782
55000900234607,2022-09-01,1,0,0.9999782
55000900234607,2022-09-02,1,0,0.9999782
55000900234607,2022-09-03,1,0,0.9999782
55000900234607,2022-09-04,1,0,0.9999782
55000900234607,2022-09-05,1,0,0.9999782
55000900234607,2022-09-06,1,0,0.9999782
55000900234607,2022-09-07,1,0,0.9999782
55000900234607,2022-09-08,1,0,0.9999782
55000900234607,2022-09-09,1,0,0.9999782
55000900234607,2022-09-10,1,0,0.9999782
55000900234607,2022-09-11,1,0,0.9999782
55000900234607,2022-09-12,1,0,0.9999782
55000900234607,2022-09-13,1,0,0.9999782
55000900234607,2022-09-14,1,0,0.9999782
55000900234607,2022-09-15,1,0,0.9999782
55000900234607,2022-09-16,1,0,0.9999782
55000900234607,2022-09-17,1,0,0.9999782
55000900234607,2022-09-18,1,0,0.9999782
55000900234607,2022-09-19,1,0,0.9999782
55000900234607,2022-09-20,1,0,0.9999782
55000900234607,2022-09-21,1,0,0.9999782
55000900234607,2022-09-22,1,0,0.9999782
55000900234607,2022-09-23,1,0,0.9999782
55000900234607,2022-09-24,1,0,0.9999782
55000900234607,2022-09-25,1,0,0.9999782
55000900234607,2022-09-26,1,0,0.9999782
55000900234607,2022-09-27,1,0,0.9999782
55000900234607,2022-09-28,1,0,0.9999782
55000900234607,2022-09-29,1,0,0.9999782
55000900234607,2022-09-30,1,0,0.9999782
55000900234607,2022-10-01,1,0,0.9999782
55000900234607,2022-10-02,1,0,0.9999782
55000900234607,2022-10-03,1,0,0.9999782
55000900234607,2022-10-04,1,0,0.9999782
55000900234607,2022-10-05,1,0,0.9999782
55000900234607,2022-10-06,1,0,0.9999782
55000900234607,2022-10-07,1,0,0.9999782
55000900234607,2022-10-08,1,0,0.9999782
55000900234607,2022-10-09,1,0,0.9999782
55000900234607,2022-10-10,1,0,0.9999782
55000900234607,2022-10-11,1,0,0.9999782
55000900234607,2022-10-12,1,0,0.9999782
55000900234607,2022-10-13,1,0,0.9999782
55000900234607,2022-10-14,1,0,0.9999782
55000900234607,2022-10-15,1,0,0.9999782
55000900234607,2022-10-16,1,0,0.9999782
55000900234607,2022-10-17,1,0,0.9999782
55000900234607,2022-10-18,1,0,0.9999782
55000900234607,2022-10-19,1,0,0.9999782
55000900234607,2022-10-20,1,0,0.9999782
55000900234607,2022-10-21,1,0,0.9999782
55000900234607,2022-10-22,1,0,0.9999782
55000900234607,2022-10-23,1,0,0.9999782
55000900234607,2022-10-24,1,0,0.9999782
55000900234607,2022-10-25,1,0,0.9999782
55000900234607,2022-10-26,1,0,0.9999782
55000900234607,2022-10-27,1,0,0.9999782
55000900234607,2022-10-28,1,0,0.9999782
55000900234607,2022-10-29,1,0,0.9999782
55000900234607,2022-10-30,1,0,0.9999782
55000900234607,2022-10-31,1,0,0.9999782
55000900234607,2022-11-01,1,0,0.9999782
55000900234607,2022-11-02,1,0,0.9999782
55000900234607,2022-11-03,1,0,0.9999782
55000900234607,2022-11-04,1,0,0.9999782
55000900234607,2022-11-05,1,0,0.9999782
55000900234607,2022-11-06,1,0,0.9999782
55000900234607,2022-11-07,1,0,0.9999782
55000900234607,2022-11-08,1,0,0.9999782
55000900234607,2022-11-09,1,0,0.9999782
55000900234607,2022-11-10,1,0,0.9999782
55000900234607,2022-11-11,1,0,0.9999782
55000900234607,2022-11-12,1,0,0.9999782
55000900234607,2022-11-13,1,0,0.9999782
55000900234607,2022-11-14,1,0,0.9999782
55000900234607,2022-11-15,1,0,0.9999782
55000900234607,2022-11-16,1,0,0.9999782
55000900234607,2022-11-17,1,0,0.9999782
55000900234607,2022-11-18,1,0,0.9999782
55000900234607,2022-11-19,1,0,0.9999782
55000900234607,2022-11-20,1,0,0.9999782
55000900234607,2022-11-21,1,0,0.9999782
55000900234607,2022-11-22,1,0,0.9999782
55000900234607,2022-11-23,1,0,0.9999782
55000900234607,2022-11-24,1,0,0.9999782
55000900234607,2022-11-25,1,0,0.9999782
55000900234607,2022-11-26,1,0,0.9999782
55000900234607,2022-11-27,1,0,0.9999782
55000900234607,2022-11-28,1,0,0.9999782
55000900234607,2022-11-29,1,0,0.9999782
55000900234607,2022-11-30,1,0,0.9999782
55000900234607,2022-12-01,1,0,0.9999782
55000900234607,2022-12-02,1,0,0.9999782
55000900234607,2022-12-03,1,0,0.9999782
55000900234607,2022-12-04,1,0,0.9999782
55000900234607,2022-12-05,1,0,0.9999782
55000900234607,2022-12-06,1,0,0.9999782
55000900234607,2022-12-07,1,0,0.9999782
55000900234607,2022-12-08,1,0,0.9999782
55000900234607,2022-12-09,1,0,0.9999782
55000900234607,2022-12-10,1,0,0.9999782
55000900234607,2022-12-11,1,0,0.9999782
55000900234607,2022-12-12,1,0,0.9999782
55000900234607,2022-12-13,1,0,0.9999782
55000900234607,2022-12-14,1,0,0.9999782
55000900234607,2022-12-15,1,0,0.9999782
55000900234607,2022-12-16,1,0,0.9999782
55000900234607,2022-12-17,1,0,0.9999782
55000900234607,2022-12-18,1,0,0.9999782
55000900234607,2022-12-19,1,0,0.9999782
55000900234607,2022-12-20,1,0,0.9999782
55000900234607,2022-12-21,1,0,0.9999782
55000900234607,2022-12-22,1,0,0.9999782
55000900234607,2022-12-23,1,0,0.9999782
55000900234607,2022-12-24,1,0,0.9999782
55000900234607,2022-12-25,1,0,0.9999782
55000900234607,2022-12-26,1,0,0.9999782
55000900234607,2022-12-27,1,0,0.9999782
55000900234607,2022-12-28,1,0,0.9999782
55000900234607,2022-12-29,1,0,0.9999782
55000900234607,2022-12-30,1,0,0.9999782
55000900234607,2022-12-31,1,0,0.9999782
55000900234607,2023-01-01,1,0,0.9999782
55000900234607,2023-01-02,1,0,0.9999782
55000900234607,2023-01-03,1,0,0.9999782
55000900234607,2023-01-04,1,0,0.9999782
55000900234607,2023-01-05,1,0,0.9999782
55000900234607,2023-01-06,1,0,0.9999782
55000900234607,2023-01-07,1,0,0.9999782
55000900234607,2023-01-08,1,0,0.9999782
55000900234607,2023-01-09,1,0,0.9999782
55000900234607,2023-01-10,1,0,0.9999782
55000900234607,2023-01-11,1,0,0.9999782
55000900234607,2023-01-12,1,0,0.9999782
55000900234607,2023-01-13,1,0,0.9999782
55000900234607,2023-01-14,1,0,0.9999782
55000900234607,2023-01-15,1,0,0.9999782
55000900234607,2023-01-16,1,0,0.9999782
55000900234607,2023-01-17,1,0,0.9999782
55000900234607,2023-01-18,1,0,0.9999782
55000900234607,2023-01-19,1,0,0.9999782
55000900234607,2023-01-20,1,0,0.9999782
55000900234607,2023-01-21,1,0,0.9999782
55000900234607,2023-01-22,1,0,0.9999782
55000900234607,2023-01-23,1,0,0.9999782
55000900234607,2023-01-24,1,0,0.9999782
55000900234607,2023-01-25,1,0,0.9999782
55000900234607,2023-01-26,1,0,0.9999782
55000900234607,2023-01-27,1,0,0.9999782
55000900234607,2023-01-28,1,0,0.9999782
55000900234607,2023-01-29,1,0,0.9999782
55000900234607,2023-01-30,1,0,0.9999782
55000900234607,2023-01-31,1,0,0.9999782
55000900234607,2023-02-01,1,0,0.9999782
55000900234607,2023-02-02,1,0,0.9999782
55000900234607,2023-02-03,1,0,0.9999782
55000900234607,2023-02-04,1,0,0.9999782
55000900234607,2023-02-05,1,0,0.9999782
55000900234607,2023-02-06,1,0,0.9999782
55000900234607,2023-02-07,1,0,0.9999782
55000900234607,2023-02-08,1,0,0.9999782
55000900234607,2023-02-09,1,0,0.9999782
55000900234607,2023-02-10,1,0,0.9999782
55000900234607,2023-02-11,1,0,0.9999782
55000900234607,2023-02-12,1,0,0.9999782
55000900234607,2023-02-14,1,0,0.9999782
55000900234607,2023-02-15,1,0,0.9999782
55000900234607,2023-02-16,1,0,0.9999782
55000900234607,2023-02-17,1,0,0.9999782
55000900234607,2023-02-18,1,0,0.9999782
55000900234607,2023-02-19,1,0,0.9999782
55000900234607,2023-02-20,1,0,0.9999782
55000900234607,2023-02-21,1,0,0.9999782
55000900234607,2023-02-22,1,0,0.9999782
55000900234607,2023-02-23,1,0,0.9999782
55000900234607,2023-02-24,1,0,0.9999782
55000900234607,2023-02-25,1,0,0.9999782
55000900234607,2023-02-26,1,0,0.9999782
55000900234607,2023-02-27,1,0,0.9999782
55000900234607,2023-02-28,1,0,0.9999782
55000900234607,2023-03-01,1,0,0.9999782
55000900234607,2023-03-02,1,0,0.9999782
55000900234607,2023-03-03,1,0,0.9999782
55000900234607,2023-03-04,1,0,0.9999782
55000900234607,2023-03-05,1,0,0.9999782
55000900234607,2023-03-06,1,0,0.9999782
55000900234607,2023-03-07,1,0,0.9999782
55000900234607,2023-03-08,1,0,0.9999782
55000900234607,2023-03-09,1,0,0.9999782
55000900234607,2023-03-10,1,0,0.9999782
55000900234607,2023-03-11,1,0,0.9999782
55000900234607,2023-03-13,1,0,0.9999782
55000900234607,2023-03-14,1,0,0.9999782
55000900234607,2023-03-15,1,0,0.9999782
55000900234607,2023-03-16,1,0,0.9999782
55000900234607,2023-03-17,1,0,0.9999782
55000900234607,2023-03-18,1,0,0.9999782
55000900234607,2023-03-19,1,0,0.9999782
55000900234607,2023-03-20,1,0,0.9999782
55000900234607,2023-03-21,1,0,0.9999782
55000900234607,2023-03-22,1,0,0.9999782
55000900234607,2023-03-23,1,0,0.9999782
55000900234607,2023-03-24,1,0,0.9999782
55000900234607,2023-03-25,1,0,0.9999782
55000900234607,2023-03-26,1,0,0.9999782
55000900234607,2023-03-27,1,0,0.9999782
55000900234607,2023-03-28,1,0,0.9999782
55000900234607,2023-03-29,1,0,0.9999782
55000900234607,2023-03-30,1,0,0.9999782
55000900234607,2023-03-31,1,0,0.9999782
55000900234607,2023-04-01,1,0,0.9999782
55000900234607,2023-04-02,1,0,0.9999782
55000900234607,2023-04-03,1,0,0.9999782
55000900234607,2023-04-04,1,0,0.9999782
55000900234607,2023-04-05,1,0,0.9999782
55000900234607,2023-04-06,1,0,0.9999782
55000900234607,2023-04-07,1,0,0.9999782
55000900234607,2023-04-08,1,0,0.9999782
55000900234607,2023-04-09,1,0,0.9999782
55000900234607,2023-04-10,1,0,0.9999782
55000900234607,2023-04-11,1,0,0.9999782
55000900234607,2023-04-12,1,0,0.9999782
55000900234607,2023-04-13,1,0,0.9999782
55000900234607,2023-04-14,1,0,0.9999782
55000900234607,2023-04-15,1,0,0.9999782
55000900234607,2023-04-16,1,0,0.9999782
55000900234607,2023-04-17,1,0,0.9999782
55000900234607,2023-04-18,1,0,0.9999782
55000900234607,2023-04-19,1,0,0.9999782
55000900234607,2023-04-20,1,0,0.9999782
55000900235848,2020-09-29,1,8,0.9999716
55000900235848,2020-09-30,1,8,0.9999697
55000900235848,2020-10-01,1,8,0.9999498
55000900235848,2020-10-02,1,8,0.99993503
55000900235848,2020-10-03,1,8,0.99986637
55000900235848,2020-10-04,1,8,0.999739
55000900235848,2020-10-05,1,8,0.9995981
55000900235848,2020-10-06,1,8,0.9994591
55000900235848,2020-10-07,1,8,0.9994097
55000900235848,2020-10-08,1,8,0.9988618
55000900235848,2020-10-09,1,8,0.99800795
55000900235848,2020-10-10,1,8,0.9995567
55000900235848,2020-10-11,1,8,0.9998066
55000900235848,2020-10-12,1,8,0.99992466
55000900235848,2020-10-13,1,8,0.9999652
55000900235848,2020-10-14,1,8,0.9999652
55000900235848,2020-10-15,1,8,0.9999716
55000900235848,2020-10-16,1,8,0.999966
55000900235848,2020-10-17,1,8,0.99997413
55000900235848,2020-10-18,1,8,0.9999746
55000900235848,2020-10-19,1,0,0.9999697
55000900235848,2020-10-20,1,0,0.9999542
55000900236525,2020-09-29,1,8,0.9999517
55000900236525,2020-09-30,1,8,0.9999436
55000900236525,2020-10-01,1,8,0.99991953
55000900236525,2020-10-02,1,8,0.9998739
55000900236525,2020-10-03,1,8,0.99962175
55000900236525,2020-10-04,1,8,0.9976508
55000900236525,2020-10-05,1,8,0.999318
55000900236525,2020-10-06,1,8,0.99964356
55000900236525,2020-10-07,1,8,0.99976677
55000900236525,2020-10-08,1,8,0.9994204
55000900236525,2020-10-09,1,8,0.9970778
55000900236525,2020-10-10,1,8,0.99971586
55000900236525,2020-10-11,1,8,0.9990545
55000900236525,2020-10-12,1,8,0.99967766
55000900236525,2020-10-13,1,8,0.99997425
55000900236525,2020-10-14,1,8,0.9999721
55000900236525,2020-10-15,1,8,0.9999633
55000900236525,2020-10-16,1,8,0.99997044
55000900236525,2020-10-17,1,8,0.99996305
55000900236525,2020-10-18,1,0,0.9999585
55000900236525,2020-10-19,1,0,0.99502856
55000900237668,2020-09-29,0,8,0.04610488
55000900237668,2020-09-30,0,8,0.034178555
55000900237668,2020-10-01,0,8,0.012941087
55000900237668,2020-10-02,0,8,0.024217429
55000900237668,2020-10-03,0,8,0.03587179
55000900237668,2020-10-04,0,8,0.021588521
55000900237668,2020-10-05,0,8,0.033800118
55000900237668,2020-10-06,0,8,0.022387544
55000900237668,2020-10-07,0,8,0.021255083
55000900237668,2020-10-08,0,8,0.018199058
55000900237668,2020-10-09,0,8,0.013608951
55000900237668,2020-10-10,0,8,0.016625103
55000900237668,2020-10-11,1,8,0.0065141586
55000900237668,2020-10-12,1,8,0.014456097
55000900237668,2020-10-13,1,8,0.0042487346
55000900237668,2020-10-14,1,8,0.06943937
55000900237668,2020-10-15,1,8,0.15476692
55000900237668,2020-10-16,0,8,0.73807853
55000900237668,2020-10-17,0,8,0.9636018
55000900237668,2020-10-18,0,8,0.99911326
55000900237668,2020-10-19,0,8,0.94065386
55000900237668,2020-10-20,0,8,0.70723474
55000900237668,2020-10-21,0,8,0.6062239
55000900237668,2020-10-22,0,8,0.52161485
55000900237668,2020-10-23,0,8,0.6348178
55000900237668,2020-10-24,1,8,0.8641579
55000900237668,2020-10-25,0,8,0.6791998
55000900237668,2020-10-26,0,0,0.68385774
55000900237668,2020-10-27,0,0,0.9713775
55000900271029,2020-09-29,1,8,0.9999758
55000900271029,2020-09-30,1,8,0.9999747
55000900271029,2020-10-01,1,8,0.99995637
55000900271029,2020-10-02,1,8,0.9998784
55000900271029,2020-10-03,1,8,0.99964917
55000900271029,2020-10-04,1,8,0.9995814
55000900271029,2020-10-05,1,8,0.99964786
55000900271029,2020-10-06,1,8,0.99979264
55000900271029,2020-10-07,1,8,0.99993014
55000900271029,2020-10-08,1,8,0.9998299
55000900271029,2020-10-09,1,8,0.9997328
55000900271029,2020-10-10,1,8,0.9999244
55000900271029,2020-10-11,1,8,0.9999529
55000900271029,2020-10-12,1,8,0.9999573
55000900271029,2020-10-13,1,8,0.9999522
55000900271029,2020-10-14,1,8,0.99996614
55000900271029,2020-10-15,1,8,0.999972
55000900271029,2020-10-16,1,8,0.99997354
55000900271029,2020-10-17,1,8,0.99997544
55000900271029,2020-10-18,1,8,0.9999769
55000900271029,2020-10-19,1,8,0.99997437
55000900271029,2020-10-20,1,0,0.99996316
55000900271029,2020-10-21,1,0,0.99996483
55000900271031,2020-09-29,1,0,0.9889665
55000900271031,2020-09-30,1,0,0.9898112
55000900271031,2020-10-01,1,0,0.96401113
55000900271031,2020-10-02,1,0,0.8834961
55000900271031,2020-10-03,0,0,0.90605676
55000900271031,2020-10-04,0,0,0.9142124
55000900271031,2020-10-05,0,0,0.9256156
55000900271031,2020-10-06,0,0,0.27200195
55000900271031,2020-10-07,0,0,0.29372713
55000900271031,2020-10-08,0,0,0.18779211
55000900271031,2020-10-09,0,0,0.17346387
55000900271031,2020-10-10,1,0,0.27443466
55000900271031,2020-10-11,1,0,0.29626483
55000900271031,2020-10-12,1,0,0.3058591
55000900271031,2020-10-13,1,0,0.9625742
55000900271031,2020-10-14,1,0,0.99845445
55000900271031,2020-10-15,0,0,0.99920315
55000900271031,2020-10-16,0,0,0.99978465
55000900271031,2020-10-17,0,0,0.9993962
55000900271031,2020-10-18,0,0,0.84771836
55000900271031,2020-10-19,0,0,0.4059079
55000900271031,2020-10-20,0,0,0.45801204
55000900271031,2020-10-21,0,0,0.44223207
55000900271031,2020-10-22,0,0,0.43125415
55000900271031,2020-10-23,0,0,0.42859924
55000900271031,2020-10-24,0,0,0.4445355
55000900271031,2020-10-25,0,0,0.52273875
55000900271031,2020-10-26,0,0,0.5983741
55000900271031,2020-10-27,0,0,0.64544314
55000900271031,2020-10-29,1,0,0.71094114
55000900271031,2020-10-30,1,0,0.38236913
55000900271031,2020-10-31,1,0,0.49126545
55000900271031,2020-11-01,1,0,0.65028554
55000900271031,2020-11-02,1,0,0.7651032
55000900271031,2020-11-03,1,0,0.8162846
55000900271031,2020-11-04,1,0,0.66333073
55000900271031,2020-11-05,1,0,0.7665297
55000900271031,2020-11-06,1,0,0.82835877
55000900271031,2020-11-07,1,0,0.8457508
55000900271031,2020-11-08,1,0,0.99500495
55000900271031,2020-11-09,1,0,0.9984862
55000900271031,2020-11-10,1,0,0.99941814
55000900271031,2020-11-11,1,0,0.99924904
55000900271031,2020-11-12,1,0,0.999728
55000900271031,2020-11-13,1,0,0.99956864
55000900271031,2020-11-14,1,0,0.999746
55000900271031,2020-11-15,1,0,0.99991035
55000900271031,2020-11-16,1,0,0.99936897
55000900271031,2020-11-17,1,0,0.9997646
55000900271031,2020-11-18,1,0,0.99994504
55000900271031,2020-11-19,1,0,0.9999881
55000900271031,2020-11-20,1,0,0.99998665
55000900271031,2020-11-21,1,0,0.99998033
55000900271031,2020-11-22,1,0,0.99998415
55000900271031,2020-11-23,1,0,0.9999778
55000900271031,2020-11-24,1,0,0.9999708
55000900271031,2020-11-25,1,0,0.9999654
55000900271031,2020-11-26,1,0,0.9999839
55000900271031,2020-11-27,1,0,0.999985
55000900271031,2020-11-28,1,0,0.9999808
55000900271031,2020-11-29,1,0,0.999979
55000900271031,2020-11-30,1,0,0.9999602
55000900271031,2020-12-01,1,0,0.99995685
55000900271031,2020-12-02,1,0,0.9999702
55000900271031,2020-12-03,1,0,0.999979
55000900271031,2020-12-04,1,0,0.9999813
55000900271031,2020-12-05,1,0,0.99996793
55000900271031,2020-12-06,1,0,0.999943
55000900271031,2020-12-07,1,0,0.9999701
55000900271031,2020-12-08,1,0,0.99996996
55000900271031,2020-12-09,1,0,0.9999827
55000900271031,2020-12-10,1,0,0.9999634
55000900271031,2020-12-11,1,0,0.99996567
55000900271031,2020-12-12,1,0,0.9999734
55000900271031,2020-12-13,1,0,0.999985
55000900271031,2020-12-14,1,0,0.9999821
55000900271031,2020-12-15,1,0,0.9999838
55000900271031,2020-12-16,1,0,0.9999813
55000900271031,2020-12-17,1,0,0.9999844
55000900271031,2020-12-18,1,0,0.9999839
55000900271031,2020-12-19,1,0,0.999979
55000900271031,2020-12-20,1,0,0.99998355
55000900271031,2020-12-21,1,0,0.99998045
55000900271031,2020-12-22,1,0,0.9999746
55000900271031,2020-12-23,1,0,0.99996865
55000900271031,2020-12-24,1,0,0.99998486
55000900271031,2020-12-25,1,0,0.99998295
55000900271031,2020-12-26,1,0,0.99997544
55000900271031,2020-12-27,1,0,0.9999672
55000900271031,2020-12-28,1,0,0.9999802
55000900271031,2020-12-29,1,0,0.99998426
55000900271031,2020-12-30,1,0,0.99997985
55000900271031,2020-12-31,1,0,0.9999691
55000900271031,2021-01-01,1,0,0.99995315
55000900271031,2021-01-02,1,0,0.9999738
55000900271031,2021-01-03,1,0,0.99998534
55000900271031,2021-01-04,1,0,0.999984
55000900271031,2021-01-05,1,0,0.99998343
55000900271031,2021-01-06,1,0,0.99998367
55000900271031,2021-01-07,1,0,0.99998367
55000900271031,2021-01-08,1,0,0.99998367
55000900271031,2021-01-09,1,0,0.99998367
55000900271031,2021-01-10,1,0,0.99998355
55000900271031,2021-01-11,1,0,0.99998355
55000900271031,2021-01-12,1,0,0.99998355
55000900271031,2021-01-13,1,0,0.99998355
55000900271031,2021-01-14,1,0,0.99998355
55000900271031,2021-01-15,1,0,0.99998355
55000900271031,2021-01-16,1,0,0.99998355
55000900271031,2021-01-17,1,0,0.99998355
55000900271031,2021-01-18,1,0,0.99998355
55000900271031,2021-01-19,1,0,0.99998355
55000900271031,2021-01-20,1,0,0.99998355
55000900271031,2021-01-21,1,0,0.99998355
55000900271031,2021-01-22,1,0,0.99998355
55000900271031,2021-01-23,1,0,0.99998355
55000900271031,2021-01-24,1,0,0.99998355
55000900271031,2021-01-25,1,0,0.99998355
55000900271031,2021-01-26,1,0,0.99998355
55000900271031,2021-01-27,1,0,0.99998355
55000900271031,2021-01-28,1,0,0.99998355
55000900271031,2021-01-29,1,0,0.99998355
55000900271031,2021-01-30,1,0,0.99998355
55000900271031,2021-01-31,1,0,0.99998355
55000900271031,2021-02-01,1,0,0.99998355
55000900271031,2021-02-02,1,0,0.99998355
55000900271031,2021-02-03,1,0,0.99998355
55000900271031,2021-02-04,1,0,0.99998355
55000900271031,2021-02-05,1,0,0.99998355
55000900271031,2021-02-06,1,0,0.99998355
55000900271031,2021-02-07,1,0,0.99998355
55000900271031,2021-02-08,1,0,0.99998355
55000900271031,2021-02-09,1,0,0.99998355
55000900271031,2021-02-10,1,0,0.99998355
55000900271031,2021-02-11,1,0,0.99998355
55000900271031,2021-02-12,1,0,0.99998355
55000900271031,2021-02-13,1,0,0.99998355
55000900271031,2021-02-14,1,0,0.99998355
55000900271031,2021-02-15,1,0,0.99998355
55000900271031,2021-02-16,1,0,0.99998355
55000900271031,2021-02-17,1,0,0.99998355
55000900271031,2021-02-18,1,0,0.99998355
55000900271031,2021-02-19,1,0,0.99998355
55000900271031,2021-02-20,1,0,0.99998355
55000900271031,2021-02-21,1,0,0.99998355
55000900271031,2021-02-22,1,0,0.99998355
55000900271031,2021-02-23,1,0,0.99998355
55000900271031,2021-02-24,1,0,0.99998355
55000900271031,2021-02-25,1,0,0.99998355
55000900271031,2021-02-26,1,0,0.99998355
55000900271031,2021-02-27,1,0,0.99998355
55000900271031,2021-02-28,1,0,0.99998355
55000900271031,2021-03-01,1,0,0.99998355
55000900271031,2021-03-02,1,0,0.99998355
55000900271031,2021-03-03,1,0,0.99998355
55000900271031,2021-03-04,1,0,0.99998355
55000900271031,2021-03-05,1,0,0.99998355
55000900271031,2021-03-06,1,0,0.99998355
55000900271031,2021-03-07,1,0,0.99998355
55000900271031,2021-03-08,1,0,0.99998355
55000900271031,2021-03-09,1,0,0.99998355
55000900271031,2021-03-10,1,0,0.99998355
55000900271031,2021-03-11,1,0,0.99998355
55000900271031,2021-03-12,1,0,0.99998355
55000900271031,2021-03-13,1,0,0.99998355
55000900271031,2021-03-15,1,0,0.99998355
55000900271031,2021-03-16,1,0,0.99998355
55000900271031,2021-03-17,1,0,0.99998355
55000900271031,2021-03-18,1,0,0.99998355
55000900271031,2021-03-19,1,0,0.99998355
55000900271031,2021-03-20,1,0,0.99998355
55000900271031,2021-03-21,1,0,0.99998355
55000900271031,2021-03-22,1,0,0.99998355
55000900271031,2021-03-23,1,0,0.99998355
55000900271031,2021-03-24,1,0,0.99998355
55000900271031,2021-03-25,1,0,0.99998355
55000900271031,2021-03-26,1,0,0.99998355
55000900271031,2021-03-27,1,0,0.99998355
55000900271031,2021-03-28,1,0,0.99998355
55000900271031,2021-03-29,1,0,0.99998355
55000900271031,2021-03-30,1,0,0.99998355
55000900271031,2021-03-31,1,0,0.99998355
55000900271031,2021-04-01,1,0,0.99998355
55000900271031,2021-04-02,1,0,0.99998355
55000900271031,2021-04-03,1,0,0.99998355
55000900271031,2021-04-04,1,0,0.99998355
55000900271031,2021-04-05,1,0,0.99998355
55000900271031,2021-04-06,1,0,0.99998355
55000900271031,2021-04-07,1,0,0.99998355
55000900271031,2021-04-08,1,0,0.99998355
55000900271031,2021-04-09,1,0,0.99998355
55000900271031,2021-04-10,1,0,0.99998355
55000900271031,2021-04-11,1,0,0.99998355
55000900271031,2021-04-12,1,0,0.99998355
55000900271031,2021-04-13,1,0,0.99998355
55000900271031,2021-04-14,1,0,0.99998355
55000900271031,2021-04-15,1,0,0.99998355
55000900271031,2021-04-16,1,0,0.99998355
55000900271031,2021-04-17,1,0,0.99998355
55000900271031,2021-04-18,1,0,0.99998355
55000900271031,2021-04-19,1,0,0.99998355
55000900271031,2021-04-20,1,0,0.99998355
55000900271031,2021-04-21,1,0,0.99998355
55000900271031,2021-04-22,1,0,0.99998355
55000900271031,2021-04-23,1,0,0.99998355
55000900271031,2021-04-24,1,0,0.99998355
55000900271031,2021-04-25,1,0,0.99998355
55000900271031,2021-04-26,1,0,0.99998355
55000900271031,2021-04-27,1,0,0.99998355
55000900271031,2021-04-28,1,0,0.99998355
55000900271031,2021-04-29,1,0,0.99998355
55000900271031,2021-04-30,1,0,0.99998355
55000900271031,2021-05-01,1,0,0.99998355
55000900271031,2021-05-02,1,0,0.99998355
55000900271031,2021-05-03,1,0,0.99998355
55000900271031,2021-05-04,1,0,0.99998355
55000900271031,2021-05-05,1,0,0.99998355
55000900271031,2021-05-06,1,0,0.99998355
55000900271031,2021-05-07,1,0,0.99998355
55000900271031,2021-05-08,1,0,0.99998355
55000900271031,2021-05-09,1,0,0.99998355
55000900271031,2021-05-10,1,0,0.99998355
55000900271031,2021-05-11,1,0,0.99998355
55000900271031,2021-05-12,1,0,0.99998355
55000900271031,2021-05-13,1,0,0.99998355
55000900271031,2021-05-14,1,0,0.99998355
55000900271031,2021-05-15,1,0,0.99998355
55000900271031,2021-05-16,1,0,0.99998355
55000900271031,2021-05-17,1,0,0.99998355
55000900271031,2021-05-18,1,0,0.99998355
55000900271031,2021-05-19,1,0,0.99998355
55000900271031,2021-05-20,1,0,0.99998355
55000900271031,2021-05-21,1,0,0.99998355
55000900271031,2021-05-22,1,0,0.99998355
55000900271031,2021-05-23,1,0,0.99998355
55000900271031,2021-05-24,1,0,0.99998355
55000900271031,2021-05-25,1,0,0.99998355
55000900271031,2021-05-26,1,0,0.99998355
55000900271031,2021-05-27,1,0,0.99998355
55000900271031,2021-05-28,1,0,0.99998355
55000900271031,2021-05-29,1,0,0.99998355
55000900271031,2021-05-30,1,0,0.99998355
55000900271031,2021-05-31,1,0,0.99998355
55000900271031,2021-06-01,1,0,0.99998355
55000900271031,2021-06-02,1,0,0.99998355
55000900271031,2021-06-03,1,0,0.99998355
55000900271031,2021-06-04,1,0,0.99998355
55000900271031,2021-06-05,1,0,0.99998355
55000900271031,2021-06-06,1,0,0.99998355
55000900271031,2021-06-07,1,0,0.99998355
55000900271031,2021-06-08,1,0,0.99998355
55000900271031,2021-06-09,1,0,0.99998355
55000900271031,2021-06-10,1,0,0.99998355
55000900271031,2021-06-11,1,0,0.99998355
55000900271031,2021-06-12,1,0,0.99998355
55000900271031,2021-06-13,1,0,0.99998355
55000900271031,2021-06-14,1,0,0.99998355
55000900271031,2021-06-15,1,0,0.99998355
55000900271031,2021-06-16,1,0,0.99998355
55000900271031,2021-06-17,1,0,0.99998355
55000900271031,2021-06-18,1,0,0.99998355
55000900271031,2021-06-19,1,0,0.99998355
55000900271031,2021-06-20,1,0,0.99998355
55000900271031,2021-06-21,1,0,0.99998355
55000900271031,2021-06-22,1,0,0.99998355
55000900271031,2021-06-23,1,0,0.99998355
55000900271031,2021-06-24,1,0,0.99998355
55000900271031,2021-06-25,1,0,0.99998355
55000900271031,2021-06-26,1,0,0.99998355
55000900271031,2021-06-27,1,0,0.99998355
55000900271031,2021-06-28,1,0,0.99998355
55000900271031,2021-06-29,1,0,0.99998355
55000900271031,2021-06-30,1,0,0.99998355
55000900271031,2021-07-01,1,0,0.99998355
55000900271031,2021-07-02,1,0,0.99998355
55000900271031,2021-07-03,1,0,0.99998355
55000900271031,2021-07-04,1,0,0.99998355
55000900271031,2021-07-05,1,0,0.99998355
55000900271031,2021-07-06,1,0,0.99998355
55000900271031,2021-07-07,1,0,0.99998355
55000900271031,2021-07-08,1,0,0.99998355
55000900271031,2021-07-09,1,0,0.99998355
55000900271031,2021-07-10,1,0,0.99998355
55000900271031,2021-07-11,1,0,0.99998355
55000900271031,2021-07-12,1,0,0.99998355
55000900271031,2021-07-13,1,0,0.99998355
55000900271031,2021-07-14,1,0,0.99998355
55000900271031,2021-07-15,1,0,0.99998355
55000900271031,2021-07-16,1,0,0.99998355
55000900271031,2021-07-17,1,0,0.99998355
55000900271031,2021-07-18,1,0,0.99998355
55000900271031,2021-07-19,1,0,0.99998355
55000900271031,2021-07-20,1,0,0.99998355
55000900271031,2021-07-21,1,0,0.99998355
55000900271031,2021-07-22,1,0,0.99998355
55000900271031,2021-07-23,1,0,0.99998355
55000900271031,2021-07-24,1,0,0.99998355
55000900271031,2021-07-25,1,0,0.99998355
55000900271031,2021-07-26,1,0,0.99998355
55000900271031,2021-07-27,1,0,0.99998355
55000900271031,2021-07-28,1,0,0.99998355
55000900271031,2021-07-29,1,0,0.99998355
55000900271031,2021-07-30,1,0,0.99998355
55000900271031,2021-07-31,1,0,0.99998355
55000900271031,2021-08-01,1,0,0.99998355
55000900271031,2021-08-02,1,0,0.99998355
55000900271031,2021-08-03,0,0,0.99998355
55000900271031,2021-08-04,0,0,0.99998355
55000900271031,2021-08-05,0,0,0.99998355
55000900271031,2021-08-06,0,0,0.999987
55000900271031,2021-08-07,0,0,0.9999863
55000900271031,2021-08-08,0,0,0.9999863
55000900271031,2021-08-09,0,0,0.9999863
55000900271031,2021-08-10,0,0,0.9999863
55000900271031,2021-08-11,0,0,0.9999863
55000900271031,2021-08-12,0,0,0.9999863
55000900271031,2021-08-13,0,0,0.9999863
55000900271031,2021-08-14,0,0,0.9999863
55000900271031,2021-08-15,0,0,0.9999863
55000900271031,2021-08-16,0,0,0.9999863
55000900271031,2021-08-17,0,0,0.9999863
55000900271031,2021-08-18,0,0,0.9999863
55000900271031,2021-08-19,0,0,0.99998605
55000900271031,2021-08-20,0,0,0.99997795
55000900271031,2021-08-21,0,0,0.99988997
55000900271031,2021-08-22,0,0,0.9999281
55000900271031,2021-08-23,0,0,0.9999206
55000900271031,2021-08-24,0,0,0.99992263
55000900271031,2021-08-25,0,0,0.99992216
55000900271031,2021-08-26,0,0,0.9999223
55000900271031,2021-08-27,0,0,0.9999223
55000900271031,2021-08-28,0,0,0.9999223
55000900271031,2021-08-29,0,0,0.9999223
55000900271031,2021-08-30,0,0,0.9999223
55000900271031,2021-08-31,0,0,0.9999223
55000900271031,2021-09-01,0,0,0.9999223
55000900271031,2021-09-02,0,0,0.9999223
55000900271031,2021-09-03,0,0,0.9999223
55000900271031,2021-09-04,0,0,0.9999223
55000900271031,2021-09-05,0,0,0.9999223
55000900271031,2021-09-06,0,0,0.9999223
55000900271031,2021-09-07,0,0,0.9999223
55000900271031,2021-09-08,0,0,0.9999223
55000900271031,2021-09-09,0,0,0.9999223
55000900271031,2021-09-10,0,0,0.9999223
55000900271031,2021-09-11,0,0,0.9999223
55000900271031,2021-09-12,0,0,0.9999223
55000900271031,2021-09-13,0,0,0.9999223
55000900271031,2021-09-14,0,0,0.9999223
55000900271031,2021-09-15,0,0,0.9999223
55000900271031,2021-09-16,0,0,0.9999223
55000900271031,2021-09-17,0,0,0.9999223
55000900271031,2021-09-18,1,0,0.9999223
55000900271031,2021-09-19,1,0,0.9999223
55000900271031,2021-09-20,1,0,0.9999223
55000900271031,2021-09-21,1,0,0.99981624
55000900271031,2021-09-22,1,0,0.9997893
55000900271031,2021-09-23,1,0,0.99980265
55000900271031,2021-09-24,1,0,0.999813
55000900271031,2021-09-25,0,0,0.99980825
55000900271031,2021-09-26,0,0,0.9998073
55000900271031,2021-09-27,1,0,0.9998078
55000900271031,2021-09-28,1,0,0.9999194
55000900271031,2021-09-29,1,0,0.99993026
55000900271031,2021-09-30,1,0,0.9998153
55000900271031,2021-10-01,1,0,0.99977916
55000900271031,2021-10-02,1,0,0.9998023
55000900271031,2021-10-03,1,0,0.9998142
55000900271031,2021-10-04,1,0,0.9998085
55000900271031,2021-10-05,1,0,0.9998086
55000900271031,2021-10-06,1,0,0.999876
55000900271031,2021-10-07,1,0,0.9999809
55000900271031,2021-10-08,1,0,0.9999831
55000900271031,2021-10-09,1,0,0.99998355
55000900271031,2021-10-10,1,0,0.99998355
55000900271031,2021-10-11,1,0,0.99998355
55000900271031,2021-10-12,1,0,0.99998355
55000900271031,2021-10-13,1,0,0.99998355
55000900271031,2021-10-14,1,0,0.99998355
55000900271031,2021-10-15,1,0,0.99998355
55000900271031,2021-10-16,1,0,0.99998355
55000900271031,2021-10-17,1,0,0.99998355
55000900271031,2021-10-18,1,0,0.99998355
55000900271031,2021-10-19,1,0,0.99998355
55000900271031,2021-10-20,1,0,0.99998355
55000900271031,2021-10-21,1,0,0.99998355
55000900271031,2021-10-22,1,0,0.99998355
55000900271031,2021-10-23,1,0,0.99998355
55000900271031,2021-10-24,1,0,0.99998355
55000900271031,2021-10-25,1,0,0.99998355
55000900271031,2021-10-26,1,0,0.99998355
55000900271031,2021-10-27,1,0,0.99998355
55000900271031,2021-10-28,1,0,0.99998355
55000900271031,2021-10-29,1,0,0.99998355
55000900271031,2021-10-30,1,0,0.99998355
55000900271031,2021-10-31,1,0,0.99998355
55000900271031,2021-11-01,1,0,0.99998355
55000900271031,2021-11-02,1,0,0.99998355
55000900271031,2021-11-03,1,0,0.99998355
55000900271031,2021-11-04,1,0,0.99998355
55000900271031,2021-11-05,1,0,0.99998355
55000900271031,2021-11-06,1,0,0.99998355
55000900271031,2021-11-07,1,0,0.99998355
55000900271031,2021-11-08,1,0,0.99998355
55000900271031,2021-11-09,1,0,0.99998355
55000900271031,2021-11-10,1,0,0.99998355
55000900271031,2021-11-11,1,0,0.99998355
55000900271031,2021-11-12,1,0,0.99998355
55000900271031,2021-11-13,1,0,0.99998355
55000900271031,2021-11-14,1,0,0.99998355
55000900271031,2021-11-15,1,0,0.99998355
55000900271031,2021-11-16,1,0,0.99998355
55000900271031,2021-11-17,1,0,0.99998355
55000900271031,2021-11-18,1,0,0.99998355
55000900271031,2021-11-19,1,0,0.99998355
55000900271031,2021-11-20,1,0,0.99998355
55000900271031,2021-11-21,1,0,0.99998355
55000900271031,2021-11-22,1,0,0.99998355
55000900271031,2021-11-23,1,0,0.99998355
55000900271031,2021-11-24,1,0,0.99998355
55000900271031,2021-11-25,1,0,0.99998355
55000900271031,2021-11-26,1,0,0.99998355
55000900271031,2021-11-27,1,0,0.99998355
55000900271031,2021-11-28,1,0,0.99998355
55000900271031,2021-11-29,1,0,0.99998355
55000900271031,2021-11-30,1,0,0.99998355
55000900271031,2021-12-01,1,0,0.99998355
55000900271031,2021-12-02,1,0,0.99998355
55000900271031,2021-12-03,1,0,0.99998355
55000900271031,2021-12-04,1,0,0.99998355
55000900271031,2021-12-05,1,0,0.99998355
55000900271031,2021-12-06,1,0,0.99998355
55000900271031,2021-12-07,1,0,0.99998355
55000900271031,2021-12-08,1,0,0.99998355
55000900271031,2021-12-09,1,0,0.99998355
55000900271031,2021-12-10,1,0,0.99998355
55000900271031,2021-12-11,1,0,0.99998355
55000900271031,2021-12-12,1,0,0.99998355
55000900271031,2021-12-13,1,0,0.99998355
55000900271031,2021-12-14,1,0,0.99998355
55000900271031,2021-12-15,1,0,0.99998355
55000900271031,2021-12-16,1,0,0.99998355
55000900271031,2021-12-17,1,0,0.99998355
55000900271031,2021-12-18,1,0,0.99998355
55000900271031,2021-12-19,1,0,0.99998355
55000900271031,2021-12-20,1,0,0.99998355
55000900271031,2021-12-21,1,0,0.99998355
55000900271031,2021-12-22,1,0,0.99998355
55000900271031,2021-12-23,1,0,0.99998355
55000900271031,2021-12-24,1,0,0.99998355
55000900271031,2021-12-25,1,0,0.99998355
55000900271031,2021-12-26,1,0,0.99998355
55000900271031,2021-12-27,1,0,0.99998355
55000900271031,2021-12-28,1,0,0.99998355
55000900271031,2021-12-29,1,0,0.99998355
55000900271031,2021-12-30,1,0,0.99998355
55000900271031,2021-12-31,1,0,0.99998355
55000900271031,2022-01-01,1,0,0.99998355
55000900271031,2022-01-02,1,0,0.99998355
55000900271031,2022-01-03,1,0,0.99998355
55000900271031,2022-01-04,1,0,0.99998355
55000900271031,2022-01-05,1,0,0.99998355
55000900271031,2022-01-06,1,0,0.99998355
55000900271031,2022-01-07,1,0,0.99998355
55000900271031,2022-01-08,1,0,0.99998355
55000900271031,2022-01-09,1,0,0.99998355
55000900271031,2022-01-10,1,0,0.99998355
55000900271031,2022-01-11,1,0,0.99998355
55000900271031,2022-01-12,1,0,0.99998355
55000900271031,2022-01-13,1,0,0.99998355
55000900271031,2022-01-14,1,0,0.99998355
55000900271031,2022-01-15,1,0,0.99998355
55000900271031,2022-01-16,1,0,0.99998355
55000900271031,2022-01-17,1,0,0.99998355
55000900271031,2022-01-18,1,0,0.99998355
55000900271031,2022-01-19,1,0,0.99998355
55000900271031,2022-01-20,1,0,0.99998355
55000900271031,2022-01-21,1,0,0.99998355
55000900271031,2022-01-22,1,0,0.99998355
55000900271031,2022-01-23,1,0,0.99998355
55000900271031,2022-01-24,1,0,0.99998355
55000900271031,2022-01-25,1,0,0.99998355
55000900271031,2022-01-26,1,0,0.99998355
55000900271031,2022-01-27,1,0,0.99998355
55000900271031,2022-01-28,1,0,0.99998355
55000900271031,2022-01-29,1,0,0.99998355
55000900271031,2022-01-30,1,0,0.99998355
55000900271031,2022-01-31,1,0,0.99998355
55000900271031,2022-02-01,1,0,0.99998355
55000900271031,2022-02-02,1,0,0.99998355
55000900271031,2022-02-03,1,0,0.99998355
55000900271031,2022-02-04,1,0,0.99998355
55000900271031,2022-02-05,1,0,0.99998355
55000900271031,2022-02-06,1,0,0.99998355
55000900271031,2022-02-07,1,0,0.99998355
55000900271031,2022-02-08,1,0,0.99998355
55000900271031,2022-02-09,1,0,0.99998355
55000900271031,2022-02-10,1,0,0.99998355
55000900271031,2022-02-11,1,0,0.99998355
55000900271031,2022-02-12,1,0,0.99998355
55000900271031,2022-02-13,1,0,0.99998355
55000900271031,2022-02-14,1,0,0.99998355
55000900271031,2022-02-15,1,0,0.99998355
55000900271031,2022-02-16,1,0,0.99998355
55000900271031,2022-02-17,1,0,0.99998355
55000900271031,2022-02-18,1,0,0.99998355
55000900271031,2022-02-19,1,0,0.99998355
55000900271031,2022-02-20,1,0,0.99998355
55000900271031,2022-02-21,1,0,0.99998355
55000900271031,2022-02-22,1,0,0.99998355
55000900271031,2022-02-23,1,0,0.99998355
55000900271031,2022-02-24,1,0,0.99998355
55000900271031,2022-02-25,1,0,0.99998355
55000900271031,2022-02-26,1,0,0.99998355
55000900271031,2022-02-27,1,0,0.99998355
55000900271031,2022-02-28,1,0,0.99998355
55000900271031,2022-03-01,1,0,0.99998355
55000900271031,2022-03-02,1,0,0.99998355
55000900271031,2022-03-03,1,0,0.99998355
55000900271031,2022-03-04,1,0,0.99998355
55000900271031,2022-03-05,1,0,0.99998355
55000900271031,2022-03-06,1,0,0.99998355
55000900271031,2022-03-07,1,0,0.99998355
55000900271031,2022-03-08,1,0,0.99998355
55000900271031,2022-03-09,1,0,0.99998355
55000900271031,2022-03-10,1,0,0.99998355
55000900271031,2022-03-11,1,0,0.99998355
55000900271031,2022-03-12,1,0,0.99998355
55000900271031,2022-03-14,1,0,0.99998355
55000900271031,2022-03-15,1,0,0.99998355
55000900271031,2022-03-16,1,0,0.99998355
55000900271031,2022-03-17,1,0,0.99998355
55000900271031,2022-03-18,1,0,0.99998355
55000900271031,2022-03-19,1,0,0.99998355
55000900271031,2022-03-20,1,0,0.99998355
55000900271031,2022-03-21,1,0,0.99998355
55000900271031,2022-03-22,1,0,0.99998355
55000900271031,2022-03-23,1,0,0.99998355
55000900271031,2022-03-24,1,0,0.99998355
55000900271031,2022-03-25,1,0,0.99998355
55000900271031,2022-03-26,1,0,0.99998355
55000900271031,2022-03-27,1,0,0.99998355
55000900271031,2022-03-28,1,0,0.99998355
55000900271031,2022-03-29,1,0,0.99998355
55000900271031,2022-03-30,1,0,0.99998355
55000900271031,2022-03-31,1,0,0.99998355
55000900271031,2022-04-01,1,0,0.99998355
55000900271031,2022-04-02,1,0,0.99998355
55000900271031,2022-04-03,1,0,0.99998355
55000900271031,2022-04-04,1,0,0.99998355
55000900271031,2022-04-05,1,0,0.99998355
55000900271031,2022-04-06,1,0,0.99998355
55000900271031,2022-04-07,1,0,0.99998355
55000900271031,2022-04-08,1,0,0.99998355
55000900271031,2022-04-09,1,0,0.99998355
55000900271031,2022-04-10,1,0,0.99998355
55000900271031,2022-04-11,1,0,0.99998355
55000900271031,2022-04-12,1,0,0.99998355
55000900271031,2022-04-13,1,0,0.99998355
55000900271031,2022-04-14,1,0,0.99998355
55000900271031,2022-04-15,1,0,0.99998355
55000900271031,2022-04-16,1,0,0.99998355
55000900271031,2022-04-17,1,0,0.99998355
55000900271031,2022-04-18,1,0,0.99998355
55000900271031,2022-04-19,1,0,0.99998355
55000900271031,2022-04-20,1,0,0.99998355
55000900271031,2022-04-21,1,0,0.99998355
55000900271031,2022-04-22,1,0,0.99998355
55000900271031,2022-04-23,1,0,0.99998355
55000900271031,2022-04-24,1,0,0.99998355
55000900271031,2022-04-25,1,0,0.99998355
55000900271031,2022-04-26,1,0,0.99998355
55000900271031,2022-04-27,1,0,0.99998355
55000900271031,2022-04-28,1,0,0.99998355
55000900271031,2022-04-29,1,0,0.99998355
55000900271031,2022-04-30,1,0,0.99998355
55000900271031,2022-05-01,1,0,0.99998355
55000900271031,2022-05-02,1,0,0.99998355
55000900271031,2022-05-03,1,0,0.99998355
55000900271031,2022-05-04,1,0,0.99998355
55000900271031,2022-05-05,1,0,0.99998355
55000900271031,2022-05-06,1,0,0.99998355
55000900271031,2022-05-07,1,0,0.99998355
55000900271031,2022-05-08,1,0,0.99998355
55000900271031,2022-05-09,1,0,0.99998355
55000900271031,2022-05-10,1,0,0.99998355
55000900271031,2022-05-11,1,0,0.99998355
55000900271031,2022-05-12,1,0,0.99998355
55000900271031,2022-05-13,1,0,0.99998355
55000900271031,2022-05-14,1,0,0.99998355
55000900271031,2022-05-15,1,0,0.99998355
55000900271031,2022-05-16,1,0,0.99998355
55000900271031,2022-05-17,1,0,0.99998355
55000900271031,2022-05-18,1,0,0.99998355
55000900271031,2022-05-19,1,0,0.99998355
55000900271031,2022-05-20,1,0,0.99998355
55000900271031,2022-05-21,1,0,0.99998355
55000900271031,2022-05-22,1,0,0.99998355
55000900271031,2022-05-23,1,0,0.99998355
55000900271031,2022-05-24,1,0,0.99998355
55000900271031,2022-05-25,1,0,0.99998355
55000900271031,2022-05-26,1,0,0.99998355
55000900271031,2022-05-27,1,0,0.99998355
55000900271031,2022-05-28,1,0,0.99998355
55000900271031,2022-05-29,1,0,0.99998355
55000900271031,2022-05-30,1,0,0.99998355
55000900271031,2022-05-31,1,0,0.99998355
55000900271031,2022-06-01,1,0,0.99998355
55000900271031,2022-06-02,1,0,0.99998355
55000900271031,2022-06-03,1,0,0.99998355
55000900271031,2022-06-04,1,0,0.99998355
55000900271031,2022-06-05,1,0,0.99998355
55000900271031,2022-06-06,1,0,0.99998355
55000900271031,2022-06-07,1,0,0.99998355
55000900271031,2022-06-08,1,0,0.99998355
55000900271031,2022-06-09,1,0,0.99998355
55000900271031,2022-06-10,1,0,0.99998355
55000900271031,2022-06-11,1,0,0.99998355
55000900271031,2022-06-12,1,0,0.99998355
55000900271031,2022-06-13,1,0,0.99998355
55000900271031,2022-06-14,1,0,0.99998355
55000900271031,2022-06-15,1,0,0.99998355
55000900271031,2022-06-16,1,0,0.99998355
55000900271031,2022-06-17,1,0,0.99998355
55000900271031,2022-06-18,1,0,0.99998355
55000900271031,2022-06-19,1,0,0.99998355
55000900271031,2022-06-20,1,0,0.99998355
55000900271031,2022-06-21,1,0,0.99998355
55000900271031,2022-06-22,1,0,0.99998355
55000900271031,2022-06-23,1,0,0.99998355
55000900271031,2022-06-24,1,0,0.99998355
55000900271031,2022-06-25,1,0,0.99998355
55000900271031,2022-06-26,1,0,0.99998355
55000900271031,2022-06-27,1,0,0.99998355
55000900271031,2022-06-28,1,0,0.99998355
55000900271031,2022-06-29,1,0,0.99998355
55000900271031,2022-06-30,1,0,0.99998355
55000900271031,2022-07-01,1,0,0.99998355
55000900271031,2022-07-02,1,0,0.99998355
55000900271031,2022-07-03,1,0,0.99998355
55000900271031,2022-07-04,1,0,0.99998355
55000900271031,2022-07-05,1,0,0.99998355
55000900271031,2022-07-06,1,0,0.99998355
55000900271031,2022-07-07,1,0,0.99998355
55000900271031,2022-07-08,1,0,0.99998355
55000900271031,2022-07-09,1,0,0.99998355
55000900271031,2022-07-10,1,0,0.99998355
55000900271031,2022-07-11,1,0,0.99998355
55000900271031,2022-07-12,1,0,0.99998355
55000900271031,2022-07-13,1,0,0.99998355
55000900271031,2022-07-14,1,0,0.99998355
55000900271031,2022-07-15,1,0,0.99998355
55000900271031,2022-07-16,1,0,0.99998355
55000900271031,2022-07-17,1,0,0.99998355
55000900271031,2022-07-18,1,0,0.99998355
55000900271031,2022-07-19,1,0,0.99998355
55000900271031,2022-07-20,1,0,0.99998355
55000900271031,2022-07-21,1,0,0.99998355
55000900271031,2022-07-22,1,0,0.99998355
55000900271031,2022-07-23,1,0,0.99998355
55000900271031,2022-07-24,1,0,0.99998355
55000900271031,2022-07-25,1,0,0.99998355
55000900271031,2022-07-26,1,0,0.99998355
55000900271031,2022-07-27,1,0,0.99998355
55000900271031,2022-07-28,1,0,0.99998355
55000900271031,2022-07-29,1,0,0.99998355
55000900271031,2022-07-30,1,0,0.99998355
55000900271031,2022-07-31,1,0,0.99998355
55000900271031,2022-08-01,1,0,0.99998355
55000900271031,2022-08-02,1,0,0.99998355
55000900271031,2022-08-03,1,0,0.99998355
55000900271031,2022-08-04,1,0,0.99998355
55000900271031,2022-08-05,1,0,0.99998355
55000900271031,2022-08-06,1,0,0.99998355
55000900271031,2022-08-07,1,0,0.99998355
55000900271031,2022-08-08,1,0,0.99998355
55000900271031,2022-08-09,1,0,0.99998355
55000900271031,2022-08-10,1,0,0.99998355
55000900271031,2022-08-11,1,0,0.99998355
55000900271031,2022-08-12,1,0,0.99998355
55000900271031,2022-08-13,1,0,0.99998355
55000900271031,2022-08-14,1,0,0.99998355
55000900271031,2022-08-15,1,0,0.99998355
55000900271031,2022-08-16,1,0,0.99998355
55000900271031,2022-08-17,1,0,0.99998355
55000900271031,2022-08-18,1,0,0.99998355
55000900271031,2022-08-19,1,0,0.99998355
55000900271031,2022-08-20,1,0,0.99998355
55000900271031,2022-08-21,1,0,0.99998355
55000900271031,2022-08-22,1,0,0.99998355
55000900271031,2022-08-23,1,0,0.99998355
55000900271031,2022-08-24,1,0,0.99998355
55000900271031,2022-08-25,1,0,0.99998355
55000900271031,2022-08-26,1,0,0.99998355
55000900271031,2022-08-27,1,0,0.99998355
55000900271031,2022-08-28,1,0,0.99998355
55000900271031,2022-08-29,1,0,0.99998355
55000900271031,2022-08-30,1,0,0.99998355
55000900271031,2022-08-31,1,0,0.99998355
55000900271031,2022-09-01,1,0,0.99998355
55000900271031,2022-09-02,1,0,0.99998355
55000900271031,2022-09-03,1,0,0.99998355
55000900271031,2022-09-04,1,0,0.99998355
55000900271031,2022-09-05,1,0,0.99998355
55000900271031,2022-09-06,1,0,0.99998355
55000900271031,2022-09-07,1,0,0.99998355
55000900271031,2022-09-08,0,0,0.99998355
55000900271031,2022-09-09,1,0,0.99998355
55000900271031,2022-09-10,1,0,0.99998355
55000900271031,2022-09-11,1,0,0.999987
55000900271031,2022-09-12,1,0,0.9999821
55000900271031,2022-09-13,1,0,0.99998367
55000900271031,2022-09-14,1,0,0.99998367
55000900271031,2022-09-15,0,0,0.99998355
55000900271031,2022-09-16,1,0,0.99998355
55000900271031,2022-09-17,1,0,0.99998355
55000900271031,2022-09-18,1,0,0.999987
55000900271031,2022-09-19,1,0,0.9999821
55000900271031,2022-09-20,0,0,0.99998367
55000900271031,2022-09-21,1,0,0.99998367
55000900271031,2022-09-22,1,0,0.99998355
55000900271031,2022-09-23,1,0,0.999987
55000900271031,2022-09-24,0,0,0.9999821
55000900271031,2022-09-25,0,0,0.99998367
55000900271031,2022-09-26,0,0,0.99998367
55000900271031,2022-09-27,0,0,0.999987
55000900271031,2022-09-28,0,0,0.9999863
55000900271031,2022-09-29,1,0,0.9999863
55000900271031,2022-09-30,1,0,0.9999863
55000900271031,2022-10-01,1,0,0.9999863
55000900271031,2022-10-02,0,0,0.99998224
55000900271031,2022-10-03,0,0,0.99998367
55000900271031,2022-10-04,0,0,0.99998367
55000900271031,2022-10-05,0,0,0.999987
55000900271031,2022-10-06,0,0,0.9999863
55000900271031,2022-10-07,0,0,0.9999863
55000900271031,2022-10-08,0,0,0.9999863
55000900271031,2022-10-09,0,0,0.9999863
55000900271031,2022-10-10,0,0,0.9999862
55000900271031,2022-10-11,0,0,0.99998605
55000900271031,2022-10-12,0,0,0.99997795
55000900271031,2022-10-13,0,0,0.99988997
55000900271031,2022-10-14,0,0,0.9999281
55000900271031,2022-10-15,0,0,0.9999206
55000900271031,2022-10-16,0,0,0.9999225
55000900271031,2022-10-17,0,0,0.99992204
55000900271031,2022-10-18,0,0,0.99992216
55000900271031,2022-10-19,0,0,0.9999223
55000900271031,2022-10-20,0,0,0.9999223
55000900271031,2022-10-21,1,0,0.9999223
55000900271031,2022-10-22,1,0,0.9999223
55000900271031,2022-10-23,1,0,0.9999223
55000900271031,2022-10-24,1,0,0.99981624
55000900271031,2022-10-25,1,0,0.9997892
55000900271031,2022-10-26,1,0,0.99980265
55000900271031,2022-10-27,1,0,0.999813
55000900271031,2022-10-28,1,0,0.99980825
55000900271031,2022-10-29,1,0,0.9998073
55000900271031,2022-10-30,1,0,0.9998078
55000900271031,2022-10-31,1,0,0.99980825
55000900271031,2022-11-01,1,0,0.999808
55000900271031,2022-11-02,1,0,0.999808
55000900271031,2022-11-03,1,0,0.9998079
55000900271031,2022-11-04,1,0,0.9998079
55000900271031,2022-11-05,1,0,0.9998099
55000900271031,2022-11-06,1,0,0.999877
55000900271031,2022-11-07,1,0,0.9999809
55000900271031,2022-11-08,1,0,0.9999831
55000900271031,2022-11-09,1,0,0.99998355
55000900271031,2022-11-10,1,0,0.99998355
55000900271031,2022-11-11,1,0,0.99998355
55000900271031,2022-11-12,1,0,0.99998355
55000900271031,2022-11-13,1,0,0.99998355
55000900271031,2022-11-14,1,0,0.99998355
55000900271031,2022-11-15,1,0,0.99998355
55000900271031,2022-11-16,1,0,0.99998355
55000900271031,2022-11-17,1,0,0.99998355
55000900271031,2022-11-18,1,0,0.99998355
55000900271031,2022-11-19,1,0,0.99998355
55000900271031,2022-11-20,1,0,0.99998355
55000900271031,2022-11-21,1,0,0.99998355
55000900271031,2022-11-22,1,0,0.99998355
55000900271031,2022-11-23,1,0,0.99998355
55000900271031,2022-11-24,1,0,0.99998355
55000900271031,2022-11-25,1,0,0.99998355
55000900271031,2022-11-26,1,0,0.99998355
55000900271031,2022-11-27,1,0,0.99998355
55000900271031,2022-11-28,1,0,0.99998355
55000900271031,2022-11-29,1,0,0.99998355
55000900271031,2022-11-30,1,0,0.99998355
55000900271031,2022-12-01,1,0,0.99998355
55000900271031,2022-12-02,1,0,0.99998355
55000900271031,2022-12-03,1,0,0.99998355
55000900271031,2022-12-04,1,0,0.99998355
55000900271031,2022-12-05,1,0,0.99998355
55000900271031,2022-12-06,1,0,0.99998355
55000900271031,2022-12-07,1,0,0.99998355
55000900271031,2022-12-08,1,0,0.99998355
55000900271031,2022-12-09,1,0,0.99998355
55000900271031,2022-12-10,1,0,0.99998355
55000900271031,2022-12-11,1,0,0.99998355
55000900271031,2022-12-12,1,0,0.99998355
55000900271031,2022-12-13,1,0,0.99998355
55000900271031,2022-12-14,1,0,0.99998355
55000900271031,2022-12-15,1,0,0.99998355
55000900271031,2022-12-16,1,0,0.99998355
55000900271031,2022-12-17,1,0,0.99998355
55000900271031,2022-12-18,1,0,0.99998355
55000900271031,2022-12-19,1,0,0.99998355
55000900271031,2022-12-20,1,0,0.99998355
55000900271031,2022-12-21,1,0,0.99998355
55000900271031,2022-12-22,1,0,0.99998355
55000900271031,2022-12-23,1,0,0.99998355
55000900271031,2022-12-24,1,0,0.99998355
55000900271031,2022-12-25,1,0,0.99998355
55000900271031,2022-12-26,1,0,0.99998355
55000900271031,2022-12-27,1,0,0.99998355
55000900271031,2022-12-28,1,0,0.99998355
55000900271031,2022-12-29,1,0,0.99998355
55000900271031,2022-12-30,1,0,0.99998355
55000900271031,2022-12-31,1,0,0.99998355
55000900271031,2023-01-01,1,0,0.99998355
55000900271031,2023-01-02,1,0,0.99998355
55000900271031,2023-01-03,1,0,0.99998355
55000900271031,2023-01-26,1,0,0.99998355
55000900271031,2023-01-27,1,0,0.99998355
55000900271031,2023-01-28,1,0,0.99998355
55000900271031,2023-01-29,1,0,0.99998355
55000900271031,2023-01-30,1,0,0.99998355
55000900271031,2023-01-31,1,0,0.99998355
55000900271031,2023-02-01,1,0,0.99998355
55000900271031,2023-02-02,1,0,0.99998355
55000900271031,2023-02-03,1,0,0.99998355
55000900271031,2023-02-04,1,0,0.99998355
55000900271031,2023-02-05,1,0,0.99998355
55000900271031,2023-02-06,1,0,0.99998355
55000900271031,2023-02-07,1,0,0.99998355
55000900271031,2023-02-08,1,0,0.99998355
55000900271031,2023-02-09,1,0,0.99998355
55000900271031,2023-02-10,1,0,0.99998355
55000900271031,2023-02-11,1,0,0.99998355
55000900271031,2023-02-12,1,0,0.99998355
55000900271031,2023-02-13,1,0,0.99998355
55000900271031,2023-02-14,1,0,0.99998355
55000900271031,2023-02-15,1,0,0.99998355
55000900271031,2023-02-16,1,0,0.99998355
55000900271031,2023-02-17,1,0,0.99998355
55000900271031,2023-02-18,1,0,0.99998355
55000900271031,2023-02-19,1,0,0.99998355
55000900271031,2023-02-20,1,0,0.99998355
55000900271031,2023-02-21,1,0,0.99998355
55000900271031,2023-02-22,1,0,0.99998355
55000900271031,2023-02-23,1,0,0.99998355
55000900271031,2023-02-24,1,0,0.99998355
55000900271031,2023-02-25,1,0,0.99998355
55000900271031,2023-02-26,1,0,0.99998355
55000900271031,2023-02-27,1,0,0.99998355
55000900271031,2023-02-28,1,0,0.99998355
55000900271031,2023-03-01,1,0,0.99998355
55000900271031,2023-03-02,1,0,0.99998355
55000900271031,2023-03-03,1,0,0.99998355
55000900271031,2023-03-04,1,0,0.99998355
55000900271031,2023-03-05,1,0,0.99998355
55000900271031,2023-03-06,1,0,0.99998355
55000900271031,2023-03-07,1,0,0.99998355
55000900271031,2023-03-08,1,0,0.99998355
55000900271031,2023-03-09,1,0,0.99998355
55000900271031,2023-03-10,1,0,0.99998355
55000900271031,2023-03-11,1,0,0.99998355
55000900271031,2023-03-13,1,0,0.99998355
55000900271031,2023-03-14,1,0,0.99998355
55000900271031,2023-03-15,1,0,0.99998355
55000900271031,2023-03-16,1,0,0.99998355
55000900271031,2023-03-17,1,0,0.99998355
55000900271031,2023-03-18,1,0,0.99998355
55000900271031,2023-03-19,1,0,0.99998355
55000900271031,2023-03-20,1,0,0.99998355
55000900271031,2023-03-21,1,0,0.99998355
55000900271031,2023-03-22,1,0,0.99998355
55000900271031,2023-03-23,1,0,0.99998355
55000900271031,2023-03-24,1,0,0.99998355
55000900271031,2023-03-25,1,0,0.99998355
55000900271031,2023-03-26,1,0,0.99998355
55000900271031,2023-03-27,1,0,0.99998355
55000900271031,2023-03-28,1,0,0.99998355
55000900271031,2023-03-29,1,0,0.99998355
55000900271031,2023-03-30,1,0,0.99998355
55000900271031,2023-03-31,1,0,0.99998355
55000900271031,2023-04-01,1,0,0.99998355
55000900271031,2023-04-02,1,0,0.99998355
55000900271031,2023-04-03,1,0,0.99998355
55000900271031,2023-04-04,1,0,0.99998355
55000900271031,2023-04-05,1,0,0.99998355
55000900271031,2023-04-06,1,0,0.99998355
55000900271031,2023-04-07,1,0,0.99998355
55000900271031,2023-04-08,1,0,0.99998355
55000900271031,2023-04-09,1,0,0.99998355
55000900271031,2023-04-10,1,0,0.99998355
55000900271031,2023-04-11,1,0,0.99998355
55000900271031,2023-04-12,1,0,0.99998355
55000900271031,2023-04-13,1,0,0.99998355
55000900271031,2023-04-14,1,0,0.99998355
55000900271031,2023-04-15,1,0,0.99998355
55000900271031,2023-04-16,1,0,0.99998355
55000900271031,2023-04-17,1,0,0.99998355
55000900271031,2023-04-18,1,0,0.99998355
55000900271031,2023-04-19,1,0,0.99998355
55000900271031,2023-04-20,1,0,0.99998355
55000900271635,2020-09-29,1,8,0.99956006
55000900271635,2020-09-30,1,8,0.99975806
55000900271635,2020-10-01,1,8,0.9992361
55000900271635,2020-10-02,1,8,0.9963888
55000900271635,2020-10-03,1,8,0.99749327
55000900271635,2020-10-04,1,8,0.9972518
55000900271635,2020-10-05,1,8,0.99771106
55000900271635,2020-10-06,1,8,0.9985611
55000900271635,2020-10-07,1,8,0.9985386
55000900271635,2020-10-08,1,8,0.9982633
55000900271635,2020-10-09,1,8,0.9977315
55000900271635,2020-10-10,1,8,0.99875844
55000900271635,2020-10-11,1,8,0.99851173
55000900271635,2020-10-12,1,8,0.99870086
55000900271635,2020-10-13,1,8,0.99980396
55000900271635,2020-10-14,1,8,0.9999306
55000900271635,2020-10-15,1,8,0.9999553
55000900271635,2020-10-16,1,8,0.9999503
55000900271635,2020-10-17,1,8,0.9999293
55000900271635,2020-10-18,1,8,0.99994695
55000900271635,2020-10-19,1,8,0.9999347
55000900271635,2020-10-20,1,0,0.99858934
55000900271635,2020-10-21,1,0,0.997666
55000900272209,2020-09-29,1,8,0.9999733
55000900272209,2020-09-30,1,8,0.99997354
55000900272209,2020-10-01,1,8,0.99995375
55000900272209,2020-10-02,1,8,0.99994755
55000900272209,2020-10-03,1,8,0.999892
55000900272209,2020-10-04,1,8,0.9998447
55000900272209,2020-10-05,1,8,0.9998807
55000900272209,2020-10-06,1,8,0.9999232
55000900272209,2020-10-07,1,8,0.99993896
55000900272209,2020-10-08,1,8,0.9999342
55000900272209,2020-10-09,1,8,0.9998747
55000900272209,2020-10-10,1,8,0.9999422
55000900272209,2020-10-11,1,8,0.99995124
55000900272209,2020-10-12,1,8,0.99995387
55000900272209,2020-10-13,1,8,0.9999713
55000900272209,2020-10-14,1,8,0.99996865
55000900272209,2020-10-15,1,8,0.99997187
55000900272209,2020-10-16,1,8,0.9999715
55000900272209,2020-10-17,1,8,0.9999746
55000900272209,2020-10-18,1,0,0.9999739
55000900272209,2020-10-19,1,0,0.99995434
55000900272714,2020-09-29,1,8,0.9999763
55000900272714,2020-09-30,1,8,0.99997616
55000900272714,2020-10-01,1,8,0.99996555
55000900272714,2020-10-02,1,8,0.99995637
55000900272714,2020-10-03,1,8,0.999951
55000900272714,2020-10-04,1,8,0.9999447
55000900272714,2020-10-05,1,8,0.99995995
55000900272714,2020-10-06,1,8,0.9999604
55000900272714,2020-10-07,1,8,0.99996114
55000900272714,2020-10-08,1,8,0.9999609
55000900272714,2020-10-09,1,8,0.99994195
55000900272714,2020-10-10,1,8,0.9999616
55000900272714,2020-10-11,1,8,0.99996173
55000900272714,2020-10-12,1,8,0.99996173
55000900272714,2020-10-13,1,8,0.99997103
55000900272714,2020-10-14,1,8,0.9999645
55000900272714,2020-10-15,1,8,0.99997616
55000900272714,2020-10-16,1,8,0.9999685
55000900272714,2020-10-17,1,8,0.9999771
55000900272714,2020-10-18,1,8,0.9999763
55000900272714,2020-10-19,1,0,0.99998367
55000900272714,2020-10-20,1,0,0.99998593
