site_id,target_date,true_wetdry,label_is_hobo,pred_wetdry_prob
55000900029021,2020-09-11,1,9,0.9999752
55000900029021,2020-09-12,1,9,0.9999795
55000900029021,2020-09-13,1,9,0.99997795
55000900029021,2020-09-14,1,9,0.9999819
55000900029021,2020-09-15,1,9,0.9999783
55000900029021,2020-09-16,1,9,0.9999664
55000900029021,2020-09-17,1,9,0.99997663
55000900029021,2020-09-18,1,9,0.9999726
55000900029021,2020-09-19,1,9,0.9999782
55000900029021,2020-09-20,1,9,0.9999808
55000900029021,2020-09-21,1,9,0.9999864
55000900029021,2020-09-22,1,9,0.9999826
55000900029021,2020-09-23,1,9,0.9999769
55000900029021,2020-09-24,1,9,0.9999838
55000900029021,2020-09-25,1,9,0.999982
55000900029021,2020-09-26,1,9,0.9999902
55000900029021,2020-09-27,1,9,0.99998605
55000900029021,2020-09-28,1,9,0.999992
55000900029021,2020-09-29,1,9,0.99999
55000900029021,2020-09-30,1,9,0.99998987
55000900029021,2020-10-01,1,9,0.999979
55000900029021,2020-10-02,1,9,0.9999831
55000900029021,2020-10-03,1,9,0.9999764
55000900029021,2020-10-04,1,9,0.9999746
55000900029021,2020-10-05,1,9,0.999977
55000900029021,2020-10-06,1,9,0.99997854
55000900029021,2020-10-07,1,9,0.9999831
55000900029021,2020-10-08,1,9,0.99998593
55000900029021,2020-10-09,1,9,0.99998116
55000900029021,2020-10-10,1,9,0.9999826
55000900029021,2020-10-11,1,9,0.9999814
55000900029021,2020-10-12,1,9,0.9999864
55000900029021,2020-10-13,1,9,0.9999925
55000900029021,2020-10-14,1,9,0.99999213
55000900029021,2020-10-15,1,9,0.9999918
55000900029021,2020-10-16,1,9,0.9999919
55000900029021,2020-10-17,1,9,0.9999896
55000900029021,2020-10-18,1,9,0.9999896
55000900029021,2020-10-19,1,9,0.9999906
55000900029021,2020-10-20,1,9,0.9999908
55000900029021,2020-10-21,1,0,0.999956
55000900029021,2020-10-22,1,0,0.9994568
55000900029021,2020-10-23,1,0,0.99870944
55000900029021,2020-10-24,1,0,0.99867934
55000900029021,2020-10-25,1,0,0.99848217
55000900029021,2020-10-26,1,0,0.9989679
55000900029021,2020-10-27,1,0,0.9997905
55000900029021,2020-10-28,1,0,0.99998224
55000900029021,2020-10-29,0,0,0.99997044
55000900029021,2020-10-30,1,0,0.9998355
55000900029021,2020-10-31,1,0,0.99888116
55000900029021,2020-11-01,1,0,0.79544187
55000900029021,2020-11-02,0,0,0.9946272
55000900029021,2020-11-03,0,0,0.99257666
55000900029021,2020-11-04,0,0,0.9935447
55000900029021,2020-11-05,1,0,0.3563085
55000900029021,2020-11-06,1,0,0.38517007
55000900029021,2020-11-07,1,0,0.5730834
55000900029021,2020-11-08,1,0,0.80902493
55000900029021,2020-11-09,1,0,0.88885266
55000900029021,2020-11-10,1,0,0.9069052
55000900029021,2020-11-11,1,0,0.910027
55000900029021,2020-11-12,1,0,0.92752385
55000900029021,2020-11-13,1,0,0.9978569
55000900029021,2020-11-14,1,0,0.9955603
55000900029021,2020-11-15,1,0,0.99740475
55000900029021,2020-11-16,1,0,0.9999137
55000900029021,2020-11-17,1,0,0.99998033
55000900029021,2020-11-18,1,0,0.9999614
55000900029021,2020-11-19,1,0,0.9999523
55000900029021,2020-11-20,1,0,0.99996936
55000900029021,2020-11-21,1,0,0.9999833
55000900029021,2020-11-22,1,0,0.99997604
55000900029021,2020-11-23,1,0,0.9999784
55000900029021,2020-11-24,1,0,0.9998759
55000900029021,2020-11-25,1,0,0.99938345
55000900029021,2020-11-26,1,0,0.9996687
55000900029021,2020-11-27,1,0,0.99995995
55000900029021,2020-11-28,1,0,0.9999747
55000900029021,2020-11-29,1,0,0.99996936
55000900029021,2020-11-30,1,0,0.99990857
55000900029021,2020-12-01,1,0,0.9989497
55000900029021,2020-12-02,1,0,0.9977725
55000900029021,2020-12-03,1,0,0.9998723
55000900029021,2020-12-04,1,0,0.99996126
55000900029021,2020-12-05,1,0,0.999933
55000900029021,2020-12-06,1,0,0.9994973
55000900029021,2020-12-07,1,0,0.99842334
55000900029021,2020-12-08,1,0,0.9984505
55000900029021,2020-12-09,1,0,0.99943846
55000900029021,2020-12-10,1,0,0.9985128
55000900029021,2020-12-11,1,0,0.9984302
55000900029021,2020-12-12,1,0,0.99864954
55000900029021,2020-12-13,1,0,0.9997514
55000900029021,2020-12-14,1,0,0.99998593
55000900029021,2020-12-15,1,0,0.9999846
55000900029021,2020-12-16,1,0,0.9999883
55000900029021,2020-12-17,1,0,0.9999831
55000900029021,2020-12-18,1,0,0.9999888
55000900029021,2020-12-19,1,0,0.99998915
55000900029021,2020-12-20,1,0,0.9999869
55000900029021,2020-12-21,1,0,0.9999865
55000900029021,2020-12-22,1,0,0.9999907
55000900029021,2020-12-23,1,0,0.9999912
55000900029021,2020-12-24,1,0,0.9999902
55000900029021,2020-12-25,1,0,0.9999863
55000900029021,2020-12-26,1,0,0.9999856
55000900029021,2020-12-27,1,0,0.99998164
55000900029021,2020-12-28,1,0,0.9999857
55000900029021,2020-12-29,1,0,0.9999865
55000900029021,2020-12-30,1,0,0.99998116
55000900029021,2020-12-31,1,0,0.99997926
55000900029021,2021-01-01,1,0,0.9999608
55000900029021,2021-01-02,1,0,0.9999876
55000900029021,2021-01-03,1,0,0.999987
55000900029021,2021-01-04,1,0,0.9999877
55000900029021,2021-01-05,1,0,0.99998903
55000900029021,2021-01-06,1,0,0.9999893
55000900029021,2021-01-07,1,0,0.9999894
55000900029021,2021-01-08,1,0,0.9999895
55000900029021,2021-01-09,1,0,0.9999943
55000900029021,2021-01-10,1,0,0.9999956
55000900029021,2021-01-11,1,0,0.99999595
55000900029021,2021-01-12,1,0,0.99999595
55000900029021,2021-01-13,1,0,0.99999595
55000900029021,2021-01-14,1,0,0.99999595
55000900029021,2021-01-15,1,0,0.99999595
55000900029021,2021-01-16,1,0,0.99999595
55000900029021,2021-01-17,1,0,0.99999595
55000900029021,2021-01-18,1,0,0.99999595
55000900029021,2021-01-19,1,0,0.99999595
55000900029021,2021-01-20,1,0,0.99999595
55000900029021,2021-01-21,1,0,0.99999595
55000900029021,2021-01-22,1,0,0.99999595
55000900029021,2021-01-23,1,0,0.99999595
55000900029021,2021-01-24,1,0,0.99999595
55000900029021,2021-01-25,1,0,0.99999595
55000900029021,2021-01-26,1,0,0.99999595
55000900029021,2021-01-27,1,0,0.99999595
55000900029021,2021-01-28,1,0,0.99999595
55000900029021,2021-01-29,1,0,0.99999595
55000900029021,2021-01-30,1,0,0.99999595
55000900029021,2021-01-31,1,0,0.99999595
55000900029021,2021-02-01,1,0,0.99999595
55000900029021,2021-02-02,1,0,0.99999595
55000900029021,2021-02-03,1,0,0.99999595
55000900029021,2021-02-04,1,0,0.99999595
55000900029021,2021-02-05,1,0,0.99999595
55000900029021,2021-02-06,1,0,0.99999595
55000900029021,2021-02-07,1,0,0.99999595
55000900029021,2021-02-08,1,0,0.99999595
55000900029021,2021-02-09,1,0,0.99999595
55000900029021,2021-02-10,1,0,0.99999595
55000900029021,2021-02-11,1,0,0.99999595
55000900029021,2021-02-12,1,0,0.99999595
55000900029021,2021-02-13,1,0,0.99999595
55000900029021,2021-02-14,1,0,0.99999595
55000900029021,2021-02-15,1,0,0.99999595
55000900029021,2021-02-16,1,0,0.99999595
55000900029021,2021-02-17,1,0,0.99999595
55000900029021,2021-02-18,1,0,0.99999595
55000900029021,2021-02-19,1,0,0.99999595
55000900029021,2021-02-20,1,0,0.99999595
55000900029021,2021-02-21,1,0,0.99999595
55000900029021,2021-02-22,1,0,0.99999595
55000900029021,2021-02-23,1,0,0.99999595
55000900029021,2021-02-24,1,0,0.99999595
55000900029021,2021-02-25,1,0,0.99999595
55000900029021,2021-02-26,1,0,0.99999595
55000900029021,2021-02-27,1,0,0.99999595
55000900029021,2021-02-28,1,0,0.99999595
55000900029021,2021-03-01,1,0,0.99999595
55000900029021,2021-03-02,1,0,0.99999595
55000900029021,2021-03-03,1,0,0.99999595
55000900029021,2021-03-04,1,0,0.99999595
55000900029021,2021-03-05,1,0,0.99999595
55000900029021,2021-03-06,1,0,0.99999595
55000900029021,2021-03-07,1,0,0.99999595
55000900029021,2021-03-08,1,0,0.99999595
55000900029021,2021-03-09,1,0,0.99999595
55000900029021,2021-03-10,1,0,0.99999595
55000900029021,2021-03-11,1,0,0.99999595
55000900029021,2021-03-12,1,0,0.99999595
55000900029021,2021-03-13,1,0,0.99999595
55000900029021,2021-03-15,1,0,0.99999595
55000900029021,2021-03-16,1,0,0.99999595
55000900029021,2021-03-17,1,0,0.99999595
55000900029021,2021-03-18,1,0,0.99999595
55000900029021,2021-03-19,1,0,0.99999595
55000900029021,2021-03-20,1,0,0.99999595
55000900029021,2021-03-21,1,0,0.99999595
55000900029021,2021-03-22,1,0,0.99999595
55000900029021,2021-03-23,1,0,0.99999595
55000900029021,2021-03-24,1,0,0.99999595
55000900029021,2021-03-25,1,0,0.99999595
55000900029021,2021-03-26,1,0,0.99999595
55000900029021,2021-03-27,1,0,0.99999595
55000900029021,2021-03-28,1,0,0.99999595
55000900029021,2021-03-29,1,0,0.99999595
55000900029021,2021-03-30,1,0,0.99999595
55000900029021,2021-03-31,1,0,0.99999595
55000900029021,2021-04-01,1,0,0.99999595
55000900029021,2021-04-02,1,0,0.99999595
55000900029021,2021-04-03,1,0,0.99999595
55000900029021,2021-04-04,1,0,0.99999595
55000900029021,2021-04-05,1,0,0.99999595
55000900029021,2021-04-06,1,0,0.99999595
55000900029021,2021-04-07,1,0,0.99999595
55000900029021,2021-04-08,1,0,0.99999595
55000900029021,2021-04-09,1,0,0.99999595
55000900029021,2021-04-10,1,0,0.99999595
55000900029021,2021-04-11,1,0,0.99999595
55000900029021,2021-04-12,1,0,0.99999595
55000900029021,2021-04-13,1,0,0.99999595
55000900029021,2021-04-14,1,0,0.99999595
55000900029021,2021-04-15,1,0,0.99999595
55000900029021,2021-04-16,1,0,0.99999595
55000900029021,2021-04-17,1,0,0.99999595
55000900029021,2021-04-18,1,0,0.99999595
55000900029021,2021-04-19,1,0,0.99999595
55000900029021,2021-04-20,1,0,0.99999595
55000900029021,2021-04-21,1,0,0.99999595
55000900029021,2021-04-22,1,0,0.99999595
55000900029021,2021-04-23,1,0,0.99999595
55000900029021,2021-04-24,1,0,0.99999595
55000900029021,2021-04-25,1,0,0.99999595
55000900029021,2021-04-26,1,0,0.99999595
55000900029021,2021-04-27,1,0,0.99999595
55000900029021,2021-04-28,1,0,0.99999595
55000900029021,2021-04-29,1,0,0.99999595
55000900029021,2021-04-30,1,0,0.99999595
55000900029021,2021-05-01,1,0,0.99999595
55000900029021,2021-05-02,1,0,0.99999595
55000900029021,2021-05-03,1,0,0.99999595
55000900029021,2021-05-04,1,0,0.99999595
55000900029021,2021-05-05,1,0,0.99999595
55000900029021,2021-05-06,1,0,0.99999595
55000900029021,2021-05-07,1,0,0.99999595
55000900029021,2021-05-08,1,0,0.99999595
55000900029021,2021-05-09,1,0,0.99999595
55000900029021,2021-05-10,1,0,0.99999595
55000900029021,2021-05-11,1,0,0.99999595
55000900029021,2021-05-12,1,0,0.99999595
55000900029021,2021-05-13,1,0,0.99999595
55000900029021,2021-05-14,1,0,0.99999595
55000900029021,2021-05-15,1,0,0.99999595
55000900029021,2021-05-16,1,0,0.99999595
55000900029021,2021-05-17,1,0,0.99999595
55000900029021,2021-05-18,1,0,0.99999595
55000900029021,2021-05-19,1,0,0.99999595
55000900029021,2021-05-20,1,0,0.99999595
55000900029021,2021-05-21,1,0,0.99999595
55000900029021,2021-05-22,1,0,0.99999595
55000900029021,2021-05-23,1,0,0.99999595
55000900029021,2021-05-24,1,0,0.99999595
55000900029021,2021-05-25,1,0,0.99999595
55000900029021,2021-05-26,1,0,0.99999595
55000900029021,2021-05-27,1,0,0.99999595
55000900029021,2021-05-28,1,0,0.99999595
55000900029021,2021-05-29,1,0,0.99999595
55000900029021,2021-05-30,1,0,0.99999595
55000900029021,2021-05-31,1,0,0.99999595
55000900029021,2021-06-01,1,0,0.99999595
55000900029021,2021-06-02,1,0,0.99999595
55000900029021,2021-06-03,1,0,0.99999595
55000900029021,2021-06-04,1,0,0.99999595
55000900029021,2021-06-05,1,0,0.99999595
55000900029021,2021-06-06,1,0,0.99999595
55000900029021,2021-06-07,1,0,0.99999595
55000900029021,2021-06-08,1,0,0.99999595
55000900029021,2021-06-09,1,0,0.99999595
55000900029021,2021-06-10,1,0,0.99999595
55000900029021,2021-06-11,1,0,0.99999595
55000900029021,2021-06-12,1,0,0.99999595
55000900029021,2021-06-13,1,0,0.99999595
55000900029021,2021-06-14,1,0,0.99999595
55000900029021,2021-06-15,1,0,0.99999595
55000900029021,2021-06-16,1,0,0.99999595
55000900029021,2021-06-17,1,0,0.99999595
55000900029021,2021-06-18,1,0,0.99999595
55000900029021,2021-06-19,1,0,0.99999595
55000900029021,2021-06-20,1,0,0.99999595
55000900029021,2021-06-21,1,0,0.99999595
55000900029021,2021-06-22,1,0,0.99999595
55000900029021,2021-06-23,1,0,0.99999595
55000900029021,2021-06-24,1,0,0.99999595
55000900029021,2021-06-25,1,0,0.99999595
55000900029021,2021-06-26,1,0,0.99999595
55000900029021,2021-06-27,1,0,0.99999595
55000900029021,2021-06-28,1,0,0.99999595
55000900029021,2021-06-29,1,0,0.99999595
55000900029021,2021-06-30,1,0,0.99999595
55000900029021,2021-07-01,1,0,0.99999595
55000900029021,2021-07-02,1,0,0.99999595
55000900029021,2021-07-03,1,0,0.99999595
55000900029021,2021-07-04,1,0,0.99999595
55000900029021,2021-07-05,1,0,0.99999595
55000900029021,2021-07-06,1,0,0.99999595
55000900029021,2021-07-07,1,0,0.99999595
55000900029021,2021-07-08,1,0,0.99999595
55000900029021,2021-07-09,1,0,0.99999595
55000900029021,2021-07-10,1,0,0.99999595
55000900029021,2021-07-11,1,0,0.99999595
55000900029021,2021-07-12,1,0,0.99999595
55000900029021,2021-07-13,1,0,0.99999595
55000900029021,2021-07-14,1,0,0.99999595
55000900029021,2021-07-15,1,0,0.99999595
55000900029021,2021-07-16,1,0,0.99999595
55000900029021,2021-07-17,1,0,0.99999595
55000900029021,2021-07-18,1,0,0.99999595
55000900029021,2021-07-19,1,0,0.99999595
55000900029021,2021-07-20,1,0,0.99999595
55000900029021,2021-07-21,1,0,0.99999595
55000900029021,2021-07-22,1,0,0.99999595
55000900029021,2021-07-23,1,0,0.99999595
55000900029021,2021-07-24,1,0,0.99999595
55000900029021,2021-07-25,0,0,0.99999595
55000900029021,2021-07-26,1,0,0.99999595
55000900029021,2021-07-27,1,0,0.99999595
55000900029021,2021-07-28,0,0,0.99999595
55000900029021,2021-07-29,0,0,0.99999595
55000900029021,2021-07-30,0,0,0.99999595
55000900029021,2021-07-31,0,0,0.99999595
55000900029021,2021-08-01,0,0,0.9999958
55000900029021,2021-08-02,0,0,0.99999595
55000900029021,2021-08-03,0,0,0.99999595
55000900029021,2021-08-04,0,0,0.99999595
55000900029021,2021-08-05,0,0,0.99999595
55000900029021,2021-08-06,0,0,0.99999595
55000900029021,2021-08-07,0,0,0.99999595
55000900029021,2021-08-08,0,0,0.99999595
55000900029021,2021-08-09,0,0,0.99999595
55000900029021,2021-08-10,0,0,0.99999595
55000900029021,2021-08-11,0,0,0.99999595
55000900029021,2021-08-12,0,0,0.99999595
55000900029021,2021-08-13,0,0,0.99999595
55000900029021,2021-08-14,0,0,0.99999595
55000900029021,2021-08-15,0,0,0.99999595
55000900029021,2021-08-16,0,0,0.99999595
55000900029021,2021-08-17,0,0,0.99999595
55000900029021,2021-08-18,0,0,0.99999595
55000900029021,2021-08-19,0,0,0.99999595
55000900029021,2021-08-20,0,0,0.99999595
55000900029021,2021-08-21,0,0,0.99999595
55000900029021,2021-08-22,0,0,0.99999595
55000900029021,2021-08-23,0,0,0.99999595
55000900029021,2021-08-24,0,0,0.99999595
55000900029021,2021-08-25,0,0,0.99999595
55000900029021,2021-08-26,0,0,0.99999595
55000900029021,2021-08-27,0,0,0.99999595
55000900029021,2021-08-28,0,0,0.99999595
55000900029021,2021-08-29,0,0,0.99999595
55000900029021,2021-08-30,0,0,0.99999595
55000900029021,2021-08-31,0,0,0.99999595
55000900029021,2021-09-01,0,0,0.99999595
55000900029021,2021-09-02,0,0,0.99999595
55000900029021,2021-09-03,0,0,0.99999595
55000900029021,2021-09-04,0,0,0.99999595
55000900029021,2021-09-05,0,0,0.99999595
55000900029021,2021-09-06,0,0,0.99999595
55000900029021,2021-09-07,0,0,0.99999595
55000900029021,2021-09-08,0,0,0.99999595
55000900029021,2021-09-09,0,0,0.99999595
55000900029021,2021-09-10,0,0,0.99999595
55000900029021,2021-09-11,0,0,0.99999595
55000900029021,2021-09-12,0,0,0.99999595
55000900029021,2021-09-13,0,0,0.99999595
55000900029021,2021-09-14,0,0,0.99999595
55000900029021,2021-09-15,0,0,0.99999595
55000900029021,2021-09-16,0,0,0.99999595
55000900029021,2021-09-17,0,0,0.99999595
55000900029021,2021-09-18,1,0,0.99999595
55000900029021,2021-09-19,1,0,0.99999595
55000900029021,2021-09-20,1,0,0.99999595
55000900029021,2021-09-21,0,0,0.99999595
55000900029021,2021-09-22,0,0,0.99999595
55000900029021,2021-09-23,0,0,0.99999595
55000900029021,2021-09-24,0,0,0.99999595
55000900029021,2021-09-25,0,0,0.9999958
55000900029021,2021-09-26,0,0,0.99999595
55000900029021,2021-09-27,1,0,0.99999595
55000900029021,2021-09-28,1,0,0.99999595
55000900029021,2021-09-29,1,0,0.99999595
55000900029021,2021-09-30,1,0,0.99999595
55000900029021,2021-10-01,1,0,0.99999595
55000900029021,2021-10-02,0,0,0.99999595
55000900029021,2021-10-03,0,0,0.99999595
55000900029021,2021-10-04,0,0,0.99999595
55000900029021,2021-10-05,0,0,0.99999595
55000900029021,2021-10-06,0,0,0.9999958
55000900029021,2021-10-07,0,0,0.99999595
55000900029021,2021-10-08,0,0,0.99999595
55000900029021,2021-10-09,0,0,0.99999595
55000900029021,2021-10-10,1,0,0.99999595
55000900029021,2021-10-11,1,0,0.99999595
55000900029021,2021-10-12,1,0,0.99999595
55000900029021,2021-10-13,0,0,0.99999595
55000900029021,2021-10-14,1,0,0.99999595
55000900029021,2021-10-15,1,0,0.99999595
55000900029021,2021-10-16,0,0,0.99999595
55000900029021,2021-10-17,1,0,0.99999595
55000900029021,2021-10-18,1,0,0.99999595
55000900029021,2021-10-19,1,0,0.99999595
55000900029021,2021-10-20,1,0,0.99999595
55000900029021,2021-10-21,1,0,0.99999595
55000900029021,2021-10-22,1,0,0.99999595
55000900029021,2021-10-23,1,0,0.99999595
55000900029021,2021-10-24,1,0,0.99999595
55000900029021,2021-10-25,1,0,0.99999595
55000900029021,2021-10-26,1,0,0.99999595
55000900029021,2021-10-27,1,0,0.99999595
55000900029021,2021-10-28,1,0,0.99999595
55000900029021,2021-10-29,1,0,0.99999595
55000900029021,2021-10-30,1,0,0.99999595
55000900029021,2021-10-31,1,0,0.99999595
55000900029021,2021-11-01,1,0,0.99999595
55000900029021,2021-11-02,1,0,0.99999595
55000900029021,2021-11-03,1,0,0.99999595
55000900029021,2021-11-04,1,0,0.99999595
55000900029021,2021-11-05,1,0,0.99999595
55000900029021,2021-11-06,1,0,0.99999595
55000900029021,2021-11-07,1,0,0.99999595
55000900029021,2021-11-08,1,0,0.99999595
55000900029021,2021-11-09,1,0,0.99999595
55000900029021,2021-11-10,1,0,0.99999595
55000900029021,2021-11-11,1,0,0.99999595
55000900029021,2021-11-12,1,0,0.99999595
55000900029021,2021-11-13,1,0,0.99999595
55000900029021,2021-11-14,1,0,0.99999595
55000900029021,2021-11-15,1,0,0.99999595
55000900029021,2021-11-16,1,0,0.99999595
55000900029021,2021-11-17,1,0,0.99999595
55000900029021,2021-11-18,1,0,0.99999595
55000900029021,2021-11-19,1,0,0.99999595
55000900029021,2021-11-20,1,0,0.99999595
55000900029021,2021-11-21,1,0,0.99999595
55000900029021,2021-11-22,1,0,0.99999595
55000900029021,2021-11-23,1,0,0.99999595
55000900029021,2021-11-24,1,0,0.99999595
55000900029021,2021-11-25,1,0,0.99999595
55000900029021,2021-11-26,1,0,0.99999595
55000900029021,2021-11-27,1,0,0.99999595
55000900029021,2021-11-28,1,0,0.99999595
55000900029021,2021-11-29,1,0,0.99999595
55000900029021,2021-11-30,1,0,0.99999595
55000900029021,2021-12-01,1,0,0.99999595
55000900029021,2021-12-02,1,0,0.99999595
55000900029021,2021-12-03,1,0,0.99999595
55000900029021,2021-12-04,1,0,0.99999595
55000900029021,2021-12-05,1,0,0.99999595
55000900029021,2021-12-06,1,0,0.99999595
55000900029021,2021-12-07,1,0,0.99999595
55000900029021,2021-12-08,1,0,0.99999595
55000900029021,2021-12-09,1,0,0.99999595
55000900029021,2021-12-10,1,0,0.99999595
55000900029021,2021-12-11,1,0,0.99999595
55000900029021,2021-12-12,1,0,0.99999595
55000900029021,2021-12-13,1,0,0.99999595
55000900029021,2021-12-14,1,0,0.99999595
55000900029021,2021-12-15,1,0,0.99999595
55000900029021,2021-12-16,1,0,0.99999595
55000900029021,2021-12-17,1,0,0.99999595
55000900029021,2021-12-18,1,0,0.99999595
55000900029021,2021-12-19,1,0,0.99999595
55000900029021,2021-12-20,1,0,0.99999595
55000900029021,2021-12-21,1,0,0.99999595
55000900029021,2021-12-22,1,0,0.99999595
55000900029021,2021-12-23,1,0,0.99999595
55000900029021,2021-12-24,1,0,0.99999595
55000900029021,2021-12-25,1,0,0.99999595
55000900029021,2021-12-26,1,0,0.99999595
55000900029021,2021-12-27,1,0,0.99999595
55000900029021,2021-12-28,1,0,0.99999595
55000900029021,2021-12-29,1,0,0.99999595
55000900029021,2021-12-30,1,0,0.99999595
55000900029021,2021-12-31,1,0,0.99999595
55000900029021,2022-01-01,1,0,0.99999595
55000900029021,2022-01-02,1,0,0.99999595
55000900029021,2022-01-03,1,0,0.99999595
55000900029021,2022-01-04,1,0,0.99999595
55000900029021,2022-01-05,1,0,0.99999595
55000900029021,2022-01-06,1,0,0.99999595
55000900029021,2022-01-07,1,0,0.99999595
55000900029021,2022-01-08,1,0,0.99999595
55000900029021,2022-01-09,1,0,0.99999595
55000900029021,2022-01-10,1,0,0.99999595
55000900029021,2022-01-11,1,0,0.99999595
55000900029021,2022-01-12,1,0,0.99999595
55000900029021,2022-01-13,1,0,0.99999595
55000900029021,2022-01-14,1,0,0.99999595
55000900029021,2022-01-15,1,0,0.99999595
55000900029021,2022-01-16,1,0,0.99999595
55000900029021,2022-01-17,1,0,0.99999595
55000900029021,2022-01-18,1,0,0.99999595
55000900029021,2022-01-19,1,0,0.99999595
55000900029021,2022-01-20,1,0,0.99999595
55000900029021,2022-01-21,1,0,0.99999595
55000900029021,2022-01-22,1,0,0.99999595
55000900029021,2022-01-23,1,0,0.99999595
55000900029021,2022-01-24,1,0,0.99999595
55000900029021,2022-01-25,1,0,0.99999595
55000900029021,2022-01-26,1,0,0.99999595
55000900029021,2022-01-27,1,0,0.99999595
55000900029021,2022-01-28,1,0,0.99999595
55000900029021,2022-01-29,1,0,0.99999595
55000900029021,2022-01-30,1,0,0.99999595
55000900029021,2022-01-31,1,0,0.99999595
55000900029021,2022-02-01,1,0,0.99999595
55000900029021,2022-02-02,1,0,0.99999595
55000900029021,2022-02-03,1,0,0.99999595
55000900029021,2022-02-04,1,0,0.99999595
55000900029021,2022-02-05,1,0,0.99999595
55000900029021,2022-02-06,1,0,0.99999595
55000900029021,2022-02-07,1,0,0.99999595
55000900029021,2022-02-08,1,0,0.99999595
55000900029021,2022-02-09,1,0,0.99999595
55000900029021,2022-02-10,1,0,0.99999595
55000900029021,2022-02-11,1,0,0.99999595
55000900029021,2022-02-12,1,0,0.99999595
55000900029021,2022-02-13,1,0,0.99999595
55000900029021,2022-02-14,1,0,0.99999595
55000900029021,2022-02-15,1,0,0.99999595
55000900029021,2022-02-16,1,0,0.99999595
55000900029021,2022-02-17,1,0,0.99999595
55000900029021,2022-02-18,1,0,0.99999595
55000900029021,2022-02-19,1,0,0.99999595
55000900029021,2022-02-20,1,0,0.99999595
55000900029021,2022-02-21,1,0,0.99999595
55000900029021,2022-02-22,1,0,0.99999595
55000900029021,2022-02-23,1,0,0.99999595
55000900029021,2022-02-24,1,0,0.99999595
55000900029021,2022-02-25,1,0,0.99999595
55000900029021,2022-02-26,1,0,0.99999595
55000900029021,2022-02-27,1,0,0.99999595
55000900029021,2022-02-28,1,0,0.99999595
55000900029021,2022-03-01,1,0,0.99999595
55000900029021,2022-03-02,1,0,0.99999595
55000900029021,2022-03-03,1,0,0.99999595
55000900029021,2022-03-04,1,0,0.99999595
55000900029021,2022-03-05,1,0,0.99999595
55000900029021,2022-03-06,1,0,0.99999595
55000900029021,2022-03-07,1,0,0.99999595
55000900029021,2022-03-08,1,0,0.99999595
55000900029021,2022-03-09,1,0,0.99999595
55000900029021,2022-03-10,1,0,0.99999595
55000900029021,2022-03-11,1,0,0.99999595
55000900029021,2022-03-12,1,0,0.99999595
55000900029021,2022-03-14,1,0,0.99999595
55000900029021,2022-03-15,1,0,0.99999595
55000900029021,2022-03-16,1,0,0.99999595
55000900029021,2022-03-17,1,0,0.99999595
55000900029021,2022-03-18,1,0,0.99999595
55000900029021,2022-03-19,1,0,0.99999595
55000900029021,2022-03-20,1,0,0.99999595
55000900029021,2022-03-21,1,0,0.99999595
55000900029021,2022-03-22,1,0,0.99999595
55000900029021,2022-03-23,1,0,0.99999595
55000900029021,2022-03-24,1,0,0.99999595
55000900029021,2022-03-25,1,0,0.99999595
55000900029021,2022-03-26,1,0,0.99999595
55000900029021,2022-03-27,1,0,0.99999595
55000900029021,2022-03-28,1,0,0.99999595
55000900029021,2022-03-29,1,0,0.99999595
55000900029021,2022-03-30,1,0,0.99999595
55000900029021,2022-03-31,1,0,0.99999595
55000900029021,2022-04-01,1,0,0.99999595
55000900029021,2022-04-02,1,0,0.99999595
55000900029021,2022-04-03,1,0,0.99999595
55000900029021,2022-04-04,1,0,0.99999595
55000900029021,2022-04-05,1,0,0.99999595
55000900029021,2022-04-06,1,0,0.99999595
55000900029021,2022-04-07,1,0,0.99999595
55000900029021,2022-04-08,1,0,0.99999595
55000900029021,2022-04-09,1,0,0.99999595
55000900029021,2022-04-10,1,0,0.99999595
55000900029021,2022-04-11,1,0,0.99999595
55000900029021,2022-04-12,1,0,0.99999595
55000900029021,2022-04-13,1,0,0.99999595
55000900029021,2022-04-14,1,0,0.99999595
55000900029021,2022-04-15,1,0,0.99999595
55000900029021,2022-04-16,1,0,0.99999595
55000900029021,2022-04-17,1,0,0.99999595
55000900029021,2022-04-18,1,0,0.99999595
55000900029021,2022-04-19,1,0,0.99999595
55000900029021,2022-04-20,1,0,0.99999595
55000900029021,2022-04-21,1,0,0.99999595
55000900029021,2022-04-22,1,0,0.99999595
55000900029021,2022-04-23,1,0,0.99999595
55000900029021,2022-04-24,1,0,0.99999595
55000900029021,2022-04-25,1,0,0.99999595
55000900029021,2022-04-26,1,0,0.99999595
55000900029021,2022-04-27,1,0,0.99999595
55000900029021,2022-04-28,1,0,0.99999595
55000900029021,2022-04-29,1,0,0.99999595
55000900029021,2022-04-30,1,0,0.99999595
55000900029021,2022-05-01,1,0,0.99999595
55000900029021,2022-05-02,1,0,0.99999595
55000900029021,2022-05-03,1,0,0.99999595
55000900029021,2022-05-04,1,0,0.99999595
55000900029021,2022-05-05,1,0,0.99999595
55000900029021,2022-05-06,1,0,0.99999595
55000900029021,2022-05-07,1,0,0.99999595
55000900029021,2022-05-08,1,0,0.99999595
55000900029021,2022-05-09,1,0,0.99999595
55000900029021,2022-05-10,1,0,0.99999595
55000900029021,2022-05-11,1,0,0.99999595
55000900029021,2022-05-12,1,0,0.99999595
55000900029021,2022-05-13,1,0,0.99999595
55000900029021,2022-05-14,1,0,0.99999595
55000900029021,2022-05-15,1,0,0.99999595
55000900029021,2022-05-16,1,0,0.99999595
55000900029021,2022-05-17,1,0,0.99999595
55000900029021,2022-05-18,1,0,0.99999595
55000900029021,2022-05-19,1,0,0.99999595
55000900029021,2022-05-20,1,0,0.99999595
55000900029021,2022-05-21,1,0,0.99999595
55000900029021,2022-05-22,1,0,0.99999595
55000900029021,2022-05-23,1,0,0.99999595
55000900029021,2022-05-24,1,0,0.99999595
55000900029021,2022-05-25,1,0,0.99999595
55000900029021,2022-05-26,1,0,0.99999595
55000900029021,2022-05-27,1,0,0.99999595
55000900029021,2022-05-28,1,0,0.99999595
55000900029021,2022-05-29,1,0,0.99999595
55000900029021,2022-05-30,1,0,0.99999595
55000900029021,2022-05-31,1,0,0.99999595
55000900029021,2022-06-01,1,0,0.99999595
55000900029021,2022-06-02,1,0,0.99999595
55000900029021,2022-06-03,1,0,0.99999595
55000900029021,2022-06-04,1,0,0.99999595
55000900029021,2022-06-05,1,0,0.99999595
55000900029021,2022-06-06,1,0,0.99999595
55000900029021,2022-06-07,1,0,0.99999595
55000900029021,2022-06-08,1,0,0.99999595
55000900029021,2022-06-09,1,0,0.99999595
55000900029021,2022-06-10,1,0,0.99999595
55000900029021,2022-06-11,1,0,0.99999595
55000900029021,2022-06-12,1,0,0.99999595
55000900029021,2022-06-13,1,0,0.99999595
55000900029021,2022-06-14,1,0,0.99999595
55000900029021,2022-06-15,1,0,0.99999595
55000900029021,2022-06-16,1,0,0.99999595
55000900029021,2022-06-17,1,0,0.99999595
55000900029021,2022-06-18,1,0,0.99999595
55000900029021,2022-06-19,1,0,0.99999595
55000900029021,2022-06-20,1,0,0.99999595
55000900029021,2022-06-21,1,0,0.99999595
55000900029021,2022-06-22,1,0,0.99999595
55000900029021,2022-06-23,1,0,0.99999595
55000900029021,2022-06-24,1,0,0.99999595
55000900029021,2022-06-25,1,0,0.99999595
55000900029021,2022-06-26,1,0,0.99999595
55000900029021,2022-06-27,1,0,0.99999595
55000900029021,2022-06-28,1,0,0.99999595
55000900029021,2022-06-29,1,0,0.99999595
55000900029021,2022-06-30,1,0,0.99999595
55000900029021,2022-07-01,1,0,0.99999595
55000900029021,2022-07-02,1,0,0.99999595
55000900029021,2022-07-03,1,0,0.99999595
55000900029021,2022-07-04,1,0,0.99999595
55000900029021,2022-07-05,1,0,0.99999595
55000900029021,2022-07-06,1,0,0.99999595
55000900029021,2022-07-07,1,0,0.99999595
55000900029021,2022-07-08,1,0,0.99999595
55000900029021,2022-07-09,1,0,0.99999595
55000900029021,2022-07-10,1,0,0.99999595
55000900029021,2022-07-11,1,0,0.99999595
55000900029021,2022-07-12,1,0,0.99999595
55000900029021,2022-07-13,1,0,0.99999595
55000900029021,2022-07-14,1,0,0.99999595
55000900029021,2022-07-15,1,0,0.99999595
55000900029021,2022-07-16,1,0,0.99999595
55000900029021,2022-07-17,1,0,0.99999595
55000900029021,2022-07-18,1,0,0.99999595
55000900029021,2022-07-19,1,0,0.99999595
55000900029021,2022-07-20,1,0,0.99999595
55000900029021,2022-07-21,1,0,0.99999595
55000900029021,2022-07-22,1,0,0.99999595
55000900029021,2022-07-23,1,0,0.99999595
55000900029021,2022-07-24,1,0,0.99999595
55000900029021,2022-07-25,1,0,0.99999595
55000900029021,2022-07-26,1,0,0.99999595
55000900029021,2022-07-27,1,0,0.99999595
55000900029021,2022-07-28,1,0,0.99999595
55000900029021,2022-07-29,1,0,0.99999595
55000900029021,2022-07-30,1,0,0.99999595
55000900029021,2022-07-31,1,0,0.99999595
55000900029021,2022-08-01,1,0,0.99999595
55000900029021,2022-08-02,1,0,0.99999595
55000900029021,2022-08-03,1,0,0.99999595
55000900029021,2022-08-04,1,0,0.99999595
55000900029021,2022-08-05,1,0,0.99999595
55000900029021,2022-08-06,1,0,0.99999595
55000900029021,2022-08-07,1,0,0.99999595
55000900029021,2022-08-08,1,0,0.99999595
55000900029021,2022-08-09,1,0,0.99999595
55000900029021,2022-08-10,1,0,0.99999595
55000900029021,2022-08-11,1,0,0.99999595
55000900029021,2022-08-12,1,0,0.99999595
55000900029021,2022-08-13,1,0,0.99999595
55000900029021,2022-08-14,1,0,0.99999595
55000900029021,2022-08-15,1,0,0.99999595
55000900029021,2022-08-16,1,0,0.99999595
55000900029021,2022-08-17,1,0,0.99999595
55000900029021,2022-08-18,1,0,0.99999595
55000900029021,2022-08-19,1,0,0.99999595
55000900029021,2022-08-20,1,0,0.99999595
55000900029021,2022-08-21,1,0,0.99999595
55000900029021,2022-08-22,1,0,0.99999595
55000900029021,2022-08-23,1,0,0.99999595
55000900029021,2022-08-24,1,0,0.99999595
55000900029021,2022-08-25,1,0,0.99999595
55000900029021,2022-08-26,1,0,0.99999595
55000900029021,2022-08-27,1,0,0.99999595
55000900029021,2022-08-28,1,0,0.99999595
55000900029021,2022-08-29,1,0,0.99999595
55000900029021,2022-08-30,1,0,0.99999595
55000900029021,2022-08-31,1,0,0.99999595
55000900029021,2022-09-01,1,0,0.99999595
55000900029021,2022-09-02,1,0,0.99999595
55000900029021,2022-09-03,1,0,0.99999595
55000900029021,2022-09-04,1,0,0.99999595
55000900029021,2022-09-05,1,0,0.99999595
55000900029021,2022-09-06,1,0,0.99999595
55000900029021,2022-09-07,1,0,0.99999595
55000900029021,2022-09-08,1,0,0.99999595
55000900029021,2022-09-09,1,0,0.99999595
55000900029021,2022-09-10,1,0,0.99999595
55000900029021,2022-09-11,1,0,0.99999595
55000900029021,2022-09-12,1,0,0.99999595
55000900029021,2022-09-13,1,0,0.99999595
55000900029021,2022-09-14,1,0,0.99999595
55000900029021,2022-09-15,1,0,0.99999595
55000900029021,2022-09-16,1,0,0.99999595
55000900029021,2022-09-17,1,0,0.99999595
55000900029021,2022-09-18,1,0,0.99999595
55000900029021,2022-09-19,1,0,0.99999595
55000900029021,2022-09-20,1,0,0.99999595
55000900029021,2022-09-21,1,0,0.99999595
55000900029021,2022-09-22,1,0,0.99999595
55000900029021,2022-09-23,1,0,0.99999595
55000900029021,2022-09-24,1,0,0.99999595
55000900029021,2022-09-25,1,0,0.99999595
55000900029021,2022-09-26,1,0,0.99999595
55000900029021,2022-09-27,1,0,0.99999595
55000900029021,2022-09-28,1,0,0.99999595
55000900029021,2022-09-29,1,0,0.99999595
55000900029021,2022-09-30,1,0,0.99999595
55000900029021,2022-10-01,1,0,0.99999595
55000900029021,2022-10-02,0,0,0.99999595
55000900029021,2022-10-03,0,0,0.99999595
55000900029021,2022-10-04,0,0,0.99999595
55000900029021,2022-10-05,0,0,0.99999595
55000900029021,2022-10-06,0,0,0.9999958
55000900029021,2022-10-07,1,0,0.99999595
55000900029021,2022-10-08,1,0,0.99999595
55000900029021,2022-10-09,0,0,0.99999595
55000900029021,2022-10-10,0,0,0.99999595
55000900029021,2022-10-11,0,0,0.99999595
55000900029021,2022-10-12,0,0,0.99999595
55000900029021,2022-10-13,0,0,0.9999958
55000900029021,2022-10-14,0,0,0.99999595
55000900029021,2022-10-15,0,0,0.99999595
55000900029021,2022-10-16,0,0,0.99999595
55000900029021,2022-10-17,0,0,0.99999595
55000900029021,2022-10-18,0,0,0.99999595
55000900029021,2022-10-19,0,0,0.99999595
55000900029021,2022-10-20,0,0,0.99999595
55000900029021,2022-10-21,1,0,0.99999595
55000900029021,2022-10-22,1,0,0.99999595
55000900029021,2022-10-23,1,0,0.99999595
55000900029021,2022-10-24,1,0,0.99999595
55000900029021,2022-10-25,1,0,0.99999595
55000900029021,2022-10-26,1,0,0.99999595
55000900029021,2022-10-27,1,0,0.99999595
55000900029021,2022-10-28,1,0,0.99999595
55000900029021,2022-10-29,1,0,0.99999595
55000900029021,2022-10-30,1,0,0.99999595
55000900029021,2022-10-31,1,0,0.99999595
55000900029021,2022-11-01,1,0,0.99999595
55000900029021,2022-11-02,1,0,0.99999595
55000900029021,2022-11-03,1,0,0.99999595
55000900029021,2022-11-04,1,0,0.99999595
55000900029021,2022-11-05,1,0,0.99999595
55000900029021,2022-11-06,1,0,0.99999595
55000900029021,2022-11-07,1,0,0.99999595
55000900029021,2022-11-08,1,0,0.99999595
55000900029021,2022-11-09,1,0,0.99999595
55000900029021,2022-11-10,1,0,0.99999595
55000900029021,2022-11-11,1,0,0.99999595
55000900029021,2022-11-12,1,0,0.99999595
55000900029021,2022-11-13,1,0,0.99999595
55000900029021,2022-11-14,1,0,0.99999595
55000900029021,2022-11-15,1,0,0.99999595
55000900029021,2022-11-16,1,0,0.99999595
55000900029021,2022-11-17,1,0,0.99999595
55000900029021,2022-11-18,1,0,0.99999595
55000900029021,2022-11-19,1,0,0.99999595
55000900029021,2022-11-20,1,0,0.99999595
55000900029021,2022-11-21,1,0,0.99999595
55000900029021,2022-11-22,1,0,0.99999595
55000900029021,2022-11-23,1,0,0.99999595
55000900029021,2022-11-24,1,0,0.99999595
55000900029021,2022-11-25,1,0,0.99999595
55000900029021,2022-11-26,1,0,0.99999595
55000900029021,2022-11-27,1,0,0.99999595
55000900029021,2022-11-28,1,0,0.99999595
55000900029021,2022-11-29,1,0,0.99999595
55000900029021,2022-11-30,1,0,0.99999595
55000900029021,2022-12-01,1,0,0.99999595
55000900029021,2022-12-02,1,0,0.99999595
55000900029021,2022-12-03,1,0,0.99999595
55000900029021,2022-12-04,1,0,0.99999595
55000900029021,2022-12-05,1,0,0.99999595
55000900029021,2022-12-06,1,0,0.99999595
55000900029021,2022-12-07,1,0,0.99999595
55000900029021,2022-12-08,1,0,0.99999595
55000900029021,2022-12-09,1,0,0.99999595
55000900029021,2022-12-10,1,0,0.99999595
55000900029021,2022-12-11,1,0,0.99999595
55000900029021,2022-12-12,1,0,0.99999595
55000900029021,2022-12-13,1,0,0.99999595
55000900029021,2022-12-14,1,0,0.99999595
55000900029021,2022-12-15,1,0,0.99999595
55000900029021,2022-12-16,1,0,0.99999595
55000900029021,2022-12-17,1,0,0.99999595
55000900029021,2022-12-18,1,0,0.99999595
55000900029021,2022-12-19,1,0,0.99999595
55000900029021,2022-12-20,1,0,0.99999595
55000900029021,2022-12-21,1,0,0.99999595
55000900029021,2022-12-22,1,0,0.99999595
55000900029021,2022-12-23,1,0,0.99999595
55000900029021,2022-12-24,1,0,0.99999595
55000900029021,2022-12-25,1,0,0.99999595
55000900029021,2022-12-26,1,0,0.99999595
55000900029021,2022-12-27,1,0,0.99999595
55000900029021,2022-12-28,1,0,0.99999595
55000900029021,2022-12-29,1,0,0.99999595
55000900029021,2022-12-30,1,0,0.99999595
55000900029021,2022-12-31,1,0,0.99999595
55000900029021,2023-01-01,1,0,0.99999595
55000900029021,2023-01-02,1,0,0.99999595
55000900029021,2023-01-03,1,0,0.99999595
55000900029021,2023-01-04,1,0,0.99999595
55000900029021,2023-01-05,1,0,0.99999595
55000900029021,2023-01-06,1,0,0.99999595
55000900029021,2023-01-07,1,0,0.99999595
55000900029021,2023-01-08,1,0,0.99999595
55000900029021,2023-01-09,1,0,0.99999595
55000900029021,2023-01-10,1,0,0.99999595
55000900029021,2023-01-11,1,0,0.99999595
55000900029021,2023-01-12,1,0,0.99999595
55000900029021,2023-01-13,1,0,0.99999595
55000900029021,2023-01-14,1,0,0.99999595
55000900029021,2023-01-15,1,0,0.99999595
55000900029021,2023-01-16,1,0,0.99999595
55000900029021,2023-01-17,1,0,0.99999595
55000900029021,2023-01-18,1,0,0.99999595
55000900029021,2023-01-19,1,0,0.99999595
55000900029021,2023-01-20,1,0,0.99999595
55000900029021,2023-01-21,1,0,0.99999595
55000900029021,2023-01-22,1,0,0.99999595
55000900029021,2023-01-23,1,0,0.99999595
55000900029021,2023-01-24,1,0,0.99999595
55000900029021,2023-01-25,1,0,0.99999595
55000900029021,2023-01-26,1,0,0.99999595
55000900029021,2023-01-27,1,0,0.99999595
55000900029021,2023-01-28,1,0,0.99999595
55000900029021,2023-01-29,1,0,0.99999595
55000900029021,2023-01-30,1,0,0.99999595
55000900029021,2023-01-31,1,0,0.99999595
55000900029021,2023-02-01,1,0,0.99999595
55000900029021,2023-02-02,1,0,0.99999595
55000900029021,2023-02-03,1,0,0.99999595
55000900029021,2023-02-04,1,0,0.99999595
55000900029021,2023-02-05,1,0,0.99999595
55000900029021,2023-02-06,1,0,0.99999595
55000900029021,2023-02-07,1,0,0.99999595
55000900029021,2023-02-08,1,0,0.99999595
55000900029021,2023-02-09,1,0,0.99999595
55000900029021,2023-02-10,1,0,0.99999595
55000900029021,2023-02-11,1,0,0.99999595
55000900029021,2023-02-12,1,0,0.99999595
55000900029021,2023-02-13,1,0,0.99999595
55000900029021,2023-02-14,1,0,0.99999595
55000900029021,2023-02-15,1,0,0.99999595
55000900029021,2023-02-16,1,0,0.99999595
55000900029021,2023-02-17,1,0,0.99999595
55000900029021,2023-02-18,1,0,0.99999595
55000900029021,2023-02-19,1,0,0.99999595
55000900029021,2023-02-20,1,0,0.99999595
55000900029021,2023-02-21,1,0,0.99999595
55000900029021,2023-02-22,1,0,0.99999595
55000900029021,2023-02-23,1,0,0.99999595
55000900029021,2023-02-24,1,0,0.99999595
55000900029021,2023-02-25,1,0,0.99999595
55000900029021,2023-02-26,1,0,0.99999595
55000900029021,2023-02-27,1,0,0.99999595
55000900029021,2023-02-28,1,0,0.99999595
55000900029021,2023-03-01,1,0,0.99999595
55000900029021,2023-03-02,1,0,0.99999595
55000900029021,2023-03-03,1,0,0.99999595
55000900029021,2023-03-04,1,0,0.99999595
55000900029021,2023-03-05,1,0,0.99999595
55000900029021,2023-03-06,1,0,0.99999595
55000900029021,2023-03-07,1,0,0.99999595
55000900029021,2023-03-08,1,0,0.99999595
55000900029021,2023-03-09,1,0,0.99999595
55000900029021,2023-03-10,1,0,0.99999595
55000900029021,2023-03-11,1,0,0.99999595
55000900029021,2023-03-13,1,0,0.99999595
55000900029021,2023-03-14,1,0,0.99999595
55000900029021,2023-03-15,1,0,0.99999595
55000900029021,2023-03-16,1,0,0.99999595
55000900029021,2023-03-17,1,0,0.99999595
55000900029021,2023-03-18,1,0,0.99999595
55000900029021,2023-03-19,1,0,0.99999595
55000900029021,2023-03-20,1,0,0.99999595
55000900029021,2023-03-21,1,0,0.99999595
55000900029021,2023-03-22,1,0,0.99999595
55000900029021,2023-03-23,1,0,0.99999595
55000900029021,2023-03-24,1,0,0.99999595
55000900029021,2023-03-25,1,0,0.99999595
55000900029021,2023-03-26,1,0,0.99999595
55000900029021,2023-03-27,1,0,0.99999595
55000900029021,2023-03-28,1,0,0.99999595
55000900029021,2023-03-29,1,0,0.99999595
55000900029021,2023-03-30,1,0,0.99999595
55000900029021,2023-03-31,1,0,0.99999595
55000900029021,2023-04-01,1,0,0.99999595
55000900029021,2023-04-02,1,0,0.99999595
55000900029021,2023-04-03,1,0,0.99999595
55000900029021,2023-04-04,1,0,0.99999595
55000900029021,2023-04-05,1,0,0.99999595
55000900029021,2023-04-06,1,0,0.99999595
55000900029021,2023-04-07,1,0,0.99999595
55000900029021,2023-04-08,1,0,0.99999595
55000900029021,2023-04-09,1,0,0.99999595
55000900029021,2023-04-10,1,0,0.99999595
55000900029021,2023-04-11,1,0,0.99999595
55000900029021,2023-04-12,1,0,0.99999595
55000900029021,2023-04-13,1,0,0.99999595
55000900029021,2023-04-14,1,0,0.99999595
55000900029021,2023-04-15,1,0,0.99999595
55000900029021,2023-04-16,1,0,0.99999595
55000900029021,2023-04-17,1,0,0.99999595
55000900029021,2023-04-18,1,0,0.99999595
55000900029021,2023-04-19,1,0,0.99999595
55000900029021,2023-04-20,1,0,0.99999595
55000900029608,2020-09-11,1,0,0.9999914
55000900029608,2020-09-12,1,0,0.99999094
55000900029608,2020-09-13,1,0,0.99998796
55000900029608,2020-09-14,1,0,0.99999154
55000900029608,2020-09-15,1,0,0.99999225
55000900029608,2020-09-16,1,0,0.99999213
55000900029608,2020-09-17,1,0,0.99999213
55000900029608,2020-09-18,1,0,0.9999918
55000900029608,2020-09-19,1,0,0.9999919
55000900029608,2020-09-20,1,0,0.99999154
55000900029608,2020-09-21,1,0,0.99999344
55000900029608,2020-09-22,1,0,0.99999464
55000900029608,2020-09-23,1,0,0.99999356
55000900029608,2020-09-24,1,0,0.99999297
55000900029608,2020-09-25,1,0,0.99999416
55000900029608,2020-09-26,1,0,0.99999356
55000900029608,2020-09-27,1,0,0.9999938
55000900029608,2020-09-28,1,0,0.9999943
55000900029608,2020-09-29,1,0,0.9999956
55000900029608,2020-09-30,1,0,0.99999535
55000900029608,2020-10-01,1,0,0.99999166
55000900029608,2020-10-02,1,0,0.999992
55000900029608,2020-10-03,1,0,0.9999896
55000900029608,2020-10-04,1,0,0.99999034
55000900029608,2020-10-05,1,0,0.9999907
55000900029608,2020-10-06,1,0,0.99999154
55000900029608,2020-10-07,1,0,0.9999918
55000900029608,2020-10-08,1,0,0.99999213
55000900029608,2020-10-09,1,0,0.9999902
55000900029608,2020-10-10,1,0,0.99998724
55000900029608,2020-10-11,1,0,0.9999894
55000900029608,2020-10-12,1,0,0.99999166
55000900029608,2020-10-13,1,0,0.99999595
55000900029608,2020-10-14,1,0,0.9999964
55000900029608,2020-10-15,1,0,0.9999963
55000900029608,2020-10-16,1,0,0.9999963
55000900029608,2020-10-17,1,0,0.9999963
55000900029608,2020-10-18,1,0,0.9999962
55000900029608,2020-10-19,1,0,0.99999595
55000900029608,2020-10-20,1,0,0.9999962
55000900029608,2020-10-21,1,0,0.9999963
55000900029608,2020-10-22,1,0,0.9999963
55000900029608,2020-10-23,1,0,0.9999962
55000900029608,2020-10-24,1,0,0.9999962
55000900029608,2020-10-25,1,0,0.99999607
55000900029608,2020-10-26,1,0,0.9999958
55000900029608,2020-10-27,1,0,0.99999654
55000900029608,2020-10-28,1,0,0.9999949
55000900029608,2020-10-29,1,0,0.9999958
55000900029608,2020-10-30,1,0,0.9999956
55000900029608,2020-10-31,1,0,0.99999547
55000900029608,2020-11-01,1,0,0.9999943
55000900029608,2020-11-02,1,0,0.99999607
55000900029608,2020-11-03,1,0,0.99999607
55000900029608,2020-11-04,1,0,0.99999523
55000900029608,2020-11-05,1,0,0.9999937
55000900029608,2020-11-06,1,0,0.99999523
55000900029608,2020-11-07,1,0,0.99999607
55000900029608,2020-11-08,1,0,0.9999964
55000900029608,2020-11-09,1,0,0.99999654
55000900029608,2020-11-10,1,0,0.9999963
55000900029608,2020-11-11,1,0,0.9999962
55000900029608,2020-11-12,1,0,0.9999962
55000900029608,2020-11-13,1,0,0.9999962
55000900029608,2020-11-14,1,0,0.9999963
55000900029608,2020-11-15,1,0,0.9999963
55000900029608,2020-11-16,1,0,0.99999607
55000900029608,2020-11-17,1,0,0.99999607
55000900029608,2020-11-18,1,0,0.9999964
55000900029608,2020-11-19,1,0,0.99999654
55000900029608,2020-11-20,1,0,0.99999595
55000900029608,2020-11-21,1,0,0.9999964
55000900029608,2020-11-22,1,0,0.9999963
55000900029608,2020-11-23,1,0,0.9999962
55000900029608,2020-11-24,1,0,0.99999607
55000900029608,2020-11-25,1,0,0.99999547
55000900029608,2020-11-26,1,0,0.9999964
55000900029608,2020-11-27,1,0,0.9999963
55000900029608,2020-11-28,1,0,0.99999607
55000900029608,2020-11-29,1,0,0.9999963
55000900029608,2020-11-30,1,0,0.99999595
55000900029608,2020-12-01,1,0,0.99999595
55000900029608,2020-12-02,1,0,0.99999595
55000900029608,2020-12-03,1,0,0.9999964
55000900029608,2020-12-04,1,0,0.99999607
55000900029608,2020-12-05,1,0,0.99999595
55000900029608,2020-12-06,1,0,0.99999595
55000900029608,2020-12-07,1,0,0.99999607
55000900029608,2020-12-08,1,0,0.99999595
55000900029608,2020-12-09,1,0,0.99999654
55000900029608,2020-12-10,1,0,0.99999607
55000900029608,2020-12-11,1,0,0.99999607
55000900029608,2020-12-12,1,0,0.9999963
55000900029608,2020-12-13,1,0,0.99999607
55000900029608,2020-12-14,1,0,0.9999963
55000900029608,2020-12-15,1,0,0.9999958
55000900029608,2020-12-16,1,0,0.9999963
55000900029608,2020-12-17,1,0,0.9999964
55000900029608,2020-12-18,1,0,0.9999964
55000900029608,2020-12-19,1,0,0.99999607
55000900029608,2020-12-20,1,0,0.99999607
55000900029608,2020-12-21,1,0,0.9999964
55000900029608,2020-12-22,1,0,0.9999963
55000900029608,2020-12-23,1,0,0.99999607
55000900029608,2020-12-24,1,0,0.9999964
55000900029608,2020-12-25,1,0,0.99999607
55000900029608,2020-12-26,1,0,0.9999958
55000900029608,2020-12-27,1,0,0.99999595
55000900029608,2020-12-28,1,0,0.9999964
55000900029608,2020-12-29,1,0,0.9999962
55000900029608,2020-12-30,1,0,0.9999962
55000900029608,2020-12-31,1,0,0.9999958
55000900029608,2021-01-01,1,0,0.99999595
55000900029608,2021-01-02,1,0,0.9999963
55000900029608,2021-01-03,1,0,0.9999962
55000900029608,2021-01-04,1,0,0.9999962
55000900029608,2021-01-05,1,0,0.9999962
55000900029608,2021-01-06,1,0,0.9999963
55000900029608,2021-01-07,1,0,0.9999963
55000900029608,2021-01-08,1,0,0.9999963
55000900029608,2021-01-09,1,0,0.9999963
55000900029608,2021-01-10,1,0,0.9999963
55000900029608,2021-01-11,1,0,0.9999963
55000900029608,2021-01-12,1,0,0.9999963
55000900029608,2021-01-13,1,0,0.9999963
55000900029608,2021-01-14,1,0,0.9999963
55000900029608,2021-01-15,1,0,0.9999963
55000900029608,2021-01-16,1,0,0.9999963
55000900029608,2021-01-17,1,0,0.9999963
55000900029608,2021-01-18,1,0,0.9999963
55000900029608,2021-01-19,1,0,0.9999963
55000900029608,2021-01-20,1,0,0.9999962
55000900029608,2021-01-21,1,0,0.9999962
55000900029608,2021-01-22,1,0,0.9999962
55000900029608,2021-01-23,1,0,0.9999963
55000900029608,2021-01-24,1,0,0.9999963
55000900029608,2021-01-25,1,0,0.9999963
55000900029608,2021-01-26,1,0,0.9999963
55000900029608,2021-01-27,1,0,0.9999963
55000900029608,2021-01-28,1,0,0.9999963
55000900029608,2021-01-29,1,0,0.9999963
55000900029608,2021-01-30,1,0,0.9999963
55000900029608,2021-01-31,1,0,0.99999595
55000900029608,2021-02-01,1,0,0.99999607
55000900029608,2021-02-02,1,0,0.99999607
55000900029608,2021-02-03,1,0,0.99999607
55000900029608,2021-02-04,1,0,0.99999607
55000900029608,2021-02-05,1,0,0.99999607
55000900029608,2021-02-06,1,0,0.99999607
55000900029608,2021-02-07,1,0,0.99999607
55000900029608,2021-02-08,1,0,0.99999607
55000900029608,2021-02-09,1,0,0.99999607
55000900029608,2021-02-10,1,0,0.99999607
55000900029608,2021-02-11,1,0,0.99999607
55000900029608,2021-02-12,1,0,0.99999607
55000900029608,2021-02-13,1,0,0.99999607
55000900029608,2021-02-14,1,0,0.99999607
55000900029608,2021-02-15,1,0,0.99999607
55000900029608,2021-02-16,1,0,0.99999607
55000900029608,2021-02-17,1,0,0.99999607
55000900029608,2021-02-18,1,0,0.99999607
55000900029608,2021-02-19,1,0,0.99999607
55000900029608,2021-02-20,1,0,0.99999607
55000900029608,2021-02-21,1,0,0.99999607
55000900029608,2021-02-22,1,0,0.99999607
55000900029608,2021-02-23,1,0,0.99999607
55000900029608,2021-02-24,1,0,0.99999607
55000900029608,2021-02-25,1,0,0.99999607
55000900029608,2021-02-26,1,0,0.99999607
55000900029608,2021-02-27,1,0,0.99999607
55000900029608,2021-02-28,1,0,0.99999607
55000900029608,2021-03-01,1,0,0.99999607
55000900029608,2021-03-02,1,0,0.99999607
55000900029608,2021-03-03,1,0,0.99999607
55000900029608,2021-03-04,1,0,0.99999607
55000900029608,2021-03-05,1,0,0.99999607
55000900029608,2021-03-06,1,0,0.99999607
55000900029608,2021-03-07,1,0,0.99999607
55000900029608,2021-03-08,1,0,0.99999607
55000900029608,2021-03-09,1,0,0.99999607
55000900029608,2021-03-10,1,0,0.99999607
55000900029608,2021-03-11,1,0,0.99999607
55000900029608,2021-03-12,1,0,0.99999607
55000900029608,2021-03-13,1,0,0.99999607
55000900029608,2021-03-15,1,0,0.99999607
55000900029608,2021-03-16,1,0,0.99999607
55000900029608,2021-03-17,1,0,0.99999607
55000900029608,2021-03-18,1,0,0.99999607
55000900029608,2021-03-19,1,0,0.99999607
55000900029608,2021-03-20,1,0,0.99999607
55000900029608,2021-03-21,1,0,0.99999607
55000900029608,2021-03-22,1,0,0.99999607
55000900029608,2021-03-23,1,0,0.99999607
55000900029608,2021-03-24,1,0,0.99999607
55000900029608,2021-03-25,1,0,0.99999607
55000900029608,2021-03-26,1,0,0.99999607
55000900029608,2021-03-27,1,0,0.99999607
55000900029608,2021-03-28,1,0,0.99999607
55000900029608,2021-03-29,1,0,0.99999607
55000900029608,2021-03-30,1,0,0.99999607
55000900029608,2021-03-31,1,0,0.99999607
55000900029608,2021-04-01,1,0,0.99999607
55000900029608,2021-04-02,1,0,0.99999607
55000900029608,2021-04-03,1,0,0.99999607
55000900029608,2021-04-04,1,0,0.99999607
55000900029608,2021-04-05,1,0,0.99999607
55000900029608,2021-04-06,1,0,0.99999607
55000900029608,2021-04-07,1,0,0.99999607
55000900029608,2021-04-08,1,0,0.99999607
55000900029608,2021-04-09,1,0,0.99999607
55000900029608,2021-04-10,1,0,0.99999607
55000900029608,2021-04-11,1,0,0.99999607
55000900029608,2021-04-12,1,0,0.99999607
55000900029608,2021-04-13,1,0,0.99999607
55000900029608,2021-04-14,1,0,0.99999607
55000900029608,2021-04-15,1,0,0.99999607
55000900029608,2021-04-16,1,0,0.99999607
55000900029608,2021-04-17,1,0,0.99999607
55000900029608,2021-04-18,1,0,0.99999607
55000900029608,2021-04-19,1,0,0.99999607
55000900029608,2021-04-20,1,0,0.99999607
55000900029608,2021-04-21,1,0,0.99999607
55000900029608,2021-04-22,1,0,0.99999607
55000900029608,2021-04-23,1,0,0.99999607
55000900029608,2021-04-24,1,0,0.99999607
55000900029608,2021-04-25,1,0,0.99999607
55000900029608,2021-04-26,1,0,0.99999607
55000900029608,2021-04-27,1,0,0.99999607
55000900029608,2021-04-28,1,0,0.99999607
55000900029608,2021-04-29,1,0,0.99999607
55000900029608,2021-04-30,1,0,0.99999607
55000900029608,2021-05-01,1,0,0.99999607
55000900029608,2021-05-02,1,0,0.99999607
55000900029608,2021-05-03,1,0,0.99999607
55000900029608,2021-05-04,1,0,0.99999607
55000900029608,2021-05-05,1,0,0.99999607
55000900029608,2021-05-06,1,0,0.99999607
55000900029608,2021-05-07,1,0,0.99999607
55000900029608,2021-05-08,1,0,0.99999607
55000900029608,2021-05-09,1,0,0.99999607
55000900029608,2021-05-10,1,0,0.99999607
55000900029608,2021-05-11,1,0,0.99999607
55000900029608,2021-05-12,1,0,0.99999607
55000900029608,2021-05-13,1,0,0.99999607
55000900029608,2021-05-14,1,0,0.99999607
55000900029608,2021-05-15,1,0,0.99999607
55000900029608,2021-05-16,1,0,0.99999607
55000900029608,2021-05-17,1,0,0.99999607
55000900029608,2021-05-18,1,0,0.99999607
55000900029608,2021-05-19,1,0,0.99999607
55000900029608,2021-05-20,1,0,0.99999607
55000900029608,2021-05-21,1,0,0.99999607
55000900029608,2021-05-22,1,0,0.99999607
55000900029608,2021-05-23,1,0,0.99999607
55000900029608,2021-05-24,1,0,0.99999607
55000900029608,2021-05-25,1,0,0.99999607
55000900029608,2021-05-26,1,0,0.99999607
55000900029608,2021-05-27,1,0,0.99999607
55000900029608,2021-05-28,1,0,0.99999607
55000900029608,2021-05-29,1,0,0.99999607
55000900029608,2021-05-30,1,0,0.99999607
55000900029608,2021-05-31,1,0,0.99999607
55000900029608,2021-06-01,1,0,0.99999607
55000900029608,2021-06-02,1,0,0.99999607
55000900029608,2021-06-03,1,0,0.99999607
55000900029608,2021-06-04,1,0,0.99999607
55000900029608,2021-06-05,1,0,0.99999607
55000900029608,2021-06-06,1,0,0.99999607
55000900029608,2021-06-07,1,0,0.99999607
55000900029608,2021-06-08,1,0,0.99999607
55000900029608,2021-06-09,1,0,0.99999607
55000900029608,2021-06-10,1,0,0.99999607
55000900029608,2021-06-11,1,0,0.99999607
55000900029608,2021-06-12,1,0,0.99999607
55000900029608,2021-06-13,1,0,0.99999607
55000900029608,2021-06-14,1,0,0.99999607
55000900029608,2021-06-15,1,0,0.99999607
55000900029608,2021-06-16,1,0,0.99999607
55000900029608,2021-06-17,1,0,0.99999607
55000900029608,2021-06-18,1,0,0.99999607
55000900029608,2021-06-19,1,0,0.99999607
55000900029608,2021-06-20,1,0,0.99999607
55000900029608,2021-06-21,1,0,0.99999607
55000900029608,2021-06-22,1,0,0.99999607
55000900029608,2021-06-23,1,0,0.99999607
55000900029608,2021-06-24,1,0,0.99999607
55000900029608,2021-06-25,1,0,0.99999607
55000900029608,2021-06-26,1,0,0.99999607
55000900029608,2021-06-27,1,0,0.99999607
55000900029608,2021-06-28,1,0,0.99999607
55000900029608,2021-06-29,1,0,0.99999607
55000900029608,2021-06-30,1,0,0.99999607
55000900029608,2021-07-01,1,0,0.99999607
55000900029608,2021-07-02,1,0,0.99999607
55000900029608,2021-07-03,1,0,0.99999607
55000900029608,2021-07-04,1,0,0.99999607
55000900029608,2021-07-05,1,0,0.99999607
55000900029608,2021-07-06,1,0,0.99999607
55000900029608,2021-07-07,1,0,0.99999607
55000900029608,2021-07-08,1,0,0.99999607
55000900029608,2021-07-09,1,0,0.99999607
55000900029608,2021-07-10,1,0,0.99999607
55000900029608,2021-07-11,1,0,0.99999607
55000900029608,2021-07-12,1,0,0.99999607
55000900029608,2021-07-13,1,0,0.99999607
55000900029608,2021-07-14,1,0,0.99999607
55000900029608,2021-07-15,1,0,0.99999607
55000900029608,2021-07-16,1,0,0.99999607
55000900029608,2021-07-17,1,0,0.99999607
55000900029608,2021-07-18,1,0,0.99999607
55000900029608,2021-07-19,1,0,0.99999607
55000900029608,2021-07-20,1,0,0.99999607
55000900029608,2021-07-21,1,0,0.99999607
55000900029608,2021-07-22,1,0,0.99999607
55000900029608,2021-07-23,1,0,0.99999607
55000900029608,2021-07-24,1,0,0.99999607
55000900029608,2021-07-25,1,0,0.99999607
55000900029608,2021-07-26,1,0,0.99999607
55000900029608,2021-07-27,1,0,0.99999607
55000900029608,2021-07-28,1,0,0.99999607
55000900029608,2021-07-29,1,0,0.99999607
55000900029608,2021-07-30,1,0,0.99999607
55000900029608,2021-07-31,1,0,0.99999607
55000900029608,2021-08-01,1,0,0.99999607
55000900029608,2021-08-02,1,0,0.99999607
55000900029608,2021-08-03,1,0,0.99999607
55000900029608,2021-08-04,1,0,0.99999607
55000900029608,2021-08-05,1,0,0.99999607
55000900029608,2021-08-06,1,0,0.99999607
55000900029608,2021-08-07,1,0,0.99999607
55000900029608,2021-08-08,1,0,0.99999607
55000900029608,2021-08-09,1,0,0.99999607
55000900029608,2021-08-10,1,0,0.99999607
55000900029608,2021-08-11,1,0,0.99999607
55000900029608,2021-08-12,1,0,0.99999607
55000900029608,2021-08-13,1,0,0.99999607
55000900029608,2021-08-14,1,0,0.99999607
55000900029608,2021-08-15,1,0,0.99999607
55000900029608,2021-08-16,1,0,0.99999607
55000900029608,2021-08-17,1,0,0.99999607
55000900029608,2021-08-18,1,0,0.99999607
55000900029608,2021-08-19,1,0,0.99999607
55000900029608,2021-08-20,1,0,0.99999607
55000900029608,2021-08-21,1,0,0.99999607
55000900029608,2021-08-22,1,0,0.99999607
55000900029608,2021-08-23,1,0,0.99999607
55000900029608,2021-08-24,1,0,0.99999607
55000900029608,2021-08-25,1,0,0.99999607
55000900029608,2021-08-26,1,0,0.99999607
55000900029608,2021-08-27,1,0,0.99999607
55000900029608,2021-08-28,1,0,0.99999607
55000900029608,2021-08-29,1,0,0.99999607
55000900029608,2021-08-30,1,0,0.99999607
55000900029608,2021-08-31,1,0,0.99999607
55000900029608,2021-09-01,1,0,0.99999607
55000900029608,2021-09-02,1,0,0.99999607
55000900029608,2021-09-03,1,0,0.99999607
55000900029608,2021-09-04,1,0,0.99999607
55000900029608,2021-09-05,1,0,0.99999607
55000900029608,2021-09-06,1,0,0.99999607
55000900029608,2021-09-07,1,0,0.99999607
55000900029608,2021-09-08,1,0,0.99999607
55000900029608,2021-09-09,1,0,0.99999607
55000900029608,2021-09-10,1,0,0.99999607
55000900029608,2021-09-11,1,0,0.99999607
55000900029608,2021-09-12,1,0,0.99999607
55000900029608,2021-09-13,1,0,0.99999607
55000900029608,2021-09-14,1,0,0.99999607
55000900029608,2021-09-15,1,0,0.99999607
55000900029608,2021-09-16,1,0,0.99999607
55000900029608,2021-09-17,1,0,0.99999607
55000900029608,2021-09-18,1,0,0.99999607
55000900029608,2021-09-19,1,0,0.99999607
55000900029608,2021-09-20,1,0,0.99999607
55000900029608,2021-09-21,1,0,0.99999607
55000900029608,2021-09-22,1,0,0.99999607
55000900029608,2021-09-23,1,0,0.99999607
55000900029608,2021-09-24,1,0,0.99999607
55000900029608,2021-09-25,1,0,0.99999607
55000900029608,2021-09-26,1,0,0.99999607
55000900029608,2021-09-27,1,0,0.99999607
55000900029608,2021-09-28,1,0,0.99999607
55000900029608,2021-09-29,1,0,0.99999607
55000900029608,2021-09-30,1,0,0.99999607
55000900029608,2021-10-01,1,0,0.99999607
55000900029608,2021-10-02,1,0,0.99999607
55000900029608,2021-10-03,1,0,0.99999607
55000900029608,2021-10-04,1,0,0.99999607
55000900029608,2021-10-05,1,0,0.99999607
55000900029608,2021-10-06,1,0,0.99999607
55000900029608,2021-10-07,1,0,0.99999607
55000900029608,2021-10-08,1,0,0.99999607
55000900029608,2021-10-09,1,0,0.99999607
55000900029608,2021-10-10,1,0,0.99999607
55000900029608,2021-10-11,1,0,0.99999607
55000900029608,2021-10-12,1,0,0.99999607
55000900029608,2021-10-13,1,0,0.99999607
55000900029608,2021-10-14,1,0,0.99999607
55000900029608,2021-10-15,1,0,0.99999607
55000900029608,2021-10-16,1,0,0.99999607
55000900029608,2021-10-17,1,0,0.99999607
55000900029608,2021-10-18,1,0,0.99999607
55000900029608,2021-10-19,1,0,0.99999607
55000900029608,2021-10-20,1,0,0.99999607
55000900029608,2021-10-21,1,0,0.99999607
55000900029608,2021-10-22,1,0,0.99999607
55000900029608,2021-10-23,1,0,0.99999607
55000900029608,2021-10-24,1,0,0.99999607
55000900029608,2021-10-25,1,0,0.99999607
55000900029608,2021-10-26,1,0,0.99999607
55000900029608,2021-10-27,1,0,0.99999607
55000900029608,2021-10-28,1,0,0.99999607
55000900029608,2021-10-29,1,0,0.99999607
55000900029608,2021-10-30,1,0,0.99999607
55000900029608,2021-10-31,1,0,0.99999607
55000900029608,2021-11-01,1,0,0.99999607
55000900029608,2021-11-02,1,0,0.99999607
55000900029608,2021-11-03,1,0,0.99999607
55000900029608,2021-11-04,1,0,0.99999607
55000900029608,2021-11-05,1,0,0.99999607
55000900029608,2021-11-06,1,0,0.99999607
55000900029608,2021-11-07,1,0,0.99999607
55000900029608,2021-11-08,1,0,0.99999607
55000900029608,2021-11-09,1,0,0.99999607
55000900029608,2021-11-10,1,0,0.99999607
55000900029608,2021-11-11,1,0,0.99999607
55000900029608,2021-11-12,1,0,0.99999607
55000900029608,2021-11-13,1,0,0.99999607
55000900029608,2021-11-14,1,0,0.99999607
55000900029608,2021-11-15,1,0,0.99999607
55000900029608,2021-11-16,1,0,0.99999607
55000900029608,2021-11-17,1,0,0.99999607
55000900029608,2021-11-18,1,0,0.99999607
55000900029608,2021-11-19,1,0,0.99999607
55000900029608,2021-11-20,1,0,0.99999607
55000900029608,2021-11-21,1,0,0.99999607
55000900029608,2021-11-22,1,0,0.99999607
55000900029608,2021-11-23,1,0,0.99999607
55000900029608,2021-11-24,1,0,0.99999607
55000900029608,2021-11-25,1,0,0.99999607
55000900029608,2021-11-26,1,0,0.99999607
55000900029608,2021-11-27,1,0,0.99999607
55000900029608,2021-11-28,1,0,0.99999607
55000900029608,2021-11-29,1,0,0.99999607
55000900029608,2021-11-30,1,0,0.99999607
55000900029608,2021-12-01,1,0,0.99999607
55000900029608,2021-12-02,1,0,0.99999607
55000900029608,2021-12-03,1,0,0.99999607
55000900029608,2021-12-04,1,0,0.99999607
55000900029608,2021-12-05,1,0,0.99999607
55000900029608,2021-12-06,1,0,0.99999607
55000900029608,2021-12-07,1,0,0.99999607
55000900029608,2021-12-08,1,0,0.99999607
55000900029608,2021-12-09,1,0,0.99999607
55000900029608,2021-12-10,1,0,0.99999607
55000900029608,2021-12-11,1,0,0.99999607
55000900029608,2021-12-12,1,0,0.99999607
55000900029608,2021-12-13,1,0,0.99999607
55000900029608,2021-12-14,1,0,0.99999607
55000900029608,2021-12-15,1,0,0.99999607
55000900029608,2021-12-16,1,0,0.99999607
55000900029608,2021-12-17,1,0,0.99999607
55000900029608,2021-12-18,1,0,0.99999607
55000900029608,2021-12-19,1,0,0.99999607
55000900029608,2021-12-20,1,0,0.99999607
55000900029608,2021-12-21,1,0,0.99999607
55000900029608,2021-12-22,1,0,0.99999607
55000900029608,2021-12-23,1,0,0.99999607
55000900029608,2021-12-24,1,0,0.99999607
55000900029608,2021-12-25,1,0,0.99999607
55000900029608,2021-12-26,1,0,0.99999607
55000900029608,2021-12-27,1,0,0.99999607
55000900029608,2021-12-28,1,0,0.99999607
55000900029608,2021-12-29,1,0,0.99999607
55000900029608,2021-12-30,1,0,0.99999607
55000900029608,2021-12-31,1,0,0.99999607
55000900029608,2022-01-01,1,0,0.99999607
55000900029608,2022-01-02,1,0,0.99999607
55000900029608,2022-01-03,1,0,0.99999607
55000900029608,2022-01-04,1,0,0.99999607
55000900029608,2022-01-05,1,0,0.99999607
55000900029608,2022-01-06,1,0,0.99999607
55000900029608,2022-01-07,1,0,0.99999607
55000900029608,2022-01-08,1,0,0.99999607
55000900029608,2022-01-09,1,0,0.99999607
55000900029608,2022-01-10,1,0,0.99999607
55000900029608,2022-01-11,1,0,0.99999607
55000900029608,2022-01-12,1,0,0.99999607
55000900029608,2022-01-13,1,0,0.99999607
55000900029608,2022-01-14,1,0,0.99999607
55000900029608,2022-01-15,1,0,0.99999607
55000900029608,2022-01-16,1,0,0.99999607
55000900029608,2022-01-17,1,0,0.99999607
55000900029608,2022-01-18,1,0,0.99999607
55000900029608,2022-01-19,1,0,0.99999607
55000900029608,2022-01-20,1,0,0.99999607
55000900029608,2022-01-21,1,0,0.99999607
55000900029608,2022-01-22,1,0,0.99999607
55000900029608,2022-01-23,1,0,0.99999607
55000900029608,2022-01-24,1,0,0.99999607
55000900029608,2022-01-25,1,0,0.99999607
55000900029608,2022-01-26,1,0,0.99999607
55000900029608,2022-01-27,1,0,0.99999607
55000900029608,2022-01-28,1,0,0.99999607
55000900029608,2022-01-29,1,0,0.99999607
55000900029608,2022-01-30,1,0,0.99999607
55000900029608,2022-01-31,1,0,0.99999607
55000900029608,2022-02-01,1,0,0.99999607
55000900029608,2022-02-02,1,0,0.99999607
55000900029608,2022-02-03,1,0,0.99999607
55000900029608,2022-02-04,1,0,0.99999607
55000900029608,2022-02-05,1,0,0.99999607
55000900029608,2022-02-06,1,0,0.99999607
55000900029608,2022-02-07,1,0,0.99999607
55000900029608,2022-02-08,1,0,0.99999607
55000900029608,2022-02-09,1,0,0.99999607
55000900029608,2022-02-10,1,0,0.99999607
55000900029608,2022-02-11,1,0,0.99999607
55000900029608,2022-02-12,1,0,0.99999607
55000900029608,2022-02-13,1,0,0.99999607
55000900029608,2022-02-14,1,0,0.99999607
55000900029608,2022-02-15,1,0,0.99999607
55000900029608,2022-02-16,1,0,0.99999607
55000900029608,2022-02-17,1,0,0.99999607
55000900029608,2022-02-18,1,0,0.99999607
55000900029608,2022-02-19,1,0,0.99999607
55000900029608,2022-02-20,1,0,0.99999607
55000900029608,2022-02-21,1,0,0.99999607
55000900029608,2022-02-22,1,0,0.99999607
55000900029608,2022-02-23,1,0,0.99999607
55000900029608,2022-02-24,1,0,0.99999607
55000900029608,2022-02-25,1,0,0.99999607
55000900029608,2022-02-26,1,0,0.99999607
55000900029608,2022-02-27,1,0,0.99999607
55000900029608,2022-02-28,1,0,0.99999607
55000900029608,2022-03-01,1,0,0.99999607
55000900029608,2022-03-02,1,0,0.99999607
55000900029608,2022-03-03,1,0,0.99999607
55000900029608,2022-03-04,1,0,0.99999607
55000900029608,2022-03-05,1,0,0.99999607
55000900029608,2022-03-06,1,0,0.99999607
55000900029608,2022-03-07,1,0,0.99999607
55000900029608,2022-03-08,1,0,0.99999607
55000900029608,2022-03-09,1,0,0.99999607
55000900029608,2022-03-10,1,0,0.99999607
55000900029608,2022-03-11,1,0,0.99999607
55000900029608,2022-03-12,1,0,0.99999607
55000900029608,2022-03-14,1,0,0.99999607
55000900029608,2022-03-15,1,0,0.99999607
55000900029608,2022-03-16,1,0,0.99999607
55000900029608,2022-03-17,1,0,0.99999607
55000900029608,2022-03-18,1,0,0.99999607
55000900029608,2022-03-19,1,0,0.99999607
55000900029608,2022-03-20,1,0,0.99999607
55000900029608,2022-03-21,1,0,0.99999607
55000900029608,2022-03-22,1,0,0.99999607
55000900029608,2022-03-23,1,0,0.99999607
55000900029608,2022-03-24,1,0,0.99999607
55000900029608,2022-03-25,1,0,0.99999607
55000900029608,2022-03-26,1,0,0.99999607
55000900029608,2022-03-27,1,0,0.99999607
55000900029608,2022-03-28,1,0,0.99999607
55000900029608,2022-03-29,1,0,0.99999607
55000900029608,2022-03-30,1,0,0.99999607
55000900029608,2022-03-31,1,0,0.99999607
55000900029608,2022-04-01,1,0,0.99999607
55000900029608,2022-04-02,1,0,0.99999607
55000900029608,2022-04-03,1,0,0.99999607
55000900029608,2022-04-04,1,0,0.99999607
55000900029608,2022-04-05,1,0,0.99999607
55000900029608,2022-04-06,1,0,0.99999607
55000900029608,2022-04-07,1,0,0.99999607
55000900029608,2022-04-08,1,0,0.99999607
55000900029608,2022-04-09,1,0,0.99999607
55000900029608,2022-04-10,1,0,0.99999607
55000900029608,2022-04-11,1,0,0.99999607
55000900029608,2022-04-12,1,0,0.99999607
55000900029608,2022-04-13,1,0,0.99999607
55000900029608,2022-04-14,1,0,0.99999607
55000900029608,2022-04-15,1,0,0.99999607
55000900029608,2022-04-16,1,0,0.99999607
55000900029608,2022-04-17,1,0,0.99999607
55000900029608,2022-04-18,1,0,0.99999607
55000900029608,2022-04-19,1,0,0.99999607
55000900029608,2022-04-20,1,0,0.99999607
55000900029608,2022-04-21,1,0,0.99999607
55000900029608,2022-04-22,1,0,0.99999607
55000900029608,2022-04-23,1,0,0.99999607
55000900029608,2022-04-24,1,0,0.99999607
55000900029608,2022-04-25,1,0,0.99999607
55000900029608,2022-04-26,1,0,0.99999607
55000900029608,2022-04-27,1,0,0.99999607
55000900029608,2022-04-28,1,0,0.99999607
55000900029608,2022-04-29,1,0,0.99999607
55000900029608,2022-04-30,1,0,0.99999607
55000900029608,2022-05-01,1,0,0.99999607
55000900029608,2022-05-02,1,0,0.99999607
55000900029608,2022-05-03,1,0,0.99999607
55000900029608,2022-05-04,1,0,0.99999607
55000900029608,2022-05-05,1,0,0.99999607
55000900029608,2022-05-06,1,0,0.99999607
55000900029608,2022-05-07,1,0,0.99999607
55000900029608,2022-05-08,1,0,0.99999607
55000900029608,2022-05-09,1,0,0.99999607
55000900029608,2022-05-10,1,0,0.99999607
55000900029608,2022-05-11,1,0,0.99999607
55000900029608,2022-05-12,1,0,0.99999607
55000900029608,2022-05-13,1,0,0.99999607
55000900029608,2022-05-14,1,0,0.99999607
55000900029608,2022-05-15,1,0,0.99999607
55000900029608,2022-05-16,1,0,0.99999607
55000900029608,2022-05-17,1,0,0.99999607
55000900029608,2022-05-18,1,0,0.99999607
55000900029608,2022-05-19,1,0,0.99999607
55000900029608,2022-05-20,1,0,0.99999607
55000900029608,2022-05-21,1,0,0.99999607
55000900029608,2022-05-22,1,0,0.99999607
55000900029608,2022-05-23,1,0,0.99999607
55000900029608,2022-05-24,1,0,0.99999607
55000900029608,2022-05-25,1,0,0.99999607
55000900029608,2022-05-26,1,0,0.99999607
55000900029608,2022-05-27,1,0,0.99999607
55000900029608,2022-05-28,1,0,0.99999607
55000900029608,2022-05-29,1,0,0.99999607
55000900029608,2022-05-30,1,0,0.99999607
55000900029608,2022-05-31,1,0,0.99999607
55000900029608,2022-06-01,1,0,0.99999607
55000900029608,2022-06-02,1,0,0.99999607
55000900029608,2022-06-03,1,0,0.99999607
55000900029608,2022-06-04,1,0,0.99999607
55000900029608,2022-06-05,1,0,0.99999607
55000900029608,2022-06-06,1,0,0.99999607
55000900029608,2022-06-07,1,0,0.99999607
55000900029608,2022-06-08,1,0,0.99999607
55000900029608,2022-06-09,1,0,0.99999607
55000900029608,2022-06-10,1,0,0.99999607
55000900029608,2022-06-11,1,0,0.99999607
55000900029608,2022-06-12,1,0,0.99999607
55000900029608,2022-06-13,1,0,0.99999607
55000900029608,2022-06-14,1,0,0.99999607
55000900029608,2022-06-15,1,0,0.99999607
55000900029608,2022-06-16,1,0,0.99999607
55000900029608,2022-06-17,1,0,0.99999607
55000900029608,2022-06-18,1,0,0.99999607
55000900029608,2022-06-19,1,0,0.99999607
55000900029608,2022-06-20,1,0,0.99999607
55000900029608,2022-06-21,1,0,0.99999607
55000900029608,2022-06-22,1,0,0.99999607
55000900029608,2022-06-23,1,0,0.99999607
55000900029608,2022-06-24,1,0,0.99999607
55000900029608,2022-06-25,1,0,0.99999607
55000900029608,2022-06-26,1,0,0.99999607
55000900029608,2022-06-27,1,0,0.99999607
55000900029608,2022-06-28,1,0,0.99999607
55000900029608,2022-06-29,1,0,0.99999607
55000900029608,2022-06-30,1,0,0.99999607
55000900029608,2022-07-01,1,0,0.99999607
55000900029608,2022-07-02,1,0,0.99999607
55000900029608,2022-07-03,1,0,0.99999607
55000900029608,2022-07-04,1,0,0.99999607
55000900029608,2022-07-05,1,0,0.99999607
55000900029608,2022-07-06,1,0,0.99999607
55000900029608,2022-07-07,1,0,0.99999607
55000900029608,2022-07-08,1,0,0.99999607
55000900029608,2022-07-09,1,0,0.99999607
55000900029608,2022-07-10,1,0,0.99999607
55000900029608,2022-07-11,1,0,0.99999607
55000900029608,2022-07-12,1,0,0.99999607
55000900029608,2022-07-13,1,0,0.99999607
55000900029608,2022-07-14,1,0,0.99999607
55000900029608,2022-07-15,1,0,0.99999607
55000900029608,2022-07-16,1,0,0.99999607
55000900029608,2022-07-17,1,0,0.99999607
55000900029608,2022-07-18,1,0,0.99999607
55000900029608,2022-07-19,1,0,0.99999607
55000900029608,2022-07-20,1,0,0.99999607
55000900029608,2022-07-21,1,0,0.99999607
55000900029608,2022-07-22,1,0,0.99999607
55000900029608,2022-07-23,1,0,0.99999607
55000900029608,2022-07-24,1,0,0.99999607
55000900029608,2022-07-25,1,0,0.99999607
55000900029608,2022-07-26,1,0,0.99999607
55000900029608,2022-07-27,1,0,0.99999607
55000900029608,2022-07-28,1,0,0.99999607
55000900029608,2022-07-29,1,0,0.99999607
55000900029608,2022-07-30,1,0,0.99999607
55000900029608,2022-07-31,1,0,0.99999607
55000900029608,2022-08-01,1,0,0.99999607
55000900029608,2022-08-02,1,0,0.99999607
55000900029608,2022-08-03,1,0,0.99999607
55000900029608,2022-08-04,1,0,0.99999607
55000900029608,2022-08-05,1,0,0.99999607
55000900029608,2022-08-06,1,0,0.99999607
55000900029608,2022-08-07,1,0,0.99999607
55000900029608,2022-08-08,1,0,0.99999607
55000900029608,2022-08-09,1,0,0.99999607
55000900029608,2022-08-10,1,0,0.99999607
55000900029608,2022-08-11,1,0,0.99999607
55000900029608,2022-08-12,1,0,0.99999607
55000900029608,2022-08-13,1,0,0.99999607
55000900029608,2022-08-14,1,0,0.99999607
55000900029608,2022-08-15,1,0,0.99999607
55000900029608,2022-08-16,1,0,0.99999607
55000900029608,2022-08-17,1,0,0.99999607
55000900029608,2022-08-18,1,0,0.99999607
55000900029608,2022-08-19,1,0,0.99999607
55000900029608,2022-08-20,1,0,0.99999607
55000900029608,2022-08-21,1,0,0.99999607
55000900029608,2022-08-22,1,0,0.99999607
55000900029608,2022-08-23,1,0,0.99999607
55000900029608,2022-08-24,1,0,0.99999607
55000900029608,2022-08-25,1,0,0.99999607
55000900029608,2022-08-26,1,0,0.99999607
55000900029608,2022-08-27,1,0,0.99999607
55000900029608,2022-08-28,1,0,0.99999607
55000900029608,2022-08-29,1,0,0.99999607
55000900029608,2022-08-30,1,0,0.99999607
55000900029608,2022-08-31,1,0,0.99999607
55000900029608,2022-09-01,1,0,0.99999607
55000900029608,2022-09-02,1,0,0.99999607
55000900029608,2022-09-03,1,0,0.99999607
55000900029608,2022-09-04,1,0,0.99999607
55000900029608,2022-09-05,1,0,0.99999607
55000900029608,2022-09-06,1,0,0.99999607
55000900029608,2022-09-07,1,0,0.99999607
55000900029608,2022-09-08,1,0,0.99999607
55000900029608,2022-09-09,1,0,0.99999607
55000900029608,2022-09-10,1,0,0.99999607
55000900029608,2022-09-11,1,0,0.99999607
55000900029608,2022-09-12,1,0,0.99999607
55000900029608,2022-09-13,1,0,0.99999607
55000900029608,2022-09-14,1,0,0.99999607
55000900029608,2022-09-15,1,0,0.99999607
55000900029608,2022-09-16,1,0,0.99999607
55000900029608,2022-09-17,1,0,0.99999607
55000900029608,2022-09-18,1,0,0.99999607
55000900029608,2022-09-19,1,0,0.99999607
55000900029608,2022-09-20,1,0,0.99999607
55000900029608,2022-09-21,1,0,0.99999607
55000900029608,2022-09-22,1,0,0.99999607
55000900029608,2022-09-23,1,0,0.99999607
55000900029608,2022-09-24,1,0,0.99999607
55000900029608,2022-09-25,1,0,0.99999607
55000900029608,2022-09-26,1,0,0.99999607
55000900029608,2022-09-27,1,0,0.99999607
55000900029608,2022-09-28,1,0,0.99999607
55000900029608,2022-09-29,1,0,0.99999607
55000900029608,2022-09-30,1,0,0.99999607
55000900029608,2022-10-01,1,0,0.99999607
55000900029608,2022-10-02,1,0,0.99999607
55000900029608,2022-10-03,1,0,0.99999607
55000900029608,2022-10-04,1,0,0.99999607
55000900029608,2022-10-05,1,0,0.99999607
55000900029608,2022-10-06,1,0,0.99999607
55000900029608,2022-10-07,1,0,0.99999607
55000900029608,2022-10-08,1,0,0.99999607
55000900029608,2022-10-09,1,0,0.99999607
55000900029608,2022-10-10,1,0,0.99999607
55000900029608,2022-10-11,1,0,0.99999607
55000900029608,2022-10-12,1,0,0.99999607
55000900029608,2022-10-13,1,0,0.99999607
55000900029608,2022-10-14,1,0,0.99999607
55000900029608,2022-10-15,1,0,0.99999607
55000900029608,2022-10-16,1,0,0.99999607
55000900029608,2022-10-17,1,0,0.99999607
55000900029608,2022-10-18,1,0,0.99999607
55000900029608,2022-10-19,1,0,0.99999607
55000900029608,2022-10-20,1,0,0.99999607
55000900029608,2022-10-21,1,0,0.99999607
55000900029608,2022-10-22,1,0,0.99999607
55000900029608,2022-10-23,1,0,0.99999607
55000900029608,2022-10-24,1,0,0.99999607
55000900029608,2022-10-25,1,0,0.99999607
55000900029608,2022-10-26,1,0,0.99999607
55000900029608,2022-10-27,1,0,0.99999607
55000900029608,2022-10-28,1,0,0.99999607
55000900029608,2022-10-29,1,0,0.99999607
55000900029608,2022-10-30,1,0,0.99999607
55000900029608,2022-10-31,1,0,0.99999607
55000900029608,2022-11-01,1,0,0.99999607
55000900029608,2022-11-02,1,0,0.99999607
55000900029608,2022-11-03,1,0,0.99999607
55000900029608,2022-11-04,1,0,0.99999607
55000900029608,2022-11-05,1,0,0.99999607
55000900029608,2022-11-06,1,0,0.99999607
55000900029608,2022-11-07,1,0,0.99999607
55000900029608,2022-11-08,1,0,0.99999607
55000900029608,2022-11-09,1,0,0.99999607
55000900029608,2022-11-10,1,0,0.99999607
55000900029608,2022-11-11,1,0,0.99999607
55000900029608,2022-11-12,1,0,0.99999607
55000900029608,2022-11-13,1,0,0.99999607
55000900029608,2022-11-14,1,0,0.99999607
55000900029608,2022-11-15,1,0,0.99999607
55000900029608,2022-11-16,1,0,0.99999607
55000900029608,2022-11-17,1,0,0.99999607
55000900029608,2022-11-18,1,0,0.99999607
55000900029608,2022-11-19,1,0,0.99999607
55000900029608,2022-11-20,1,0,0.99999607
55000900029608,2022-11-21,1,0,0.99999607
55000900029608,2022-11-22,1,0,0.99999607
55000900029608,2022-11-23,1,0,0.99999607
55000900029608,2022-11-24,1,0,0.99999607
55000900029608,2022-11-25,1,0,0.99999607
55000900029608,2022-11-26,1,0,0.99999607
55000900029608,2022-11-27,1,0,0.99999607
55000900029608,2022-11-28,1,0,0.99999607
55000900029608,2022-11-29,1,0,0.99999607
55000900029608,2022-11-30,1,0,0.99999607
55000900029608,2022-12-01,1,0,0.99999607
55000900029608,2022-12-02,1,0,0.99999607
55000900029608,2022-12-03,1,0,0.99999607
55000900029608,2022-12-04,1,0,0.99999607
55000900029608,2022-12-05,1,0,0.99999607
55000900029608,2022-12-06,1,0,0.99999607
55000900029608,2022-12-07,1,0,0.99999607
55000900029608,2022-12-08,1,0,0.99999607
55000900029608,2022-12-09,1,0,0.99999607
55000900029608,2022-12-10,1,0,0.99999607
55000900029608,2022-12-11,1,0,0.99999607
55000900029608,2022-12-12,1,0,0.99999607
55000900029608,2022-12-13,1,0,0.99999607
55000900029608,2022-12-14,1,0,0.99999607
55000900029608,2022-12-15,1,0,0.99999607
55000900029608,2022-12-16,1,0,0.99999607
55000900029608,2022-12-17,1,0,0.99999607
55000900029608,2022-12-18,1,0,0.99999607
55000900029608,2022-12-19,1,0,0.99999607
55000900029608,2022-12-20,1,0,0.99999607
55000900029608,2022-12-21,1,0,0.99999607
55000900029608,2022-12-22,1,0,0.99999607
55000900029608,2022-12-23,1,0,0.99999607
55000900029608,2022-12-24,1,0,0.99999607
55000900029608,2022-12-25,1,0,0.99999607
55000900029608,2022-12-26,1,0,0.99999607
55000900029608,2022-12-27,1,0,0.99999607
55000900029608,2022-12-28,1,0,0.99999607
55000900029608,2022-12-29,1,0,0.99999607
55000900029608,2022-12-30,1,0,0.99999607
55000900029608,2022-12-31,1,0,0.99999607
55000900029608,2023-01-01,1,0,0.99999607
55000900029608,2023-01-02,1,0,0.99999607
55000900029608,2023-01-03,1,0,0.99999607
55000900029608,2023-01-04,1,0,0.99999607
55000900029608,2023-01-05,1,0,0.99999607
55000900029608,2023-01-06,1,0,0.99999607
55000900029608,2023-01-07,1,0,0.99999607
55000900029608,2023-01-08,1,0,0.99999607
55000900029608,2023-01-09,1,0,0.99999607
55000900029608,2023-01-10,1,0,0.99999607
55000900029608,2023-01-11,1,0,0.99999607
55000900029608,2023-01-12,1,0,0.99999607
55000900029608,2023-01-13,1,0,0.99999607
55000900029608,2023-01-14,1,0,0.99999607
55000900029608,2023-01-15,1,0,0.99999607
55000900029608,2023-01-16,1,0,0.99999607
55000900029608,2023-01-17,1,0,0.99999607
55000900029608,2023-01-18,1,0,0.99999607
55000900029608,2023-01-19,1,0,0.99999607
55000900029608,2023-01-20,1,0,0.99999607
55000900029608,2023-01-21,1,0,0.99999607
55000900029608,2023-01-22,1,0,0.99999607
55000900029608,2023-01-23,1,0,0.99999607
55000900029608,2023-01-24,1,0,0.99999607
55000900029608,2023-01-25,1,0,0.99999607
55000900029608,2023-01-26,1,0,0.99999607
55000900029608,2023-01-27,1,0,0.99999607
55000900029608,2023-01-28,1,0,0.99999607
55000900029608,2023-01-29,1,0,0.99999607
55000900029608,2023-01-30,1,0,0.99999607
55000900029608,2023-01-31,1,0,0.99999607
55000900029608,2023-02-01,1,0,0.99999607
55000900029608,2023-02-02,1,0,0.99999607
55000900029608,2023-02-03,1,0,0.99999607
55000900029608,2023-02-04,1,0,0.99999607
55000900029608,2023-02-05,1,0,0.99999607
55000900029608,2023-02-06,1,0,0.99999607
55000900029608,2023-02-07,1,0,0.99999607
55000900029608,2023-02-08,1,0,0.99999607
55000900029608,2023-02-09,1,0,0.99999607
55000900029608,2023-02-10,1,0,0.99999607
55000900029608,2023-02-11,1,0,0.99999607
55000900029608,2023-02-12,1,0,0.99999607
55000900029608,2023-02-13,1,0,0.99999607
55000900029608,2023-02-14,1,0,0.99999607
55000900029608,2023-02-15,1,0,0.99999607
55000900029608,2023-02-16,1,0,0.99999607
55000900029608,2023-02-17,1,0,0.99999607
55000900029608,2023-02-18,1,0,0.99999607
55000900029608,2023-02-19,1,0,0.99999607
55000900029608,2023-02-20,1,0,0.99999607
55000900029608,2023-02-21,1,0,0.99999607
55000900029608,2023-02-22,1,0,0.99999607
55000900029608,2023-02-23,1,0,0.99999607
55000900029608,2023-02-24,1,0,0.99999607
55000900029608,2023-02-25,1,0,0.99999607
55000900029608,2023-02-26,1,0,0.99999607
55000900029608,2023-02-27,1,0,0.99999607
55000900029608,2023-02-28,1,0,0.99999607
55000900029608,2023-03-01,1,0,0.99999607
55000900029608,2023-03-02,1,0,0.99999607
55000900029608,2023-03-03,1,0,0.99999607
55000900029608,2023-03-04,1,0,0.99999607
55000900029608,2023-03-05,1,0,0.99999607
55000900029608,2023-03-06,1,0,0.99999607
55000900029608,2023-03-07,1,0,0.99999607
55000900029608,2023-03-08,1,0,0.99999607
55000900029608,2023-03-09,1,0,0.99999607
55000900029608,2023-03-10,1,0,0.99999607
55000900029608,2023-03-11,1,0,0.99999607
55000900029608,2023-03-13,1,0,0.99999607
55000900029608,2023-03-14,1,0,0.99999607
55000900029608,2023-03-15,1,0,0.99999607
55000900029608,2023-03-16,1,0,0.99999607
55000900029608,2023-03-17,1,0,0.99999607
55000900029608,2023-03-18,1,0,0.99999607
55000900029608,2023-03-19,1,0,0.99999607
55000900029608,2023-03-20,1,0,0.99999607
55000900029608,2023-03-21,1,0,0.99999607
55000900029608,2023-03-22,1,0,0.99999607
55000900029608,2023-03-23,1,0,0.99999607
55000900029608,2023-03-24,1,0,0.99999607
55000900029608,2023-03-25,1,0,0.99999607
55000900029608,2023-03-26,1,0,0.99999607
55000900029608,2023-03-27,1,0,0.99999607
55000900029608,2023-03-28,1,0,0.99999607
55000900029608,2023-03-29,1,0,0.99999607
55000900029608,2023-03-30,1,0,0.99999607
55000900029608,2023-03-31,1,0,0.99999607
55000900029608,2023-04-01,1,0,0.99999607
55000900029608,2023-04-02,1,0,0.99999607
55000900029608,2023-04-03,1,0,0.99999607
55000900029608,2023-04-04,1,0,0.99999607
55000900029608,2023-04-05,1,0,0.99999607
55000900029608,2023-04-06,1,0,0.99999607
55000900029608,2023-04-07,1,0,0.99999607
55000900029608,2023-04-08,1,0,0.99999607
55000900029608,2023-04-09,1,0,0.99999607
55000900029608,2023-04-10,1,0,0.99999607
55000900029608,2023-04-11,1,0,0.99999607
55000900029608,2023-04-12,1,0,0.99999607
55000900029608,2023-04-13,1,0,0.99999607
55000900029608,2023-04-14,1,0,0.99999607
55000900029608,2023-04-15,1,0,0.99999607
55000900029608,2023-04-16,1,0,0.99999607
55000900029608,2023-04-17,1,0,0.99999607
55000900029608,2023-04-18,1,0,0.99999607
55000900029608,2023-04-19,1,0,0.99999607
55000900029608,2023-04-20,1,0,0.99999607
55000900030173,2020-09-11,1,9,0.9999703
55000900030173,2020-09-12,1,9,0.9999689
55000900030173,2020-09-13,1,9,0.99996245
55000900030173,2020-09-14,1,9,0.9999627
55000900030173,2020-09-15,1,9,0.9999653
55000900030173,2020-09-16,1,9,0.9999647
55000900030173,2020-09-17,1,9,0.9999676
55000900030173,2020-09-18,1,9,0.99996734
55000900030173,2020-09-19,1,9,0.9999677
55000900030173,2020-09-20,1,9,0.9999672
55000900030173,2020-09-21,1,9,0.99997365
55000900030173,2020-09-22,1,9,0.9999697
55000900030173,2020-09-23,1,9,0.99996555
55000900030173,2020-09-24,1,9,0.9999665
55000900030173,2020-09-25,1,9,0.9999671
55000900030173,2020-09-26,1,9,0.9999887
55000900030173,2020-09-27,1,9,0.99997973
55000900030173,2020-09-28,1,9,0.9999894
55000900030173,2020-09-29,1,9,0.9999807
55000900030173,2020-09-30,1,9,0.99997556
55000900030173,2020-10-01,1,9,0.9999808
55000900030173,2020-10-02,1,9,0.9999708
55000900030173,2020-10-03,1,9,0.99996734
55000900030173,2020-10-04,1,9,0.999966
55000900030173,2020-10-05,1,9,0.99996734
55000900030173,2020-10-06,1,9,0.9999691
55000900030173,2020-10-07,1,9,0.9999701
55000900030173,2020-10-08,1,9,0.9999709
55000900030173,2020-10-09,1,9,0.99996686
55000900030173,2020-10-10,1,9,0.99997044
55000900030173,2020-10-11,1,9,0.99996996
55000900030173,2020-10-12,1,9,0.9999726
55000900030173,2020-10-13,1,9,0.9999901
55000900030173,2020-10-14,1,9,0.99999106
55000900030173,2020-10-15,1,9,0.9999819
55000900030173,2020-10-16,1,9,0.99999154
55000900030173,2020-10-17,1,9,0.99998224
55000900030173,2020-10-18,1,9,0.99998534
55000900030173,2020-10-19,1,9,0.99997973
55000900030173,2020-10-20,1,9,0.9999796
55000900030173,2020-10-21,1,0,0.9999764
55000900030173,2020-10-22,1,0,0.9998783
55000900061097,2020-09-11,1,0,0.99999523
55000900061097,2020-09-12,1,0,0.9999949
55000900061097,2020-09-13,1,0,0.99999535
55000900061097,2020-09-14,1,0,0.99999595
55000900061097,2020-09-15,1,0,0.99999475
55000900061097,2020-09-16,1,0,0.99999607
55000900061097,2020-09-17,1,0,0.99999607
55000900061097,2020-09-18,1,0,0.99999607
55000900061097,2020-09-19,1,0,0.99999595
55000900061097,2020-09-20,1,0,0.99999595
55000900061097,2020-09-21,1,0,0.99999607
55000900061097,2020-09-22,1,0,0.99999607
55000900061097,2020-09-23,1,0,0.9999958
55000900061097,2020-09-24,1,0,0.99999595
55000900061097,2020-09-25,1,0,0.9999958
55000900061097,2020-09-26,1,0,0.9999957
55000900061097,2020-09-27,1,0,0.99999607
55000900061097,2020-09-28,1,0,0.99999607
55000900061097,2020-09-29,1,0,0.9999963
55000900061097,2020-09-30,1,0,0.99999607
55000900061097,2020-10-01,1,0,0.99999595
55000900061097,2020-10-02,1,0,0.9999956
55000900061097,2020-10-03,1,0,0.99999475
55000900061097,2020-10-04,1,0,0.99999523
55000900061097,2020-10-05,1,0,0.9999958
55000900061097,2020-10-06,1,0,0.99999595
55000900061097,2020-10-07,1,0,0.99999607
55000900061097,2020-10-08,1,0,0.9999951
55000900061097,2020-10-09,1,0,0.9999957
55000900061097,2020-10-10,1,0,0.99999464
55000900061097,2020-10-11,1,0,0.99999595
55000900061097,2020-10-12,1,0,0.99999607
55000900061097,2020-10-13,1,0,0.99999607
55000900061097,2020-10-14,1,0,0.99999607
55000900061097,2020-10-15,1,0,0.99999607
55000900061097,2020-10-16,1,0,0.99999607
55000900061097,2020-10-17,1,0,0.99999607
55000900061097,2020-10-18,1,0,0.99999607
55000900061097,2020-10-19,1,0,0.99999607
55000900061097,2020-10-20,1,0,0.99999607
55000900061097,2020-10-21,1,0,0.99999607
55000900061097,2020-10-22,1,0,0.9999962
55000900061097,2020-10-23,1,0,0.9999963
55000900061097,2020-10-24,1,0,0.99999607
55000900061097,2020-10-25,1,0,0.99999607
55000900061097,2020-10-26,1,0,0.99999607
55000900061097,2020-10-27,1,0,0.99999607
55000900061097,2020-10-28,1,0,0.9999957
55000900061097,2020-10-29,1,0,0.99999595
55000900061097,2020-10-30,1,0,0.99999607
55000900061097,2020-10-31,1,0,0.99999607
55000900061097,2020-11-01,1,0,0.9999963
55000900061097,2020-11-02,1,0,0.99999607
55000900061097,2020-11-03,1,0,0.99999607
55000900061097,2020-11-04,1,0,0.99999595
55000900061097,2020-11-05,1,0,0.99999607
55000900061097,2020-11-06,1,0,0.99999607
55000900061097,2020-11-07,1,0,0.9999964
55000900061097,2020-11-08,1,0,0.99999607
55000900061097,2020-11-09,1,0,0.99999607
55000900061097,2020-11-10,1,0,0.9999962
55000900061097,2020-11-11,1,0,0.99999607
55000900061097,2020-11-12,1,0,0.99999607
55000900061097,2020-11-13,1,0,0.9999962
55000900061097,2020-11-14,1,0,0.99999607
55000900061097,2020-11-15,1,0,0.99999607
55000900061097,2020-11-16,1,0,0.9999962
55000900061097,2020-11-17,1,0,0.99999607
55000900061097,2020-11-18,1,0,0.99999607
55000900061097,2020-11-19,1,0,0.99999607
55000900061097,2020-11-20,1,0,0.99999607
55000900061097,2020-11-21,1,0,0.9999962
55000900061097,2020-11-22,1,0,0.99999607
55000900061097,2020-11-23,1,0,0.99999607
55000900061097,2020-11-24,1,0,0.99999607
55000900061097,2020-11-25,1,0,0.99999607
55000900061097,2020-11-26,1,0,0.99999607
55000900061097,2020-11-27,1,0,0.99999607
55000900061097,2020-11-28,1,0,0.9999963
55000900061097,2020-11-29,1,0,0.99999607
55000900061097,2020-11-30,1,0,0.99999607
55000900061097,2020-12-01,1,0,0.99999607
55000900061097,2020-12-02,1,0,0.99999607
55000900061097,2020-12-03,1,0,0.99999607
55000900061097,2020-12-04,1,0,0.99999607
55000900061097,2020-12-05,1,0,0.99999607
55000900061097,2020-12-06,1,0,0.99999607
55000900061097,2020-12-07,1,0,0.99999607
55000900061097,2020-12-08,1,0,0.99999607
55000900061097,2020-12-09,1,0,0.99999607
55000900061097,2020-12-10,1,0,0.99999607
55000900061097,2020-12-11,1,0,0.99999607
55000900061097,2020-12-12,1,0,0.99999607
55000900061097,2020-12-13,1,0,0.99999607
55000900061097,2020-12-14,1,0,0.9999963
55000900061097,2020-12-15,1,0,0.99999607
55000900061097,2020-12-16,1,0,0.9999963
55000900061097,2020-12-17,1,0,0.99999607
55000900061097,2020-12-18,1,0,0.9999962
55000900061097,2020-12-19,1,0,0.9999962
55000900061097,2020-12-20,1,0,0.9999962
55000900061097,2020-12-21,1,0,0.99999607
55000900061097,2020-12-22,1,0,0.9999962
55000900061097,2020-12-23,1,0,0.9999962
55000900061097,2020-12-24,1,0,0.9999962
55000900061097,2020-12-25,1,0,0.99999607
55000900061097,2020-12-26,1,0,0.99999607
55000900061097,2020-12-27,1,0,0.9999958
55000900061097,2020-12-28,1,0,0.99999607
55000900061097,2020-12-29,1,0,0.9999962
55000900061097,2020-12-30,1,0,0.99999607
55000900061097,2020-12-31,1,0,0.99999607
55000900061097,2021-01-01,1,0,0.99999607
55000900061097,2021-01-02,1,0,0.9999962
55000900061097,2021-01-03,1,0,0.9999962
55000900061097,2021-01-04,1,0,0.9999962
55000900061097,2021-01-05,1,0,0.9999962
55000900061097,2021-01-06,1,0,0.9999962
55000900061097,2021-01-07,1,0,0.9999962
55000900061097,2021-01-08,1,0,0.9999962
55000900061097,2021-01-09,1,0,0.9999962
55000900061097,2021-01-10,1,0,0.9999962
55000900061097,2021-01-11,1,0,0.9999962
55000900061097,2021-01-12,1,0,0.9999962
55000900061097,2021-01-13,1,0,0.9999962
55000900061097,2021-01-14,1,0,0.9999962
55000900061097,2021-01-15,1,0,0.9999962
55000900061097,2021-01-16,1,0,0.9999962
55000900061097,2021-01-17,1,0,0.9999962
55000900061097,2021-01-18,1,0,0.9999962
55000900061097,2021-01-19,1,0,0.9999962
55000900061097,2021-01-20,1,0,0.9999962
55000900061097,2021-01-21,1,0,0.9999962
55000900061097,2021-01-22,1,0,0.9999962
55000900061097,2021-01-23,1,0,0.9999962
55000900061097,2021-01-24,1,0,0.9999962
55000900061097,2021-01-25,1,0,0.9999962
55000900061097,2021-01-26,1,0,0.9999962
55000900061097,2021-01-27,1,0,0.9999962
55000900061097,2021-01-28,1,0,0.9999962
55000900061097,2021-01-29,1,0,0.9999962
55000900061097,2021-01-30,1,0,0.9999962
55000900061097,2021-01-31,1,0,0.9999962
55000900061097,2021-02-01,1,0,0.9999962
55000900061097,2021-02-02,1,0,0.9999962
55000900061097,2021-02-03,1,0,0.9999962
55000900061097,2021-02-04,1,0,0.9999962
55000900061097,2021-02-05,1,0,0.9999962
55000900061097,2021-02-06,1,0,0.9999962
55000900061097,2021-02-07,1,0,0.9999962
55000900061097,2021-02-08,1,0,0.9999962
55000900061097,2021-02-09,1,0,0.9999962
55000900061097,2021-02-10,1,0,0.9999962
55000900061097,2021-02-11,1,0,0.9999962
55000900061097,2021-02-12,1,0,0.9999962
55000900061097,2021-02-13,1,0,0.9999962
55000900061097,2021-02-14,1,0,0.9999962
55000900061097,2021-02-15,1,0,0.9999962
55000900061097,2021-02-16,1,0,0.9999962
55000900061097,2021-02-17,1,0,0.9999962
55000900061097,2021-02-18,1,0,0.9999962
55000900061097,2021-02-19,1,0,0.9999962
55000900061097,2021-02-20,1,0,0.9999962
55000900061097,2021-02-21,1,0,0.9999962
55000900061097,2021-02-22,1,0,0.9999962
55000900061097,2021-02-23,1,0,0.9999962
55000900061097,2021-02-24,1,0,0.9999962
55000900061097,2021-02-25,1,0,0.9999962
55000900061097,2021-02-26,1,0,0.9999962
55000900061097,2021-02-27,1,0,0.9999962
55000900061097,2021-02-28,1,0,0.9999962
55000900061097,2021-03-01,1,0,0.9999962
55000900061097,2021-03-02,1,0,0.9999962
55000900061097,2021-03-03,1,0,0.9999962
55000900061097,2021-03-04,1,0,0.9999962
55000900061097,2021-03-05,1,0,0.9999962
55000900061097,2021-03-06,1,0,0.9999962
55000900061097,2021-03-07,1,0,0.9999962
55000900061097,2021-03-08,1,0,0.9999962
55000900061097,2021-03-09,1,0,0.9999962
55000900061097,2021-03-10,1,0,0.9999962
55000900061097,2021-03-11,1,0,0.9999962
55000900061097,2021-03-12,1,0,0.9999962
55000900061097,2021-03-13,1,0,0.9999962
55000900061097,2021-03-14,1,0,0.9999962
55000900061097,2021-03-15,1,0,0.9999962
55000900061097,2021-03-16,1,0,0.9999962
55000900061097,2021-03-17,1,0,0.9999962
55000900061097,2021-03-18,1,0,0.9999962
55000900061097,2021-03-19,1,0,0.9999962
55000900061097,2021-03-20,1,0,0.9999962
55000900061097,2021-03-21,1,0,0.9999962
55000900061097,2021-03-22,1,0,0.9999962
55000900061097,2021-03-23,1,0,0.9999962
55000900061097,2021-03-24,1,0,0.9999962
55000900061097,2021-03-25,1,0,0.9999962
55000900061097,2021-03-26,1,0,0.9999962
55000900061097,2021-03-27,1,0,0.9999962
55000900061097,2021-03-28,1,0,0.9999962
55000900061097,2021-03-29,1,0,0.9999962
55000900061097,2021-03-30,1,0,0.9999962
55000900061097,2021-03-31,1,0,0.9999962
55000900061097,2021-04-01,1,0,0.9999962
55000900061097,2021-04-02,1,0,0.9999962
55000900061097,2021-04-03,1,0,0.9999962
55000900061097,2021-04-04,1,0,0.9999962
55000900061097,2021-04-05,1,0,0.9999962
55000900061097,2021-04-06,1,0,0.9999962
55000900061097,2021-04-07,1,0,0.9999962
55000900061097,2021-04-08,1,0,0.9999962
55000900061097,2021-04-09,1,0,0.9999962
55000900061097,2021-04-10,1,0,0.9999962
55000900061097,2021-04-11,1,0,0.9999962
55000900061097,2021-04-12,1,0,0.9999962
55000900061097,2021-04-13,1,0,0.9999962
55000900061097,2021-04-14,1,0,0.9999962
55000900061097,2021-04-15,1,0,0.9999962
55000900061097,2021-04-16,1,0,0.9999962
55000900061097,2021-04-17,1,0,0.9999962
55000900061097,2021-04-18,1,0,0.9999962
55000900061097,2021-04-19,1,0,0.9999962
55000900061097,2021-04-20,1,0,0.9999962
55000900061097,2021-04-21,1,0,0.9999962
55000900061097,2021-04-22,1,0,0.9999962
55000900061097,2021-04-23,1,0,0.9999962
55000900061097,2021-04-24,1,0,0.9999962
55000900061097,2021-04-25,1,0,0.9999962
55000900061097,2021-04-26,1,0,0.9999962
55000900061097,2021-04-27,1,0,0.9999962
55000900061097,2021-04-28,1,0,0.9999962
55000900061097,2021-04-29,1,0,0.9999962
55000900061097,2021-04-30,1,0,0.9999962
55000900061097,2021-05-01,1,0,0.9999962
55000900061097,2021-05-02,1,0,0.9999962
55000900061097,2021-05-03,1,0,0.9999962
55000900061097,2021-05-04,1,0,0.9999962
55000900061097,2021-05-05,1,0,0.9999962
55000900061097,2021-05-06,1,0,0.9999962
55000900061097,2021-05-07,1,0,0.9999962
55000900061097,2021-05-08,1,0,0.9999962
55000900061097,2021-05-09,1,0,0.9999962
55000900061097,2021-05-10,1,0,0.9999962
55000900061097,2021-05-11,1,0,0.9999962
55000900061097,2021-05-12,1,0,0.9999962
55000900061097,2021-05-13,1,0,0.9999962
55000900061097,2021-05-14,1,0,0.9999962
55000900061097,2021-05-15,1,0,0.9999962
55000900061097,2021-05-16,1,0,0.9999962
55000900061097,2021-05-17,1,0,0.9999962
55000900061097,2021-05-18,1,0,0.9999962
55000900061097,2021-05-19,1,0,0.9999962
55000900061097,2021-05-20,1,0,0.9999962
55000900061097,2021-05-21,1,0,0.9999962
55000900061097,2021-05-22,1,0,0.9999962
55000900061097,2021-05-23,1,0,0.9999962
55000900061097,2021-05-24,1,0,0.9999962
55000900061097,2021-05-25,1,0,0.9999962
55000900061097,2021-05-26,1,0,0.9999962
55000900061097,2021-05-27,1,0,0.9999962
55000900061097,2021-05-28,1,0,0.9999962
55000900061097,2021-05-29,1,0,0.9999962
55000900061097,2021-05-30,1,0,0.9999962
55000900061097,2021-05-31,1,0,0.9999962
55000900061097,2021-06-01,1,0,0.9999962
55000900061097,2021-06-02,1,0,0.9999962
55000900061097,2021-06-03,1,0,0.9999962
55000900061097,2021-06-04,1,0,0.9999962
55000900061097,2021-06-05,1,0,0.9999962
55000900061097,2021-06-06,1,0,0.9999962
55000900061097,2021-06-07,1,0,0.9999962
55000900061097,2021-06-08,1,0,0.9999962
55000900061097,2021-06-09,1,0,0.9999962
55000900061097,2021-06-10,1,0,0.9999962
55000900061097,2021-06-11,1,0,0.9999962
55000900061097,2021-06-12,1,0,0.9999962
55000900061097,2021-06-13,1,0,0.9999962
55000900061097,2021-06-14,1,0,0.9999962
55000900061097,2021-06-15,1,0,0.9999962
55000900061097,2021-06-16,1,0,0.9999962
55000900061097,2021-06-17,1,0,0.9999962
55000900061097,2021-06-18,1,0,0.9999962
55000900061097,2021-06-19,1,0,0.9999962
55000900061097,2021-06-20,1,0,0.9999962
55000900061097,2021-06-21,1,0,0.9999962
55000900061097,2021-06-22,1,0,0.9999962
55000900061097,2021-06-23,1,0,0.9999962
55000900061097,2021-06-24,1,0,0.9999962
55000900061097,2021-06-25,1,0,0.9999962
55000900061097,2021-06-26,1,0,0.9999962
55000900061097,2021-06-27,1,0,0.9999962
55000900061097,2021-06-28,1,0,0.9999962
55000900061097,2021-06-29,1,0,0.9999962
55000900061097,2021-06-30,1,0,0.9999962
55000900061097,2021-07-01,1,0,0.9999962
55000900061097,2021-07-02,1,0,0.9999962
55000900061097,2021-07-03,1,0,0.9999962
55000900061097,2021-07-04,1,0,0.9999962
55000900061097,2021-07-05,1,0,0.9999962
55000900061097,2021-07-06,1,0,0.9999962
55000900061097,2021-07-07,1,0,0.9999962
55000900061097,2021-07-08,1,0,0.9999962
55000900061097,2021-07-09,1,0,0.9999962
55000900061097,2021-07-10,1,0,0.9999962
55000900061097,2021-07-11,1,0,0.9999962
55000900061097,2021-07-12,1,0,0.9999962
55000900061097,2021-07-13,1,0,0.9999962
55000900061097,2021-07-14,1,0,0.9999962
55000900061097,2021-07-15,1,0,0.9999962
55000900061097,2021-07-16,1,0,0.9999962
55000900061097,2021-07-17,1,0,0.9999962
55000900061097,2021-07-18,1,0,0.9999962
55000900061097,2021-07-19,1,0,0.9999962
55000900061097,2021-07-20,1,0,0.9999962
55000900061097,2021-07-21,1,0,0.9999962
55000900061097,2021-07-22,1,0,0.9999962
55000900061097,2021-07-23,1,0,0.9999962
55000900061097,2021-07-24,1,0,0.9999962
55000900061097,2021-07-25,1,0,0.9999962
55000900061097,2021-07-26,1,0,0.9999962
55000900061097,2021-07-27,1,0,0.9999962
55000900061097,2021-07-28,1,0,0.9999962
55000900061097,2021-07-29,1,0,0.9999962
55000900061097,2021-07-30,1,0,0.9999962
55000900061097,2021-07-31,1,0,0.9999962
55000900061097,2021-08-01,1,0,0.9999962
55000900061097,2021-08-02,1,0,0.9999962
55000900061097,2021-08-03,1,0,0.9999962
55000900061097,2021-08-04,1,0,0.9999962
55000900061097,2021-08-05,1,0,0.9999962
55000900061097,2021-08-06,1,0,0.9999962
55000900061097,2021-08-07,1,0,0.9999962
55000900061097,2021-08-08,1,0,0.9999962
55000900061097,2021-08-09,1,0,0.9999962
55000900061097,2021-08-10,1,0,0.9999962
55000900061097,2021-08-11,1,0,0.9999962
55000900061097,2021-08-12,1,0,0.9999962
55000900061097,2021-08-13,1,0,0.9999962
55000900061097,2021-08-14,1,0,0.9999962
55000900061097,2021-08-15,1,0,0.9999962
55000900061097,2021-08-16,1,0,0.9999962
55000900061097,2021-08-17,1,0,0.9999962
55000900061097,2021-08-18,1,0,0.9999962
55000900061097,2021-08-19,1,0,0.9999962
55000900061097,2021-08-20,1,0,0.9999962
55000900061097,2021-08-21,1,0,0.9999962
55000900061097,2021-08-22,1,0,0.9999962
55000900061097,2021-08-23,1,0,0.9999962
55000900061097,2021-08-24,1,0,0.9999962
55000900061097,2021-08-25,1,0,0.9999962
55000900061097,2021-08-26,1,0,0.9999962
55000900061097,2021-08-27,1,0,0.9999962
55000900061097,2021-08-28,1,0,0.9999962
55000900061097,2021-08-29,1,0,0.9999962
55000900061097,2021-08-30,1,0,0.9999962
55000900061097,2021-08-31,1,0,0.9999962
55000900061097,2021-09-01,1,0,0.9999962
55000900061097,2021-09-02,1,0,0.9999962
55000900061097,2021-09-03,1,0,0.9999962
55000900061097,2021-09-04,1,0,0.9999962
55000900061097,2021-09-05,1,0,0.9999962
55000900061097,2021-09-06,1,0,0.9999962
55000900061097,2021-09-07,1,0,0.9999962
55000900061097,2021-09-08,1,0,0.9999962
55000900061097,2021-09-09,1,0,0.9999962
55000900061097,2021-09-10,1,0,0.9999962
55000900061097,2021-09-11,1,0,0.9999962
55000900061097,2021-09-12,1,0,0.9999962
55000900061097,2021-09-13,1,0,0.9999962
55000900061097,2021-09-14,1,0,0.9999962
55000900061097,2021-09-15,1,0,0.9999962
55000900061097,2021-09-16,1,0,0.9999962
55000900061097,2021-09-17,1,0,0.9999962
55000900061097,2021-09-18,1,0,0.9999962
55000900061097,2021-09-19,1,0,0.9999962
55000900061097,2021-09-20,1,0,0.9999962
55000900061097,2021-09-21,1,0,0.9999962
55000900061097,2021-09-22,1,0,0.9999962
55000900061097,2021-09-23,1,0,0.9999962
55000900061097,2021-09-24,1,0,0.9999962
55000900061097,2021-09-25,1,0,0.9999962
55000900061097,2021-09-26,1,0,0.9999962
55000900061097,2021-09-27,1,0,0.9999962
55000900061097,2021-09-28,1,0,0.9999962
55000900061097,2021-09-29,1,0,0.9999962
55000900061097,2021-09-30,1,0,0.9999962
55000900061097,2021-10-01,1,0,0.9999962
55000900061097,2021-10-02,1,0,0.9999962
55000900061097,2021-10-03,1,0,0.9999962
55000900061097,2021-10-04,1,0,0.9999962
55000900061097,2021-10-05,1,0,0.9999962
55000900061097,2021-10-06,1,0,0.9999962
55000900061097,2021-10-07,1,0,0.9999962
55000900061097,2021-10-08,1,0,0.9999962
55000900061097,2021-10-09,1,0,0.9999962
55000900061097,2021-10-10,1,0,0.9999962
55000900061097,2021-10-11,1,0,0.9999962
55000900061097,2021-10-12,1,0,0.9999962
55000900061097,2021-10-13,1,0,0.9999962
55000900061097,2021-10-14,1,0,0.9999962
55000900061097,2021-10-15,1,0,0.9999962
55000900061097,2021-10-16,1,0,0.9999962
55000900061097,2021-10-17,1,0,0.9999962
55000900061097,2021-10-18,1,0,0.9999962
55000900061097,2021-10-19,1,0,0.9999962
55000900061097,2021-10-20,1,0,0.9999962
55000900061097,2021-10-21,1,0,0.9999962
55000900061097,2021-10-22,1,0,0.9999962
55000900061097,2021-10-23,1,0,0.9999962
55000900061097,2021-10-24,1,0,0.9999962
55000900061097,2021-10-25,1,0,0.9999962
55000900061097,2021-10-26,1,0,0.9999962
55000900061097,2021-10-27,1,0,0.9999962
55000900061097,2021-10-28,1,0,0.9999962
55000900061097,2021-10-29,1,0,0.9999962
55000900061097,2021-10-30,1,0,0.9999962
55000900061097,2021-10-31,1,0,0.9999962
55000900061097,2021-11-01,1,0,0.9999962
55000900061097,2021-11-02,1,0,0.9999962
55000900061097,2021-11-03,1,0,0.9999962
55000900061097,2021-11-04,1,0,0.9999962
55000900061097,2021-11-05,1,0,0.9999962
55000900061097,2021-11-06,1,0,0.9999962
55000900061097,2021-11-07,1,0,0.9999962
55000900061097,2021-11-08,1,0,0.9999962
55000900061097,2021-11-09,1,0,0.9999962
55000900061097,2021-11-10,1,0,0.9999962
55000900061097,2021-11-11,1,0,0.9999962
55000900061097,2021-11-12,1,0,0.9999962
55000900061097,2021-11-13,1,0,0.9999962
55000900061097,2021-11-14,1,0,0.9999962
55000900061097,2021-11-15,1,0,0.9999962
55000900061097,2021-11-16,1,0,0.9999962
55000900061097,2021-11-17,1,0,0.9999962
55000900061097,2021-11-18,1,0,0.9999962
55000900061097,2021-11-19,1,0,0.9999962
55000900061097,2021-11-20,1,0,0.9999962
55000900061097,2021-11-21,1,0,0.9999962
55000900061097,2021-11-22,1,0,0.9999962
55000900061097,2021-11-23,1,0,0.9999962
55000900061097,2021-11-24,1,0,0.9999962
55000900061097,2021-11-25,1,0,0.9999962
55000900061097,2021-11-26,1,0,0.9999962
55000900061097,2021-11-27,1,0,0.9999962
55000900061097,2021-11-28,1,0,0.9999962
55000900061097,2021-11-29,1,0,0.9999962
55000900061097,2021-11-30,1,0,0.9999962
55000900061097,2021-12-01,1,0,0.9999962
55000900061097,2021-12-02,1,0,0.9999962
55000900061097,2021-12-03,1,0,0.9999962
55000900061097,2021-12-04,1,0,0.9999962
55000900061097,2021-12-05,1,0,0.9999962
55000900061097,2021-12-06,1,0,0.9999962
55000900061097,2021-12-07,1,0,0.9999962
55000900061097,2021-12-08,1,0,0.9999962
55000900061097,2021-12-09,1,0,0.9999962
55000900061097,2021-12-10,1,0,0.9999962
55000900061097,2021-12-11,1,0,0.9999962
55000900061097,2021-12-12,1,0,0.9999962
55000900061097,2021-12-13,1,0,0.9999962
55000900061097,2021-12-14,1,0,0.9999962
55000900061097,2021-12-15,1,0,0.9999962
55000900061097,2021-12-16,1,0,0.9999962
55000900061097,2021-12-17,1,0,0.9999962
55000900061097,2021-12-18,1,0,0.9999962
55000900061097,2021-12-19,1,0,0.9999962
55000900061097,2021-12-20,1,0,0.9999962
55000900061097,2021-12-21,1,0,0.9999962
55000900061097,2021-12-22,1,0,0.9999962
55000900061097,2021-12-23,1,0,0.9999962
55000900061097,2021-12-24,1,0,0.9999962
55000900061097,2021-12-25,1,0,0.9999962
55000900061097,2021-12-26,1,0,0.9999962
55000900061097,2021-12-27,1,0,0.9999962
55000900061097,2021-12-28,1,0,0.9999962
55000900061097,2021-12-29,1,0,0.9999962
55000900061097,2021-12-30,1,0,0.9999962
55000900061097,2021-12-31,1,0,0.9999962
55000900061097,2022-01-01,1,0,0.9999962
55000900061097,2022-01-02,1,0,0.9999962
55000900061097,2022-01-03,1,0,0.9999962
55000900061097,2022-01-04,1,0,0.9999962
55000900061097,2022-01-05,1,0,0.9999962
55000900061097,2022-01-06,1,0,0.9999962
55000900061097,2022-01-07,1,0,0.9999962
55000900061097,2022-01-08,1,0,0.9999962
55000900061097,2022-01-09,1,0,0.9999962
55000900061097,2022-01-10,1,0,0.9999962
55000900061097,2022-01-11,1,0,0.9999962
55000900061097,2022-01-12,1,0,0.9999962
55000900061097,2022-01-13,1,0,0.9999962
55000900061097,2022-01-14,1,0,0.9999962
55000900061097,2022-01-15,1,0,0.9999962
55000900061097,2022-01-16,1,0,0.9999962
55000900061097,2022-01-17,1,0,0.9999962
55000900061097,2022-01-18,1,0,0.9999962
55000900061097,2022-01-19,1,0,0.9999962
55000900061097,2022-01-20,1,0,0.9999962
55000900061097,2022-01-21,1,0,0.9999962
55000900061097,2022-01-22,1,0,0.9999962
55000900061097,2022-01-23,1,0,0.9999962
55000900061097,2022-01-24,1,0,0.9999962
55000900061097,2022-01-25,1,0,0.9999962
55000900061097,2022-01-26,1,0,0.9999962
55000900061097,2022-01-27,1,0,0.9999962
55000900061097,2022-01-28,1,0,0.9999962
55000900061097,2022-01-29,1,0,0.9999962
55000900061097,2022-01-30,1,0,0.9999962
55000900061097,2022-01-31,1,0,0.9999962
55000900061097,2022-02-01,1,0,0.9999962
55000900061097,2022-02-02,1,0,0.9999962
55000900061097,2022-02-03,1,0,0.9999962
55000900061097,2022-02-04,1,0,0.9999962
55000900061097,2022-02-05,1,0,0.9999962
55000900061097,2022-02-06,1,0,0.9999962
55000900061097,2022-02-07,1,0,0.9999962
55000900061097,2022-02-08,1,0,0.9999962
55000900061097,2022-02-09,1,0,0.9999962
55000900061097,2022-02-10,1,0,0.9999962
55000900061097,2022-02-11,1,0,0.9999962
55000900061097,2022-02-12,1,0,0.9999962
55000900061097,2022-02-13,1,0,0.9999962
55000900061097,2022-02-14,1,0,0.9999962
55000900061097,2022-02-15,1,0,0.9999962
55000900061097,2022-02-16,1,0,0.9999962
55000900061097,2022-02-17,1,0,0.9999962
55000900061097,2022-02-18,1,0,0.9999962
55000900061097,2022-02-19,1,0,0.9999962
55000900061097,2022-02-20,1,0,0.9999962
55000900061097,2022-02-21,1,0,0.9999962
55000900061097,2022-02-22,1,0,0.9999962
55000900061097,2022-02-23,1,0,0.9999962
55000900061097,2022-02-24,1,0,0.9999962
55000900061097,2022-02-25,1,0,0.9999962
55000900061097,2022-02-26,1,0,0.9999962
55000900061097,2022-02-27,1,0,0.9999962
55000900061097,2022-02-28,1,0,0.9999962
55000900061097,2022-03-01,1,0,0.9999962
55000900061097,2022-03-02,1,0,0.9999962
55000900061097,2022-03-03,1,0,0.9999962
55000900061097,2022-03-04,1,0,0.9999962
55000900061097,2022-03-05,1,0,0.9999962
55000900061097,2022-03-06,1,0,0.9999962
55000900061097,2022-03-07,1,0,0.9999962
55000900061097,2022-03-08,1,0,0.9999962
55000900061097,2022-03-09,1,0,0.9999962
55000900061097,2022-03-10,1,0,0.9999962
55000900061097,2022-03-11,1,0,0.9999962
55000900061097,2022-03-12,1,0,0.9999962
55000900061097,2022-03-13,1,0,0.9999962
55000900061097,2022-03-14,1,0,0.9999962
55000900061097,2022-03-15,1,0,0.9999962
55000900061097,2022-03-16,1,0,0.9999962
55000900061097,2022-03-17,1,0,0.9999962
55000900061097,2022-03-18,1,0,0.9999962
55000900061097,2022-03-19,1,0,0.9999962
55000900061097,2022-03-20,1,0,0.9999962
55000900061097,2022-03-21,1,0,0.9999962
55000900061097,2022-03-22,1,0,0.9999962
55000900061097,2022-03-23,1,0,0.9999962
55000900061097,2022-03-24,1,0,0.9999962
55000900061097,2022-03-25,1,0,0.9999962
55000900061097,2022-03-26,1,0,0.9999962
55000900061097,2022-03-27,1,0,0.9999962
55000900061097,2022-03-28,1,0,0.9999962
55000900061097,2022-03-29,1,0,0.9999962
55000900061097,2022-03-30,1,0,0.9999962
55000900061097,2022-03-31,1,0,0.9999962
55000900061097,2022-04-01,1,0,0.9999962
55000900061097,2022-04-02,1,0,0.9999962
55000900061097,2022-04-03,1,0,0.9999962
55000900061097,2022-04-04,1,0,0.9999962
55000900061097,2022-04-05,1,0,0.9999962
55000900061097,2022-04-06,1,0,0.9999962
55000900061097,2022-04-07,1,0,0.9999962
55000900061097,2022-04-08,1,0,0.9999962
55000900061097,2022-04-09,1,0,0.9999962
55000900061097,2022-04-10,1,0,0.9999962
55000900061097,2022-04-11,1,0,0.9999962
55000900061097,2022-04-12,1,0,0.9999962
55000900061097,2022-04-13,1,0,0.9999962
55000900061097,2022-04-14,1,0,0.9999962
55000900061097,2022-04-15,1,0,0.9999962
55000900061097,2022-04-16,1,0,0.9999962
55000900061097,2022-04-17,1,0,0.9999962
55000900061097,2022-04-18,1,0,0.9999962
55000900061097,2022-04-19,1,0,0.9999962
55000900061097,2022-04-20,1,0,0.9999962
55000900061097,2022-04-21,1,0,0.9999962
55000900061097,2022-04-22,1,0,0.9999962
55000900061097,2022-04-23,1,0,0.9999962
55000900061097,2022-04-24,1,0,0.9999962
55000900061097,2022-04-25,1,0,0.9999962
55000900061097,2022-04-26,1,0,0.9999962
55000900061097,2022-04-27,1,0,0.9999962
55000900061097,2022-04-28,1,0,0.9999962
55000900061097,2022-04-29,1,0,0.9999962
55000900061097,2022-04-30,1,0,0.9999962
55000900061097,2022-05-01,1,0,0.9999962
55000900061097,2022-05-02,1,0,0.9999962
55000900061097,2022-05-03,1,0,0.9999962
55000900061097,2022-05-04,1,0,0.9999962
55000900061097,2022-05-05,1,0,0.9999962
55000900061097,2022-05-06,1,0,0.9999962
55000900061097,2022-05-07,1,0,0.9999962
55000900061097,2022-05-08,1,0,0.9999962
55000900061097,2022-05-09,1,0,0.9999962
55000900061097,2022-05-10,1,0,0.9999962
55000900061097,2022-05-11,1,0,0.9999962
55000900061097,2022-05-12,1,0,0.9999962
55000900061097,2022-05-13,1,0,0.9999962
55000900061097,2022-05-14,1,0,0.9999962
55000900061097,2022-05-15,1,0,0.9999962
55000900061097,2022-05-16,1,0,0.9999962
55000900061097,2022-05-17,1,0,0.9999962
55000900061097,2022-05-18,1,0,0.9999962
55000900061097,2022-05-19,1,0,0.9999962
55000900061097,2022-05-20,1,0,0.9999962
55000900061097,2022-05-21,1,0,0.9999962
55000900061097,2022-05-22,1,0,0.9999962
55000900061097,2022-05-23,1,0,0.9999962
55000900061097,2022-05-24,1,0,0.9999962
55000900061097,2022-05-25,1,0,0.9999962
55000900061097,2022-05-26,1,0,0.9999962
55000900061097,2022-05-27,1,0,0.9999962
55000900061097,2022-05-28,1,0,0.9999962
55000900061097,2022-05-29,1,0,0.9999962
55000900061097,2022-05-30,1,0,0.9999962
55000900061097,2022-05-31,1,0,0.9999962
55000900061097,2022-06-01,1,0,0.9999962
55000900061097,2022-06-02,1,0,0.9999962
55000900061097,2022-06-03,1,0,0.9999962
55000900061097,2022-06-04,1,0,0.9999962
55000900061097,2022-06-05,1,0,0.9999962
55000900061097,2022-06-06,1,0,0.9999962
55000900061097,2022-06-07,1,0,0.9999962
55000900061097,2022-06-08,1,0,0.9999962
55000900061097,2022-06-09,1,0,0.9999962
55000900061097,2022-06-10,1,0,0.9999962
55000900061097,2022-06-11,1,0,0.9999962
55000900061097,2022-06-12,1,0,0.9999962
55000900061097,2022-06-13,1,0,0.9999962
55000900061097,2022-06-14,1,0,0.9999962
55000900061097,2022-06-15,1,0,0.9999962
55000900061097,2022-06-16,1,0,0.9999962
55000900061097,2022-06-17,1,0,0.9999962
55000900061097,2022-06-18,1,0,0.9999962
55000900061097,2022-06-19,1,0,0.9999962
55000900061097,2022-06-20,1,0,0.9999962
55000900061097,2022-06-21,1,0,0.9999962
55000900061097,2022-06-22,1,0,0.9999962
55000900061097,2022-06-23,1,0,0.9999962
55000900061097,2022-06-24,1,0,0.9999962
55000900061097,2022-06-25,1,0,0.9999962
55000900061097,2022-06-26,1,0,0.9999962
55000900061097,2022-06-27,1,0,0.9999962
55000900061097,2022-06-28,1,0,0.9999962
55000900061097,2022-06-29,1,0,0.9999962
55000900061097,2022-06-30,1,0,0.9999962
55000900061097,2022-07-01,1,0,0.9999962
55000900061097,2022-07-02,1,0,0.9999962
55000900061097,2022-07-03,1,0,0.9999962
55000900061097,2022-07-04,1,0,0.9999962
55000900061097,2022-07-05,1,0,0.9999962
55000900061097,2022-07-06,1,0,0.9999962
55000900061097,2022-07-07,1,0,0.9999962
55000900061097,2022-07-08,1,0,0.9999962
55000900061097,2022-07-09,1,0,0.9999962
55000900061097,2022-07-10,1,0,0.9999962
55000900061097,2022-07-11,1,0,0.9999962
55000900061097,2022-07-12,1,0,0.9999962
55000900061097,2022-07-13,1,0,0.9999962
55000900061097,2022-07-14,1,0,0.9999962
55000900061097,2022-07-15,1,0,0.9999962
55000900061097,2022-07-16,1,0,0.9999962
55000900061097,2022-07-17,1,0,0.9999962
55000900061097,2022-07-18,1,0,0.9999962
55000900061097,2022-07-19,1,0,0.9999962
55000900061097,2022-07-20,1,0,0.9999962
55000900061097,2022-07-21,1,0,0.9999962
55000900061097,2022-07-22,1,0,0.9999962
55000900061097,2022-07-23,1,0,0.9999962
55000900061097,2022-07-24,1,0,0.9999962
55000900061097,2022-07-25,1,0,0.9999962
55000900061097,2022-07-26,1,0,0.9999962
55000900061097,2022-07-27,1,0,0.9999962
55000900061097,2022-07-28,1,0,0.9999962
55000900061097,2022-07-29,1,0,0.9999962
55000900061097,2022-07-30,1,0,0.9999962
55000900061097,2022-07-31,1,0,0.9999962
55000900061097,2022-08-01,1,0,0.9999962
55000900061097,2022-08-02,1,0,0.9999962
55000900061097,2022-08-03,1,0,0.9999962
55000900061097,2022-08-04,1,0,0.9999962
55000900061097,2022-08-05,1,0,0.9999962
55000900061097,2022-08-06,1,0,0.9999962
55000900061097,2022-08-07,1,0,0.9999962
55000900061097,2022-08-08,1,0,0.9999962
55000900061097,2022-08-09,1,0,0.9999962
55000900061097,2022-08-10,1,0,0.9999962
55000900061097,2022-08-11,1,0,0.9999962
55000900061097,2022-08-12,1,0,0.9999962
55000900061097,2022-08-13,1,0,0.9999962
55000900061097,2022-08-14,1,0,0.9999962
55000900061097,2022-08-15,1,0,0.9999962
55000900061097,2022-08-16,1,0,0.9999962
55000900061097,2022-08-17,1,0,0.9999962
55000900061097,2022-08-18,1,0,0.9999962
55000900061097,2022-08-19,1,0,0.9999962
55000900061097,2022-08-20,1,0,0.9999962
55000900061097,2022-08-21,1,0,0.9999962
55000900061097,2022-08-22,1,0,0.9999962
55000900061097,2022-08-23,1,0,0.9999962
55000900061097,2022-08-24,1,0,0.9999962
55000900061097,2022-08-25,1,0,0.9999962
55000900061097,2022-08-26,1,0,0.9999962
55000900061097,2022-08-27,1,0,0.9999962
55000900061097,2022-08-28,1,0,0.9999962
55000900061097,2022-08-29,1,0,0.9999962
55000900061097,2022-08-30,1,0,0.9999962
55000900061097,2022-08-31,1,0,0.9999962
55000900061097,2022-09-01,1,0,0.9999962
55000900061097,2022-09-02,1,0,0.9999962
55000900061097,2022-09-03,1,0,0.9999962
55000900061097,2022-09-04,1,0,0.9999962
55000900061097,2022-09-05,1,0,0.9999962
55000900061097,2022-09-06,1,0,0.9999962
55000900061097,2022-09-07,1,0,0.9999962
55000900061097,2022-09-08,1,0,0.9999962
55000900061097,2022-09-09,1,0,0.9999962
55000900061097,2022-09-10,1,0,0.9999962
55000900061097,2022-09-11,1,0,0.9999962
55000900061097,2022-09-12,1,0,0.9999962
55000900061097,2022-09-13,1,0,0.9999962
55000900061097,2022-09-14,1,0,0.9999962
55000900061097,2022-09-15,1,0,0.9999962
55000900061097,2022-09-16,1,0,0.9999962
55000900061097,2022-09-17,1,0,0.9999962
55000900061097,2022-09-18,1,0,0.9999962
55000900061097,2022-09-19,1,0,0.9999962
55000900061097,2022-09-20,1,0,0.9999962
55000900061097,2022-09-21,1,0,0.9999962
55000900061097,2022-09-22,1,0,0.9999962
55000900061097,2022-09-23,1,0,0.9999962
55000900061097,2022-09-24,1,0,0.9999962
55000900061097,2022-09-25,1,0,0.9999962
55000900061097,2022-09-26,1,0,0.9999962
55000900061097,2022-09-27,1,0,0.9999962
55000900061097,2022-09-28,1,0,0.9999962
55000900061097,2022-09-29,1,0,0.9999962
55000900061097,2022-09-30,1,0,0.9999962
55000900061097,2022-10-01,1,0,0.9999962
55000900061097,2022-10-02,1,0,0.9999962
55000900061097,2022-10-03,1,0,0.9999962
55000900061097,2022-10-04,1,0,0.9999962
55000900061097,2022-10-05,1,0,0.9999962
55000900061097,2022-10-06,1,0,0.9999962
55000900061097,2022-10-07,1,0,0.9999962
55000900061097,2022-10-08,1,0,0.9999962
55000900061097,2022-10-09,1,0,0.9999962
55000900061097,2022-10-10,1,0,0.9999962
55000900061097,2022-10-11,1,0,0.9999962
55000900061097,2022-10-12,1,0,0.9999962
55000900061097,2022-10-13,1,0,0.9999962
55000900061097,2022-10-14,1,0,0.9999962
55000900061097,2022-10-15,1,0,0.9999962
55000900061097,2022-10-16,1,0,0.9999962
55000900061097,2022-10-17,1,0,0.9999962
55000900061097,2022-10-18,1,0,0.9999962
55000900061097,2022-10-19,1,0,0.9999962
55000900061097,2022-10-20,1,0,0.9999962
55000900061097,2022-10-21,1,0,0.9999962
55000900061097,2022-10-22,1,0,0.9999962
55000900061097,2022-10-23,1,0,0.9999962
55000900061097,2022-10-24,1,0,0.9999962
55000900061097,2022-10-25,1,0,0.9999962
55000900061097,2022-10-26,1,0,0.9999962
55000900061097,2022-10-27,1,0,0.9999962
55000900061097,2022-10-28,1,0,0.9999962
55000900061097,2022-10-29,1,0,0.9999962
55000900061097,2022-10-30,1,0,0.9999962
55000900061097,2022-10-31,1,0,0.9999962
55000900061097,2022-11-01,1,0,0.9999962
55000900061097,2022-11-02,1,0,0.9999962
55000900061097,2022-11-03,1,0,0.9999962
55000900061097,2022-11-04,1,0,0.9999962
55000900061097,2022-11-05,1,0,0.9999962
55000900061097,2022-11-06,1,0,0.9999962
55000900061097,2022-11-07,1,0,0.9999962
55000900061097,2022-11-08,1,0,0.9999962
55000900061097,2022-11-09,1,0,0.9999962
55000900061097,2022-11-10,1,0,0.9999962
55000900061097,2022-11-11,1,0,0.9999962
55000900061097,2022-11-12,1,0,0.9999962
55000900061097,2022-11-13,1,0,0.9999962
55000900061097,2022-11-14,1,0,0.9999962
55000900061097,2022-11-15,1,0,0.9999962
55000900061097,2022-11-16,1,0,0.9999962
55000900061097,2022-11-17,1,0,0.9999962
55000900061097,2022-11-18,1,0,0.9999962
55000900061097,2022-11-19,1,0,0.9999962
55000900061097,2022-11-20,1,0,0.9999962
55000900061097,2022-11-21,1,0,0.9999962
55000900061097,2022-11-22,1,0,0.9999962
55000900061097,2022-11-23,1,0,0.9999962
55000900061097,2022-11-24,1,0,0.9999962
55000900061097,2022-11-25,1,0,0.9999962
55000900061097,2022-11-26,1,0,0.9999962
55000900061097,2022-11-27,1,0,0.9999962
55000900061097,2022-11-28,1,0,0.9999962
55000900061097,2022-11-29,1,0,0.9999962
55000900061097,2022-11-30,1,0,0.9999962
55000900061097,2022-12-01,1,0,0.9999962
55000900061097,2022-12-02,1,0,0.9999962
55000900061097,2022-12-03,1,0,0.9999962
55000900061097,2022-12-04,1,0,0.9999962
55000900061097,2022-12-05,1,0,0.9999962
55000900061097,2022-12-06,1,0,0.9999962
55000900061097,2022-12-07,1,0,0.9999962
55000900061097,2022-12-08,1,0,0.9999962
55000900061097,2022-12-09,1,0,0.9999962
55000900061097,2022-12-10,1,0,0.9999962
55000900061097,2022-12-11,1,0,0.9999962
55000900061097,2022-12-12,1,0,0.9999962
55000900061097,2022-12-13,1,0,0.9999962
55000900061097,2022-12-14,1,0,0.9999962
55000900061097,2022-12-15,1,0,0.9999962
55000900061097,2022-12-16,1,0,0.9999962
55000900061097,2022-12-17,1,0,0.9999962
55000900061097,2022-12-18,1,0,0.9999962
55000900061097,2022-12-19,1,0,0.9999962
55000900061097,2022-12-20,1,0,0.9999962
55000900061097,2022-12-21,1,0,0.9999962
55000900061097,2022-12-22,1,0,0.9999962
55000900061097,2022-12-23,1,0,0.9999962
55000900061097,2022-12-24,1,0,0.9999962
55000900061097,2022-12-25,1,0,0.9999962
55000900061097,2022-12-26,1,0,0.9999962
55000900061097,2022-12-27,1,0,0.9999962
55000900061097,2022-12-28,1,0,0.9999962
55000900061097,2022-12-29,1,0,0.9999962
55000900061097,2022-12-30,1,0,0.9999962
55000900061097,2022-12-31,1,0,0.9999962
55000900061097,2023-01-01,1,0,0.9999962
55000900061097,2023-01-02,1,0,0.9999962
55000900061097,2023-01-03,1,0,0.9999962
55000900061097,2023-01-04,1,0,0.9999962
55000900061097,2023-01-05,1,0,0.9999962
55000900061097,2023-01-06,1,0,0.9999962
55000900061097,2023-01-07,1,0,0.9999962
55000900061097,2023-01-08,1,0,0.9999962
55000900061097,2023-01-09,1,0,0.9999962
55000900061097,2023-01-10,1,0,0.9999962
55000900061097,2023-01-11,1,0,0.9999962
55000900061097,2023-01-12,1,0,0.9999962
55000900061097,2023-01-13,1,0,0.9999962
55000900061097,2023-01-14,1,0,0.9999962
55000900061097,2023-01-15,1,0,0.9999962
55000900061097,2023-01-16,1,0,0.9999962
55000900061097,2023-01-17,1,0,0.9999962
55000900061097,2023-01-18,1,0,0.9999962
55000900061097,2023-01-19,1,0,0.9999962
55000900061097,2023-01-20,1,0,0.9999962
55000900061097,2023-01-21,1,0,0.9999962
55000900061097,2023-01-22,1,0,0.9999962
55000900061097,2023-01-23,1,0,0.9999962
55000900061097,2023-01-24,1,0,0.9999962
55000900061097,2023-01-25,1,0,0.9999962
55000900061097,2023-01-26,1,0,0.9999962
55000900061097,2023-01-27,1,0,0.9999962
55000900061097,2023-01-28,1,0,0.9999962
55000900061097,2023-01-29,1,0,0.9999962
55000900061097,2023-01-30,1,0,0.9999962
55000900061097,2023-01-31,1,0,0.9999962
55000900061097,2023-02-01,1,0,0.9999962
55000900061097,2023-02-02,1,0,0.9999962
55000900061097,2023-02-03,1,0,0.9999962
55000900061097,2023-02-04,1,0,0.9999962
55000900061097,2023-02-05,1,0,0.9999962
55000900061097,2023-02-06,1,0,0.9999962
55000900061097,2023-02-07,1,0,0.9999962
55000900061097,2023-02-08,1,0,0.9999962
55000900061097,2023-02-09,1,0,0.9999962
55000900061097,2023-02-10,1,0,0.9999962
55000900061097,2023-02-11,1,0,0.9999962
55000900061097,2023-02-12,1,0,0.9999962
55000900061097,2023-02-13,1,0,0.9999962
55000900061097,2023-02-14,1,0,0.9999962
55000900061097,2023-02-15,1,0,0.9999962
55000900061097,2023-02-16,1,0,0.9999962
55000900061097,2023-02-17,1,0,0.9999962
55000900061097,2023-02-18,1,0,0.9999962
55000900061097,2023-02-19,1,0,0.9999962
55000900061097,2023-02-20,1,0,0.9999962
55000900061097,2023-02-21,1,0,0.9999962
55000900061097,2023-02-22,1,0,0.9999962
55000900061097,2023-02-23,1,0,0.9999962
55000900061097,2023-02-24,1,0,0.9999962
55000900061097,2023-02-25,1,0,0.9999962
55000900061097,2023-02-26,1,0,0.9999962
55000900061097,2023-02-27,1,0,0.9999962
55000900061097,2023-02-28,1,0,0.9999962
55000900061097,2023-03-01,1,0,0.9999962
55000900061097,2023-03-02,1,0,0.9999962
55000900061097,2023-03-03,1,0,0.9999962
55000900061097,2023-03-04,1,0,0.9999962
55000900061097,2023-03-05,1,0,0.9999962
55000900061097,2023-03-06,1,0,0.9999962
55000900061097,2023-03-07,1,0,0.9999962
55000900061097,2023-03-08,1,0,0.9999962
55000900061097,2023-03-09,1,0,0.9999962
55000900061097,2023-03-10,1,0,0.9999962
55000900061097,2023-03-11,1,0,0.9999962
55000900061097,2023-03-12,1,0,0.9999962
55000900061097,2023-03-13,1,0,0.9999962
55000900061097,2023-03-14,1,0,0.9999962
55000900061097,2023-03-15,1,0,0.9999962
55000900061097,2023-03-16,1,0,0.9999962
55000900061097,2023-03-17,1,0,0.9999962
55000900061097,2023-03-18,1,0,0.9999962
55000900061097,2023-03-19,1,0,0.9999962
55000900061097,2023-03-20,1,0,0.9999962
55000900061097,2023-03-21,1,0,0.9999962
55000900061097,2023-03-22,1,0,0.9999962
55000900061097,2023-03-23,1,0,0.9999962
55000900061097,2023-03-24,1,0,0.9999962
55000900061097,2023-03-25,1,0,0.9999962
55000900061097,2023-03-26,1,0,0.9999962
55000900061097,2023-03-27,1,0,0.9999962
55000900061097,2023-03-28,1,0,0.9999962
55000900061097,2023-03-29,1,0,0.9999962
55000900061097,2023-03-30,1,0,0.9999962
55000900061097,2023-03-31,1,0,0.9999962
55000900061097,2023-04-01,1,0,0.9999962
55000900061097,2023-04-02,1,0,0.9999962
55000900061097,2023-04-03,1,0,0.9999962
55000900061097,2023-04-04,1,0,0.9999962
55000900061097,2023-04-05,1,0,0.9999962
55000900061097,2023-04-06,1,0,0.9999962
55000900061097,2023-04-07,1,0,0.9999962
55000900061097,2023-04-08,1,0,0.9999962
55000900061097,2023-04-09,1,0,0.9999962
55000900061097,2023-04-10,1,0,0.9999962
55000900061097,2023-04-11,1,0,0.9999962
55000900061097,2023-04-12,1,0,0.9999962
55000900061097,2023-04-13,1,0,0.9999962
55000900061097,2023-04-14,1,0,0.9999962
55000900061097,2023-04-15,1,0,0.9999962
55000900061097,2023-04-16,1,0,0.9999962
55000900061097,2023-04-17,1,0,0.9999962
55000900061097,2023-04-18,1,0,0.9999962
55000900061097,2023-04-19,1,0,0.9999962
55000900061097,2023-04-20,1,0,0.9999962
55000900061097,2023-04-21,1,0,0.9999962
55000900061097,2023-04-22,1,0,0.9999962
55000900061097,2023-04-23,1,0,0.9999962
55000900061097,2023-04-24,1,0,0.9999962
55000900061097,2023-04-25,1,0,0.9999962
55000900061097,2023-04-26,1,0,0.9999962
55000900061097,2023-04-27,1,0,0.9999962
55000900061097,2023-04-28,1,0,0.9999962
55000900061097,2023-04-29,1,0,0.9999962
55000900061097,2023-04-30,1,0,0.9999962
55000900061097,2023-05-01,1,0,0.9999962
55000900061097,2023-05-02,1,0,0.9999962
55000900061097,2023-05-03,1,0,0.9999962
55000900061097,2023-05-04,1,0,0.9999962
55000900061097,2023-05-05,1,0,0.9999962
55000900061097,2023-05-06,1,0,0.9999962
55000900061097,2023-05-07,1,0,0.9999962
55000900061097,2023-05-08,1,0,0.9999962
55000900061097,2023-05-09,1,0,0.9999962
55000900061097,2023-05-10,1,0,0.9999962
55000900061097,2023-05-11,1,0,0.9999962
55000900061097,2023-05-12,1,0,0.9999962
55000900061097,2023-05-13,1,0,0.9999962
55000900061097,2023-05-14,1,0,0.9999962
55000900061097,2023-05-15,1,0,0.9999962
55000900061097,2023-05-16,1,0,0.9999962
55000900061097,2023-05-17,1,0,0.9999962
55000900061097,2023-05-18,1,0,0.9999962
55000900061097,2023-05-19,1,0,0.9999962
55000900061097,2023-05-20,1,0,0.9999962
55000900061097,2023-05-21,1,0,0.9999962
55000900061097,2023-05-22,1,0,0.9999962
55000900061097,2023-05-23,1,0,0.9999962
55000900061097,2023-05-24,1,0,0.9999962
55000900061097,2023-05-25,1,0,0.9999962
55000900061097,2023-05-26,1,0,0.9999962
55000900061097,2023-05-27,1,0,0.9999962
55000900061097,2023-05-28,1,0,0.9999962
55000900061097,2023-05-29,1,0,0.9999962
55000900061097,2023-05-30,1,0,0.9999962
55000900061097,2023-05-31,1,0,0.9999962
55000900061097,2023-06-01,1,0,0.9999962
55000900061097,2023-06-02,1,0,0.9999962
55000900061097,2023-06-03,1,0,0.9999962
55000900061097,2023-06-04,1,0,0.9999962
55000900061097,2023-06-05,1,0,0.9999962
55000900061097,2023-06-06,1,0,0.9999962
55000900061097,2023-06-07,1,0,0.9999962
55000900061097,2023-06-08,1,0,0.9999962
55000900061097,2023-06-09,1,0,0.9999962
55000900061097,2023-06-10,1,0,0.9999962
55000900061097,2023-06-11,1,0,0.9999962
55000900061097,2023-06-12,1,0,0.9999962
55000900061097,2023-06-13,1,0,0.9999962
55000900061097,2023-06-14,1,0,0.9999962
55000900061097,2023-06-15,1,0,0.9999962
55000900061097,2023-06-16,1,0,0.9999962
55000900061097,2023-06-17,1,0,0.9999962
55000900061097,2023-06-18,1,0,0.9999962
55000900061097,2023-06-19,1,0,0.9999962
55000900061097,2023-06-20,1,0,0.9999962
55000900061097,2023-06-21,1,0,0.9999962
55000900061097,2023-06-22,1,0,0.9999962
55000900061097,2023-06-23,1,0,0.9999962
55000900061097,2023-06-24,1,0,0.9999962
55000900061097,2023-06-25,1,0,0.9999962
55000900095919,2020-09-11,0,0,0.16125374
55000900095919,2020-09-12,0,0,0.16125374
55000900095919,2020-09-13,0,0,0.16125374
55000900095919,2020-09-14,0,0,0.16125374
55000900095919,2020-09-20,1,0,0.16125374
55000900095919,2020-09-21,1,0,0.16125374
55000900095919,2020-09-22,0,0,0.16125374
55000900095919,2020-09-23,1,0,0.64316237
55000900095919,2020-09-24,1,0,0.6565074
55000900095919,2020-09-25,1,0,0.21580598
55000900095919,2020-09-26,1,0,0.65428084
55000900095919,2020-09-27,1,0,0.7383449
55000900095919,2020-09-28,1,0,0.76108533
55000900095919,2020-09-29,1,0,0.81760997
55000900095919,2020-09-30,0,0,0.8829846
55000900095919,2020-10-01,0,0,0.9250308
55000900095919,2020-10-02,0,0,0.9379505
55000900095919,2020-10-03,0,0,0.27943596
55000900095919,2020-10-04,0,0,0.18999425
55000900095919,2020-10-05,0,0,0.16997644
55000900095919,2020-10-06,0,0,0.16562802
55000900095919,2020-10-07,0,0,0.16417466
55000900095919,2020-10-08,0,0,0.16377002
55000900095919,2020-10-09,0,0,0.16354407
55000900095919,2020-10-10,1,0,0.16341722
55000900095919,2020-10-11,1,0,0.16330358
55000900095919,2020-10-12,1,0,0.16320561
55000900095919,2020-10-13,1,0,0.6445888
55000900095919,2020-10-14,1,0,0.67194486
55000900095919,2020-10-15,1,0,0.7571065
55000900095919,2020-10-16,1,0,0.7704329
55000900095919,2020-10-17,1,0,0.8241995
55000900095919,2020-10-18,0,0,0.8851407
55000900095919,2020-10-19,0,0,0.9273008
55000900095919,2020-10-20,0,0,0.93785965
55000900095919,2020-10-21,0,0,0.28302753
55000900095919,2020-10-22,0,0,0.190433
55000900095919,2020-10-23,0,0,0.17016429
55000900095919,2020-10-24,1,0,0.16567805
55000900095919,2020-10-25,0,0,0.16419147
55000900095919,2020-10-26,0,0,0.16377401
55000900095919,2020-10-27,0,0,0.6443809
55000900095919,2020-10-28,0,0,0.20417558
55000900095919,2020-10-29,0,0,0.16995074
55000900095919,2020-10-30,0,0,0.16243099
55000900095919,2020-10-31,0,0,0.16121614
55000900095919,2020-11-01,0,0,0.1610474
55000900095919,2020-11-02,0,0,0.16113783
55000900095919,2020-11-03,0,0,0.16130109
55000900095919,2020-11-04,0,0,0.1614314
55000900095919,2020-11-05,1,0,0.16152692
55000900095919,2020-11-06,1,0,0.161597
55000900095919,2020-11-07,1,0,0.16164806
55000900095919,2020-11-08,1,0,0.644005
55000900095919,2020-11-09,1,0,0.68024904
55000900095919,2020-11-10,1,0,0.7522144
55000900095919,2020-11-11,1,0,0.76472634
55000900095919,2020-11-12,1,0,0.8188457
55000900095919,2020-11-13,1,0,0.8801445
55000900095919,2020-11-14,1,0,0.9251152
55000900095919,2020-11-15,1,0,0.9363286
55000900095919,2020-11-16,1,0,0.9415443
55000900095919,2020-11-17,1,0,0.94501597
55000900095919,2020-11-18,1,0,0.947626
55000900095919,2020-11-19,1,0,0.9498841
55000900095919,2020-11-20,1,0,0.9519425
55000900095919,2020-11-21,1,0,0.9539796
55000900095919,2020-11-22,1,0,0.9560209
55000900095919,2020-11-23,1,0,0.9577015
55000900095919,2020-11-24,1,0,0.95898926
55000900095919,2020-11-25,1,0,0.96017873
55000900095919,2020-11-26,1,0,0.961518
55000900095919,2020-11-27,1,0,0.96258867
55000900095919,2020-11-28,1,0,0.9635814
55000900095919,2020-11-29,1,0,0.96450716
55000900095919,2020-11-30,1,0,0.96542925
55000900095919,2020-12-01,1,0,0.9664387
55000900095919,2020-12-03,1,0,0.96821445
55000900095919,2020-12-04,1,0,0.97097594
55000900095919,2020-12-05,1,0,0.9698482
55000900095919,2020-12-06,1,0,0.97594845
55000900095919,2020-12-07,1,0,0.9914397
55000900095919,2020-12-08,1,0,0.99562883
55000900095919,2020-12-09,1,0,0.99562883
55000900095919,2020-12-10,1,0,0.99562883
55000900095919,2020-12-11,1,0,0.99562883
55000900095919,2020-12-12,1,0,0.99562883
55000900095919,2020-12-13,1,0,0.99562883
55000900095919,2020-12-14,1,0,0.99562883
55000900095919,2020-12-15,1,0,0.99562883
55000900095919,2020-12-16,1,0,0.99562883
55000900095919,2020-12-17,1,0,0.99562883
55000900095919,2020-12-18,1,0,0.99562883
55000900095919,2020-12-19,1,0,0.99562883
55000900095919,2020-12-20,1,0,0.99562883
55000900095919,2020-12-21,1,0,0.99562883
55000900095919,2020-12-22,1,0,0.99562883
55000900095919,2020-12-23,1,0,0.99562883
55000900095919,2020-12-24,1,0,0.99562883
55000900095919,2020-12-25,1,0,0.99562883
55000900095919,2020-12-26,1,0,0.99562883
55000900095919,2020-12-27,1,0,0.99562883
55000900095919,2020-12-28,1,0,0.99562883
55000900095919,2020-12-29,1,0,0.99562883
55000900095919,2020-12-30,1,0,0.99562883
55000900095919,2020-12-31,1,0,0.99562883
55000900095919,2021-01-01,1,0,0.99562883
55000900095919,2021-01-02,1,0,0.99562883
55000900095919,2021-01-03,1,0,0.99562883
55000900095919,2021-01-04,1,0,0.99562883
55000900095919,2021-01-05,1,0,0.99562883
55000900095919,2021-01-06,1,0,0.99562883
55000900095919,2021-01-07,1,0,0.99562883
55000900095919,2021-01-08,1,0,0.99562883
55000900095919,2021-01-09,1,0,0.99562883
55000900095919,2021-01-10,1,0,0.99562883
55000900095919,2021-01-11,1,0,0.99562883
55000900095919,2021-01-12,1,0,0.99562883
55000900095919,2021-01-13,1,0,0.99562883
55000900095919,2021-01-14,1,0,0.99562883
55000900095919,2021-01-15,1,0,0.99562883
55000900095919,2021-01-16,1,0,0.99562883
55000900095919,2021-01-17,1,0,0.99562883
55000900095919,2021-01-18,1,0,0.99562883
55000900095919,2021-01-19,1,0,0.99562883
55000900095919,2021-01-20,1,0,0.99562883
55000900095919,2021-01-21,1,0,0.99562883
55000900095919,2021-01-22,1,0,0.99562883
55000900095919,2021-01-23,1,0,0.99562883
55000900095919,2021-01-24,1,0,0.99562883
55000900095919,2021-01-25,1,0,0.99562883
55000900095919,2021-01-26,1,0,0.99562883
55000900095919,2021-01-27,1,0,0.99562883
55000900095919,2021-01-28,1,0,0.99562883
55000900095919,2021-01-29,1,0,0.99562883
55000900095919,2021-01-30,1,0,0.99562883
55000900095919,2021-01-31,1,0,0.99562883
55000900095919,2021-02-01,1,0,0.99562883
55000900095919,2021-02-02,1,0,0.99562883
55000900095919,2021-02-03,1,0,0.99562883
55000900095919,2021-02-04,1,0,0.99562883
55000900095919,2021-02-05,1,0,0.99562883
55000900095919,2021-02-06,1,0,0.99562883
55000900095919,2021-02-07,1,0,0.99562883
55000900095919,2021-02-08,1,0,0.99562883
55000900095919,2021-02-09,1,0,0.99562883
55000900095919,2021-02-10,1,0,0.99562883
55000900095919,2021-02-11,1,0,0.99562883
55000900095919,2021-02-12,1,0,0.99562883
55000900095919,2021-02-13,1,0,0.99562883
55000900095919,2021-02-14,1,0,0.99562883
55000900095919,2021-02-15,1,0,0.99562883
55000900095919,2021-02-16,1,0,0.99562883
55000900095919,2021-02-17,1,0,0.99562883
55000900095919,2021-02-18,1,0,0.99562883
55000900095919,2021-02-19,1,0,0.99562883
55000900095919,2021-02-20,1,0,0.99562883
55000900095919,2021-02-21,1,0,0.99562883
55000900095919,2021-02-22,1,0,0.99562883
55000900095919,2021-02-23,1,0,0.99562883
55000900095919,2021-02-24,1,0,0.99562883
55000900095919,2021-02-25,1,0,0.99562883
55000900095919,2021-02-26,1,0,0.99562883
55000900095919,2021-02-27,1,0,0.99562883
55000900095919,2021-02-28,1,0,0.99562883
55000900095919,2021-03-01,1,0,0.99562883
55000900095919,2021-03-02,1,0,0.99562883
55000900095919,2021-03-03,1,0,0.99562883
55000900095919,2021-03-04,1,0,0.99562883
55000900095919,2021-03-05,1,0,0.99562883
55000900095919,2021-03-06,1,0,0.99562883
55000900095919,2021-03-07,1,0,0.99562883
55000900095919,2021-03-08,1,0,0.99562883
55000900095919,2021-03-09,1,0,0.99562883
55000900095919,2021-03-10,1,0,0.99562883
55000900095919,2021-03-11,1,0,0.99562883
55000900095919,2021-03-12,1,0,0.99562883
55000900095919,2021-03-13,1,0,0.99562883
55000900095919,2021-03-15,1,0,0.99562883
55000900095919,2021-03-16,1,0,0.99562883
55000900095919,2021-03-17,1,0,0.99562883
55000900095919,2021-03-18,1,0,0.99562883
55000900095919,2021-03-19,1,0,0.99562883
55000900095919,2021-03-20,1,0,0.99562883
55000900095919,2021-03-21,1,0,0.99562883
55000900095919,2021-03-22,1,0,0.99562883
55000900095919,2021-03-23,1,0,0.99562883
55000900095919,2021-03-24,1,0,0.99562883
55000900095919,2021-03-25,1,0,0.99562883
55000900095919,2021-03-26,1,0,0.99562883
55000900095919,2021-03-27,1,0,0.99562883
55000900095919,2021-03-28,1,0,0.99562883
55000900095919,2021-03-29,1,0,0.99562883
55000900095919,2021-03-30,1,0,0.99562883
55000900095919,2021-03-31,1,0,0.99562883
55000900095919,2021-04-01,1,0,0.99562883
55000900095919,2021-04-02,1,0,0.99562883
55000900095919,2021-04-03,1,0,0.99562883
55000900095919,2021-04-04,1,0,0.99562883
55000900095919,2021-04-05,1,0,0.99562883
55000900095919,2021-04-06,1,0,0.99562883
55000900095919,2021-04-07,1,0,0.99562883
55000900095919,2021-04-08,1,0,0.99562883
55000900095919,2021-04-09,1,0,0.99562883
55000900095919,2021-04-10,1,0,0.99562883
55000900095919,2021-04-11,1,0,0.99562883
55000900095919,2021-04-12,1,0,0.99562883
55000900095919,2021-04-13,1,0,0.99562883
55000900095919,2021-04-14,1,0,0.99562883
55000900095919,2021-04-15,1,0,0.99562883
55000900095919,2021-04-16,1,0,0.99562883
55000900095919,2021-04-17,1,0,0.99562883
55000900095919,2021-04-18,1,0,0.99562883
55000900095919,2021-04-19,1,0,0.99562883
55000900095919,2021-04-20,1,0,0.99562883
55000900095919,2021-04-21,1,0,0.99562883
55000900095919,2021-04-22,1,0,0.99562883
55000900095919,2021-04-23,1,0,0.99562883
55000900095919,2021-04-24,1,0,0.99562883
55000900095919,2021-04-25,1,0,0.99562883
55000900095919,2021-04-26,1,0,0.99562883
55000900095919,2021-04-27,1,0,0.99562883
55000900095919,2021-04-28,1,0,0.99562883
55000900095919,2021-04-29,1,0,0.99562883
55000900095919,2021-04-30,1,0,0.99562883
55000900095919,2021-05-01,1,0,0.99562883
55000900095919,2021-05-02,1,0,0.99562883
55000900095919,2021-05-03,1,0,0.99562883
55000900095919,2021-05-04,1,0,0.99562883
55000900095919,2021-05-05,1,0,0.99562883
55000900095919,2021-05-06,1,0,0.99562883
55000900095919,2021-05-07,1,0,0.99562883
55000900095919,2021-05-08,1,0,0.99562883
55000900095919,2021-05-09,1,0,0.99562883
55000900095919,2021-05-10,1,0,0.99562883
55000900095919,2021-05-11,1,0,0.99562883
55000900095919,2021-05-12,1,0,0.99562883
55000900095919,2021-05-13,1,0,0.99562883
55000900095919,2021-05-14,1,0,0.99562883
55000900095919,2021-05-15,1,0,0.99562883
55000900095919,2021-05-16,1,0,0.99562883
55000900095919,2021-05-17,1,0,0.99562883
55000900095919,2021-05-18,1,0,0.99562883
55000900095919,2021-05-19,1,0,0.99562883
55000900095919,2021-05-20,1,0,0.99562883
55000900095919,2021-05-21,1,0,0.99562883
55000900095919,2021-05-22,1,0,0.99562883
55000900095919,2021-05-23,1,0,0.99562883
55000900095919,2021-05-24,1,0,0.99562883
55000900095919,2021-05-26,1,0,0.99562883
55000900095919,2021-05-27,1,0,0.99562883
55000900095919,2021-05-28,1,0,0.99562883
55000900095919,2021-05-29,1,0,0.99562883
55000900095919,2021-05-30,1,0,0.99562883
55000900095919,2021-05-31,1,0,0.99562883
55000900095919,2021-06-01,1,0,0.99562883
55000900095919,2021-06-02,1,0,0.99562883
55000900095919,2021-06-03,1,0,0.99562883
55000900095919,2021-06-04,1,0,0.99562883
55000900095919,2021-06-05,1,0,0.99562883
55000900095919,2021-06-06,1,0,0.99562883
55000900095919,2021-06-07,1,0,0.99562883
55000900095919,2021-06-08,1,0,0.99562883
55000900095919,2021-06-09,1,0,0.99562883
55000900095919,2021-06-10,1,0,0.99562883
55000900095919,2021-06-11,1,0,0.99562883
55000900095919,2021-06-12,1,0,0.99562883
55000900095919,2021-06-13,1,0,0.99562883
55000900095919,2021-06-14,1,0,0.99562883
55000900095919,2021-06-15,1,0,0.99562883
55000900095919,2021-06-16,1,0,0.99562883
55000900095919,2021-06-17,1,0,0.99562883
55000900095919,2021-06-18,1,0,0.99562883
55000900095919,2021-06-19,1,0,0.99562883
55000900095919,2021-06-20,1,0,0.99562883
55000900095919,2021-06-21,1,0,0.99562883
55000900095919,2021-06-22,1,0,0.99562883
55000900095919,2021-06-23,1,0,0.99562883
55000900095919,2021-06-24,1,0,0.99562883
55000900095919,2021-06-25,1,0,0.99562883
55000900095919,2021-06-26,1,0,0.99562883
55000900095919,2021-06-27,1,0,0.99562883
55000900095919,2021-06-28,1,0,0.99562883
55000900095919,2021-06-29,1,0,0.99562883
55000900095919,2021-06-30,1,0,0.99562883
55000900095919,2021-07-01,1,0,0.99562883
55000900095919,2021-07-02,1,0,0.99562883
55000900095919,2021-07-03,1,0,0.99562883
55000900095919,2021-07-04,1,0,0.99562883
55000900095919,2021-07-05,1,0,0.99562883
55000900095919,2021-07-06,1,0,0.99562883
55000900095919,2021-07-07,1,0,0.99562883
55000900095919,2021-07-08,1,0,0.99562883
55000900095919,2021-07-09,1,0,0.99562883
55000900095919,2021-07-10,1,0,0.99562883
55000900095919,2021-07-11,1,0,0.99562883
55000900095919,2021-07-12,1,0,0.99562883
55000900095919,2021-07-13,1,0,0.99562883
55000900095919,2021-07-14,1,0,0.99562883
55000900095919,2021-07-15,1,0,0.99562883
55000900095919,2021-07-16,1,0,0.99562883
55000900095919,2021-07-17,1,0,0.99562883
55000900095919,2021-07-18,1,0,0.99562883
55000900095919,2021-07-19,1,0,0.99562883
55000900095919,2021-07-20,1,0,0.99562883
55000900095919,2021-07-21,1,0,0.99562883
55000900095919,2021-07-22,1,0,0.99562883
55000900095919,2021-07-23,1,0,0.99562883
55000900095919,2021-07-24,1,0,0.99562883
55000900095919,2021-07-25,1,0,0.99562883
55000900095919,2021-07-26,1,0,0.99562883
55000900095919,2021-07-27,1,0,0.99562883
55000900095919,2021-07-28,1,0,0.99562883
55000900095919,2021-07-29,1,0,0.99562883
55000900095919,2021-07-30,1,0,0.99562883
55000900095919,2021-07-31,1,0,0.99562883
55000900095919,2021-08-01,1,0,0.99562883
55000900095919,2021-08-02,1,0,0.99562883
55000900095919,2021-08-03,1,0,0.99562883
55000900095919,2021-08-04,1,0,0.99562883
55000900095919,2021-08-05,1,0,0.99562883
55000900095919,2021-08-06,1,0,0.99562883
55000900095919,2021-08-07,1,0,0.99562883
55000900095919,2021-08-08,0,0,0.99562883
55000900095919,2021-08-09,0,0,0.99562883
55000900095919,2021-08-10,0,0,0.99562883
55000900095919,2021-08-11,0,0,0.3736765
55000900095919,2021-08-12,0,0,0.15850683
55000900095919,2021-08-13,0,0,0.16063492
55000900095919,2021-08-14,0,0,0.16393442
55000900095919,2021-08-15,0,0,0.16389835
55000900095919,2021-08-16,0,0,0.16374007
55000900095919,2021-08-17,0,0,0.16355564
55000900095919,2021-08-19,0,0,0.1634401
55000900095919,2021-08-20,0,0,0.1633264
55000900095919,2021-08-21,0,0,0.1632272
55000900095919,2021-08-22,0,0,0.1631281
55000900095919,2021-08-23,0,0,0.1630317
55000900095919,2021-08-24,0,0,0.16293818
55000900095919,2021-08-25,0,0,0.16284475
55000900095919,2021-08-26,0,0,0.1627527
55000900095919,2021-08-27,0,0,0.16266324
55000900095919,2021-08-28,0,0,0.16257258
55000900095919,2021-08-29,0,0,0.16247502
55000900095919,2021-08-30,0,0,0.16238259
55000900095919,2021-08-31,0,0,0.16228919
55000900095919,2021-09-01,0,0,0.16219757
55000900095919,2021-09-02,0,0,0.16211572
55000900095919,2021-09-03,0,0,0.16204667
55000900095919,2021-09-04,0,0,0.16198069
55000900095919,2021-09-05,0,0,0.16190471
55000900095919,2021-09-06,0,0,0.16173938
55000900095919,2021-09-07,0,0,0.16144297
55000900095919,2021-09-08,0,0,0.1616358
55000900095919,2021-09-09,0,0,0.15886058
55000900095919,2021-09-10,0,0,0.16125374
55000900095919,2021-09-11,0,0,0.16125374
55000900095919,2021-09-12,0,0,0.16125374
55000900095919,2021-09-13,0,0,0.16125374
55000900095919,2021-09-14,0,0,0.16125374
55000900095919,2021-09-15,0,0,0.16125374
55000900095919,2021-09-16,0,0,0.16125374
55000900095919,2021-09-17,0,0,0.16125374
55000900095919,2021-09-18,1,0,0.16125374
55000900095919,2021-09-19,1,0,0.16125374
55000900095919,2021-09-20,1,0,0.16125374
55000900095919,2021-09-21,1,0,0.64316237
55000900095919,2021-09-22,1,0,0.6565074
55000900095919,2021-09-23,1,0,0.7553885
55000900095919,2021-09-24,1,0,0.7683419
55000900095919,2021-09-25,1,0,0.8099539
55000900095919,2021-09-26,1,0,0.86724013
55000900095919,2021-09-27,1,0,0.92203254
55000900095919,2021-09-28,1,0,0.9363554
55000900095919,2021-09-29,1,0,0.9420028
55000900095919,2021-09-30,1,0,0.9456709
55000900095919,2021-10-01,1,0,0.94834346
55000900095919,2021-10-02,1,0,0.95053864
55000900095919,2021-10-03,1,0,0.9525343
55000900095919,2021-10-04,1,0,0.9543801
55000900095919,2021-10-05,1,0,0.9560917
55000900095919,2021-10-06,1,0,0.9576511
55000900095919,2021-10-07,1,0,0.95906425
55000900095919,2021-10-08,1,0,0.96035075
55000900095919,2021-10-09,1,0,0.961518
55000900095919,2021-10-10,1,0,0.96258867
55000900095919,2021-10-11,1,0,0.9635814
55000900095919,2021-10-12,1,0,0.96450716
55000900095919,2021-10-13,1,0,0.96542925
55000900095919,2021-10-14,1,0,0.9664387
55000900095919,2021-10-15,1,0,0.96821445
55000900095919,2021-10-16,1,0,0.97097594
55000900095919,2021-10-17,1,0,0.9698482
55000900095919,2021-10-18,1,0,0.97594845
55000900095919,2021-10-19,1,0,0.9914397
55000900095919,2021-10-20,1,0,0.99562883
55000900095919,2021-10-21,1,0,0.99562883
55000900095919,2021-10-22,1,0,0.99562883
55000900095919,2021-10-23,1,0,0.99562883
55000900095919,2021-10-24,1,0,0.99562883
55000900095919,2021-10-25,1,0,0.99562883
55000900095919,2021-10-26,1,0,0.99562883
55000900095919,2021-10-27,1,0,0.99562883
55000900095919,2021-10-28,1,0,0.99562883
55000900095919,2021-10-29,1,0,0.99562883
55000900095919,2021-10-30,1,0,0.99562883
55000900095919,2021-10-31,1,0,0.99562883
55000900095919,2021-11-01,1,0,0.99562883
55000900095919,2021-11-02,1,0,0.99562883
55000900095919,2021-11-03,1,0,0.99562883
55000900095919,2021-11-04,1,0,0.99562883
55000900095919,2021-11-05,1,0,0.99562883
55000900095919,2021-11-06,1,0,0.99562883
55000900095919,2021-11-07,1,0,0.99562883
55000900095919,2021-11-08,1,0,0.99562883
55000900095919,2021-11-09,1,0,0.99562883
55000900095919,2021-11-10,1,0,0.99562883
55000900095919,2021-11-11,1,0,0.99562883
55000900095919,2021-11-12,1,0,0.99562883
55000900095919,2021-11-13,1,0,0.99562883
55000900095919,2021-11-14,1,0,0.99562883
55000900095919,2021-11-15,1,0,0.99562883
55000900095919,2021-11-16,1,0,0.99562883
55000900095919,2021-11-17,1,0,0.99562883
55000900095919,2021-11-18,1,0,0.99562883
55000900095919,2021-11-19,1,0,0.99562883
55000900095919,2021-11-20,1,0,0.99562883
55000900095919,2021-11-21,1,0,0.99562883
55000900095919,2021-11-22,1,0,0.99562883
55000900095919,2021-11-23,1,0,0.99562883
55000900095919,2021-11-24,1,0,0.99562883
55000900095919,2021-11-25,1,0,0.99562883
55000900095919,2021-11-26,1,0,0.99562883
55000900095919,2021-11-27,1,0,0.99562883
55000900095919,2021-11-28,1,0,0.99562883
55000900095919,2021-11-29,1,0,0.99562883
55000900095919,2021-11-30,1,0,0.99562883
55000900095919,2021-12-01,1,0,0.99562883
55000900095919,2021-12-02,1,0,0.99562883
55000900095919,2021-12-03,1,0,0.99562883
55000900095919,2021-12-04,1,0,0.99562883
55000900095919,2021-12-05,1,0,0.99562883
55000900095919,2021-12-06,1,0,0.99562883
55000900095919,2021-12-07,1,0,0.99562883
55000900095919,2021-12-08,1,0,0.99562883
55000900095919,2021-12-09,1,0,0.99562883
55000900095919,2021-12-10,1,0,0.99562883
55000900095919,2021-12-11,1,0,0.99562883
55000900095919,2021-12-12,1,0,0.99562883
55000900095919,2021-12-13,1,0,0.99562883
55000900095919,2021-12-14,1,0,0.99562883
55000900095919,2021-12-15,1,0,0.99562883
55000900095919,2021-12-16,1,0,0.99562883
55000900095919,2021-12-17,1,0,0.99562883
55000900095919,2021-12-18,1,0,0.99562883
55000900095919,2021-12-19,1,0,0.99562883
55000900095919,2021-12-20,1,0,0.99562883
55000900095919,2021-12-21,1,0,0.99562883
55000900095919,2021-12-22,1,0,0.99562883
55000900095919,2021-12-23,1,0,0.99562883
55000900095919,2021-12-24,1,0,0.99562883
55000900095919,2021-12-25,1,0,0.99562883
55000900095919,2021-12-26,1,0,0.99562883
55000900095919,2021-12-27,1,0,0.99562883
55000900095919,2021-12-28,1,0,0.99562883
55000900095919,2021-12-29,1,0,0.99562883
55000900095919,2021-12-30,1,0,0.99562883
55000900095919,2021-12-31,1,0,0.99562883
55000900095919,2022-01-01,1,0,0.99562883
55000900095919,2022-01-02,1,0,0.99562883
55000900095919,2022-01-03,1,0,0.99562883
55000900095919,2022-01-04,1,0,0.99562883
55000900095919,2022-01-05,1,0,0.99562883
55000900095919,2022-01-06,1,0,0.99562883
55000900095919,2022-01-07,1,0,0.99562883
55000900095919,2022-01-08,1,0,0.99562883
55000900095919,2022-01-09,1,0,0.99562883
55000900095919,2022-01-10,1,0,0.99562883
55000900095919,2022-01-11,1,0,0.99562883
55000900095919,2022-01-12,1,0,0.99562883
55000900095919,2022-01-13,1,0,0.99562883
55000900095919,2022-01-14,1,0,0.99562883
55000900095919,2022-01-15,1,0,0.99562883
55000900095919,2022-01-16,1,0,0.99562883
55000900095919,2022-01-17,1,0,0.99562883
55000900095919,2022-01-18,1,0,0.99562883
55000900095919,2022-01-19,1,0,0.99562883
55000900095919,2022-01-20,1,0,0.99562883
55000900095919,2022-01-21,1,0,0.99562883
55000900095919,2022-01-22,1,0,0.99562883
55000900095919,2022-01-23,1,0,0.99562883
55000900095919,2022-01-24,1,0,0.99562883
55000900095919,2022-01-25,1,0,0.99562883
55000900095919,2022-01-26,1,0,0.99562883
55000900095919,2022-01-27,1,0,0.99562883
55000900095919,2022-01-28,1,0,0.99562883
55000900095919,2022-01-29,1,0,0.99562883
55000900095919,2022-01-30,1,0,0.99562883
55000900095919,2022-01-31,1,0,0.99562883
55000900095919,2022-02-01,1,0,0.99562883
55000900095919,2022-02-02,1,0,0.99562883
55000900095919,2022-02-03,1,0,0.99562883
55000900095919,2022-02-04,1,0,0.99562883
55000900095919,2022-02-05,1,0,0.99562883
55000900095919,2022-02-06,1,0,0.99562883
55000900095919,2022-02-07,1,0,0.99562883
55000900095919,2022-02-08,1,0,0.99562883
55000900095919,2022-02-09,1,0,0.99562883
55000900095919,2022-02-10,1,0,0.99562883
55000900095919,2022-02-11,1,0,0.99562883
55000900095919,2022-02-12,1,0,0.99562883
55000900095919,2022-02-13,1,0,0.99562883
55000900095919,2022-02-14,1,0,0.99562883
55000900095919,2022-02-15,1,0,0.99562883
55000900095919,2022-02-16,1,0,0.99562883
55000900095919,2022-02-17,1,0,0.99562883
55000900095919,2022-02-18,1,0,0.99562883
55000900095919,2022-02-19,1,0,0.99562883
55000900095919,2022-02-20,1,0,0.99562883
55000900095919,2022-02-21,1,0,0.99562883
55000900095919,2022-02-22,1,0,0.99562883
55000900095919,2022-02-23,1,0,0.99562883
55000900095919,2022-02-24,1,0,0.99562883
55000900095919,2022-02-25,1,0,0.99562883
55000900095919,2022-02-26,1,0,0.99562883
55000900095919,2022-02-27,1,0,0.99562883
55000900095919,2022-02-28,1,0,0.99562883
55000900095919,2022-03-01,1,0,0.99562883
55000900095919,2022-03-02,1,0,0.99562883
55000900095919,2022-03-03,1,0,0.99562883
55000900095919,2022-03-04,1,0,0.99562883
55000900095919,2022-03-05,1,0,0.99562883
55000900095919,2022-03-06,1,0,0.99562883
55000900095919,2022-03-07,1,0,0.99562883
55000900095919,2022-03-08,1,0,0.99562883
55000900095919,2022-03-09,1,0,0.99562883
55000900095919,2022-03-10,1,0,0.99562883
55000900095919,2022-03-11,1,0,0.99562883
55000900095919,2022-03-12,1,0,0.99562883
55000900095919,2022-03-14,1,0,0.99562883
55000900095919,2022-03-15,1,0,0.99562883
55000900095919,2022-03-16,1,0,0.99562883
55000900095919,2022-03-17,1,0,0.99562883
55000900095919,2022-03-18,1,0,0.99562883
55000900095919,2022-03-19,1,0,0.99562883
55000900095919,2022-03-20,1,0,0.99562883
55000900095919,2022-03-21,1,0,0.99562883
55000900095919,2022-03-22,1,0,0.99562883
55000900095919,2022-03-23,1,0,0.99562883
55000900095919,2022-03-24,1,0,0.99562883
55000900095919,2022-03-25,1,0,0.99562883
55000900095919,2022-03-26,1,0,0.99562883
55000900095919,2022-03-27,1,0,0.99562883
55000900095919,2022-03-28,1,0,0.99562883
55000900095919,2022-03-29,1,0,0.99562883
55000900095919,2022-03-30,1,0,0.99562883
55000900095919,2022-03-31,1,0,0.99562883
55000900095919,2022-04-01,1,0,0.99562883
55000900095919,2022-04-02,1,0,0.99562883
55000900095919,2022-04-03,1,0,0.99562883
55000900095919,2022-04-04,1,0,0.99562883
55000900095919,2022-04-05,1,0,0.99562883
55000900095919,2022-04-06,1,0,0.99562883
55000900095919,2022-04-07,1,0,0.99562883
55000900095919,2022-04-08,1,0,0.99562883
55000900095919,2022-04-09,1,0,0.99562883
55000900095919,2022-04-10,1,0,0.99562883
55000900095919,2022-04-11,1,0,0.99562883
55000900095919,2022-04-12,1,0,0.99562883
55000900095919,2022-04-13,1,0,0.99562883
55000900095919,2022-04-14,1,0,0.99562883
55000900095919,2022-04-15,1,0,0.99562883
55000900095919,2022-04-16,1,0,0.99562883
55000900095919,2022-04-17,1,0,0.99562883
55000900095919,2022-04-18,1,0,0.99562883
55000900095919,2022-04-19,1,0,0.99562883
55000900095919,2022-04-20,1,0,0.99562883
55000900095919,2022-04-21,1,0,0.99562883
55000900095919,2022-04-22,1,0,0.99562883
55000900095919,2022-04-23,1,0,0.99562883
55000900095919,2022-04-24,1,0,0.99562883
55000900095919,2022-04-25,1,0,0.99562883
55000900095919,2022-04-26,1,0,0.99562883
55000900095919,2022-04-27,1,0,0.99562883
55000900095919,2022-04-28,1,0,0.99562883
55000900095919,2022-04-29,1,0,0.99562883
55000900095919,2022-04-30,1,0,0.99562883
55000900095919,2022-05-01,1,0,0.99562883
55000900095919,2022-05-02,1,0,0.99562883
55000900095919,2022-05-03,1,0,0.99562883
55000900095919,2022-05-04,1,0,0.99562883
55000900095919,2022-05-05,1,0,0.99562883
55000900095919,2022-05-06,1,0,0.99562883
55000900095919,2022-05-07,1,0,0.99562883
55000900095919,2022-05-08,1,0,0.99562883
55000900095919,2022-05-09,1,0,0.99562883
55000900095919,2022-05-10,1,0,0.99562883
55000900095919,2022-05-11,1,0,0.99562883
55000900095919,2022-05-12,1,0,0.99562883
55000900095919,2022-05-13,1,0,0.99562883
55000900095919,2022-05-14,1,0,0.99562883
55000900095919,2022-05-15,1,0,0.99562883
55000900095919,2022-05-16,1,0,0.99562883
55000900095919,2022-05-17,1,0,0.99562883
55000900095919,2022-05-18,1,0,0.99562883
55000900095919,2022-05-19,1,0,0.99562883
55000900095919,2022-05-20,1,0,0.99562883
55000900095919,2022-05-21,1,0,0.99562883
55000900095919,2022-05-22,1,0,0.99562883
55000900095919,2022-05-23,1,0,0.99562883
55000900095919,2022-05-24,1,0,0.99562883
55000900095919,2022-05-25,1,0,0.99562883
55000900095919,2022-05-26,1,0,0.99562883
55000900095919,2022-05-27,1,0,0.99562883
55000900095919,2022-05-28,1,0,0.99562883
55000900095919,2022-05-29,1,0,0.99562883
55000900095919,2022-05-30,1,0,0.99562883
55000900095919,2022-05-31,1,0,0.99562883
55000900095919,2022-06-01,1,0,0.99562883
55000900095919,2022-06-02,1,0,0.99562883
55000900095919,2022-06-03,1,0,0.99562883
55000900095919,2022-06-04,1,0,0.99562883
55000900095919,2022-06-05,1,0,0.99562883
55000900095919,2022-06-06,1,0,0.99562883
55000900095919,2022-06-07,1,0,0.99562883
55000900095919,2022-06-08,1,0,0.99562883
55000900095919,2022-06-09,1,0,0.99562883
55000900095919,2022-06-10,1,0,0.99562883
55000900095919,2022-06-11,1,0,0.99562883
55000900095919,2022-06-12,1,0,0.99562883
55000900095919,2022-06-13,1,0,0.99562883
55000900095919,2022-06-14,1,0,0.99562883
55000900095919,2022-06-15,1,0,0.99562883
55000900095919,2022-06-16,1,0,0.99562883
55000900095919,2022-06-17,1,0,0.99562883
55000900095919,2022-06-18,1,0,0.99562883
55000900095919,2022-06-19,1,0,0.99562883
55000900095919,2022-06-20,1,0,0.99562883
55000900095919,2022-06-21,1,0,0.99562883
55000900095919,2022-06-22,1,0,0.99562883
55000900095919,2022-06-23,1,0,0.99562883
55000900095919,2022-06-24,1,0,0.99562883
55000900095919,2022-06-25,1,0,0.99562883
55000900095919,2022-06-26,1,0,0.99562883
55000900095919,2022-06-27,1,0,0.99562883
55000900095919,2022-06-28,1,0,0.99562883
55000900095919,2022-06-29,1,0,0.99562883
55000900095919,2022-06-30,1,0,0.99562883
55000900095919,2022-07-01,1,0,0.99562883
55000900095919,2022-07-02,1,0,0.99562883
55000900095919,2022-07-03,1,0,0.99562883
55000900095919,2022-07-04,1,0,0.99562883
55000900095919,2022-07-05,1,0,0.99562883
55000900095919,2022-07-06,1,0,0.99562883
55000900095919,2022-07-07,1,0,0.99562883
55000900095919,2022-07-08,1,0,0.99562883
55000900095919,2022-07-09,1,0,0.99562883
55000900095919,2022-07-10,1,0,0.99562883
55000900095919,2022-07-11,1,0,0.99562883
55000900095919,2022-07-12,1,0,0.99562883
55000900095919,2022-07-13,1,0,0.99562883
55000900095919,2022-07-14,1,0,0.99562883
55000900095919,2022-07-15,1,0,0.99562883
55000900095919,2022-07-16,1,0,0.99562883
55000900095919,2022-07-17,1,0,0.99562883
55000900095919,2022-07-18,1,0,0.99562883
55000900095919,2022-07-19,1,0,0.99562883
55000900095919,2022-07-20,1,0,0.99562883
55000900095919,2022-07-21,1,0,0.99562883
55000900095919,2022-07-22,1,0,0.99562883
55000900095919,2022-07-23,1,0,0.99562883
55000900095919,2022-07-24,1,0,0.99562883
55000900095919,2022-07-25,1,0,0.99562883
55000900095919,2022-07-26,1,0,0.99562883
55000900095919,2022-07-27,1,0,0.99562883
55000900095919,2022-07-28,1,0,0.99562883
55000900095919,2022-07-29,1,0,0.99562883
55000900095919,2022-07-30,1,0,0.99562883
55000900095919,2022-07-31,1,0,0.99562883
55000900095919,2022-08-01,1,0,0.99562883
55000900095919,2022-08-02,1,0,0.99562883
55000900095919,2022-08-03,1,0,0.99562883
55000900095919,2022-08-04,1,0,0.99562883
55000900095919,2022-08-05,1,0,0.99562883
55000900095919,2022-08-06,1,0,0.99562883
55000900095919,2022-08-07,1,0,0.99562883
55000900095919,2022-08-08,1,0,0.99562883
55000900095919,2022-08-09,1,0,0.99562883
55000900095919,2022-08-10,1,0,0.99562883
55000900095919,2022-08-11,1,0,0.99562883
55000900095919,2022-08-12,1,0,0.99562883
55000900095919,2022-08-13,1,0,0.99562883
55000900095919,2022-08-14,1,0,0.99562883
55000900095919,2022-08-15,1,0,0.99562883
55000900095919,2022-08-16,1,0,0.99562883
55000900095919,2022-08-17,1,0,0.99562883
55000900095919,2022-08-18,1,0,0.99562883
55000900095919,2022-08-19,1,0,0.99562883
55000900095919,2022-08-20,1,0,0.99562883
55000900095919,2022-08-21,1,0,0.99562883
55000900095919,2022-08-22,1,0,0.99562883
55000900095919,2022-08-23,1,0,0.99562883
55000900095919,2022-08-24,1,0,0.99562883
55000900095919,2022-08-25,1,0,0.99562883
55000900095919,2022-08-26,1,0,0.99562883
55000900095919,2022-08-27,1,0,0.99562883
55000900095919,2022-08-28,1,0,0.99562883
55000900095919,2022-08-29,1,0,0.99562883
55000900095919,2022-08-30,1,0,0.99562883
55000900095919,2022-08-31,1,0,0.99562883
55000900095919,2022-09-01,1,0,0.99562883
55000900095919,2022-09-02,1,0,0.99562883
55000900095919,2022-09-03,1,0,0.99562883
55000900095919,2022-09-04,1,0,0.99562883
55000900095919,2022-09-05,1,0,0.99562883
55000900095919,2022-09-06,1,0,0.99562883
55000900095919,2022-09-07,1,0,0.99562883
55000900095919,2022-09-08,1,0,0.99562883
55000900095919,2022-09-09,1,0,0.99562883
55000900095919,2022-09-10,1,0,0.99562883
55000900095919,2022-09-11,1,0,0.99562883
55000900095919,2022-09-12,1,0,0.99562883
55000900095919,2022-09-13,1,0,0.99562883
55000900095919,2022-09-14,1,0,0.99562883
55000900095919,2022-09-15,1,0,0.99562883
55000900095919,2022-09-16,1,0,0.99562883
55000900095919,2022-09-17,1,0,0.99562883
55000900095919,2022-09-18,1,0,0.99562883
55000900095919,2022-09-19,1,0,0.99562883
55000900095919,2022-09-20,1,0,0.99562883
55000900095919,2022-09-21,1,0,0.99562883
55000900095919,2022-09-22,1,0,0.99562883
55000900095919,2022-09-23,1,0,0.99562883
55000900095919,2022-09-24,1,0,0.99562883
55000900095919,2022-09-25,1,0,0.99562883
55000900095919,2022-09-26,1,0,0.99562883
55000900095919,2022-09-27,1,0,0.99562883
55000900095919,2022-09-28,1,0,0.99562883
55000900095919,2022-09-29,1,0,0.99562883
55000900095919,2022-09-30,1,0,0.99562883
55000900095919,2022-10-01,1,0,0.99562883
55000900095919,2022-10-02,1,0,0.99562883
55000900095919,2022-10-03,1,0,0.99562883
55000900095919,2022-10-04,1,0,0.99562883
55000900095919,2022-10-05,1,0,0.99562883
55000900095919,2022-10-06,1,0,0.99562883
55000900095919,2022-10-07,1,0,0.99562883
55000900095919,2022-10-08,1,0,0.99562883
55000900095919,2022-10-09,1,0,0.99562883
55000900095919,2022-10-10,1,0,0.99562883
55000900095919,2022-10-11,1,0,0.99562883
55000900095919,2022-10-12,1,0,0.99562883
55000900095919,2022-10-13,1,0,0.99562883
55000900095919,2022-10-14,1,0,0.99562883
55000900095919,2022-10-15,1,0,0.99562883
55000900095919,2022-10-16,1,0,0.99562883
55000900095919,2022-10-17,1,0,0.99562883
55000900095919,2022-10-18,1,0,0.99562883
55000900095919,2022-10-19,1,0,0.99562883
55000900095919,2022-10-20,1,0,0.99562883
55000900095919,2022-10-21,1,0,0.99562883
55000900095919,2022-10-22,1,0,0.99562883
55000900095919,2022-10-23,1,0,0.99562883
55000900095919,2022-10-24,1,0,0.99562883
55000900095919,2022-10-25,1,0,0.99562883
55000900095919,2022-10-26,1,0,0.99562883
55000900095919,2022-10-27,1,0,0.99562883
55000900095919,2022-10-28,1,0,0.99562883
55000900095919,2022-10-29,1,0,0.99562883
55000900095919,2022-10-30,1,0,0.99562883
55000900095919,2022-10-31,1,0,0.99562883
55000900095919,2022-11-01,1,0,0.99562883
55000900095919,2022-11-02,1,0,0.99562883
55000900095919,2022-11-03,1,0,0.99562883
55000900095919,2022-11-04,1,0,0.99562883
55000900095919,2022-11-05,1,0,0.99562883
55000900095919,2022-11-06,1,0,0.99562883
55000900095919,2022-11-07,1,0,0.99562883
55000900095919,2022-11-08,1,0,0.99562883
55000900095919,2022-11-09,1,0,0.99562883
55000900095919,2022-11-10,1,0,0.99562883
55000900095919,2022-11-11,1,0,0.99562883
55000900095919,2022-11-12,1,0,0.99562883
55000900095919,2022-11-13,1,0,0.99562883
55000900095919,2022-11-14,1,0,0.99562883
55000900095919,2022-11-15,1,0,0.99562883
55000900095919,2022-11-16,1,0,0.99562883
55000900095919,2022-11-17,1,0,0.99562883
55000900095919,2022-11-18,1,0,0.99562883
55000900095919,2022-11-19,1,0,0.99562883
55000900095919,2022-11-20,1,0,0.99562883
55000900095919,2022-11-21,1,0,0.99562883
55000900095919,2022-11-22,1,0,0.99562883
55000900095919,2022-11-23,1,0,0.99562883
55000900095919,2022-11-24,1,0,0.99562883
55000900095919,2022-11-25,1,0,0.99562883
55000900095919,2022-11-26,1,0,0.99562883
55000900095919,2022-11-27,1,0,0.99562883
55000900095919,2022-11-28,1,0,0.99562883
55000900095919,2022-11-29,1,0,0.99562883
55000900095919,2022-11-30,1,0,0.99562883
55000900095919,2022-12-01,1,0,0.99562883
55000900095919,2022-12-02,1,0,0.99562883
55000900095919,2022-12-03,1,0,0.99562883
55000900095919,2022-12-04,1,0,0.99562883
55000900095919,2022-12-05,1,0,0.99562883
55000900095919,2022-12-06,1,0,0.99562883
55000900095919,2022-12-07,1,0,0.99562883
55000900095919,2022-12-08,1,0,0.99562883
55000900095919,2022-12-09,1,0,0.99562883
55000900095919,2022-12-10,1,0,0.99562883
55000900095919,2022-12-11,1,0,0.99562883
55000900095919,2022-12-12,1,0,0.99562883
55000900095919,2022-12-13,1,0,0.99562883
55000900095919,2022-12-14,1,0,0.99562883
55000900095919,2022-12-15,1,0,0.99562883
55000900095919,2022-12-16,1,0,0.99562883
55000900095919,2022-12-17,1,0,0.99562883
55000900095919,2022-12-18,1,0,0.99562883
55000900095919,2022-12-19,1,0,0.99562883
55000900095919,2022-12-20,1,0,0.99562883
55000900095919,2022-12-21,1,0,0.99562883
55000900095919,2022-12-22,1,0,0.99562883
55000900095919,2022-12-23,1,0,0.99562883
55000900095919,2022-12-24,1,0,0.99562883
55000900095919,2022-12-25,1,0,0.99562883
55000900095919,2022-12-26,1,0,0.99562883
55000900095919,2022-12-27,1,0,0.99562883
55000900095919,2022-12-28,1,0,0.99562883
55000900095919,2022-12-29,1,0,0.99562883
55000900095919,2022-12-30,1,0,0.99562883
55000900095919,2022-12-31,1,0,0.99562883
55000900095919,2023-01-01,1,0,0.99562883
55000900095919,2023-01-02,1,0,0.99562883
55000900095919,2023-01-03,1,0,0.99562883
55000900095919,2023-01-04,1,0,0.99562883
55000900095919,2023-01-05,1,0,0.99562883
55000900095919,2023-01-06,1,0,0.99562883
55000900095919,2023-01-07,1,0,0.99562883
55000900095919,2023-01-08,1,0,0.99562883
55000900095919,2023-01-09,1,0,0.99562883
55000900095919,2023-01-10,1,0,0.99562883
55000900095919,2023-01-11,1,0,0.99562883
55000900095919,2023-01-12,1,0,0.99562883
55000900095919,2023-01-13,1,0,0.99562883
55000900095919,2023-01-14,1,0,0.99562883
55000900095919,2023-01-15,1,0,0.99562883
55000900095919,2023-01-16,1,0,0.99562883
55000900095919,2023-01-17,1,0,0.99562883
55000900095919,2023-01-18,1,0,0.99562883
55000900095919,2023-01-19,1,0,0.99562883
55000900095919,2023-01-20,1,0,0.99562883
55000900095919,2023-01-21,1,0,0.99562883
55000900095919,2023-01-22,1,0,0.99562883
55000900096564,2020-09-11,1,9,0.9985482
55000900096564,2020-09-12,1,9,0.9975055
55000900096564,2020-09-13,1,9,0.9964259
55000900096564,2020-09-14,1,9,0.9987935
55000900096564,2020-09-15,1,9,0.9984118
55000900096564,2020-09-16,1,9,0.9978781
55000900096564,2020-09-17,1,9,0.9989531
55000900096564,2020-09-20,1,9,0.99891603
55000900096564,2020-09-21,1,9,0.9989955
55000900096564,2020-09-22,1,9,0.99927
55000900096564,2020-09-27,1,9,0.99892503
55000900096564,2020-09-28,1,9,0.99952364
55000900096564,2020-09-29,1,9,0.9995783
55000900096564,2020-09-30,1,9,0.99991333
55000900096564,2020-10-01,1,9,0.99995327
55000900096564,2020-10-02,1,9,0.99956566
55000900096564,2020-10-03,1,9,0.9967258
55000900096564,2020-10-04,1,9,0.9934075
55000900096564,2020-10-05,1,9,0.99249095
55000900096564,2020-10-06,1,9,0.99370736
55000900096564,2020-10-07,1,9,0.9947037
55000900096564,2020-10-08,1,9,0.9937557
55000900096564,2020-10-09,1,9,0.98795545
55000900096564,2020-10-11,1,9,0.99085945
55000900096564,2020-10-13,0,9,0.99562126
55000900096564,2020-10-15,1,9,0.99634176
55000900096564,2020-10-16,1,9,0.99992657
55000900096564,2020-10-17,1,9,0.9999924
55000900096564,2020-10-18,1,9,0.9999901
55000900096564,2020-10-19,1,9,0.999985
55000900096564,2020-10-20,1,9,0.99998975
55000900096564,2020-10-22,1,9,0.99998903
55000900096564,2020-10-25,1,9,0.99999094
55000900096564,2020-10-23,1,0,0.9999871
55000900096564,2020-10-25,1,0,0.9999906
55000900097164,2020-09-11,0,9,0.036377467
55000900097164,2020-09-12,0,9,0.051863845
55000900097164,2020-09-13,0,9,0.046348438
55000900097164,2020-09-14,0,9,0.085088596
55000900097164,2020-09-15,0,9,0.05434221
55000900097164,2020-09-16,0,9,0.03364533
55000900097164,2020-09-17,0,9,0.029526923
55000900097164,2020-09-18,0,9,0.059269186
55000900097164,2020-09-19,0,9,0.043177463
55000900097164,2020-09-20,0,9,0.0555799
55000900097164,2020-09-21,0,9,0.072753035
55000900097164,2020-09-22,0,9,0.065939054
55000900097164,2020-09-23,0,9,0.04369032
55000900097164,2020-09-24,0,9,0.052785162
55000900097164,2020-09-25,0,9,0.04680635
55000900097164,2020-09-26,0,9,0.064337544
55000900097164,2020-09-27,0,9,0.055328168
55000900097164,2020-09-28,0,9,0.7075601
55000900097164,2020-09-29,0,9,0.7014259
55000900097164,2020-09-30,0,9,0.1894773
55000900097164,2020-10-01,0,9,0.057122223
55000900097164,2020-10-02,0,9,0.032779064
55000900097164,2020-10-03,0,9,0.038527887
55000900097164,2020-10-04,0,9,0.05536886
55000900097164,2020-10-05,0,9,0.10354789
55000900097164,2020-10-06,0,9,0.10988232
55000900097164,2020-10-07,0,9,0.06665614
55000900097164,2020-10-08,0,9,0.029403672
55000900097164,2020-10-09,0,9,0.030636594
55000900097164,2020-10-11,1,9,0.05298425
55000900097164,2020-10-12,1,9,0.05851744
55000900097164,2020-10-13,1,9,0.052898537
55000900097164,2020-10-14,1,9,0.91928834
55000900097164,2020-10-15,1,9,0.8962018
55000900097164,2020-10-16,1,9,0.998792
55000900097164,2020-10-17,1,9,0.99988973
55000900097164,2020-10-18,1,9,0.9999279
55000900097164,2020-10-19,1,9,0.99992275
55000900097164,2020-10-20,1,0,0.9998235
55000900097164,2020-10-21,1,0,0.9963652
55000900097169,2020-09-11,0,9,0.0040786127
55000900097169,2020-09-12,0,9,0.004041289
55000900097169,2020-09-13,0,9,0.004039965
55000900097169,2020-09-14,0,9,0.0040316773
55000900097169,2020-09-15,0,9,0.004008568
55000900097169,2020-09-16,0,9,0.004013605
55000900097169,2020-09-17,0,9,0.004011665
55000900097169,2020-09-18,0,9,0.0040075458
55000900097169,2020-09-19,0,9,0.004006071
55000900097169,2020-09-20,0,9,0.0039252504
55000900097169,2020-09-21,0,9,0.003677684
55000900097169,2020-09-22,0,9,0.0036043718
55000900097169,2020-09-23,0,9,0.0036127383
55000900097169,2020-09-24,0,9,0.0036045704
55000900097169,2020-09-25,0,9,0.0036041387
55000900097169,2020-09-26,0,9,0.003950038
55000900097169,2020-09-27,0,9,0.0038631062
55000900097169,2020-09-28,0,9,0.0045192344
55000900097169,2020-09-29,0,9,0.0041566365
55000900097169,2020-09-30,0,9,0.003979689
55000900097169,2020-10-01,0,9,0.004003317
55000900097169,2020-10-02,0,9,0.0040137214
55000900097169,2020-10-03,0,9,0.0040263827
55000900097169,2020-10-04,0,9,0.004018457
55000900097169,2020-10-05,0,9,0.004013342
55000900097169,2020-10-06,0,9,0.0039697234
55000900097169,2020-10-07,0,9,0.0037110415
55000900097169,2020-10-08,0,9,0.0038206105
55000900097169,2020-10-09,0,9,0.0039991615
55000900097169,2020-10-10,1,9,0.0037641942
55000900097169,2020-10-11,1,9,0.0035656113
55000900097169,2020-10-12,1,9,0.0037680457
55000900097169,2020-10-13,1,9,0.0056205587
55000900097169,2020-10-14,1,9,0.005345912
55000900097169,2020-10-15,1,9,0.004489326
55000900097169,2020-10-16,0,9,0.0044721
55000900097169,2020-10-17,0,9,0.0042034034
55000900097169,2020-10-18,0,9,0.004162479
55000900097169,2020-10-19,0,9,0.004016606
55000900097169,2020-10-20,0,0,0.0042245165
55000900097169,2020-10-21,0,0,0.004375173
55000900097170,2020-09-11,0,9,0.24855371
55000900097170,2020-09-12,0,9,0.32200974
55000900097170,2020-09-13,0,9,0.2913364
55000900097170,2020-09-14,0,9,0.25733474
55000900097170,2020-09-15,0,9,0.17937289
55000900097170,2020-09-16,0,9,0.1682834
55000900097170,2020-09-17,0,9,0.16480833
55000900097170,2020-09-18,0,9,0.15954782
55000900097170,2020-09-19,0,9,0.16218661
55000900097170,2020-09-20,0,9,0.18266566
55000900097170,2020-09-21,0,9,0.26630205
55000900097170,2020-09-22,0,9,0.2286267
55000900097170,2020-09-23,0,9,0.17765687
55000900097170,2020-09-24,0,9,0.17936303
55000900097170,2020-09-26,0,9,0.20368578
55000900097170,2020-09-27,0,9,0.27634287
55000900097170,2020-09-28,0,9,0.231224
55000900097170,2020-09-29,0,9,0.21451055
55000900097170,2020-09-30,0,9,0.15848805
55000900097170,2020-10-01,0,9,0.25766766
55000900097170,2020-10-02,0,9,0.31367624
55000900097170,2020-10-03,0,9,0.32657644
55000900097170,2020-10-04,0,9,0.32275906
55000900097170,2020-10-05,0,9,0.31611797
55000900097170,2020-10-06,0,9,0.26598507
55000900097170,2020-10-07,0,9,0.2243475
55000900097170,2020-10-08,0,9,0.26561093
55000900097170,2020-10-09,0,9,0.3114992
55000900097170,2020-10-10,0,9,0.2638633
55000900097170,2020-10-11,0,9,0.2401331
55000900097170,2020-10-12,0,9,0.21054247
55000900097170,2020-10-13,1,9,0.90443885
55000900097170,2020-10-14,0,9,0.9734351
55000900097170,2020-10-15,0,9,0.99555236
55000900097170,2020-10-16,0,9,0.9969494
55000900097170,2020-10-17,0,9,0.99465984
55000900097170,2020-10-18,0,9,0.9459425
55000900097170,2020-10-19,0,9,0.6751161
55000900097170,2020-10-20,0,9,0.6769191
55000900097170,2020-10-21,0,9,0.43654752
55000900097170,2020-10-22,0,9,0.17079288
55000900097170,2020-10-23,0,9,0.15259516
55000900097170,2020-10-24,0,9,0.44552308
55000900097170,2020-10-25,1,9,0.49149266
55000900097170,2020-10-26,0,9,0.61093074
55000900097170,2020-10-27,0,0,0.6043619
55000900097170,2020-10-28,0,0,0.48121917
55000900098500,2020-09-11,1,0,0.96474916
55000900098500,2020-09-12,1,0,0.9812595
55000900098500,2020-09-13,1,0,0.97926396
55000900098500,2020-09-14,1,0,0.9782507
55000900098500,2020-09-15,1,0,0.97564596
55000900098500,2020-09-16,1,0,0.9675483
55000900098500,2020-09-17,1,0,0.96940875
55000900098500,2020-09-18,1,0,0.9699183
55000900098500,2020-09-19,1,0,0.978788
55000900098500,2020-09-20,1,0,0.97306967
55000900098500,2020-09-21,1,0,0.99414635
55000900098500,2020-09-22,1,0,0.9939214
55000900098500,2020-09-23,1,0,0.9713112
55000900098500,2020-09-24,1,0,0.9698326
55000900098500,2020-09-25,1,0,0.9744927
55000900098500,2020-09-26,1,0,0.99920183
55000900098500,2020-09-27,1,0,0.99925226
55000900098500,2020-09-28,1,0,0.9999503
55000900098500,2020-09-29,1,0,0.99988043
55000900098500,2020-09-30,1,0,0.998657
55000900098500,2020-10-01,1,0,0.9945746
55000900098500,2020-10-02,1,0,0.9946103
55000900098500,2020-10-03,1,0,0.993536
55000900098500,2020-10-04,1,0,0.99131495
55000900098500,2020-10-05,1,0,0.9910349
55000900098500,2020-10-06,1,0,0.9917263
55000900098500,2020-10-07,1,0,0.99066657
55000900098500,2020-10-08,1,0,0.98844403
55000900098500,2020-10-09,1,0,0.99142754
55000900098500,2020-10-10,1,0,0.99309784
55000900098500,2020-10-11,1,0,0.9934501
55000900098500,2020-10-12,1,0,0.99249625
55000900098500,2020-10-13,1,0,0.99996746
55000900098500,2020-10-14,1,0,0.99999297
55000900098500,2020-10-15,1,0,0.9999858
55000900098500,2020-10-16,1,0,0.99998975
55000900098500,2020-10-17,1,0,0.99998367
55000900098500,2020-10-18,1,0,0.999915
55000900098500,2020-10-19,1,0,0.99951947
55000900098500,2020-10-20,1,0,0.9989895
55000900098500,2020-10-21,1,0,0.99931896
55000900098500,2020-10-22,1,0,0.9993587
55000900098500,2020-10-23,1,0,0.99926406
55000900098500,2020-10-24,1,0,0.999413
55000900098500,2020-10-25,1,0,0.999323
55000900098500,2020-10-26,1,0,0.99935573
55000900098500,2020-10-27,1,0,0.999701
55000900098500,2020-10-28,1,0,0.9999683
55000900098500,2020-10-29,1,0,0.99995005
55000900098500,2020-10-30,1,0,0.99969554
55000900098500,2020-10-31,1,0,0.99861324
55000900098500,2020-11-01,1,0,0.998357
55000900098500,2020-11-02,1,0,0.9989542
55000900098500,2020-11-03,1,0,0.9983803
55000900098500,2020-11-04,1,0,0.9984687
55000900098500,2020-11-05,1,0,0.9988361
55000900098500,2020-11-06,1,0,0.99911267
55000900098500,2020-11-07,1,0,0.999361
55000900098500,2020-11-08,1,0,0.9999851
55000900098500,2020-11-09,1,0,0.9999907
55000900098500,2020-11-10,1,0,0.9999887
55000900098500,2020-11-11,1,0,0.99998796
55000900098500,2020-11-12,1,0,0.9999753
55000900098500,2020-11-13,1,0,0.99999046
55000900098500,2020-11-14,1,0,0.9999883
55000900098500,2020-11-15,1,0,0.99998367
55000900098500,2020-11-16,1,0,0.9999912
55000900098500,2020-11-17,1,0,0.99999154
55000900098500,2020-11-18,1,0,0.99998164
55000900098500,2020-11-19,1,0,0.9999795
55000900098500,2020-11-20,1,0,0.9999745
55000900098500,2020-11-21,1,0,0.9999869
55000900098500,2020-11-22,1,0,0.99998546
55000900098500,2020-11-23,1,0,0.99998176
55000900098500,2020-11-24,1,0,0.9999728
55000900098500,2020-11-25,1,0,0.9999492
55000900098500,2020-11-26,1,0,0.9999763
55000900098500,2020-11-27,1,0,0.9999852
55000900098500,2020-11-28,1,0,0.99998724
55000900098500,2020-11-29,1,0,0.9999722
55000900098500,2020-11-30,1,0,0.999966
55000900098500,2020-12-01,1,0,0.99987686
55000900099610,2020-09-11,1,9,0.99987376
55000900099610,2020-09-12,1,9,0.99987733
55000900099610,2020-09-13,1,9,0.9998405
55000900099610,2020-09-14,1,9,0.9999194
55000900099610,2020-09-15,1,9,0.9999218
55000900099610,2020-09-16,1,9,0.99992824
55000900099610,2020-09-17,1,9,0.99993205
55000900099610,2020-09-18,1,9,0.99993217
55000900099610,2020-09-19,1,9,0.9999095
55000900099610,2020-09-20,1,9,0.9999361
55000900099610,2020-09-21,1,9,0.9999422
55000900099610,2020-09-22,1,9,0.99995434
55000900099610,2020-09-24,1,9,0.99994266
55000900099610,2020-09-25,1,9,0.9999417
55000900099610,2020-09-26,1,9,0.9999552
55000900099610,2020-09-27,1,9,0.9999695
55000900099610,2020-09-28,1,9,0.9999871
55000900099610,2020-09-29,1,9,0.9999796
55000900099610,2020-09-30,1,9,0.9999671
55000900099610,2020-10-01,1,9,0.9999757
55000900099610,2020-10-02,1,9,0.9999734
55000900099610,2020-10-03,1,9,0.9999678
55000900099610,2020-10-04,1,9,0.999966
55000900099610,2020-10-05,1,9,0.99996674
55000900099610,2020-10-06,1,9,0.99996746
55000900099610,2020-10-07,1,9,0.99997103
55000900099610,2020-10-08,1,9,0.9999753
55000900099610,2020-10-09,1,9,0.99997103
55000900099610,2020-10-10,1,9,0.99997365
55000900099610,2020-10-11,1,9,0.9999746
55000900099610,2020-10-12,1,9,0.99997914
55000900099610,2020-10-13,1,9,0.9999902
55000900099610,2020-10-14,1,9,0.9999883
55000900099610,2020-10-15,1,9,0.9999857
55000900099610,2020-10-16,1,9,0.9999912
55000900099610,2020-10-17,1,9,0.99998546
55000900099610,2020-10-18,1,0,0.99997854
55000900099610,2020-10-19,1,0,0.99994993
55000900100137,2020-09-11,0,9,0.0018971766
55000900100137,2020-09-12,0,9,0.0019696474
55000900100137,2020-09-13,0,9,0.002170716
55000900100137,2020-09-14,0,9,0.0024037482
55000900100137,2020-09-15,0,9,0.002379056
55000900100137,2020-09-16,0,9,0.002495099
55000900100137,2020-09-17,0,9,0.002454237
55000900100137,2020-09-18,0,9,0.0026274382
55000900100137,2020-09-19,0,9,0.002504235
55000900100137,2020-09-20,0,9,0.0028261072
55000900100137,2020-09-21,0,9,0.0033584705
55000900100137,2020-09-22,0,9,0.0038083815
55000900100137,2020-09-23,0,9,0.0026139538
55000900100137,2020-09-24,0,9,0.0024167646
55000900100137,2020-09-25,0,9,0.0024451774
55000900100137,2020-09-26,0,9,0.004181422
55000900100137,2020-09-27,0,9,0.015370514
55000900100137,2020-09-28,0,9,0.032193597
55000900100137,2020-09-29,0,9,0.03672803
55000900100137,2020-09-30,0,9,0.0026750814
55000900100137,2020-10-01,0,9,0.0015608446
55000900100137,2020-10-02,0,9,0.0016670085
55000900100137,2020-10-03,0,9,0.0018530348
55000900100137,2020-10-04,0,9,0.0015975549
55000900100137,2020-10-05,0,9,0.001647983
55000900100137,2020-10-06,0,9,0.0016982597
55000900100137,2020-10-07,0,9,0.0017404701
55000900100137,2020-10-08,0,9,0.0015896895
55000900100137,2020-10-09,0,9,0.001677704
55000900100137,2020-10-10,0,9,0.0017028715
55000900100137,2020-10-11,1,9,0.001877941
55000900100137,2020-10-12,1,9,0.0019430445
55000900100137,2020-10-13,1,9,0.013172446
55000900100137,2020-10-14,1,9,0.84457666
55000900100137,2020-10-16,0,9,0.94856155
55000900100137,2020-10-17,0,9,0.99448377
55000900100137,2020-10-18,0,9,0.87944317
55000900100137,2020-10-19,0,0,0.15970993
55000900100137,2020-10-20,0,0,0.27087143
55000900130309,2020-09-11,1,0,0.9991679
55000900130309,2020-09-12,1,0,0.9995846
55000900130309,2020-09-13,1,0,0.99944574
55000900130309,2020-09-14,1,0,0.99963593
55000900130309,2020-09-15,1,0,0.99992156
55000900130309,2020-09-16,1,0,0.9999819
55000900130309,2020-09-17,1,0,0.9999893
55000900130309,2020-09-18,1,0,0.99998856
55000900130309,2020-09-19,1,0,0.9999918
55000900130309,2020-09-20,1,0,0.9999927
55000900130309,2020-09-21,1,0,0.99999356
55000900130309,2020-09-22,1,0,0.9999956
55000900130309,2020-09-23,1,0,0.99999547
55000900130309,2020-09-24,1,0,0.9999943
55000900130309,2020-09-25,1,0,0.99999475
55000900130309,2020-09-26,1,0,0.99999654
55000900130309,2020-09-27,1,0,0.9999963
55000900130309,2020-09-28,1,0,0.99999595
55000900130309,2020-09-29,1,0,0.9999958
55000900130309,2020-09-30,1,0,0.99999416
55000900130309,2020-10-01,1,0,0.9999896
55000900130309,2020-10-02,1,0,0.9999907
55000900130309,2020-10-03,1,0,0.99998534
55000900130309,2020-10-04,1,0,0.9999714
55000900130309,2020-10-05,1,0,0.99995494
55000900130309,2020-10-06,1,0,0.9999578
55000900130309,2020-10-07,1,0,0.99998236
55000900130309,2020-10-08,1,0,0.99998796
55000900130309,2020-10-09,1,0,0.99998534
55000900130309,2020-10-10,1,0,0.99996114
55000900130309,2020-10-11,1,0,0.99998283
55000900130309,2020-10-12,1,0,0.9999924
55000900130309,2020-10-13,1,0,0.999995
55000900130309,2020-10-14,1,0,0.9999962
55000900130309,2020-10-15,1,0,0.99999595
55000900130309,2020-10-16,1,0,0.99999595
55000900130309,2020-10-17,1,0,0.99999595
55000900130309,2020-10-18,1,0,0.99999547
55000900130309,2020-10-19,1,0,0.9999945
55000900130309,2020-10-20,1,0,0.9999951
55000900130309,2020-10-21,1,0,0.99999607
55000900130309,2020-10-22,1,0,0.99999523
55000900130309,2020-10-23,1,0,0.9999958
55000900130309,2020-10-24,1,0,0.9999964
55000900130309,2020-10-25,1,0,0.9999962
55000900130309,2020-10-26,1,0,0.9999962
55000900130309,2020-10-27,1,0,0.99999666
55000900130309,2020-10-28,1,0,0.9999962
55000900130309,2020-10-29,1,0,0.99999607
55000900130309,2020-10-30,1,0,0.99999595
55000900130309,2020-10-31,1,0,0.99999595
55000900130309,2020-11-01,1,0,0.99999607
55000900130309,2020-11-02,1,0,0.9999963
55000900130309,2020-11-03,1,0,0.9999962
55000900130309,2020-11-04,1,0,0.9999958
55000900130309,2020-11-05,1,0,0.99999547
55000900130309,2020-11-06,1,0,0.99999607
55000900130309,2020-11-07,1,0,0.9999962
55000900130309,2020-11-08,1,0,0.99999666
55000900130309,2020-11-09,1,0,0.99999607
55000900130309,2020-11-10,1,0,0.99999607
55000900130309,2020-11-11,1,0,0.99999607
55000900130309,2020-11-12,1,0,0.99999607
55000900130309,2020-11-13,1,0,0.9999962
55000900130309,2020-11-14,1,0,0.99999607
55000900130309,2020-11-15,1,0,0.99999607
55000900130309,2020-11-16,1,0,0.9999962
55000900130309,2020-11-17,1,0,0.99999607
55000900130309,2020-11-18,1,0,0.9999963
55000900130309,2020-11-19,1,0,0.9999964
55000900130309,2020-11-20,1,0,0.9999963
55000900130309,2020-11-21,1,0,0.99999607
55000900130309,2020-11-22,1,0,0.99999607
55000900130309,2020-11-23,1,0,0.99999607
55000900130309,2020-11-24,1,0,0.99999607
55000900130309,2020-11-25,1,0,0.9999962
55000900130309,2020-11-26,1,0,0.99999607
55000900130309,2020-11-27,1,0,0.99999607
55000900130309,2020-11-28,1,0,0.99999607
55000900130309,2020-11-29,1,0,0.99999607
55000900130309,2020-11-30,1,0,0.99999607
55000900130309,2020-12-01,1,0,0.99999607
55000900130309,2020-12-03,1,0,0.99999607
55000900130309,2020-12-04,1,0,0.99999607
55000900130309,2020-12-05,1,0,0.99999607
55000900130309,2020-12-06,1,0,0.99999607
55000900130309,2020-12-07,1,0,0.99999607
55000900130309,2020-12-08,1,0,0.99999607
55000900130309,2020-12-09,1,0,0.9999964
55000900130309,2020-12-10,1,0,0.99999607
55000900130309,2020-12-11,1,0,0.99999607
55000900130309,2020-12-12,1,0,0.9999964
55000900130309,2020-12-13,1,0,0.99999607
55000900130309,2020-12-14,1,0,0.99999607
55000900130309,2020-12-15,1,0,0.99999607
55000900130309,2020-12-16,1,0,0.9999962
55000900130309,2020-12-18,1,0,0.99999607
55000900130309,2020-12-19,1,0,0.99999607
55000900130309,2020-12-20,1,0,0.9999962
55000900130309,2020-12-21,1,0,0.99999607
55000900130309,2020-12-22,1,0,0.99999607
55000900130309,2020-12-23,1,0,0.9999962
55000900130309,2020-12-24,1,0,0.99999607
55000900130309,2020-12-25,1,0,0.99999607
55000900130309,2020-12-26,1,0,0.99999607
55000900130309,2020-12-27,1,0,0.99999607
55000900130309,2020-12-28,1,0,0.9999964
55000900130309,2020-12-29,1,0,0.99999607
55000900130309,2020-12-30,1,0,0.99999607
55000900130309,2020-12-31,1,0,0.99999607
55000900130309,2021-01-01,1,0,0.99999607
55000900130309,2021-01-02,1,0,0.99999607
55000900130309,2021-01-03,1,0,0.99999607
55000900130309,2021-01-04,1,0,0.99999607
55000900130309,2021-01-05,1,0,0.99999607
55000900130309,2021-01-06,1,0,0.99999607
55000900130309,2021-01-07,1,0,0.99999607
55000900130309,2021-01-08,1,0,0.99999607
55000900130309,2021-01-09,1,0,0.99999607
55000900130309,2021-01-10,1,0,0.99999607
55000900130309,2021-01-11,1,0,0.99999607
55000900130309,2021-01-12,1,0,0.99999607
55000900130309,2021-01-13,1,0,0.99999607
55000900130309,2021-01-14,1,0,0.99999607
55000900130309,2021-01-15,1,0,0.99999607
55000900130309,2021-01-16,1,0,0.99999607
55000900130309,2021-01-17,1,0,0.99999607
55000900130309,2021-01-18,1,0,0.99999607
55000900130309,2021-01-19,1,0,0.99999607
55000900130309,2021-01-20,1,0,0.99999607
55000900130309,2021-01-21,1,0,0.99999607
55000900130309,2021-01-22,1,0,0.99999607
55000900130309,2021-01-23,1,0,0.99999607
55000900130309,2021-01-24,1,0,0.99999607
55000900130309,2021-01-25,1,0,0.99999607
55000900130309,2021-01-26,1,0,0.99999607
55000900130309,2021-01-27,1,0,0.99999607
55000900130309,2021-01-28,1,0,0.99999607
55000900130309,2021-01-29,1,0,0.99999607
55000900130309,2021-01-30,1,0,0.99999607
55000900130309,2021-01-31,1,0,0.99999607
55000900130309,2021-02-01,1,0,0.99999607
55000900130309,2021-02-02,1,0,0.99999607
55000900130309,2021-02-03,1,0,0.99999607
55000900130309,2021-02-04,1,0,0.99999607
55000900130309,2021-02-05,1,0,0.99999607
55000900130309,2021-02-06,1,0,0.99999607
55000900130309,2021-02-07,1,0,0.99999607
55000900130309,2021-02-08,1,0,0.99999607
55000900130309,2021-02-09,1,0,0.99999607
55000900130309,2021-02-10,1,0,0.99999607
55000900130309,2021-02-11,1,0,0.99999607
55000900130309,2021-02-12,1,0,0.99999607
55000900130309,2021-02-13,1,0,0.99999607
55000900130309,2021-02-14,1,0,0.99999607
55000900130309,2021-02-15,1,0,0.99999607
55000900130309,2021-02-16,1,0,0.99999607
55000900130309,2021-02-17,1,0,0.99999607
55000900130309,2021-02-18,1,0,0.99999607
55000900130309,2021-02-19,1,0,0.99999607
55000900130309,2021-02-20,1,0,0.99999607
55000900130309,2021-02-21,1,0,0.99999607
55000900130309,2021-02-22,1,0,0.99999607
55000900130309,2021-02-23,1,0,0.99999607
55000900130309,2021-02-24,1,0,0.99999607
55000900130309,2021-02-25,1,0,0.99999607
55000900130309,2021-02-26,1,0,0.99999607
55000900130309,2021-02-27,1,0,0.99999607
55000900130309,2021-02-28,1,0,0.99999607
55000900130309,2021-03-01,1,0,0.99999607
55000900130309,2021-03-02,1,0,0.99999607
55000900130309,2021-03-03,1,0,0.99999607
55000900130309,2021-03-04,1,0,0.99999607
55000900130309,2021-03-05,1,0,0.99999607
55000900130309,2021-03-06,1,0,0.99999607
55000900130309,2021-03-07,1,0,0.99999607
55000900130309,2021-03-08,1,0,0.99999607
55000900130309,2021-03-09,1,0,0.99999607
55000900130309,2021-03-10,1,0,0.99999607
55000900130309,2021-03-11,1,0,0.99999607
55000900130309,2021-03-12,1,0,0.99999607
55000900130309,2021-03-13,1,0,0.99999607
55000900130309,2021-03-15,1,0,0.99999607
55000900130309,2021-03-16,1,0,0.99999607
55000900130309,2021-03-17,1,0,0.99999607
55000900130309,2021-03-18,1,0,0.99999607
55000900130309,2021-03-19,1,0,0.99999607
55000900130309,2021-03-20,1,0,0.99999607
55000900130309,2021-03-21,1,0,0.99999607
55000900130309,2021-03-22,1,0,0.99999607
55000900130309,2021-03-23,1,0,0.99999607
55000900130309,2021-03-24,1,0,0.99999607
55000900130309,2021-03-25,1,0,0.99999607
55000900130309,2021-03-26,1,0,0.99999607
55000900130309,2021-03-27,1,0,0.99999607
55000900130309,2021-03-28,1,0,0.99999607
55000900130309,2021-03-29,1,0,0.99999607
55000900130309,2021-03-30,1,0,0.99999607
55000900130309,2021-03-31,1,0,0.99999607
55000900130309,2021-04-01,1,0,0.99999607
55000900130309,2021-04-02,1,0,0.99999607
55000900130309,2021-04-03,1,0,0.99999607
55000900130309,2021-04-04,1,0,0.99999607
55000900130309,2021-04-05,1,0,0.99999607
55000900130309,2021-04-06,1,0,0.99999607
55000900130309,2021-04-07,1,0,0.99999607
55000900130309,2021-04-08,1,0,0.99999607
55000900130309,2021-04-09,1,0,0.99999607
55000900130309,2021-04-10,1,0,0.99999607
55000900130309,2021-04-11,1,0,0.99999607
55000900130309,2021-04-12,1,0,0.99999607
55000900130309,2021-04-13,1,0,0.99999607
55000900130309,2021-04-14,1,0,0.99999607
55000900130309,2021-04-15,1,0,0.99999607
55000900130309,2021-04-16,1,0,0.99999607
55000900130309,2021-04-17,1,0,0.99999607
55000900130309,2021-04-18,1,0,0.99999607
55000900130309,2021-04-19,1,0,0.99999607
55000900130309,2021-04-20,1,0,0.99999607
55000900130309,2021-04-21,1,0,0.99999607
55000900130309,2021-04-22,1,0,0.99999607
55000900130309,2021-04-23,1,0,0.99999607
55000900130309,2021-04-24,1,0,0.99999607
55000900130309,2021-04-25,1,0,0.99999607
55000900130309,2021-04-26,1,0,0.99999607
55000900130309,2021-04-27,1,0,0.99999607
55000900130309,2021-04-28,1,0,0.99999607
55000900130309,2021-04-29,1,0,0.99999607
55000900130309,2021-04-30,1,0,0.99999607
55000900130309,2021-05-01,1,0,0.99999607
55000900130309,2021-05-02,1,0,0.99999607
55000900130309,2021-05-03,1,0,0.99999607
55000900130309,2021-05-04,1,0,0.99999607
55000900130309,2021-05-05,1,0,0.99999607
55000900130309,2021-05-06,1,0,0.99999607
55000900130309,2021-05-07,1,0,0.99999607
55000900130309,2021-05-08,1,0,0.99999607
55000900130309,2021-05-09,1,0,0.99999607
55000900130309,2021-05-10,1,0,0.99999607
55000900130309,2021-05-11,1,0,0.99999607
55000900130309,2021-05-12,1,0,0.99999607
55000900130309,2021-05-13,1,0,0.99999607
55000900130309,2021-05-14,1,0,0.99999607
55000900130309,2021-05-15,1,0,0.99999607
55000900130309,2021-05-16,1,0,0.99999607
55000900130309,2021-05-17,1,0,0.99999607
55000900130309,2021-05-18,1,0,0.99999607
55000900130309,2021-05-19,1,0,0.99999607
55000900130309,2021-05-20,1,0,0.99999607
55000900130309,2021-05-21,1,0,0.99999607
55000900130309,2021-05-22,1,0,0.99999607
55000900130309,2021-05-23,1,0,0.99999607
55000900130309,2021-05-24,1,0,0.99999607
55000900130309,2021-05-25,1,0,0.99999607
55000900130309,2021-05-26,1,0,0.99999607
55000900130309,2021-05-27,1,0,0.99999607
55000900130309,2021-05-28,1,0,0.99999607
55000900130309,2021-05-29,1,0,0.99999607
55000900130309,2021-05-30,1,0,0.99999607
55000900130309,2021-05-31,1,0,0.99999607
55000900130309,2021-06-01,1,0,0.99999607
55000900130309,2021-06-02,1,0,0.99999607
55000900130309,2021-06-03,1,0,0.99999607
55000900130309,2021-06-04,1,0,0.99999607
55000900130309,2021-06-05,1,0,0.99999607
55000900130309,2021-06-06,1,0,0.99999607
55000900130309,2021-06-07,1,0,0.99999607
55000900130309,2021-06-08,1,0,0.99999607
55000900130309,2021-06-09,1,0,0.99999607
55000900130309,2021-06-10,1,0,0.99999607
55000900130309,2021-06-11,1,0,0.99999607
55000900130309,2021-06-12,1,0,0.99999607
55000900130309,2021-06-13,1,0,0.99999607
55000900130309,2021-06-14,1,0,0.99999607
55000900130309,2021-06-15,1,0,0.99999607
55000900130309,2021-06-16,1,0,0.99999607
55000900130309,2021-06-17,1,0,0.99999607
55000900130309,2021-06-18,1,0,0.99999607
55000900130309,2021-06-19,1,0,0.99999607
55000900130309,2021-06-20,1,0,0.99999607
55000900130309,2021-06-21,1,0,0.99999607
55000900130309,2021-06-22,1,0,0.99999607
55000900130309,2021-06-23,1,0,0.99999607
55000900130309,2021-06-24,1,0,0.99999607
55000900130309,2021-06-25,1,0,0.99999607
55000900130309,2021-06-26,1,0,0.99999607
55000900130309,2021-06-27,1,0,0.99999607
55000900130309,2021-06-28,1,0,0.99999607
55000900130309,2021-06-29,1,0,0.99999607
55000900130309,2021-06-30,1,0,0.99999607
55000900130309,2021-07-01,1,0,0.99999607
55000900130309,2021-07-02,1,0,0.99999607
55000900130309,2021-07-03,1,0,0.99999607
55000900130309,2021-07-04,1,0,0.99999607
55000900130309,2021-07-05,1,0,0.99999607
55000900130309,2021-07-06,1,0,0.99999607
55000900130309,2021-07-07,1,0,0.99999607
55000900130309,2021-07-08,1,0,0.99999607
55000900130309,2021-07-09,1,0,0.99999607
55000900130309,2021-07-10,1,0,0.99999607
55000900130309,2021-07-11,1,0,0.99999607
55000900130309,2021-07-12,1,0,0.99999607
55000900130309,2021-07-13,1,0,0.99999607
55000900130309,2021-07-14,1,0,0.99999607
55000900130309,2021-07-15,1,0,0.99999607
55000900130309,2021-07-16,1,0,0.99999607
55000900130309,2021-07-20,1,0,0.99999607
55000900130309,2021-07-21,1,0,0.99999607
55000900130309,2021-07-22,1,0,0.99999607
55000900130309,2021-07-23,1,0,0.99999607
55000900130309,2021-07-24,1,0,0.99999607
55000900130309,2021-07-25,1,0,0.99999607
55000900130309,2021-07-26,1,0,0.99999607
55000900130309,2021-07-27,1,0,0.99999607
55000900130309,2021-07-28,1,0,0.99999607
55000900130309,2021-07-29,1,0,0.99999607
55000900130309,2021-07-30,1,0,0.99999607
55000900130309,2021-07-31,1,0,0.99999607
55000900130309,2021-08-01,1,0,0.99999607
55000900130309,2021-08-02,1,0,0.99999607
55000900130309,2021-08-03,1,0,0.99999607
55000900130309,2021-08-04,1,0,0.99999607
55000900130309,2021-08-05,1,0,0.99999607
55000900130309,2021-08-06,1,0,0.99999607
55000900130309,2021-08-07,1,0,0.99999607
55000900130309,2021-08-08,1,0,0.99999607
55000900130309,2021-08-09,1,0,0.99999607
55000900130309,2021-08-10,1,0,0.99999607
55000900130309,2021-08-11,1,0,0.99999607
55000900130309,2021-08-12,1,0,0.99999607
55000900130309,2021-08-13,1,0,0.99999607
55000900130309,2021-08-14,1,0,0.99999607
55000900130309,2021-08-15,1,0,0.99999607
55000900130309,2021-08-16,1,0,0.99999607
55000900130309,2021-08-25,1,0,0.99999607
55000900130309,2021-08-26,1,0,0.99999607
55000900130309,2021-08-27,1,0,0.99999607
55000900130309,2021-08-28,1,0,0.99999607
55000900130309,2021-08-29,1,0,0.99999607
55000900130309,2021-08-30,1,0,0.99999607
55000900130309,2021-08-31,1,0,0.99999607
55000900130309,2021-09-01,1,0,0.99999607
55000900130309,2021-09-02,1,0,0.99999607
55000900130309,2021-09-03,1,0,0.99999607
55000900130309,2021-09-04,1,0,0.99999607
55000900130309,2021-09-05,1,0,0.99999607
55000900130309,2021-09-06,1,0,0.99999607
55000900130309,2021-09-07,1,0,0.99999607
55000900130309,2021-09-08,1,0,0.99999607
55000900130309,2021-09-09,1,0,0.99999607
55000900130309,2021-09-10,1,0,0.99999607
55000900130309,2021-09-11,1,0,0.99999607
55000900130309,2021-09-12,1,0,0.99999607
55000900130309,2021-09-13,1,0,0.99999607
55000900130309,2021-09-14,1,0,0.99999607
55000900130309,2021-09-15,1,0,0.99999607
55000900130309,2021-09-16,1,0,0.99999607
55000900130309,2021-09-17,1,0,0.99999607
55000900130309,2021-09-18,1,0,0.99999607
55000900130309,2021-09-19,1,0,0.99999607
55000900130309,2021-09-20,1,0,0.99999607
55000900130309,2021-09-21,1,0,0.99999607
55000900130309,2021-09-22,1,0,0.99999607
55000900130309,2021-09-23,1,0,0.99999607
55000900130309,2021-09-24,1,0,0.99999607
55000900130309,2021-09-25,1,0,0.99999607
55000900130309,2021-09-26,1,0,0.99999607
55000900130309,2021-09-27,1,0,0.99999607
55000900130309,2021-09-28,1,0,0.99999607
55000900130309,2021-09-29,1,0,0.99999607
55000900130309,2021-09-30,1,0,0.99999607
55000900130309,2021-10-01,1,0,0.99999607
55000900130309,2021-10-02,1,0,0.99999607
55000900130309,2021-10-03,1,0,0.99999607
55000900130309,2021-10-04,1,0,0.99999607
55000900130309,2021-10-05,1,0,0.99999607
55000900130309,2021-10-06,1,0,0.99999607
55000900130309,2021-10-07,1,0,0.99999607
55000900130309,2021-10-08,1,0,0.99999607
55000900130309,2021-10-09,1,0,0.99999607
55000900130309,2021-10-10,1,0,0.99999607
55000900130309,2021-10-11,1,0,0.99999607
55000900130309,2021-10-12,1,0,0.99999607
55000900130309,2021-10-13,1,0,0.99999607
55000900130309,2021-10-14,1,0,0.99999607
55000900130309,2021-10-15,1,0,0.99999607
55000900130309,2021-10-16,1,0,0.99999607
55000900130309,2021-10-17,1,0,0.99999607
55000900130309,2021-10-18,1,0,0.99999607
55000900130309,2021-10-19,1,0,0.99999607
55000900130309,2021-10-20,1,0,0.99999607
55000900130309,2021-10-21,1,0,0.99999607
55000900130309,2021-10-22,1,0,0.99999607
55000900130309,2021-10-23,1,0,0.99999607
55000900130309,2021-10-24,1,0,0.99999607
55000900130309,2021-10-25,1,0,0.99999607
55000900130309,2021-10-26,1,0,0.99999607
55000900130309,2021-10-27,1,0,0.99999607
55000900130309,2021-10-28,1,0,0.99999607
55000900130309,2021-10-29,1,0,0.99999607
55000900130309,2021-10-30,1,0,0.99999607
55000900130309,2021-10-31,1,0,0.99999607
55000900130309,2021-11-01,1,0,0.99999607
55000900130309,2021-11-02,1,0,0.99999607
55000900130309,2021-11-03,1,0,0.99999607
55000900130309,2021-11-04,1,0,0.99999607
55000900130309,2021-11-05,1,0,0.99999607
55000900130309,2021-11-06,1,0,0.99999607
55000900130309,2021-11-07,1,0,0.99999607
55000900130309,2021-11-08,1,0,0.99999607
55000900130309,2021-11-09,1,0,0.99999607
55000900130309,2021-11-10,1,0,0.99999607
55000900130309,2021-11-11,1,0,0.99999607
55000900130309,2021-11-12,1,0,0.99999607
55000900130309,2021-11-13,1,0,0.99999607
55000900130309,2021-11-14,1,0,0.99999607
55000900130309,2021-11-15,1,0,0.99999607
55000900130309,2021-11-16,1,0,0.99999607
55000900130309,2021-11-17,1,0,0.99999607
55000900130309,2021-11-18,1,0,0.99999607
55000900130309,2021-11-19,1,0,0.99999607
55000900130309,2021-11-20,1,0,0.99999607
55000900130309,2021-11-21,1,0,0.99999607
55000900130309,2021-11-22,1,0,0.99999607
55000900130309,2021-11-23,1,0,0.99999607
55000900130309,2021-11-24,1,0,0.99999607
55000900130309,2021-11-25,1,0,0.99999607
55000900130309,2021-11-26,1,0,0.99999607
55000900130309,2021-11-27,1,0,0.99999607
55000900130309,2021-11-28,1,0,0.99999607
55000900130309,2021-11-29,1,0,0.99999607
55000900130309,2021-11-30,1,0,0.99999607
55000900130309,2021-12-01,1,0,0.99999607
55000900130309,2021-12-02,1,0,0.99999607
55000900130309,2021-12-03,1,0,0.99999607
55000900130309,2021-12-04,1,0,0.99999607
55000900130309,2021-12-05,1,0,0.99999607
55000900130309,2021-12-06,1,0,0.99999607
55000900130309,2021-12-07,1,0,0.99999607
55000900130309,2021-12-08,1,0,0.99999607
55000900130309,2021-12-09,1,0,0.99999607
55000900130309,2021-12-10,1,0,0.99999607
55000900130309,2021-12-11,1,0,0.99999607
55000900130309,2021-12-12,1,0,0.99999607
55000900130309,2021-12-13,1,0,0.99999607
55000900130309,2021-12-14,1,0,0.99999607
55000900130309,2021-12-15,1,0,0.99999607
55000900130309,2021-12-16,1,0,0.99999607
55000900130309,2021-12-17,1,0,0.99999607
55000900130309,2021-12-18,1,0,0.99999607
55000900130309,2021-12-19,1,0,0.99999607
55000900130309,2021-12-20,1,0,0.99999607
55000900130309,2021-12-21,1,0,0.99999607
55000900130309,2021-12-22,1,0,0.99999607
55000900130309,2021-12-23,1,0,0.99999607
55000900130309,2021-12-24,1,0,0.99999607
55000900130309,2021-12-25,1,0,0.99999607
55000900130309,2021-12-26,1,0,0.99999607
55000900130309,2021-12-27,1,0,0.99999607
55000900130309,2021-12-28,1,0,0.99999607
55000900130309,2021-12-29,1,0,0.99999607
55000900130309,2021-12-30,1,0,0.99999607
55000900130309,2021-12-31,1,0,0.99999607
55000900130309,2022-01-01,1,0,0.99999607
55000900130309,2022-01-02,1,0,0.99999607
55000900130309,2022-01-03,1,0,0.99999607
55000900130309,2022-01-04,1,0,0.99999607
55000900130309,2022-01-05,1,0,0.99999607
55000900130309,2022-01-06,1,0,0.99999607
55000900130309,2022-01-07,1,0,0.99999607
55000900130309,2022-01-08,1,0,0.99999607
55000900130309,2022-01-09,1,0,0.99999607
55000900130309,2022-01-10,1,0,0.99999607
55000900130309,2022-01-11,1,0,0.99999607
55000900130309,2022-01-12,1,0,0.99999607
55000900130309,2022-01-13,1,0,0.99999607
55000900130309,2022-01-14,1,0,0.99999607
55000900130309,2022-01-15,1,0,0.99999607
55000900130309,2022-01-16,1,0,0.99999607
55000900130309,2022-01-17,1,0,0.99999607
55000900130309,2022-01-18,1,0,0.99999607
55000900130309,2022-01-19,1,0,0.99999607
55000900130309,2022-01-20,1,0,0.99999607
55000900130309,2022-01-21,1,0,0.99999607
55000900130309,2022-01-22,1,0,0.99999607
55000900130309,2022-01-23,1,0,0.99999607
55000900130309,2022-01-24,1,0,0.99999607
55000900130309,2022-01-25,1,0,0.99999607
55000900130309,2022-01-26,1,0,0.99999607
55000900130309,2022-01-27,1,0,0.99999607
55000900130309,2022-01-28,1,0,0.99999607
55000900130309,2022-01-29,1,0,0.99999607
55000900130309,2022-01-30,1,0,0.99999607
55000900130309,2022-01-31,1,0,0.99999607
55000900130309,2022-02-01,1,0,0.99999607
55000900130309,2022-02-02,1,0,0.99999607
55000900130309,2022-02-03,1,0,0.99999607
55000900130309,2022-02-04,1,0,0.99999607
55000900130309,2022-02-05,1,0,0.99999607
55000900130309,2022-02-06,1,0,0.99999607
55000900130309,2022-02-07,1,0,0.99999607
55000900130309,2022-02-08,1,0,0.99999607
55000900130309,2022-02-09,1,0,0.99999607
55000900130309,2022-02-10,1,0,0.99999607
55000900130309,2022-02-11,1,0,0.99999607
55000900130309,2022-02-12,1,0,0.99999607
55000900130309,2022-02-13,1,0,0.99999607
55000900130309,2022-02-14,1,0,0.99999607
55000900130309,2022-02-15,1,0,0.99999607
55000900130309,2022-02-16,1,0,0.99999607
55000900130309,2022-02-17,1,0,0.99999607
55000900130309,2022-02-18,1,0,0.99999607
55000900130309,2022-02-19,1,0,0.99999607
55000900130309,2022-02-20,1,0,0.99999607
55000900130309,2022-02-21,1,0,0.99999607
55000900130309,2022-02-22,1,0,0.99999607
55000900130309,2022-02-23,1,0,0.99999607
55000900130309,2022-02-24,1,0,0.99999607
55000900130309,2022-02-25,1,0,0.99999607
55000900130309,2022-02-26,1,0,0.99999607
55000900130309,2022-02-27,1,0,0.99999607
55000900130309,2022-02-28,1,0,0.99999607
55000900130309,2022-03-01,1,0,0.99999607
55000900130309,2022-03-02,1,0,0.99999607
55000900130309,2022-03-03,1,0,0.99999607
55000900130309,2022-03-04,1,0,0.99999607
55000900130309,2022-03-05,1,0,0.99999607
55000900130309,2022-03-06,1,0,0.99999607
55000900130309,2022-03-07,1,0,0.99999607
55000900130309,2022-03-08,1,0,0.99999607
55000900130309,2022-03-09,1,0,0.99999607
55000900130309,2022-03-10,1,0,0.99999607
55000900130309,2022-03-11,1,0,0.99999607
55000900130309,2022-03-12,1,0,0.99999607
55000900130309,2022-03-14,1,0,0.99999607
55000900130309,2022-03-15,1,0,0.99999607
55000900130309,2022-03-16,1,0,0.99999607
55000900130309,2022-03-17,1,0,0.99999607
55000900130309,2022-03-18,1,0,0.99999607
55000900130309,2022-03-19,1,0,0.99999607
55000900130309,2022-03-20,1,0,0.99999607
55000900130309,2022-03-21,1,0,0.99999607
55000900130309,2022-03-22,1,0,0.99999607
55000900130309,2022-03-23,1,0,0.99999607
55000900130309,2022-03-24,1,0,0.99999607
55000900130309,2022-03-25,1,0,0.99999607
55000900130309,2022-03-26,1,0,0.99999607
55000900130309,2022-03-27,1,0,0.99999607
55000900130309,2022-03-28,1,0,0.99999607
55000900130309,2022-03-29,1,0,0.99999607
55000900130309,2022-03-30,1,0,0.99999607
55000900130309,2022-03-31,1,0,0.99999607
55000900130309,2022-04-01,1,0,0.99999607
55000900130309,2022-04-02,1,0,0.99999607
55000900130309,2022-04-03,1,0,0.99999607
55000900130309,2022-04-04,1,0,0.99999607
55000900130309,2022-04-05,1,0,0.99999607
55000900130309,2022-04-06,1,0,0.99999607
55000900130309,2022-04-07,1,0,0.99999607
55000900130309,2022-04-08,1,0,0.99999607
55000900130309,2022-04-09,1,0,0.99999607
55000900130309,2022-04-10,1,0,0.99999607
55000900130309,2022-04-11,1,0,0.99999607
55000900130309,2022-04-12,1,0,0.99999607
55000900130309,2022-04-13,1,0,0.99999607
55000900130309,2022-04-14,1,0,0.99999607
55000900130309,2022-04-15,1,0,0.99999607
55000900130309,2022-04-16,1,0,0.99999607
55000900130309,2022-04-17,1,0,0.99999607
55000900130309,2022-04-18,1,0,0.99999607
55000900130309,2022-04-19,1,0,0.99999607
55000900130309,2022-04-20,1,0,0.99999607
55000900130309,2022-04-21,1,0,0.99999607
55000900130309,2022-04-22,1,0,0.99999607
55000900130309,2022-04-23,1,0,0.99999607
55000900130309,2022-04-24,1,0,0.99999607
55000900130309,2022-04-25,1,0,0.99999607
55000900130309,2022-04-26,1,0,0.99999607
55000900130309,2022-04-27,1,0,0.99999607
55000900130309,2022-04-28,1,0,0.99999607
55000900130309,2022-04-29,1,0,0.99999607
55000900130309,2022-04-30,1,0,0.99999607
55000900130309,2022-05-01,1,0,0.99999607
55000900130309,2022-05-02,1,0,0.99999607
55000900130309,2022-05-03,1,0,0.99999607
55000900130309,2022-05-04,1,0,0.99999607
55000900130309,2022-05-05,1,0,0.99999607
55000900130309,2022-05-06,1,0,0.99999607
55000900130309,2022-05-07,1,0,0.99999607
55000900130309,2022-05-08,1,0,0.99999607
55000900130309,2022-05-09,1,0,0.99999607
55000900130309,2022-05-10,1,0,0.99999607
55000900130309,2022-05-11,1,0,0.99999607
55000900130309,2022-05-12,1,0,0.99999607
55000900130309,2022-05-13,1,0,0.99999607
55000900130309,2022-05-14,1,0,0.99999607
55000900130309,2022-05-15,1,0,0.99999607
55000900130309,2022-05-16,1,0,0.99999607
55000900130309,2022-05-17,1,0,0.99999607
55000900130309,2022-05-18,1,0,0.99999607
55000900130309,2022-05-19,1,0,0.99999607
55000900130309,2022-05-20,1,0,0.99999607
55000900130309,2022-05-21,1,0,0.99999607
55000900130309,2022-05-22,1,0,0.99999607
55000900130309,2022-05-23,1,0,0.99999607
55000900130309,2022-05-24,1,0,0.99999607
55000900130309,2022-05-25,1,0,0.99999607
55000900130309,2022-05-26,1,0,0.99999607
55000900130309,2022-05-27,1,0,0.99999607
55000900130309,2022-05-28,1,0,0.99999607
55000900130309,2022-05-29,1,0,0.99999607
55000900130309,2022-05-30,1,0,0.99999607
55000900130309,2022-05-31,1,0,0.99999607
55000900130309,2022-06-01,1,0,0.99999607
55000900130309,2022-06-02,1,0,0.99999607
55000900130309,2022-06-03,1,0,0.99999607
55000900130309,2022-06-04,1,0,0.99999607
55000900130309,2022-06-05,1,0,0.99999607
55000900130309,2022-06-06,1,0,0.99999607
55000900130309,2022-06-07,1,0,0.99999607
55000900130309,2022-06-08,1,0,0.99999607
55000900130309,2022-06-09,1,0,0.99999607
55000900130309,2022-06-10,1,0,0.99999607
55000900130309,2022-06-11,1,0,0.99999607
55000900130309,2022-06-12,1,0,0.99999607
55000900130309,2022-06-13,1,0,0.99999607
55000900130309,2022-06-14,1,0,0.99999607
55000900130309,2022-06-15,1,0,0.99999607
55000900130309,2022-06-16,1,0,0.99999607
55000900130309,2022-06-17,1,0,0.99999607
55000900130309,2022-06-18,1,0,0.99999607
55000900130309,2022-06-19,1,0,0.99999607
55000900130309,2022-06-20,1,0,0.99999607
55000900130309,2022-06-21,1,0,0.99999607
55000900130309,2022-06-22,1,0,0.99999607
55000900130309,2022-06-23,1,0,0.99999607
55000900130309,2022-06-24,1,0,0.99999607
55000900130309,2022-06-25,1,0,0.99999607
55000900130309,2022-06-26,1,0,0.99999607
55000900130309,2022-06-27,1,0,0.99999607
55000900130309,2022-06-28,1,0,0.99999607
55000900130309,2022-06-29,1,0,0.99999607
55000900130309,2022-06-30,1,0,0.99999607
55000900130309,2022-07-01,1,0,0.99999607
55000900130309,2022-07-02,1,0,0.99999607
55000900130309,2022-07-03,1,0,0.99999607
55000900130309,2022-07-04,1,0,0.99999607
55000900130309,2022-07-05,1,0,0.99999607
55000900130309,2022-07-06,1,0,0.99999607
55000900130309,2022-07-07,1,0,0.99999607
55000900130309,2022-07-08,1,0,0.99999607
55000900130309,2022-07-09,1,0,0.99999607
55000900130309,2022-07-10,1,0,0.99999607
55000900130309,2022-07-11,1,0,0.99999607
55000900130309,2022-07-12,1,0,0.99999607
55000900130309,2022-07-13,1,0,0.99999607
55000900130309,2022-07-14,1,0,0.99999607
55000900130309,2022-07-15,1,0,0.99999607
55000900130309,2022-07-16,1,0,0.99999607
55000900130309,2022-07-17,1,0,0.99999607
55000900130309,2022-07-18,1,0,0.99999607
55000900130309,2022-07-19,1,0,0.99999607
55000900130309,2022-07-20,1,0,0.99999607
55000900130309,2022-07-21,1,0,0.99999607
55000900130309,2022-07-22,1,0,0.99999607
55000900130309,2022-07-23,1,0,0.99999607
55000900130309,2022-07-24,1,0,0.99999607
55000900130309,2022-07-25,1,0,0.99999607
55000900130309,2022-07-26,1,0,0.99999607
55000900130309,2022-07-27,1,0,0.99999607
55000900130309,2022-07-28,1,0,0.99999607
55000900130309,2022-07-29,1,0,0.99999607
55000900130309,2022-07-30,1,0,0.99999607
55000900130309,2022-07-31,1,0,0.99999607
55000900130309,2022-08-01,1,0,0.99999607
55000900130309,2022-08-02,1,0,0.99999607
55000900130309,2022-08-03,1,0,0.99999607
55000900130309,2022-08-04,1,0,0.99999607
55000900130309,2022-08-05,1,0,0.99999607
55000900130309,2022-08-06,1,0,0.99999607
55000900130309,2022-08-07,1,0,0.99999607
55000900130309,2022-08-08,1,0,0.99999607
55000900130309,2022-08-09,1,0,0.99999607
55000900130309,2022-08-10,1,0,0.99999607
55000900130309,2022-08-11,1,0,0.99999607
55000900130309,2022-08-12,1,0,0.99999607
55000900130309,2022-08-13,1,0,0.99999607
55000900130309,2022-08-14,1,0,0.99999607
55000900130309,2022-08-15,1,0,0.99999607
55000900130309,2022-08-16,1,0,0.99999607
55000900130309,2022-08-17,1,0,0.99999607
55000900130309,2022-08-18,1,0,0.99999607
55000900130309,2022-08-19,1,0,0.99999607
55000900130309,2022-08-20,1,0,0.99999607
55000900130309,2022-08-21,1,0,0.99999607
55000900130309,2022-08-22,1,0,0.99999607
55000900130309,2022-08-23,1,0,0.99999607
55000900130309,2022-08-24,1,0,0.99999607
55000900130309,2022-08-25,1,0,0.99999607
55000900130309,2022-08-26,1,0,0.99999607
55000900130309,2022-08-27,1,0,0.99999607
55000900130309,2022-08-28,1,0,0.99999607
55000900130309,2022-08-29,1,0,0.99999607
55000900130309,2022-08-30,1,0,0.99999607
55000900130309,2022-08-31,1,0,0.99999607
55000900130309,2022-09-01,1,0,0.99999607
55000900130309,2022-09-02,1,0,0.99999607
55000900130309,2022-09-03,1,0,0.99999607
55000900130309,2022-09-04,1,0,0.99999607
55000900130309,2022-09-05,1,0,0.99999607
55000900130309,2022-09-06,1,0,0.99999607
55000900130309,2022-09-07,1,0,0.99999607
55000900130309,2022-09-08,1,0,0.99999607
55000900130309,2022-09-09,1,0,0.99999607
55000900130309,2022-09-10,1,0,0.99999607
55000900130309,2022-09-11,1,0,0.99999607
55000900130309,2022-09-12,1,0,0.99999607
55000900130309,2022-09-13,1,0,0.99999607
55000900130309,2022-09-14,1,0,0.99999607
55000900130309,2022-09-15,1,0,0.99999607
55000900130309,2022-09-16,1,0,0.99999607
55000900130309,2022-09-17,1,0,0.99999607
55000900130309,2022-09-18,1,0,0.99999607
55000900130309,2022-09-19,1,0,0.99999607
55000900130309,2022-09-20,1,0,0.99999607
55000900130309,2022-09-21,1,0,0.99999607
55000900130309,2022-09-22,1,0,0.99999607
55000900130309,2022-09-23,1,0,0.99999607
55000900130309,2022-09-24,1,0,0.99999607
55000900130309,2022-09-25,1,0,0.99999607
55000900130309,2022-09-26,1,0,0.99999607
55000900130309,2022-09-27,1,0,0.99999607
55000900130309,2022-09-28,1,0,0.99999607
55000900130309,2022-09-29,1,0,0.99999607
55000900130309,2022-09-30,1,0,0.99999607
55000900130309,2022-10-01,1,0,0.99999607
55000900130309,2022-10-02,1,0,0.99999607
55000900130309,2022-10-03,1,0,0.99999607
55000900130309,2022-10-04,1,0,0.99999607
55000900130309,2022-10-05,1,0,0.99999607
55000900130309,2022-10-06,1,0,0.99999607
55000900130309,2022-10-07,1,0,0.99999607
55000900130309,2022-10-08,1,0,0.99999607
55000900130309,2022-10-09,1,0,0.99999607
55000900130309,2022-10-10,1,0,0.99999607
55000900130309,2022-10-11,1,0,0.99999607
55000900130309,2022-10-12,1,0,0.99999607
55000900130309,2022-10-13,1,0,0.99999607
55000900130309,2022-10-14,1,0,0.99999607
55000900130309,2022-10-15,1,0,0.99999607
55000900130309,2022-10-16,1,0,0.99999607
55000900130309,2022-10-17,1,0,0.99999607
55000900130309,2022-10-18,1,0,0.99999607
55000900130309,2022-10-19,1,0,0.99999607
55000900130309,2022-10-20,1,0,0.99999607
55000900130309,2022-10-21,1,0,0.99999607
55000900130309,2022-10-22,1,0,0.99999607
55000900130309,2022-10-23,1,0,0.99999607
55000900130309,2022-10-24,1,0,0.99999607
55000900130309,2022-10-25,1,0,0.99999607
55000900130309,2022-10-26,1,0,0.99999607
55000900130309,2022-10-27,1,0,0.99999607
55000900130309,2022-10-28,1,0,0.99999607
55000900130309,2022-10-29,1,0,0.99999607
55000900130309,2022-10-30,1,0,0.99999607
55000900130309,2022-10-31,1,0,0.99999607
55000900130309,2022-11-01,1,0,0.99999607
55000900130309,2022-11-02,1,0,0.99999607
55000900130309,2022-11-03,1,0,0.99999607
55000900130309,2022-11-04,1,0,0.99999607
55000900130309,2022-11-05,1,0,0.99999607
55000900130309,2022-11-06,1,0,0.99999607
55000900130309,2022-11-07,1,0,0.99999607
55000900130309,2022-11-08,1,0,0.99999607
55000900130309,2022-11-09,1,0,0.99999607
55000900130309,2022-11-10,1,0,0.99999607
55000900130309,2022-11-11,1,0,0.99999607
55000900130309,2022-11-12,1,0,0.99999607
55000900130309,2022-11-13,1,0,0.99999607
55000900130309,2022-11-14,1,0,0.99999607
55000900130309,2022-11-15,1,0,0.99999607
55000900130309,2022-11-16,1,0,0.99999607
55000900130309,2022-11-17,1,0,0.99999607
55000900130309,2022-11-18,1,0,0.99999607
55000900130309,2022-11-19,1,0,0.99999607
55000900130309,2022-11-20,1,0,0.99999607
55000900130309,2022-11-21,1,0,0.99999607
55000900130309,2022-11-22,1,0,0.99999607
55000900130309,2022-11-23,1,0,0.99999607
55000900130309,2022-11-24,1,0,0.99999607
55000900130309,2022-11-25,1,0,0.99999607
55000900130309,2022-11-26,1,0,0.99999607
55000900130309,2022-11-27,1,0,0.99999607
55000900130309,2022-11-28,1,0,0.99999607
55000900130309,2022-11-29,1,0,0.99999607
55000900130309,2022-11-30,1,0,0.99999607
55000900130309,2022-12-01,1,0,0.99999607
55000900130309,2022-12-02,1,0,0.99999607
55000900130309,2022-12-03,1,0,0.99999607
55000900130309,2022-12-04,1,0,0.99999607
55000900130309,2022-12-05,1,0,0.99999607
55000900130309,2022-12-06,1,0,0.99999607
55000900130309,2022-12-07,1,0,0.99999607
55000900130309,2022-12-08,1,0,0.99999607
55000900130309,2022-12-09,1,0,0.99999607
55000900130309,2022-12-10,1,0,0.99999607
55000900130309,2022-12-11,1,0,0.99999607
55000900130309,2022-12-12,1,0,0.99999607
55000900130309,2022-12-13,1,0,0.99999607
55000900130309,2022-12-14,1,0,0.99999607
55000900130309,2022-12-15,1,0,0.99999607
55000900130309,2022-12-16,1,0,0.99999607
55000900130309,2022-12-17,1,0,0.99999607
55000900130309,2022-12-18,1,0,0.99999607
55000900130309,2022-12-19,1,0,0.99999607
55000900130309,2022-12-20,1,0,0.99999607
55000900130309,2022-12-21,1,0,0.99999607
55000900130309,2022-12-22,1,0,0.99999607
55000900130309,2022-12-23,1,0,0.99999607
55000900130309,2022-12-24,1,0,0.99999607
55000900130309,2022-12-25,1,0,0.99999607
55000900130309,2022-12-26,1,0,0.99999607
55000900130309,2022-12-27,1,0,0.99999607
55000900130309,2022-12-28,1,0,0.99999607
55000900130309,2022-12-29,1,0,0.99999607
55000900130309,2022-12-30,1,0,0.99999607
55000900130309,2022-12-31,1,0,0.99999607
55000900130309,2023-01-01,1,0,0.99999607
55000900130309,2023-01-02,1,0,0.99999607
55000900130309,2023-01-03,1,0,0.99999607
55000900130309,2023-01-04,1,0,0.99999607
55000900130309,2023-01-05,1,0,0.99999607
55000900130309,2023-01-06,1,0,0.99999607
55000900130309,2023-01-07,1,0,0.99999607
55000900130309,2023-01-08,1,0,0.99999607
55000900130309,2023-01-09,1,0,0.99999607
55000900130309,2023-01-10,1,0,0.99999607
55000900130309,2023-01-11,1,0,0.99999607
55000900130309,2023-01-12,1,0,0.99999607
55000900130309,2023-01-13,1,0,0.99999607
55000900130309,2023-01-14,1,0,0.99999607
55000900130309,2023-01-15,1,0,0.99999607
55000900130309,2023-01-16,1,0,0.99999607
55000900130309,2023-01-17,1,0,0.99999607
55000900130309,2023-01-18,1,0,0.99999607
55000900130309,2023-01-19,1,0,0.99999607
55000900130309,2023-01-20,1,0,0.99999607
55000900130309,2023-01-21,1,0,0.99999607
55000900130309,2023-01-22,1,0,0.99999607
55000900130309,2023-01-23,1,0,0.99999607
55000900130309,2023-01-24,1,0,0.99999607
55000900130309,2023-01-25,1,0,0.99999607
55000900130309,2023-01-26,1,0,0.99999607
55000900130309,2023-01-27,1,0,0.99999607
55000900130309,2023-01-28,1,0,0.99999607
55000900130309,2023-01-29,1,0,0.99999607
55000900130309,2023-01-30,1,0,0.99999607
55000900130309,2023-01-31,1,0,0.99999607
55000900130309,2023-02-01,1,0,0.99999607
55000900130309,2023-02-02,1,0,0.99999607
55000900130309,2023-02-03,1,0,0.99999607
55000900130309,2023-02-04,1,0,0.99999607
55000900130309,2023-02-05,1,0,0.99999607
55000900130309,2023-02-06,1,0,0.99999607
55000900130309,2023-02-07,1,0,0.99999607
55000900130309,2023-02-08,1,0,0.99999607
55000900130309,2023-02-09,1,0,0.99999607
55000900130309,2023-02-10,1,0,0.99999607
55000900130309,2023-02-11,1,0,0.99999607
55000900130309,2023-02-12,1,0,0.99999607
55000900130309,2023-02-13,1,0,0.99999607
55000900130309,2023-02-14,1,0,0.99999607
55000900130309,2023-02-15,1,0,0.99999607
55000900130309,2023-02-16,1,0,0.99999607
55000900130309,2023-02-17,1,0,0.99999607
55000900130309,2023-02-18,1,0,0.99999607
55000900130309,2023-02-19,1,0,0.99999607
55000900130309,2023-02-20,1,0,0.99999607
55000900130309,2023-02-21,1,0,0.99999607
55000900130309,2023-02-22,1,0,0.99999607
55000900130309,2023-02-23,1,0,0.99999607
55000900130309,2023-02-24,1,0,0.99999607
55000900130309,2023-02-25,1,0,0.99999607
55000900130309,2023-02-26,1,0,0.99999607
55000900130309,2023-02-27,1,0,0.99999607
55000900130309,2023-02-28,1,0,0.99999607
55000900130309,2023-03-01,1,0,0.99999607
55000900130309,2023-03-02,1,0,0.99999607
55000900130309,2023-03-03,1,0,0.99999607
55000900130309,2023-03-04,1,0,0.99999607
55000900130309,2023-03-05,1,0,0.99999607
55000900130309,2023-03-06,1,0,0.99999607
55000900130309,2023-03-07,1,0,0.99999607
55000900130309,2023-03-08,1,0,0.99999607
55000900130309,2023-03-09,1,0,0.99999607
55000900130309,2023-03-10,1,0,0.99999607
55000900130309,2023-03-11,1,0,0.99999607
55000900130309,2023-03-13,1,0,0.99999607
55000900130309,2023-03-14,1,0,0.99999607
55000900130309,2023-03-15,1,0,0.99999607
55000900130309,2023-03-16,1,0,0.99999607
55000900130309,2023-03-17,1,0,0.99999607
55000900130309,2023-03-18,1,0,0.99999607
55000900130309,2023-03-19,1,0,0.99999607
55000900130309,2023-03-20,1,0,0.99999607
55000900130309,2023-03-21,1,0,0.99999607
55000900130309,2023-03-22,1,0,0.99999607
55000900130309,2023-03-23,1,0,0.99999607
55000900130309,2023-03-24,1,0,0.99999607
55000900130309,2023-03-25,1,0,0.99999607
55000900130309,2023-03-26,1,0,0.99999607
55000900130309,2023-03-27,1,0,0.99999607
55000900130309,2023-03-28,1,0,0.99999607
55000900130309,2023-03-29,1,0,0.99999607
55000900130309,2023-03-30,1,0,0.99999607
55000900130309,2023-03-31,1,0,0.99999607
55000900130309,2023-04-01,1,0,0.99999607
55000900130309,2023-04-02,1,0,0.99999607
55000900130309,2023-04-03,1,0,0.99999607
55000900130309,2023-04-04,1,0,0.99999607
55000900130309,2023-04-05,1,0,0.99999607
55000900130309,2023-04-06,1,0,0.99999607
55000900130309,2023-04-07,1,0,0.99999607
55000900130309,2023-04-08,1,0,0.99999607
55000900130309,2023-04-09,1,0,0.99999607
55000900130309,2023-04-10,1,0,0.99999607
55000900130309,2023-04-11,1,0,0.99999607
55000900130309,2023-04-12,1,0,0.99999607
55000900130309,2023-04-13,1,0,0.99999607
55000900130309,2023-04-14,1,0,0.99999607
55000900130309,2023-04-15,1,0,0.99999607
55000900130309,2023-04-16,1,0,0.99999607
55000900130309,2023-04-17,1,0,0.99999607
55000900130309,2023-04-18,1,0,0.99999607
55000900130309,2023-04-19,1,0,0.99999607
55000900130309,2023-04-20,1,0,0.99999607
55000900130316,2020-09-11,0,0,0.16144958
55000900130316,2020-09-12,0,0,0.16144958
55000900130316,2020-09-13,0,0,0.16144958
55000900130316,2020-09-14,0,0,0.16144958
55000900130316,2020-09-15,0,0,0.16144958
55000900130316,2020-09-16,0,0,0.16144958
55000900130316,2020-09-17,0,0,0.16144958
55000900130316,2020-09-18,0,0,0.16144958
55000900130316,2020-09-19,1,0,0.16144958
55000900130316,2020-09-20,0,0,0.16144958
55000900130316,2020-09-21,0,0,0.16144958
55000900130316,2020-09-22,0,0,0.6561863
55000900130316,2020-09-23,0,0,0.20468307
55000900130316,2020-09-24,1,0,0.16848612
55000900130316,2020-09-25,1,0,0.16337086
55000900130316,2020-09-26,1,0,0.16286696
55000900130316,2020-09-27,0,0,0.6562195
55000900130316,2020-09-28,0,0,0.6451901
55000900130316,2020-09-29,0,0,0.74107206
55000900130316,2020-09-30,0,0,0.24547249
55000900130316,2020-10-01,0,0,0.26375577
55000900130316,2020-10-02,0,0,0.1902517
55000900130316,2020-10-03,0,0,0.16930492
55000900130316,2020-10-04,0,0,0.16513595
55000900130316,2020-10-05,0,0,0.16412604
55000900130316,2020-10-06,0,0,0.16385879
55000900130316,2020-10-07,0,0,0.16371682
55000900130316,2020-10-08,0,0,0.16363554
55000900130316,2020-10-09,0,0,0.16354975
55000900130316,2020-10-10,1,0,0.1634746
55000900130316,2020-10-11,1,0,0.16339311
55000900130316,2020-10-12,1,0,0.16331401
55000900130316,2020-10-13,1,0,0.6597142
55000900130316,2020-10-14,1,0,0.7027567
55000900130316,2020-10-15,1,0,0.75595075
55000900130316,2020-10-16,1,0,0.7866467
55000900130316,2020-10-17,0,0,0.85515666
55000900130316,2020-10-18,0,0,0.9302452
55000900130316,2020-10-19,0,0,0.95003206
55000900130316,2020-10-20,0,0,0.3196014
55000900130316,2020-10-21,0,0,0.20546144
55000900130316,2020-10-22,0,0,0.17464209
55000900130316,2020-10-23,0,0,0.16715792
55000900130316,2020-10-24,0,0,0.16440667
55000900130316,2020-10-25,0,0,0.16362406
55000900130316,2020-10-26,0,0,0.16316813
55000900130316,2020-10-27,0,0,0.1629598
55000900130316,2020-10-28,0,0,0.16277851
55000900130316,2020-10-29,0,0,0.1626662
55000900130316,2020-10-30,0,0,0.16256782
55000900130316,2020-10-31,0,0,0.16248828
55000900130316,2020-11-01,0,0,0.16240999
55000900130316,2020-11-02,0,0,0.16234164
55000900130316,2020-11-03,0,0,0.16227752
55000900130316,2020-11-04,0,0,0.16221753
55000900130316,2020-11-05,1,0,0.16216311
55000900130316,2020-11-06,1,0,0.16210866
55000900130316,2020-11-07,1,0,0.16206145
55000900130316,2020-11-08,1,0,0.65749276
55000900130316,2020-11-09,1,0,0.647196
55000900130316,2020-11-10,1,0,0.74509656
55000900130316,2020-11-11,1,0,0.76936185
55000900130316,2020-11-12,1,0,0.8320407
55000900130316,2020-11-13,1,0,0.9214467
55000900130316,2020-11-14,1,0,0.94718707
55000900130316,2020-11-15,1,0,0.95706916
55000900130316,2020-11-16,1,0,0.962788
55000900130316,2020-11-17,1,0,0.96654344
55000900130316,2020-11-18,1,0,0.9693581
55000900130316,2020-11-19,1,0,0.9714537
55000900130316,2020-11-20,1,0,0.9731337
55000900130316,2020-11-21,1,0,0.974532
55000900130316,2020-11-22,1,0,0.9757319
55000900130316,2020-11-23,1,0,0.97676784
55000900130316,2020-11-24,1,0,0.9776627
55000900130316,2020-11-25,1,0,0.9784194
55000900130316,2020-11-26,1,0,0.97904265
55000900130316,2020-11-27,1,0,0.97954893
55000900130316,2020-11-28,1,0,0.97994596
55000900130316,2020-11-29,1,0,0.9802603
55000900130316,2020-11-30,1,0,0.9805043
55000900130316,2020-12-01,1,0,0.9807145
55000900130316,2020-12-02,1,0,0.98090625
55000900130316,2020-12-03,1,0,0.9811499
55000900130316,2020-12-04,1,0,0.98108095
55000900130316,2020-12-05,1,0,0.9823131
55000900130316,2020-12-06,1,0,0.9910232
55000900130316,2020-12-07,1,0,0.9948456
55000900130316,2020-12-08,1,0,0.9948456
55000900130316,2020-12-09,1,0,0.9948456
55000900130316,2020-12-10,1,0,0.9948456
55000900130316,2020-12-11,1,0,0.9948456
55000900130316,2020-12-12,1,0,0.9948456
55000900130316,2020-12-13,1,0,0.9948456
55000900130316,2020-12-14,1,0,0.9948456
55000900130316,2020-12-15,1,0,0.9948456
55000900130316,2020-12-16,1,0,0.9948456
55000900130316,2020-12-17,1,0,0.9948456
55000900130316,2020-12-18,1,0,0.9948456
55000900130316,2020-12-19,1,0,0.9948456
55000900130316,2020-12-20,1,0,0.9948456
55000900130316,2020-12-21,1,0,0.9948456
55000900130316,2020-12-22,1,0,0.9948456
55000900130316,2020-12-23,1,0,0.9948456
55000900130316,2020-12-24,1,0,0.9948456
55000900130316,2020-12-25,1,0,0.9948456
55000900130316,2020-12-26,1,0,0.9948456
55000900130316,2020-12-27,1,0,0.9948456
55000900130316,2020-12-28,1,0,0.9948456
55000900130316,2020-12-29,1,0,0.9948456
55000900130316,2020-12-30,1,0,0.9948456
55000900130316,2020-12-31,1,0,0.9948456
55000900130316,2021-01-01,1,0,0.9948456
55000900130316,2021-01-02,1,0,0.9948456
55000900130316,2021-01-03,1,0,0.9948456
55000900130316,2021-01-04,1,0,0.9948456
55000900130316,2021-01-05,1,0,0.9948456
55000900130316,2021-01-06,1,0,0.9948456
55000900130316,2021-01-07,1,0,0.9948456
55000900130316,2021-01-08,1,0,0.9948456
55000900130316,2021-01-09,1,0,0.9948456
55000900130316,2021-01-10,1,0,0.9948456
55000900130316,2021-01-11,1,0,0.9948456
55000900130316,2021-01-12,1,0,0.9948456
55000900130316,2021-01-13,1,0,0.9948456
55000900130316,2021-01-14,1,0,0.9948456
55000900130316,2021-01-15,1,0,0.9948456
55000900130316,2021-01-16,1,0,0.9948456
55000900130316,2021-01-17,1,0,0.9948456
55000900130316,2021-01-18,1,0,0.9948456
55000900130316,2021-01-19,1,0,0.9948456
55000900130316,2021-01-20,1,0,0.9948456
55000900130316,2021-01-21,1,0,0.9948456
55000900130316,2021-01-22,1,0,0.9948456
55000900130316,2021-01-23,1,0,0.9948456
55000900130316,2021-01-24,1,0,0.9948456
55000900130316,2021-01-25,1,0,0.9948456
55000900130316,2021-01-26,1,0,0.9948456
55000900130316,2021-01-27,1,0,0.9948456
55000900130316,2021-01-28,1,0,0.9948456
55000900130316,2021-01-29,1,0,0.9948456
55000900130316,2021-01-30,1,0,0.9948456
55000900130316,2021-01-31,1,0,0.9948456
55000900130316,2021-02-01,1,0,0.9948456
55000900130316,2021-02-02,1,0,0.9948456
55000900130316,2021-02-03,1,0,0.9948456
55000900130316,2021-02-04,1,0,0.9948456
55000900130316,2021-02-05,1,0,0.9948456
55000900130316,2021-02-06,1,0,0.9948456
55000900130316,2021-02-07,1,0,0.9948456
55000900130316,2021-02-08,1,0,0.9948456
55000900130316,2021-02-09,1,0,0.9948456
55000900130316,2021-02-10,1,0,0.9948456
55000900130316,2021-02-11,1,0,0.9948456
55000900130316,2021-02-12,1,0,0.9948456
55000900130316,2021-02-13,1,0,0.9948456
55000900130316,2021-02-14,1,0,0.9948456
55000900130316,2021-02-15,1,0,0.9948456
55000900130316,2021-02-16,1,0,0.9948456
55000900130316,2021-02-17,1,0,0.9948456
55000900130316,2021-02-18,1,0,0.9948456
55000900130316,2021-02-19,1,0,0.9948456
55000900130316,2021-02-20,1,0,0.9948456
55000900130316,2021-02-21,1,0,0.9948456
55000900130316,2021-02-22,1,0,0.9948456
55000900130316,2021-02-23,1,0,0.9948456
55000900130316,2021-02-24,1,0,0.9948456
55000900130316,2021-02-25,1,0,0.9948456
55000900130316,2021-02-26,1,0,0.9948456
55000900130316,2021-02-27,1,0,0.9948456
55000900130316,2021-02-28,1,0,0.9948456
55000900130316,2021-03-01,1,0,0.9948456
55000900130316,2021-03-02,1,0,0.9948456
55000900130316,2021-03-03,1,0,0.9948456
55000900130316,2021-03-04,1,0,0.9948456
55000900130316,2021-03-05,1,0,0.9948456
55000900130316,2021-03-06,1,0,0.9948456
55000900130316,2021-03-07,1,0,0.9948456
55000900130316,2021-03-08,1,0,0.9948456
55000900130316,2021-03-09,1,0,0.9948456
55000900130316,2021-03-10,1,0,0.9948456
55000900130316,2021-03-11,1,0,0.9948456
55000900130316,2021-03-12,1,0,0.9948456
55000900130316,2021-03-13,1,0,0.9948456
55000900130316,2021-03-15,1,0,0.9948456
55000900130316,2021-03-16,1,0,0.9948456
55000900130316,2021-03-17,1,0,0.9948456
55000900130316,2021-03-18,1,0,0.9948456
55000900130316,2021-03-19,1,0,0.9948456
55000900130316,2021-03-20,1,0,0.9948456
55000900130316,2021-03-21,1,0,0.9948456
55000900130316,2021-03-22,1,0,0.9948456
55000900130316,2021-03-23,1,0,0.9948456
55000900130316,2021-03-24,1,0,0.9948456
55000900130316,2021-03-25,1,0,0.9948456
55000900130316,2021-03-26,1,0,0.9948456
55000900130316,2021-03-27,1,0,0.9948456
55000900130316,2021-03-28,1,0,0.9948456
55000900130316,2021-03-29,1,0,0.9948456
55000900130316,2021-03-30,1,0,0.9948456
55000900130316,2021-03-31,1,0,0.9948456
55000900130316,2021-04-01,1,0,0.9948456
55000900130316,2021-04-02,1,0,0.9948456
55000900130316,2021-04-03,1,0,0.9948456
55000900130316,2021-04-04,1,0,0.9948456
55000900130316,2021-04-05,1,0,0.9948456
55000900130316,2021-04-06,1,0,0.9948456
55000900130316,2021-04-07,1,0,0.9948456
55000900130316,2021-04-08,1,0,0.9948456
55000900130316,2021-04-09,1,0,0.9948456
55000900130316,2021-04-10,1,0,0.9948456
55000900130316,2021-04-11,1,0,0.9948456
55000900130316,2021-04-12,1,0,0.9948456
55000900130316,2021-04-13,1,0,0.9948456
55000900130316,2021-04-14,1,0,0.9948456
55000900130316,2021-04-15,1,0,0.9948456
55000900130316,2021-04-16,1,0,0.9948456
55000900130316,2021-04-17,1,0,0.9948456
55000900130316,2021-04-18,1,0,0.9948456
55000900130316,2021-04-19,1,0,0.9948456
55000900130316,2021-04-20,1,0,0.9948456
55000900130316,2021-04-21,1,0,0.9948456
55000900130316,2021-04-22,1,0,0.9948456
55000900130316,2021-04-23,1,0,0.9948456
55000900130316,2021-04-24,1,0,0.9948456
55000900130316,2021-04-25,1,0,0.9948456
55000900130316,2021-04-26,1,0,0.9948456
55000900130316,2021-04-27,1,0,0.9948456
55000900130316,2021-04-28,1,0,0.9948456
55000900130316,2021-04-29,1,0,0.9948456
55000900130316,2021-04-30,1,0,0.9948456
55000900130316,2021-05-01,1,0,0.9948456
55000900130316,2021-05-02,1,0,0.9948456
55000900130316,2021-05-03,1,0,0.9948456
55000900130316,2021-05-04,1,0,0.9948456
55000900130316,2021-05-05,1,0,0.9948456
55000900130316,2021-05-06,1,0,0.9948456
55000900130316,2021-05-07,1,0,0.9948456
55000900130316,2021-05-08,1,0,0.9948456
55000900130316,2021-05-09,1,0,0.9948456
55000900130316,2021-05-10,1,0,0.9948456
55000900130316,2021-05-11,1,0,0.9948456
55000900130316,2021-05-12,1,0,0.9948456
55000900130316,2021-05-13,1,0,0.9948456
55000900130316,2021-05-14,1,0,0.9948456
55000900130316,2021-05-15,1,0,0.9948456
55000900130316,2021-05-16,1,0,0.9948456
55000900130316,2021-05-17,1,0,0.9948456
55000900130316,2021-05-18,1,0,0.9948456
55000900130316,2021-05-19,1,0,0.9948456
55000900130316,2021-05-20,1,0,0.9948456
55000900130316,2021-05-21,1,0,0.9948456
55000900130316,2021-05-22,1,0,0.9948456
55000900130316,2021-05-23,1,0,0.9948456
55000900130316,2021-05-24,1,0,0.9948456
55000900130316,2021-05-25,1,0,0.9948456
55000900130316,2021-05-26,1,0,0.9948456
55000900130316,2021-05-27,1,0,0.9948456
55000900130316,2021-05-28,1,0,0.9948456
55000900130316,2021-05-29,1,0,0.9948456
55000900130316,2021-05-30,1,0,0.9948456
55000900130316,2021-05-31,1,0,0.9948456
55000900130316,2021-06-01,1,0,0.9948456
55000900130316,2021-06-02,1,0,0.9948456
55000900130316,2021-06-03,1,0,0.9948456
55000900130316,2021-06-04,1,0,0.9948456
55000900130316,2021-06-05,1,0,0.9948456
55000900130316,2021-06-06,1,0,0.9948456
55000900130316,2021-06-07,1,0,0.9948456
55000900130316,2021-06-08,1,0,0.9948456
55000900130316,2021-06-09,1,0,0.9948456
55000900130316,2021-06-10,1,0,0.9948456
55000900130316,2021-06-11,1,0,0.9948456
55000900130316,2021-06-12,1,0,0.9948456
55000900130316,2021-06-13,1,0,0.9948456
55000900130316,2021-06-14,1,0,0.9948456
55000900130316,2021-06-15,1,0,0.9948456
55000900130316,2021-06-16,0,0,0.9948456
55000900130316,2021-06-17,0,0,0.9948456
55000900130316,2021-06-18,0,0,0.9948456
55000900130316,2021-06-19,0,0,0.37812868
55000900130316,2021-06-20,0,0,0.14174889
55000900130316,2021-06-21,0,0,0.13027835
55000900130316,2021-06-22,0,0,0.15069146
55000900130316,2021-06-23,0,0,0.16109885
55000900130316,2021-06-24,1,0,0.16316816
55000900130316,2021-06-25,1,0,0.16325274
55000900130316,2021-06-26,0,0,0.16316988
55000900130316,2021-06-27,0,0,0.6578478
55000900130316,2021-06-28,0,0,0.6486814
55000900130316,2021-06-29,0,0,0.21204613
55000900130316,2021-06-30,0,0,0.1777625
55000900130316,2021-07-01,0,0,0.16550924
55000900130316,2021-07-02,0,0,0.16355585
55000900130316,2021-07-03,0,0,0.1630594
55000900130316,2021-07-04,0,0,0.16306771
55000900130316,2021-07-05,0,0,0.16304559
55000900130316,2021-07-06,0,0,0.16301167
55000900130316,2021-07-07,0,0,0.16295058
55000900130316,2021-07-08,0,0,0.1628806
55000900130316,2021-07-09,0,0,0.162804
55000900130316,2021-07-10,0,0,0.16272624
55000900130316,2021-07-11,0,0,0.16264842
55000900130316,2021-07-12,0,0,0.16256496
55000900130316,2021-07-13,0,0,0.16247484
55000900130316,2021-07-14,0,0,0.16237888
55000900130316,2021-07-15,0,0,0.1622921
55000900130316,2021-07-16,0,0,0.16221146
55000900130316,2021-07-17,0,0,0.16213445
55000900130316,2021-07-18,0,0,0.16208741
55000900130316,2021-07-19,0,0,0.1620702
55000900130316,2021-07-20,0,0,0.1621084
55000900130316,2021-07-21,0,0,0.16219917
55000900130316,2021-07-22,0,0,0.16225563
55000900130316,2021-07-23,0,0,0.16191575
55000900130316,2021-07-24,0,0,0.16158189
55000900130316,2021-07-25,0,0,0.16148491
55000900130316,2021-07-26,0,0,0.16158037
55000900130316,2021-07-27,0,0,0.16145469
55000900130316,2021-07-28,0,0,0.16144958
55000900130316,2021-07-29,0,0,0.16144958
55000900130316,2021-07-30,0,0,0.16144958
55000900130316,2021-07-31,0,0,0.16144958
55000900130316,2021-08-01,0,0,0.16144958
55000900130316,2021-08-02,0,0,0.16144958
55000900130316,2021-08-03,0,0,0.16144958
55000900130316,2021-08-04,0,0,0.16144958
55000900130316,2021-08-05,0,0,0.16144958
55000900130316,2021-08-06,0,0,0.16144958
55000900130316,2021-08-07,0,0,0.16144958
55000900130316,2021-08-08,0,0,0.16144958
55000900130316,2021-08-09,0,0,0.16144958
55000900130316,2021-08-10,0,0,0.16144958
55000900130316,2021-08-11,0,0,0.16144958
55000900130316,2021-08-12,0,0,0.16144958
55000900130316,2021-08-13,0,0,0.16144958
55000900130316,2021-08-14,0,0,0.16144958
55000900130316,2021-08-15,0,0,0.16144958
55000900130316,2021-08-16,0,0,0.16144958
55000900130316,2021-08-17,0,0,0.16144958
55000900130316,2021-08-18,0,0,0.16144958
55000900130316,2021-08-19,0,0,0.16144958
55000900130316,2021-08-20,0,0,0.16144958
55000900130316,2021-08-21,0,0,0.16144958
55000900130316,2021-08-22,0,0,0.16144958
55000900130316,2021-08-23,0,0,0.16144958
55000900130316,2021-08-24,0,0,0.16144958
55000900130316,2021-08-25,0,0,0.16144958
55000900130316,2021-08-26,0,0,0.16144958
55000900130316,2021-08-27,0,0,0.16144958
55000900130316,2021-08-28,0,0,0.16144958
55000900130316,2021-08-29,0,0,0.16144958
55000900130316,2021-08-30,0,0,0.16144958
55000900130316,2021-08-31,0,0,0.16144958
55000900130316,2021-09-01,0,0,0.16144958
55000900130316,2021-09-02,0,0,0.16144958
55000900130316,2021-09-03,0,0,0.16144958
55000900130316,2021-09-04,0,0,0.16144958
55000900130316,2021-09-05,0,0,0.16144958
55000900130316,2021-09-06,0,0,0.16144958
55000900130316,2021-09-07,0,0,0.16144958
55000900130316,2021-09-08,0,0,0.16144958
55000900130316,2021-09-09,0,0,0.16144958
55000900130316,2021-09-10,0,0,0.16144958
55000900130316,2021-09-11,0,0,0.16144958
55000900130316,2021-09-12,0,0,0.16144958
55000900130316,2021-09-13,0,0,0.16144958
55000900130316,2021-09-14,0,0,0.16144958
55000900130316,2021-09-15,0,0,0.16144958
55000900130316,2021-09-16,0,0,0.16144958
55000900130316,2021-09-17,0,0,0.16144958
55000900130316,2021-09-18,1,0,0.16144958
55000900130316,2021-09-19,1,0,0.16144958
55000900130316,2021-09-20,1,0,0.16144958
55000900130316,2021-09-21,0,0,0.6561863
55000900130316,2021-09-22,0,0,0.64729
55000900130316,2021-09-23,0,0,0.74529624
55000900130316,2021-09-24,0,0,0.24619421
55000900130316,2021-09-25,0,0,0.2423168
55000900130316,2021-09-26,0,0,0.1852446
55000900130316,2021-09-27,1,0,0.16804567
55000900130316,2021-09-28,1,0,0.16471508
55000900130316,2021-09-29,1,0,0.163966
55000900130316,2021-09-30,0,0,0.66046995
55000900130316,2021-10-01,0,0,0.7217548
55000900130316,2021-10-02,0,0,0.7647137
55000900130316,2021-10-03,0,0,0.30003133
55000900130316,2021-10-04,0,0,0.28603345
55000900130316,2021-10-05,0,0,0.19469656
55000900130316,2021-10-06,0,0,0.17247738
55000900130316,2021-10-07,0,0,0.1663613
55000900130316,2021-10-08,0,0,0.16432145
55000900130316,2021-10-09,0,0,0.16366844
55000900130316,2021-10-10,0,0,0.16335079
55000900130316,2021-10-11,0,0,0.16323727
55000900130316,2021-10-12,0,0,0.16318572
55000900130316,2021-10-13,0,0,0.16322832
55000900130316,2021-10-14,0,0,0.16326226
55000900130316,2021-10-15,0,0,0.16325729
55000900130316,2021-10-16,0,0,0.16319627
55000900130316,2021-10-17,0,0,0.16311839
55000900130316,2021-10-18,0,0,0.16303626
55000900130316,2021-10-19,0,0,0.16295584
55000900130316,2021-10-20,0,0,0.16287094
55000900130316,2021-10-21,1,0,0.16278557
55000900130316,2021-10-22,1,0,0.1627044
55000900130316,2021-10-23,1,0,0.1625626
55000900130316,2021-10-24,1,0,0.6579272
55000900130316,2021-10-25,1,0,0.64852905
55000900130316,2021-10-26,1,0,0.74514216
55000900130316,2021-10-27,1,0,0.7689949
55000900130316,2021-10-28,1,0,0.830987
55000900130316,2021-10-29,1,0,0.92043227
55000900130316,2021-10-30,1,0,0.94679946
55000900130316,2021-10-31,1,0,0.95674783
55000900130316,2021-11-01,1,0,0.9627427
55000900130316,2021-11-02,1,0,0.966603
55000900130316,2021-11-03,1,0,0.9693581
55000900130316,2021-11-04,1,0,0.9714537
55000900130316,2021-11-05,1,0,0.9731337
55000900130316,2021-11-06,1,0,0.974532
55000900130316,2021-11-07,1,0,0.9757319
55000900130316,2021-11-08,1,0,0.97676784
55000900130316,2021-11-09,1,0,0.9776627
55000900130316,2021-11-10,1,0,0.9784194
55000900130316,2021-11-11,1,0,0.97904265
55000900130316,2021-11-12,1,0,0.97954893
55000900130316,2021-11-13,1,0,0.97994596
55000900130316,2021-11-14,1,0,0.9802603
55000900130316,2021-11-15,1,0,0.9805043
55000900130316,2021-11-16,1,0,0.9807145
55000900130316,2021-11-17,1,0,0.98090625
55000900130316,2021-11-18,1,0,0.9811499
55000900130316,2021-11-19,1,0,0.98108095
55000900130316,2021-11-20,1,0,0.9823131
55000900130316,2021-11-21,1,0,0.9910232
55000900130316,2021-11-22,1,0,0.9948456
55000900130316,2021-11-23,1,0,0.9948456
55000900130316,2021-11-24,1,0,0.9948456
55000900130316,2021-11-25,1,0,0.9948456
55000900130316,2021-11-26,1,0,0.9948456
55000900130316,2021-11-27,1,0,0.9948456
55000900130316,2021-11-28,1,0,0.9948456
55000900130316,2021-11-29,1,0,0.9948456
55000900130316,2021-11-30,1,0,0.9948456
55000900130316,2021-12-01,1,0,0.9948456
55000900130316,2021-12-02,1,0,0.9948456
55000900130316,2021-12-03,1,0,0.9948456
55000900130316,2021-12-04,1,0,0.9948456
55000900130316,2021-12-05,1,0,0.9948456
55000900130316,2021-12-06,1,0,0.9948456
55000900130316,2021-12-07,1,0,0.9948456
55000900130316,2021-12-08,1,0,0.9948456
55000900130316,2021-12-09,1,0,0.9948456
55000900130316,2021-12-10,1,0,0.9948456
55000900130316,2021-12-11,1,0,0.9948456
55000900130316,2021-12-12,1,0,0.9948456
55000900130316,2021-12-13,1,0,0.9948456
55000900130316,2021-12-14,1,0,0.9948456
55000900130316,2021-12-15,1,0,0.9948456
55000900130316,2021-12-16,1,0,0.9948456
55000900130316,2021-12-17,1,0,0.9948456
55000900130316,2021-12-18,1,0,0.9948456
55000900130316,2021-12-19,1,0,0.9948456
55000900130316,2021-12-20,1,0,0.9948456
55000900130316,2021-12-21,1,0,0.9948456
55000900130316,2021-12-22,1,0,0.9948456
55000900130316,2021-12-23,1,0,0.9948456
55000900130316,2021-12-24,1,0,0.9948456
55000900130316,2021-12-25,1,0,0.9948456
55000900130316,2021-12-26,1,0,0.9948456
55000900130316,2021-12-27,1,0,0.9948456
55000900130316,2021-12-28,1,0,0.9948456
55000900130316,2021-12-29,1,0,0.9948456
55000900130316,2021-12-30,1,0,0.9948456
55000900130316,2021-12-31,1,0,0.9948456
55000900130316,2022-01-01,1,0,0.9948456
55000900130316,2022-01-02,1,0,0.9948456
55000900130316,2022-01-03,1,0,0.9948456
55000900130316,2022-01-04,1,0,0.9948456
55000900130316,2022-01-05,1,0,0.9948456
55000900130316,2022-01-06,1,0,0.9948456
55000900130316,2022-01-07,1,0,0.9948456
55000900130316,2022-01-08,1,0,0.9948456
55000900130316,2022-01-09,1,0,0.9948456
55000900130316,2022-01-10,1,0,0.9948456
55000900130316,2022-01-11,1,0,0.9948456
55000900130316,2022-01-12,1,0,0.9948456
55000900130316,2022-01-13,1,0,0.9948456
55000900130316,2022-01-14,1,0,0.9948456
55000900130316,2022-01-15,1,0,0.9948456
55000900130316,2022-01-16,1,0,0.9948456
55000900130316,2022-01-17,1,0,0.9948456
55000900130316,2022-01-18,1,0,0.9948456
55000900130316,2022-01-19,1,0,0.9948456
55000900130316,2022-01-20,1,0,0.9948456
55000900130316,2022-01-21,1,0,0.9948456
55000900130316,2022-01-22,1,0,0.9948456
55000900130316,2022-01-23,1,0,0.9948456
55000900130316,2022-01-24,1,0,0.9948456
55000900130316,2022-01-25,1,0,0.9948456
55000900130316,2022-01-26,1,0,0.9948456
55000900130316,2022-01-27,1,0,0.9948456
55000900130316,2022-01-28,1,0,0.9948456
55000900130316,2022-01-29,1,0,0.9948456
55000900130316,2022-01-30,1,0,0.9948456
55000900130316,2022-01-31,1,0,0.9948456
55000900130316,2022-02-01,1,0,0.9948456
55000900130316,2022-02-02,1,0,0.9948456
55000900130316,2022-02-03,1,0,0.9948456
55000900130316,2022-02-04,1,0,0.9948456
55000900130316,2022-02-05,1,0,0.9948456
55000900130316,2022-02-06,1,0,0.9948456
55000900130316,2022-02-07,1,0,0.9948456
55000900130316,2022-02-08,1,0,0.9948456
55000900130316,2022-02-09,1,0,0.9948456
55000900130316,2022-02-10,1,0,0.9948456
55000900130316,2022-02-11,1,0,0.9948456
55000900130316,2022-02-12,1,0,0.9948456
55000900130316,2022-02-13,1,0,0.9948456
55000900130316,2022-02-14,1,0,0.9948456
55000900130316,2022-02-15,1,0,0.9948456
55000900130316,2022-02-16,1,0,0.9948456
55000900130316,2022-02-17,1,0,0.9948456
55000900130316,2022-02-18,1,0,0.9948456
55000900130316,2022-02-19,1,0,0.9948456
55000900130316,2022-02-20,1,0,0.9948456
55000900130316,2022-02-21,1,0,0.9948456
55000900130316,2022-02-22,1,0,0.9948456
55000900130316,2022-02-23,1,0,0.9948456
55000900130316,2022-02-24,1,0,0.9948456
55000900130316,2022-02-25,1,0,0.9948456
55000900130316,2022-02-26,1,0,0.9948456
55000900130316,2022-02-27,1,0,0.9948456
55000900130316,2022-02-28,1,0,0.9948456
55000900130316,2022-03-01,1,0,0.9948456
55000900130316,2022-03-02,1,0,0.9948456
55000900130316,2022-03-03,1,0,0.9948456
55000900130316,2022-03-04,1,0,0.9948456
55000900130316,2022-03-05,1,0,0.9948456
55000900130316,2022-03-06,1,0,0.9948456
55000900130316,2022-03-07,1,0,0.9948456
55000900130316,2022-03-08,1,0,0.9948456
55000900130316,2022-03-09,1,0,0.9948456
55000900130316,2022-03-10,1,0,0.9948456
55000900130316,2022-03-11,1,0,0.9948456
55000900130316,2022-03-12,1,0,0.9948456
55000900130316,2022-03-14,1,0,0.9948456
55000900130316,2022-03-15,1,0,0.9948456
55000900130316,2022-03-16,1,0,0.9948456
55000900130316,2022-03-17,1,0,0.9948456
55000900130316,2022-03-18,1,0,0.9948456
55000900130316,2022-03-19,1,0,0.9948456
55000900130316,2022-03-20,1,0,0.9948456
55000900130316,2022-03-21,1,0,0.9948456
55000900130316,2022-03-22,1,0,0.9948456
55000900130316,2022-03-23,1,0,0.9948456
55000900130316,2022-03-24,1,0,0.9948456
55000900130316,2022-03-25,1,0,0.9948456
55000900130316,2022-03-26,1,0,0.9948456
55000900130316,2022-03-27,1,0,0.9948456
55000900130316,2022-03-28,1,0,0.9948456
55000900130316,2022-03-29,1,0,0.9948456
55000900130316,2022-03-30,1,0,0.9948456
55000900130316,2022-03-31,1,0,0.9948456
55000900130316,2022-04-01,1,0,0.9948456
55000900130316,2022-04-02,1,0,0.9948456
55000900130316,2022-04-03,1,0,0.9948456
55000900130316,2022-04-04,1,0,0.9948456
55000900130316,2022-04-05,1,0,0.9948456
55000900130316,2022-04-06,1,0,0.9948456
55000900130316,2022-04-07,1,0,0.9948456
55000900130316,2022-04-08,1,0,0.9948456
55000900130316,2022-04-09,1,0,0.9948456
55000900130316,2022-04-10,1,0,0.9948456
55000900130316,2022-04-11,1,0,0.9948456
55000900130316,2022-04-12,1,0,0.9948456
55000900130316,2022-04-13,1,0,0.9948456
55000900130316,2022-04-14,1,0,0.9948456
55000900130316,2022-04-15,1,0,0.9948456
55000900130316,2022-04-16,1,0,0.9948456
55000900130316,2022-04-17,1,0,0.9948456
55000900130316,2022-04-18,1,0,0.9948456
55000900130316,2022-04-19,1,0,0.9948456
55000900130316,2022-04-20,1,0,0.9948456
55000900130316,2022-04-21,1,0,0.9948456
55000900130316,2022-04-22,1,0,0.9948456
55000900130316,2022-04-23,1,0,0.9948456
55000900130316,2022-04-24,1,0,0.9948456
55000900130316,2022-04-25,1,0,0.9948456
55000900130316,2022-04-26,1,0,0.9948456
55000900130316,2022-04-27,1,0,0.9948456
55000900130316,2022-04-28,1,0,0.9948456
55000900130316,2022-04-29,1,0,0.9948456
55000900130316,2022-04-30,1,0,0.9948456
55000900130316,2022-05-01,1,0,0.9948456
55000900130316,2022-05-02,1,0,0.9948456
55000900130316,2022-05-03,1,0,0.9948456
55000900130316,2022-05-04,1,0,0.9948456
55000900130316,2022-05-05,1,0,0.9948456
55000900130316,2022-05-06,1,0,0.9948456
55000900130316,2022-05-07,1,0,0.9948456
55000900130316,2022-05-08,1,0,0.9948456
55000900130316,2022-05-09,1,0,0.9948456
55000900130316,2022-05-10,1,0,0.9948456
55000900130316,2022-05-11,1,0,0.9948456
55000900130316,2022-05-12,1,0,0.9948456
55000900130316,2022-05-13,1,0,0.9948456
55000900130316,2022-05-14,1,0,0.9948456
55000900130316,2022-05-15,1,0,0.9948456
55000900130316,2022-05-16,1,0,0.9948456
55000900130316,2022-05-17,1,0,0.9948456
55000900130316,2022-05-18,1,0,0.9948456
55000900130316,2022-05-19,1,0,0.9948456
55000900130316,2022-05-20,1,0,0.9948456
55000900130316,2022-05-21,1,0,0.9948456
55000900130316,2022-05-22,1,0,0.9948456
55000900130316,2022-05-23,1,0,0.9948456
55000900130316,2022-05-24,1,0,0.9948456
55000900130316,2022-05-25,1,0,0.9948456
55000900130316,2022-05-26,1,0,0.9948456
55000900130316,2022-05-27,1,0,0.9948456
55000900130316,2022-05-28,1,0,0.9948456
55000900130316,2022-05-29,1,0,0.9948456
55000900130316,2022-05-30,1,0,0.9948456
55000900130316,2022-05-31,1,0,0.9948456
55000900130316,2022-06-01,1,0,0.9948456
55000900130316,2022-06-02,1,0,0.9948456
55000900130316,2022-06-03,1,0,0.9948456
55000900130316,2022-06-04,1,0,0.9948456
55000900130316,2022-06-05,1,0,0.9948456
55000900130316,2022-06-06,1,0,0.9948456
55000900130316,2022-06-07,1,0,0.9948456
55000900130316,2022-06-08,1,0,0.9948456
55000900130316,2022-06-09,1,0,0.9948456
55000900130316,2022-06-10,1,0,0.9948456
55000900130316,2022-06-11,1,0,0.9948456
55000900130316,2022-06-12,1,0,0.9948456
55000900130316,2022-06-13,1,0,0.9948456
55000900130316,2022-06-14,1,0,0.9948456
55000900130316,2022-06-15,1,0,0.9948456
55000900130316,2022-06-16,1,0,0.9948456
55000900130316,2022-06-17,1,0,0.9948456
55000900130316,2022-06-18,1,0,0.9948456
55000900130316,2022-06-19,1,0,0.9948456
55000900130316,2022-06-20,1,0,0.9948456
55000900130316,2022-06-21,1,0,0.9948456
55000900130316,2022-06-22,1,0,0.9948456
55000900130316,2022-06-23,1,0,0.9948456
55000900130316,2022-06-24,1,0,0.9948456
55000900130316,2022-06-25,1,0,0.9948456
55000900130316,2022-06-26,1,0,0.9948456
55000900130316,2022-06-29,1,0,0.9948456
55000900130316,2022-06-30,1,0,0.9948456
55000900130316,2022-07-01,1,0,0.9948456
55000900130316,2022-07-02,1,0,0.9948456
55000900130316,2022-07-03,1,0,0.9948456
55000900130316,2022-07-04,1,0,0.9948456
55000900130316,2022-07-05,1,0,0.9948456
55000900130316,2022-07-06,1,0,0.9948456
55000900130316,2022-07-07,1,0,0.9948456
55000900130316,2022-07-08,1,0,0.9948456
55000900130316,2022-07-09,1,0,0.9948456
55000900130316,2022-07-10,1,0,0.9948456
55000900130316,2022-07-11,1,0,0.9948456
55000900130316,2022-07-12,1,0,0.9948456
55000900130316,2022-07-13,1,0,0.9948456
55000900130316,2022-07-14,1,0,0.9948456
55000900130316,2022-07-15,1,0,0.9948456
55000900130316,2022-07-16,1,0,0.9948456
55000900130316,2022-07-17,1,0,0.9948456
55000900130316,2022-07-18,1,0,0.9948456
55000900130316,2022-07-19,1,0,0.9948456
55000900130316,2022-07-20,1,0,0.9948456
55000900130316,2022-07-21,1,0,0.9948456
55000900130316,2022-07-22,1,0,0.9948456
55000900130316,2022-07-23,1,0,0.9948456
55000900130316,2022-07-24,1,0,0.9948456
55000900130316,2022-07-25,1,0,0.9948456
55000900130316,2022-07-26,1,0,0.9948456
55000900130316,2022-07-27,1,0,0.9948456
55000900130316,2022-07-28,1,0,0.9948456
55000900130316,2022-07-29,1,0,0.9948456
55000900130316,2022-07-30,1,0,0.9948456
55000900130316,2022-07-31,1,0,0.9948456
55000900130316,2022-08-01,1,0,0.9948456
55000900130316,2022-08-02,1,0,0.9948456
55000900130316,2022-08-03,1,0,0.9948456
55000900130316,2022-08-04,1,0,0.9948456
55000900130316,2022-08-05,1,0,0.9948456
55000900130316,2022-08-06,1,0,0.9948456
55000900130316,2022-08-07,1,0,0.9948456
55000900130316,2022-08-08,1,0,0.9948456
55000900130316,2022-08-09,1,0,0.9948456
55000900130316,2022-08-10,1,0,0.9948456
55000900130316,2022-08-11,1,0,0.9948456
55000900130316,2022-08-12,1,0,0.9948456
55000900130316,2022-08-13,1,0,0.9948456
55000900130316,2022-08-14,1,0,0.9948456
55000900130316,2022-08-15,1,0,0.9948456
55000900130316,2022-08-16,1,0,0.9948456
55000900130316,2022-08-17,1,0,0.9948456
55000900130316,2022-08-18,1,0,0.9948456
55000900130316,2022-08-19,1,0,0.9948456
55000900130316,2022-08-20,1,0,0.9948456
55000900130316,2022-08-21,1,0,0.9948456
55000900130316,2022-08-22,1,0,0.9948456
55000900130316,2022-08-23,1,0,0.9948456
55000900130316,2022-08-24,1,0,0.9948456
55000900130316,2022-08-25,1,0,0.9948456
55000900130316,2022-08-26,0,0,0.9948456
55000900130316,2022-08-27,0,0,0.9948456
55000900130316,2022-08-28,0,0,0.9948456
55000900130316,2022-08-29,0,0,0.37812868
55000900130316,2022-08-30,0,0,0.14174889
55000900130316,2022-08-31,0,0,0.13027835
55000900130316,2022-09-01,0,0,0.15069146
55000900130316,2022-09-02,0,0,0.16109885
55000900130316,2022-09-03,0,0,0.16316816
55000900130316,2022-09-04,0,0,0.16325274
55000900130316,2022-09-05,0,0,0.16316988
55000900130316,2022-09-06,0,0,0.1630296
55000900130316,2022-09-07,0,0,0.16291915
55000900130316,2022-09-08,0,0,0.16280635
55000900130316,2022-09-09,0,0,0.16270702
55000900130316,2022-09-10,0,0,0.16260725
55000900130316,2022-09-11,0,0,0.16251686
55000900130316,2022-09-12,0,0,0.16242686
55000900130316,2022-09-13,0,0,0.16234009
55000900130316,2022-09-14,0,0,0.16225533
55000900130316,2022-09-15,0,0,0.1621678
55000900130316,2022-09-16,0,0,0.16208453
55000900130316,2022-09-17,0,0,0.16200455
55000900130316,2022-09-18,0,0,0.16192321
55000900130316,2022-09-19,0,0,0.16184554
55000900130316,2022-09-20,0,0,0.16177158
55000900130316,2022-09-21,1,0,0.16169305
55000900130316,2022-09-22,1,0,0.16161908
55000900130316,2022-09-23,0,0,0.16151518
55000900130316,2022-09-24,0,0,0.65739214
55000900130316,2022-09-25,0,0,0.6468905
55000900130316,2022-09-26,0,0,0.20999879
55000900130316,2022-09-27,0,0,0.17723027
55000900130316,2022-09-28,0,0,0.16493817
55000900130316,2022-09-29,0,0,0.1632403
55000900130316,2022-09-30,0,0,0.16287903
55000900130316,2022-10-01,0,0,0.16293985
55000900130316,2022-10-02,0,0,0.16294062
55000900130316,2022-10-03,0,0,0.16291282
55000900130316,2022-10-04,0,0,0.16285995
55000900130316,2022-10-05,0,0,0.16279256
55000900130316,2022-10-06,0,0,0.16271745
55000900130316,2022-10-07,0,0,0.16263887
55000900130316,2022-10-08,0,0,0.16255921
55000900130316,2022-10-09,0,0,0.16248138
55000900130316,2022-10-10,0,0,0.16240239
55000900130316,2022-10-11,0,0,0.16232675
55000900130316,2022-10-12,0,0,0.16225384
55000900130316,2022-10-13,0,0,0.1621868
55000900130316,2022-10-14,0,0,0.16213056
55000900130316,2022-10-15,0,0,0.16208741
55000900130316,2022-10-16,0,0,0.1620702
55000900130316,2022-10-17,0,0,0.1621084
55000900130316,2022-10-18,0,0,0.16219917
55000900130316,2022-10-19,0,0,0.16225563
55000900130316,2022-10-20,0,0,0.16191575
55000900130316,2022-10-21,1,0,0.16158189
55000900130316,2022-10-22,1,0,0.16148491
55000900130316,2022-10-23,1,0,0.16158037
55000900130316,2022-10-24,1,0,0.6571608
55000900130316,2022-10-25,1,0,0.64729
55000900130316,2022-10-26,1,0,0.74529624
55000900130316,2022-10-27,1,0,0.7685304
55000900130316,2022-10-28,0,0,0.8299426
55000900130316,2022-10-29,0,0,0.91989034
55000900130316,2022-10-30,0,0,0.94673264
55000900130316,2022-10-31,0,0,0.31205115
55000900130316,2022-11-01,1,0,0.20510261
55000900130316,2022-11-02,1,0,0.17463279
55000900130316,2022-11-03,1,0,0.16712552
55000900130316,2022-11-04,1,0,0.6579264
55000900130316,2022-11-05,1,0,0.6808796
55000900130316,2022-11-06,1,0,0.75749844
55000900130316,2022-11-07,1,0,0.80698544
55000900130316,2022-11-08,1,0,0.88496834
55000900130316,2022-11-09,1,0,0.94131607
55000900130316,2022-11-10,1,0,0.9549941
55000900130316,2022-11-11,1,0,0.9617968
55000900130316,2022-11-12,1,0,0.96596044
55000900130316,2022-11-13,1,0,0.9688035
55000900130316,2022-11-14,1,0,0.9709122
55000900130316,2022-11-15,1,0,0.972584
55000900130316,2022-11-16,1,0,0.9739764
55000900130316,2022-11-17,1,0,0.975179
55000900130316,2022-11-18,0,0,0.9762414
55000900130316,2022-11-19,0,0,0.9771781
55000900130316,2022-11-20,0,0,0.97798723
55000900130316,2022-11-21,0,0,0.3762192
55000900130316,2022-11-22,1,0,0.20276593
55000900130316,2022-11-23,1,0,0.17397413
55000900130316,2022-11-24,1,0,0.1670662
55000900130316,2022-11-25,1,0,0.6584838
55000900130316,2022-11-26,1,0,0.6600801
55000900130316,2022-11-27,1,0,0.752605
55000900130316,2022-11-28,1,0,0.7975941
55000900130316,2022-11-29,1,0,0.8683528
55000900130316,2022-11-30,1,0,0.938146
55000900130316,2022-12-01,1,0,0.95381516
55000900130316,2022-12-02,1,0,0.9609807
55000900130316,2022-12-03,1,0,0.96383494
55000900130316,2022-12-04,1,0,0.967313
55000900130316,2022-12-05,1,0,0.96983844
55000900130316,2022-12-06,1,0,0.9717855
55000900130316,2022-12-07,1,0,0.9733655
55000900130316,2022-12-08,1,0,0.97469735
55000900130316,2022-12-09,1,0,0.97584814
55000900130316,2022-12-10,1,0,0.97684586
55000900130316,2022-12-11,1,0,0.97771025
55000900130316,2022-12-12,1,0,0.9784413
55000900130316,2022-12-13,1,0,0.97904885
55000900130316,2022-12-14,1,0,0.97953874
55000900130316,2022-12-15,1,0,0.97992516
55000900130316,2022-12-16,1,0,0.98022723
55000900130316,2022-12-17,1,0,0.98046416
55000900130316,2022-12-18,1,0,0.98058116
55000900130316,2022-12-19,1,0,0.9807998
55000900130316,2022-12-20,1,0,0.9811499
55000900130316,2022-12-21,1,0,0.98108095
55000900130316,2022-12-22,1,0,0.9823131
55000900130316,2022-12-23,1,0,0.9910232
55000900130316,2022-12-24,1,0,0.9948456
55000900130316,2022-12-25,1,0,0.9948456
55000900130316,2022-12-26,1,0,0.9948456
55000900130316,2022-12-27,1,0,0.9948456
55000900130316,2022-12-28,1,0,0.9948456
55000900130316,2022-12-29,1,0,0.9948456
55000900130316,2022-12-30,1,0,0.9948456
55000900130316,2022-12-31,1,0,0.9948456
55000900130316,2023-01-01,1,0,0.9948456
55000900130316,2023-01-02,1,0,0.9948456
55000900130316,2023-01-03,1,0,0.9948456
55000900130316,2023-01-04,1,0,0.9948456
55000900130316,2023-01-05,1,0,0.9948456
55000900130316,2023-01-06,1,0,0.9948456
55000900130316,2023-01-07,1,0,0.9948456
55000900130316,2023-01-08,1,0,0.9948456
55000900130316,2023-01-09,1,0,0.9948456
55000900130316,2023-01-10,1,0,0.9948456
55000900130316,2023-01-11,1,0,0.9948456
55000900130316,2023-01-12,1,0,0.9948456
55000900130316,2023-01-13,1,0,0.9948456
55000900130316,2023-01-14,1,0,0.9948456
55000900130316,2023-01-15,1,0,0.9948456
55000900130316,2023-01-16,1,0,0.9948456
55000900130316,2023-01-17,1,0,0.9948456
55000900130316,2023-01-18,1,0,0.9948456
55000900130316,2023-01-19,1,0,0.9948456
55000900130316,2023-01-20,1,0,0.9948456
55000900130316,2023-01-21,1,0,0.9948456
55000900130316,2023-01-22,1,0,0.9948456
55000900130316,2023-01-23,1,0,0.9948456
55000900130316,2023-01-24,1,0,0.9948456
55000900130316,2023-01-25,1,0,0.9948456
55000900130316,2023-01-26,1,0,0.9948456
55000900130316,2023-01-27,1,0,0.9948456
55000900130316,2023-01-28,1,0,0.9948456
55000900130316,2023-01-29,1,0,0.9948456
55000900130316,2023-01-30,1,0,0.9948456
55000900130316,2023-01-31,1,0,0.9948456
55000900130316,2023-02-01,1,0,0.9948456
55000900130316,2023-02-02,1,0,0.9948456
55000900130316,2023-02-03,1,0,0.9948456
55000900130316,2023-02-04,1,0,0.9948456
55000900130316,2023-02-05,1,0,0.9948456
55000900130316,2023-02-06,1,0,0.9948456
55000900130316,2023-02-07,1,0,0.9948456
55000900130316,2023-02-08,1,0,0.9948456
55000900130316,2023-02-09,1,0,0.9948456
55000900130316,2023-02-10,1,0,0.9948456
55000900130316,2023-02-11,1,0,0.9948456
55000900130316,2023-02-12,1,0,0.9948456
55000900130316,2023-02-13,1,0,0.9948456
55000900130316,2023-02-14,1,0,0.9948456
55000900130316,2023-02-15,1,0,0.9948456
55000900130316,2023-02-16,1,0,0.9948456
55000900130316,2023-02-17,1,0,0.9948456
55000900130316,2023-02-18,1,0,0.9948456
55000900130316,2023-02-19,1,0,0.9948456
55000900130316,2023-02-20,1,0,0.9948456
55000900130316,2023-02-21,1,0,0.9948456
55000900130316,2023-02-22,1,0,0.9948456
55000900130316,2023-02-23,1,0,0.9948456
55000900130316,2023-02-24,1,0,0.9948456
55000900130316,2023-02-25,1,0,0.9948456
55000900130316,2023-02-26,1,0,0.9948456
55000900130316,2023-02-27,1,0,0.9948456
55000900130316,2023-02-28,1,0,0.9948456
55000900130316,2023-03-01,1,0,0.9948456
55000900130316,2023-03-02,1,0,0.9948456
55000900130316,2023-03-03,1,0,0.9948456
55000900130316,2023-03-04,1,0,0.9948456
55000900130316,2023-03-05,1,0,0.9948456
55000900130316,2023-03-06,1,0,0.9948456
55000900130316,2023-03-07,1,0,0.9948456
55000900130316,2023-03-08,1,0,0.9948456
55000900130316,2023-03-09,1,0,0.9948456
55000900130316,2023-03-10,1,0,0.9948456
55000900130316,2023-03-11,1,0,0.9948456
55000900130316,2023-03-13,1,0,0.9948456
55000900130316,2023-03-14,1,0,0.9948456
55000900130316,2023-03-15,1,0,0.9948456
55000900130316,2023-03-16,1,0,0.9948456
55000900130316,2023-03-17,1,0,0.9948456
55000900130316,2023-03-18,1,0,0.9948456
55000900130316,2023-03-19,1,0,0.9948456
55000900130316,2023-03-20,1,0,0.9948456
55000900130316,2023-03-21,1,0,0.9948456
55000900130316,2023-03-22,1,0,0.9948456
55000900130316,2023-03-23,1,0,0.9948456
55000900130316,2023-03-24,1,0,0.9948456
55000900130316,2023-03-25,1,0,0.9948456
55000900130316,2023-03-26,1,0,0.9948456
55000900130316,2023-03-27,1,0,0.9948456
55000900130316,2023-03-28,1,0,0.9948456
55000900130316,2023-03-29,1,0,0.9948456
55000900130316,2023-03-30,1,0,0.9948456
55000900130316,2023-03-31,1,0,0.9948456
55000900130316,2023-04-01,1,0,0.9948456
55000900130316,2023-04-02,1,0,0.9948456
55000900130316,2023-04-03,1,0,0.9948456
55000900130316,2023-04-04,1,0,0.9948456
55000900130316,2023-04-05,1,0,0.9948456
55000900130316,2023-04-06,1,0,0.9948456
55000900130316,2023-04-07,1,0,0.9948456
55000900130316,2023-04-08,1,0,0.9948456
55000900130316,2023-04-09,1,0,0.9948456
55000900130316,2023-04-10,1,0,0.9948456
55000900130316,2023-04-11,1,0,0.9948456
55000900130316,2023-04-12,1,0,0.9948456
55000900130316,2023-04-13,1,0,0.9948456
55000900130316,2023-04-14,1,0,0.9948456
55000900130316,2023-04-15,1,0,0.9948456
55000900130316,2023-04-16,1,0,0.9948456
55000900130316,2023-04-17,1,0,0.9948456
55000900130316,2023-04-18,1,0,0.9948456
55000900130316,2023-04-19,1,0,0.9948456
55000900130316,2023-04-20,1,0,0.9948456
55000900131558,2020-09-11,1,9,0.9999435
55000900131558,2020-09-12,1,9,0.9999608
55000900131558,2020-09-13,1,9,0.99989784
55000900131558,2020-09-14,1,9,0.99996305
55000900131558,2020-09-15,1,9,0.9999733
55000900131558,2020-09-16,1,9,0.99996483
55000900131558,2020-09-17,1,9,0.9999292
55000900131558,2020-09-18,1,9,0.9999206
55000900131558,2020-09-19,1,9,0.99988174
55000900131558,2020-09-20,1,9,0.9999409
55000900131558,2020-09-21,1,9,0.9999454
55000900131558,2020-09-22,1,9,0.99988437
55000900131558,2020-09-23,1,9,0.999964
55000900131558,2020-09-24,1,9,0.99997747
55000900131558,2020-09-25,1,9,0.99997747
55000900131558,2020-09-26,1,9,0.9999813
55000900131558,2020-09-27,1,9,0.99998367
55000900131558,2020-09-28,1,9,0.9999933
55000900131558,2020-09-29,1,9,0.9999857
55000900131558,2020-09-30,1,9,0.99997795
55000900131558,2020-10-01,1,9,0.99998736
55000900131558,2020-10-02,1,9,0.9999745
55000900131558,2020-10-03,1,9,0.99997795
55000900131558,2020-10-04,1,9,0.9999716
55000900131558,2020-10-05,1,9,0.99996185
55000900131558,2020-10-06,1,9,0.999974
55000900131558,2020-10-07,1,9,0.9999846
55000900131558,2020-10-08,1,9,0.99998605
55000900131558,2020-10-09,1,9,0.9999676
55000900131558,2020-10-10,1,9,0.99998677
55000900131558,2020-10-11,1,9,0.999969
55000900131558,2020-10-12,1,9,0.9999672
55000900131558,2020-10-13,1,9,0.9999827
55000900131558,2020-10-14,1,9,0.99998534
55000900131558,2020-10-15,1,9,0.9999714
55000900131558,2020-10-16,1,9,0.9999875
55000900131558,2020-10-17,1,9,0.99997866
55000900131558,2020-10-18,1,9,0.99998343
55000900131558,2020-10-19,1,9,0.99998367
55000900131558,2020-10-20,1,0,0.9999732
55000900131558,2020-10-21,1,0,0.9998895
55000900133417,2020-09-11,1,0,0.99988806
55000900133417,2020-09-12,1,0,0.9999628
55000900133417,2020-09-13,1,0,0.9999689
55000900133417,2020-09-14,1,0,0.9999696
55000900133417,2020-09-15,1,0,0.99994886
55000900133417,2020-09-16,1,0,0.9999634
55000900133417,2020-09-17,1,0,0.99992955
55000900133417,2020-09-18,1,0,0.9999304
55000900133417,2020-09-19,1,0,0.99997413
55000900133417,2020-09-20,1,0,0.99997306
55000900133417,2020-09-21,1,0,0.9999727
55000900133417,2020-09-22,1,0,0.99995804
55000900133417,2020-09-23,1,0,0.9999739
55000900133417,2020-09-24,1,0,0.9999695
55000900133417,2020-09-25,1,0,0.9999709
55000900133417,2020-09-26,1,0,0.9999893
55000900133417,2020-09-27,1,0,0.9999845
55000900133417,2020-09-28,1,0,0.9999845
55000900133417,2020-09-29,1,0,0.99995995
55000900133417,2020-09-30,1,0,0.9999827
55000900133417,2020-10-01,1,0,0.99998224
55000900133417,2020-10-02,1,0,0.99998164
55000900133417,2020-10-03,1,0,0.99997306
55000900133417,2020-10-04,1,0,0.99997973
55000900133417,2020-10-05,1,0,0.99998283
55000900133417,2020-10-06,1,0,0.99998415
55000900133417,2020-10-07,1,0,0.99998415
55000900133417,2020-10-08,1,0,0.9999757
55000900133417,2020-10-09,1,0,0.9999777
55000900133417,2020-10-10,1,0,0.9999614
55000900133417,2020-10-11,1,0,0.9990773
55000900133417,2020-10-12,1,0,0.9988568
55000900133417,2020-10-13,1,0,0.99996305
55000900133417,2020-10-14,1,0,0.99998796
55000900133417,2020-10-15,1,0,0.9999802
55000900133417,2020-10-16,1,0,0.9999925
55000900133417,2020-10-17,1,0,0.9999865
55000900133417,2020-10-18,1,0,0.9999876
55000900133417,2020-10-19,1,0,0.999985
55000900133417,2020-10-20,1,0,0.99997556
55000900133417,2020-10-21,1,0,0.999972
55000900133417,2020-10-22,1,0,0.99997437
55000900133417,2020-10-23,1,0,0.99998176
55000900133417,2020-10-24,1,0,0.9999864
55000900133417,2020-10-25,1,0,0.9999875
55000900133417,2020-10-26,1,0,0.99999297
55000900133417,2020-10-27,1,0,0.99998915
55000900133417,2020-10-28,1,0,0.9999896
55000900133417,2020-10-29,1,0,0.9999827
55000900133417,2020-10-30,1,0,0.99998796
55000900133417,2020-10-31,1,0,0.99998224
55000900133417,2020-11-01,1,0,0.9999759
55000900133417,2020-11-02,1,0,0.99999
55000900133417,2020-11-03,1,0,0.99998724
55000900133417,2020-11-04,1,0,0.9999813
55000900133417,2020-11-05,1,0,0.9999225
55000900133417,2020-11-06,1,0,0.99999225
55000900133417,2020-11-07,1,0,0.99999344
55000900133417,2020-11-08,1,0,0.99999404
55000900133417,2020-11-09,1,0,0.9999926
55000900133417,2020-11-10,1,0,0.99999285
55000900133417,2020-11-11,1,0,0.9999926
55000900133417,2020-11-12,1,0,0.9999927
55000900133417,2020-11-13,1,0,0.9999949
55000900133417,2020-11-14,1,0,0.99999285
55000900133417,2020-11-16,1,0,0.999992
55000900133417,2020-11-17,1,0,0.9999933
55000900133417,2020-11-18,1,0,0.9999938
55000900133417,2020-11-19,1,0,0.99999154
55000900133417,2020-11-20,1,0,0.99999344
55000900133417,2020-11-21,1,0,0.9999943
55000900133417,2020-11-22,1,0,0.9999943
55000900133417,2020-11-23,1,0,0.9999918
55000900133417,2020-11-24,1,0,0.9999889
55000900133417,2020-11-25,1,0,0.9999882
55000900133417,2020-11-26,1,0,0.99999225
55000900133417,2020-11-27,1,0,0.99999547
55000900133417,2020-11-28,1,0,0.9999945
55000900133417,2020-11-29,1,0,0.9999908
55000900133417,2020-11-30,1,0,0.99998546
55000900133417,2020-12-01,1,0,0.9999862
55000900167054,2020-09-11,1,9,0.99871683
55000900167054,2020-09-12,1,9,0.99850404
55000900167054,2020-09-13,1,9,0.99714214
55000900167054,2020-09-14,1,9,0.9975217
55000900167054,2020-09-15,1,9,0.9973598
55000900167054,2020-09-16,1,9,0.9971186
55000900167054,2020-09-17,1,9,0.9971137
55000900167054,2020-09-18,1,9,0.9976624
55000900167054,2020-09-19,1,9,0.9975217
55000900167054,2020-09-20,1,9,0.99809045
55000900167054,2020-09-21,1,9,0.99773943
55000900167054,2020-09-22,1,9,0.9969559
55000900167054,2020-09-23,1,9,0.9971227
55000900167054,2020-09-24,1,9,0.99766195
55000900167054,2020-09-25,1,9,0.9978509
55000900167054,2020-09-26,1,9,0.99913293
55000900167054,2020-09-27,1,9,0.999861
55000900167054,2020-09-28,1,9,0.99997056
55000900167054,2020-09-29,1,9,0.99996686
55000900167054,2020-09-30,1,9,0.9999175
55000900167054,2020-10-01,1,9,0.99993575
55000900167054,2020-10-02,1,9,0.9998627
55000900167054,2020-10-03,1,9,0.9996977
55000900167054,2020-10-04,1,9,0.9993789
55000900167054,2020-10-05,1,9,0.99854493
55000900167054,2020-10-06,1,9,0.99894804
55000900167054,2020-10-07,1,9,0.9985374
55000900167054,2020-10-08,1,9,0.99877316
55000900167054,2020-10-09,1,9,0.9999398
55000900167054,2020-10-10,1,9,0.9989574
55000900167054,2020-10-11,1,9,0.9974566
55000900167054,2020-10-12,1,9,0.9982039
55000900167054,2020-10-13,1,9,0.9999083
55000900167054,2020-10-14,1,9,0.999982
55000900167054,2020-10-15,1,9,0.9999738
55000900167054,2020-10-16,1,9,0.9999771
55000900167054,2020-10-17,1,9,0.99996936
55000900167054,2020-10-18,1,9,0.9999654
55000900167054,2020-10-19,1,0,0.99994886
55000900167054,2020-10-20,1,0,0.99932015
55000900167055,2020-09-11,1,0,0.999992
55000900167055,2020-09-12,1,0,0.9999918
55000900167055,2020-09-13,1,0,0.9999918
55000900167055,2020-09-14,1,0,0.9999927
55000900167055,2020-09-15,1,0,0.9999937
55000900167055,2020-09-16,1,0,0.99999404
55000900167055,2020-09-17,1,0,0.99999416
55000900167055,2020-09-18,1,0,0.99999344
55000900167055,2020-09-19,1,0,0.9999937
55000900167055,2020-09-20,1,0,0.99999475
55000900167055,2020-09-21,1,0,0.99999607
55000900167055,2020-09-22,1,0,0.9999958
55000900167055,2020-09-23,1,0,0.99999595
55000900167055,2020-09-24,1,0,0.99999595
55000900167055,2020-09-25,1,0,0.99999595
55000900167055,2020-09-26,1,0,0.9999962
55000900167055,2020-09-27,1,0,0.99999595
55000900167055,2020-09-28,1,0,0.9999958
55000900167055,2020-09-29,1,0,0.9999958
55000900167055,2020-09-30,1,0,0.99999595
55000900167055,2020-10-01,1,0,0.99999475
55000900167055,2020-10-02,1,0,0.9999925
55000900167055,2020-10-03,1,0,0.9999918
55000900167055,2020-10-04,1,0,0.999992
55000900167055,2020-10-05,1,0,0.999992
55000900167055,2020-10-06,1,0,0.9999918
55000900167055,2020-10-07,1,0,0.9999919
55000900167055,2020-10-08,1,0,0.9999937
55000900167055,2020-10-09,1,0,0.99999213
55000900167055,2020-10-10,1,0,0.9999927
55000900167055,2020-10-11,1,0,0.9999932
55000900167055,2020-10-12,1,0,0.9999956
55000900167055,2020-10-13,1,0,0.9999951
55000900167055,2020-10-14,1,0,0.9999957
55000900167055,2020-10-15,1,0,0.9999958
55000900167055,2020-10-16,1,0,0.99999607
55000900167055,2020-10-17,1,0,0.99999607
55000900167055,2020-10-18,1,0,0.9999963
55000900167055,2020-10-19,1,0,0.9999962
55000900167055,2020-10-20,1,0,0.99999595
55000900167055,2020-10-21,1,0,0.99999607
55000900167055,2020-10-22,1,0,0.99999607
55000900167055,2020-10-23,1,0,0.9999962
55000900167055,2020-10-24,1,0,0.9999962
55000900167055,2020-10-25,1,0,0.9999963
55000900167055,2020-10-26,1,0,0.9999963
55000900167055,2020-10-27,1,0,0.9999962
55000900167055,2020-10-28,1,0,0.9999962
55000900167055,2020-10-29,1,0,0.9999957
55000900167055,2020-10-30,1,0,0.9999957
55000900167055,2020-10-31,1,0,0.9999944
55000900167055,2020-11-01,1,0,0.99999356
55000900167055,2020-11-02,1,0,0.99999356
55000900167055,2020-11-03,1,0,0.9999938
55000900167055,2020-11-04,1,0,0.9999937
55000900167055,2020-11-05,1,0,0.9999951
55000900167055,2020-11-06,1,0,0.99999595
55000900167055,2020-11-07,1,0,0.9999962
55000900167055,2020-11-08,1,0,0.9999963
55000900167055,2020-11-09,1,0,0.9999963
55000900167055,2020-11-10,1,0,0.99999607
55000900167055,2020-11-11,1,0,0.99999607
55000900167055,2020-11-12,1,0,0.9999963
55000900167055,2020-11-13,1,0,0.99999607
55000900167055,2020-11-14,1,0,0.99999607
55000900167055,2020-11-16,1,0,0.99999607
55000900167055,2020-11-17,1,0,0.9999962
55000900167055,2020-11-18,1,0,0.99999607
55000900167055,2020-11-19,1,0,0.9999962
55000900167055,2020-11-20,1,0,0.9999963
55000900167055,2020-11-21,1,0,0.99999607
55000900167055,2020-11-22,1,0,0.99999607
55000900167055,2020-11-23,1,0,0.99999607
55000900167055,2020-11-24,1,0,0.9999963
55000900167055,2020-11-25,1,0,0.9999963
55000900167055,2020-11-26,1,0,0.9999963
55000900167055,2020-11-27,1,0,0.99999607
55000900167055,2020-11-28,1,0,0.99999607
55000900167055,2020-11-29,1,0,0.99999607
55000900167055,2020-11-30,1,0,0.99999607
55000900167692,2020-09-11,1,9,0.9999411
55000900167692,2020-09-12,1,9,0.99995005
55000900167692,2020-09-13,1,9,0.9999467
55000900167692,2020-09-14,1,9,0.9999647
55000900167692,2020-09-15,1,9,0.99995697
55000900167692,2020-09-16,1,9,0.9999511
55000900167692,2020-09-17,1,9,0.9999578
55000900167692,2020-09-19,1,9,0.9999517
55000900167692,2020-09-20,1,9,0.9999554
55000900167692,2020-09-21,1,9,0.9999584
55000900167692,2020-09-22,1,9,0.9999778
55000900167692,2020-09-23,1,9,0.9999809
55000900167692,2020-09-24,1,9,0.99997795
55000900167692,2020-09-25,1,9,0.999977
55000900167692,2020-09-26,1,9,0.9999858
55000900167692,2020-09-27,1,9,0.99998724
55000900167692,2020-09-28,1,9,0.9999888
55000900167692,2020-09-29,1,9,0.99999
55000900167692,2020-09-30,1,9,0.99998975
55000900167692,2020-10-01,1,9,0.99998355
55000900167692,2020-10-02,1,9,0.9999846
55000900167692,2020-10-03,1,9,0.99997246
55000900167692,2020-10-04,1,9,0.99996936
55000900167692,2020-10-05,1,9,0.9999739
55000900167692,2020-10-10,1,9,0.9999833
55000900167692,2020-10-11,1,9,0.9999852
55000900167692,2020-10-12,1,9,0.9999809
55000900167692,2020-10-13,1,9,0.99999034
55000900167692,2020-10-14,1,9,0.99998975
55000900167692,2020-10-15,1,9,0.99998736
55000900167692,2020-10-16,1,9,0.9999908
55000900167692,2020-10-17,1,9,0.99999094
55000900167692,2020-10-18,1,0,0.9999852
55000900167692,2020-10-19,1,0,0.9999808
55000900167704,2020-09-11,1,9,0.99991643
55000900167704,2020-09-12,1,9,0.9999411
55000900167704,2020-09-13,1,9,0.9999267
55000900167704,2020-09-14,1,9,0.999931
55000900167704,2020-09-15,1,9,0.9998654
55000900167704,2020-09-16,1,9,0.9998153
55000900167704,2020-09-17,1,9,0.9998543
55000900167704,2020-09-18,1,9,0.99985945
55000900167704,2020-09-19,1,9,0.9998816
55000900167704,2020-09-20,1,9,0.99989617
55000900167704,2020-09-21,1,9,0.99993324
55000900167704,2020-09-22,1,9,0.9999026
55000900167704,2020-09-23,1,9,0.9998653
55000900167704,2020-09-24,1,9,0.99989426
55000900167704,2020-09-25,1,9,0.9999027
55000900167704,2020-09-26,1,9,0.9999734
55000900167704,2020-09-27,1,9,0.99996173
55000900167704,2020-09-28,1,9,0.99998
55000900167704,2020-09-29,1,9,0.99996626
55000900167704,2020-09-30,1,9,0.9999641
55000900167704,2020-10-01,1,9,0.9999703
55000900167704,2020-10-02,1,9,0.99995136
55000900167704,2020-10-03,1,9,0.99991655
55000900167704,2020-10-04,1,9,0.9999281
55000900167704,2020-10-05,1,9,0.9999304
55000900167704,2020-10-06,1,9,0.9999323
55000900167704,2020-10-07,1,9,0.99993503
55000900167704,2020-10-08,1,9,0.99993
55000900167704,2020-10-09,1,9,0.9999497
55000900167704,2020-10-10,1,9,0.9999485
55000900167704,2020-10-11,1,9,0.99993765
55000900167704,2020-10-12,1,9,0.99992764
55000900167704,2020-10-13,1,9,0.9999876
55000900167704,2020-10-14,1,9,0.99999
55000900167704,2020-10-15,1,9,0.9999819
55000900167704,2020-10-16,1,9,0.9999913
55000900167704,2020-10-17,1,9,0.9999831
55000900167704,2020-10-18,1,9,0.9999838
55000900167704,2020-10-19,1,9,0.9999789
55000900167704,2020-10-20,1,9,0.99997807
55000900167704,2020-10-21,1,9,0.99998367
55000900167704,2020-10-22,0,0,0.9999622
55000900167704,2020-10-23,0,0,0.99978334
55000900167704,2020-10-24,0,0,0.99942625
55000900167704,2020-10-25,1,0,0.5664473
55000900167704,2020-10-26,1,0,0.8108499
55000900167704,2020-10-27,1,0,0.5693737
55000900167704,2020-10-28,1,0,0.9474877
55000900167704,2020-10-29,0,0,0.9771532
55000900167704,2020-10-30,0,0,0.977326
55000900167704,2020-10-31,0,0,0.9704488
55000900167704,2020-11-01,0,0,0.2060175
55000900167704,2020-11-02,0,0,0.50028193
55000900167704,2020-11-03,0,0,0.30355003
55000900167704,2020-11-04,0,0,0.10216772
55000900167704,2020-11-05,1,0,0.09155205
55000900167704,2020-11-06,1,0,0.2870306
55000900167704,2020-11-07,1,0,0.35520664
55000900167704,2020-11-08,0,0,0.9224451
55000900167704,2020-11-09,0,0,0.8552435
55000900167704,2020-11-10,1,0,0.8105183
55000900167704,2020-11-11,1,0,0.47148672
55000900167704,2020-11-12,1,0,0.3764903
55000900167704,2020-11-13,1,0,0.7146094
55000900167704,2020-11-14,1,0,0.902643
55000900167704,2020-11-15,1,0,0.89817685
55000900167704,2020-11-16,1,0,0.99477416
55000900167704,2020-11-17,1,0,0.9998785
55000900167704,2020-11-18,1,0,0.99987626
55000900167704,2020-11-19,1,0,0.9995196
55000900167704,2020-11-20,1,0,0.9998971
55000900167704,2020-11-21,1,0,0.9999497
55000900167704,2020-11-22,1,0,0.9999585
55000900167704,2020-11-23,1,0,0.9996667
55000900167704,2020-11-24,1,0,0.9977496
55000900167704,2020-11-25,1,0,0.9969195
55000900167704,2020-11-26,1,0,0.9979
55000900167704,2020-11-27,1,0,0.9988223
55000900167704,2020-11-28,1,0,0.99990225
55000900167704,2020-11-29,1,0,0.99979013
55000900167704,2020-11-30,1,0,0.9976459
55000900167704,2020-12-01,1,0,0.9972351
55000900167704,2020-12-02,1,0,0.9973598
55000900167704,2020-12-03,1,0,0.99875665
55000900167704,2020-12-04,1,0,0.9983627
55000900167704,2020-12-05,1,0,0.9972657
55000900167704,2020-12-06,1,0,0.99830174
55000900167704,2020-12-07,1,0,0.99876046
55000900167704,2020-12-08,1,0,0.9981654
55000900167704,2020-12-09,1,0,0.9993949
55000900167704,2020-12-10,1,0,0.9988686
55000900167704,2020-12-11,1,0,0.99900717
55000900167704,2020-12-12,1,0,0.99909997
55000900167704,2020-12-13,1,0,0.9994276
55000900167704,2020-12-14,1,0,0.99977595
55000900167704,2020-12-15,1,0,0.9996306
55000900167704,2020-12-16,1,0,0.9999174
55000900167704,2020-12-17,1,0,0.9997348
55000900167704,2020-12-18,1,0,0.9998098
55000900167704,2020-12-19,1,0,0.99997795
55000900167704,2020-12-20,1,0,0.9999722
55000900167704,2020-12-21,1,0,0.9999542
55000900167704,2020-12-22,1,0,0.999964
55000900167704,2020-12-23,1,0,0.99998224
55000900167704,2020-12-24,1,0,0.99998105
55000900167704,2020-12-25,1,0,0.99997294
55000900167704,2020-12-26,1,0,0.9998098
55000900167704,2020-12-27,1,0,0.998168
55000900167704,2020-12-28,1,0,0.9992976
55000900167704,2020-12-29,1,0,0.9999591
55000900167704,2020-12-30,1,0,0.9998946
55000900167704,2020-12-31,1,0,0.99905425
55000900167704,2021-01-01,1,0,0.99788505
55000900167704,2021-01-02,1,0,0.9999411
55000900167704,2021-01-03,1,0,0.9999752
55000900167704,2021-01-04,1,0,0.99997425
55000900167704,2021-01-05,1,0,0.99997604
55000900167704,2021-01-06,1,0,0.99997866
55000900167704,2021-01-07,1,0,0.9999796
55000900167704,2021-01-08,1,0,0.9999764
55000900167704,2021-01-09,1,0,0.99997616
55000900167704,2021-01-10,1,0,0.99997854
55000900167704,2021-01-11,1,0,0.9999813
55000900167704,2021-01-12,1,0,0.99997795
55000900167704,2021-01-13,1,0,0.9999809
55000900167704,2021-01-14,1,0,0.99998105
55000900167704,2021-01-15,1,0,0.9999814
55000900167704,2021-01-16,1,0,0.9999807
55000900167704,2021-01-17,1,0,0.9999808
55000900167704,2021-01-18,1,0,0.9999807
55000900167704,2021-01-19,1,0,0.99998116
55000900167704,2021-01-20,1,0,0.99998033
55000900167704,2021-01-21,1,0,0.9999634
55000900167704,2021-01-22,1,0,0.99995863
55000900167704,2021-01-23,1,0,0.99996805
55000900167704,2021-01-24,1,0,0.99996376
55000900167704,2021-01-25,1,0,0.999959
55000900167704,2021-01-26,1,0,0.9999603
55000900167704,2021-01-27,1,0,0.9999559
55000900167704,2021-01-28,1,0,0.9999615
55000900167704,2021-01-29,1,0,0.9999652
55000900167704,2021-01-30,1,0,0.9999598
55000900167704,2021-01-31,1,0,0.9999616
55000900167704,2021-02-01,1,0,0.99996126
55000900167704,2021-02-02,1,0,0.99996126
55000900167704,2021-02-03,1,0,0.99996126
55000900167704,2021-02-04,1,0,0.99996126
55000900167704,2021-02-05,1,0,0.99996126
55000900167704,2021-02-06,1,0,0.99996126
55000900167704,2021-02-07,1,0,0.99996126
55000900167704,2021-02-08,1,0,0.99996126
55000900167704,2021-02-09,1,0,0.99996126
55000900167704,2021-02-10,1,0,0.99996126
55000900167704,2021-02-11,1,0,0.99996126
55000900167704,2021-02-12,1,0,0.99996126
55000900167704,2021-02-13,1,0,0.99996126
55000900167704,2021-02-14,1,0,0.99996126
55000900167704,2021-02-15,1,0,0.99996126
55000900167704,2021-02-16,1,0,0.99996126
55000900167704,2021-02-17,1,0,0.99996126
55000900167704,2021-02-18,1,0,0.99996126
55000900167704,2021-02-19,1,0,0.99996126
55000900167704,2021-02-20,1,0,0.99996126
55000900167704,2021-02-21,1,0,0.99996126
55000900167704,2021-02-22,1,0,0.99996126
55000900167704,2021-02-23,1,0,0.99996126
55000900167704,2021-02-24,1,0,0.99996126
55000900167704,2021-02-25,1,0,0.99996126
55000900167704,2021-02-26,1,0,0.99996126
55000900167704,2021-02-27,1,0,0.99996126
55000900167704,2021-02-28,1,0,0.99996126
55000900167704,2021-03-01,1,0,0.99996126
55000900167704,2021-03-02,1,0,0.99996126
55000900167704,2021-03-03,1,0,0.99996126
55000900167704,2021-03-04,1,0,0.99996126
55000900167704,2021-03-05,1,0,0.99996126
55000900167704,2021-03-06,1,0,0.99996126
55000900167704,2021-03-07,1,0,0.99996126
55000900167704,2021-03-08,1,0,0.99996126
55000900167704,2021-03-09,1,0,0.99996126
55000900167704,2021-03-10,1,0,0.99996126
55000900167704,2021-03-11,1,0,0.99996126
55000900167704,2021-03-12,1,0,0.99996126
55000900167704,2021-03-13,1,0,0.99996126
55000900167704,2021-03-15,1,0,0.99996126
55000900167704,2021-03-16,1,0,0.99996126
55000900167704,2021-03-17,1,0,0.99996126
55000900167704,2021-03-18,1,0,0.99996126
55000900167704,2021-03-19,1,0,0.99996126
55000900167704,2021-03-20,1,0,0.99996126
55000900167704,2021-03-21,1,0,0.99996126
55000900167704,2021-03-22,1,0,0.99996126
55000900167704,2021-03-23,1,0,0.99996126
55000900167704,2021-03-24,1,0,0.99996126
55000900167704,2021-03-25,1,0,0.99996126
55000900167704,2021-03-26,1,0,0.99996126
55000900167704,2021-03-27,1,0,0.99996126
55000900167704,2021-03-28,1,0,0.99996126
55000900167704,2021-03-29,1,0,0.99996126
55000900167704,2021-03-30,1,0,0.99996126
55000900167704,2021-03-31,1,0,0.99996126
55000900167704,2021-04-01,1,0,0.99996126
55000900167704,2021-04-02,1,0,0.99996126
55000900167704,2021-04-03,1,0,0.99996126
55000900167704,2021-04-04,1,0,0.99996126
55000900167704,2021-04-05,1,0,0.99996126
55000900167704,2021-04-06,1,0,0.99996126
55000900167704,2021-04-07,1,0,0.99996126
55000900167704,2021-04-08,1,0,0.99996126
55000900167704,2021-04-09,1,0,0.99996126
55000900167704,2021-04-10,1,0,0.99996126
55000900167704,2021-04-11,1,0,0.99996126
55000900167704,2021-04-12,1,0,0.99996126
55000900167704,2021-04-13,1,0,0.99996126
55000900167704,2021-04-14,1,0,0.99996126
55000900167704,2021-04-15,1,0,0.99996126
55000900167704,2021-04-16,1,0,0.99996126
55000900167704,2021-04-17,1,0,0.99996126
55000900167704,2021-04-18,1,0,0.99996126
55000900167704,2021-04-19,1,0,0.99996126
55000900167704,2021-04-20,1,0,0.99996126
55000900167704,2021-04-21,1,0,0.99996126
55000900167704,2021-04-22,1,0,0.99996126
55000900167704,2021-04-23,1,0,0.99996126
55000900167704,2021-04-24,1,0,0.99996126
55000900167704,2021-04-25,1,0,0.99996126
55000900167704,2021-04-26,1,0,0.99996126
55000900167704,2021-04-27,1,0,0.99996126
55000900167704,2021-04-28,1,0,0.99996126
55000900167704,2021-04-29,1,0,0.99996126
55000900167704,2021-04-30,1,0,0.99996126
55000900167704,2021-05-01,1,0,0.99996126
55000900167704,2021-05-02,1,0,0.99996126
55000900167704,2021-05-03,1,0,0.99996126
55000900167704,2021-05-04,1,0,0.99996126
55000900167704,2021-05-05,1,0,0.99996126
55000900167704,2021-05-06,1,0,0.99996126
55000900167704,2021-05-07,1,0,0.99996126
55000900167704,2021-05-08,1,0,0.99996126
55000900167704,2021-05-09,1,0,0.99996126
55000900167704,2021-05-10,1,0,0.99996126
55000900167704,2021-05-11,1,0,0.99996126
55000900167704,2021-05-12,1,0,0.99996126
55000900167704,2021-05-13,1,0,0.99996126
55000900167704,2021-05-14,1,0,0.99996126
55000900167704,2021-05-15,1,0,0.99996126
55000900167704,2021-05-16,1,0,0.99996126
55000900167704,2021-05-17,1,0,0.99996126
55000900167704,2021-05-18,1,0,0.99996126
55000900167704,2021-05-19,1,0,0.99996126
55000900167704,2021-05-20,1,0,0.99996126
55000900167704,2021-05-21,1,0,0.99996126
55000900167704,2021-05-22,1,0,0.99996126
55000900167704,2021-05-23,1,0,0.99996126
55000900167704,2021-05-24,1,0,0.99996126
55000900167704,2021-05-25,1,0,0.99996126
55000900167704,2021-05-26,1,0,0.99996126
55000900167704,2021-05-27,1,0,0.99996126
55000900167704,2021-05-28,1,0,0.99996126
55000900167704,2021-05-29,1,0,0.99996126
55000900167704,2021-05-30,1,0,0.99996126
55000900167704,2021-05-31,1,0,0.99996126
55000900167704,2021-06-01,1,0,0.99996126
55000900167704,2021-06-02,1,0,0.99996126
55000900167704,2021-06-03,1,0,0.99996126
55000900167704,2021-06-04,1,0,0.99996126
55000900167704,2021-06-05,1,0,0.99996126
55000900167704,2021-06-06,1,0,0.99996126
55000900167704,2021-06-07,1,0,0.99996126
55000900167704,2021-06-08,1,0,0.99996126
55000900167704,2021-06-09,1,0,0.99996126
55000900167704,2021-06-10,1,0,0.99996126
55000900167704,2021-06-11,1,0,0.99996126
55000900167704,2021-06-12,1,0,0.99996126
55000900167704,2021-06-13,1,0,0.99996126
55000900167704,2021-06-14,1,0,0.99996126
55000900167704,2021-06-15,1,0,0.99996126
55000900167704,2021-06-16,1,0,0.99996126
55000900167704,2021-06-17,1,0,0.99996126
55000900167704,2021-06-18,1,0,0.99996126
55000900167704,2021-06-19,1,0,0.99996126
55000900167704,2021-06-20,1,0,0.99996126
55000900167704,2021-06-21,1,0,0.99996126
55000900167704,2021-06-22,1,0,0.99996126
55000900167704,2021-06-23,1,0,0.99996126
55000900167704,2021-06-24,1,0,0.99996126
55000900167704,2021-06-25,1,0,0.99996126
55000900167704,2021-06-26,1,0,0.99996126
55000900167704,2021-06-27,1,0,0.99996126
55000900167704,2021-06-28,1,0,0.99996126
55000900167704,2021-06-29,1,0,0.99996126
55000900167704,2021-06-30,1,0,0.99996126
55000900167704,2021-07-01,1,0,0.99996126
55000900167704,2021-07-02,1,0,0.99996126
55000900167704,2021-07-03,1,0,0.99996126
55000900167704,2021-07-04,1,0,0.99996126
55000900167704,2021-07-05,1,0,0.99996126
55000900167704,2021-07-06,1,0,0.99996126
55000900167704,2021-07-07,1,0,0.99996126
55000900167704,2021-07-08,1,0,0.99996126
55000900167704,2021-07-09,0,0,0.99996126
55000900167704,2021-07-10,0,0,0.99996126
55000900167704,2021-07-11,0,0,0.99996126
55000900167704,2021-07-12,0,0,0.9999254
55000900167704,2021-07-13,0,0,0.999666
55000900167704,2021-07-14,0,0,0.99925536
55000900167704,2021-07-15,0,0,0.9987612
55000900167704,2021-07-16,0,0,0.998073
55000900167704,2021-07-17,0,0,0.997523
55000900167704,2021-07-18,0,0,0.9968119
55000900167704,2021-07-19,0,0,0.9952311
55000900167704,2021-07-20,0,0,0.99253464
55000900167704,2021-07-21,0,0,0.99008304
55000900167704,2021-07-22,0,0,0.98846495
55000900167704,2021-07-23,0,0,0.9879886
55000900167704,2021-07-24,0,0,0.9883216
55000900167704,2021-07-25,0,0,0.98872864
55000900167704,2021-07-26,0,0,0.98928344
55000900167704,2021-07-27,0,0,0.98952466
55000900167704,2021-07-28,0,0,0.9897412
55000900167704,2021-07-29,0,0,0.99028325
55000900167704,2021-07-30,0,0,0.98437816
55000900167704,2021-07-31,0,0,0.98157287
55000900167704,2021-08-01,0,0,0.9818412
55000900167704,2021-08-02,0,0,0.9817485
55000900167704,2021-08-03,0,0,0.9818511
55000900167704,2021-08-04,0,0,0.98193663
55000900167704,2021-08-05,0,0,0.9819834
55000900167704,2021-08-06,0,0,0.981902
55000900167704,2021-08-07,0,0,0.98179597
55000900167704,2021-08-08,0,0,0.9953306
55000900167704,2021-08-09,0,0,0.9961557
55000900167704,2021-08-10,0,0,0.9969067
55000900167704,2021-08-11,0,0,0.9969067
55000900167704,2021-08-12,0,0,0.9969067
55000900167704,2021-08-13,0,0,0.9969067
55000900167704,2021-08-14,0,0,0.9969067
55000900167704,2021-08-15,0,0,0.9969067
55000900167704,2021-08-16,0,0,0.9969067
55000900167704,2021-08-17,0,0,0.9969067
55000900167704,2021-08-18,0,0,0.9969067
55000900167704,2021-08-20,0,0,0.9969067
55000900167704,2021-08-21,0,0,0.9969067
55000900167704,2021-08-22,0,0,0.9969067
55000900167704,2021-08-23,0,0,0.9969067
55000900167704,2021-08-24,0,0,0.9969067
55000900167704,2021-08-25,0,0,0.9969067
55000900167704,2021-08-26,0,0,0.9969067
55000900167704,2021-08-27,0,0,0.9969067
55000900167704,2021-08-28,0,0,0.9969067
55000900167704,2021-08-29,0,0,0.9969067
55000900167704,2021-08-30,0,0,0.9969067
55000900167704,2021-08-31,0,0,0.9969067
55000900167704,2021-09-01,0,0,0.9969067
55000900167704,2021-09-02,0,0,0.9969067
55000900167704,2021-09-03,0,0,0.9969067
55000900167704,2021-09-04,0,0,0.9969067
55000900167704,2021-09-05,0,0,0.9969067
55000900167704,2021-09-06,0,0,0.9969067
55000900167704,2021-09-07,0,0,0.9969067
55000900167704,2021-09-08,0,0,0.9969067
55000900167704,2021-09-09,0,0,0.9969067
55000900167704,2021-09-10,0,0,0.9969067
55000900167704,2021-09-11,0,0,0.9969067
55000900167704,2021-09-12,0,0,0.9969067
55000900167704,2021-09-13,0,0,0.9969067
55000900167704,2021-09-14,0,0,0.9969067
55000900167704,2021-09-15,0,0,0.9969067
55000900167704,2021-09-16,0,0,0.9969067
55000900167704,2021-09-17,0,0,0.9969067
55000900167704,2021-09-18,1,0,0.9969067
55000900167704,2021-09-19,1,0,0.9969067
55000900167704,2021-09-20,0,0,0.9969067
55000900167704,2021-09-21,0,0,0.99963593
55000900167704,2021-09-22,0,0,0.9998498
55000900167704,2021-09-23,0,0,0.9996662
55000900167704,2021-09-24,0,0,0.9994572
55000900167704,2021-09-25,0,0,0.9986897
55000900167704,2021-09-26,0,0,0.9976671
55000900167704,2021-09-27,1,0,0.9965287
55000900167704,2021-09-28,1,0,0.99474007
55000900167704,2021-09-29,0,0,0.99363637
55000900167704,2021-09-30,0,0,0.9993499
55000900167704,2021-10-01,0,0,0.9998512
55000900167704,2021-10-02,0,0,0.9996648
55000900167704,2021-10-03,0,0,0.99946314
55000900167704,2021-10-04,0,0,0.99867034
55000900167704,2021-10-05,0,0,0.99766207
55000900167704,2021-10-06,0,0,0.9965134
55000900167704,2021-10-07,0,0,0.9945123
55000900167704,2021-10-08,0,0,0.9931477
55000900167704,2021-10-09,0,0,0.9917891
55000900167704,2021-10-10,0,0,0.9910364
55000900167704,2021-10-11,0,0,0.99102837
55000900167704,2021-10-12,0,0,0.991168
55000900167704,2021-10-13,0,0,0.99144137
55000900167704,2021-10-14,0,0,0.9917892
55000900167704,2021-10-15,0,0,0.99176556
55000900167704,2021-10-16,0,0,0.9918012
55000900167704,2021-10-17,0,0,0.9919178
55000900167704,2021-10-18,0,0,0.992187
55000900167704,2021-10-19,0,0,0.98844784
55000900167704,2021-10-21,0,0,0.98067343
55000900167704,2021-10-22,1,0,0.9788846
55000900167704,2021-10-23,1,0,0.98257947
55000900167704,2021-10-24,1,0,0.99139917
55000900167704,2021-10-25,1,0,0.99902296
55000900167704,2021-10-26,1,0,0.9998379
55000900167704,2021-10-27,1,0,0.99987197
55000900167704,2021-10-28,1,0,0.99987257
55000900167704,2021-10-29,1,0,0.9998536
55000900167704,2021-10-30,1,0,0.9998578
55000900167704,2021-10-31,1,0,0.99985397
55000900167704,2021-11-01,1,0,0.9998703
55000900167704,2021-11-02,1,0,0.9998691
55000900167704,2021-11-03,1,0,0.9998673
55000900167704,2021-11-04,1,0,0.99986434
55000900167704,2021-11-05,1,0,0.9998611
55000900167704,2021-11-06,1,0,0.99985886
55000900167704,2021-11-07,1,0,0.9998585
55000900167704,2021-11-08,1,0,0.99986017
55000900167704,2021-11-09,1,0,0.999864
55000900167704,2021-11-10,1,0,0.9998691
55000900167704,2021-11-11,1,0,0.9998746
55000900167704,2021-11-12,1,0,0.99988115
55000900167704,2021-11-13,1,0,0.9998865
55000900167704,2021-11-14,1,0,0.9998933
55000900167704,2021-11-15,1,0,0.9999019
55000900167704,2021-11-16,1,0,0.9999087
55000900167704,2021-11-17,1,0,0.9999287
55000900167704,2021-11-18,1,0,0.9999536
55000900167704,2021-11-19,1,0,0.9999696
55000900167704,2021-11-20,1,0,0.9999707
55000900167704,2021-11-21,1,0,0.9999658
55000900167704,2021-11-22,1,0,0.9999583
55000900167704,2021-11-23,1,0,0.99996126
55000900167704,2021-11-24,1,0,0.99996126
55000900167704,2021-11-25,1,0,0.99996126
55000900167704,2021-11-26,1,0,0.99996126
55000900167704,2021-11-27,1,0,0.99996126
55000900167704,2021-11-28,1,0,0.99996126
55000900167704,2021-11-29,1,0,0.99996126
55000900167704,2021-11-30,1,0,0.99996126
55000900167704,2021-12-01,1,0,0.99996126
55000900167704,2021-12-02,1,0,0.99996126
55000900167704,2021-12-03,1,0,0.99996126
55000900167704,2021-12-04,1,0,0.99996126
55000900167704,2021-12-05,1,0,0.99996126
55000900167704,2021-12-06,1,0,0.99996126
55000900167704,2021-12-07,1,0,0.99996126
55000900167704,2021-12-08,1,0,0.99996126
55000900167704,2021-12-09,1,0,0.99996126
55000900167704,2021-12-10,1,0,0.99996126
55000900167704,2021-12-11,1,0,0.99996126
55000900167704,2021-12-12,1,0,0.99996126
55000900167704,2021-12-13,1,0,0.99996126
55000900167704,2021-12-14,1,0,0.99996126
55000900167704,2021-12-15,1,0,0.99996126
55000900167704,2021-12-16,1,0,0.99996126
55000900167704,2021-12-17,1,0,0.99996126
55000900167704,2021-12-18,1,0,0.99996126
55000900167704,2021-12-19,1,0,0.99996126
55000900167704,2021-12-20,1,0,0.99996126
55000900167704,2021-12-21,1,0,0.99996126
55000900167704,2021-12-22,1,0,0.99996126
55000900167704,2021-12-23,1,0,0.99996126
55000900167704,2021-12-24,1,0,0.99996126
55000900167704,2021-12-25,1,0,0.99996126
55000900167704,2021-12-26,1,0,0.99996126
55000900167704,2021-12-27,1,0,0.99996126
55000900167704,2021-12-28,1,0,0.99996126
55000900167704,2021-12-29,1,0,0.99996126
55000900167704,2021-12-30,1,0,0.99996126
55000900167704,2021-12-31,1,0,0.99996126
55000900167704,2022-01-01,1,0,0.99996126
55000900167704,2022-01-02,1,0,0.99996126
55000900167704,2022-01-03,1,0,0.99996126
55000900167704,2022-01-04,1,0,0.99996126
55000900167704,2022-01-05,1,0,0.99996126
55000900167704,2022-01-06,1,0,0.99996126
55000900167704,2022-01-07,1,0,0.99996126
55000900167704,2022-01-08,1,0,0.99996126
55000900167704,2022-01-09,1,0,0.99996126
55000900167704,2022-01-10,1,0,0.99996126
55000900167704,2022-01-11,1,0,0.99996126
55000900167704,2022-01-12,1,0,0.99996126
55000900167704,2022-01-13,1,0,0.99996126
55000900167704,2022-01-14,1,0,0.99996126
55000900167704,2022-01-15,1,0,0.99996126
55000900167704,2022-01-16,1,0,0.99996126
55000900167704,2022-01-17,1,0,0.99996126
55000900167704,2022-01-18,1,0,0.99996126
55000900167704,2022-01-19,1,0,0.99996126
55000900167704,2022-01-20,1,0,0.99996126
55000900167704,2022-01-21,1,0,0.99996126
55000900167704,2022-01-22,1,0,0.99996126
55000900167704,2022-01-23,1,0,0.99996126
55000900167704,2022-01-24,1,0,0.99996126
55000900167704,2022-01-25,1,0,0.99996126
55000900167704,2022-01-26,1,0,0.99996126
55000900167704,2022-01-27,1,0,0.99996126
55000900167704,2022-01-28,1,0,0.99996126
55000900167704,2022-01-29,1,0,0.99996126
55000900167704,2022-01-30,1,0,0.99996126
55000900167704,2022-01-31,1,0,0.99996126
55000900167704,2022-02-01,1,0,0.99996126
55000900167704,2022-02-02,1,0,0.99996126
55000900167704,2022-02-03,1,0,0.99996126
55000900167704,2022-02-04,1,0,0.99996126
55000900167704,2022-02-05,1,0,0.99996126
55000900167704,2022-02-06,1,0,0.99996126
55000900167704,2022-02-07,1,0,0.99996126
55000900167704,2022-02-08,1,0,0.99996126
55000900167704,2022-02-09,1,0,0.99996126
55000900167704,2022-02-10,1,0,0.99996126
55000900167704,2022-02-11,1,0,0.99996126
55000900167704,2022-02-12,1,0,0.99996126
55000900167704,2022-02-13,1,0,0.99996126
55000900167704,2022-02-14,1,0,0.99996126
55000900167704,2022-02-15,1,0,0.99996126
55000900167704,2022-02-16,1,0,0.99996126
55000900167704,2022-02-17,1,0,0.99996126
55000900167704,2022-02-18,1,0,0.99996126
55000900167704,2022-02-19,1,0,0.99996126
55000900167704,2022-02-20,1,0,0.99996126
55000900167704,2022-02-21,1,0,0.99996126
55000900167704,2022-02-22,1,0,0.99996126
55000900167704,2022-02-23,1,0,0.99996126
55000900167704,2022-02-24,1,0,0.99996126
55000900167704,2022-02-25,1,0,0.99996126
55000900167704,2022-02-26,1,0,0.99996126
55000900167704,2022-02-27,1,0,0.99996126
55000900167704,2022-02-28,1,0,0.99996126
55000900167704,2022-03-01,1,0,0.99996126
55000900167704,2022-03-02,1,0,0.99996126
55000900167704,2022-03-03,1,0,0.99996126
55000900167704,2022-03-04,1,0,0.99996126
55000900167704,2022-03-05,1,0,0.99996126
55000900167704,2022-03-06,1,0,0.99996126
55000900167704,2022-03-07,1,0,0.99996126
55000900167704,2022-03-08,1,0,0.99996126
55000900167704,2022-03-09,1,0,0.99996126
55000900167704,2022-03-10,1,0,0.99996126
55000900167704,2022-03-11,1,0,0.99996126
55000900167704,2022-03-12,1,0,0.99996126
55000900167704,2022-03-14,1,0,0.99996126
55000900167704,2022-03-15,1,0,0.99996126
55000900167704,2022-03-16,1,0,0.99996126
55000900167704,2022-03-17,1,0,0.99996126
55000900167704,2022-03-18,1,0,0.99996126
55000900167704,2022-03-19,1,0,0.99996126
55000900167704,2022-03-20,1,0,0.99996126
55000900167704,2022-03-21,1,0,0.99996126
55000900167704,2022-03-22,1,0,0.99996126
55000900167704,2022-03-23,1,0,0.99996126
55000900167704,2022-03-24,1,0,0.99996126
55000900167704,2022-03-25,1,0,0.99996126
55000900167704,2022-03-26,1,0,0.99996126
55000900167704,2022-03-27,1,0,0.99996126
55000900167704,2022-03-28,1,0,0.99996126
55000900167704,2022-03-29,1,0,0.99996126
55000900167704,2022-03-30,1,0,0.99996126
55000900167704,2022-03-31,1,0,0.99996126
55000900167704,2022-04-01,1,0,0.99996126
55000900167704,2022-04-02,1,0,0.99996126
55000900167704,2022-04-03,1,0,0.99996126
55000900167704,2022-04-04,1,0,0.99996126
55000900167704,2022-04-05,1,0,0.99996126
55000900167704,2022-04-06,1,0,0.99996126
55000900167704,2022-04-07,1,0,0.99996126
55000900167704,2022-04-08,1,0,0.99996126
55000900167704,2022-04-09,1,0,0.99996126
55000900167704,2022-04-10,1,0,0.99996126
55000900167704,2022-04-11,1,0,0.99996126
55000900167704,2022-04-12,1,0,0.99996126
55000900167704,2022-04-13,1,0,0.99996126
55000900167704,2022-04-14,1,0,0.99996126
55000900167704,2022-04-15,1,0,0.99996126
55000900167704,2022-04-16,1,0,0.99996126
55000900167704,2022-04-17,1,0,0.99996126
55000900167704,2022-04-18,1,0,0.99996126
55000900167704,2022-04-19,1,0,0.99996126
55000900167704,2022-04-20,1,0,0.99996126
55000900167704,2022-04-21,1,0,0.99996126
55000900167704,2022-04-22,1,0,0.99996126
55000900167704,2022-04-23,1,0,0.99996126
55000900167704,2022-04-24,1,0,0.99996126
55000900167704,2022-04-25,1,0,0.99996126
55000900167704,2022-04-26,1,0,0.99996126
55000900167704,2022-04-27,1,0,0.99996126
55000900167704,2022-04-28,1,0,0.99996126
55000900167704,2022-04-29,1,0,0.99996126
55000900167704,2022-04-30,1,0,0.99996126
55000900167704,2022-05-01,1,0,0.99996126
55000900167704,2022-05-02,1,0,0.99996126
55000900167704,2022-05-03,1,0,0.99996126
55000900167704,2022-05-04,1,0,0.99996126
55000900167704,2022-05-05,1,0,0.99996126
55000900167704,2022-05-06,1,0,0.99996126
55000900167704,2022-05-07,1,0,0.99996126
55000900167704,2022-05-08,1,0,0.99996126
55000900167704,2022-05-09,1,0,0.99996126
55000900167704,2022-05-10,1,0,0.99996126
55000900167704,2022-05-11,1,0,0.99996126
55000900167704,2022-05-12,1,0,0.99996126
55000900167704,2022-05-13,1,0,0.99996126
55000900167704,2022-05-14,1,0,0.99996126
55000900167704,2022-05-15,1,0,0.99996126
55000900167704,2022-05-16,1,0,0.99996126
55000900167704,2022-05-17,1,0,0.99996126
55000900167704,2022-05-18,1,0,0.99996126
55000900167704,2022-05-19,1,0,0.99996126
55000900167704,2022-05-20,1,0,0.99996126
55000900167704,2022-05-21,1,0,0.99996126
55000900167704,2022-05-22,1,0,0.99996126
55000900167704,2022-05-23,1,0,0.99996126
55000900167704,2022-05-24,1,0,0.99996126
55000900167704,2022-05-25,1,0,0.99996126
55000900167704,2022-05-26,1,0,0.99996126
55000900167704,2022-05-27,1,0,0.99996126
55000900167704,2022-05-28,1,0,0.99996126
55000900167704,2022-05-29,1,0,0.99996126
55000900167704,2022-05-30,1,0,0.99996126
55000900167704,2022-05-31,1,0,0.99996126
55000900167704,2022-06-01,1,0,0.99996126
55000900167704,2022-06-02,1,0,0.99996126
55000900167704,2022-06-03,1,0,0.99996126
55000900167704,2022-06-04,1,0,0.99996126
55000900167704,2022-06-05,1,0,0.99996126
55000900167704,2022-06-06,1,0,0.99996126
55000900167704,2022-06-07,1,0,0.99996126
55000900167704,2022-06-08,1,0,0.99996126
55000900167704,2022-06-09,1,0,0.99996126
55000900167704,2022-06-10,1,0,0.99996126
55000900167704,2022-06-11,1,0,0.99996126
55000900167704,2022-06-12,1,0,0.99996126
55000900167704,2022-06-13,1,0,0.99996126
55000900167704,2022-06-14,1,0,0.99996126
55000900167704,2022-06-15,1,0,0.99996126
55000900167704,2022-06-16,1,0,0.99996126
55000900167704,2022-06-17,1,0,0.99996126
55000900167704,2022-06-18,1,0,0.99996126
55000900167704,2022-06-19,1,0,0.99996126
55000900167704,2022-06-20,1,0,0.99996126
55000900167704,2022-06-21,1,0,0.99996126
55000900167704,2022-06-22,1,0,0.99996126
55000900167704,2022-06-23,1,0,0.99996126
55000900167704,2022-06-24,1,0,0.99996126
55000900167704,2022-06-25,1,0,0.99996126
55000900167704,2022-06-26,1,0,0.99996126
55000900167704,2022-06-27,1,0,0.99996126
55000900167704,2022-06-28,1,0,0.99996126
55000900167704,2022-06-29,1,0,0.99996126
55000900167704,2022-06-30,1,0,0.99996126
55000900167704,2022-07-01,1,0,0.99996126
55000900167704,2022-07-02,1,0,0.99996126
55000900167704,2022-07-03,1,0,0.99996126
55000900167704,2022-07-04,1,0,0.99996126
55000900167704,2022-07-05,1,0,0.99996126
55000900167704,2022-07-06,1,0,0.99996126
55000900167704,2022-07-07,1,0,0.99996126
55000900167704,2022-07-08,1,0,0.99996126
55000900167704,2022-07-09,1,0,0.99996126
55000900167704,2022-07-10,1,0,0.99996126
55000900167704,2022-07-11,1,0,0.99996126
55000900167704,2022-07-12,1,0,0.99996126
55000900167704,2022-07-13,1,0,0.99996126
55000900167704,2022-07-14,1,0,0.99996126
55000900167704,2022-07-15,1,0,0.99996126
55000900167704,2022-07-16,1,0,0.99996126
55000900167704,2022-07-17,1,0,0.99996126
55000900167704,2022-07-18,1,0,0.99996126
55000900167704,2022-07-19,1,0,0.99996126
55000900167704,2022-07-20,1,0,0.99996126
55000900167704,2022-07-21,1,0,0.99996126
55000900167704,2022-07-22,1,0,0.99996126
55000900167704,2022-07-23,1,0,0.99996126
55000900167704,2022-07-24,1,0,0.99996126
55000900167704,2022-07-25,1,0,0.99996126
55000900167704,2022-07-26,1,0,0.99996126
55000900167704,2022-07-27,1,0,0.99996126
55000900167704,2022-07-28,1,0,0.99996126
55000900167704,2022-07-29,1,0,0.99996126
55000900167704,2022-07-30,1,0,0.99996126
55000900167704,2022-07-31,1,0,0.99996126
55000900167704,2022-08-01,1,0,0.99996126
55000900167704,2022-08-02,1,0,0.99996126
55000900167704,2022-08-03,1,0,0.99996126
55000900167704,2022-08-04,1,0,0.99996126
55000900167704,2022-08-05,1,0,0.99996126
55000900167704,2022-08-06,1,0,0.99996126
55000900167704,2022-08-07,1,0,0.99996126
55000900167704,2022-08-08,1,0,0.99996126
55000900167704,2022-08-09,1,0,0.99996126
55000900167704,2022-08-10,1,0,0.99996126
55000900167704,2022-08-11,1,0,0.99996126
55000900167704,2022-08-12,1,0,0.99996126
55000900167704,2022-08-13,1,0,0.99996126
55000900167704,2022-08-14,1,0,0.99996126
55000900167704,2022-08-15,1,0,0.99996126
55000900167704,2022-08-16,1,0,0.99996126
55000900167704,2022-08-17,1,0,0.99996126
55000900167704,2022-08-18,1,0,0.99996126
55000900167704,2022-08-19,1,0,0.99996126
55000900167704,2022-08-20,1,0,0.99996126
55000900167704,2022-08-21,1,0,0.99996126
55000900167704,2022-08-22,1,0,0.99996126
55000900167704,2022-08-23,1,0,0.99996126
55000900167704,2022-08-24,1,0,0.99996126
55000900167704,2022-08-25,1,0,0.99996126
55000900167704,2022-08-26,1,0,0.99996126
55000900167704,2022-08-27,1,0,0.99996126
55000900167704,2022-08-28,1,0,0.99996126
55000900167704,2022-08-29,1,0,0.99996126
55000900167704,2022-08-30,1,0,0.99996126
55000900167704,2022-08-31,1,0,0.99996126
55000900167704,2022-09-01,1,0,0.99996126
55000900167704,2022-09-02,1,0,0.99996126
55000900167704,2022-09-03,1,0,0.99996126
55000900167704,2022-09-04,1,0,0.99996126
55000900167704,2022-09-05,0,0,0.99996126
55000900167704,2022-09-06,0,0,0.99996126
55000900167704,2022-09-07,0,0,0.99996126
55000900167704,2022-09-08,0,0,0.9999254
55000900167704,2022-09-09,0,0,0.999666
55000900167704,2022-09-10,0,0,0.99925536
55000900167704,2022-09-11,0,0,0.9987612
55000900167704,2022-09-12,0,0,0.998073
55000900167704,2022-09-13,0,0,0.997523
55000900167704,2022-09-14,0,0,0.9968119
55000900167704,2022-09-15,0,0,0.9952311
55000900167704,2022-09-16,0,0,0.99253464
55000900167704,2022-09-17,0,0,0.99008304
55000900167704,2022-09-18,0,0,0.98846495
55000900167704,2022-09-19,0,0,0.9879886
55000900167704,2022-09-20,0,0,0.9883216
55000900167704,2022-09-21,0,0,0.98872864
55000900167704,2022-09-22,0,0,0.98928344
55000900167704,2022-09-23,0,0,0.98952466
55000900167704,2022-09-24,0,0,0.9897412
55000900167704,2022-09-25,0,0,0.99028325
55000900167704,2022-09-26,0,0,0.98437816
55000900167704,2022-09-27,0,0,0.98157287
55000900167704,2022-09-28,0,0,0.9818412
55000900167704,2022-09-29,0,0,0.9817485
55000900167704,2022-09-30,0,0,0.9818511
55000900167704,2022-10-01,0,0,0.98193663
55000900167704,2022-10-02,0,0,0.9819834
55000900167704,2022-10-03,0,0,0.981902
55000900167704,2022-10-04,0,0,0.98179597
55000900167704,2022-10-05,0,0,0.9953306
55000900167704,2022-10-06,0,0,0.9961557
55000900167704,2022-10-07,0,0,0.9969067
55000900167704,2022-10-08,0,0,0.9969067
55000900167704,2022-10-09,0,0,0.9969067
55000900167704,2022-10-10,0,0,0.9969067
55000900167704,2022-10-11,0,0,0.9969067
55000900167704,2022-10-12,0,0,0.9969067
55000900167704,2022-10-13,0,0,0.9969067
55000900167704,2022-10-14,0,0,0.9969067
55000900167704,2022-10-15,0,0,0.9969067
55000900167704,2022-10-16,0,0,0.9969067
55000900167704,2022-10-17,0,0,0.9969067
55000900167704,2022-10-18,0,0,0.9969067
55000900167704,2022-10-19,0,0,0.9969067
55000900167704,2022-10-20,0,0,0.9969067
55000900167704,2022-10-21,0,0,0.9969067
55000900167704,2022-10-22,1,0,0.9969067
55000900167704,2022-10-23,0,0,0.9969067
55000900167704,2022-10-24,1,0,0.9969067
55000900167704,2022-10-25,1,0,0.99963593
55000900167704,2022-10-26,1,0,0.9997004
55000900167704,2022-10-27,0,0,0.99983776
55000900167704,2022-10-28,0,0,0.9998642
55000900167704,2022-10-29,0,0,0.9998599
55000900167704,2022-10-30,0,0,0.9997032
55000900167704,2022-10-31,0,0,0.9995277
55000900167704,2022-11-01,1,0,0.99893314
55000900167704,2022-11-02,0,0,0.99806887
55000900167704,2022-11-03,0,0,0.99711037
55000900167704,2022-11-04,1,0,0.9995641
55000900167704,2022-11-05,1,0,0.9997024
55000900167704,2022-11-06,1,0,0.9995684
55000900167704,2022-11-07,1,0,0.9998282
55000900167704,2022-11-08,1,0,0.9998658
55000900167704,2022-11-09,1,0,0.9998692
55000900167704,2022-11-10,1,0,0.9998702
55000900167704,2022-11-11,1,0,0.9998691
55000900167704,2022-11-12,1,0,0.99986887
55000900167704,2022-11-13,1,0,0.9998679
55000900167704,2022-11-14,1,0,0.9998673
55000900167704,2022-11-15,1,0,0.9998665
55000900167704,2022-11-16,1,0,0.99986637
55000900167704,2022-11-17,1,0,0.9998648
55000900167704,2022-11-18,1,0,0.999866
55000900167704,2022-11-19,1,0,0.9998635
55000900167704,2022-11-20,1,0,0.9998617
55000900167704,2022-11-21,1,0,0.9998559
55000900167704,2022-11-22,1,0,0.9998903
55000900167704,2022-11-23,1,0,0.9998442
55000900167704,2022-11-24,1,0,0.999899
55000900167704,2022-11-25,1,0,0.99987936
55000900167704,2022-11-26,1,0,0.99988353
55000900167704,2022-11-27,1,0,0.9998652
55000900167704,2022-11-28,1,0,0.99988663
55000900167704,2022-11-29,1,0,0.9998944
55000900167704,2022-11-30,1,0,0.99990594
55000900167704,2022-12-01,1,0,0.99993944
55000900167704,2022-12-02,1,0,0.999956
55000900167704,2022-12-03,1,0,0.99996555
55000900167704,2022-12-04,1,0,0.9999658
55000900167704,2022-12-05,1,0,0.9999583
55000900167704,2022-12-06,1,0,0.99996126
55000900167704,2022-12-07,1,0,0.99996126
55000900167704,2022-12-08,1,0,0.99996126
55000900167704,2022-12-09,1,0,0.99996126
55000900167704,2022-12-10,1,0,0.99996126
55000900167704,2022-12-11,1,0,0.99996126
55000900167704,2022-12-12,1,0,0.99996126
55000900167704,2022-12-13,1,0,0.99996126
55000900167704,2022-12-14,1,0,0.99996126
55000900167704,2022-12-15,1,0,0.99996126
55000900167704,2022-12-16,1,0,0.99996126
55000900167704,2022-12-17,1,0,0.99996126
55000900167704,2022-12-18,1,0,0.99996126
55000900167704,2022-12-19,1,0,0.99996126
55000900167704,2022-12-20,1,0,0.99996126
55000900167704,2022-12-21,1,0,0.99996126
55000900167704,2022-12-22,1,0,0.99996126
55000900167704,2022-12-23,1,0,0.99996126
55000900167704,2022-12-24,1,0,0.99996126
55000900167704,2022-12-25,1,0,0.99996126
55000900167704,2022-12-26,1,0,0.99996126
55000900167704,2022-12-27,1,0,0.99996126
55000900167704,2022-12-28,1,0,0.99996126
55000900167704,2022-12-29,1,0,0.99996126
55000900167704,2022-12-30,1,0,0.99996126
55000900167704,2022-12-31,1,0,0.99996126
55000900167704,2023-01-01,1,0,0.99996126
55000900167704,2023-01-02,1,0,0.99996126
55000900167704,2023-01-03,1,0,0.99996126
55000900167704,2023-01-04,1,0,0.99996126
55000900167704,2023-01-05,1,0,0.99996126
55000900167704,2023-01-06,1,0,0.99996126
55000900167704,2023-01-07,1,0,0.99996126
55000900167704,2023-01-08,1,0,0.99996126
55000900167704,2023-01-09,1,0,0.99996126
55000900167704,2023-01-10,1,0,0.99996126
55000900167704,2023-01-11,1,0,0.99996126
55000900167704,2023-01-12,1,0,0.99996126
55000900167704,2023-01-13,1,0,0.99996126
55000900167704,2023-01-14,1,0,0.99996126
55000900167704,2023-01-15,1,0,0.99996126
55000900167704,2023-01-16,1,0,0.99996126
55000900167704,2023-01-17,1,0,0.99996126
55000900167704,2023-01-18,1,0,0.99996126
55000900167704,2023-01-19,1,0,0.99996126
55000900167704,2023-01-20,1,0,0.99996126
55000900167704,2023-01-21,1,0,0.99996126
55000900167704,2023-01-22,1,0,0.99996126
55000900167704,2023-01-23,1,0,0.99996126
55000900167704,2023-01-24,1,0,0.99996126
55000900167704,2023-01-25,1,0,0.99996126
55000900167704,2023-01-26,1,0,0.99996126
55000900167704,2023-01-27,1,0,0.99996126
55000900167704,2023-01-28,1,0,0.99996126
55000900167704,2023-01-29,1,0,0.99996126
55000900167704,2023-01-30,1,0,0.99996126
55000900167704,2023-01-31,1,0,0.99996126
55000900167704,2023-02-01,1,0,0.99996126
55000900167704,2023-02-02,1,0,0.99996126
55000900167704,2023-02-03,1,0,0.99996126
55000900167704,2023-02-04,1,0,0.99996126
55000900167704,2023-02-05,1,0,0.99996126
55000900167704,2023-02-06,1,0,0.99996126
55000900167704,2023-02-07,1,0,0.99996126
55000900167704,2023-02-08,1,0,0.99996126
55000900167704,2023-02-09,1,0,0.99996126
55000900167704,2023-02-10,1,0,0.99996126
55000900167704,2023-02-11,1,0,0.99996126
55000900167704,2023-02-12,1,0,0.99996126
55000900167704,2023-02-13,1,0,0.99996126
55000900167704,2023-02-14,1,0,0.99996126
55000900167704,2023-02-15,1,0,0.99996126
55000900167704,2023-02-16,1,0,0.99996126
55000900167704,2023-02-17,1,0,0.99996126
55000900167704,2023-02-18,1,0,0.99996126
55000900167704,2023-02-19,1,0,0.99996126
55000900167704,2023-02-20,1,0,0.99996126
55000900167704,2023-02-21,1,0,0.99996126
55000900167704,2023-02-22,1,0,0.99996126
55000900167704,2023-02-23,1,0,0.99996126
55000900167704,2023-02-24,1,0,0.99996126
55000900167704,2023-02-25,1,0,0.99996126
55000900167704,2023-02-26,1,0,0.99996126
55000900167704,2023-02-27,1,0,0.99996126
55000900167704,2023-02-28,1,0,0.99996126
55000900167704,2023-03-01,1,0,0.99996126
55000900167704,2023-03-02,1,0,0.99996126
55000900167704,2023-03-03,1,0,0.99996126
55000900167704,2023-03-04,1,0,0.99996126
55000900167704,2023-03-05,1,0,0.99996126
55000900167704,2023-03-06,1,0,0.99996126
55000900167704,2023-03-07,1,0,0.99996126
55000900167704,2023-03-08,1,0,0.99996126
55000900167704,2023-03-09,1,0,0.99996126
55000900167704,2023-03-10,1,0,0.99996126
55000900167704,2023-03-11,1,0,0.99996126
55000900167704,2023-03-13,1,0,0.99996126
55000900167704,2023-03-14,1,0,0.99996126
55000900167704,2023-03-15,1,0,0.99996126
55000900167704,2023-03-16,1,0,0.99996126
55000900167704,2023-03-17,1,0,0.99996126
55000900167704,2023-03-18,1,0,0.99996126
55000900167704,2023-03-19,1,0,0.99996126
55000900167704,2023-03-20,1,0,0.99996126
55000900167704,2023-03-21,1,0,0.99996126
55000900167704,2023-03-22,1,0,0.99996126
55000900167704,2023-03-23,1,0,0.99996126
55000900167704,2023-03-24,1,0,0.99996126
55000900167704,2023-03-25,1,0,0.99996126
55000900167704,2023-03-26,1,0,0.99996126
55000900167704,2023-03-27,1,0,0.99996126
55000900167704,2023-03-28,1,0,0.99996126
55000900167704,2023-03-29,1,0,0.99996126
55000900167704,2023-03-30,1,0,0.99996126
55000900167704,2023-03-31,1,0,0.99996126
55000900167704,2023-04-01,1,0,0.99996126
55000900167704,2023-04-02,1,0,0.99996126
55000900167704,2023-04-03,1,0,0.99996126
55000900167704,2023-04-04,1,0,0.99996126
55000900167704,2023-04-05,1,0,0.99996126
55000900167704,2023-04-06,1,0,0.99996126
55000900167704,2023-04-07,1,0,0.99996126
55000900167704,2023-04-08,1,0,0.99996126
55000900167704,2023-04-09,1,0,0.99996126
55000900167704,2023-04-10,1,0,0.99996126
55000900167704,2023-04-11,1,0,0.99996126
55000900167704,2023-04-12,1,0,0.99996126
55000900167704,2023-04-13,1,0,0.99996126
55000900167704,2023-04-14,1,0,0.99996126
55000900167704,2023-04-15,1,0,0.99996126
55000900167704,2023-04-16,1,0,0.99996126
55000900167704,2023-04-17,1,0,0.99996126
55000900167704,2023-04-18,1,0,0.99996126
55000900167704,2023-04-19,1,0,0.99996126
55000900167704,2023-04-20,1,0,0.99996126
55000900200040,2020-09-11,1,0,0.99998987
55000900200040,2020-09-12,1,0,0.99999213
55000900200040,2020-09-13,1,0,0.99999213
55000900200040,2020-09-14,1,0,0.999992
55000900200040,2020-09-15,1,0,0.99998844
55000900200040,2020-09-16,1,0,0.999992
55000900200040,2020-09-17,1,0,0.99999213
55000900200040,2020-09-18,1,0,0.9999896
55000900200040,2020-09-19,1,0,0.9999918
55000900200040,2020-09-20,1,0,0.99999166
55000900200040,2020-09-21,1,0,0.9999914
55000900200040,2020-09-22,1,0,0.99999404
55000900200040,2020-09-23,1,0,0.99999213
55000900200040,2020-09-24,1,0,0.99999154
55000900200040,2020-09-25,1,0,0.99999154
55000900200040,2020-09-26,1,0,0.999995
55000900200040,2020-09-27,1,0,0.9999956
55000900200040,2020-09-28,1,0,0.99999547
55000900200040,2020-09-29,1,0,0.99999523
55000900200040,2020-09-30,1,0,0.99999535
55000900200040,2020-10-01,1,0,0.9999925
55000900200040,2020-10-02,1,0,0.99999166
55000900200040,2020-10-03,1,0,0.9999844
55000900200040,2020-10-04,1,0,0.9999869
55000900200040,2020-10-05,1,0,0.99998903
55000900200040,2020-10-06,1,0,0.99998796
55000900200040,2020-10-07,1,0,0.9999908
55000900200040,2020-10-08,1,0,0.99998975
55000900200040,2020-10-09,1,0,0.99998796
55000900200040,2020-10-10,1,0,0.9999851
55000900200040,2020-10-11,1,0,0.99998105
55000900200040,2020-10-12,1,0,0.99998784
55000900200040,2020-10-13,1,0,0.9999957
55000900200040,2020-10-14,1,0,0.99999595
55000900200040,2020-10-15,1,0,0.99999595
55000900200040,2020-10-16,1,0,0.99999607
55000900200040,2020-10-17,1,0,0.9999962
55000900200040,2020-10-18,1,0,0.9999962
55000900200040,2020-10-19,1,0,0.9999956
55000900200040,2020-10-20,1,0,0.99999607
55000900200040,2020-10-21,1,0,0.9999963
55000900200040,2020-10-22,1,0,0.9999962
55000900200040,2020-10-23,1,0,0.9999962
55000900200040,2020-10-24,1,0,0.9999958
55000900200040,2020-10-25,1,0,0.99999607
55000900200040,2020-10-26,1,0,0.9999958
55000900200040,2020-10-27,1,0,0.99999607
55000900200040,2020-10-28,1,0,0.99999607
55000900200040,2020-10-29,1,0,0.9999956
55000900200040,2020-10-30,1,0,0.9999956
55000900200040,2020-10-31,1,0,0.99999547
55000900200040,2020-11-01,1,0,0.99999464
55000900200040,2020-11-02,1,0,0.9999956
55000900200040,2020-11-03,1,0,0.99999607
55000900200040,2020-11-04,1,0,0.99999464
55000900200040,2020-11-05,1,0,0.99999475
55000900200040,2020-11-06,1,0,0.999995
55000900200040,2020-11-07,1,0,0.9999956
55000900200040,2020-11-08,1,0,0.99999595
55000900200040,2020-11-09,1,0,0.9999964
55000900200040,2020-11-10,1,0,0.99999607
55000900200040,2020-11-11,1,0,0.99999595
55000900200040,2020-11-12,1,0,0.99999535
55000900200040,2020-11-13,1,0,0.9999963
55000900200040,2020-11-14,1,0,0.9999963
55000900200040,2020-11-15,1,0,0.99999595
55000900200040,2020-11-16,1,0,0.9999962
55000900200040,2020-11-17,1,0,0.99999607
55000900200040,2020-11-18,1,0,0.9999963
55000900200040,2020-11-19,1,0,0.9999963
55000900200040,2020-11-20,1,0,0.99999607
55000900200040,2020-11-21,1,0,0.9999963
55000900200040,2020-11-22,1,0,0.9999963
55000900200040,2020-11-23,1,0,0.9999958
55000900200040,2020-11-24,1,0,0.99999595
55000900200040,2020-11-25,1,0,0.9999957
55000900200040,2020-11-26,1,0,0.99999607
55000900200040,2020-11-27,1,0,0.9999962
55000900200040,2020-11-28,1,0,0.9999963
55000900200040,2020-11-29,1,0,0.9999963
55000900200040,2020-11-30,1,0,0.99999547
55000900200040,2020-12-01,1,0,0.99999547
55000900200040,2020-12-02,1,0,0.9999958
55000900200040,2020-12-03,1,0,0.99999595
55000900200040,2020-12-04,1,0,0.99999607
55000900200040,2020-12-05,1,0,0.99999595
55000900200040,2020-12-06,1,0,0.99999535
55000900200040,2020-12-07,1,0,0.99999547
55000900200040,2020-12-08,1,0,0.9999957
55000900200040,2020-12-09,1,0,0.99999607
55000900200040,2020-12-10,1,0,0.9999957
55000900200040,2020-12-11,1,0,0.9999958
55000900200040,2020-12-12,1,0,0.9999957
55000900200040,2020-12-13,1,0,0.99999595
55000900200040,2020-12-14,1,0,0.9999963
55000900200040,2020-12-15,1,0,0.99999607
55000900200040,2020-12-16,1,0,0.9999962
55000900200040,2020-12-17,1,0,0.9999964
55000900200040,2020-12-18,1,0,0.9999962
55000900200040,2020-12-19,1,0,0.9999963
55000900200040,2020-12-20,1,0,0.9999963
55000900200040,2020-12-21,1,0,0.9999962
55000900200040,2020-12-22,1,0,0.9999963
55000900200040,2020-12-23,1,0,0.9999962
55000900200040,2020-12-24,1,0,0.9999963
55000900200040,2020-12-25,1,0,0.9999962
55000900200040,2020-12-26,1,0,0.9999956
55000900200040,2020-12-27,1,0,0.99999595
55000900200040,2020-12-28,1,0,0.99999607
55000900200040,2020-12-29,1,0,0.9999962
55000900200040,2020-12-30,1,0,0.99999607
55000900200040,2020-12-31,1,0,0.99999595
55000900200040,2021-01-01,1,0,0.99999523
55000900200040,2021-01-02,1,0,0.99999607
55000900200040,2021-01-03,1,0,0.9999963
55000900200040,2021-01-04,1,0,0.9999963
55000900200040,2021-01-05,1,0,0.9999963
55000900200040,2021-01-06,1,0,0.9999963
55000900200040,2021-01-07,1,0,0.9999963
55000900200040,2021-01-08,1,0,0.9999963
55000900200040,2021-01-09,1,0,0.9999964
55000900200040,2021-01-10,1,0,0.9999964
55000900200040,2021-01-11,1,0,0.9999964
55000900200040,2021-01-12,1,0,0.9999964
55000900200040,2021-01-13,1,0,0.9999964
55000900200040,2021-01-14,1,0,0.9999964
55000900200040,2021-01-15,1,0,0.9999964
55000900200040,2021-01-16,1,0,0.9999963
55000900200040,2021-01-17,1,0,0.9999963
55000900200040,2021-01-18,1,0,0.9999963
55000900200040,2021-01-19,1,0,0.9999963
55000900200040,2021-01-20,1,0,0.9999963
55000900200040,2021-01-21,1,0,0.9999963
55000900200040,2021-01-22,1,0,0.9999964
55000900200040,2021-01-23,1,0,0.9999963
55000900200040,2021-01-24,1,0,0.9999962
55000900200040,2021-01-25,1,0,0.9999962
55000900200040,2021-01-26,1,0,0.9999964
55000900200040,2021-01-27,1,0,0.9999963
55000900200040,2021-01-28,1,0,0.9999962
55000900200040,2021-01-29,1,0,0.9999962
55000900200040,2021-01-30,1,0,0.9999958
55000900200040,2021-01-31,1,0,0.99999607
55000900200040,2021-02-01,1,0,0.99999607
55000900200040,2021-02-02,1,0,0.99999607
55000900200040,2021-02-03,1,0,0.99999607
55000900200040,2021-02-04,1,0,0.99999607
55000900200040,2021-02-05,1,0,0.99999607
55000900200040,2021-02-06,1,0,0.99999607
55000900200040,2021-02-07,1,0,0.99999607
55000900200040,2021-02-08,1,0,0.99999607
55000900200040,2021-02-09,1,0,0.99999607
55000900200040,2021-02-10,1,0,0.99999607
55000900200040,2021-02-11,1,0,0.99999607
55000900200040,2021-02-12,1,0,0.99999607
55000900200040,2021-02-13,1,0,0.99999607
55000900200040,2021-02-14,1,0,0.99999607
55000900200040,2021-02-15,1,0,0.99999607
55000900200040,2021-02-16,1,0,0.99999607
55000900200040,2021-02-17,1,0,0.99999607
55000900200040,2021-02-18,1,0,0.99999607
55000900200040,2021-02-19,1,0,0.99999607
55000900200040,2021-02-20,1,0,0.99999607
55000900200040,2021-02-21,1,0,0.99999607
55000900200040,2021-02-22,1,0,0.99999607
55000900200040,2021-02-23,1,0,0.99999607
55000900200040,2021-02-24,1,0,0.99999607
55000900200040,2021-02-25,1,0,0.99999607
55000900200040,2021-02-26,1,0,0.99999607
55000900200040,2021-02-27,1,0,0.99999607
55000900200040,2021-02-28,1,0,0.99999607
55000900200040,2021-03-01,1,0,0.99999607
55000900200040,2021-03-02,1,0,0.99999607
55000900200040,2021-03-03,1,0,0.99999607
55000900200040,2021-03-04,1,0,0.99999607
55000900200040,2021-03-05,1,0,0.99999607
55000900200040,2021-03-06,1,0,0.99999607
55000900200040,2021-03-07,1,0,0.99999607
55000900200040,2021-03-08,1,0,0.99999607
55000900200040,2021-03-09,1,0,0.99999607
55000900200040,2021-03-10,1,0,0.99999607
55000900200040,2021-03-11,1,0,0.99999607
55000900200040,2021-03-12,1,0,0.99999607
55000900200040,2021-03-13,1,0,0.99999607
55000900200040,2021-03-15,1,0,0.99999607
55000900200040,2021-03-16,1,0,0.99999607
55000900200040,2021-03-17,1,0,0.99999607
55000900200040,2021-03-18,1,0,0.99999607
55000900200040,2021-03-19,1,0,0.99999607
55000900200040,2021-03-20,1,0,0.99999607
55000900200040,2021-03-21,1,0,0.99999607
55000900200040,2021-03-22,1,0,0.99999607
55000900200040,2021-03-23,1,0,0.99999607
55000900200040,2021-03-24,1,0,0.99999607
55000900200040,2021-03-25,1,0,0.99999607
55000900200040,2021-03-26,1,0,0.99999607
55000900200040,2021-03-27,1,0,0.99999607
55000900200040,2021-03-28,1,0,0.99999607
55000900200040,2021-03-29,1,0,0.99999607
55000900200040,2021-03-30,1,0,0.99999607
55000900200040,2021-03-31,1,0,0.99999607
55000900200040,2021-04-01,1,0,0.99999607
55000900200040,2021-04-02,1,0,0.99999607
55000900200040,2021-04-03,1,0,0.99999607
55000900200040,2021-04-04,1,0,0.99999607
55000900200040,2021-04-05,1,0,0.99999607
55000900200040,2021-04-06,1,0,0.99999607
55000900200040,2021-04-07,1,0,0.99999607
55000900200040,2021-04-08,1,0,0.99999607
55000900200040,2021-04-09,1,0,0.99999607
55000900200040,2021-04-10,1,0,0.99999607
55000900200040,2021-04-11,1,0,0.99999607
55000900200040,2021-04-12,1,0,0.99999607
55000900200040,2021-04-13,1,0,0.99999607
55000900200040,2021-04-14,1,0,0.99999607
55000900200040,2021-04-15,1,0,0.99999607
55000900200040,2021-04-16,1,0,0.99999607
55000900200040,2021-04-17,1,0,0.99999607
55000900200040,2021-04-18,1,0,0.99999607
55000900200040,2021-04-19,1,0,0.99999607
55000900200040,2021-04-20,1,0,0.99999607
55000900200040,2021-04-21,1,0,0.99999607
55000900200040,2021-04-22,1,0,0.99999607
55000900200040,2021-04-23,1,0,0.99999607
55000900200040,2021-04-24,1,0,0.99999607
55000900200040,2021-04-25,1,0,0.99999607
55000900200040,2021-04-26,1,0,0.99999607
55000900200040,2021-04-27,1,0,0.99999607
55000900200040,2021-04-28,1,0,0.99999607
55000900200040,2021-04-29,1,0,0.99999607
55000900200040,2021-04-30,1,0,0.99999607
55000900200040,2021-05-01,1,0,0.99999607
55000900200040,2021-05-02,1,0,0.99999607
55000900200040,2021-05-03,1,0,0.99999607
55000900200040,2021-05-04,1,0,0.99999607
55000900200040,2021-05-05,1,0,0.99999607
55000900200040,2021-05-06,1,0,0.99999607
55000900200040,2021-05-07,1,0,0.99999607
55000900200040,2021-05-08,1,0,0.99999607
55000900200040,2021-05-09,1,0,0.99999607
55000900200040,2021-05-10,1,0,0.99999607
55000900200040,2021-05-11,1,0,0.99999607
55000900200040,2021-05-12,1,0,0.99999607
55000900200040,2021-05-13,1,0,0.99999607
55000900200040,2021-05-14,1,0,0.99999607
55000900200040,2021-05-15,1,0,0.99999607
55000900200040,2021-05-16,1,0,0.99999607
55000900200040,2021-05-17,1,0,0.99999607
55000900200040,2021-05-18,1,0,0.99999607
55000900200040,2021-05-19,1,0,0.99999607
55000900200040,2021-05-20,1,0,0.99999607
55000900200040,2021-05-21,1,0,0.99999607
55000900200040,2021-05-22,1,0,0.99999607
55000900200040,2021-05-23,1,0,0.99999607
55000900200040,2021-05-24,1,0,0.99999607
55000900200040,2021-05-27,1,0,0.99999607
55000900200040,2021-05-28,1,0,0.99999607
55000900200040,2021-05-29,1,0,0.99999607
55000900200040,2021-05-30,1,0,0.99999607
55000900200040,2021-05-31,1,0,0.99999607
55000900200040,2021-06-01,1,0,0.99999607
55000900200040,2021-06-02,1,0,0.99999607
55000900200040,2021-06-03,1,0,0.99999607
55000900200040,2021-06-04,1,0,0.99999607
55000900200040,2021-06-05,1,0,0.99999607
55000900200040,2021-06-06,1,0,0.99999607
55000900200040,2021-06-07,1,0,0.99999607
55000900200040,2021-06-08,1,0,0.99999607
55000900200040,2021-06-09,1,0,0.99999607
55000900200040,2021-06-10,1,0,0.99999607
55000900200040,2021-06-11,1,0,0.99999607
55000900200040,2021-06-12,1,0,0.99999607
55000900200040,2021-06-13,1,0,0.99999607
55000900200040,2021-06-14,1,0,0.99999607
55000900200040,2021-06-15,1,0,0.99999607
55000900200040,2021-06-16,1,0,0.99999607
55000900200040,2021-06-17,1,0,0.99999607
55000900200040,2021-06-18,1,0,0.99999607
55000900200040,2021-06-19,1,0,0.99999607
55000900200040,2021-06-20,1,0,0.99999607
55000900200040,2021-06-21,1,0,0.99999607
55000900200040,2021-06-22,1,0,0.99999607
55000900200040,2021-06-23,1,0,0.99999607
55000900200040,2021-06-24,1,0,0.99999607
55000900200040,2021-06-25,1,0,0.99999607
55000900200040,2021-06-26,1,0,0.99999607
55000900200040,2021-06-27,1,0,0.99999607
55000900200040,2021-06-28,1,0,0.99999607
55000900200040,2021-06-29,1,0,0.99999607
55000900200040,2021-06-30,1,0,0.99999607
55000900200040,2021-07-01,1,0,0.99999607
55000900200040,2021-07-02,1,0,0.99999607
55000900200040,2021-07-03,1,0,0.99999607
55000900200040,2021-07-04,1,0,0.99999607
55000900200040,2021-07-05,1,0,0.99999607
55000900200040,2021-07-06,1,0,0.99999607
55000900200040,2021-07-07,1,0,0.99999607
55000900200040,2021-07-08,1,0,0.99999607
55000900200040,2021-07-09,1,0,0.99999607
55000900200040,2021-07-10,1,0,0.99999607
55000900200040,2021-07-11,1,0,0.99999607
55000900200040,2021-07-12,1,0,0.99999607
55000900200040,2021-07-13,1,0,0.99999607
55000900200040,2021-07-14,1,0,0.99999607
55000900200040,2021-07-15,1,0,0.99999607
55000900200040,2021-07-16,1,0,0.99999607
55000900200040,2021-07-17,1,0,0.99999607
55000900200040,2021-07-18,1,0,0.99999607
55000900200040,2021-07-19,1,0,0.99999607
55000900200040,2021-07-20,1,0,0.99999607
55000900200040,2021-07-21,1,0,0.99999607
55000900200040,2021-07-22,1,0,0.99999607
55000900200040,2021-07-23,1,0,0.99999607
55000900200040,2021-07-24,1,0,0.99999607
55000900200040,2021-07-25,1,0,0.99999607
55000900200040,2021-07-26,1,0,0.99999607
55000900200040,2021-07-27,1,0,0.99999607
55000900200040,2021-07-28,1,0,0.99999607
55000900200040,2021-07-29,1,0,0.99999607
55000900200040,2021-07-30,1,0,0.99999607
55000900200040,2021-07-31,1,0,0.99999607
55000900200040,2021-08-01,1,0,0.99999607
55000900200040,2021-08-02,1,0,0.99999607
55000900200040,2021-08-03,1,0,0.99999607
55000900200040,2021-08-04,1,0,0.99999607
55000900200040,2021-08-05,1,0,0.99999607
55000900200040,2021-08-06,1,0,0.99999607
55000900200040,2021-08-07,1,0,0.99999607
55000900200040,2021-08-08,1,0,0.99999607
55000900200040,2021-08-09,1,0,0.99999607
55000900200040,2021-08-10,1,0,0.99999607
55000900200040,2021-08-11,1,0,0.99999607
55000900200040,2021-08-12,1,0,0.99999607
55000900200040,2021-08-13,1,0,0.99999607
55000900200040,2021-08-14,1,0,0.99999607
55000900200040,2021-08-15,1,0,0.99999607
55000900200040,2021-08-16,1,0,0.99999607
55000900200040,2021-08-17,1,0,0.99999607
55000900200040,2021-08-18,1,0,0.99999607
55000900200040,2021-08-19,1,0,0.99999607
55000900200040,2021-08-20,1,0,0.99999607
55000900200040,2021-08-21,1,0,0.99999607
55000900200040,2021-08-22,1,0,0.99999607
55000900200040,2021-08-23,1,0,0.99999607
55000900200040,2021-08-24,1,0,0.99999607
55000900200040,2021-08-25,1,0,0.99999607
55000900200040,2021-08-26,1,0,0.99999607
55000900200040,2021-08-27,1,0,0.99999607
55000900200040,2021-08-28,1,0,0.99999607
55000900200040,2021-08-29,1,0,0.99999607
55000900200040,2021-08-30,1,0,0.99999607
55000900200040,2021-08-31,1,0,0.99999607
55000900200040,2021-09-01,1,0,0.99999607
55000900200040,2021-09-02,1,0,0.99999607
55000900200040,2021-09-03,1,0,0.99999607
55000900200040,2021-09-04,1,0,0.99999607
55000900200040,2021-09-05,1,0,0.99999607
55000900200040,2021-09-06,1,0,0.99999607
55000900200040,2021-09-07,1,0,0.99999607
55000900200040,2021-09-08,1,0,0.99999607
55000900200040,2021-09-09,1,0,0.99999607
55000900200040,2021-09-10,1,0,0.99999607
55000900200040,2021-09-11,1,0,0.99999607
55000900200040,2021-09-12,1,0,0.99999607
55000900200040,2021-09-13,1,0,0.99999607
55000900200040,2021-09-14,1,0,0.99999607
55000900200040,2021-09-15,1,0,0.99999607
55000900200040,2021-09-16,1,0,0.99999607
55000900200040,2021-09-17,1,0,0.99999607
55000900200040,2021-09-18,1,0,0.99999607
55000900200040,2021-09-19,1,0,0.99999607
55000900200040,2021-09-20,1,0,0.99999607
55000900200040,2021-09-21,1,0,0.99999607
55000900200040,2021-09-22,1,0,0.99999607
55000900200040,2021-09-23,1,0,0.99999607
55000900200040,2021-09-24,1,0,0.99999607
55000900200040,2021-09-25,1,0,0.99999607
55000900200040,2021-09-26,1,0,0.99999607
55000900200040,2021-09-27,1,0,0.99999607
55000900200040,2021-09-28,1,0,0.99999607
55000900200040,2021-09-29,1,0,0.99999607
55000900200040,2021-09-30,1,0,0.99999607
55000900200040,2021-10-01,1,0,0.99999607
55000900200040,2021-10-02,1,0,0.99999607
55000900200040,2021-10-03,1,0,0.99999607
55000900200040,2021-10-04,1,0,0.99999607
55000900200040,2021-10-05,1,0,0.99999607
55000900200040,2021-10-06,1,0,0.99999607
55000900200040,2021-10-07,1,0,0.99999607
55000900200040,2021-10-08,1,0,0.99999607
55000900200040,2021-10-09,1,0,0.99999607
55000900200040,2021-10-10,1,0,0.99999607
55000900200040,2021-10-11,1,0,0.99999607
55000900200040,2021-10-12,1,0,0.99999607
55000900200040,2021-10-13,1,0,0.99999607
55000900200040,2021-10-14,1,0,0.99999607
55000900200040,2021-10-15,1,0,0.99999607
55000900200040,2021-10-16,1,0,0.99999607
55000900200040,2021-10-17,1,0,0.99999607
55000900200040,2021-10-18,1,0,0.99999607
55000900200040,2021-10-19,1,0,0.99999607
55000900200040,2021-10-20,1,0,0.99999607
55000900200040,2021-10-21,1,0,0.99999607
55000900200040,2021-10-22,1,0,0.99999607
55000900200040,2021-10-23,1,0,0.99999607
55000900200040,2021-10-24,1,0,0.99999607
55000900200040,2021-10-25,1,0,0.99999607
55000900200040,2021-10-26,1,0,0.99999607
55000900200040,2021-10-27,1,0,0.99999607
55000900200040,2021-10-28,1,0,0.99999607
55000900200040,2021-10-29,1,0,0.99999607
55000900200040,2021-10-30,1,0,0.99999607
55000900200040,2021-10-31,1,0,0.99999607
55000900200040,2021-11-01,1,0,0.99999607
55000900200040,2021-11-02,1,0,0.99999607
55000900200040,2021-11-03,1,0,0.99999607
55000900200040,2021-11-04,1,0,0.99999607
55000900200040,2021-11-05,1,0,0.99999607
55000900200040,2021-11-06,1,0,0.99999607
55000900200040,2021-11-07,1,0,0.99999607
55000900200040,2021-11-08,1,0,0.99999607
55000900200040,2021-11-09,1,0,0.99999607
55000900200040,2021-11-10,1,0,0.99999607
55000900200040,2021-11-11,1,0,0.99999607
55000900200040,2021-11-12,1,0,0.99999607
55000900200040,2021-11-13,1,0,0.99999607
55000900200040,2021-11-14,1,0,0.99999607
55000900200040,2021-11-15,1,0,0.99999607
55000900200040,2021-11-16,1,0,0.99999607
55000900200040,2021-11-17,1,0,0.99999607
55000900200040,2021-11-18,1,0,0.99999607
55000900200040,2021-11-19,1,0,0.99999607
55000900200040,2021-11-20,1,0,0.99999607
55000900200040,2021-11-21,1,0,0.99999607
55000900200040,2021-11-22,1,0,0.99999607
55000900200040,2021-11-23,1,0,0.99999607
55000900200040,2021-11-24,1,0,0.99999607
55000900200040,2021-11-25,1,0,0.99999607
55000900200040,2021-11-26,1,0,0.99999607
55000900200040,2021-11-27,1,0,0.99999607
55000900200040,2021-11-28,1,0,0.99999607
55000900200040,2021-11-29,1,0,0.99999607
55000900200040,2021-11-30,1,0,0.99999607
55000900200040,2021-12-01,1,0,0.99999607
55000900200040,2021-12-02,1,0,0.99999607
55000900200040,2021-12-03,1,0,0.99999607
55000900200040,2021-12-04,1,0,0.99999607
55000900200040,2021-12-05,1,0,0.99999607
55000900200040,2021-12-06,1,0,0.99999607
55000900200040,2021-12-07,1,0,0.99999607
55000900200040,2021-12-08,1,0,0.99999607
55000900200040,2021-12-09,1,0,0.99999607
55000900200040,2021-12-10,1,0,0.99999607
55000900200040,2021-12-11,1,0,0.99999607
55000900200040,2021-12-12,1,0,0.99999607
55000900200040,2021-12-13,1,0,0.99999607
55000900200040,2021-12-14,1,0,0.99999607
55000900200040,2021-12-15,1,0,0.99999607
55000900200040,2021-12-16,1,0,0.99999607
55000900200040,2021-12-17,1,0,0.99999607
55000900200040,2021-12-18,1,0,0.99999607
55000900200040,2021-12-19,1,0,0.99999607
55000900200040,2021-12-20,1,0,0.99999607
55000900200040,2021-12-21,1,0,0.99999607
55000900200040,2021-12-22,1,0,0.99999607
55000900200040,2021-12-23,1,0,0.99999607
55000900200040,2021-12-24,1,0,0.99999607
55000900200040,2021-12-25,1,0,0.99999607
55000900200040,2021-12-26,1,0,0.99999607
55000900200040,2021-12-27,1,0,0.99999607
55000900200040,2021-12-28,1,0,0.99999607
55000900200040,2021-12-29,1,0,0.99999607
55000900200040,2021-12-30,1,0,0.99999607
55000900200040,2021-12-31,1,0,0.99999607
55000900200040,2022-01-01,1,0,0.99999607
55000900200040,2022-01-02,1,0,0.99999607
55000900200040,2022-01-03,1,0,0.99999607
55000900200040,2022-01-04,1,0,0.99999607
55000900200040,2022-01-05,1,0,0.99999607
55000900200040,2022-01-06,1,0,0.99999607
55000900200040,2022-01-07,1,0,0.99999607
55000900200040,2022-01-08,1,0,0.99999607
55000900200040,2022-01-09,1,0,0.99999607
55000900200040,2022-01-10,1,0,0.99999607
55000900200040,2022-01-11,1,0,0.99999607
55000900200040,2022-01-12,1,0,0.99999607
55000900200040,2022-01-13,1,0,0.99999607
55000900200040,2022-01-14,1,0,0.99999607
55000900200040,2022-01-15,1,0,0.99999607
55000900200040,2022-01-16,1,0,0.99999607
55000900200040,2022-01-17,1,0,0.99999607
55000900200040,2022-01-18,1,0,0.99999607
55000900200040,2022-01-19,1,0,0.99999607
55000900200040,2022-01-20,1,0,0.99999607
55000900200040,2022-01-21,1,0,0.99999607
55000900200040,2022-01-22,1,0,0.99999607
55000900200040,2022-01-23,1,0,0.99999607
55000900200040,2022-01-24,1,0,0.99999607
55000900200040,2022-01-25,1,0,0.99999607
55000900200040,2022-01-26,1,0,0.99999607
55000900200040,2022-01-27,1,0,0.99999607
55000900200040,2022-01-28,1,0,0.99999607
55000900200040,2022-01-29,1,0,0.99999607
55000900200040,2022-01-30,1,0,0.99999607
55000900200040,2022-01-31,1,0,0.99999607
55000900200040,2022-02-01,1,0,0.99999607
55000900200040,2022-02-02,1,0,0.99999607
55000900200040,2022-02-03,1,0,0.99999607
55000900200040,2022-02-04,1,0,0.99999607
55000900200040,2022-02-05,1,0,0.99999607
55000900200040,2022-02-06,1,0,0.99999607
55000900200040,2022-02-07,1,0,0.99999607
55000900200040,2022-02-08,1,0,0.99999607
55000900200040,2022-02-09,1,0,0.99999607
55000900200040,2022-02-10,1,0,0.99999607
55000900200040,2022-02-11,1,0,0.99999607
55000900200040,2022-02-12,1,0,0.99999607
55000900200040,2022-02-13,1,0,0.99999607
55000900200040,2022-02-14,1,0,0.99999607
55000900200040,2022-02-15,1,0,0.99999607
55000900200040,2022-02-16,1,0,0.99999607
55000900200040,2022-02-17,1,0,0.99999607
55000900200040,2022-02-18,1,0,0.99999607
55000900200040,2022-02-19,1,0,0.99999607
55000900200040,2022-02-20,1,0,0.99999607
55000900200040,2022-02-21,1,0,0.99999607
55000900200040,2022-02-22,1,0,0.99999607
55000900200040,2022-02-23,1,0,0.99999607
55000900200040,2022-02-24,1,0,0.99999607
55000900200040,2022-02-25,1,0,0.99999607
55000900200040,2022-02-26,1,0,0.99999607
55000900200040,2022-02-27,1,0,0.99999607
55000900200040,2022-02-28,1,0,0.99999607
55000900200040,2022-03-01,1,0,0.99999607
55000900200040,2022-03-02,1,0,0.99999607
55000900200040,2022-03-03,1,0,0.99999607
55000900200040,2022-03-04,1,0,0.99999607
55000900200040,2022-03-05,1,0,0.99999607
55000900200040,2022-03-06,1,0,0.99999607
55000900200040,2022-03-07,1,0,0.99999607
55000900200040,2022-03-08,1,0,0.99999607
55000900200040,2022-03-09,1,0,0.99999607
55000900200040,2022-03-10,1,0,0.99999607
55000900200040,2022-03-11,1,0,0.99999607
55000900200040,2022-03-12,1,0,0.99999607
55000900200040,2022-03-14,1,0,0.99999607
55000900200040,2022-03-15,1,0,0.99999607
55000900200040,2022-03-16,1,0,0.99999607
55000900200040,2022-03-17,1,0,0.99999607
55000900200040,2022-03-18,1,0,0.99999607
55000900200040,2022-03-19,1,0,0.99999607
55000900200040,2022-03-20,1,0,0.99999607
55000900200040,2022-03-21,1,0,0.99999607
55000900200040,2022-03-22,1,0,0.99999607
55000900200040,2022-03-23,1,0,0.99999607
55000900200040,2022-03-24,1,0,0.99999607
55000900200040,2022-03-25,1,0,0.99999607
55000900200040,2022-03-26,1,0,0.99999607
55000900200040,2022-03-27,1,0,0.99999607
55000900200040,2022-03-28,1,0,0.99999607
55000900200040,2022-03-29,1,0,0.99999607
55000900200040,2022-03-30,1,0,0.99999607
55000900200040,2022-03-31,1,0,0.99999607
55000900200040,2022-04-01,1,0,0.99999607
55000900200040,2022-04-02,1,0,0.99999607
55000900200040,2022-04-03,1,0,0.99999607
55000900200040,2022-04-04,1,0,0.99999607
55000900200040,2022-04-05,1,0,0.99999607
55000900200040,2022-04-06,1,0,0.99999607
55000900200040,2022-04-07,1,0,0.99999607
55000900200040,2022-04-08,1,0,0.99999607
55000900200040,2022-04-09,1,0,0.99999607
55000900200040,2022-04-10,1,0,0.99999607
55000900200040,2022-04-11,1,0,0.99999607
55000900200040,2022-04-12,1,0,0.99999607
55000900200040,2022-04-13,1,0,0.99999607
55000900200040,2022-04-14,1,0,0.99999607
55000900200040,2022-04-15,1,0,0.99999607
55000900200040,2022-04-16,1,0,0.99999607
55000900200040,2022-04-17,1,0,0.99999607
55000900200040,2022-04-18,1,0,0.99999607
55000900200040,2022-04-19,1,0,0.99999607
55000900200040,2022-04-20,1,0,0.99999607
55000900200040,2022-04-21,1,0,0.99999607
55000900200040,2022-04-22,1,0,0.99999607
55000900200040,2022-04-23,1,0,0.99999607
55000900200040,2022-04-24,1,0,0.99999607
55000900200040,2022-04-25,1,0,0.99999607
55000900200040,2022-04-26,1,0,0.99999607
55000900200040,2022-04-27,1,0,0.99999607
55000900200040,2022-04-28,1,0,0.99999607
55000900200040,2022-04-29,1,0,0.99999607
55000900200040,2022-04-30,1,0,0.99999607
55000900200040,2022-05-01,1,0,0.99999607
55000900200040,2022-05-02,1,0,0.99999607
55000900200040,2022-05-03,1,0,0.99999607
55000900200040,2022-05-04,1,0,0.99999607
55000900200040,2022-05-05,1,0,0.99999607
55000900200040,2022-05-06,1,0,0.99999607
55000900200040,2022-05-07,1,0,0.99999607
55000900200040,2022-05-08,1,0,0.99999607
55000900200040,2022-05-09,1,0,0.99999607
55000900200040,2022-05-10,1,0,0.99999607
55000900200040,2022-05-11,1,0,0.99999607
55000900200040,2022-05-12,1,0,0.99999607
55000900200040,2022-05-13,1,0,0.99999607
55000900200040,2022-05-14,1,0,0.99999607
55000900200040,2022-05-15,1,0,0.99999607
55000900200040,2022-05-16,1,0,0.99999607
55000900200040,2022-05-17,1,0,0.99999607
55000900200040,2022-05-18,1,0,0.99999607
55000900200040,2022-05-19,1,0,0.99999607
55000900200040,2022-05-20,1,0,0.99999607
55000900200040,2022-05-21,1,0,0.99999607
55000900200040,2022-05-22,1,0,0.99999607
55000900200040,2022-05-23,1,0,0.99999607
55000900200040,2022-05-24,1,0,0.99999607
55000900200040,2022-05-25,1,0,0.99999607
55000900200040,2022-05-26,1,0,0.99999607
55000900200040,2022-05-27,1,0,0.99999607
55000900200040,2022-05-28,1,0,0.99999607
55000900200040,2022-05-29,1,0,0.99999607
55000900200040,2022-05-30,1,0,0.99999607
55000900200040,2022-05-31,1,0,0.99999607
55000900200040,2022-06-01,1,0,0.99999607
55000900200040,2022-06-02,1,0,0.99999607
55000900200040,2022-06-03,1,0,0.99999607
55000900200040,2022-06-04,1,0,0.99999607
55000900200040,2022-06-05,1,0,0.99999607
55000900200040,2022-06-06,1,0,0.99999607
55000900200040,2022-06-07,1,0,0.99999607
55000900200040,2022-06-08,1,0,0.99999607
55000900200040,2022-06-09,1,0,0.99999607
55000900200040,2022-06-10,1,0,0.99999607
55000900200040,2022-06-11,1,0,0.99999607
55000900200040,2022-06-12,1,0,0.99999607
55000900200040,2022-06-13,1,0,0.99999607
55000900200040,2022-06-14,1,0,0.99999607
55000900200040,2022-06-15,1,0,0.99999607
55000900200040,2022-06-16,1,0,0.99999607
55000900200040,2022-06-17,1,0,0.99999607
55000900200040,2022-06-18,1,0,0.99999607
55000900200040,2022-06-19,1,0,0.99999607
55000900200040,2022-06-20,1,0,0.99999607
55000900200040,2022-06-21,1,0,0.99999607
55000900200040,2022-06-22,1,0,0.99999607
55000900200040,2022-06-23,1,0,0.99999607
55000900200040,2022-06-24,1,0,0.99999607
55000900200040,2022-06-25,1,0,0.99999607
55000900200040,2022-06-26,1,0,0.99999607
55000900200040,2022-06-27,1,0,0.99999607
55000900200040,2022-06-28,1,0,0.99999607
55000900200040,2022-06-29,1,0,0.99999607
55000900200040,2022-06-30,1,0,0.99999607
55000900200040,2022-07-01,1,0,0.99999607
55000900200040,2022-07-02,1,0,0.99999607
55000900200040,2022-07-03,1,0,0.99999607
55000900200040,2022-07-04,1,0,0.99999607
55000900200040,2022-07-05,1,0,0.99999607
55000900200040,2022-07-06,1,0,0.99999607
55000900200040,2022-07-07,1,0,0.99999607
55000900200040,2022-07-08,1,0,0.99999607
55000900200040,2022-07-09,1,0,0.99999607
55000900200040,2022-07-10,1,0,0.99999607
55000900200040,2022-07-11,1,0,0.99999607
55000900200040,2022-07-12,1,0,0.99999607
55000900200040,2022-07-13,1,0,0.99999607
55000900200040,2022-07-14,1,0,0.99999607
55000900200040,2022-07-15,1,0,0.99999607
55000900200040,2022-07-16,1,0,0.99999607
55000900200040,2022-07-17,1,0,0.99999607
55000900200040,2022-07-18,1,0,0.99999607
55000900200040,2022-07-19,1,0,0.99999607
55000900200040,2022-07-20,1,0,0.99999607
55000900200040,2022-07-21,1,0,0.99999607
55000900200040,2022-07-22,1,0,0.99999607
55000900200040,2022-07-23,1,0,0.99999607
55000900200040,2022-07-24,1,0,0.99999607
55000900200040,2022-07-25,1,0,0.99999607
55000900200040,2022-07-26,1,0,0.99999607
55000900200040,2022-07-27,1,0,0.99999607
55000900200040,2022-07-28,1,0,0.99999607
55000900200040,2022-07-29,1,0,0.99999607
55000900200040,2022-07-30,1,0,0.99999607
55000900200040,2022-07-31,1,0,0.99999607
55000900200040,2022-08-01,1,0,0.99999607
55000900200040,2022-08-02,1,0,0.99999607
55000900200040,2022-08-03,1,0,0.99999607
55000900200040,2022-08-04,1,0,0.99999607
55000900200040,2022-08-05,1,0,0.99999607
55000900200040,2022-08-06,1,0,0.99999607
55000900200040,2022-08-07,1,0,0.99999607
55000900200040,2022-08-08,1,0,0.99999607
55000900200040,2022-08-09,1,0,0.99999607
55000900200040,2022-08-10,1,0,0.99999607
55000900200040,2022-08-11,1,0,0.99999607
55000900200040,2022-08-12,1,0,0.99999607
55000900200040,2022-08-13,1,0,0.99999607
55000900200040,2022-08-14,1,0,0.99999607
55000900200040,2022-08-15,1,0,0.99999607
55000900200040,2022-08-16,1,0,0.99999607
55000900200040,2022-08-17,1,0,0.99999607
55000900200040,2022-08-18,1,0,0.99999607
55000900200040,2022-08-19,1,0,0.99999607
55000900200040,2022-08-20,1,0,0.99999607
55000900200040,2022-08-21,1,0,0.99999607
55000900200040,2022-08-22,1,0,0.99999607
55000900200040,2022-08-23,1,0,0.99999607
55000900200040,2022-08-24,1,0,0.99999607
55000900200040,2022-08-25,1,0,0.99999607
55000900200040,2022-08-26,1,0,0.99999607
55000900200040,2022-08-27,1,0,0.99999607
55000900200040,2022-08-28,1,0,0.99999607
55000900200040,2022-08-29,1,0,0.99999607
55000900200040,2022-08-30,1,0,0.99999607
55000900200040,2022-08-31,1,0,0.99999607
55000900200040,2022-09-01,1,0,0.99999607
55000900200040,2022-09-02,1,0,0.99999607
55000900200040,2022-09-03,1,0,0.99999607
55000900200040,2022-09-04,1,0,0.99999607
55000900200040,2022-09-05,1,0,0.99999607
55000900200040,2022-09-06,1,0,0.99999607
55000900200040,2022-09-07,1,0,0.99999607
55000900200040,2022-09-08,1,0,0.99999607
55000900200040,2022-09-09,1,0,0.99999607
55000900200040,2022-09-10,1,0,0.99999607
55000900200040,2022-09-11,1,0,0.99999607
55000900200040,2022-09-12,1,0,0.99999607
55000900200040,2022-09-13,1,0,0.99999607
55000900200040,2022-09-14,1,0,0.99999607
55000900200040,2022-09-15,1,0,0.99999607
55000900200040,2022-09-16,1,0,0.99999607
55000900200040,2022-09-17,1,0,0.99999607
55000900200040,2022-09-18,1,0,0.99999607
55000900200040,2022-09-19,1,0,0.99999607
55000900200040,2022-09-20,1,0,0.99999607
55000900200040,2022-09-21,1,0,0.99999607
55000900200040,2022-09-22,1,0,0.99999607
55000900200040,2022-09-23,1,0,0.99999607
55000900200040,2022-09-24,1,0,0.99999607
55000900200040,2022-09-25,1,0,0.99999607
55000900200040,2022-09-26,1,0,0.99999607
55000900200040,2022-09-27,1,0,0.99999607
55000900200040,2022-09-28,1,0,0.99999607
55000900200040,2022-09-29,1,0,0.99999607
55000900200040,2022-09-30,1,0,0.99999607
55000900200040,2022-10-01,1,0,0.99999607
55000900200040,2022-10-02,1,0,0.99999607
55000900200040,2022-10-03,1,0,0.99999607
55000900200040,2022-10-04,1,0,0.99999607
55000900200040,2022-10-05,1,0,0.99999607
55000900200040,2022-10-06,1,0,0.99999607
55000900200040,2022-10-07,1,0,0.99999607
55000900200040,2022-10-08,1,0,0.99999607
55000900200040,2022-10-09,1,0,0.99999607
55000900200040,2022-10-10,1,0,0.99999607
55000900200040,2022-10-11,1,0,0.99999607
55000900200040,2022-10-12,1,0,0.99999607
55000900200040,2022-10-13,1,0,0.99999607
55000900200040,2022-10-14,1,0,0.99999607
55000900200040,2022-10-15,1,0,0.99999607
55000900200040,2022-10-16,1,0,0.99999607
55000900200040,2022-10-17,1,0,0.99999607
55000900200040,2022-10-18,1,0,0.99999607
55000900200040,2022-10-19,1,0,0.99999607
55000900200040,2022-10-20,1,0,0.99999607
55000900200040,2022-10-21,1,0,0.99999607
55000900200040,2022-10-22,1,0,0.99999607
55000900200040,2022-10-23,1,0,0.99999607
55000900200040,2022-10-24,1,0,0.99999607
55000900200040,2022-10-25,1,0,0.99999607
55000900200040,2022-10-26,1,0,0.99999607
55000900200040,2022-10-27,1,0,0.99999607
55000900200040,2022-10-28,1,0,0.99999607
55000900200040,2022-10-29,1,0,0.99999607
55000900200040,2022-10-30,1,0,0.99999607
55000900200040,2022-10-31,1,0,0.99999607
55000900200040,2022-11-01,1,0,0.99999607
55000900200040,2022-11-02,1,0,0.99999607
55000900200040,2022-11-03,1,0,0.99999607
55000900200040,2022-11-04,1,0,0.99999607
55000900200040,2022-11-05,1,0,0.99999607
55000900200040,2022-11-06,1,0,0.99999607
55000900200040,2022-11-07,1,0,0.99999607
55000900200040,2022-11-08,1,0,0.99999607
55000900200040,2022-11-09,1,0,0.99999607
55000900200040,2022-11-10,1,0,0.99999607
55000900200040,2022-11-11,1,0,0.99999607
55000900200040,2022-11-12,1,0,0.99999607
55000900200040,2022-11-13,1,0,0.99999607
55000900200040,2022-11-14,1,0,0.99999607
55000900200040,2022-11-15,1,0,0.99999607
55000900200040,2022-11-16,1,0,0.99999607
55000900200040,2022-11-17,1,0,0.99999607
55000900200040,2022-11-18,1,0,0.99999607
55000900200040,2022-11-19,1,0,0.99999607
55000900200040,2022-11-20,1,0,0.99999607
55000900200040,2022-11-21,1,0,0.99999607
55000900200040,2022-11-22,1,0,0.99999607
55000900200040,2022-11-23,1,0,0.99999607
55000900200040,2022-11-24,1,0,0.99999607
55000900200040,2022-11-25,1,0,0.99999607
55000900200040,2022-11-26,1,0,0.99999607
55000900200040,2022-11-27,1,0,0.99999607
55000900200040,2022-11-28,1,0,0.99999607
55000900200040,2022-11-29,1,0,0.99999607
55000900200040,2022-11-30,1,0,0.99999607
55000900200040,2022-12-01,1,0,0.99999607
55000900200040,2022-12-02,1,0,0.99999607
55000900200040,2022-12-03,1,0,0.99999607
55000900200040,2022-12-04,1,0,0.99999607
55000900200040,2022-12-05,1,0,0.99999607
55000900200040,2022-12-06,1,0,0.99999607
55000900200040,2022-12-07,1,0,0.99999607
55000900200040,2022-12-08,1,0,0.99999607
55000900200040,2022-12-09,1,0,0.99999607
55000900200040,2022-12-10,1,0,0.99999607
55000900200040,2022-12-11,1,0,0.99999607
55000900200040,2022-12-12,1,0,0.99999607
55000900200040,2022-12-13,1,0,0.99999607
55000900200040,2022-12-14,1,0,0.99999607
55000900200040,2022-12-15,1,0,0.99999607
55000900200040,2022-12-16,1,0,0.99999607
55000900200040,2022-12-17,1,0,0.99999607
55000900200040,2022-12-18,1,0,0.99999607
55000900200040,2022-12-19,1,0,0.99999607
55000900200040,2022-12-20,1,0,0.99999607
55000900200040,2022-12-21,1,0,0.99999607
55000900200040,2022-12-22,1,0,0.99999607
55000900200040,2022-12-23,1,0,0.99999607
55000900200040,2022-12-24,1,0,0.99999607
55000900200040,2022-12-25,1,0,0.99999607
55000900200040,2022-12-26,1,0,0.99999607
55000900200040,2022-12-27,1,0,0.99999607
55000900200040,2022-12-28,1,0,0.99999607
55000900200040,2022-12-29,1,0,0.99999607
55000900200040,2022-12-30,1,0,0.99999607
55000900200040,2022-12-31,1,0,0.99999607
55000900200040,2023-01-01,1,0,0.99999607
55000900200040,2023-01-02,1,0,0.99999607
55000900200040,2023-01-03,1,0,0.99999607
55000900200040,2023-01-04,1,0,0.99999607
55000900200040,2023-01-05,1,0,0.99999607
55000900200040,2023-01-06,1,0,0.99999607
55000900200040,2023-01-07,1,0,0.99999607
55000900200040,2023-01-08,1,0,0.99999607
55000900200040,2023-01-09,1,0,0.99999607
55000900200040,2023-01-10,1,0,0.99999607
55000900200040,2023-01-11,1,0,0.99999607
55000900200040,2023-01-12,1,0,0.99999607
55000900200040,2023-01-13,1,0,0.99999607
55000900200040,2023-01-14,1,0,0.99999607
55000900200040,2023-01-15,1,0,0.99999607
55000900200040,2023-01-16,1,0,0.99999607
55000900200040,2023-01-17,1,0,0.99999607
55000900200040,2023-01-18,1,0,0.99999607
55000900200040,2023-01-19,1,0,0.99999607
55000900200040,2023-01-20,1,0,0.99999607
55000900200040,2023-01-21,1,0,0.99999607
55000900200040,2023-01-22,1,0,0.99999607
55000900200040,2023-01-23,1,0,0.99999607
55000900200040,2023-01-24,1,0,0.99999607
55000900200040,2023-01-25,1,0,0.99999607
55000900200040,2023-01-26,1,0,0.99999607
55000900200040,2023-01-27,1,0,0.99999607
55000900200040,2023-01-28,1,0,0.99999607
55000900200040,2023-01-29,1,0,0.99999607
55000900200040,2023-01-30,1,0,0.99999607
55000900200040,2023-01-31,1,0,0.99999607
55000900200040,2023-02-01,1,0,0.99999607
55000900200040,2023-02-02,1,0,0.99999607
55000900200040,2023-02-03,1,0,0.99999607
55000900200040,2023-02-04,1,0,0.99999607
55000900200040,2023-02-05,1,0,0.99999607
55000900200040,2023-02-06,1,0,0.99999607
55000900200040,2023-02-07,1,0,0.99999607
55000900200040,2023-02-08,1,0,0.99999607
55000900200040,2023-02-09,1,0,0.99999607
55000900200040,2023-02-10,1,0,0.99999607
55000900200040,2023-02-11,1,0,0.99999607
55000900200040,2023-02-12,1,0,0.99999607
55000900200040,2023-02-13,1,0,0.99999607
55000900200040,2023-02-14,1,0,0.99999607
55000900200040,2023-02-15,1,0,0.99999607
55000900200040,2023-02-16,1,0,0.99999607
55000900200040,2023-02-17,1,0,0.99999607
55000900200040,2023-02-18,1,0,0.99999607
55000900200040,2023-02-19,1,0,0.99999607
55000900200040,2023-02-20,1,0,0.99999607
55000900200040,2023-02-21,1,0,0.99999607
55000900200040,2023-02-22,1,0,0.99999607
55000900200040,2023-02-23,1,0,0.99999607
55000900200040,2023-02-24,1,0,0.99999607
55000900200040,2023-02-25,1,0,0.99999607
55000900200040,2023-02-26,1,0,0.99999607
55000900200040,2023-02-27,1,0,0.99999607
55000900200040,2023-02-28,1,0,0.99999607
55000900200040,2023-03-01,1,0,0.99999607
55000900200040,2023-03-02,1,0,0.99999607
55000900200040,2023-03-03,1,0,0.99999607
55000900200040,2023-03-04,1,0,0.99999607
55000900200040,2023-03-05,1,0,0.99999607
55000900200040,2023-03-06,1,0,0.99999607
55000900200040,2023-03-07,1,0,0.99999607
55000900200040,2023-03-08,1,0,0.99999607
55000900200040,2023-03-09,1,0,0.99999607
55000900200040,2023-03-10,1,0,0.99999607
55000900200040,2023-03-11,1,0,0.99999607
55000900200040,2023-03-13,1,0,0.99999607
55000900200040,2023-03-14,1,0,0.99999607
55000900200040,2023-03-15,1,0,0.99999607
55000900200040,2023-03-16,1,0,0.99999607
55000900200040,2023-03-17,1,0,0.99999607
55000900200040,2023-03-18,1,0,0.99999607
55000900200040,2023-03-19,1,0,0.99999607
55000900200040,2023-03-20,1,0,0.99999607
55000900200040,2023-03-21,1,0,0.99999607
55000900200040,2023-03-22,1,0,0.99999607
55000900200040,2023-03-23,1,0,0.99999607
55000900200040,2023-03-24,1,0,0.99999607
55000900200040,2023-03-25,1,0,0.99999607
55000900200040,2023-03-26,1,0,0.99999607
55000900200040,2023-03-27,1,0,0.99999607
55000900200040,2023-03-28,1,0,0.99999607
55000900200040,2023-03-29,1,0,0.99999607
55000900200040,2023-03-30,1,0,0.99999607
55000900200040,2023-03-31,1,0,0.99999607
55000900200040,2023-04-01,1,0,0.99999607
55000900200040,2023-04-02,1,0,0.99999607
55000900200040,2023-04-03,1,0,0.99999607
55000900200040,2023-04-04,1,0,0.99999607
55000900200040,2023-04-05,1,0,0.99999607
55000900200040,2023-04-06,1,0,0.99999607
55000900200040,2023-04-07,1,0,0.99999607
55000900200040,2023-04-08,1,0,0.99999607
55000900200040,2023-04-09,1,0,0.99999607
55000900200040,2023-04-10,1,0,0.99999607
55000900200040,2023-04-11,1,0,0.99999607
55000900200040,2023-04-12,1,0,0.99999607
55000900200040,2023-04-13,1,0,0.99999607
55000900200040,2023-04-14,1,0,0.99999607
55000900200040,2023-04-15,1,0,0.99999607
55000900200040,2023-04-16,1,0,0.99999607
55000900200040,2023-04-17,1,0,0.99999607
55000900200040,2023-04-18,1,0,0.99999607
55000900200040,2023-04-19,1,0,0.99999607
55000900200040,2023-04-20,1,0,0.99999607
55000900201800,2020-09-11,1,9,0.9969171
55000900201800,2020-09-12,1,9,0.9961669
55000900201800,2020-09-13,1,9,0.99590164
55000900201800,2020-09-14,1,9,0.9959864
55000900201800,2020-09-15,1,9,0.99553466
55000900201800,2020-09-16,1,9,0.99546176
55000900201800,2020-09-17,1,9,0.9958034
55000900201800,2020-09-18,1,9,0.99604094
55000900201800,2020-09-19,1,9,0.9963983
55000900201800,2020-09-20,1,9,0.99686533
55000900201800,2020-09-21,1,9,0.99628156
55000900201800,2020-09-22,1,9,0.9959092
55000900201800,2020-09-23,1,9,0.9964224
55000900201800,2020-09-24,1,9,0.99618983
55000900201800,2020-09-25,1,9,0.9966299
55000900201800,2020-09-26,1,9,0.9982147
55000900201800,2020-09-27,1,9,0.9970853
55000900201800,2020-09-28,1,9,0.9998229
55000900201800,2020-09-29,1,9,0.99982506
55000900201800,2020-09-30,1,9,0.9995578
55000900201800,2020-10-01,1,9,0.998892
55000900201800,2020-10-02,1,9,0.99739146
55000900201800,2020-10-03,1,9,0.9972059
55000900201800,2020-10-04,1,9,0.99703264
55000900201800,2020-10-05,1,9,0.99701524
55000900201800,2020-10-06,1,9,0.9969699
55000900201800,2020-10-07,1,9,0.99706334
55000900201800,2020-10-08,1,9,0.9968154
55000900201800,2020-10-09,1,9,0.99644804
55000900201800,2020-10-11,1,9,0.9969547
55000900201800,2020-10-12,1,9,0.9968658
55000900201800,2020-10-13,1,9,0.9970471
55000900201800,2020-10-14,1,9,0.9995246
55000900201800,2020-10-15,1,9,0.99922943
55000900201800,2020-10-16,1,9,0.9999517
55000900201800,2020-10-17,1,9,0.9999502
55000900201800,2020-10-18,1,9,0.99976665
55000900201800,2020-10-19,1,9,0.9987295
55000900201800,2020-10-20,1,0,0.9946648
55000900201800,2020-10-21,1,0,0.9960051
55000900201811,2020-09-11,1,9,0.9999682
55000900201811,2020-09-12,1,9,0.9999567
55000900201811,2020-09-13,1,9,0.999948
55000900201811,2020-09-14,1,9,0.99994195
55000900201811,2020-09-15,1,9,0.9999417
55000900201811,2020-09-16,1,9,0.9999349
55000900201811,2020-09-17,1,9,0.999943
55000900201811,2020-09-18,1,9,0.99994075
55000900201811,2020-09-19,1,9,0.9999455
55000900201811,2020-09-20,1,9,0.9999447
55000900201811,2020-09-21,1,9,0.999972
55000900201811,2020-09-22,1,9,0.99996173
55000900201811,2020-09-23,1,9,0.9999453
55000900201811,2020-09-24,1,9,0.99994326
55000900201811,2020-09-25,1,9,0.9999447
55000900201811,2020-09-26,1,9,0.9999758
55000900201811,2020-09-27,1,9,0.99997306
55000900201811,2020-09-28,1,9,0.99998605
55000900201811,2020-09-29,1,9,0.99997663
55000900201811,2020-09-30,1,9,0.999961
55000900201811,2020-10-01,1,9,0.9999685
55000900201811,2020-10-02,1,9,0.9999609
55000900201811,2020-10-03,1,9,0.9999423
55000900201811,2020-10-04,1,9,0.9999435
55000900201811,2020-10-05,1,9,0.9999453
55000900201811,2020-10-06,1,9,0.999961
55000900201811,2020-10-07,1,9,0.99996066
55000900201811,2020-10-08,1,9,0.9999484
55000900201811,2020-10-09,1,9,0.9999523
55000900201811,2020-10-10,1,9,0.99996173
55000900201811,2020-10-11,1,9,0.99971324
55000900201811,2020-10-12,1,9,0.99979717
55000900201811,2020-10-13,1,9,0.9999856
55000900201811,2020-10-14,1,9,0.9999864
55000900201811,2020-10-15,1,9,0.9999751
55000900201811,2020-10-16,1,9,0.999985
55000900201811,2020-10-17,1,9,0.99997056
55000900201811,2020-10-18,1,9,0.9999652
55000900201811,2020-10-19,1,9,0.99996305
55000900201811,2020-10-20,1,9,0.99995995
55000900201811,2020-10-21,1,9,0.99997365
55000900201811,2020-10-22,1,0,0.999967
55000900201811,2020-10-23,1,0,0.9999423
55000900202948,2020-09-11,1,9,0.9999747
55000900202948,2020-09-12,1,9,0.99997425
55000900202948,2020-09-13,1,9,0.9999659
55000900202948,2020-09-14,1,9,0.9999752
55000900202948,2020-09-15,1,9,0.9999726
55000900202948,2020-09-16,1,9,0.99994147
55000900202948,2020-09-17,1,9,0.9999578
55000900202948,2020-09-18,1,9,0.99995077
55000900202948,2020-09-19,1,9,0.99996316
55000900202948,2020-09-20,1,9,0.99996746
55000900202948,2020-09-21,1,9,0.9999863
55000900202948,2020-09-22,1,9,0.999982
55000900202948,2020-09-23,1,9,0.99997354
55000900202948,2020-09-24,1,9,0.9999814
55000900202948,2020-09-25,1,9,0.9999838
55000900202948,2020-09-26,1,9,0.99998975
55000900202948,2020-09-27,1,9,0.99999
55000900202948,2020-09-28,1,9,0.9999913
55000900202948,2020-09-29,1,9,0.99999094
55000900202948,2020-09-30,1,9,0.9999896
55000900202948,2020-10-01,1,9,0.99997854
55000900202948,2020-10-02,1,9,0.9999845
55000900202948,2020-10-03,1,9,0.9999722
55000900202948,2020-10-04,1,9,0.9999652
55000900202948,2020-10-05,1,9,0.9999604
55000900202948,2020-10-06,1,9,0.999967
55000900202948,2020-10-07,1,9,0.99998605
55000900202948,2020-10-08,1,9,0.9999863
55000900202948,2020-10-09,1,9,0.99997485
55000900202948,2020-10-10,1,9,0.9999827
55000900202948,2020-10-11,1,9,0.99997973
55000900202948,2020-10-12,1,9,0.99998033
55000900202948,2020-10-13,1,9,0.99998987
55000900202948,2020-10-14,1,9,0.99998987
55000900202948,2020-10-15,1,9,0.9999889
55000900202948,2020-10-16,1,9,0.9999906
55000900202948,2020-10-17,1,9,0.9999896
55000900202948,2020-10-18,1,9,0.9999902
55000900202948,2020-10-19,1,9,0.99999154
55000900202948,2020-10-20,1,9,0.99999213
55000900202948,2020-10-21,1,0,0.9999863
55000900202948,2020-10-22,1,0,0.9999654
55000900233930,2020-09-11,1,9,0.99999523
55000900233930,2020-09-12,1,9,0.99999523
55000900233930,2020-09-13,1,9,0.99999523
55000900233930,2020-09-14,1,9,0.99999523
55000900233930,2020-09-15,1,9,0.99999523
55000900233930,2020-09-16,1,9,0.99999523
55000900233930,2020-09-17,1,9,0.99999523
55000900233930,2020-09-18,1,9,0.99999523
55000900233930,2020-09-19,1,9,0.99999523
55000900233930,2020-09-20,1,9,0.99999523
55000900233930,2020-09-21,1,9,0.99999523
55000900233930,2020-09-22,1,9,0.99999523
55000900233930,2020-09-23,1,9,0.99999523
55000900233930,2020-09-24,1,9,0.99999523
55000900233930,2020-09-25,1,9,0.99999523
55000900233930,2020-09-26,1,9,0.99999523
55000900233930,2020-09-27,1,9,0.99999523
55000900233930,2020-09-28,1,9,0.99999523
55000900233930,2020-09-29,1,9,0.99999523
55000900233930,2020-09-30,1,9,0.99999523
55000900233930,2020-10-01,1,9,0.99999523
55000900233930,2020-10-02,1,9,0.99999523
55000900233930,2020-10-03,1,9,0.99999523
55000900233930,2020-10-04,1,9,0.99999523
55000900233930,2020-10-05,1,9,0.99999523
55000900233930,2020-10-06,1,9,0.99999523
55000900233930,2020-10-07,1,9,0.99999523
55000900233930,2020-10-08,1,9,0.99999523
55000900233930,2020-10-09,1,9,0.99999523
55000900233930,2020-10-10,1,9,0.99999523
55000900233930,2020-10-11,1,9,0.99999523
55000900233930,2020-10-12,1,9,0.99999523
55000900233930,2020-10-13,1,9,0.99999523
55000900233930,2020-10-14,1,9,0.99999523
55000900233930,2020-10-15,1,9,0.99999523
55000900233930,2020-10-16,1,9,0.99999523
55000900233930,2020-10-17,1,9,0.99999523
55000900233930,2020-10-18,1,9,0.99999523
55000900233930,2020-10-19,1,9,0.99999523
55000900233930,2020-10-20,1,9,0.99999523
55000900233930,2020-10-21,1,9,0.99999523
55000900233930,2020-10-22,1,9,0.99999523
55000900233930,2020-10-23,1,9,0.99999523
55000900233930,2020-10-24,1,9,0.99999523
55000900233930,2020-10-25,1,9,0.99999523
55000900233930,2020-10-26,1,0,0.99999535
55000900233930,2020-10-27,1,0,0.9999956
55000900234607,2020-09-11,1,0,0.99945885
55000900234607,2020-09-12,1,0,0.9996948
55000900234607,2020-09-13,1,0,0.9988953
55000900234607,2020-09-14,1,0,0.9990522
55000900234607,2020-09-15,1,0,0.9970752
55000900234607,2020-09-16,1,0,0.9977629
55000900234607,2020-09-17,1,0,0.9980566
55000900234607,2020-09-18,1,0,0.9989077
55000900234607,2020-09-19,1,0,0.99961674
55000900234607,2020-09-20,1,0,0.9999472
55000900234607,2020-09-21,1,0,0.9999752
55000900234607,2020-09-22,1,0,0.9999871
55000900234607,2020-09-23,1,0,0.99998677
55000900234607,2020-09-24,1,0,0.999961
55000900234607,2020-09-25,1,0,0.99996233
55000900234607,2020-09-26,1,0,0.9999924
55000900234607,2020-09-27,1,0,0.99998856
55000900234607,2020-09-28,1,0,0.999992
55000900234607,2020-09-29,1,0,0.9999933
55000900234607,2020-09-30,1,0,0.9999945
55000900234607,2020-10-01,1,0,0.9999918
55000900234607,2020-10-02,1,0,0.9999784
55000900234607,2020-10-03,1,0,0.999887
55000900234607,2020-10-04,1,0,0.99946576
55000900234607,2020-10-05,1,0,0.99911004
55000900234607,2020-10-06,1,0,0.9995414
55000900234607,2020-10-07,1,0,0.99994946
55000900234607,2020-10-08,1,0,0.9998753
55000900234607,2020-10-09,1,0,0.9996575
55000900234607,2020-10-10,1,0,0.9997726
55000900234607,2020-10-11,1,0,0.9999112
55000900234607,2020-10-12,1,0,0.9999845
55000900234607,2020-10-13,1,0,0.9999932
55000900234607,2020-10-14,1,0,0.99999464
55000900234607,2020-10-15,1,0,0.9999963
55000900234607,2020-10-16,1,0,0.99999666
55000900234607,2020-10-17,1,0,0.9999956
55000900234607,2020-10-18,1,0,0.9999957
55000900234607,2020-10-19,1,0,0.9999939
55000900234607,2020-10-20,1,0,0.99999285
55000900234607,2020-10-21,1,0,0.99999344
55000900234607,2020-10-22,1,0,0.9999927
55000900234607,2020-10-23,1,0,0.9999926
55000900234607,2020-10-24,1,0,0.99999595
55000900234607,2020-10-25,1,0,0.9999962
55000900234607,2020-10-26,1,0,0.99999464
55000900234607,2020-10-27,1,0,0.9999964
55000900234607,2020-10-28,1,0,0.99999595
55000900234607,2020-10-29,1,0,0.9999958
55000900234607,2020-10-30,1,0,0.9999958
55000900234607,2020-10-31,1,0,0.9999951
55000900234607,2020-11-01,1,0,0.999995
55000900234607,2020-11-02,1,0,0.9999943
55000900234607,2020-11-03,1,0,0.9999958
55000900234607,2020-11-04,1,0,0.99999285
55000900234607,2020-11-05,1,0,0.99998343
55000900234607,2020-11-06,1,0,0.9999907
55000900234607,2020-11-07,1,0,0.9999926
55000900234607,2020-11-08,1,0,0.9999963
55000900234607,2020-11-09,1,0,0.99999654
55000900234607,2020-11-10,1,0,0.9999964
55000900234607,2020-11-11,1,0,0.9999963
55000900234607,2020-11-12,1,0,0.9999963
55000900234607,2020-11-13,1,0,0.9999962
55000900234607,2020-11-14,1,0,0.9999964
55000900234607,2020-11-15,1,0,0.9999974
55000900234607,2020-11-16,1,0,0.99999607
55000900234607,2020-11-17,1,0,0.99999607
55000900234607,2020-11-18,1,0,0.9999969
55000900234607,2020-11-19,1,0,0.99999666
55000900234607,2020-11-20,1,0,0.9999963
55000900234607,2020-11-21,1,0,0.99999654
55000900234607,2020-11-22,1,0,0.9999964
55000900234607,2020-11-23,1,0,0.9999963
55000900234607,2020-11-24,1,0,0.99999607
55000900234607,2020-11-25,1,0,0.9999963
55000900234607,2020-11-26,1,0,0.9999964
55000900234607,2020-11-27,1,0,0.99999654
55000900234607,2020-11-28,1,0,0.9999964
55000900234607,2020-11-29,1,0,0.99999654
55000900234607,2020-11-30,1,0,0.99999607
55000900234607,2020-12-01,1,0,0.99999595
55000900234607,2020-12-02,1,0,0.99999595
55000900234607,2020-12-03,1,0,0.9999962
55000900234607,2020-12-04,1,0,0.9999963
55000900234607,2020-12-05,1,0,0.99999607
55000900234607,2020-12-06,1,0,0.9999957
55000900234607,2020-12-07,1,0,0.9999956
55000900234607,2020-12-08,1,0,0.9999962
55000900234607,2020-12-09,1,0,0.9999963
55000900234607,2020-12-10,1,0,0.99999607
55000900234607,2020-12-11,1,0,0.99999607
55000900234607,2020-12-12,1,0,0.9999943
55000900234607,2020-12-13,1,0,0.9999962
55000900234607,2020-12-14,1,0,0.9999964
55000900234607,2020-12-15,1,0,0.99999654
55000900234607,2020-12-16,1,0,0.9999964
55000900234607,2020-12-17,1,0,0.99999654
55000900234607,2020-12-18,1,0,0.9999964
55000900234607,2020-12-19,1,0,0.9999964
55000900234607,2020-12-20,1,0,0.9999963
55000900234607,2020-12-21,1,0,0.99999654
55000900234607,2020-12-22,1,0,0.9999964
55000900234607,2020-12-23,1,0,0.9999963
55000900234607,2020-12-24,1,0,0.99999654
55000900234607,2020-12-25,1,0,0.9999963
55000900234607,2020-12-26,1,0,0.9999962
55000900234607,2020-12-27,1,0,0.99999607
55000900234607,2020-12-28,1,0,0.9999963
55000900234607,2020-12-29,1,0,0.9999963
55000900234607,2020-12-30,1,0,0.9999963
55000900234607,2020-12-31,1,0,0.99999607
55000900234607,2021-01-01,1,0,0.99999607
55000900234607,2021-01-02,1,0,0.9999962
55000900234607,2021-01-03,1,0,0.9999962
55000900234607,2021-01-04,1,0,0.99999666
55000900234607,2021-01-05,1,0,0.99999654
55000900234607,2021-01-06,1,0,0.99999654
55000900234607,2021-01-07,1,0,0.9999964
55000900234607,2021-01-08,1,0,0.9999964
55000900234607,2021-01-09,1,0,0.9999964
55000900234607,2021-01-10,1,0,0.9999964
55000900234607,2021-01-11,1,0,0.9999964
55000900234607,2021-01-12,1,0,0.9999964
55000900234607,2021-01-13,1,0,0.9999964
55000900234607,2021-01-14,1,0,0.9999964
55000900234607,2021-01-15,1,0,0.9999964
55000900234607,2021-01-16,1,0,0.9999964
55000900234607,2021-01-17,1,0,0.9999964
55000900234607,2021-01-18,1,0,0.9999964
55000900234607,2021-01-19,1,0,0.9999964
55000900234607,2021-01-20,1,0,0.9999964
55000900234607,2021-01-21,1,0,0.9999964
55000900234607,2021-01-22,1,0,0.9999964
55000900234607,2021-01-23,1,0,0.9999964
55000900234607,2021-01-24,1,0,0.9999964
55000900234607,2021-01-25,1,0,0.9999964
55000900234607,2021-01-26,1,0,0.9999964
55000900234607,2021-01-27,1,0,0.9999964
55000900234607,2021-01-28,1,0,0.9999964
55000900234607,2021-01-29,1,0,0.9999964
55000900234607,2021-01-30,1,0,0.9999964
55000900234607,2021-01-31,1,0,0.9999963
55000900234607,2021-02-01,1,0,0.9999963
55000900234607,2021-02-02,1,0,0.9999963
55000900234607,2021-02-03,1,0,0.9999963
55000900234607,2021-02-04,1,0,0.9999963
55000900234607,2021-02-05,1,0,0.9999963
55000900234607,2021-02-06,1,0,0.9999963
55000900234607,2021-02-07,1,0,0.9999963
55000900234607,2021-02-08,1,0,0.9999963
55000900234607,2021-02-09,1,0,0.9999963
55000900234607,2021-02-10,1,0,0.9999963
55000900234607,2021-02-11,1,0,0.9999963
55000900234607,2021-02-12,1,0,0.9999963
55000900234607,2021-02-13,1,0,0.9999963
55000900234607,2021-02-14,1,0,0.9999963
55000900234607,2021-02-15,1,0,0.9999963
55000900234607,2021-02-16,1,0,0.9999963
55000900234607,2021-02-17,1,0,0.9999963
55000900234607,2021-02-18,1,0,0.9999963
55000900234607,2021-02-19,1,0,0.9999963
55000900234607,2021-02-20,1,0,0.9999963
55000900234607,2021-02-21,1,0,0.9999963
55000900234607,2021-02-22,1,0,0.9999963
55000900234607,2021-02-23,1,0,0.9999963
55000900234607,2021-02-24,1,0,0.9999963
55000900234607,2021-02-25,1,0,0.9999963
55000900234607,2021-02-26,1,0,0.9999963
55000900234607,2021-02-27,1,0,0.9999963
55000900234607,2021-02-28,1,0,0.9999963
55000900234607,2021-03-01,1,0,0.9999963
55000900234607,2021-03-02,1,0,0.9999963
55000900234607,2021-03-03,1,0,0.9999963
55000900234607,2021-03-04,1,0,0.9999963
55000900234607,2021-03-05,1,0,0.9999963
55000900234607,2021-03-06,1,0,0.9999963
55000900234607,2021-03-07,1,0,0.9999963
55000900234607,2021-03-08,1,0,0.9999963
55000900234607,2021-03-09,1,0,0.9999963
55000900234607,2021-03-10,1,0,0.9999963
55000900234607,2021-03-11,1,0,0.9999963
55000900234607,2021-03-12,1,0,0.9999963
55000900234607,2021-03-13,1,0,0.9999963
55000900234607,2021-03-15,1,0,0.9999963
55000900234607,2021-03-16,1,0,0.9999963
55000900234607,2021-03-17,1,0,0.9999963
55000900234607,2021-03-18,1,0,0.9999963
55000900234607,2021-03-19,1,0,0.9999963
55000900234607,2021-03-20,1,0,0.9999963
55000900234607,2021-03-21,1,0,0.9999963
55000900234607,2021-03-22,1,0,0.9999963
55000900234607,2021-03-23,1,0,0.9999963
55000900234607,2021-03-24,1,0,0.9999963
55000900234607,2021-03-25,1,0,0.9999963
55000900234607,2021-03-26,1,0,0.9999963
55000900234607,2021-03-27,1,0,0.9999963
55000900234607,2021-03-28,1,0,0.9999963
55000900234607,2021-03-29,1,0,0.9999963
55000900234607,2021-03-30,1,0,0.9999963
55000900234607,2021-03-31,1,0,0.9999963
55000900234607,2021-04-01,1,0,0.9999963
55000900234607,2021-04-02,1,0,0.9999963
55000900234607,2021-04-03,1,0,0.9999963
55000900234607,2021-04-04,1,0,0.9999963
55000900234607,2021-04-05,1,0,0.9999963
55000900234607,2021-04-06,1,0,0.9999963
55000900234607,2021-04-07,1,0,0.9999963
55000900234607,2021-04-08,1,0,0.9999963
55000900234607,2021-04-09,1,0,0.9999963
55000900234607,2021-04-10,1,0,0.9999963
55000900234607,2021-04-11,1,0,0.9999963
55000900234607,2021-04-12,1,0,0.9999963
55000900234607,2021-04-13,1,0,0.9999963
55000900234607,2021-04-14,1,0,0.9999963
55000900234607,2021-04-15,1,0,0.9999963
55000900234607,2021-04-16,1,0,0.9999963
55000900234607,2021-04-17,1,0,0.9999963
55000900234607,2021-04-18,1,0,0.9999963
55000900234607,2021-04-19,1,0,0.9999963
55000900234607,2021-04-20,1,0,0.9999963
55000900234607,2021-04-21,1,0,0.9999963
55000900234607,2021-04-22,1,0,0.9999963
55000900234607,2021-04-23,1,0,0.9999963
55000900234607,2021-04-24,1,0,0.9999963
55000900234607,2021-04-25,1,0,0.9999963
55000900234607,2021-04-26,1,0,0.9999963
55000900234607,2021-04-27,1,0,0.9999963
55000900234607,2021-04-28,1,0,0.9999963
55000900234607,2021-04-29,1,0,0.9999963
55000900234607,2021-04-30,1,0,0.9999963
55000900234607,2021-05-01,1,0,0.9999963
55000900234607,2021-05-02,1,0,0.9999963
55000900234607,2021-05-03,1,0,0.9999963
55000900234607,2021-05-04,1,0,0.9999963
55000900234607,2021-05-05,1,0,0.9999963
55000900234607,2021-05-06,1,0,0.9999963
55000900234607,2021-05-07,1,0,0.9999963
55000900234607,2021-05-08,1,0,0.9999963
55000900234607,2021-05-09,1,0,0.9999963
55000900234607,2021-05-10,1,0,0.9999963
55000900234607,2021-05-11,1,0,0.9999963
55000900234607,2021-05-12,1,0,0.9999963
55000900234607,2021-05-13,1,0,0.9999963
55000900234607,2021-05-14,1,0,0.9999963
55000900234607,2021-05-15,1,0,0.9999963
55000900234607,2021-05-16,1,0,0.9999963
55000900234607,2021-05-17,1,0,0.9999963
55000900234607,2021-05-18,1,0,0.9999963
55000900234607,2021-05-19,1,0,0.9999963
55000900234607,2021-05-20,1,0,0.9999963
55000900234607,2021-05-21,1,0,0.9999963
55000900234607,2021-05-22,1,0,0.9999963
55000900234607,2021-05-23,1,0,0.9999963
55000900234607,2021-05-24,1,0,0.9999963
55000900234607,2021-05-25,1,0,0.9999963
55000900234607,2021-05-26,1,0,0.9999963
55000900234607,2021-05-27,1,0,0.9999963
55000900234607,2021-05-28,1,0,0.9999963
55000900234607,2021-05-29,1,0,0.9999963
55000900234607,2021-05-30,1,0,0.9999963
55000900234607,2021-05-31,1,0,0.9999963
55000900234607,2021-06-01,1,0,0.9999963
55000900234607,2021-06-02,1,0,0.9999963
55000900234607,2021-06-03,1,0,0.9999963
55000900234607,2021-06-04,1,0,0.9999963
55000900234607,2021-06-05,1,0,0.9999963
55000900234607,2021-06-06,1,0,0.9999963
55000900234607,2021-06-07,1,0,0.9999963
55000900234607,2021-06-08,1,0,0.9999963
55000900234607,2021-06-09,1,0,0.9999963
55000900234607,2021-06-10,1,0,0.9999963
55000900234607,2021-06-11,1,0,0.9999963
55000900234607,2021-06-12,1,0,0.9999963
55000900234607,2021-06-13,1,0,0.9999963
55000900234607,2021-06-14,1,0,0.9999963
55000900234607,2021-06-15,1,0,0.9999963
55000900234607,2021-06-16,1,0,0.9999963
55000900234607,2021-06-17,1,0,0.9999963
55000900234607,2021-06-18,1,0,0.9999963
55000900234607,2021-06-19,1,0,0.9999963
55000900234607,2021-06-20,1,0,0.9999963
55000900234607,2021-06-22,1,0,0.9999963
55000900234607,2021-06-23,1,0,0.9999963
55000900234607,2021-06-24,1,0,0.9999963
55000900234607,2021-06-25,1,0,0.9999963
55000900234607,2021-06-26,1,0,0.9999963
55000900234607,2021-06-27,1,0,0.9999963
55000900234607,2021-06-28,1,0,0.9999963
55000900234607,2021-06-29,1,0,0.9999963
55000900234607,2021-06-30,1,0,0.9999963
55000900234607,2021-07-01,1,0,0.9999963
55000900234607,2021-07-02,1,0,0.9999963
55000900234607,2021-07-03,1,0,0.9999963
55000900234607,2021-07-04,1,0,0.9999963
55000900234607,2021-07-05,1,0,0.9999963
55000900234607,2021-07-06,1,0,0.9999963
55000900234607,2021-07-07,1,0,0.9999963
55000900234607,2021-07-08,1,0,0.9999963
55000900234607,2021-07-09,1,0,0.9999963
55000900234607,2021-07-10,1,0,0.9999963
55000900234607,2021-07-11,1,0,0.9999963
55000900234607,2021-07-12,1,0,0.9999963
55000900234607,2021-07-13,1,0,0.9999963
55000900234607,2021-07-14,1,0,0.9999963
55000900234607,2021-07-15,1,0,0.9999963
55000900234607,2021-07-16,1,0,0.9999963
55000900234607,2021-07-17,1,0,0.9999963
55000900234607,2021-07-18,1,0,0.9999963
55000900234607,2021-07-19,1,0,0.9999963
55000900234607,2021-07-27,1,0,0.9999963
55000900234607,2021-07-28,1,0,0.9999963
55000900234607,2021-07-29,1,0,0.9999963
55000900234607,2021-07-30,1,0,0.9999963
55000900234607,2021-07-31,1,0,0.9999963
55000900234607,2021-08-01,1,0,0.9999963
55000900234607,2021-08-02,1,0,0.9999963
55000900234607,2021-08-03,1,0,0.9999963
55000900234607,2021-08-04,1,0,0.9999963
55000900234607,2021-08-05,1,0,0.9999963
55000900234607,2021-08-06,1,0,0.9999963
55000900234607,2021-08-07,1,0,0.9999963
55000900234607,2021-08-08,1,0,0.9999963
55000900234607,2021-08-09,1,0,0.9999963
55000900234607,2021-08-10,1,0,0.9999963
55000900234607,2021-08-11,1,0,0.9999963
55000900234607,2021-08-12,1,0,0.9999963
55000900234607,2021-08-13,1,0,0.9999963
55000900234607,2021-08-14,1,0,0.9999963
55000900234607,2021-08-15,1,0,0.9999963
55000900234607,2021-08-16,1,0,0.9999963
55000900234607,2021-08-17,1,0,0.9999963
55000900234607,2021-08-18,1,0,0.9999963
55000900234607,2021-08-19,1,0,0.9999963
55000900234607,2021-08-20,1,0,0.9999963
55000900234607,2021-08-21,1,0,0.9999963
55000900234607,2021-08-22,1,0,0.9999963
55000900234607,2021-08-23,1,0,0.9999963
55000900234607,2021-08-24,1,0,0.9999963
55000900234607,2021-08-25,1,0,0.9999963
55000900234607,2021-08-26,1,0,0.9999963
55000900234607,2021-08-27,1,0,0.9999963
55000900234607,2021-08-28,1,0,0.9999963
55000900234607,2021-08-29,1,0,0.9999963
55000900234607,2021-08-30,1,0,0.9999963
55000900234607,2021-08-31,1,0,0.9999963
55000900234607,2021-09-01,1,0,0.9999963
55000900234607,2021-09-02,1,0,0.9999963
55000900234607,2021-09-03,1,0,0.9999963
55000900234607,2021-09-04,1,0,0.9999963
55000900234607,2021-09-05,1,0,0.9999963
55000900234607,2021-09-06,1,0,0.9999963
55000900234607,2021-09-07,1,0,0.9999963
55000900234607,2021-09-08,1,0,0.9999963
55000900234607,2021-09-09,1,0,0.9999963
55000900234607,2021-09-10,1,0,0.9999963
55000900234607,2021-09-11,1,0,0.9999963
55000900234607,2021-09-12,1,0,0.9999963
55000900234607,2021-09-13,1,0,0.9999963
55000900234607,2021-09-14,1,0,0.9999963
55000900234607,2021-09-15,1,0,0.9999963
55000900234607,2021-09-16,1,0,0.9999963
55000900234607,2021-09-17,1,0,0.9999963
55000900234607,2021-09-18,1,0,0.9999963
55000900234607,2021-09-19,1,0,0.9999963
55000900234607,2021-09-20,1,0,0.9999963
55000900234607,2021-09-21,1,0,0.9999963
55000900234607,2021-09-22,1,0,0.9999963
55000900234607,2021-09-23,1,0,0.9999963
55000900234607,2021-09-24,1,0,0.9999963
55000900234607,2021-09-25,1,0,0.9999963
55000900234607,2021-09-26,1,0,0.9999963
55000900234607,2021-09-27,1,0,0.9999963
55000900234607,2021-09-28,1,0,0.9999963
55000900234607,2021-09-29,1,0,0.9999963
55000900234607,2021-09-30,1,0,0.9999963
55000900234607,2021-10-01,1,0,0.9999963
55000900234607,2021-10-02,1,0,0.9999963
55000900234607,2021-10-03,1,0,0.9999963
55000900234607,2021-10-04,1,0,0.9999963
55000900234607,2021-10-05,1,0,0.9999963
55000900234607,2021-10-06,1,0,0.9999963
55000900234607,2021-10-07,1,0,0.9999963
55000900234607,2021-10-08,1,0,0.9999963
55000900234607,2021-10-09,1,0,0.9999963
55000900234607,2021-10-10,1,0,0.9999963
55000900234607,2021-10-11,1,0,0.9999963
55000900234607,2021-10-12,1,0,0.9999963
55000900234607,2021-10-13,1,0,0.9999963
55000900234607,2021-10-14,1,0,0.9999963
55000900234607,2021-10-15,1,0,0.9999963
55000900234607,2021-10-16,1,0,0.9999963
55000900234607,2021-10-17,1,0,0.9999963
55000900234607,2021-10-18,1,0,0.9999963
55000900234607,2021-10-19,1,0,0.9999963
55000900234607,2021-10-20,1,0,0.9999963
55000900234607,2021-10-21,1,0,0.9999963
55000900234607,2021-10-22,1,0,0.9999963
55000900234607,2021-10-23,1,0,0.9999963
55000900234607,2021-10-24,1,0,0.9999963
55000900234607,2021-10-25,1,0,0.9999963
55000900234607,2021-10-26,1,0,0.9999963
55000900234607,2021-10-27,1,0,0.9999963
55000900234607,2021-10-28,1,0,0.9999963
55000900234607,2021-10-29,1,0,0.9999963
55000900234607,2021-10-30,1,0,0.9999963
55000900234607,2021-10-31,1,0,0.9999963
55000900234607,2021-11-01,1,0,0.9999963
55000900234607,2021-11-02,1,0,0.9999963
55000900234607,2021-11-03,1,0,0.9999963
55000900234607,2021-11-04,1,0,0.9999963
55000900234607,2021-11-05,1,0,0.9999963
55000900234607,2021-11-06,1,0,0.9999963
55000900234607,2021-11-07,1,0,0.9999963
55000900234607,2021-11-08,1,0,0.9999963
55000900234607,2021-11-09,1,0,0.9999963
55000900234607,2021-11-10,1,0,0.9999963
55000900234607,2021-11-11,1,0,0.9999963
55000900234607,2021-11-12,1,0,0.9999963
55000900234607,2021-11-13,1,0,0.9999963
55000900234607,2021-11-14,1,0,0.9999963
55000900234607,2021-11-15,1,0,0.9999963
55000900234607,2021-11-16,1,0,0.9999963
55000900234607,2021-11-17,1,0,0.9999963
55000900234607,2021-11-18,1,0,0.9999963
55000900234607,2021-11-19,1,0,0.9999963
55000900234607,2021-11-20,1,0,0.9999963
55000900234607,2021-11-21,1,0,0.9999963
55000900234607,2021-11-22,1,0,0.9999963
55000900234607,2021-11-23,1,0,0.9999963
55000900234607,2021-11-24,1,0,0.9999963
55000900234607,2021-11-25,1,0,0.9999963
55000900234607,2021-11-26,1,0,0.9999963
55000900234607,2021-11-27,1,0,0.9999963
55000900234607,2021-11-28,1,0,0.9999963
55000900234607,2021-11-29,1,0,0.9999963
55000900234607,2021-11-30,1,0,0.9999963
55000900234607,2021-12-01,1,0,0.9999963
55000900234607,2021-12-02,1,0,0.9999963
55000900234607,2021-12-03,1,0,0.9999963
55000900234607,2021-12-04,1,0,0.9999963
55000900234607,2021-12-05,1,0,0.9999963
55000900234607,2021-12-06,1,0,0.9999963
55000900234607,2021-12-07,1,0,0.9999963
55000900234607,2021-12-08,1,0,0.9999963
55000900234607,2021-12-09,1,0,0.9999963
55000900234607,2021-12-10,1,0,0.9999963
55000900234607,2021-12-11,1,0,0.9999963
55000900234607,2021-12-12,1,0,0.9999963
55000900234607,2021-12-13,1,0,0.9999963
55000900234607,2021-12-14,1,0,0.9999963
55000900234607,2021-12-15,1,0,0.9999963
55000900234607,2021-12-16,1,0,0.9999963
55000900234607,2021-12-17,1,0,0.9999963
55000900234607,2021-12-18,1,0,0.9999963
55000900234607,2021-12-19,1,0,0.9999963
55000900234607,2021-12-20,1,0,0.9999963
55000900234607,2021-12-21,1,0,0.9999963
55000900234607,2021-12-22,1,0,0.9999963
55000900234607,2021-12-23,1,0,0.9999963
55000900234607,2021-12-24,1,0,0.9999963
55000900234607,2021-12-25,1,0,0.9999963
55000900234607,2021-12-26,1,0,0.9999963
55000900234607,2021-12-27,1,0,0.9999963
55000900234607,2021-12-28,1,0,0.9999963
55000900234607,2021-12-29,1,0,0.9999963
55000900234607,2021-12-30,1,0,0.9999963
55000900234607,2021-12-31,1,0,0.9999963
55000900234607,2022-01-01,1,0,0.9999963
55000900234607,2022-01-02,1,0,0.9999963
55000900234607,2022-01-03,1,0,0.9999963
55000900234607,2022-01-04,1,0,0.9999963
55000900234607,2022-01-05,1,0,0.9999963
55000900234607,2022-01-06,1,0,0.9999963
55000900234607,2022-01-07,1,0,0.9999963
55000900234607,2022-01-08,1,0,0.9999963
55000900234607,2022-01-09,1,0,0.9999963
55000900234607,2022-01-10,1,0,0.9999963
55000900234607,2022-01-11,1,0,0.9999963
55000900234607,2022-01-12,1,0,0.9999963
55000900234607,2022-01-13,1,0,0.9999963
55000900234607,2022-01-14,1,0,0.9999963
55000900234607,2022-01-15,1,0,0.9999963
55000900234607,2022-01-16,1,0,0.9999963
55000900234607,2022-01-17,1,0,0.9999963
55000900234607,2022-01-18,1,0,0.9999963
55000900234607,2022-01-19,1,0,0.9999963
55000900234607,2022-01-20,1,0,0.9999963
55000900234607,2022-01-21,1,0,0.9999963
55000900234607,2022-01-22,1,0,0.9999963
55000900234607,2022-01-23,1,0,0.9999963
55000900234607,2022-01-24,1,0,0.9999963
55000900234607,2022-01-25,1,0,0.9999963
55000900234607,2022-01-26,1,0,0.9999963
55000900234607,2022-01-27,1,0,0.9999963
55000900234607,2022-01-28,1,0,0.9999963
55000900234607,2022-01-29,1,0,0.9999963
55000900234607,2022-01-30,1,0,0.9999963
55000900234607,2022-01-31,1,0,0.9999963
55000900234607,2022-02-01,1,0,0.9999963
55000900234607,2022-02-02,1,0,0.9999963
55000900234607,2022-02-03,1,0,0.9999963
55000900234607,2022-02-04,1,0,0.9999963
55000900234607,2022-02-05,1,0,0.9999963
55000900234607,2022-02-06,1,0,0.9999963
55000900234607,2022-02-07,1,0,0.9999963
55000900234607,2022-02-08,1,0,0.9999963
55000900234607,2022-02-09,1,0,0.9999963
55000900234607,2022-02-10,1,0,0.9999963
55000900234607,2022-02-11,1,0,0.9999963
55000900234607,2022-02-12,1,0,0.9999963
55000900234607,2022-02-13,1,0,0.9999963
55000900234607,2022-02-14,1,0,0.9999963
55000900234607,2022-02-15,1,0,0.9999963
55000900234607,2022-02-16,1,0,0.9999963
55000900234607,2022-02-17,1,0,0.9999963
55000900234607,2022-02-18,1,0,0.9999963
55000900234607,2022-02-19,1,0,0.9999963
55000900234607,2022-02-20,1,0,0.9999963
55000900234607,2022-02-21,1,0,0.9999963
55000900234607,2022-02-22,1,0,0.9999963
55000900234607,2022-02-23,1,0,0.9999963
55000900234607,2022-02-24,1,0,0.9999963
55000900234607,2022-02-25,1,0,0.9999963
55000900234607,2022-02-26,1,0,0.9999963
55000900234607,2022-02-27,1,0,0.9999963
55000900234607,2022-02-28,1,0,0.9999963
55000900234607,2022-03-01,1,0,0.9999963
55000900234607,2022-03-02,1,0,0.9999963
55000900234607,2022-03-03,1,0,0.9999963
55000900234607,2022-03-04,1,0,0.9999963
55000900234607,2022-03-05,1,0,0.9999963
55000900234607,2022-03-06,1,0,0.9999963
55000900234607,2022-03-07,1,0,0.9999963
55000900234607,2022-03-08,1,0,0.9999963
55000900234607,2022-03-09,1,0,0.9999963
55000900234607,2022-03-10,1,0,0.9999963
55000900234607,2022-03-11,1,0,0.9999963
55000900234607,2022-03-12,1,0,0.9999963
55000900234607,2022-03-14,1,0,0.9999963
55000900234607,2022-03-15,1,0,0.9999963
55000900234607,2022-03-16,1,0,0.9999963
55000900234607,2022-03-17,1,0,0.9999963
55000900234607,2022-03-18,1,0,0.9999963
55000900234607,2022-03-19,1,0,0.9999963
55000900234607,2022-03-20,1,0,0.9999963
55000900234607,2022-03-21,1,0,0.9999963
55000900234607,2022-03-22,1,0,0.9999963
55000900234607,2022-03-23,1,0,0.9999963
55000900234607,2022-03-24,1,0,0.9999963
55000900234607,2022-03-25,1,0,0.9999963
55000900234607,2022-03-26,1,0,0.9999963
55000900234607,2022-03-27,1,0,0.9999963
55000900234607,2022-03-28,1,0,0.9999963
55000900234607,2022-03-29,1,0,0.9999963
55000900234607,2022-03-30,1,0,0.9999963
55000900234607,2022-03-31,1,0,0.9999963
55000900234607,2022-04-01,1,0,0.9999963
55000900234607,2022-04-02,1,0,0.9999963
55000900234607,2022-04-03,1,0,0.9999963
55000900234607,2022-04-04,1,0,0.9999963
55000900234607,2022-04-05,1,0,0.9999963
55000900234607,2022-04-06,1,0,0.9999963
55000900234607,2022-04-07,1,0,0.9999963
55000900234607,2022-04-08,1,0,0.9999963
55000900234607,2022-04-09,1,0,0.9999963
55000900234607,2022-04-10,1,0,0.9999963
55000900234607,2022-04-11,1,0,0.9999963
55000900234607,2022-04-12,1,0,0.9999963
55000900234607,2022-04-13,1,0,0.9999963
55000900234607,2022-04-14,1,0,0.9999963
55000900234607,2022-04-15,1,0,0.9999963
55000900234607,2022-04-16,1,0,0.9999963
55000900234607,2022-04-17,1,0,0.9999963
55000900234607,2022-04-18,1,0,0.9999963
55000900234607,2022-04-19,1,0,0.9999963
55000900234607,2022-04-20,1,0,0.9999963
55000900234607,2022-04-21,1,0,0.9999963
55000900234607,2022-04-22,1,0,0.9999963
55000900234607,2022-04-23,1,0,0.9999963
55000900234607,2022-04-24,1,0,0.9999963
55000900234607,2022-04-25,1,0,0.9999963
55000900234607,2022-04-26,1,0,0.9999963
55000900234607,2022-04-27,1,0,0.9999963
55000900234607,2022-04-28,1,0,0.9999963
55000900234607,2022-04-29,1,0,0.9999963
55000900234607,2022-04-30,1,0,0.9999963
55000900234607,2022-05-01,1,0,0.9999963
55000900234607,2022-05-02,1,0,0.9999963
55000900234607,2022-05-03,1,0,0.9999963
55000900234607,2022-05-04,1,0,0.9999963
55000900234607,2022-05-05,1,0,0.9999963
55000900234607,2022-05-06,1,0,0.9999963
55000900234607,2022-05-07,1,0,0.9999963
55000900234607,2022-05-08,1,0,0.9999963
55000900234607,2022-05-09,1,0,0.9999963
55000900234607,2022-05-10,1,0,0.9999963
55000900234607,2022-05-11,1,0,0.9999963
55000900234607,2022-05-12,1,0,0.9999963
55000900234607,2022-05-13,1,0,0.9999963
55000900234607,2022-05-14,1,0,0.9999963
55000900234607,2022-05-15,1,0,0.9999963
55000900234607,2022-05-16,1,0,0.9999963
55000900234607,2022-05-17,1,0,0.9999963
55000900234607,2022-05-18,1,0,0.9999963
55000900234607,2022-05-19,1,0,0.9999963
55000900234607,2022-05-20,1,0,0.9999963
55000900234607,2022-05-21,1,0,0.9999963
55000900234607,2022-05-22,1,0,0.9999963
55000900234607,2022-05-23,1,0,0.9999963
55000900234607,2022-05-24,1,0,0.9999963
55000900234607,2022-05-25,1,0,0.9999963
55000900234607,2022-05-26,1,0,0.9999963
55000900234607,2022-05-27,1,0,0.9999963
55000900234607,2022-05-28,1,0,0.9999963
55000900234607,2022-05-29,1,0,0.9999963
55000900234607,2022-05-30,1,0,0.9999963
55000900234607,2022-05-31,1,0,0.9999963
55000900234607,2022-06-01,1,0,0.9999963
55000900234607,2022-06-02,1,0,0.9999963
55000900234607,2022-06-03,1,0,0.9999963
55000900234607,2022-06-04,1,0,0.9999963
55000900234607,2022-06-05,1,0,0.9999963
55000900234607,2022-06-06,1,0,0.9999963
55000900234607,2022-06-07,1,0,0.9999963
55000900234607,2022-06-08,1,0,0.9999963
55000900234607,2022-06-09,1,0,0.9999963
55000900234607,2022-06-10,1,0,0.9999963
55000900234607,2022-06-11,1,0,0.9999963
55000900234607,2022-06-12,1,0,0.9999963
55000900234607,2022-06-13,1,0,0.9999963
55000900234607,2022-06-14,1,0,0.9999963
55000900234607,2022-06-15,1,0,0.9999963
55000900234607,2022-06-16,1,0,0.9999963
55000900234607,2022-06-17,1,0,0.9999963
55000900234607,2022-06-18,1,0,0.9999963
55000900234607,2022-06-19,1,0,0.9999963
55000900234607,2022-06-20,1,0,0.9999963
55000900234607,2022-06-21,1,0,0.9999963
55000900234607,2022-06-22,1,0,0.9999963
55000900234607,2022-06-23,1,0,0.9999963
55000900234607,2022-06-24,1,0,0.9999963
55000900234607,2022-06-25,1,0,0.9999963
55000900234607,2022-06-26,1,0,0.9999963
55000900234607,2022-06-27,1,0,0.9999963
55000900234607,2022-06-28,1,0,0.9999963
55000900234607,2022-06-29,1,0,0.9999963
55000900234607,2022-06-30,1,0,0.9999963
55000900234607,2022-07-01,1,0,0.9999963
55000900234607,2022-07-02,1,0,0.9999963
55000900234607,2022-07-03,1,0,0.9999963
55000900234607,2022-07-04,1,0,0.9999963
55000900234607,2022-07-05,1,0,0.9999963
55000900234607,2022-07-06,1,0,0.9999963
55000900234607,2022-07-07,1,0,0.9999963
55000900234607,2022-07-08,1,0,0.9999963
55000900234607,2022-07-09,1,0,0.9999963
55000900234607,2022-07-10,1,0,0.9999963
55000900234607,2022-07-11,1,0,0.9999963
55000900234607,2022-07-12,1,0,0.9999963
55000900234607,2022-07-13,1,0,0.9999963
55000900234607,2022-07-14,1,0,0.9999963
55000900234607,2022-07-15,1,0,0.9999963
55000900234607,2022-07-16,1,0,0.9999963
55000900234607,2022-07-17,1,0,0.9999963
55000900234607,2022-07-18,1,0,0.9999963
55000900234607,2022-07-19,1,0,0.9999963
55000900234607,2022-07-20,1,0,0.9999963
55000900234607,2022-07-21,1,0,0.9999963
55000900234607,2022-07-22,1,0,0.9999963
55000900234607,2022-07-23,1,0,0.9999963
55000900234607,2022-07-24,1,0,0.9999963
55000900234607,2022-07-25,1,0,0.9999963
55000900234607,2022-07-26,1,0,0.9999963
55000900234607,2022-07-27,1,0,0.9999963
55000900234607,2022-07-28,1,0,0.9999963
55000900234607,2022-07-29,1,0,0.9999963
55000900234607,2022-07-30,1,0,0.9999963
55000900234607,2022-07-31,1,0,0.9999963
55000900234607,2022-08-01,1,0,0.9999963
55000900234607,2022-08-02,1,0,0.9999963
55000900234607,2022-08-03,1,0,0.9999963
55000900234607,2022-08-04,1,0,0.9999963
55000900234607,2022-08-05,1,0,0.9999963
55000900234607,2022-08-06,1,0,0.9999963
55000900234607,2022-08-07,1,0,0.9999963
55000900234607,2022-08-08,1,0,0.9999963
55000900234607,2022-08-09,1,0,0.9999963
55000900234607,2022-08-10,1,0,0.9999963
55000900234607,2022-08-11,1,0,0.9999963
55000900234607,2022-08-12,1,0,0.9999963
55000900234607,2022-08-13,1,0,0.9999963
55000900234607,2022-08-14,1,0,0.9999963
55000900234607,2022-08-15,1,0,0.9999963
55000900234607,2022-08-16,1,0,0.9999963
55000900234607,2022-08-17,1,0,0.9999963
55000900234607,2022-08-18,1,0,0.9999963
55000900234607,2022-08-19,1,0,0.9999963
55000900234607,2022-08-20,1,0,0.9999963
55000900234607,2022-08-21,1,0,0.9999963
55000900234607,2022-08-22,1,0,0.9999963
55000900234607,2022-08-23,1,0,0.9999963
55000900234607,2022-08-24,1,0,0.9999963
55000900234607,2022-08-25,1,0,0.9999963
55000900234607,2022-08-26,1,0,0.9999963
55000900234607,2022-08-27,1,0,0.9999963
55000900234607,2022-08-28,1,0,0.9999963
55000900234607,2022-08-29,1,0,0.9999963
55000900234607,2022-08-30,1,0,0.9999963
55000900234607,2022-08-31,1,0,0.9999963
55000900234607,2022-09-01,1,0,0.9999963
55000900234607,2022-09-02,1,0,0.9999963
55000900234607,2022-09-03,1,0,0.9999963
55000900234607,2022-09-04,1,0,0.9999963
55000900234607,2022-09-05,1,0,0.9999963
55000900234607,2022-09-06,1,0,0.9999963
55000900234607,2022-09-07,1,0,0.9999963
55000900234607,2022-09-08,1,0,0.9999963
55000900234607,2022-09-09,1,0,0.9999963
55000900234607,2022-09-10,1,0,0.9999963
55000900234607,2022-09-11,1,0,0.9999963
55000900234607,2022-09-12,1,0,0.9999963
55000900234607,2022-09-13,1,0,0.9999963
55000900234607,2022-09-14,1,0,0.9999963
55000900234607,2022-09-15,1,0,0.9999963
55000900234607,2022-09-16,1,0,0.9999963
55000900234607,2022-09-17,1,0,0.9999963
55000900234607,2022-09-18,1,0,0.9999963
55000900234607,2022-09-19,1,0,0.9999963
55000900234607,2022-09-20,1,0,0.9999963
55000900234607,2022-09-21,1,0,0.9999963
55000900234607,2022-09-22,1,0,0.9999963
55000900234607,2022-09-23,1,0,0.9999963
55000900234607,2022-09-24,1,0,0.9999963
55000900234607,2022-09-25,1,0,0.9999963
55000900234607,2022-09-26,1,0,0.9999963
55000900234607,2022-09-27,1,0,0.9999963
55000900234607,2022-09-28,1,0,0.9999963
55000900234607,2022-09-29,1,0,0.9999963
55000900234607,2022-09-30,1,0,0.9999963
55000900234607,2022-10-01,1,0,0.9999963
55000900234607,2022-10-02,1,0,0.9999963
55000900234607,2022-10-03,1,0,0.9999963
55000900234607,2022-10-04,1,0,0.9999963
55000900234607,2022-10-05,1,0,0.9999963
55000900234607,2022-10-06,1,0,0.9999963
55000900234607,2022-10-07,1,0,0.9999963
55000900234607,2022-10-08,1,0,0.9999963
55000900234607,2022-10-09,1,0,0.9999963
55000900234607,2022-10-10,1,0,0.9999963
55000900234607,2022-10-11,1,0,0.9999963
55000900234607,2022-10-12,1,0,0.9999963
55000900234607,2022-10-13,1,0,0.9999963
55000900234607,2022-10-14,1,0,0.9999963
55000900234607,2022-10-15,1,0,0.9999963
55000900234607,2022-10-16,1,0,0.9999963
55000900234607,2022-10-17,1,0,0.9999963
55000900234607,2022-10-18,1,0,0.9999963
55000900234607,2022-10-19,1,0,0.9999963
55000900234607,2022-10-20,1,0,0.9999963
55000900234607,2022-10-21,1,0,0.9999963
55000900234607,2022-10-22,1,0,0.9999963
55000900234607,2022-10-23,1,0,0.9999963
55000900234607,2022-10-24,1,0,0.9999963
55000900234607,2022-10-25,1,0,0.9999963
55000900234607,2022-10-26,1,0,0.9999963
55000900234607,2022-10-27,1,0,0.9999963
55000900234607,2022-10-28,1,0,0.9999963
55000900234607,2022-10-29,1,0,0.9999963
55000900234607,2022-10-30,1,0,0.9999963
55000900234607,2022-10-31,1,0,0.9999963
55000900234607,2022-11-01,1,0,0.9999963
55000900234607,2022-11-02,1,0,0.9999963
55000900234607,2022-11-03,1,0,0.9999963
55000900234607,2022-11-04,1,0,0.9999963
55000900234607,2022-11-05,1,0,0.9999963
55000900234607,2022-11-06,1,0,0.9999963
55000900234607,2022-11-07,1,0,0.9999963
55000900234607,2022-11-08,1,0,0.9999963
55000900234607,2022-11-09,1,0,0.9999963
55000900234607,2022-11-10,1,0,0.9999963
55000900234607,2022-11-11,1,0,0.9999963
55000900234607,2022-11-12,1,0,0.9999963
55000900234607,2022-11-13,1,0,0.9999963
55000900234607,2022-11-14,1,0,0.9999963
55000900234607,2022-11-15,1,0,0.9999963
55000900234607,2022-11-16,1,0,0.9999963
55000900234607,2022-11-17,1,0,0.9999963
55000900234607,2022-11-18,1,0,0.9999963
55000900234607,2022-11-19,1,0,0.9999963
55000900234607,2022-11-20,1,0,0.9999963
55000900234607,2022-11-21,1,0,0.9999963
55000900234607,2022-11-22,1,0,0.9999963
55000900234607,2022-11-23,1,0,0.9999963
55000900234607,2022-11-24,1,0,0.9999963
55000900234607,2022-11-25,1,0,0.9999963
55000900234607,2022-11-26,1,0,0.9999963
55000900234607,2022-11-27,1,0,0.9999963
55000900234607,2022-11-28,1,0,0.9999963
55000900234607,2022-11-29,1,0,0.9999963
55000900234607,2022-11-30,1,0,0.9999963
55000900234607,2022-12-01,1,0,0.9999963
55000900234607,2022-12-02,1,0,0.9999963
55000900234607,2022-12-03,1,0,0.9999963
55000900234607,2022-12-04,1,0,0.9999963
55000900234607,2022-12-05,1,0,0.9999963
55000900234607,2022-12-06,1,0,0.9999963
55000900234607,2022-12-07,1,0,0.9999963
55000900234607,2022-12-08,1,0,0.9999963
55000900234607,2022-12-09,1,0,0.9999963
55000900234607,2022-12-10,1,0,0.9999963
55000900234607,2022-12-11,1,0,0.9999963
55000900234607,2022-12-12,1,0,0.9999963
55000900234607,2022-12-13,1,0,0.9999963
55000900234607,2022-12-14,1,0,0.9999963
55000900234607,2022-12-15,1,0,0.9999963
55000900234607,2022-12-16,1,0,0.9999963
55000900234607,2022-12-17,1,0,0.9999963
55000900234607,2022-12-18,1,0,0.9999963
55000900234607,2022-12-19,1,0,0.9999963
55000900234607,2022-12-20,1,0,0.9999963
55000900234607,2022-12-21,1,0,0.9999963
55000900234607,2022-12-22,1,0,0.9999963
55000900234607,2022-12-23,1,0,0.9999963
55000900234607,2022-12-24,1,0,0.9999963
55000900234607,2022-12-25,1,0,0.9999963
55000900234607,2022-12-26,1,0,0.9999963
55000900234607,2022-12-27,1,0,0.9999963
55000900234607,2022-12-28,1,0,0.9999963
55000900234607,2022-12-29,1,0,0.9999963
55000900234607,2022-12-30,1,0,0.9999963
55000900234607,2022-12-31,1,0,0.9999963
55000900234607,2023-01-01,1,0,0.9999963
55000900234607,2023-01-02,1,0,0.9999963
55000900234607,2023-01-03,1,0,0.9999963
55000900234607,2023-01-04,1,0,0.9999963
55000900234607,2023-01-05,1,0,0.9999963
55000900234607,2023-01-06,1,0,0.9999963
55000900234607,2023-01-07,1,0,0.9999963
55000900234607,2023-01-08,1,0,0.9999963
55000900234607,2023-01-09,1,0,0.9999963
55000900234607,2023-01-10,1,0,0.9999963
55000900234607,2023-01-11,1,0,0.9999963
55000900234607,2023-01-12,1,0,0.9999963
55000900234607,2023-01-13,1,0,0.9999963
55000900234607,2023-01-14,1,0,0.9999963
55000900234607,2023-01-15,1,0,0.9999963
55000900234607,2023-01-16,1,0,0.9999963
55000900234607,2023-01-17,1,0,0.9999963
55000900234607,2023-01-18,1,0,0.9999963
55000900234607,2023-01-19,1,0,0.9999963
55000900234607,2023-01-20,1,0,0.9999963
55000900234607,2023-01-21,1,0,0.9999963
55000900234607,2023-01-22,1,0,0.9999963
55000900234607,2023-01-23,1,0,0.9999963
55000900234607,2023-01-24,1,0,0.9999963
55000900234607,2023-01-25,1,0,0.9999963
55000900234607,2023-01-26,1,0,0.9999963
55000900234607,2023-01-27,1,0,0.9999963
55000900234607,2023-01-28,1,0,0.9999963
55000900234607,2023-01-29,1,0,0.9999963
55000900234607,2023-01-30,1,0,0.9999963
55000900234607,2023-01-31,1,0,0.9999963
55000900234607,2023-02-01,1,0,0.9999963
55000900234607,2023-02-02,1,0,0.9999963
55000900234607,2023-02-03,1,0,0.9999963
55000900234607,2023-02-04,1,0,0.9999963
55000900234607,2023-02-05,1,0,0.9999963
55000900234607,2023-02-06,1,0,0.9999963
55000900234607,2023-02-07,1,0,0.9999963
55000900234607,2023-02-08,1,0,0.9999963
55000900234607,2023-02-09,1,0,0.9999963
55000900234607,2023-02-10,1,0,0.9999963
55000900234607,2023-02-11,1,0,0.9999963
55000900234607,2023-02-12,1,0,0.9999963
55000900234607,2023-02-14,1,0,0.9999963
55000900234607,2023-02-15,1,0,0.9999963
55000900234607,2023-02-16,1,0,0.9999963
55000900234607,2023-02-17,1,0,0.9999963
55000900234607,2023-02-18,1,0,0.9999963
55000900234607,2023-02-19,1,0,0.9999963
55000900234607,2023-02-20,1,0,0.9999963
55000900234607,2023-02-21,1,0,0.9999963
55000900234607,2023-02-22,1,0,0.9999963
55000900234607,2023-02-23,1,0,0.9999963
55000900234607,2023-02-24,1,0,0.9999963
55000900234607,2023-02-25,1,0,0.9999963
55000900234607,2023-02-26,1,0,0.9999963
55000900234607,2023-02-27,1,0,0.9999963
55000900234607,2023-02-28,1,0,0.9999963
55000900234607,2023-03-01,1,0,0.9999963
55000900234607,2023-03-02,1,0,0.9999963
55000900234607,2023-03-03,1,0,0.9999963
55000900234607,2023-03-04,1,0,0.9999963
55000900234607,2023-03-05,1,0,0.9999963
55000900234607,2023-03-06,1,0,0.9999963
55000900234607,2023-03-07,1,0,0.9999963
55000900234607,2023-03-08,1,0,0.9999963
55000900234607,2023-03-09,1,0,0.9999963
55000900234607,2023-03-10,1,0,0.9999963
55000900234607,2023-03-11,1,0,0.9999963
55000900234607,2023-03-13,1,0,0.9999963
55000900234607,2023-03-14,1,0,0.9999963
55000900234607,2023-03-15,1,0,0.9999963
55000900234607,2023-03-16,1,0,0.9999963
55000900234607,2023-03-17,1,0,0.9999963
55000900234607,2023-03-18,1,0,0.9999963
55000900234607,2023-03-19,1,0,0.9999963
55000900234607,2023-03-20,1,0,0.9999963
55000900234607,2023-03-21,1,0,0.9999963
55000900234607,2023-03-22,1,0,0.9999963
55000900234607,2023-03-23,1,0,0.9999963
55000900234607,2023-03-24,1,0,0.9999963
55000900234607,2023-03-25,1,0,0.9999963
55000900234607,2023-03-26,1,0,0.9999963
55000900234607,2023-03-27,1,0,0.9999963
55000900234607,2023-03-28,1,0,0.9999963
55000900234607,2023-03-29,1,0,0.9999963
55000900234607,2023-03-30,1,0,0.9999963
55000900234607,2023-03-31,1,0,0.9999963
55000900234607,2023-04-01,1,0,0.9999963
55000900234607,2023-04-02,1,0,0.9999963
55000900234607,2023-04-03,1,0,0.9999963
55000900234607,2023-04-04,1,0,0.9999963
55000900234607,2023-04-05,1,0,0.9999963
55000900234607,2023-04-06,1,0,0.9999963
55000900234607,2023-04-07,1,0,0.9999963
55000900234607,2023-04-08,1,0,0.9999963
55000900234607,2023-04-09,1,0,0.9999963
55000900234607,2023-04-10,1,0,0.9999963
55000900234607,2023-04-11,1,0,0.9999963
55000900234607,2023-04-12,1,0,0.9999963
55000900234607,2023-04-13,1,0,0.9999963
55000900234607,2023-04-14,1,0,0.9999963
55000900234607,2023-04-15,1,0,0.9999963
55000900234607,2023-04-16,1,0,0.9999963
55000900234607,2023-04-17,1,0,0.9999963
55000900234607,2023-04-18,1,0,0.9999963
55000900234607,2023-04-19,1,0,0.9999963
55000900234607,2023-04-20,1,0,0.9999963
55000900235848,2020-09-11,1,9,0.999977
55000900235848,2020-09-12,1,9,0.9999708
55000900235848,2020-09-13,1,9,0.99995816
55000900235848,2020-09-14,1,9,0.9999584
55000900235848,2020-09-15,1,9,0.99995923
55000900235848,2020-09-16,1,9,0.9998785
55000900235848,2020-09-17,1,9,0.99993634
55000900235848,2020-09-18,1,9,0.99994254
55000900235848,2020-09-19,1,9,0.9999547
55000900235848,2020-09-20,1,9,0.9999536
55000900235848,2020-09-21,1,9,0.99997365
55000900235848,2020-09-22,1,9,0.9999689
55000900235848,2020-09-23,1,9,0.9999571
55000900235848,2020-09-24,1,9,0.99995935
55000900235848,2020-09-25,1,9,0.999961
55000900235848,2020-09-26,1,9,0.99998033
55000900235848,2020-09-27,1,9,0.9999788
55000900235848,2020-09-28,1,9,0.9999825
55000900235848,2020-09-29,1,9,0.99997735
55000900235848,2020-09-30,1,9,0.9999497
55000900235848,2020-10-01,1,9,0.99996364
55000900235848,2020-10-02,1,9,0.9999536
55000900235848,2020-10-03,1,9,0.99994886
55000900235848,2020-10-04,1,9,0.9999459
55000900235848,2020-10-05,1,9,0.99994457
55000900235848,2020-10-06,1,9,0.99995565
55000900235848,2020-10-07,1,9,0.99995506
55000900235848,2020-10-08,1,9,0.99995685
55000900235848,2020-10-09,1,9,0.99996066
55000900235848,2020-10-10,1,9,0.99996626
55000900235848,2020-10-11,1,9,0.9999479
55000900235848,2020-10-12,1,9,0.9999443
55000900235848,2020-10-13,1,9,0.99998283
55000900235848,2020-10-14,1,9,0.9999833
55000900235848,2020-10-15,1,9,0.9999815
55000900235848,2020-10-16,1,9,0.99998474
55000900235848,2020-10-17,1,9,0.99997485
55000900235848,2020-10-18,1,9,0.9999732
55000900235848,2020-10-19,1,0,0.9999652
55000900235848,2020-10-20,1,0,0.99982774
55000900236525,2020-09-11,1,9,0.9999795
55000900236525,2020-09-12,1,9,0.99997544
55000900236525,2020-09-13,1,9,0.9999728
55000900236525,2020-09-14,1,9,0.99996364
55000900236525,2020-09-15,1,9,0.99996245
55000900236525,2020-09-16,1,9,0.9999093
55000900236525,2020-09-17,1,9,0.9999242
55000900236525,2020-09-18,1,9,0.99989235
55000900236525,2020-09-19,1,9,0.99990094
55000900236525,2020-09-20,1,9,0.99993205
55000900236525,2020-09-21,1,9,0.99998724
55000900236525,2020-09-22,1,9,0.99998474
55000900236525,2020-09-23,1,9,0.9999745
55000900236525,2020-09-24,1,9,0.9999746
55000900236525,2020-09-25,1,9,0.999977
55000900236525,2020-09-26,1,9,0.9999893
55000900236525,2020-09-27,1,9,0.9999825
55000900236525,2020-09-28,1,9,0.99998987
55000900236525,2020-09-29,1,9,0.99998605
55000900236525,2020-09-30,1,9,0.9999813
55000900236525,2020-10-01,1,9,0.999985
55000900236525,2020-10-02,1,9,0.9999809
55000900236525,2020-10-03,1,9,0.9999654
55000900236525,2020-10-04,1,9,0.9999541
55000900236525,2020-10-05,1,9,0.99997294
55000900236525,2020-10-06,1,9,0.9999782
55000900236525,2020-10-07,1,9,0.99997973
55000900236525,2020-10-08,1,9,0.9999833
55000900236525,2020-10-09,1,9,0.99998116
55000900236525,2020-10-10,1,9,0.9999795
55000900236525,2020-10-11,1,9,0.99997985
55000900236525,2020-10-12,1,9,0.99998057
55000900236525,2020-10-13,1,9,0.99999166
55000900236525,2020-10-14,1,9,0.99999106
55000900236525,2020-10-15,1,9,0.9999883
55000900236525,2020-10-16,1,9,0.99999154
55000900236525,2020-10-17,1,9,0.9999881
55000900236525,2020-10-18,1,0,0.99996793
55000900236525,2020-10-19,1,0,0.99966896
55000900237668,2020-09-11,0,9,0.18339393
55000900237668,2020-09-12,0,9,0.3013102
55000900237668,2020-09-13,0,9,0.21332213
55000900237668,2020-09-14,0,9,0.20123367
55000900237668,2020-09-15,0,9,0.19663592
55000900237668,2020-09-16,0,9,0.1934837
55000900237668,2020-09-17,0,9,0.19071192
55000900237668,2020-09-18,0,9,0.19954129
55000900237668,2020-09-19,0,9,0.19982396
55000900237668,2020-09-20,0,9,0.19746104
55000900237668,2020-09-21,0,9,0.30580896
55000900237668,2020-09-22,0,9,0.3423251
55000900237668,2020-09-23,0,9,0.20731594
55000900237668,2020-09-24,0,9,0.17122297
55000900237668,2020-09-25,0,9,0.19109982
55000900237668,2020-09-26,0,9,0.40290427
55000900237668,2020-09-27,0,9,0.40134186
55000900237668,2020-09-28,0,9,0.5679144
55000900237668,2020-09-29,0,9,0.37952876
55000900237668,2020-09-30,0,9,0.19209366
55000900237668,2020-10-01,0,9,0.16125414
55000900237668,2020-10-02,0,9,0.1611871
55000900237668,2020-10-03,0,9,0.17202856
55000900237668,2020-10-04,0,9,0.17395991
55000900237668,2020-10-05,0,9,0.17986295
55000900237668,2020-10-06,0,9,0.1823676
55000900237668,2020-10-07,0,9,0.18537278
55000900237668,2020-10-08,0,9,0.1615816
55000900237668,2020-10-09,0,9,0.16000839
55000900237668,2020-10-10,0,9,0.17988709
55000900237668,2020-10-11,1,9,0.18220969
55000900237668,2020-10-12,1,9,0.13391753
55000900237668,2020-10-13,1,9,0.3545978
55000900237668,2020-10-14,1,9,0.9467743
55000900237668,2020-10-15,1,9,0.9936386
55000900237668,2020-10-16,0,9,0.9994424
55000900237668,2020-10-17,0,9,0.99867487
55000900237668,2020-10-18,0,9,0.9944616
55000900237668,2020-10-19,0,9,0.3042154
55000900237668,2020-10-20,0,9,0.23114808
55000900237668,2020-10-21,0,9,0.29651082
55000900237668,2020-10-22,0,9,0.2856931
55000900237668,2020-10-23,0,9,0.26963246
55000900237668,2020-10-24,1,9,0.33028048
55000900237668,2020-10-25,0,9,0.3447854
55000900237668,2020-10-26,0,0,0.34557012
55000900237668,2020-10-27,0,0,0.4948459
55000900271029,2020-09-11,1,9,0.99998534
55000900271029,2020-09-12,1,9,0.9999844
55000900271029,2020-09-13,1,9,0.9999845
55000900271029,2020-09-14,1,9,0.9999851
55000900271029,2020-09-15,1,9,0.99998426
55000900271029,2020-09-16,1,9,0.9999759
55000900271029,2020-09-17,1,9,0.9999777
55000900271029,2020-09-18,1,9,0.9999831
55000900271029,2020-09-19,1,9,0.999984
55000900271029,2020-09-20,1,9,0.99998534
55000900271029,2020-09-21,1,9,0.9999883
55000900271029,2020-09-22,1,9,0.9999813
55000900271029,2020-09-23,1,9,0.9999869
55000900271029,2020-09-24,1,9,0.99998665
55000900271029,2020-09-25,1,9,0.9999877
55000900271029,2020-09-26,1,9,0.99999034
55000900271029,2020-09-27,1,9,0.99999154
55000900271029,2020-09-28,1,9,0.99999225
55000900271029,2020-09-29,1,9,0.99999225
55000900271029,2020-09-30,1,9,0.999992
55000900271029,2020-10-01,1,9,0.9999888
55000900271029,2020-10-02,1,9,0.99998736
55000900271029,2020-10-03,1,9,0.9999838
55000900271029,2020-10-04,1,9,0.99997926
55000900271029,2020-10-05,1,9,0.99997926
55000900271029,2020-10-06,1,9,0.99998665
55000900271029,2020-10-07,1,9,0.9999888
55000900271029,2020-10-08,1,9,0.9999876
55000900271029,2020-10-09,1,9,0.9999852
55000900271029,2020-10-10,1,9,0.9999844
55000900271029,2020-10-11,1,9,0.9999845
55000900271029,2020-10-12,1,9,0.999985
55000900271029,2020-10-13,1,9,0.999992
55000900271029,2020-10-14,1,9,0.99999225
55000900271029,2020-10-15,1,9,0.9999918
55000900271029,2020-10-16,1,9,0.99999213
55000900271029,2020-10-17,1,9,0.9999908
55000900271029,2020-10-18,1,9,0.9999913
55000900271029,2020-10-19,1,9,0.9999906
55000900271029,2020-10-20,1,0,0.9999802
55000900271029,2020-10-21,1,0,0.9999682
55000900271031,2020-09-11,1,0,0.82788783
55000900271031,2020-09-12,1,0,0.9430113
55000900271031,2020-09-13,1,0,0.2990885
55000900271031,2020-09-14,1,0,0.9141469
55000900271031,2020-09-15,0,0,0.94469017
55000900271031,2020-09-16,0,0,0.9440419
55000900271031,2020-09-17,0,0,0.9418933
55000900271031,2020-09-18,1,0,0.39292678
55000900271031,2020-09-19,1,0,0.15028332
55000900271031,2020-09-20,1,0,0.19406085
55000900271031,2020-09-21,1,0,0.5822776
55000900271031,2020-09-22,0,0,0.7334451
55000900271031,2020-09-23,1,0,0.73294276
55000900271031,2020-09-24,1,0,0.7553985
55000900271031,2020-09-25,1,0,0.26148453
55000900271031,2020-09-26,1,0,0.73376316
55000900271031,2020-09-27,1,0,0.807158
55000900271031,2020-09-28,1,0,0.981912
55000900271031,2020-09-29,1,0,0.9465374
55000900271031,2020-09-30,1,0,0.87339795
55000900271031,2020-10-01,1,0,0.5550117
55000900271031,2020-10-02,1,0,0.69283164
55000900271031,2020-10-03,0,0,0.86771303
55000900271031,2020-10-04,0,0,0.90732783
55000900271031,2020-10-05,0,0,0.91237974
55000900271031,2020-10-06,0,0,0.2624634
55000900271031,2020-10-07,0,0,0.27294913
55000900271031,2020-10-08,0,0,0.16310477
55000900271031,2020-10-09,0,0,0.17907044
55000900271031,2020-10-10,1,0,0.2625444
55000900271031,2020-10-11,1,0,0.2973842
55000900271031,2020-10-12,1,0,0.26715326
55000900271031,2020-10-13,1,0,0.8737551
55000900271031,2020-10-14,1,0,0.9809064
55000900271031,2020-10-15,0,0,0.9663435
55000900271031,2020-10-16,0,0,0.99943227
55000900271031,2020-10-17,0,0,0.9957873
55000900271031,2020-10-18,0,0,0.2155143
55000900271031,2020-10-19,0,0,0.22179148
55000900271031,2020-10-20,0,0,0.36132914
55000900271031,2020-10-21,0,0,0.36662313
55000900271031,2020-10-22,0,0,0.37238368
55000900271031,2020-10-23,0,0,0.35575223
55000900271031,2020-10-24,0,0,0.37446082
55000900271031,2020-10-25,0,0,0.3562685
55000900271031,2020-10-26,0,0,0.3767852
55000900271031,2020-10-27,0,0,0.34379303
55000900271031,2020-10-29,1,0,0.37106943
55000900271031,2020-10-30,1,0,0.1537642
55000900271031,2020-10-31,1,0,0.30882132
55000900271031,2020-11-01,1,0,0.6691496
55000900271031,2020-11-02,1,0,0.8615644
55000900271031,2020-11-03,1,0,0.75650907
55000900271031,2020-11-04,1,0,0.8172592
55000900271031,2020-11-05,1,0,0.8606589
55000900271031,2020-11-06,1,0,0.87506205
55000900271031,2020-11-07,1,0,0.92839193
55000900271031,2020-11-08,1,0,0.9944616
55000900271031,2020-11-09,1,0,0.98945415
55000900271031,2020-11-10,1,0,0.9876873
55000900271031,2020-11-11,1,0,0.9848626
55000900271031,2020-11-12,1,0,0.9850713
55000900271031,2020-11-13,1,0,0.99978846
55000900271031,2020-11-14,1,0,0.9985384
55000900271031,2020-11-15,1,0,0.9995141
55000900271031,2020-11-16,1,0,0.99996626
55000900271031,2020-11-17,1,0,0.99998283
55000900271031,2020-11-18,1,0,0.99997413
55000900271031,2020-11-19,1,0,0.99996436
55000900271031,2020-11-20,1,0,0.99997115
55000900271031,2020-11-21,1,0,0.9999827
55000900271031,2020-11-22,1,0,0.99997485
55000900271031,2020-11-23,1,0,0.99994767
55000900271031,2020-11-24,1,0,0.9994949
55000900271031,2020-11-25,1,0,0.9976622
55000900271031,2020-11-26,1,0,0.9984169
55000900271031,2020-11-27,1,0,0.9997079
55000900271031,2020-11-28,1,0,0.9999726
55000900271031,2020-11-29,1,0,0.9999794
55000900271031,2020-11-30,1,0,0.9997445
55000900271031,2020-12-01,1,0,0.99894506
55000900271031,2020-12-02,1,0,0.998396
55000900271031,2020-12-03,1,0,0.9998516
55000900271031,2020-12-04,1,0,0.9998754
55000900271031,2020-12-05,1,0,0.99960417
55000900271031,2020-12-06,1,0,0.9986772
55000900271031,2020-12-07,1,0,0.99839044
55000900271031,2020-12-08,1,0,0.99839056
55000900271031,2020-12-09,1,0,0.99931824
55000900271031,2020-12-10,1,0,0.998566
55000900271031,2020-12-11,1,0,0.99880743
55000900271031,2020-12-12,1,0,0.99928576
55000900271031,2020-12-13,1,0,0.99956185
55000900271031,2020-12-14,1,0,0.99998224
55000900271031,2020-12-15,1,0,0.99998903
55000900271031,2020-12-16,1,0,0.9999894
55000900271031,2020-12-17,1,0,0.9999882
55000900271031,2020-12-18,1,0,0.9999827
55000900271031,2020-12-19,1,0,0.9999919
55000900271031,2020-12-20,1,0,0.99998796
55000900271031,2020-12-21,1,0,0.99998
55000900271031,2020-12-22,1,0,0.99998903
55000900271031,2020-12-23,1,0,0.99999046
55000900271031,2020-12-24,1,0,0.9999875
55000900271031,2020-12-25,1,0,0.99998343
55000900271031,2020-12-26,1,0,0.99998367
55000900271031,2020-12-27,1,0,0.9999347
55000900271031,2020-12-28,1,0,0.999979
55000900271031,2020-12-29,1,0,0.99998236
55000900271031,2020-12-30,1,0,0.99997616
55000900271031,2020-12-31,1,0,0.99979347
55000900271031,2021-01-01,1,0,0.9987489
55000900271031,2021-01-02,1,0,0.99997854
55000900271031,2021-01-03,1,0,0.9999858
55000900271031,2021-01-04,1,0,0.9999851
55000900271031,2021-01-05,1,0,0.9999858
55000900271031,2021-01-06,1,0,0.999985
55000900271031,2021-01-07,1,0,0.99998605
55000900271031,2021-01-08,1,0,0.9999862
55000900271031,2021-01-09,1,0,0.9999865
55000900271031,2021-01-10,1,0,0.99998164
55000900271031,2021-01-11,1,0,0.99998665
55000900271031,2021-01-12,1,0,0.9999858
55000900271031,2021-01-13,1,0,0.999987
55000900271031,2021-01-14,1,0,0.999987
55000900271031,2021-01-15,1,0,0.99998724
55000900271031,2021-01-16,1,0,0.9999871
55000900271031,2021-01-17,1,0,0.99998724
55000900271031,2021-01-18,1,0,0.9999871
55000900271031,2021-01-19,1,0,0.99998724
55000900271031,2021-01-20,1,0,0.99998724
55000900271031,2021-01-21,1,0,0.99998724
55000900271031,2021-01-22,1,0,0.9999871
55000900271031,2021-01-23,1,0,0.99998677
55000900271031,2021-01-24,1,0,0.9999871
55000900271031,2021-01-25,1,0,0.99998724
55000900271031,2021-01-26,1,0,0.9999871
55000900271031,2021-01-27,1,0,0.9999875
55000900271031,2021-01-28,1,0,0.9999875
55000900271031,2021-01-29,1,0,0.9999876
55000900271031,2021-01-30,1,0,0.99999034
55000900271031,2021-01-31,1,0,0.9999881
55000900271031,2021-02-01,1,0,0.99999034
55000900271031,2021-02-02,1,0,0.99999034
55000900271031,2021-02-03,1,0,0.99999034
55000900271031,2021-02-04,1,0,0.99999034
55000900271031,2021-02-05,1,0,0.99999034
55000900271031,2021-02-06,1,0,0.99999034
55000900271031,2021-02-07,1,0,0.99999034
55000900271031,2021-02-08,1,0,0.99999034
55000900271031,2021-02-09,1,0,0.99999034
55000900271031,2021-02-10,1,0,0.99999034
55000900271031,2021-02-11,1,0,0.99999034
55000900271031,2021-02-12,1,0,0.99999034
55000900271031,2021-02-13,1,0,0.99999034
55000900271031,2021-02-14,1,0,0.99999034
55000900271031,2021-02-15,1,0,0.99999034
55000900271031,2021-02-16,1,0,0.99999034
55000900271031,2021-02-17,1,0,0.99999034
55000900271031,2021-02-18,1,0,0.99999034
55000900271031,2021-02-19,1,0,0.99999034
55000900271031,2021-02-20,1,0,0.99999034
55000900271031,2021-02-21,1,0,0.99999034
55000900271031,2021-02-22,1,0,0.99999034
55000900271031,2021-02-23,1,0,0.99999034
55000900271031,2021-02-24,1,0,0.99999034
55000900271031,2021-02-25,1,0,0.99999034
55000900271031,2021-02-26,1,0,0.99999034
55000900271031,2021-02-27,1,0,0.99999034
55000900271031,2021-02-28,1,0,0.99999034
55000900271031,2021-03-01,1,0,0.99999034
55000900271031,2021-03-02,1,0,0.99999034
55000900271031,2021-03-03,1,0,0.99999034
55000900271031,2021-03-04,1,0,0.99999034
55000900271031,2021-03-05,1,0,0.99999034
55000900271031,2021-03-06,1,0,0.99999034
55000900271031,2021-03-07,1,0,0.99999034
55000900271031,2021-03-08,1,0,0.99999034
55000900271031,2021-03-09,1,0,0.99999034
55000900271031,2021-03-10,1,0,0.99999034
55000900271031,2021-03-11,1,0,0.99999034
55000900271031,2021-03-12,1,0,0.99999034
55000900271031,2021-03-13,1,0,0.99999034
55000900271031,2021-03-15,1,0,0.99999034
55000900271031,2021-03-16,1,0,0.99999034
55000900271031,2021-03-17,1,0,0.99999034
55000900271031,2021-03-18,1,0,0.99999034
55000900271031,2021-03-19,1,0,0.99999034
55000900271031,2021-03-20,1,0,0.99999034
55000900271031,2021-03-21,1,0,0.99999034
55000900271031,2021-03-22,1,0,0.99999034
55000900271031,2021-03-23,1,0,0.99999034
55000900271031,2021-03-24,1,0,0.99999034
55000900271031,2021-03-25,1,0,0.99999034
55000900271031,2021-03-26,1,0,0.99999034
55000900271031,2021-03-27,1,0,0.99999034
55000900271031,2021-03-28,1,0,0.99999034
55000900271031,2021-03-29,1,0,0.99999034
55000900271031,2021-03-30,1,0,0.99999034
55000900271031,2021-03-31,1,0,0.99999034
55000900271031,2021-04-01,1,0,0.99999034
55000900271031,2021-04-02,1,0,0.99999034
55000900271031,2021-04-03,1,0,0.99999034
55000900271031,2021-04-04,1,0,0.99999034
55000900271031,2021-04-05,1,0,0.99999034
55000900271031,2021-04-06,1,0,0.99999034
55000900271031,2021-04-07,1,0,0.99999034
55000900271031,2021-04-08,1,0,0.99999034
55000900271031,2021-04-09,1,0,0.99999034
55000900271031,2021-04-10,1,0,0.99999034
55000900271031,2021-04-11,1,0,0.99999034
55000900271031,2021-04-12,1,0,0.99999034
55000900271031,2021-04-13,1,0,0.99999034
55000900271031,2021-04-14,1,0,0.99999034
55000900271031,2021-04-15,1,0,0.99999034
55000900271031,2021-04-16,1,0,0.99999034
55000900271031,2021-04-17,1,0,0.99999034
55000900271031,2021-04-18,1,0,0.99999034
55000900271031,2021-04-19,1,0,0.99999034
55000900271031,2021-04-20,1,0,0.99999034
55000900271031,2021-04-21,1,0,0.99999034
55000900271031,2021-04-22,1,0,0.99999034
55000900271031,2021-04-23,1,0,0.99999034
55000900271031,2021-04-24,1,0,0.99999034
55000900271031,2021-04-25,1,0,0.99999034
55000900271031,2021-04-26,1,0,0.99999034
55000900271031,2021-04-27,1,0,0.99999034
55000900271031,2021-04-28,1,0,0.99999034
55000900271031,2021-04-29,1,0,0.99999034
55000900271031,2021-04-30,1,0,0.99999034
55000900271031,2021-05-01,1,0,0.99999034
55000900271031,2021-05-02,1,0,0.99999034
55000900271031,2021-05-03,1,0,0.99999034
55000900271031,2021-05-04,1,0,0.99999034
55000900271031,2021-05-05,1,0,0.99999034
55000900271031,2021-05-06,1,0,0.99999034
55000900271031,2021-05-07,1,0,0.99999034
55000900271031,2021-05-08,1,0,0.99999034
55000900271031,2021-05-09,1,0,0.99999034
55000900271031,2021-05-10,1,0,0.99999034
55000900271031,2021-05-11,1,0,0.99999034
55000900271031,2021-05-12,1,0,0.99999034
55000900271031,2021-05-13,1,0,0.99999034
55000900271031,2021-05-14,1,0,0.99999034
55000900271031,2021-05-15,1,0,0.99999034
55000900271031,2021-05-16,1,0,0.99999034
55000900271031,2021-05-17,1,0,0.99999034
55000900271031,2021-05-18,1,0,0.99999034
55000900271031,2021-05-19,1,0,0.99999034
55000900271031,2021-05-20,1,0,0.99999034
55000900271031,2021-05-21,1,0,0.99999034
55000900271031,2021-05-22,1,0,0.99999034
55000900271031,2021-05-23,1,0,0.99999034
55000900271031,2021-05-24,1,0,0.99999034
55000900271031,2021-05-25,1,0,0.99999034
55000900271031,2021-05-26,1,0,0.99999034
55000900271031,2021-05-27,1,0,0.99999034
55000900271031,2021-05-28,1,0,0.99999034
55000900271031,2021-05-29,1,0,0.99999034
55000900271031,2021-05-30,1,0,0.99999034
55000900271031,2021-05-31,1,0,0.99999034
55000900271031,2021-06-01,1,0,0.99999034
55000900271031,2021-06-02,1,0,0.99999034
55000900271031,2021-06-03,1,0,0.99999034
55000900271031,2021-06-04,1,0,0.99999034
55000900271031,2021-06-05,1,0,0.99999034
55000900271031,2021-06-06,1,0,0.99999034
55000900271031,2021-06-07,1,0,0.99999034
55000900271031,2021-06-08,1,0,0.99999034
55000900271031,2021-06-09,1,0,0.99999034
55000900271031,2021-06-10,1,0,0.99999034
55000900271031,2021-06-11,1,0,0.99999034
55000900271031,2021-06-12,1,0,0.99999034
55000900271031,2021-06-13,1,0,0.99999034
55000900271031,2021-06-14,1,0,0.99999034
55000900271031,2021-06-15,1,0,0.99999034
55000900271031,2021-06-16,1,0,0.99999034
55000900271031,2021-06-17,1,0,0.99999034
55000900271031,2021-06-18,1,0,0.99999034
55000900271031,2021-06-19,1,0,0.99999034
55000900271031,2021-06-20,1,0,0.99999034
55000900271031,2021-06-21,1,0,0.99999034
55000900271031,2021-06-22,1,0,0.99999034
55000900271031,2021-06-23,1,0,0.99999034
55000900271031,2021-06-24,1,0,0.99999034
55000900271031,2021-06-25,1,0,0.99999034
55000900271031,2021-06-26,1,0,0.99999034
55000900271031,2021-06-27,1,0,0.99999034
55000900271031,2021-06-28,1,0,0.99999034
55000900271031,2021-06-29,1,0,0.99999034
55000900271031,2021-06-30,1,0,0.99999034
55000900271031,2021-07-01,1,0,0.99999034
55000900271031,2021-07-02,1,0,0.99999034
55000900271031,2021-07-03,1,0,0.99999034
55000900271031,2021-07-04,1,0,0.99999034
55000900271031,2021-07-05,1,0,0.99999034
55000900271031,2021-07-06,1,0,0.99999034
55000900271031,2021-07-07,1,0,0.99999034
55000900271031,2021-07-08,1,0,0.99999034
55000900271031,2021-07-09,1,0,0.99999034
55000900271031,2021-07-10,1,0,0.99999034
55000900271031,2021-07-11,1,0,0.99999034
55000900271031,2021-07-12,1,0,0.99999034
55000900271031,2021-07-13,1,0,0.99999034
55000900271031,2021-07-14,1,0,0.99999034
55000900271031,2021-07-15,1,0,0.99999034
55000900271031,2021-07-16,1,0,0.99999034
55000900271031,2021-07-17,1,0,0.99999034
55000900271031,2021-07-18,1,0,0.99999034
55000900271031,2021-07-19,1,0,0.99999034
55000900271031,2021-07-20,1,0,0.99999034
55000900271031,2021-07-21,1,0,0.99999034
55000900271031,2021-07-22,1,0,0.99999034
55000900271031,2021-07-23,1,0,0.99999034
55000900271031,2021-07-24,1,0,0.99999034
55000900271031,2021-07-25,1,0,0.99999034
55000900271031,2021-07-26,1,0,0.99999034
55000900271031,2021-07-27,1,0,0.99999034
55000900271031,2021-07-28,1,0,0.99999034
55000900271031,2021-07-29,1,0,0.99999034
55000900271031,2021-07-30,1,0,0.99999034
55000900271031,2021-07-31,1,0,0.99999034
55000900271031,2021-08-01,1,0,0.99999034
55000900271031,2021-08-02,1,0,0.99999034
55000900271031,2021-08-03,0,0,0.99999034
55000900271031,2021-08-04,0,0,0.99999034
55000900271031,2021-08-05,0,0,0.99999034
55000900271031,2021-08-06,0,0,0.9999924
55000900271031,2021-08-07,0,0,0.9999924
55000900271031,2021-08-08,0,0,0.9999924
55000900271031,2021-08-09,0,0,0.9999924
55000900271031,2021-08-10,0,0,0.9999925
55000900271031,2021-08-11,0,0,0.9999925
55000900271031,2021-08-12,0,0,0.9999925
55000900271031,2021-08-13,0,0,0.9999925
55000900271031,2021-08-14,0,0,0.9999925
55000900271031,2021-08-15,0,0,0.9999925
55000900271031,2021-08-16,0,0,0.9999925
55000900271031,2021-08-17,0,0,0.9999925
55000900271031,2021-08-18,0,0,0.9999925
55000900271031,2021-08-19,0,0,0.99997723
55000900271031,2021-08-20,0,0,0.99997747
55000900271031,2021-08-21,0,0,0.99997735
55000900271031,2021-08-22,0,0,0.99997735
55000900271031,2021-08-23,0,0,0.99997723
55000900271031,2021-08-24,0,0,0.99997723
55000900271031,2021-08-25,0,0,0.9999771
55000900271031,2021-08-26,0,0,0.999977
55000900271031,2021-08-27,0,0,0.9999769
55000900271031,2021-08-28,0,0,0.99997675
55000900271031,2021-08-29,0,0,0.9999765
55000900271031,2021-08-30,0,0,0.99997604
55000900271031,2021-08-31,0,0,0.999974
55000900271031,2021-09-01,0,0,0.99978095
55000900271031,2021-09-02,0,0,0.9995683
55000900271031,2021-09-03,0,0,0.99951136
55000900271031,2021-09-04,0,0,0.9995623
55000900271031,2021-09-05,0,0,0.9995623
55000900271031,2021-09-06,0,0,0.9995623
55000900271031,2021-09-07,0,0,0.9995623
55000900271031,2021-09-08,0,0,0.9995623
55000900271031,2021-09-09,0,0,0.9995623
55000900271031,2021-09-10,0,0,0.9995623
55000900271031,2021-09-11,0,0,0.9995623
55000900271031,2021-09-12,0,0,0.9995623
55000900271031,2021-09-13,0,0,0.9995623
55000900271031,2021-09-14,0,0,0.9995623
55000900271031,2021-09-15,0,0,0.9995623
55000900271031,2021-09-16,0,0,0.9995623
55000900271031,2021-09-17,0,0,0.9995623
55000900271031,2021-09-18,1,0,0.9995623
55000900271031,2021-09-19,1,0,0.9995623
55000900271031,2021-09-20,1,0,0.9995623
55000900271031,2021-09-21,1,0,0.9999039
55000900271031,2021-09-22,1,0,0.9999231
55000900271031,2021-09-23,1,0,0.9999399
55000900271031,2021-09-24,1,0,0.99995613
55000900271031,2021-09-25,0,0,0.9999602
55000900271031,2021-09-26,0,0,0.9999665
55000900271031,2021-09-27,1,0,0.99996865
55000900271031,2021-09-28,1,0,0.99995613
55000900271031,2021-09-29,1,0,0.99995804
55000900271031,2021-09-30,1,0,0.99997485
55000900271031,2021-10-01,1,0,0.9999714
55000900271031,2021-10-02,1,0,0.9999758
55000900271031,2021-10-03,1,0,0.9999764
55000900271031,2021-10-04,1,0,0.99997747
55000900271031,2021-10-05,1,0,0.99997866
55000900271031,2021-10-06,1,0,0.9999801
55000900271031,2021-10-07,1,0,0.99998224
55000900271031,2021-10-08,1,0,0.99998426
55000900271031,2021-10-09,1,0,0.99998605
55000900271031,2021-10-10,1,0,0.99998677
55000900271031,2021-10-11,1,0,0.9999871
55000900271031,2021-10-12,1,0,0.99998724
55000900271031,2021-10-13,1,0,0.99998724
55000900271031,2021-10-14,1,0,0.99998736
55000900271031,2021-10-15,1,0,0.99998736
55000900271031,2021-10-16,1,0,0.99998736
55000900271031,2021-10-17,1,0,0.9999875
55000900271031,2021-10-18,1,0,0.9999877
55000900271031,2021-10-19,1,0,0.9999876
55000900271031,2021-10-20,1,0,0.99998784
55000900271031,2021-10-21,1,0,0.99998784
55000900271031,2021-10-22,1,0,0.99998784
55000900271031,2021-10-23,1,0,0.99998784
55000900271031,2021-10-24,1,0,0.99998784
55000900271031,2021-10-25,1,0,0.99998784
55000900271031,2021-10-26,1,0,0.9999877
55000900271031,2021-10-27,1,0,0.99998844
55000900271031,2021-10-28,1,0,0.99998796
55000900271031,2021-10-29,1,0,0.99999034
55000900271031,2021-10-30,1,0,0.99999034
55000900271031,2021-10-31,1,0,0.99999034
55000900271031,2021-11-01,1,0,0.99999034
55000900271031,2021-11-02,1,0,0.99999034
55000900271031,2021-11-03,1,0,0.99999034
55000900271031,2021-11-04,1,0,0.99999034
55000900271031,2021-11-05,1,0,0.99999034
55000900271031,2021-11-06,1,0,0.99999034
55000900271031,2021-11-07,1,0,0.99999034
55000900271031,2021-11-08,1,0,0.99999034
55000900271031,2021-11-09,1,0,0.99999034
55000900271031,2021-11-10,1,0,0.99999034
55000900271031,2021-11-11,1,0,0.99999034
55000900271031,2021-11-12,1,0,0.99999034
55000900271031,2021-11-13,1,0,0.99999034
55000900271031,2021-11-14,1,0,0.99999034
55000900271031,2021-11-15,1,0,0.99999034
55000900271031,2021-11-16,1,0,0.99999034
55000900271031,2021-11-17,1,0,0.99999034
55000900271031,2021-11-18,1,0,0.99999034
55000900271031,2021-11-19,1,0,0.99999034
55000900271031,2021-11-20,1,0,0.99999034
55000900271031,2021-11-21,1,0,0.99999034
55000900271031,2021-11-22,1,0,0.99999034
55000900271031,2021-11-23,1,0,0.99999034
55000900271031,2021-11-24,1,0,0.99999034
55000900271031,2021-11-25,1,0,0.99999034
55000900271031,2021-11-26,1,0,0.99999034
55000900271031,2021-11-27,1,0,0.99999034
55000900271031,2021-11-28,1,0,0.99999034
55000900271031,2021-11-29,1,0,0.99999034
55000900271031,2021-11-30,1,0,0.99999034
55000900271031,2021-12-01,1,0,0.99999034
55000900271031,2021-12-02,1,0,0.99999034
55000900271031,2021-12-03,1,0,0.99999034
55000900271031,2021-12-04,1,0,0.99999034
55000900271031,2021-12-05,1,0,0.99999034
55000900271031,2021-12-06,1,0,0.99999034
55000900271031,2021-12-07,1,0,0.99999034
55000900271031,2021-12-08,1,0,0.99999034
55000900271031,2021-12-09,1,0,0.99999034
55000900271031,2021-12-10,1,0,0.99999034
55000900271031,2021-12-11,1,0,0.99999034
55000900271031,2021-12-12,1,0,0.99999034
55000900271031,2021-12-13,1,0,0.99999034
55000900271031,2021-12-14,1,0,0.99999034
55000900271031,2021-12-15,1,0,0.99999034
55000900271031,2021-12-16,1,0,0.99999034
55000900271031,2021-12-17,1,0,0.99999034
55000900271031,2021-12-18,1,0,0.99999034
55000900271031,2021-12-19,1,0,0.99999034
55000900271031,2021-12-20,1,0,0.99999034
55000900271031,2021-12-21,1,0,0.99999034
55000900271031,2021-12-22,1,0,0.99999034
55000900271031,2021-12-23,1,0,0.99999034
55000900271031,2021-12-24,1,0,0.99999034
55000900271031,2021-12-25,1,0,0.99999034
55000900271031,2021-12-26,1,0,0.99999034
55000900271031,2021-12-27,1,0,0.99999034
55000900271031,2021-12-28,1,0,0.99999034
55000900271031,2021-12-29,1,0,0.99999034
55000900271031,2021-12-30,1,0,0.99999034
55000900271031,2021-12-31,1,0,0.99999034
55000900271031,2022-01-01,1,0,0.99999034
55000900271031,2022-01-02,1,0,0.99999034
55000900271031,2022-01-03,1,0,0.99999034
55000900271031,2022-01-04,1,0,0.99999034
55000900271031,2022-01-05,1,0,0.99999034
55000900271031,2022-01-06,1,0,0.99999034
55000900271031,2022-01-07,1,0,0.99999034
55000900271031,2022-01-08,1,0,0.99999034
55000900271031,2022-01-09,1,0,0.99999034
55000900271031,2022-01-10,1,0,0.99999034
55000900271031,2022-01-11,1,0,0.99999034
55000900271031,2022-01-12,1,0,0.99999034
55000900271031,2022-01-13,1,0,0.99999034
55000900271031,2022-01-14,1,0,0.99999034
55000900271031,2022-01-15,1,0,0.99999034
55000900271031,2022-01-16,1,0,0.99999034
55000900271031,2022-01-17,1,0,0.99999034
55000900271031,2022-01-18,1,0,0.99999034
55000900271031,2022-01-19,1,0,0.99999034
55000900271031,2022-01-20,1,0,0.99999034
55000900271031,2022-01-21,1,0,0.99999034
55000900271031,2022-01-22,1,0,0.99999034
55000900271031,2022-01-23,1,0,0.99999034
55000900271031,2022-01-24,1,0,0.99999034
55000900271031,2022-01-25,1,0,0.99999034
55000900271031,2022-01-26,1,0,0.99999034
55000900271031,2022-01-27,1,0,0.99999034
55000900271031,2022-01-28,1,0,0.99999034
55000900271031,2022-01-29,1,0,0.99999034
55000900271031,2022-01-30,1,0,0.99999034
55000900271031,2022-01-31,1,0,0.99999034
55000900271031,2022-02-01,1,0,0.99999034
55000900271031,2022-02-02,1,0,0.99999034
55000900271031,2022-02-03,1,0,0.99999034
55000900271031,2022-02-04,1,0,0.99999034
55000900271031,2022-02-05,1,0,0.99999034
55000900271031,2022-02-06,1,0,0.99999034
55000900271031,2022-02-07,1,0,0.99999034
55000900271031,2022-02-08,1,0,0.99999034
55000900271031,2022-02-09,1,0,0.99999034
55000900271031,2022-02-10,1,0,0.99999034
55000900271031,2022-02-11,1,0,0.99999034
55000900271031,2022-02-12,1,0,0.99999034
55000900271031,2022-02-13,1,0,0.99999034
55000900271031,2022-02-14,1,0,0.99999034
55000900271031,2022-02-15,1,0,0.99999034
55000900271031,2022-02-16,1,0,0.99999034
55000900271031,2022-02-17,1,0,0.99999034
55000900271031,2022-02-18,1,0,0.99999034
55000900271031,2022-02-19,1,0,0.99999034
55000900271031,2022-02-20,1,0,0.99999034
55000900271031,2022-02-21,1,0,0.99999034
55000900271031,2022-02-22,1,0,0.99999034
55000900271031,2022-02-23,1,0,0.99999034
55000900271031,2022-02-24,1,0,0.99999034
55000900271031,2022-02-25,1,0,0.99999034
55000900271031,2022-02-26,1,0,0.99999034
55000900271031,2022-02-27,1,0,0.99999034
55000900271031,2022-02-28,1,0,0.99999034
55000900271031,2022-03-01,1,0,0.99999034
55000900271031,2022-03-02,1,0,0.99999034
55000900271031,2022-03-03,1,0,0.99999034
55000900271031,2022-03-04,1,0,0.99999034
55000900271031,2022-03-05,1,0,0.99999034
55000900271031,2022-03-06,1,0,0.99999034
55000900271031,2022-03-07,1,0,0.99999034
55000900271031,2022-03-08,1,0,0.99999034
55000900271031,2022-03-09,1,0,0.99999034
55000900271031,2022-03-10,1,0,0.99999034
55000900271031,2022-03-11,1,0,0.99999034
55000900271031,2022-03-12,1,0,0.99999034
55000900271031,2022-03-14,1,0,0.99999034
55000900271031,2022-03-15,1,0,0.99999034
55000900271031,2022-03-16,1,0,0.99999034
55000900271031,2022-03-17,1,0,0.99999034
55000900271031,2022-03-18,1,0,0.99999034
55000900271031,2022-03-19,1,0,0.99999034
55000900271031,2022-03-20,1,0,0.99999034
55000900271031,2022-03-21,1,0,0.99999034
55000900271031,2022-03-22,1,0,0.99999034
55000900271031,2022-03-23,1,0,0.99999034
55000900271031,2022-03-24,1,0,0.99999034
55000900271031,2022-03-25,1,0,0.99999034
55000900271031,2022-03-26,1,0,0.99999034
55000900271031,2022-03-27,1,0,0.99999034
55000900271031,2022-03-28,1,0,0.99999034
55000900271031,2022-03-29,1,0,0.99999034
55000900271031,2022-03-30,1,0,0.99999034
55000900271031,2022-03-31,1,0,0.99999034
55000900271031,2022-04-01,1,0,0.99999034
55000900271031,2022-04-02,1,0,0.99999034
55000900271031,2022-04-03,1,0,0.99999034
55000900271031,2022-04-04,1,0,0.99999034
55000900271031,2022-04-05,1,0,0.99999034
55000900271031,2022-04-06,1,0,0.99999034
55000900271031,2022-04-07,1,0,0.99999034
55000900271031,2022-04-08,1,0,0.99999034
55000900271031,2022-04-09,1,0,0.99999034
55000900271031,2022-04-10,1,0,0.99999034
55000900271031,2022-04-11,1,0,0.99999034
55000900271031,2022-04-12,1,0,0.99999034
55000900271031,2022-04-13,1,0,0.99999034
55000900271031,2022-04-14,1,0,0.99999034
55000900271031,2022-04-15,1,0,0.99999034
55000900271031,2022-04-16,1,0,0.99999034
55000900271031,2022-04-17,1,0,0.99999034
55000900271031,2022-04-18,1,0,0.99999034
55000900271031,2022-04-19,1,0,0.99999034
55000900271031,2022-04-20,1,0,0.99999034
55000900271031,2022-04-21,1,0,0.99999034
55000900271031,2022-04-22,1,0,0.99999034
55000900271031,2022-04-23,1,0,0.99999034
55000900271031,2022-04-24,1,0,0.99999034
55000900271031,2022-04-25,1,0,0.99999034
55000900271031,2022-04-26,1,0,0.99999034
55000900271031,2022-04-27,1,0,0.99999034
55000900271031,2022-04-28,1,0,0.99999034
55000900271031,2022-04-29,1,0,0.99999034
55000900271031,2022-04-30,1,0,0.99999034
55000900271031,2022-05-01,1,0,0.99999034
55000900271031,2022-05-02,1,0,0.99999034
55000900271031,2022-05-03,1,0,0.99999034
55000900271031,2022-05-04,1,0,0.99999034
55000900271031,2022-05-05,1,0,0.99999034
55000900271031,2022-05-06,1,0,0.99999034
55000900271031,2022-05-07,1,0,0.99999034
55000900271031,2022-05-08,1,0,0.99999034
55000900271031,2022-05-09,1,0,0.99999034
55000900271031,2022-05-10,1,0,0.99999034
55000900271031,2022-05-11,1,0,0.99999034
55000900271031,2022-05-12,1,0,0.99999034
55000900271031,2022-05-13,1,0,0.99999034
55000900271031,2022-05-14,1,0,0.99999034
55000900271031,2022-05-15,1,0,0.99999034
55000900271031,2022-05-16,1,0,0.99999034
55000900271031,2022-05-17,1,0,0.99999034
55000900271031,2022-05-18,1,0,0.99999034
55000900271031,2022-05-19,1,0,0.99999034
55000900271031,2022-05-20,1,0,0.99999034
55000900271031,2022-05-21,1,0,0.99999034
55000900271031,2022-05-22,1,0,0.99999034
55000900271031,2022-05-23,1,0,0.99999034
55000900271031,2022-05-24,1,0,0.99999034
55000900271031,2022-05-25,1,0,0.99999034
55000900271031,2022-05-26,1,0,0.99999034
55000900271031,2022-05-27,1,0,0.99999034
55000900271031,2022-05-28,1,0,0.99999034
55000900271031,2022-05-29,1,0,0.99999034
55000900271031,2022-05-30,1,0,0.99999034
55000900271031,2022-05-31,1,0,0.99999034
55000900271031,2022-06-01,1,0,0.99999034
55000900271031,2022-06-02,1,0,0.99999034
55000900271031,2022-06-03,1,0,0.99999034
55000900271031,2022-06-04,1,0,0.99999034
55000900271031,2022-06-05,1,0,0.99999034
55000900271031,2022-06-06,1,0,0.99999034
55000900271031,2022-06-07,1,0,0.99999034
55000900271031,2022-06-08,1,0,0.99999034
55000900271031,2022-06-09,1,0,0.99999034
55000900271031,2022-06-10,1,0,0.99999034
55000900271031,2022-06-11,1,0,0.99999034
55000900271031,2022-06-12,1,0,0.99999034
55000900271031,2022-06-13,1,0,0.99999034
55000900271031,2022-06-14,1,0,0.99999034
55000900271031,2022-06-15,1,0,0.99999034
55000900271031,2022-06-16,1,0,0.99999034
55000900271031,2022-06-17,1,0,0.99999034
55000900271031,2022-06-18,1,0,0.99999034
55000900271031,2022-06-19,1,0,0.99999034
55000900271031,2022-06-20,1,0,0.99999034
55000900271031,2022-06-21,1,0,0.99999034
55000900271031,2022-06-22,1,0,0.99999034
55000900271031,2022-06-23,1,0,0.99999034
55000900271031,2022-06-24,1,0,0.99999034
55000900271031,2022-06-25,1,0,0.99999034
55000900271031,2022-06-26,1,0,0.99999034
55000900271031,2022-06-27,1,0,0.99999034
55000900271031,2022-06-28,1,0,0.99999034
55000900271031,2022-06-29,1,0,0.99999034
55000900271031,2022-06-30,1,0,0.99999034
55000900271031,2022-07-01,1,0,0.99999034
55000900271031,2022-07-02,1,0,0.99999034
55000900271031,2022-07-03,1,0,0.99999034
55000900271031,2022-07-04,1,0,0.99999034
55000900271031,2022-07-05,1,0,0.99999034
55000900271031,2022-07-06,1,0,0.99999034
55000900271031,2022-07-07,1,0,0.99999034
55000900271031,2022-07-08,1,0,0.99999034
55000900271031,2022-07-09,1,0,0.99999034
55000900271031,2022-07-10,1,0,0.99999034
55000900271031,2022-07-11,1,0,0.99999034
55000900271031,2022-07-12,1,0,0.99999034
55000900271031,2022-07-13,1,0,0.99999034
55000900271031,2022-07-14,1,0,0.99999034
55000900271031,2022-07-15,1,0,0.99999034
55000900271031,2022-07-16,1,0,0.99999034
55000900271031,2022-07-17,1,0,0.99999034
55000900271031,2022-07-18,1,0,0.99999034
55000900271031,2022-07-19,1,0,0.99999034
55000900271031,2022-07-20,1,0,0.99999034
55000900271031,2022-07-21,1,0,0.99999034
55000900271031,2022-07-22,1,0,0.99999034
55000900271031,2022-07-23,1,0,0.99999034
55000900271031,2022-07-24,1,0,0.99999034
55000900271031,2022-07-25,1,0,0.99999034
55000900271031,2022-07-26,1,0,0.99999034
55000900271031,2022-07-27,1,0,0.99999034
55000900271031,2022-07-28,1,0,0.99999034
55000900271031,2022-07-29,1,0,0.99999034
55000900271031,2022-07-30,1,0,0.99999034
55000900271031,2022-07-31,1,0,0.99999034
55000900271031,2022-08-01,1,0,0.99999034
55000900271031,2022-08-02,1,0,0.99999034
55000900271031,2022-08-03,1,0,0.99999034
55000900271031,2022-08-04,1,0,0.99999034
55000900271031,2022-08-05,1,0,0.99999034
55000900271031,2022-08-06,1,0,0.99999034
55000900271031,2022-08-07,1,0,0.99999034
55000900271031,2022-08-08,1,0,0.99999034
55000900271031,2022-08-09,1,0,0.99999034
55000900271031,2022-08-10,1,0,0.99999034
55000900271031,2022-08-11,1,0,0.99999034
55000900271031,2022-08-12,1,0,0.99999034
55000900271031,2022-08-13,1,0,0.99999034
55000900271031,2022-08-14,1,0,0.99999034
55000900271031,2022-08-15,1,0,0.99999034
55000900271031,2022-08-16,1,0,0.99999034
55000900271031,2022-08-17,1,0,0.99999034
55000900271031,2022-08-18,1,0,0.99999034
55000900271031,2022-08-19,1,0,0.99999034
55000900271031,2022-08-20,1,0,0.99999034
55000900271031,2022-08-21,1,0,0.99999034
55000900271031,2022-08-22,1,0,0.99999034
55000900271031,2022-08-23,1,0,0.99999034
55000900271031,2022-08-24,1,0,0.99999034
55000900271031,2022-08-25,1,0,0.99999034
55000900271031,2022-08-26,1,0,0.99999034
55000900271031,2022-08-27,1,0,0.99999034
55000900271031,2022-08-28,1,0,0.99999034
55000900271031,2022-08-29,1,0,0.99999034
55000900271031,2022-08-30,1,0,0.99999034
55000900271031,2022-08-31,1,0,0.99999034
55000900271031,2022-09-01,1,0,0.99999034
55000900271031,2022-09-02,1,0,0.99999034
55000900271031,2022-09-03,1,0,0.99999034
55000900271031,2022-09-04,1,0,0.99999034
55000900271031,2022-09-05,1,0,0.99999034
55000900271031,2022-09-06,1,0,0.99999034
55000900271031,2022-09-07,1,0,0.99999034
55000900271031,2022-09-08,0,0,0.99999034
55000900271031,2022-09-09,1,0,0.99999034
55000900271031,2022-09-10,1,0,0.99999034
55000900271031,2022-09-11,1,0,0.9999924
55000900271031,2022-09-12,1,0,0.99999094
55000900271031,2022-09-13,1,0,0.9999902
55000900271031,2022-09-14,1,0,0.9999907
55000900271031,2022-09-15,0,0,0.99999034
55000900271031,2022-09-16,1,0,0.9999906
55000900271031,2022-09-17,1,0,0.99999046
55000900271031,2022-09-18,1,0,0.9999925
55000900271031,2022-09-19,1,0,0.99999106
55000900271031,2022-09-20,0,0,0.9999902
55000900271031,2022-09-21,1,0,0.9999907
55000900271031,2022-09-22,1,0,0.99999046
55000900271031,2022-09-23,1,0,0.9999924
55000900271031,2022-09-24,0,0,0.9999902
55000900271031,2022-09-25,0,0,0.99998915
55000900271031,2022-09-26,0,0,0.9999882
55000900271031,2022-09-27,0,0,0.9999833
55000900271031,2022-09-28,0,0,0.9999832
55000900271031,2022-09-29,1,0,0.9999802
55000900271031,2022-09-30,1,0,0.99997604
55000900271031,2022-10-01,1,0,0.9999789
55000900271031,2022-10-02,0,0,0.99998796
55000900271031,2022-10-03,0,0,0.9999863
55000900271031,2022-10-04,0,0,0.9999876
55000900271031,2022-10-05,0,0,0.99998236
55000900271031,2022-10-06,0,0,0.9999831
55000900271031,2022-10-07,0,0,0.9999801
55000900271031,2022-10-08,0,0,0.9999758
55000900271031,2022-10-09,0,0,0.9999788
55000900271031,2022-10-10,0,0,0.9999764
55000900271031,2022-10-11,0,0,0.9999776
55000900271031,2022-10-12,0,0,0.9999771
55000900271031,2022-10-13,0,0,0.99997723
55000900271031,2022-10-14,0,0,0.99997723
55000900271031,2022-10-15,0,0,0.999977
55000900271031,2022-10-16,0,0,0.9999771
55000900271031,2022-10-17,0,0,0.99997675
55000900271031,2022-10-18,0,0,0.999977
55000900271031,2022-10-19,0,0,0.9999769
55000900271031,2022-10-20,0,0,0.99997663
55000900271031,2022-10-21,1,0,0.9999765
55000900271031,2022-10-22,1,0,0.9999751
55000900271031,2022-10-23,1,0,0.9999746
55000900271031,2022-10-24,1,0,0.99998415
55000900271031,2022-10-25,1,0,0.9999838
55000900271031,2022-10-26,1,0,0.99998677
55000900271031,2022-10-27,1,0,0.9999871
55000900271031,2022-10-28,1,0,0.999987
55000900271031,2022-10-29,1,0,0.999987
55000900271031,2022-10-30,1,0,0.9999801
55000900271031,2022-10-31,1,0,0.9999734
55000900271031,2022-11-01,1,0,0.9999721
55000900271031,2022-11-02,1,0,0.99997365
55000900271031,2022-11-03,1,0,0.9999759
55000900271031,2022-11-04,1,0,0.9999769
55000900271031,2022-11-05,1,0,0.9999778
55000900271031,2022-11-06,1,0,0.99997866
55000900271031,2022-11-07,1,0,0.9999796
55000900271031,2022-11-08,1,0,0.9999808
55000900271031,2022-11-09,1,0,0.9999826
55000900271031,2022-11-10,1,0,0.9999846
55000900271031,2022-11-11,1,0,0.9999862
55000900271031,2022-11-12,1,0,0.9999869
55000900271031,2022-11-13,1,0,0.99998724
55000900271031,2022-11-14,1,0,0.99998724
55000900271031,2022-11-15,1,0,0.99998736
55000900271031,2022-11-16,1,0,0.99998736
55000900271031,2022-11-17,1,0,0.9999876
55000900271031,2022-11-18,1,0,0.9999877
55000900271031,2022-11-19,1,0,0.99998784
55000900271031,2022-11-20,1,0,0.99998844
55000900271031,2022-11-21,1,0,0.99998796
55000900271031,2022-11-22,1,0,0.99999034
55000900271031,2022-11-23,1,0,0.99999034
55000900271031,2022-11-24,1,0,0.99999034
55000900271031,2022-11-25,1,0,0.99999034
55000900271031,2022-11-26,1,0,0.99999034
55000900271031,2022-11-27,1,0,0.99999034
55000900271031,2022-11-28,1,0,0.99999034
55000900271031,2022-11-29,1,0,0.99999034
55000900271031,2022-11-30,1,0,0.99999034
55000900271031,2022-12-01,1,0,0.99999034
55000900271031,2022-12-02,1,0,0.99999034
55000900271031,2022-12-03,1,0,0.99999034
55000900271031,2022-12-04,1,0,0.99999034
55000900271031,2022-12-05,1,0,0.99999034
55000900271031,2022-12-06,1,0,0.99999034
55000900271031,2022-12-07,1,0,0.99999034
55000900271031,2022-12-08,1,0,0.99999034
55000900271031,2022-12-09,1,0,0.99999034
55000900271031,2022-12-10,1,0,0.99999034
55000900271031,2022-12-11,1,0,0.99999034
55000900271031,2022-12-12,1,0,0.99999034
55000900271031,2022-12-13,1,0,0.99999034
55000900271031,2022-12-14,1,0,0.99999034
55000900271031,2022-12-15,1,0,0.99999034
55000900271031,2022-12-16,1,0,0.99999034
55000900271031,2022-12-17,1,0,0.99999034
55000900271031,2022-12-18,1,0,0.99999034
55000900271031,2022-12-19,1,0,0.99999034
55000900271031,2022-12-20,1,0,0.99999034
55000900271031,2022-12-21,1,0,0.99999034
55000900271031,2022-12-22,1,0,0.99999034
55000900271031,2022-12-23,1,0,0.99999034
55000900271031,2022-12-24,1,0,0.99999034
55000900271031,2022-12-25,1,0,0.99999034
55000900271031,2022-12-26,1,0,0.99999034
55000900271031,2022-12-27,1,0,0.99999034
55000900271031,2022-12-28,1,0,0.99999034
55000900271031,2022-12-29,1,0,0.99999034
55000900271031,2022-12-30,1,0,0.99999034
55000900271031,2022-12-31,1,0,0.99999034
55000900271031,2023-01-01,1,0,0.99999034
55000900271031,2023-01-02,1,0,0.99999034
55000900271031,2023-01-03,1,0,0.99999034
55000900271031,2023-01-26,1,0,0.99999034
55000900271031,2023-01-27,1,0,0.99999034
55000900271031,2023-01-28,1,0,0.99999034
55000900271031,2023-01-29,1,0,0.99999034
55000900271031,2023-01-30,1,0,0.99999034
55000900271031,2023-01-31,1,0,0.99999034
55000900271031,2023-02-01,1,0,0.99999034
55000900271031,2023-02-02,1,0,0.99999034
55000900271031,2023-02-03,1,0,0.99999034
55000900271031,2023-02-04,1,0,0.99999034
55000900271031,2023-02-05,1,0,0.99999034
55000900271031,2023-02-06,1,0,0.99999034
55000900271031,2023-02-07,1,0,0.99999034
55000900271031,2023-02-08,1,0,0.99999034
55000900271031,2023-02-09,1,0,0.99999034
55000900271031,2023-02-10,1,0,0.99999034
55000900271031,2023-02-11,1,0,0.99999034
55000900271031,2023-02-12,1,0,0.99999034
55000900271031,2023-02-13,1,0,0.99999034
55000900271031,2023-02-14,1,0,0.99999034
55000900271031,2023-02-15,1,0,0.99999034
55000900271031,2023-02-16,1,0,0.99999034
55000900271031,2023-02-17,1,0,0.99999034
55000900271031,2023-02-18,1,0,0.99999034
55000900271031,2023-02-19,1,0,0.99999034
55000900271031,2023-02-20,1,0,0.99999034
55000900271031,2023-02-21,1,0,0.99999034
55000900271031,2023-02-22,1,0,0.99999034
55000900271031,2023-02-23,1,0,0.99999034
55000900271031,2023-02-24,1,0,0.99999034
55000900271031,2023-02-25,1,0,0.99999034
55000900271031,2023-02-26,1,0,0.99999034
55000900271031,2023-02-27,1,0,0.99999034
55000900271031,2023-02-28,1,0,0.99999034
55000900271031,2023-03-01,1,0,0.99999034
55000900271031,2023-03-02,1,0,0.99999034
55000900271031,2023-03-03,1,0,0.99999034
55000900271031,2023-03-04,1,0,0.99999034
55000900271031,2023-03-05,1,0,0.99999034
55000900271031,2023-03-06,1,0,0.99999034
55000900271031,2023-03-07,1,0,0.99999034
55000900271031,2023-03-08,1,0,0.99999034
55000900271031,2023-03-09,1,0,0.99999034
55000900271031,2023-03-10,1,0,0.99999034
55000900271031,2023-03-11,1,0,0.99999034
55000900271031,2023-03-13,1,0,0.99999034
55000900271031,2023-03-14,1,0,0.99999034
55000900271031,2023-03-15,1,0,0.99999034
55000900271031,2023-03-16,1,0,0.99999034
55000900271031,2023-03-17,1,0,0.99999034
55000900271031,2023-03-18,1,0,0.99999034
55000900271031,2023-03-19,1,0,0.99999034
55000900271031,2023-03-20,1,0,0.99999034
55000900271031,2023-03-21,1,0,0.99999034
55000900271031,2023-03-22,1,0,0.99999034
55000900271031,2023-03-23,1,0,0.99999034
55000900271031,2023-03-24,1,0,0.99999034
55000900271031,2023-03-25,1,0,0.99999034
55000900271031,2023-03-26,1,0,0.99999034
55000900271031,2023-03-27,1,0,0.99999034
55000900271031,2023-03-28,1,0,0.99999034
55000900271031,2023-03-29,1,0,0.99999034
55000900271031,2023-03-30,1,0,0.99999034
55000900271031,2023-03-31,1,0,0.99999034
55000900271031,2023-04-01,1,0,0.99999034
55000900271031,2023-04-02,1,0,0.99999034
55000900271031,2023-04-03,1,0,0.99999034
55000900271031,2023-04-04,1,0,0.99999034
55000900271031,2023-04-05,1,0,0.99999034
55000900271031,2023-04-06,1,0,0.99999034
55000900271031,2023-04-07,1,0,0.99999034
55000900271031,2023-04-08,1,0,0.99999034
55000900271031,2023-04-09,1,0,0.99999034
55000900271031,2023-04-10,1,0,0.99999034
55000900271031,2023-04-11,1,0,0.99999034
55000900271031,2023-04-12,1,0,0.99999034
55000900271031,2023-04-13,1,0,0.99999034
55000900271031,2023-04-14,1,0,0.99999034
55000900271031,2023-04-15,1,0,0.99999034
55000900271031,2023-04-16,1,0,0.99999034
55000900271031,2023-04-17,1,0,0.99999034
55000900271031,2023-04-18,1,0,0.99999034
55000900271031,2023-04-19,1,0,0.99999034
55000900271031,2023-04-20,1,0,0.99999034
55000900271635,2020-09-11,1,9,0.9822135
55000900271635,2020-09-12,1,9,0.99703074
55000900271635,2020-09-13,1,9,0.99695045
55000900271635,2020-09-14,1,9,0.99876106
55000900271635,2020-09-15,1,9,0.99881506
55000900271635,2020-09-16,1,9,0.9985826
55000900271635,2020-09-17,1,9,0.99883646
55000900271635,2020-09-18,1,9,0.99897504
55000900271635,2020-09-19,1,9,0.99903107
55000900271635,2020-09-20,1,9,0.99893075
55000900271635,2020-09-21,1,9,0.99986005
55000900271635,2020-09-22,1,9,0.9999167
55000900271635,2020-09-23,1,9,0.99969614
55000900271635,2020-09-24,1,9,0.99964035
55000900271635,2020-09-25,1,9,0.99981195
55000900271635,2020-09-26,1,9,0.9999727
55000900271635,2020-09-27,1,9,0.9999571
55000900271635,2020-09-28,1,9,0.99997115
55000900271635,2020-09-29,1,9,0.99995005
55000900271635,2020-09-30,1,9,0.999943
55000900271635,2020-10-01,1,9,0.9999647
55000900271635,2020-10-02,1,9,0.9998857
55000900271635,2020-10-03,1,9,0.99989676
55000900271635,2020-10-04,1,9,0.99987686
55000900271635,2020-10-05,1,9,0.9998956
55000900271635,2020-10-06,1,9,0.9998994
55000900271635,2020-10-07,1,9,0.9999193
55000900271635,2020-10-08,1,9,0.99995434
55000900271635,2020-10-09,1,9,0.99995005
55000900271635,2020-10-10,1,9,0.9999596
55000900271635,2020-10-11,1,9,0.9998753
55000900271635,2020-10-12,1,9,0.99992514
55000900271635,2020-10-13,1,9,0.9999782
55000900271635,2020-10-14,1,9,0.99998105
55000900271635,2020-10-15,1,9,0.9999783
55000900271635,2020-10-16,1,9,0.9999832
55000900271635,2020-10-17,1,9,0.9999753
55000900271635,2020-10-18,1,9,0.9999715
55000900271635,2020-10-19,1,9,0.9999702
55000900271635,2020-10-20,1,0,0.999946
55000900271635,2020-10-21,1,0,0.99921525
55000900272209,2020-09-11,1,9,0.9999907
55000900272209,2020-09-12,1,9,0.9999838
55000900272209,2020-09-13,1,9,0.99998295
55000900272209,2020-09-14,1,9,0.9999851
55000900272209,2020-09-15,1,9,0.99998534
55000900272209,2020-09-16,1,9,0.99998415
55000900272209,2020-09-17,1,9,0.99998605
55000900272209,2020-09-18,1,9,0.9999865
55000900272209,2020-09-19,1,9,0.99998975
55000900272209,2020-09-20,1,9,0.9999893
55000900272209,2020-09-21,1,9,0.9999913
55000900272209,2020-09-22,1,9,0.99998844
55000900272209,2020-09-23,1,9,0.99998844
55000900272209,2020-09-24,1,9,0.9999875
55000900272209,2020-09-25,1,9,0.9999856
55000900272209,2020-09-26,1,9,0.99999106
55000900272209,2020-09-27,1,9,0.99998796
55000900272209,2020-09-28,1,9,0.99999154
55000900272209,2020-09-29,1,9,0.99999154
55000900272209,2020-09-30,1,9,0.9999907
55000900272209,2020-10-01,1,9,0.9999858
55000900272209,2020-10-02,1,9,0.99998474
55000900272209,2020-10-03,1,9,0.9999838
55000900272209,2020-10-04,1,9,0.99998355
55000900272209,2020-10-05,1,9,0.9999844
55000900272209,2020-10-06,1,9,0.9999856
55000900272209,2020-10-07,1,9,0.9999876
55000900272209,2020-10-08,1,9,0.99998426
55000900272209,2020-10-09,1,9,0.9999839
55000900272209,2020-10-10,1,9,0.9999877
55000900272209,2020-10-11,1,9,0.9999865
55000900272209,2020-10-12,1,9,0.9999888
55000900272209,2020-10-13,1,9,0.9999925
55000900272209,2020-10-14,1,9,0.9999925
55000900272209,2020-10-15,1,9,0.9999924
55000900272209,2020-10-16,1,9,0.9999925
55000900272209,2020-10-17,1,9,0.99999225
55000900272209,2020-10-18,1,0,0.9999845
55000900272209,2020-10-19,1,0,0.99996054
55000900272714,2020-09-11,1,9,0.99997854
55000900272714,2020-09-12,1,9,0.99998176
55000900272714,2020-09-13,1,9,0.999977
55000900272714,2020-09-14,1,9,0.9999769
55000900272714,2020-09-15,1,9,0.9999732
55000900272714,2020-09-16,1,9,0.99996114
55000900272714,2020-09-17,1,9,0.99996865
55000900272714,2020-09-18,1,9,0.9999716
55000900272714,2020-09-19,1,9,0.99997246
55000900272714,2020-09-20,1,9,0.9999769
55000900272714,2020-09-21,1,9,0.99998784
55000900272714,2020-09-22,1,9,0.9999819
55000900272714,2020-09-23,1,9,0.9999815
55000900272714,2020-09-24,1,9,0.99998593
55000900272714,2020-09-25,1,9,0.9999845
55000900272714,2020-09-26,1,9,0.99999094
55000900272714,2020-09-27,1,9,0.9999875
55000900272714,2020-09-28,1,9,0.9999919
55000900272714,2020-09-29,1,9,0.9999894
55000900272714,2020-09-30,1,9,0.99998987
55000900272714,2020-10-01,1,9,0.9999864
55000900272714,2020-10-02,1,9,0.9999801
55000900272714,2020-10-03,1,9,0.99996734
55000900272714,2020-10-04,1,9,0.9999672
55000900272714,2020-10-05,1,9,0.9999659
55000900272714,2020-10-06,1,9,0.99997306
55000900272714,2020-10-07,1,9,0.999984
55000900272714,2020-10-08,1,9,0.9999852
55000900272714,2020-10-09,1,9,0.9999765
55000900272714,2020-10-10,1,9,0.9999856
55000900272714,2020-10-11,1,9,0.99995947
55000900272714,2020-10-12,1,9,0.9999713
55000900272714,2020-10-13,1,9,0.99999225
55000900272714,2020-10-14,1,9,0.999992
55000900272714,2020-10-15,1,9,0.99999094
55000900272714,2020-10-16,1,9,0.99999225
55000900272714,2020-10-17,1,9,0.999992
55000900272714,2020-10-18,1,9,0.99999154
55000900272714,2020-10-19,1,0,0.99998176
55000900272714,2020-10-20,1,0,0.99991953
