site_id,target_date,true_wetdry,label_is_hobo,pred_wetdry_prob
55000900029021,2020-09-11,1,9,0.9999969
55000900029021,2020-09-12,1,9,0.9999938
55000900029021,2020-09-13,1,9,0.9999924
55000900029021,2020-09-14,1,9,0.9999366
55000900029021,2020-09-15,1,9,0.99998796
55000900029021,2020-09-16,1,9,0.99997056
55000900029021,2020-09-17,1,9,0.9999949
55000900029021,2020-09-18,1,9,0.9999963
55000900029021,2020-09-19,1,9,0.99999416
55000900029021,2020-09-20,1,9,0.99999607
55000900029021,2020-09-21,1,9,0.9999989
55000900029021,2020-09-22,1,9,0.999997
55000900029021,2020-09-23,1,9,0.99999845
55000900029021,2020-09-24,1,9,0.9999976
55000900029021,2020-09-25,1,9,0.9999988
55000900029021,2020-09-26,1,9,0.9999989
55000900029021,2020-09-27,1,9,0.99999905
55000900029021,2020-09-28,1,9,0.999998
55000900029021,2020-09-29,1,9,0.9999993
55000900029021,2020-09-30,1,9,0.9999995
55000900029021,2020-10-01,1,9,0.99999964
55000900029021,2020-10-02,1,9,0.99999857
55000900029021,2020-10-03,1,9,0.999997
55000900029021,2020-10-04,1,9,0.9999963
55000900029021,2020-10-05,1,9,0.9999964
55000900029021,2020-10-06,1,9,0.9999976
55000900029021,2020-10-07,1,9,0.99999774
55000900029021,2020-10-08,1,9,0.99999857
55000900029021,2020-10-09,1,9,0.99999666
55000900029021,2020-10-10,1,9,0.99999726
55000900029021,2020-10-11,1,9,0.99999785
55000900029021,2020-10-12,1,9,0.99999714
55000900029021,2020-10-13,1,9,0.9999975
55000900029021,2020-10-14,1,9,0.9999974
55000900029021,2020-10-15,1,9,0.9999994
55000900029021,2020-10-16,1,9,0.999997
55000900029021,2020-10-17,1,9,0.9999993
55000900029021,2020-10-18,1,9,0.9999995
55000900029021,2020-10-19,1,9,0.99999964
55000900029021,2020-10-20,1,9,0.9999995
55000900029021,2020-10-21,1,0,0.9999939
55000900029021,2020-10-22,1,0,0.9999989
55000900029021,2020-10-23,1,0,0.999998
55000900029021,2020-10-24,1,0,0.9999918
55000900029021,2020-10-25,1,0,0.9999995
55000900029021,2020-10-26,1,0,0.9999976
55000900029021,2020-10-27,1,0,0.9999932
55000900029021,2020-10-28,1,0,0.999998
55000900029021,2020-10-29,0,0,0.99999964
55000900029021,2020-10-30,1,0,0.99999607
55000900029021,2020-10-31,1,0,0.99999213
55000900029021,2020-11-01,1,0,0.9999813
55000900029021,2020-11-02,0,0,0.9999995
55000900029021,2020-11-03,0,0,0.99999726
55000900029021,2020-11-04,0,0,0.99999285
55000900029021,2020-11-05,1,0,0.99760085
55000900029021,2020-11-06,1,0,0.98868424
55000900029021,2020-11-07,1,0,0.9148111
55000900029021,2020-11-08,1,0,0.99945396
55000900029021,2020-11-09,1,0,0.999928
55000900029021,2020-11-10,1,0,0.9998778
55000900029021,2020-11-11,1,0,0.9997532
55000900029021,2020-11-12,1,0,0.9997917
55000900029021,2020-11-13,1,0,0.99991643
55000900029021,2020-11-14,1,0,0.9998103
55000900029021,2020-11-15,1,0,0.9999182
55000900029021,2020-11-16,1,0,0.99996495
55000900029021,2020-11-17,1,0,0.9999491
55000900029021,2020-11-18,1,0,0.99991846
55000900029021,2020-11-19,1,0,0.99993896
55000900029021,2020-11-20,1,0,0.9999889
55000900029021,2020-11-21,1,0,0.99995255
55000900029021,2020-11-22,1,0,0.9999685
55000900029021,2020-11-23,1,0,0.9999927
55000900029021,2020-11-24,1,0,0.99999726
55000900029021,2020-11-25,1,0,0.99999833
55000900029021,2020-11-26,1,0,0.99998724
55000900029021,2020-11-27,1,0,0.999992
55000900029021,2020-11-28,1,0,0.99998856
55000900029021,2020-11-29,1,0,0.9999963
55000900029021,2020-11-30,1,0,0.99999034
55000900029021,2020-12-01,1,0,0.99998593
55000900029021,2020-12-02,1,0,0.9999993
55000900029021,2020-12-03,1,0,0.99998474
55000900029021,2020-12-04,1,0,0.99999034
55000900029021,2020-12-05,1,0,0.9999815
55000900029021,2020-12-06,1,0,0.999997
55000900029021,2020-12-07,1,0,0.99999905
55000900029021,2020-12-08,1,0,0.99999845
55000900029021,2020-12-09,1,0,0.99997675
55000900029021,2020-12-10,1,0,0.9999988
55000900029021,2020-12-11,1,0,0.9999981
55000900029021,2020-12-12,1,0,0.9999753
55000900029021,2020-12-13,1,0,0.9999883
55000900029021,2020-12-14,1,0,0.9999701
55000900029021,2020-12-15,1,0,0.99999344
55000900029021,2020-12-16,1,0,0.99998784
55000900029021,2020-12-17,1,0,0.9999902
55000900029021,2020-12-18,1,0,0.99999166
55000900029021,2020-12-19,1,0,0.9999864
55000900029021,2020-12-20,1,0,0.99999166
55000900029021,2020-12-21,1,0,0.9999821
55000900029021,2020-12-22,1,0,0.9999882
55000900029021,2020-12-23,1,0,0.9999914
55000900029021,2020-12-24,1,0,0.9999958
55000900029021,2020-12-25,1,0,0.9999895
55000900029021,2020-12-26,1,0,0.99999666
55000900029021,2020-12-27,1,0,0.99999976
55000900029021,2020-12-28,1,0,0.9999864
55000900029021,2020-12-29,1,0,0.9999771
55000900029021,2020-12-30,1,0,0.9999937
55000900029021,2020-12-31,1,0,0.99999905
55000900029021,2021-01-01,1,0,0.9999987
55000900029021,2021-01-02,1,0,0.9999894
55000900029021,2021-01-03,1,0,0.999995
55000900029021,2021-01-04,1,0,0.9999914
55000900029021,2021-01-05,1,0,0.9999894
55000900029021,2021-01-06,1,0,0.99998665
55000900029021,2021-01-07,1,0,0.9999881
55000900029021,2021-01-08,1,0,0.99998915
55000900029021,2021-01-09,1,0,0.9999883
55000900029021,2021-01-10,1,0,0.99998736
55000900029021,2021-01-11,1,0,0.99998593
55000900029021,2021-01-12,1,0,0.99998283
55000900029021,2021-01-13,1,0,0.9999857
55000900029021,2021-01-14,1,0,0.99998677
55000900029021,2021-01-15,1,0,0.99998534
55000900029021,2021-01-16,1,0,0.9999832
55000900029021,2021-01-17,1,0,0.99998665
55000900029021,2021-01-18,1,0,0.9999845
55000900029021,2021-01-19,1,0,0.9999846
55000900029021,2021-01-20,1,0,0.999992
55000900029021,2021-01-21,1,0,0.9999945
55000900029021,2021-01-22,1,0,0.9999907
55000900029021,2021-01-23,1,0,0.99998474
55000900029021,2021-01-24,1,0,0.99999154
55000900029021,2021-01-25,1,0,0.9999838
55000900029021,2021-01-26,1,0,0.9999858
55000900029021,2021-01-27,1,0,0.99998546
55000900029021,2021-01-28,1,0,0.9999833
55000900029021,2021-01-29,1,0,0.99999213
55000900029021,2021-01-30,1,0,0.99999154
55000900029021,2021-01-31,1,0,0.99999
55000900029021,2021-02-01,1,0,0.99998486
55000900029021,2021-02-02,1,0,0.99998486
55000900029021,2021-02-03,1,0,0.99998486
55000900029021,2021-02-04,1,0,0.99998486
55000900029021,2021-02-05,1,0,0.99998486
55000900029021,2021-02-06,1,0,0.99998486
55000900029021,2021-02-07,1,0,0.99998486
55000900029021,2021-02-08,1,0,0.99998486
55000900029021,2021-02-09,1,0,0.99998486
55000900029021,2021-02-10,1,0,0.99998486
55000900029021,2021-02-11,1,0,0.99998486
55000900029021,2021-02-12,1,0,0.99998486
55000900029021,2021-02-13,1,0,0.99998486
55000900029021,2021-02-14,1,0,0.99998486
55000900029021,2021-02-15,1,0,0.99998486
55000900029021,2021-02-16,1,0,0.99998486
55000900029021,2021-02-17,1,0,0.99998486
55000900029021,2021-02-18,1,0,0.99998486
55000900029021,2021-02-19,1,0,0.99998486
55000900029021,2021-02-20,1,0,0.99998486
55000900029021,2021-02-21,1,0,0.99998486
55000900029021,2021-02-22,1,0,0.99998486
55000900029021,2021-02-23,1,0,0.99998486
55000900029021,2021-02-24,1,0,0.99998486
55000900029021,2021-02-25,1,0,0.99998486
55000900029021,2021-02-26,1,0,0.99998486
55000900029021,2021-02-27,1,0,0.99998486
55000900029021,2021-02-28,1,0,0.99998486
55000900029021,2021-03-01,1,0,0.99998486
55000900029021,2021-03-02,1,0,0.99998486
55000900029021,2021-03-03,1,0,0.99998486
55000900029021,2021-03-04,1,0,0.99998486
55000900029021,2021-03-05,1,0,0.99998486
55000900029021,2021-03-06,1,0,0.99998486
55000900029021,2021-03-07,1,0,0.99998486
55000900029021,2021-03-08,1,0,0.99998486
55000900029021,2021-03-09,1,0,0.99998486
55000900029021,2021-03-10,1,0,0.99998486
55000900029021,2021-03-11,1,0,0.99998486
55000900029021,2021-03-12,1,0,0.99998486
55000900029021,2021-03-13,1,0,0.99998486
55000900029021,2021-03-15,1,0,0.99998486
55000900029021,2021-03-16,1,0,0.99998486
55000900029021,2021-03-17,1,0,0.99998486
55000900029021,2021-03-18,1,0,0.99998486
55000900029021,2021-03-19,1,0,0.99998486
55000900029021,2021-03-20,1,0,0.99998486
55000900029021,2021-03-21,1,0,0.99998486
55000900029021,2021-03-22,1,0,0.99998486
55000900029021,2021-03-23,1,0,0.99998486
55000900029021,2021-03-24,1,0,0.99998486
55000900029021,2021-03-25,1,0,0.99998486
55000900029021,2021-03-26,1,0,0.99998486
55000900029021,2021-03-27,1,0,0.99998486
55000900029021,2021-03-28,1,0,0.99998486
55000900029021,2021-03-29,1,0,0.99998486
55000900029021,2021-03-30,1,0,0.99998486
55000900029021,2021-03-31,1,0,0.99998486
55000900029021,2021-04-01,1,0,0.99998486
55000900029021,2021-04-02,1,0,0.99998486
55000900029021,2021-04-03,1,0,0.99998486
55000900029021,2021-04-04,1,0,0.99998486
55000900029021,2021-04-05,1,0,0.99998486
55000900029021,2021-04-06,1,0,0.99998486
55000900029021,2021-04-07,1,0,0.99998486
55000900029021,2021-04-08,1,0,0.99998486
55000900029021,2021-04-09,1,0,0.99998486
55000900029021,2021-04-10,1,0,0.99998486
55000900029021,2021-04-11,1,0,0.99998486
55000900029021,2021-04-12,1,0,0.99998486
55000900029021,2021-04-13,1,0,0.99998486
55000900029021,2021-04-14,1,0,0.99998486
55000900029021,2021-04-15,1,0,0.99998486
55000900029021,2021-04-16,1,0,0.99998486
55000900029021,2021-04-17,1,0,0.99998486
55000900029021,2021-04-18,1,0,0.99998486
55000900029021,2021-04-19,1,0,0.99998486
55000900029021,2021-04-20,1,0,0.99998486
55000900029021,2021-04-21,1,0,0.99998486
55000900029021,2021-04-22,1,0,0.99998486
55000900029021,2021-04-23,1,0,0.99998486
55000900029021,2021-04-24,1,0,0.99998486
55000900029021,2021-04-25,1,0,0.99998486
55000900029021,2021-04-26,1,0,0.99998486
55000900029021,2021-04-27,1,0,0.99998486
55000900029021,2021-04-28,1,0,0.99998486
55000900029021,2021-04-29,1,0,0.99998486
55000900029021,2021-04-30,1,0,0.99998486
55000900029021,2021-05-01,1,0,0.99998486
55000900029021,2021-05-02,1,0,0.99998486
55000900029021,2021-05-03,1,0,0.99998486
55000900029021,2021-05-04,1,0,0.99998486
55000900029021,2021-05-05,1,0,0.99998486
55000900029021,2021-05-06,1,0,0.99998486
55000900029021,2021-05-07,1,0,0.99998486
55000900029021,2021-05-08,1,0,0.99998486
55000900029021,2021-05-09,1,0,0.99998486
55000900029021,2021-05-10,1,0,0.99998486
55000900029021,2021-05-11,1,0,0.99998486
55000900029021,2021-05-12,1,0,0.99998486
55000900029021,2021-05-13,1,0,0.99998486
55000900029021,2021-05-14,1,0,0.99998486
55000900029021,2021-05-15,1,0,0.99998486
55000900029021,2021-05-16,1,0,0.99998486
55000900029021,2021-05-17,1,0,0.99998486
55000900029021,2021-05-18,1,0,0.99998486
55000900029021,2021-05-19,1,0,0.99998486
55000900029021,2021-05-20,1,0,0.99998486
55000900029021,2021-05-21,1,0,0.99998486
55000900029021,2021-05-22,1,0,0.99998486
55000900029021,2021-05-23,1,0,0.99998486
55000900029021,2021-05-24,1,0,0.99998486
55000900029021,2021-05-25,1,0,0.99998486
55000900029021,2021-05-26,1,0,0.99998486
55000900029021,2021-05-27,1,0,0.99998486
55000900029021,2021-05-28,1,0,0.99998486
55000900029021,2021-05-29,1,0,0.99998486
55000900029021,2021-05-30,1,0,0.99998486
55000900029021,2021-05-31,1,0,0.99998486
55000900029021,2021-06-01,1,0,0.99998486
55000900029021,2021-06-02,1,0,0.99998486
55000900029021,2021-06-03,1,0,0.99998486
55000900029021,2021-06-04,1,0,0.99998486
55000900029021,2021-06-05,1,0,0.99998486
55000900029021,2021-06-06,1,0,0.99998486
55000900029021,2021-06-07,1,0,0.99998486
55000900029021,2021-06-08,1,0,0.99998486
55000900029021,2021-06-09,1,0,0.99998486
55000900029021,2021-06-10,1,0,0.99998486
55000900029021,2021-06-11,1,0,0.99998486
55000900029021,2021-06-12,1,0,0.99998486
55000900029021,2021-06-13,1,0,0.99998486
55000900029021,2021-06-14,1,0,0.99998486
55000900029021,2021-06-15,1,0,0.99998486
55000900029021,2021-06-16,1,0,0.99998486
55000900029021,2021-06-17,1,0,0.99998486
55000900029021,2021-06-18,1,0,0.99998486
55000900029021,2021-06-19,1,0,0.99998486
55000900029021,2021-06-20,1,0,0.99998486
55000900029021,2021-06-21,1,0,0.99998486
55000900029021,2021-06-22,1,0,0.99998486
55000900029021,2021-06-23,1,0,0.99998486
55000900029021,2021-06-24,1,0,0.99998486
55000900029021,2021-06-25,1,0,0.99998486
55000900029021,2021-06-26,1,0,0.99998486
55000900029021,2021-06-27,1,0,0.99998486
55000900029021,2021-06-28,1,0,0.99998486
55000900029021,2021-06-29,1,0,0.99998486
55000900029021,2021-06-30,1,0,0.99998486
55000900029021,2021-07-01,1,0,0.99998486
55000900029021,2021-07-02,1,0,0.99998486
55000900029021,2021-07-03,1,0,0.99998486
55000900029021,2021-07-04,1,0,0.99998486
55000900029021,2021-07-05,1,0,0.99998486
55000900029021,2021-07-06,1,0,0.99998486
55000900029021,2021-07-07,1,0,0.99998486
55000900029021,2021-07-08,1,0,0.99998486
55000900029021,2021-07-09,1,0,0.99998486
55000900029021,2021-07-10,1,0,0.99998486
55000900029021,2021-07-11,1,0,0.99998486
55000900029021,2021-07-12,1,0,0.99998486
55000900029021,2021-07-13,1,0,0.99998486
55000900029021,2021-07-14,1,0,0.99998486
55000900029021,2021-07-15,1,0,0.99998486
55000900029021,2021-07-16,1,0,0.99998486
55000900029021,2021-07-17,1,0,0.99998486
55000900029021,2021-07-18,1,0,0.99998486
55000900029021,2021-07-19,1,0,0.99998486
55000900029021,2021-07-20,1,0,0.99998486
55000900029021,2021-07-21,1,0,0.99998486
55000900029021,2021-07-22,1,0,0.99998486
55000900029021,2021-07-23,1,0,0.99998486
55000900029021,2021-07-24,1,0,0.99998486
55000900029021,2021-07-25,0,0,0.99998486
55000900029021,2021-07-26,1,0,0.99998486
55000900029021,2021-07-27,1,0,0.99998486
55000900029021,2021-07-28,0,0,0.9999908
55000900029021,2021-07-29,0,0,0.9999856
55000900029021,2021-07-30,0,0,0.9999839
55000900029021,2021-07-31,0,0,0.9999908
55000900029021,2021-08-01,0,0,0.9999919
55000900029021,2021-08-02,0,0,0.9999914
55000900029021,2021-08-03,0,0,0.99999166
55000900029021,2021-08-04,0,0,0.99999166
55000900029021,2021-08-05,0,0,0.9999918
55000900029021,2021-08-06,0,0,0.999992
55000900029021,2021-08-07,0,0,0.99999356
55000900029021,2021-08-08,0,0,0.999997
55000900029021,2021-08-09,0,0,0.99999785
55000900029021,2021-08-10,0,0,0.9999987
55000900029021,2021-08-11,0,0,0.9999974
55000900029021,2021-08-12,0,0,0.999995
55000900029021,2021-08-13,0,0,0.9999896
55000900029021,2021-08-14,0,0,0.9999802
55000900029021,2021-08-15,0,0,0.9999839
55000900029021,2021-08-16,0,0,0.9999881
55000900029021,2021-08-17,0,0,0.99999
55000900029021,2021-08-18,0,0,0.9999881
55000900029021,2021-08-19,0,0,0.9999844
55000900029021,2021-08-20,0,0,0.9999913
55000900029021,2021-08-21,0,0,0.9999914
55000900029021,2021-08-22,0,0,0.9999896
55000900029021,2021-08-23,0,0,0.9999906
55000900029021,2021-08-24,0,0,0.99998784
55000900029021,2021-08-25,0,0,0.9999902
55000900029021,2021-08-26,0,0,0.99998856
55000900029021,2021-08-27,0,0,0.99999034
55000900029021,2021-08-28,0,0,0.99999034
55000900029021,2021-08-29,0,0,0.99998796
55000900029021,2021-08-30,0,0,0.99998796
55000900029021,2021-08-31,0,0,0.99998796
55000900029021,2021-09-01,0,0,0.99998796
55000900029021,2021-09-02,0,0,0.99998796
55000900029021,2021-09-03,0,0,0.99998796
55000900029021,2021-09-04,0,0,0.99998796
55000900029021,2021-09-05,0,0,0.99998796
55000900029021,2021-09-06,0,0,0.99998796
55000900029021,2021-09-07,0,0,0.99998796
55000900029021,2021-09-08,0,0,0.99998796
55000900029021,2021-09-09,0,0,0.99998796
55000900029021,2021-09-10,0,0,0.99998796
55000900029021,2021-09-11,0,0,0.99998796
55000900029021,2021-09-12,0,0,0.99998796
55000900029021,2021-09-13,0,0,0.99998796
55000900029021,2021-09-14,0,0,0.99998796
55000900029021,2021-09-15,0,0,0.99998796
55000900029021,2021-09-16,0,0,0.99998796
55000900029021,2021-09-17,0,0,0.99998796
55000900029021,2021-09-18,1,0,0.99998796
55000900029021,2021-09-19,1,0,0.99998796
55000900029021,2021-09-20,1,0,0.99998796
55000900029021,2021-09-21,0,0,0.99998057
55000900029021,2021-09-22,0,0,0.99998355
55000900029021,2021-09-23,0,0,0.9999702
55000900029021,2021-09-24,0,0,0.9999703
55000900029021,2021-09-25,0,0,0.9999721
55000900029021,2021-09-26,0,0,0.9999727
55000900029021,2021-09-27,1,0,0.9999739
55000900029021,2021-09-28,1,0,0.99997294
55000900029021,2021-09-29,1,0,0.9999751
55000900029021,2021-09-30,1,0,0.999959
55000900029021,2021-10-01,1,0,0.99997437
55000900029021,2021-10-02,0,0,0.9999691
55000900029021,2021-10-03,0,0,0.9999691
55000900029021,2021-10-04,0,0,0.9999684
55000900029021,2021-10-05,0,0,0.99997175
55000900029021,2021-10-06,0,0,0.9999721
55000900029021,2021-10-07,0,0,0.9999727
55000900029021,2021-10-08,0,0,0.99997306
55000900029021,2021-10-09,0,0,0.9999708
55000900029021,2021-10-10,1,0,0.9999733
55000900029021,2021-10-11,1,0,0.9999708
55000900029021,2021-10-12,1,0,0.9999727
55000900029021,2021-10-13,0,0,0.999956
55000900029021,2021-10-14,1,0,0.9999721
55000900029021,2021-10-15,1,0,0.99996877
55000900029021,2021-10-16,0,0,0.9999713
55000900029021,2021-10-17,1,0,0.99995995
55000900029021,2021-10-18,1,0,0.9999709
55000900029021,2021-10-19,1,0,0.9999795
55000900029021,2021-10-20,1,0,0.9999709
55000900029021,2021-10-21,1,0,0.99997926
55000900029021,2021-10-22,1,0,0.99997604
55000900029021,2021-10-23,1,0,0.99996865
55000900029021,2021-10-24,1,0,0.9999716
55000900029021,2021-10-25,1,0,0.99998736
55000900029021,2021-10-26,1,0,0.9999851
55000900029021,2021-10-27,1,0,0.999985
55000900029021,2021-10-28,1,0,0.9999877
55000900029021,2021-10-29,1,0,0.99998724
55000900029021,2021-10-30,1,0,0.9999877
55000900029021,2021-10-31,1,0,0.99998796
55000900029021,2021-11-01,1,0,0.99998784
55000900029021,2021-11-02,1,0,0.9999877
55000900029021,2021-11-03,1,0,0.99998486
55000900029021,2021-11-04,1,0,0.99998474
55000900029021,2021-11-05,1,0,0.99998474
55000900029021,2021-11-06,1,0,0.99998474
55000900029021,2021-11-07,1,0,0.99998474
55000900029021,2021-11-08,1,0,0.9999846
55000900029021,2021-11-09,1,0,0.9999845
55000900029021,2021-11-10,1,0,0.9999857
55000900029021,2021-11-11,1,0,0.9999844
55000900029021,2021-11-12,1,0,0.9999845
55000900029021,2021-11-13,1,0,0.9999852
55000900029021,2021-11-14,1,0,0.9999858
55000900029021,2021-11-15,1,0,0.99998486
55000900029021,2021-11-16,1,0,0.99998534
55000900029021,2021-11-17,1,0,0.9999858
55000900029021,2021-11-18,1,0,0.99998486
55000900029021,2021-11-19,1,0,0.99998486
55000900029021,2021-11-20,1,0,0.99998486
55000900029021,2021-11-21,1,0,0.99998486
55000900029021,2021-11-22,1,0,0.99998486
55000900029021,2021-11-23,1,0,0.99998486
55000900029021,2021-11-24,1,0,0.99998486
55000900029021,2021-11-25,1,0,0.99998486
55000900029021,2021-11-26,1,0,0.99998486
55000900029021,2021-11-27,1,0,0.99998486
55000900029021,2021-11-28,1,0,0.99998486
55000900029021,2021-11-29,1,0,0.99998486
55000900029021,2021-11-30,1,0,0.99998486
55000900029021,2021-12-01,1,0,0.99998486
55000900029021,2021-12-02,1,0,0.99998486
55000900029021,2021-12-03,1,0,0.99998486
55000900029021,2021-12-04,1,0,0.99998486
55000900029021,2021-12-05,1,0,0.99998486
55000900029021,2021-12-06,1,0,0.99998486
55000900029021,2021-12-07,1,0,0.99998486
55000900029021,2021-12-08,1,0,0.99998486
55000900029021,2021-12-09,1,0,0.99998486
55000900029021,2021-12-10,1,0,0.99998486
55000900029021,2021-12-11,1,0,0.99998486
55000900029021,2021-12-12,1,0,0.99998486
55000900029021,2021-12-13,1,0,0.99998486
55000900029021,2021-12-14,1,0,0.99998486
55000900029021,2021-12-15,1,0,0.99998486
55000900029021,2021-12-16,1,0,0.99998486
55000900029021,2021-12-17,1,0,0.99998486
55000900029021,2021-12-18,1,0,0.99998486
55000900029021,2021-12-19,1,0,0.99998486
55000900029021,2021-12-20,1,0,0.99998486
55000900029021,2021-12-21,1,0,0.99998486
55000900029021,2021-12-22,1,0,0.99998486
55000900029021,2021-12-23,1,0,0.99998486
55000900029021,2021-12-24,1,0,0.99998486
55000900029021,2021-12-25,1,0,0.99998486
55000900029021,2021-12-26,1,0,0.99998486
55000900029021,2021-12-27,1,0,0.99998486
55000900029021,2021-12-28,1,0,0.99998486
55000900029021,2021-12-29,1,0,0.99998486
55000900029021,2021-12-30,1,0,0.99998486
55000900029021,2021-12-31,1,0,0.99998486
55000900029021,2022-01-01,1,0,0.99998486
55000900029021,2022-01-02,1,0,0.99998486
55000900029021,2022-01-03,1,0,0.99998486
55000900029021,2022-01-04,1,0,0.99998486
55000900029021,2022-01-05,1,0,0.99998486
55000900029021,2022-01-06,1,0,0.99998486
55000900029021,2022-01-07,1,0,0.99998486
55000900029021,2022-01-08,1,0,0.99998486
55000900029021,2022-01-09,1,0,0.99998486
55000900029021,2022-01-10,1,0,0.99998486
55000900029021,2022-01-11,1,0,0.99998486
55000900029021,2022-01-12,1,0,0.99998486
55000900029021,2022-01-13,1,0,0.99998486
55000900029021,2022-01-14,1,0,0.99998486
55000900029021,2022-01-15,1,0,0.99998486
55000900029021,2022-01-16,1,0,0.99998486
55000900029021,2022-01-17,1,0,0.99998486
55000900029021,2022-01-18,1,0,0.99998486
55000900029021,2022-01-19,1,0,0.99998486
55000900029021,2022-01-20,1,0,0.99998486
55000900029021,2022-01-21,1,0,0.99998486
55000900029021,2022-01-22,1,0,0.99998486
55000900029021,2022-01-23,1,0,0.99998486
55000900029021,2022-01-24,1,0,0.99998486
55000900029021,2022-01-25,1,0,0.99998486
55000900029021,2022-01-26,1,0,0.99998486
55000900029021,2022-01-27,1,0,0.99998486
55000900029021,2022-01-28,1,0,0.99998486
55000900029021,2022-01-29,1,0,0.99998486
55000900029021,2022-01-30,1,0,0.99998486
55000900029021,2022-01-31,1,0,0.99998486
55000900029021,2022-02-01,1,0,0.99998486
55000900029021,2022-02-02,1,0,0.99998486
55000900029021,2022-02-03,1,0,0.99998486
55000900029021,2022-02-04,1,0,0.99998486
55000900029021,2022-02-05,1,0,0.99998486
55000900029021,2022-02-06,1,0,0.99998486
55000900029021,2022-02-07,1,0,0.99998486
55000900029021,2022-02-08,1,0,0.99998486
55000900029021,2022-02-09,1,0,0.99998486
55000900029021,2022-02-10,1,0,0.99998486
55000900029021,2022-02-11,1,0,0.99998486
55000900029021,2022-02-12,1,0,0.99998486
55000900029021,2022-02-13,1,0,0.99998486
55000900029021,2022-02-14,1,0,0.99998486
55000900029021,2022-02-15,1,0,0.99998486
55000900029021,2022-02-16,1,0,0.99998486
55000900029021,2022-02-17,1,0,0.99998486
55000900029021,2022-02-18,1,0,0.99998486
55000900029021,2022-02-19,1,0,0.99998486
55000900029021,2022-02-20,1,0,0.99998486
55000900029021,2022-02-21,1,0,0.99998486
55000900029021,2022-02-22,1,0,0.99998486
55000900029021,2022-02-23,1,0,0.99998486
55000900029021,2022-02-24,1,0,0.99998486
55000900029021,2022-02-25,1,0,0.99998486
55000900029021,2022-02-26,1,0,0.99998486
55000900029021,2022-02-27,1,0,0.99998486
55000900029021,2022-02-28,1,0,0.99998486
55000900029021,2022-03-01,1,0,0.99998486
55000900029021,2022-03-02,1,0,0.99998486
55000900029021,2022-03-03,1,0,0.99998486
55000900029021,2022-03-04,1,0,0.99998486
55000900029021,2022-03-05,1,0,0.99998486
55000900029021,2022-03-06,1,0,0.99998486
55000900029021,2022-03-07,1,0,0.99998486
55000900029021,2022-03-08,1,0,0.99998486
55000900029021,2022-03-09,1,0,0.99998486
55000900029021,2022-03-10,1,0,0.99998486
55000900029021,2022-03-11,1,0,0.99998486
55000900029021,2022-03-12,1,0,0.99998486
55000900029021,2022-03-14,1,0,0.99998486
55000900029021,2022-03-15,1,0,0.99998486
55000900029021,2022-03-16,1,0,0.99998486
55000900029021,2022-03-17,1,0,0.99998486
55000900029021,2022-03-18,1,0,0.99998486
55000900029021,2022-03-19,1,0,0.99998486
55000900029021,2022-03-20,1,0,0.99998486
55000900029021,2022-03-21,1,0,0.99998486
55000900029021,2022-03-22,1,0,0.99998486
55000900029021,2022-03-23,1,0,0.99998486
55000900029021,2022-03-24,1,0,0.99998486
55000900029021,2022-03-25,1,0,0.99998486
55000900029021,2022-03-26,1,0,0.99998486
55000900029021,2022-03-27,1,0,0.99998486
55000900029021,2022-03-28,1,0,0.99998486
55000900029021,2022-03-29,1,0,0.99998486
55000900029021,2022-03-30,1,0,0.99998486
55000900029021,2022-03-31,1,0,0.99998486
55000900029021,2022-04-01,1,0,0.99998486
55000900029021,2022-04-02,1,0,0.99998486
55000900029021,2022-04-03,1,0,0.99998486
55000900029021,2022-04-04,1,0,0.99998486
55000900029021,2022-04-05,1,0,0.99998486
55000900029021,2022-04-06,1,0,0.99998486
55000900029021,2022-04-07,1,0,0.99998486
55000900029021,2022-04-08,1,0,0.99998486
55000900029021,2022-04-09,1,0,0.99998486
55000900029021,2022-04-10,1,0,0.99998486
55000900029021,2022-04-11,1,0,0.99998486
55000900029021,2022-04-12,1,0,0.99998486
55000900029021,2022-04-13,1,0,0.99998486
55000900029021,2022-04-14,1,0,0.99998486
55000900029021,2022-04-15,1,0,0.99998486
55000900029021,2022-04-16,1,0,0.99998486
55000900029021,2022-04-17,1,0,0.99998486
55000900029021,2022-04-18,1,0,0.99998486
55000900029021,2022-04-19,1,0,0.99998486
55000900029021,2022-04-20,1,0,0.99998486
55000900029021,2022-04-21,1,0,0.99998486
55000900029021,2022-04-22,1,0,0.99998486
55000900029021,2022-04-23,1,0,0.99998486
55000900029021,2022-04-24,1,0,0.99998486
55000900029021,2022-04-25,1,0,0.99998486
55000900029021,2022-04-26,1,0,0.99998486
55000900029021,2022-04-27,1,0,0.99998486
55000900029021,2022-04-28,1,0,0.99998486
55000900029021,2022-04-29,1,0,0.99998486
55000900029021,2022-04-30,1,0,0.99998486
55000900029021,2022-05-01,1,0,0.99998486
55000900029021,2022-05-02,1,0,0.99998486
55000900029021,2022-05-03,1,0,0.99998486
55000900029021,2022-05-04,1,0,0.99998486
55000900029021,2022-05-05,1,0,0.99998486
55000900029021,2022-05-06,1,0,0.99998486
55000900029021,2022-05-07,1,0,0.99998486
55000900029021,2022-05-08,1,0,0.99998486
55000900029021,2022-05-09,1,0,0.99998486
55000900029021,2022-05-10,1,0,0.99998486
55000900029021,2022-05-11,1,0,0.99998486
55000900029021,2022-05-12,1,0,0.99998486
55000900029021,2022-05-13,1,0,0.99998486
55000900029021,2022-05-14,1,0,0.99998486
55000900029021,2022-05-15,1,0,0.99998486
55000900029021,2022-05-16,1,0,0.99998486
55000900029021,2022-05-17,1,0,0.99998486
55000900029021,2022-05-18,1,0,0.99998486
55000900029021,2022-05-19,1,0,0.99998486
55000900029021,2022-05-20,1,0,0.99998486
55000900029021,2022-05-21,1,0,0.99998486
55000900029021,2022-05-22,1,0,0.99998486
55000900029021,2022-05-23,1,0,0.99998486
55000900029021,2022-05-24,1,0,0.99998486
55000900029021,2022-05-25,1,0,0.99998486
55000900029021,2022-05-26,1,0,0.99998486
55000900029021,2022-05-27,1,0,0.99998486
55000900029021,2022-05-28,1,0,0.99998486
55000900029021,2022-05-29,1,0,0.99998486
55000900029021,2022-05-30,1,0,0.99998486
55000900029021,2022-05-31,1,0,0.99998486
55000900029021,2022-06-01,1,0,0.99998486
55000900029021,2022-06-02,1,0,0.99998486
55000900029021,2022-06-03,1,0,0.99998486
55000900029021,2022-06-04,1,0,0.99998486
55000900029021,2022-06-05,1,0,0.99998486
55000900029021,2022-06-06,1,0,0.99998486
55000900029021,2022-06-07,1,0,0.99998486
55000900029021,2022-06-08,1,0,0.99998486
55000900029021,2022-06-09,1,0,0.99998486
55000900029021,2022-06-10,1,0,0.99998486
55000900029021,2022-06-11,1,0,0.99998486
55000900029021,2022-06-12,1,0,0.99998486
55000900029021,2022-06-13,1,0,0.99998486
55000900029021,2022-06-14,1,0,0.99998486
55000900029021,2022-06-15,1,0,0.99998486
55000900029021,2022-06-16,1,0,0.99998486
55000900029021,2022-06-17,1,0,0.99998486
55000900029021,2022-06-18,1,0,0.99998486
55000900029021,2022-06-19,1,0,0.99998486
55000900029021,2022-06-20,1,0,0.99998486
55000900029021,2022-06-21,1,0,0.99998486
55000900029021,2022-06-22,1,0,0.99998486
55000900029021,2022-06-23,1,0,0.99998486
55000900029021,2022-06-24,1,0,0.99998486
55000900029021,2022-06-25,1,0,0.99998486
55000900029021,2022-06-26,1,0,0.99998486
55000900029021,2022-06-27,1,0,0.99998486
55000900029021,2022-06-28,1,0,0.99998486
55000900029021,2022-06-29,1,0,0.99998486
55000900029021,2022-06-30,1,0,0.99998486
55000900029021,2022-07-01,1,0,0.99998486
55000900029021,2022-07-02,1,0,0.99998486
55000900029021,2022-07-03,1,0,0.99998486
55000900029021,2022-07-04,1,0,0.99998486
55000900029021,2022-07-05,1,0,0.99998486
55000900029021,2022-07-06,1,0,0.99998486
55000900029021,2022-07-07,1,0,0.99998486
55000900029021,2022-07-08,1,0,0.99998486
55000900029021,2022-07-09,1,0,0.99998486
55000900029021,2022-07-10,1,0,0.99998486
55000900029021,2022-07-11,1,0,0.99998486
55000900029021,2022-07-12,1,0,0.99998486
55000900029021,2022-07-13,1,0,0.99998486
55000900029021,2022-07-14,1,0,0.99998486
55000900029021,2022-07-15,1,0,0.99998486
55000900029021,2022-07-16,1,0,0.99998486
55000900029021,2022-07-17,1,0,0.99998486
55000900029021,2022-07-18,1,0,0.99998486
55000900029021,2022-07-19,1,0,0.99998486
55000900029021,2022-07-20,1,0,0.99998486
55000900029021,2022-07-21,1,0,0.99998486
55000900029021,2022-07-22,1,0,0.99998486
55000900029021,2022-07-23,1,0,0.99998486
55000900029021,2022-07-24,1,0,0.99998486
55000900029021,2022-07-25,1,0,0.99998486
55000900029021,2022-07-26,1,0,0.99998486
55000900029021,2022-07-27,1,0,0.99998486
55000900029021,2022-07-28,1,0,0.99998486
55000900029021,2022-07-29,1,0,0.99998486
55000900029021,2022-07-30,1,0,0.99998486
55000900029021,2022-07-31,1,0,0.99998486
55000900029021,2022-08-01,1,0,0.99998486
55000900029021,2022-08-02,1,0,0.99998486
55000900029021,2022-08-03,1,0,0.99998486
55000900029021,2022-08-04,1,0,0.99998486
55000900029021,2022-08-05,1,0,0.99998486
55000900029021,2022-08-06,1,0,0.99998486
55000900029021,2022-08-07,1,0,0.99998486
55000900029021,2022-08-08,1,0,0.99998486
55000900029021,2022-08-09,1,0,0.99998486
55000900029021,2022-08-10,1,0,0.99998486
55000900029021,2022-08-11,1,0,0.99998486
55000900029021,2022-08-12,1,0,0.99998486
55000900029021,2022-08-13,1,0,0.99998486
55000900029021,2022-08-14,1,0,0.99998486
55000900029021,2022-08-15,1,0,0.99998486
55000900029021,2022-08-16,1,0,0.99998486
55000900029021,2022-08-17,1,0,0.99998486
55000900029021,2022-08-18,1,0,0.99998486
55000900029021,2022-08-19,1,0,0.99998486
55000900029021,2022-08-20,1,0,0.99998486
55000900029021,2022-08-21,1,0,0.99998486
55000900029021,2022-08-22,1,0,0.99998486
55000900029021,2022-08-23,1,0,0.99998486
55000900029021,2022-08-24,1,0,0.99998486
55000900029021,2022-08-25,1,0,0.99998486
55000900029021,2022-08-26,1,0,0.99998486
55000900029021,2022-08-27,1,0,0.99998486
55000900029021,2022-08-28,1,0,0.99998486
55000900029021,2022-08-29,1,0,0.99998486
55000900029021,2022-08-30,1,0,0.99998486
55000900029021,2022-08-31,1,0,0.99998486
55000900029021,2022-09-01,1,0,0.99998486
55000900029021,2022-09-02,1,0,0.99998486
55000900029021,2022-09-03,1,0,0.99998486
55000900029021,2022-09-04,1,0,0.99998486
55000900029021,2022-09-05,1,0,0.99998486
55000900029021,2022-09-06,1,0,0.99998486
55000900029021,2022-09-07,1,0,0.99998486
55000900029021,2022-09-08,1,0,0.99998486
55000900029021,2022-09-09,1,0,0.99998486
55000900029021,2022-09-10,1,0,0.99998486
55000900029021,2022-09-11,1,0,0.99998486
55000900029021,2022-09-12,1,0,0.99998486
55000900029021,2022-09-13,1,0,0.99998486
55000900029021,2022-09-14,1,0,0.99998486
55000900029021,2022-09-15,1,0,0.99998486
55000900029021,2022-09-16,1,0,0.99998486
55000900029021,2022-09-17,1,0,0.99998486
55000900029021,2022-09-18,1,0,0.99998486
55000900029021,2022-09-19,1,0,0.99998486
55000900029021,2022-09-20,1,0,0.99998486
55000900029021,2022-09-21,1,0,0.99998486
55000900029021,2022-09-22,1,0,0.99998486
55000900029021,2022-09-23,1,0,0.99998486
55000900029021,2022-09-24,1,0,0.99998486
55000900029021,2022-09-25,1,0,0.99998486
55000900029021,2022-09-26,1,0,0.99998486
55000900029021,2022-09-27,1,0,0.99998486
55000900029021,2022-09-28,1,0,0.99998486
55000900029021,2022-09-29,1,0,0.99998486
55000900029021,2022-09-30,1,0,0.99998486
55000900029021,2022-10-01,1,0,0.99998486
55000900029021,2022-10-02,0,0,0.99998486
55000900029021,2022-10-03,0,0,0.99998486
55000900029021,2022-10-04,0,0,0.99998486
55000900029021,2022-10-05,0,0,0.9999908
55000900029021,2022-10-06,0,0,0.99999213
55000900029021,2022-10-07,1,0,0.99999166
55000900029021,2022-10-08,1,0,0.9999919
55000900029021,2022-10-09,0,0,0.999992
55000900029021,2022-10-10,0,0,0.99998546
55000900029021,2022-10-11,0,0,0.99998415
55000900029021,2022-10-12,0,0,0.9999908
55000900029021,2022-10-13,0,0,0.99999213
55000900029021,2022-10-14,0,0,0.99999166
55000900029021,2022-10-15,0,0,0.99999285
55000900029021,2022-10-16,0,0,0.9999963
55000900029021,2022-10-17,0,0,0.99999785
55000900029021,2022-10-18,0,0,0.99999845
55000900029021,2022-10-19,0,0,0.99999774
55000900029021,2022-10-20,0,0,0.9999958
55000900029021,2022-10-21,1,0,0.9999927
55000900029021,2022-10-22,1,0,0.9999778
55000900029021,2022-10-23,1,0,0.99998355
55000900029021,2022-10-24,1,0,0.99998283
55000900029021,2022-10-25,1,0,0.9999802
55000900029021,2022-10-26,1,0,0.99997413
55000900029021,2022-10-27,1,0,0.9999752
55000900029021,2022-10-28,1,0,0.9999745
55000900029021,2022-10-29,1,0,0.99997556
55000900029021,2022-10-30,1,0,0.9999759
55000900029021,2022-10-31,1,0,0.9999763
55000900029021,2022-11-01,1,0,0.99997616
55000900029021,2022-11-02,1,0,0.99997616
55000900029021,2022-11-03,1,0,0.9999684
55000900029021,2022-11-04,1,0,0.9999685
55000900029021,2022-11-05,1,0,0.99997187
55000900029021,2022-11-06,1,0,0.99998736
55000900029021,2022-11-07,1,0,0.9999877
55000900029021,2022-11-08,1,0,0.9999877
55000900029021,2022-11-09,1,0,0.9999876
55000900029021,2022-11-10,1,0,0.99998474
55000900029021,2022-11-11,1,0,0.99998486
55000900029021,2022-11-12,1,0,0.99998486
55000900029021,2022-11-13,1,0,0.99998474
55000900029021,2022-11-14,1,0,0.99998474
55000900029021,2022-11-15,1,0,0.99998474
55000900029021,2022-11-16,1,0,0.99998474
55000900029021,2022-11-17,1,0,0.99998474
55000900029021,2022-11-18,1,0,0.9999845
55000900029021,2022-11-19,1,0,0.9999844
55000900029021,2022-11-20,1,0,0.9999844
55000900029021,2022-11-21,1,0,0.9999858
55000900029021,2022-11-22,1,0,0.99998486
55000900029021,2022-11-23,1,0,0.99998486
55000900029021,2022-11-24,1,0,0.99998486
55000900029021,2022-11-25,1,0,0.99998486
55000900029021,2022-11-26,1,0,0.99998486
55000900029021,2022-11-27,1,0,0.99998486
55000900029021,2022-11-28,1,0,0.99998486
55000900029021,2022-11-29,1,0,0.99998486
55000900029021,2022-11-30,1,0,0.99998486
55000900029021,2022-12-01,1,0,0.99998486
55000900029021,2022-12-02,1,0,0.99998486
55000900029021,2022-12-03,1,0,0.99998486
55000900029021,2022-12-04,1,0,0.99998486
55000900029021,2022-12-05,1,0,0.99998486
55000900029021,2022-12-06,1,0,0.99998486
55000900029021,2022-12-07,1,0,0.99998486
55000900029021,2022-12-08,1,0,0.99998486
55000900029021,2022-12-09,1,0,0.99998486
55000900029021,2022-12-10,1,0,0.99998486
55000900029021,2022-12-11,1,0,0.99998486
55000900029021,2022-12-12,1,0,0.99998486
55000900029021,2022-12-13,1,0,0.99998486
55000900029021,2022-12-14,1,0,0.99998486
55000900029021,2022-12-15,1,0,0.99998486
55000900029021,2022-12-16,1,0,0.99998486
55000900029021,2022-12-17,1,0,0.99998486
55000900029021,2022-12-18,1,0,0.99998486
55000900029021,2022-12-19,1,0,0.99998486
55000900029021,2022-12-20,1,0,0.99998486
55000900029021,2022-12-21,1,0,0.99998486
55000900029021,2022-12-22,1,0,0.99998486
55000900029021,2022-12-23,1,0,0.99998486
55000900029021,2022-12-24,1,0,0.99998486
55000900029021,2022-12-25,1,0,0.99998486
55000900029021,2022-12-26,1,0,0.99998486
55000900029021,2022-12-27,1,0,0.99998486
55000900029021,2022-12-28,1,0,0.99998486
55000900029021,2022-12-29,1,0,0.99998486
55000900029021,2022-12-30,1,0,0.99998486
55000900029021,2022-12-31,1,0,0.99998486
55000900029021,2023-01-01,1,0,0.99998486
55000900029021,2023-01-02,1,0,0.99998486
55000900029021,2023-01-03,1,0,0.99998486
55000900029021,2023-01-04,1,0,0.99998486
55000900029021,2023-01-05,1,0,0.99998486
55000900029021,2023-01-06,1,0,0.99998486
55000900029021,2023-01-07,1,0,0.99998486
55000900029021,2023-01-08,1,0,0.99998486
55000900029021,2023-01-09,1,0,0.99998486
55000900029021,2023-01-10,1,0,0.99998486
55000900029021,2023-01-11,1,0,0.99998486
55000900029021,2023-01-12,1,0,0.99998486
55000900029021,2023-01-13,1,0,0.99998486
55000900029021,2023-01-14,1,0,0.99998486
55000900029021,2023-01-15,1,0,0.99998486
55000900029021,2023-01-16,1,0,0.99998486
55000900029021,2023-01-17,1,0,0.99998486
55000900029021,2023-01-18,1,0,0.99998486
55000900029021,2023-01-19,1,0,0.99998486
55000900029021,2023-01-20,1,0,0.99998486
55000900029021,2023-01-21,1,0,0.99998486
55000900029021,2023-01-22,1,0,0.99998486
55000900029021,2023-01-23,1,0,0.99998486
55000900029021,2023-01-24,1,0,0.99998486
55000900029021,2023-01-25,1,0,0.99998486
55000900029021,2023-01-26,1,0,0.99998486
55000900029021,2023-01-27,1,0,0.99998486
55000900029021,2023-01-28,1,0,0.99998486
55000900029021,2023-01-29,1,0,0.99998486
55000900029021,2023-01-30,1,0,0.99998486
55000900029021,2023-01-31,1,0,0.99998486
55000900029021,2023-02-01,1,0,0.99998486
55000900029021,2023-02-02,1,0,0.99998486
55000900029021,2023-02-03,1,0,0.99998486
55000900029021,2023-02-04,1,0,0.99998486
55000900029021,2023-02-05,1,0,0.99998486
55000900029021,2023-02-06,1,0,0.99998486
55000900029021,2023-02-07,1,0,0.99998486
55000900029021,2023-02-08,1,0,0.99998486
55000900029021,2023-02-09,1,0,0.99998486
55000900029021,2023-02-10,1,0,0.99998486
55000900029021,2023-02-11,1,0,0.99998486
55000900029021,2023-02-12,1,0,0.99998486
55000900029021,2023-02-13,1,0,0.99998486
55000900029021,2023-02-14,1,0,0.99998486
55000900029021,2023-02-15,1,0,0.99998486
55000900029021,2023-02-16,1,0,0.99998486
55000900029021,2023-02-17,1,0,0.99998486
55000900029021,2023-02-18,1,0,0.99998486
55000900029021,2023-02-19,1,0,0.99998486
55000900029021,2023-02-20,1,0,0.99998486
55000900029021,2023-02-21,1,0,0.99998486
55000900029021,2023-02-22,1,0,0.99998486
55000900029021,2023-02-23,1,0,0.99998486
55000900029021,2023-02-24,1,0,0.99998486
55000900029021,2023-02-25,1,0,0.99998486
55000900029021,2023-02-26,1,0,0.99998486
55000900029021,2023-02-27,1,0,0.99998486
55000900029021,2023-02-28,1,0,0.99998486
55000900029021,2023-03-01,1,0,0.99998486
55000900029021,2023-03-02,1,0,0.99998486
55000900029021,2023-03-03,1,0,0.99998486
55000900029021,2023-03-04,1,0,0.99998486
55000900029021,2023-03-05,1,0,0.99998486
55000900029021,2023-03-06,1,0,0.99998486
55000900029021,2023-03-07,1,0,0.99998486
55000900029021,2023-03-08,1,0,0.99998486
55000900029021,2023-03-09,1,0,0.99998486
55000900029021,2023-03-10,1,0,0.99998486
55000900029021,2023-03-11,1,0,0.99998486
55000900029021,2023-03-13,1,0,0.99998486
55000900029021,2023-03-14,1,0,0.99998486
55000900029021,2023-03-15,1,0,0.99998486
55000900029021,2023-03-16,1,0,0.99998486
55000900029021,2023-03-17,1,0,0.99998486
55000900029021,2023-03-18,1,0,0.99998486
55000900029021,2023-03-19,1,0,0.99998486
55000900029021,2023-03-20,1,0,0.99998486
55000900029021,2023-03-21,1,0,0.99998486
55000900029021,2023-03-22,1,0,0.99998486
55000900029021,2023-03-23,1,0,0.99998486
55000900029021,2023-03-24,1,0,0.99998486
55000900029021,2023-03-25,1,0,0.99998486
55000900029021,2023-03-26,1,0,0.99998486
55000900029021,2023-03-27,1,0,0.99998486
55000900029021,2023-03-28,1,0,0.99998486
55000900029021,2023-03-29,1,0,0.99998486
55000900029021,2023-03-30,1,0,0.99998486
55000900029021,2023-03-31,1,0,0.99998486
55000900029021,2023-04-01,1,0,0.99998486
55000900029021,2023-04-02,1,0,0.99998486
55000900029021,2023-04-03,1,0,0.99998486
55000900029021,2023-04-04,1,0,0.99998486
55000900029021,2023-04-05,1,0,0.99998486
55000900029021,2023-04-06,1,0,0.99998486
55000900029021,2023-04-07,1,0,0.99998486
55000900029021,2023-04-08,1,0,0.99998486
55000900029021,2023-04-09,1,0,0.99998486
55000900029021,2023-04-10,1,0,0.99998486
55000900029021,2023-04-11,1,0,0.99998486
55000900029021,2023-04-12,1,0,0.99998486
55000900029021,2023-04-13,1,0,0.99998486
55000900029021,2023-04-14,1,0,0.99998486
55000900029021,2023-04-15,1,0,0.99998486
55000900029021,2023-04-16,1,0,0.99998486
55000900029021,2023-04-17,1,0,0.99998486
55000900029021,2023-04-18,1,0,0.99998486
55000900029021,2023-04-19,1,0,0.99998486
55000900029021,2023-04-20,1,0,0.99998486
55000900029608,2020-09-11,1,0,0.99999976
55000900029608,2020-09-12,1,0,0.99999845
55000900029608,2020-09-13,1,0,0.9999994
55000900029608,2020-09-14,1,0,0.9999975
55000900029608,2020-09-15,1,0,0.9999974
55000900029608,2020-09-16,1,0,0.999998
55000900029608,2020-09-17,1,0,0.99999785
55000900029608,2020-09-18,1,0,0.9999975
55000900029608,2020-09-19,1,0,0.99999845
55000900029608,2020-09-20,1,0,0.9999994
55000900029608,2020-09-21,1,0,0.99999964
55000900029608,2020-09-22,1,0,0.9999999
55000900029608,2020-09-23,1,0,0.99999976
55000900029608,2020-09-24,1,0,0.99999964
55000900029608,2020-09-25,1,0,0.99999976
55000900029608,2020-09-26,1,0,0.9999999
55000900029608,2020-09-27,1,0,0.99999976
55000900029608,2020-09-28,1,0,0.99999964
55000900029608,2020-09-29,1,0,0.9999999
55000900029608,2020-09-30,1,0,0.9999995
55000900029608,2020-10-01,1,0,0.99999976
55000900029608,2020-10-02,1,0,0.9999994
55000900029608,2020-10-03,1,0,0.99999464
55000900029608,2020-10-04,1,0,0.9999968
55000900029608,2020-10-05,1,0,0.9999949
55000900029608,2020-10-06,1,0,0.999998
55000900029608,2020-10-07,1,0,0.99999845
55000900029608,2020-10-08,1,0,0.9999987
55000900029608,2020-10-09,1,0,0.99999833
55000900029608,2020-10-10,1,0,0.9999987
55000900029608,2020-10-11,1,0,0.9999995
55000900029608,2020-10-12,1,0,0.9999993
55000900029608,2020-10-13,1,0,0.99999964
55000900029608,2020-10-14,1,0,0.99999976
55000900029608,2020-10-15,1,0,0.9999999
55000900029608,2020-10-16,1,0,0.9999999
55000900029608,2020-10-17,1,0,0.99999976
55000900029608,2020-10-18,1,0,1.0
55000900029608,2020-10-19,1,0,0.99999976
55000900029608,2020-10-20,1,0,0.99999976
55000900029608,2020-10-21,1,0,0.9999999
55000900029608,2020-10-22,1,0,0.9999999
55000900029608,2020-10-23,1,0,0.9999999
55000900029608,2020-10-24,1,0,1.0
55000900029608,2020-10-25,1,0,0.9999999
55000900029608,2020-10-26,1,0,1.0
55000900029608,2020-10-27,1,0,0.99999976
55000900029608,2020-10-28,1,0,0.9999999
55000900029608,2020-10-29,1,0,0.9999995
55000900029608,2020-10-30,1,0,0.9999999
55000900029608,2020-10-31,1,0,0.9999994
55000900029608,2020-11-01,1,0,0.99999976
55000900029608,2020-11-02,1,0,0.99999976
55000900029608,2020-11-03,1,0,0.9999999
55000900029608,2020-11-04,1,0,0.9999994
55000900029608,2020-11-05,1,0,0.99999845
55000900029608,2020-11-06,1,0,0.9999999
55000900029608,2020-11-07,1,0,0.99999964
55000900029608,2020-11-08,1,0,0.99999976
55000900029608,2020-11-09,1,0,0.9999999
55000900029608,2020-11-10,1,0,0.9999999
55000900029608,2020-11-11,1,0,0.9999999
55000900029608,2020-11-12,1,0,0.9999999
55000900029608,2020-11-13,1,0,0.9999999
55000900029608,2020-11-14,1,0,0.99999976
55000900029608,2020-11-15,1,0,0.9999999
55000900029608,2020-11-16,1,0,1.0
55000900029608,2020-11-17,1,0,0.9999999
55000900029608,2020-11-18,1,0,0.99999964
55000900029608,2020-11-19,1,0,0.9999999
55000900029608,2020-11-20,1,0,0.9999999
55000900029608,2020-11-21,1,0,0.9999999
55000900029608,2020-11-22,1,0,0.9999999
55000900029608,2020-11-23,1,0,0.9999999
55000900029608,2020-11-24,1,0,0.9999999
55000900029608,2020-11-25,1,0,0.99999976
55000900029608,2020-11-26,1,0,1.0
55000900029608,2020-11-27,1,0,1.0
55000900029608,2020-11-28,1,0,0.9999999
55000900029608,2020-11-29,1,0,0.9999999
55000900029608,2020-11-30,1,0,0.9999999
55000900029608,2020-12-01,1,0,0.9999999
55000900029608,2020-12-02,1,0,0.9999999
55000900029608,2020-12-03,1,0,0.99999976
55000900029608,2020-12-04,1,0,0.9999995
55000900029608,2020-12-05,1,0,0.99999976
55000900029608,2020-12-06,1,0,0.9999999
55000900029608,2020-12-07,1,0,0.9999995
55000900029608,2020-12-08,1,0,0.99999964
55000900029608,2020-12-09,1,0,0.9999999
55000900029608,2020-12-10,1,0,0.99999976
55000900029608,2020-12-11,1,0,0.99999976
55000900029608,2020-12-12,1,0,0.9999999
55000900029608,2020-12-13,1,0,0.99999976
55000900029608,2020-12-14,1,0,0.99999976
55000900029608,2020-12-15,1,0,0.9999999
55000900029608,2020-12-16,1,0,0.9999999
55000900029608,2020-12-17,1,0,0.99999964
55000900029608,2020-12-18,1,0,0.99999964
55000900029608,2020-12-19,1,0,0.9999999
55000900029608,2020-12-20,1,0,0.99999964
55000900029608,2020-12-21,1,0,0.99999976
55000900029608,2020-12-22,1,0,0.99999976
55000900029608,2020-12-23,1,0,0.99999976
55000900029608,2020-12-24,1,0,1.0
55000900029608,2020-12-25,1,0,0.99999976
55000900029608,2020-12-26,1,0,0.9999995
55000900029608,2020-12-27,1,0,0.9999994
55000900029608,2020-12-28,1,0,0.9999995
55000900029608,2020-12-29,1,0,0.9999999
55000900029608,2020-12-30,1,0,0.9999999
55000900029608,2020-12-31,1,0,0.9999999
55000900029608,2021-01-01,1,0,0.99999964
55000900029608,2021-01-02,1,0,0.9999999
55000900029608,2021-01-03,1,0,0.9999999
55000900029608,2021-01-04,1,0,1.0
55000900029608,2021-01-05,1,0,1.0
55000900029608,2021-01-06,1,0,1.0
55000900029608,2021-01-07,1,0,0.99999964
55000900029608,2021-01-08,1,0,0.9999999
55000900029608,2021-01-09,1,0,0.9999999
55000900029608,2021-01-10,1,0,0.9999993
55000900029608,2021-01-11,1,0,0.99999845
55000900029608,2021-01-12,1,0,0.9999999
55000900029608,2021-01-13,1,0,0.9999957
55000900029608,2021-01-14,1,0,0.9999999
55000900029608,2021-01-15,1,0,0.9999846
55000900029608,2021-01-16,1,0,0.99999774
55000900029608,2021-01-17,1,0,0.9999995
55000900029608,2021-01-18,1,0,0.9999989
55000900029608,2021-01-19,1,0,0.9999987
55000900029608,2021-01-20,1,0,0.99999976
55000900029608,2021-01-21,1,0,0.99999964
55000900029608,2021-01-22,1,0,0.9999999
55000900029608,2021-01-23,1,0,0.99999964
55000900029608,2021-01-24,1,0,0.9999999
55000900029608,2021-01-25,1,0,0.9999999
55000900029608,2021-01-26,1,0,0.9999994
55000900029608,2021-01-27,1,0,0.99999905
55000900029608,2021-01-28,1,0,0.9999999
55000900029608,2021-01-29,1,0,0.9999999
55000900029608,2021-01-30,1,0,0.9999999
55000900029608,2021-01-31,1,0,0.999998
55000900029608,2021-02-01,1,0,0.9999932
55000900029608,2021-02-02,1,0,0.9999932
55000900029608,2021-02-03,1,0,0.9999932
55000900029608,2021-02-04,1,0,0.9999932
55000900029608,2021-02-05,1,0,0.9999932
55000900029608,2021-02-06,1,0,0.9999932
55000900029608,2021-02-07,1,0,0.9999932
55000900029608,2021-02-08,1,0,0.9999932
55000900029608,2021-02-09,1,0,0.9999932
55000900029608,2021-02-10,1,0,0.9999932
55000900029608,2021-02-11,1,0,0.9999932
55000900029608,2021-02-12,1,0,0.9999932
55000900029608,2021-02-13,1,0,0.9999932
55000900029608,2021-02-14,1,0,0.9999932
55000900029608,2021-02-15,1,0,0.9999932
55000900029608,2021-02-16,1,0,0.9999932
55000900029608,2021-02-17,1,0,0.9999932
55000900029608,2021-02-18,1,0,0.9999932
55000900029608,2021-02-19,1,0,0.9999932
55000900029608,2021-02-20,1,0,0.9999932
55000900029608,2021-02-21,1,0,0.9999932
55000900029608,2021-02-22,1,0,0.9999932
55000900029608,2021-02-23,1,0,0.9999932
55000900029608,2021-02-24,1,0,0.9999932
55000900029608,2021-02-25,1,0,0.9999932
55000900029608,2021-02-26,1,0,0.9999932
55000900029608,2021-02-27,1,0,0.9999932
55000900029608,2021-02-28,1,0,0.9999932
55000900029608,2021-03-01,1,0,0.9999932
55000900029608,2021-03-02,1,0,0.9999932
55000900029608,2021-03-03,1,0,0.9999932
55000900029608,2021-03-04,1,0,0.9999932
55000900029608,2021-03-05,1,0,0.9999932
55000900029608,2021-03-06,1,0,0.9999932
55000900029608,2021-03-07,1,0,0.9999932
55000900029608,2021-03-08,1,0,0.9999932
55000900029608,2021-03-09,1,0,0.9999932
55000900029608,2021-03-10,1,0,0.9999932
55000900029608,2021-03-11,1,0,0.9999932
55000900029608,2021-03-12,1,0,0.9999932
55000900029608,2021-03-13,1,0,0.9999932
55000900029608,2021-03-15,1,0,0.9999932
55000900029608,2021-03-16,1,0,0.9999932
55000900029608,2021-03-17,1,0,0.9999932
55000900029608,2021-03-18,1,0,0.9999932
55000900029608,2021-03-19,1,0,0.9999932
55000900029608,2021-03-20,1,0,0.9999932
55000900029608,2021-03-21,1,0,0.9999932
55000900029608,2021-03-22,1,0,0.9999932
55000900029608,2021-03-23,1,0,0.9999932
55000900029608,2021-03-24,1,0,0.9999932
55000900029608,2021-03-25,1,0,0.9999932
55000900029608,2021-03-26,1,0,0.9999932
55000900029608,2021-03-27,1,0,0.9999932
55000900029608,2021-03-28,1,0,0.9999932
55000900029608,2021-03-29,1,0,0.9999932
55000900029608,2021-03-30,1,0,0.9999932
55000900029608,2021-03-31,1,0,0.9999932
55000900029608,2021-04-01,1,0,0.9999932
55000900029608,2021-04-02,1,0,0.9999932
55000900029608,2021-04-03,1,0,0.9999932
55000900029608,2021-04-04,1,0,0.9999932
55000900029608,2021-04-05,1,0,0.9999932
55000900029608,2021-04-06,1,0,0.9999932
55000900029608,2021-04-07,1,0,0.9999932
55000900029608,2021-04-08,1,0,0.9999932
55000900029608,2021-04-09,1,0,0.9999932
55000900029608,2021-04-10,1,0,0.9999932
55000900029608,2021-04-11,1,0,0.9999932
55000900029608,2021-04-12,1,0,0.9999932
55000900029608,2021-04-13,1,0,0.9999932
55000900029608,2021-04-14,1,0,0.9999932
55000900029608,2021-04-15,1,0,0.9999932
55000900029608,2021-04-16,1,0,0.9999932
55000900029608,2021-04-17,1,0,0.9999932
55000900029608,2021-04-18,1,0,0.9999932
55000900029608,2021-04-19,1,0,0.9999932
55000900029608,2021-04-20,1,0,0.9999932
55000900029608,2021-04-21,1,0,0.9999932
55000900029608,2021-04-22,1,0,0.9999932
55000900029608,2021-04-23,1,0,0.9999932
55000900029608,2021-04-24,1,0,0.9999932
55000900029608,2021-04-25,1,0,0.9999932
55000900029608,2021-04-26,1,0,0.9999932
55000900029608,2021-04-27,1,0,0.9999932
55000900029608,2021-04-28,1,0,0.9999932
55000900029608,2021-04-29,1,0,0.9999932
55000900029608,2021-04-30,1,0,0.9999932
55000900029608,2021-05-01,1,0,0.9999932
55000900029608,2021-05-02,1,0,0.9999932
55000900029608,2021-05-03,1,0,0.9999932
55000900029608,2021-05-04,1,0,0.9999932
55000900029608,2021-05-05,1,0,0.9999932
55000900029608,2021-05-06,1,0,0.9999932
55000900029608,2021-05-07,1,0,0.9999932
55000900029608,2021-05-08,1,0,0.9999932
55000900029608,2021-05-09,1,0,0.9999932
55000900029608,2021-05-10,1,0,0.9999932
55000900029608,2021-05-11,1,0,0.9999932
55000900029608,2021-05-12,1,0,0.9999932
55000900029608,2021-05-13,1,0,0.9999932
55000900029608,2021-05-14,1,0,0.9999932
55000900029608,2021-05-15,1,0,0.9999932
55000900029608,2021-05-16,1,0,0.9999932
55000900029608,2021-05-17,1,0,0.9999932
55000900029608,2021-05-18,1,0,0.9999932
55000900029608,2021-05-19,1,0,0.9999932
55000900029608,2021-05-20,1,0,0.9999932
55000900029608,2021-05-21,1,0,0.9999932
55000900029608,2021-05-22,1,0,0.9999932
55000900029608,2021-05-23,1,0,0.9999932
55000900029608,2021-05-24,1,0,0.9999932
55000900029608,2021-05-25,1,0,0.9999932
55000900029608,2021-05-26,1,0,0.9999932
55000900029608,2021-05-27,1,0,0.9999932
55000900029608,2021-05-28,1,0,0.9999932
55000900029608,2021-05-29,1,0,0.9999932
55000900029608,2021-05-30,1,0,0.9999932
55000900029608,2021-05-31,1,0,0.9999932
55000900029608,2021-06-01,1,0,0.9999932
55000900029608,2021-06-02,1,0,0.9999932
55000900029608,2021-06-03,1,0,0.9999932
55000900029608,2021-06-04,1,0,0.9999932
55000900029608,2021-06-05,1,0,0.9999932
55000900029608,2021-06-06,1,0,0.9999932
55000900029608,2021-06-07,1,0,0.9999932
55000900029608,2021-06-08,1,0,0.9999932
55000900029608,2021-06-09,1,0,0.9999932
55000900029608,2021-06-10,1,0,0.9999932
55000900029608,2021-06-11,1,0,0.9999932
55000900029608,2021-06-12,1,0,0.9999932
55000900029608,2021-06-13,1,0,0.9999932
55000900029608,2021-06-14,1,0,0.9999932
55000900029608,2021-06-15,1,0,0.9999932
55000900029608,2021-06-16,1,0,0.9999932
55000900029608,2021-06-17,1,0,0.9999932
55000900029608,2021-06-18,1,0,0.9999932
55000900029608,2021-06-19,1,0,0.9999932
55000900029608,2021-06-20,1,0,0.9999932
55000900029608,2021-06-21,1,0,0.9999932
55000900029608,2021-06-22,1,0,0.9999932
55000900029608,2021-06-23,1,0,0.9999932
55000900029608,2021-06-24,1,0,0.9999932
55000900029608,2021-06-25,1,0,0.9999932
55000900029608,2021-06-26,1,0,0.9999932
55000900029608,2021-06-27,1,0,0.9999932
55000900029608,2021-06-28,1,0,0.9999932
55000900029608,2021-06-29,1,0,0.9999932
55000900029608,2021-06-30,1,0,0.9999932
55000900029608,2021-07-01,1,0,0.9999932
55000900029608,2021-07-02,1,0,0.9999932
55000900029608,2021-07-03,1,0,0.9999932
55000900029608,2021-07-04,1,0,0.9999932
55000900029608,2021-07-05,1,0,0.9999932
55000900029608,2021-07-06,1,0,0.9999932
55000900029608,2021-07-07,1,0,0.9999932
55000900029608,2021-07-08,1,0,0.9999932
55000900029608,2021-07-09,1,0,0.9999932
55000900029608,2021-07-10,1,0,0.9999932
55000900029608,2021-07-11,1,0,0.9999932
55000900029608,2021-07-12,1,0,0.9999932
55000900029608,2021-07-13,1,0,0.9999932
55000900029608,2021-07-14,1,0,0.9999932
55000900029608,2021-07-15,1,0,0.9999932
55000900029608,2021-07-16,1,0,0.9999932
55000900029608,2021-07-17,1,0,0.9999932
55000900029608,2021-07-18,1,0,0.9999932
55000900029608,2021-07-19,1,0,0.9999932
55000900029608,2021-07-20,1,0,0.9999932
55000900029608,2021-07-21,1,0,0.9999932
55000900029608,2021-07-22,1,0,0.9999932
55000900029608,2021-07-23,1,0,0.9999932
55000900029608,2021-07-24,1,0,0.9999932
55000900029608,2021-07-25,1,0,0.9999932
55000900029608,2021-07-26,1,0,0.9999932
55000900029608,2021-07-27,1,0,0.9999932
55000900029608,2021-07-28,1,0,0.9999932
55000900029608,2021-07-29,1,0,0.9999932
55000900029608,2021-07-30,1,0,0.9999932
55000900029608,2021-07-31,1,0,0.9999932
55000900029608,2021-08-01,1,0,0.9999932
55000900029608,2021-08-02,1,0,0.9999932
55000900029608,2021-08-03,1,0,0.9999932
55000900029608,2021-08-04,1,0,0.9999932
55000900029608,2021-08-05,1,0,0.9999932
55000900029608,2021-08-06,1,0,0.9999932
55000900029608,2021-08-07,1,0,0.9999932
55000900029608,2021-08-08,1,0,0.9999932
55000900029608,2021-08-09,1,0,0.9999932
55000900029608,2021-08-10,1,0,0.9999932
55000900029608,2021-08-11,1,0,0.9999932
55000900029608,2021-08-12,1,0,0.9999932
55000900029608,2021-08-13,1,0,0.9999932
55000900029608,2021-08-14,1,0,0.9999932
55000900029608,2021-08-15,1,0,0.9999932
55000900029608,2021-08-16,1,0,0.9999932
55000900029608,2021-08-17,1,0,0.9999932
55000900029608,2021-08-18,1,0,0.9999932
55000900029608,2021-08-19,1,0,0.9999932
55000900029608,2021-08-20,1,0,0.9999932
55000900029608,2021-08-21,1,0,0.9999932
55000900029608,2021-08-22,1,0,0.9999932
55000900029608,2021-08-23,1,0,0.9999932
55000900029608,2021-08-24,1,0,0.9999932
55000900029608,2021-08-25,1,0,0.9999932
55000900029608,2021-08-26,1,0,0.9999932
55000900029608,2021-08-27,1,0,0.9999932
55000900029608,2021-08-28,1,0,0.9999932
55000900029608,2021-08-29,1,0,0.9999932
55000900029608,2021-08-30,1,0,0.9999932
55000900029608,2021-08-31,1,0,0.9999932
55000900029608,2021-09-01,1,0,0.9999932
55000900029608,2021-09-02,1,0,0.9999932
55000900029608,2021-09-03,1,0,0.9999932
55000900029608,2021-09-04,1,0,0.9999932
55000900029608,2021-09-05,1,0,0.9999932
55000900029608,2021-09-06,1,0,0.9999932
55000900029608,2021-09-07,1,0,0.9999932
55000900029608,2021-09-08,1,0,0.9999932
55000900029608,2021-09-09,1,0,0.9999932
55000900029608,2021-09-10,1,0,0.9999932
55000900029608,2021-09-11,1,0,0.9999932
55000900029608,2021-09-12,1,0,0.9999932
55000900029608,2021-09-13,1,0,0.9999932
55000900029608,2021-09-14,1,0,0.9999932
55000900029608,2021-09-15,1,0,0.9999932
55000900029608,2021-09-16,1,0,0.9999932
55000900029608,2021-09-17,1,0,0.9999932
55000900029608,2021-09-18,1,0,0.9999932
55000900029608,2021-09-19,1,0,0.9999932
55000900029608,2021-09-20,1,0,0.9999932
55000900029608,2021-09-21,1,0,0.9999932
55000900029608,2021-09-22,1,0,0.9999932
55000900029608,2021-09-23,1,0,0.9999932
55000900029608,2021-09-24,1,0,0.9999932
55000900029608,2021-09-25,1,0,0.9999932
55000900029608,2021-09-26,1,0,0.9999932
55000900029608,2021-09-27,1,0,0.9999932
55000900029608,2021-09-28,1,0,0.9999932
55000900029608,2021-09-29,1,0,0.9999932
55000900029608,2021-09-30,1,0,0.9999932
55000900029608,2021-10-01,1,0,0.9999932
55000900029608,2021-10-02,1,0,0.9999932
55000900029608,2021-10-03,1,0,0.9999932
55000900029608,2021-10-04,1,0,0.9999932
55000900029608,2021-10-05,1,0,0.9999932
55000900029608,2021-10-06,1,0,0.9999932
55000900029608,2021-10-07,1,0,0.9999932
55000900029608,2021-10-08,1,0,0.9999932
55000900029608,2021-10-09,1,0,0.9999932
55000900029608,2021-10-10,1,0,0.9999932
55000900029608,2021-10-11,1,0,0.9999932
55000900029608,2021-10-12,1,0,0.9999932
55000900029608,2021-10-13,1,0,0.9999932
55000900029608,2021-10-14,1,0,0.9999932
55000900029608,2021-10-15,1,0,0.9999932
55000900029608,2021-10-16,1,0,0.9999932
55000900029608,2021-10-17,1,0,0.9999932
55000900029608,2021-10-18,1,0,0.9999932
55000900029608,2021-10-19,1,0,0.9999932
55000900029608,2021-10-20,1,0,0.9999932
55000900029608,2021-10-21,1,0,0.9999932
55000900029608,2021-10-22,1,0,0.9999932
55000900029608,2021-10-23,1,0,0.9999932
55000900029608,2021-10-24,1,0,0.9999932
55000900029608,2021-10-25,1,0,0.9999932
55000900029608,2021-10-26,1,0,0.9999932
55000900029608,2021-10-27,1,0,0.9999932
55000900029608,2021-10-28,1,0,0.9999932
55000900029608,2021-10-29,1,0,0.9999932
55000900029608,2021-10-30,1,0,0.9999932
55000900029608,2021-10-31,1,0,0.9999932
55000900029608,2021-11-01,1,0,0.9999932
55000900029608,2021-11-02,1,0,0.9999932
55000900029608,2021-11-03,1,0,0.9999932
55000900029608,2021-11-04,1,0,0.9999932
55000900029608,2021-11-05,1,0,0.9999932
55000900029608,2021-11-06,1,0,0.9999932
55000900029608,2021-11-07,1,0,0.9999932
55000900029608,2021-11-08,1,0,0.9999932
55000900029608,2021-11-09,1,0,0.9999932
55000900029608,2021-11-10,1,0,0.9999932
55000900029608,2021-11-11,1,0,0.9999932
55000900029608,2021-11-12,1,0,0.9999932
55000900029608,2021-11-13,1,0,0.9999932
55000900029608,2021-11-14,1,0,0.9999932
55000900029608,2021-11-15,1,0,0.9999932
55000900029608,2021-11-16,1,0,0.9999932
55000900029608,2021-11-17,1,0,0.9999932
55000900029608,2021-11-18,1,0,0.9999932
55000900029608,2021-11-19,1,0,0.9999932
55000900029608,2021-11-20,1,0,0.9999932
55000900029608,2021-11-21,1,0,0.9999932
55000900029608,2021-11-22,1,0,0.9999932
55000900029608,2021-11-23,1,0,0.9999932
55000900029608,2021-11-24,1,0,0.9999932
55000900029608,2021-11-25,1,0,0.9999932
55000900029608,2021-11-26,1,0,0.9999932
55000900029608,2021-11-27,1,0,0.9999932
55000900029608,2021-11-28,1,0,0.9999932
55000900029608,2021-11-29,1,0,0.9999932
55000900029608,2021-11-30,1,0,0.9999932
55000900029608,2021-12-01,1,0,0.9999932
55000900029608,2021-12-02,1,0,0.9999932
55000900029608,2021-12-03,1,0,0.9999932
55000900029608,2021-12-04,1,0,0.9999932
55000900029608,2021-12-05,1,0,0.9999932
55000900029608,2021-12-06,1,0,0.9999932
55000900029608,2021-12-07,1,0,0.9999932
55000900029608,2021-12-08,1,0,0.9999932
55000900029608,2021-12-09,1,0,0.9999932
55000900029608,2021-12-10,1,0,0.9999932
55000900029608,2021-12-11,1,0,0.9999932
55000900029608,2021-12-12,1,0,0.9999932
55000900029608,2021-12-13,1,0,0.9999932
55000900029608,2021-12-14,1,0,0.9999932
55000900029608,2021-12-15,1,0,0.9999932
55000900029608,2021-12-16,1,0,0.9999932
55000900029608,2021-12-17,1,0,0.9999932
55000900029608,2021-12-18,1,0,0.9999932
55000900029608,2021-12-19,1,0,0.9999932
55000900029608,2021-12-20,1,0,0.9999932
55000900029608,2021-12-21,1,0,0.9999932
55000900029608,2021-12-22,1,0,0.9999932
55000900029608,2021-12-23,1,0,0.9999932
55000900029608,2021-12-24,1,0,0.9999932
55000900029608,2021-12-25,1,0,0.9999932
55000900029608,2021-12-26,1,0,0.9999932
55000900029608,2021-12-27,1,0,0.9999932
55000900029608,2021-12-28,1,0,0.9999932
55000900029608,2021-12-29,1,0,0.9999932
55000900029608,2021-12-30,1,0,0.9999932
55000900029608,2021-12-31,1,0,0.9999932
55000900029608,2022-01-01,1,0,0.9999932
55000900029608,2022-01-02,1,0,0.9999932
55000900029608,2022-01-03,1,0,0.9999932
55000900029608,2022-01-04,1,0,0.9999932
55000900029608,2022-01-05,1,0,0.9999932
55000900029608,2022-01-06,1,0,0.9999932
55000900029608,2022-01-07,1,0,0.9999932
55000900029608,2022-01-08,1,0,0.9999932
55000900029608,2022-01-09,1,0,0.9999932
55000900029608,2022-01-10,1,0,0.9999932
55000900029608,2022-01-11,1,0,0.9999932
55000900029608,2022-01-12,1,0,0.9999932
55000900029608,2022-01-13,1,0,0.9999932
55000900029608,2022-01-14,1,0,0.9999932
55000900029608,2022-01-15,1,0,0.9999932
55000900029608,2022-01-16,1,0,0.9999932
55000900029608,2022-01-17,1,0,0.9999932
55000900029608,2022-01-18,1,0,0.9999932
55000900029608,2022-01-19,1,0,0.9999932
55000900029608,2022-01-20,1,0,0.9999932
55000900029608,2022-01-21,1,0,0.9999932
55000900029608,2022-01-22,1,0,0.9999932
55000900029608,2022-01-23,1,0,0.9999932
55000900029608,2022-01-24,1,0,0.9999932
55000900029608,2022-01-25,1,0,0.9999932
55000900029608,2022-01-26,1,0,0.9999932
55000900029608,2022-01-27,1,0,0.9999932
55000900029608,2022-01-28,1,0,0.9999932
55000900029608,2022-01-29,1,0,0.9999932
55000900029608,2022-01-30,1,0,0.9999932
55000900029608,2022-01-31,1,0,0.9999932
55000900029608,2022-02-01,1,0,0.9999932
55000900029608,2022-02-02,1,0,0.9999932
55000900029608,2022-02-03,1,0,0.9999932
55000900029608,2022-02-04,1,0,0.9999932
55000900029608,2022-02-05,1,0,0.9999932
55000900029608,2022-02-06,1,0,0.9999932
55000900029608,2022-02-07,1,0,0.9999932
55000900029608,2022-02-08,1,0,0.9999932
55000900029608,2022-02-09,1,0,0.9999932
55000900029608,2022-02-10,1,0,0.9999932
55000900029608,2022-02-11,1,0,0.9999932
55000900029608,2022-02-12,1,0,0.9999932
55000900029608,2022-02-13,1,0,0.9999932
55000900029608,2022-02-14,1,0,0.9999932
55000900029608,2022-02-15,1,0,0.9999932
55000900029608,2022-02-16,1,0,0.9999932
55000900029608,2022-02-17,1,0,0.9999932
55000900029608,2022-02-18,1,0,0.9999932
55000900029608,2022-02-19,1,0,0.9999932
55000900029608,2022-02-20,1,0,0.9999932
55000900029608,2022-02-21,1,0,0.9999932
55000900029608,2022-02-22,1,0,0.9999932
55000900029608,2022-02-23,1,0,0.9999932
55000900029608,2022-02-24,1,0,0.9999932
55000900029608,2022-02-25,1,0,0.9999932
55000900029608,2022-02-26,1,0,0.9999932
55000900029608,2022-02-27,1,0,0.9999932
55000900029608,2022-02-28,1,0,0.9999932
55000900029608,2022-03-01,1,0,0.9999932
55000900029608,2022-03-02,1,0,0.9999932
55000900029608,2022-03-03,1,0,0.9999932
55000900029608,2022-03-04,1,0,0.9999932
55000900029608,2022-03-05,1,0,0.9999932
55000900029608,2022-03-06,1,0,0.9999932
55000900029608,2022-03-07,1,0,0.9999932
55000900029608,2022-03-08,1,0,0.9999932
55000900029608,2022-03-09,1,0,0.9999932
55000900029608,2022-03-10,1,0,0.9999932
55000900029608,2022-03-11,1,0,0.9999932
55000900029608,2022-03-12,1,0,0.9999932
55000900029608,2022-03-14,1,0,0.9999932
55000900029608,2022-03-15,1,0,0.9999932
55000900029608,2022-03-16,1,0,0.9999932
55000900029608,2022-03-17,1,0,0.9999932
55000900029608,2022-03-18,1,0,0.9999932
55000900029608,2022-03-19,1,0,0.9999932
55000900029608,2022-03-20,1,0,0.9999932
55000900029608,2022-03-21,1,0,0.9999932
55000900029608,2022-03-22,1,0,0.9999932
55000900029608,2022-03-23,1,0,0.9999932
55000900029608,2022-03-24,1,0,0.9999932
55000900029608,2022-03-25,1,0,0.9999932
55000900029608,2022-03-26,1,0,0.9999932
55000900029608,2022-03-27,1,0,0.9999932
55000900029608,2022-03-28,1,0,0.9999932
55000900029608,2022-03-29,1,0,0.9999932
55000900029608,2022-03-30,1,0,0.9999932
55000900029608,2022-03-31,1,0,0.9999932
55000900029608,2022-04-01,1,0,0.9999932
55000900029608,2022-04-02,1,0,0.9999932
55000900029608,2022-04-03,1,0,0.9999932
55000900029608,2022-04-04,1,0,0.9999932
55000900029608,2022-04-05,1,0,0.9999932
55000900029608,2022-04-06,1,0,0.9999932
55000900029608,2022-04-07,1,0,0.9999932
55000900029608,2022-04-08,1,0,0.9999932
55000900029608,2022-04-09,1,0,0.9999932
55000900029608,2022-04-10,1,0,0.9999932
55000900029608,2022-04-11,1,0,0.9999932
55000900029608,2022-04-12,1,0,0.9999932
55000900029608,2022-04-13,1,0,0.9999932
55000900029608,2022-04-14,1,0,0.9999932
55000900029608,2022-04-15,1,0,0.9999932
55000900029608,2022-04-16,1,0,0.9999932
55000900029608,2022-04-17,1,0,0.9999932
55000900029608,2022-04-18,1,0,0.9999932
55000900029608,2022-04-19,1,0,0.9999932
55000900029608,2022-04-20,1,0,0.9999932
55000900029608,2022-04-21,1,0,0.9999932
55000900029608,2022-04-22,1,0,0.9999932
55000900029608,2022-04-23,1,0,0.9999932
55000900029608,2022-04-24,1,0,0.9999932
55000900029608,2022-04-25,1,0,0.9999932
55000900029608,2022-04-26,1,0,0.9999932
55000900029608,2022-04-27,1,0,0.9999932
55000900029608,2022-04-28,1,0,0.9999932
55000900029608,2022-04-29,1,0,0.9999932
55000900029608,2022-04-30,1,0,0.9999932
55000900029608,2022-05-01,1,0,0.9999932
55000900029608,2022-05-02,1,0,0.9999932
55000900029608,2022-05-03,1,0,0.9999932
55000900029608,2022-05-04,1,0,0.9999932
55000900029608,2022-05-05,1,0,0.9999932
55000900029608,2022-05-06,1,0,0.9999932
55000900029608,2022-05-07,1,0,0.9999932
55000900029608,2022-05-08,1,0,0.9999932
55000900029608,2022-05-09,1,0,0.9999932
55000900029608,2022-05-10,1,0,0.9999932
55000900029608,2022-05-11,1,0,0.9999932
55000900029608,2022-05-12,1,0,0.9999932
55000900029608,2022-05-13,1,0,0.9999932
55000900029608,2022-05-14,1,0,0.9999932
55000900029608,2022-05-15,1,0,0.9999932
55000900029608,2022-05-16,1,0,0.9999932
55000900029608,2022-05-17,1,0,0.9999932
55000900029608,2022-05-18,1,0,0.9999932
55000900029608,2022-05-19,1,0,0.9999932
55000900029608,2022-05-20,1,0,0.9999932
55000900029608,2022-05-21,1,0,0.9999932
55000900029608,2022-05-22,1,0,0.9999932
55000900029608,2022-05-23,1,0,0.9999932
55000900029608,2022-05-24,1,0,0.9999932
55000900029608,2022-05-25,1,0,0.9999932
55000900029608,2022-05-26,1,0,0.9999932
55000900029608,2022-05-27,1,0,0.9999932
55000900029608,2022-05-28,1,0,0.9999932
55000900029608,2022-05-29,1,0,0.9999932
55000900029608,2022-05-30,1,0,0.9999932
55000900029608,2022-05-31,1,0,0.9999932
55000900029608,2022-06-01,1,0,0.9999932
55000900029608,2022-06-02,1,0,0.9999932
55000900029608,2022-06-03,1,0,0.9999932
55000900029608,2022-06-04,1,0,0.9999932
55000900029608,2022-06-05,1,0,0.9999932
55000900029608,2022-06-06,1,0,0.9999932
55000900029608,2022-06-07,1,0,0.9999932
55000900029608,2022-06-08,1,0,0.9999932
55000900029608,2022-06-09,1,0,0.9999932
55000900029608,2022-06-10,1,0,0.9999932
55000900029608,2022-06-11,1,0,0.9999932
55000900029608,2022-06-12,1,0,0.9999932
55000900029608,2022-06-13,1,0,0.9999932
55000900029608,2022-06-14,1,0,0.9999932
55000900029608,2022-06-15,1,0,0.9999932
55000900029608,2022-06-16,1,0,0.9999932
55000900029608,2022-06-17,1,0,0.9999932
55000900029608,2022-06-18,1,0,0.9999932
55000900029608,2022-06-19,1,0,0.9999932
55000900029608,2022-06-20,1,0,0.9999932
55000900029608,2022-06-21,1,0,0.9999932
55000900029608,2022-06-22,1,0,0.9999932
55000900029608,2022-06-23,1,0,0.9999932
55000900029608,2022-06-24,1,0,0.9999932
55000900029608,2022-06-25,1,0,0.9999932
55000900029608,2022-06-26,1,0,0.9999932
55000900029608,2022-06-27,1,0,0.9999932
55000900029608,2022-06-28,1,0,0.9999932
55000900029608,2022-06-29,1,0,0.9999932
55000900029608,2022-06-30,1,0,0.9999932
55000900029608,2022-07-01,1,0,0.9999932
55000900029608,2022-07-02,1,0,0.9999932
55000900029608,2022-07-03,1,0,0.9999932
55000900029608,2022-07-04,1,0,0.9999932
55000900029608,2022-07-05,1,0,0.9999932
55000900029608,2022-07-06,1,0,0.9999932
55000900029608,2022-07-07,1,0,0.9999932
55000900029608,2022-07-08,1,0,0.9999932
55000900029608,2022-07-09,1,0,0.9999932
55000900029608,2022-07-10,1,0,0.9999932
55000900029608,2022-07-11,1,0,0.9999932
55000900029608,2022-07-12,1,0,0.9999932
55000900029608,2022-07-13,1,0,0.9999932
55000900029608,2022-07-14,1,0,0.9999932
55000900029608,2022-07-15,1,0,0.9999932
55000900029608,2022-07-16,1,0,0.9999932
55000900029608,2022-07-17,1,0,0.9999932
55000900029608,2022-07-18,1,0,0.9999932
55000900029608,2022-07-19,1,0,0.9999932
55000900029608,2022-07-20,1,0,0.9999932
55000900029608,2022-07-21,1,0,0.9999932
55000900029608,2022-07-22,1,0,0.9999932
55000900029608,2022-07-23,1,0,0.9999932
55000900029608,2022-07-24,1,0,0.9999932
55000900029608,2022-07-25,1,0,0.9999932
55000900029608,2022-07-26,1,0,0.9999932
55000900029608,2022-07-27,1,0,0.9999932
55000900029608,2022-07-28,1,0,0.9999932
55000900029608,2022-07-29,1,0,0.9999932
55000900029608,2022-07-30,1,0,0.9999932
55000900029608,2022-07-31,1,0,0.9999932
55000900029608,2022-08-01,1,0,0.9999932
55000900029608,2022-08-02,1,0,0.9999932
55000900029608,2022-08-03,1,0,0.9999932
55000900029608,2022-08-04,1,0,0.9999932
55000900029608,2022-08-05,1,0,0.9999932
55000900029608,2022-08-06,1,0,0.9999932
55000900029608,2022-08-07,1,0,0.9999932
55000900029608,2022-08-08,1,0,0.9999932
55000900029608,2022-08-09,1,0,0.9999932
55000900029608,2022-08-10,1,0,0.9999932
55000900029608,2022-08-11,1,0,0.9999932
55000900029608,2022-08-12,1,0,0.9999932
55000900029608,2022-08-13,1,0,0.9999932
55000900029608,2022-08-14,1,0,0.9999932
55000900029608,2022-08-15,1,0,0.9999932
55000900029608,2022-08-16,1,0,0.9999932
55000900029608,2022-08-17,1,0,0.9999932
55000900029608,2022-08-18,1,0,0.9999932
55000900029608,2022-08-19,1,0,0.9999932
55000900029608,2022-08-20,1,0,0.9999932
55000900029608,2022-08-21,1,0,0.9999932
55000900029608,2022-08-22,1,0,0.9999932
55000900029608,2022-08-23,1,0,0.9999932
55000900029608,2022-08-24,1,0,0.9999932
55000900029608,2022-08-25,1,0,0.9999932
55000900029608,2022-08-26,1,0,0.9999932
55000900029608,2022-08-27,1,0,0.9999932
55000900029608,2022-08-28,1,0,0.9999932
55000900029608,2022-08-29,1,0,0.9999932
55000900029608,2022-08-30,1,0,0.9999932
55000900029608,2022-08-31,1,0,0.9999932
55000900029608,2022-09-01,1,0,0.9999932
55000900029608,2022-09-02,1,0,0.9999932
55000900029608,2022-09-03,1,0,0.9999932
55000900029608,2022-09-04,1,0,0.9999932
55000900029608,2022-09-05,1,0,0.9999932
55000900029608,2022-09-06,1,0,0.9999932
55000900029608,2022-09-07,1,0,0.9999932
55000900029608,2022-09-08,1,0,0.9999932
55000900029608,2022-09-09,1,0,0.9999932
55000900029608,2022-09-10,1,0,0.9999932
55000900029608,2022-09-11,1,0,0.9999932
55000900029608,2022-09-12,1,0,0.9999932
55000900029608,2022-09-13,1,0,0.9999932
55000900029608,2022-09-14,1,0,0.9999932
55000900029608,2022-09-15,1,0,0.9999932
55000900029608,2022-09-16,1,0,0.9999932
55000900029608,2022-09-17,1,0,0.9999932
55000900029608,2022-09-18,1,0,0.9999932
55000900029608,2022-09-19,1,0,0.9999932
55000900029608,2022-09-20,1,0,0.9999932
55000900029608,2022-09-21,1,0,0.9999932
55000900029608,2022-09-22,1,0,0.9999932
55000900029608,2022-09-23,1,0,0.9999932
55000900029608,2022-09-24,1,0,0.9999932
55000900029608,2022-09-25,1,0,0.9999932
55000900029608,2022-09-26,1,0,0.9999932
55000900029608,2022-09-27,1,0,0.9999932
55000900029608,2022-09-28,1,0,0.9999932
55000900029608,2022-09-29,1,0,0.9999932
55000900029608,2022-09-30,1,0,0.9999932
55000900029608,2022-10-01,1,0,0.9999932
55000900029608,2022-10-02,1,0,0.9999932
55000900029608,2022-10-03,1,0,0.9999932
55000900029608,2022-10-04,1,0,0.9999932
55000900029608,2022-10-05,1,0,0.9999932
55000900029608,2022-10-06,1,0,0.9999932
55000900029608,2022-10-07,1,0,0.9999932
55000900029608,2022-10-08,1,0,0.9999932
55000900029608,2022-10-09,1,0,0.9999932
55000900029608,2022-10-10,1,0,0.9999932
55000900029608,2022-10-11,1,0,0.9999932
55000900029608,2022-10-12,1,0,0.9999932
55000900029608,2022-10-13,1,0,0.9999932
55000900029608,2022-10-14,1,0,0.9999932
55000900029608,2022-10-15,1,0,0.9999932
55000900029608,2022-10-16,1,0,0.9999932
55000900029608,2022-10-17,1,0,0.9999932
55000900029608,2022-10-18,1,0,0.9999932
55000900029608,2022-10-19,1,0,0.9999932
55000900029608,2022-10-20,1,0,0.9999932
55000900029608,2022-10-21,1,0,0.9999932
55000900029608,2022-10-22,1,0,0.9999932
55000900029608,2022-10-23,1,0,0.9999932
55000900029608,2022-10-24,1,0,0.9999932
55000900029608,2022-10-25,1,0,0.9999932
55000900029608,2022-10-26,1,0,0.9999932
55000900029608,2022-10-27,1,0,0.9999932
55000900029608,2022-10-28,1,0,0.9999932
55000900029608,2022-10-29,1,0,0.9999932
55000900029608,2022-10-30,1,0,0.9999932
55000900029608,2022-10-31,1,0,0.9999932
55000900029608,2022-11-01,1,0,0.9999932
55000900029608,2022-11-02,1,0,0.9999932
55000900029608,2022-11-03,1,0,0.9999932
55000900029608,2022-11-04,1,0,0.9999932
55000900029608,2022-11-05,1,0,0.9999932
55000900029608,2022-11-06,1,0,0.9999932
55000900029608,2022-11-07,1,0,0.9999932
55000900029608,2022-11-08,1,0,0.9999932
55000900029608,2022-11-09,1,0,0.9999932
55000900029608,2022-11-10,1,0,0.9999932
55000900029608,2022-11-11,1,0,0.9999932
55000900029608,2022-11-12,1,0,0.9999932
55000900029608,2022-11-13,1,0,0.9999932
55000900029608,2022-11-14,1,0,0.9999932
55000900029608,2022-11-15,1,0,0.9999932
55000900029608,2022-11-16,1,0,0.9999932
55000900029608,2022-11-17,1,0,0.9999932
55000900029608,2022-11-18,1,0,0.9999932
55000900029608,2022-11-19,1,0,0.9999932
55000900029608,2022-11-20,1,0,0.9999932
55000900029608,2022-11-21,1,0,0.9999932
55000900029608,2022-11-22,1,0,0.9999932
55000900029608,2022-11-23,1,0,0.9999932
55000900029608,2022-11-24,1,0,0.9999932
55000900029608,2022-11-25,1,0,0.9999932
55000900029608,2022-11-26,1,0,0.9999932
55000900029608,2022-11-27,1,0,0.9999932
55000900029608,2022-11-28,1,0,0.9999932
55000900029608,2022-11-29,1,0,0.9999932
55000900029608,2022-11-30,1,0,0.9999932
55000900029608,2022-12-01,1,0,0.9999932
55000900029608,2022-12-02,1,0,0.9999932
55000900029608,2022-12-03,1,0,0.9999932
55000900029608,2022-12-04,1,0,0.9999932
55000900029608,2022-12-05,1,0,0.9999932
55000900029608,2022-12-06,1,0,0.9999932
55000900029608,2022-12-07,1,0,0.9999932
55000900029608,2022-12-08,1,0,0.9999932
55000900029608,2022-12-09,1,0,0.9999932
55000900029608,2022-12-10,1,0,0.9999932
55000900029608,2022-12-11,1,0,0.9999932
55000900029608,2022-12-12,1,0,0.9999932
55000900029608,2022-12-13,1,0,0.9999932
55000900029608,2022-12-14,1,0,0.9999932
55000900029608,2022-12-15,1,0,0.9999932
55000900029608,2022-12-16,1,0,0.9999932
55000900029608,2022-12-17,1,0,0.9999932
55000900029608,2022-12-18,1,0,0.9999932
55000900029608,2022-12-19,1,0,0.9999932
55000900029608,2022-12-20,1,0,0.9999932
55000900029608,2022-12-21,1,0,0.9999932
55000900029608,2022-12-22,1,0,0.9999932
55000900029608,2022-12-23,1,0,0.9999932
55000900029608,2022-12-24,1,0,0.9999932
55000900029608,2022-12-25,1,0,0.9999932
55000900029608,2022-12-26,1,0,0.9999932
55000900029608,2022-12-27,1,0,0.9999932
55000900029608,2022-12-28,1,0,0.9999932
55000900029608,2022-12-29,1,0,0.9999932
55000900029608,2022-12-30,1,0,0.9999932
55000900029608,2022-12-31,1,0,0.9999932
55000900029608,2023-01-01,1,0,0.9999932
55000900029608,2023-01-02,1,0,0.9999932
55000900029608,2023-01-03,1,0,0.9999932
55000900029608,2023-01-04,1,0,0.9999932
55000900029608,2023-01-05,1,0,0.9999932
55000900029608,2023-01-06,1,0,0.9999932
55000900029608,2023-01-07,1,0,0.9999932
55000900029608,2023-01-08,1,0,0.9999932
55000900029608,2023-01-09,1,0,0.9999932
55000900029608,2023-01-10,1,0,0.9999932
55000900029608,2023-01-11,1,0,0.9999932
55000900029608,2023-01-12,1,0,0.9999932
55000900029608,2023-01-13,1,0,0.9999932
55000900029608,2023-01-14,1,0,0.9999932
55000900029608,2023-01-15,1,0,0.9999932
55000900029608,2023-01-16,1,0,0.9999932
55000900029608,2023-01-17,1,0,0.9999932
55000900029608,2023-01-18,1,0,0.9999932
55000900029608,2023-01-19,1,0,0.9999932
55000900029608,2023-01-20,1,0,0.9999932
55000900029608,2023-01-21,1,0,0.9999932
55000900029608,2023-01-22,1,0,0.9999932
55000900029608,2023-01-23,1,0,0.9999932
55000900029608,2023-01-24,1,0,0.9999932
55000900029608,2023-01-25,1,0,0.9999932
55000900029608,2023-01-26,1,0,0.9999932
55000900029608,2023-01-27,1,0,0.9999932
55000900029608,2023-01-28,1,0,0.9999932
55000900029608,2023-01-29,1,0,0.9999932
55000900029608,2023-01-30,1,0,0.9999932
55000900029608,2023-01-31,1,0,0.9999932
55000900029608,2023-02-01,1,0,0.9999932
55000900029608,2023-02-02,1,0,0.9999932
55000900029608,2023-02-03,1,0,0.9999932
55000900029608,2023-02-04,1,0,0.9999932
55000900029608,2023-02-05,1,0,0.9999932
55000900029608,2023-02-06,1,0,0.9999932
55000900029608,2023-02-07,1,0,0.9999932
55000900029608,2023-02-08,1,0,0.9999932
55000900029608,2023-02-09,1,0,0.9999932
55000900029608,2023-02-10,1,0,0.9999932
55000900029608,2023-02-11,1,0,0.9999932
55000900029608,2023-02-12,1,0,0.9999932
55000900029608,2023-02-13,1,0,0.9999932
55000900029608,2023-02-14,1,0,0.9999932
55000900029608,2023-02-15,1,0,0.9999932
55000900029608,2023-02-16,1,0,0.9999932
55000900029608,2023-02-17,1,0,0.9999932
55000900029608,2023-02-18,1,0,0.9999932
55000900029608,2023-02-19,1,0,0.9999932
55000900029608,2023-02-20,1,0,0.9999932
55000900029608,2023-02-21,1,0,0.9999932
55000900029608,2023-02-22,1,0,0.9999932
55000900029608,2023-02-23,1,0,0.9999932
55000900029608,2023-02-24,1,0,0.9999932
55000900029608,2023-02-25,1,0,0.9999932
55000900029608,2023-02-26,1,0,0.9999932
55000900029608,2023-02-27,1,0,0.9999932
55000900029608,2023-02-28,1,0,0.9999932
55000900029608,2023-03-01,1,0,0.9999932
55000900029608,2023-03-02,1,0,0.9999932
55000900029608,2023-03-03,1,0,0.9999932
55000900029608,2023-03-04,1,0,0.9999932
55000900029608,2023-03-05,1,0,0.9999932
55000900029608,2023-03-06,1,0,0.9999932
55000900029608,2023-03-07,1,0,0.9999932
55000900029608,2023-03-08,1,0,0.9999932
55000900029608,2023-03-09,1,0,0.9999932
55000900029608,2023-03-10,1,0,0.9999932
55000900029608,2023-03-11,1,0,0.9999932
55000900029608,2023-03-13,1,0,0.9999932
55000900029608,2023-03-14,1,0,0.9999932
55000900029608,2023-03-15,1,0,0.9999932
55000900029608,2023-03-16,1,0,0.9999932
55000900029608,2023-03-17,1,0,0.9999932
55000900029608,2023-03-18,1,0,0.9999932
55000900029608,2023-03-19,1,0,0.9999932
55000900029608,2023-03-20,1,0,0.9999932
55000900029608,2023-03-21,1,0,0.9999932
55000900029608,2023-03-22,1,0,0.9999932
55000900029608,2023-03-23,1,0,0.9999932
55000900029608,2023-03-24,1,0,0.9999932
55000900029608,2023-03-25,1,0,0.9999932
55000900029608,2023-03-26,1,0,0.9999932
55000900029608,2023-03-27,1,0,0.9999932
55000900029608,2023-03-28,1,0,0.9999932
55000900029608,2023-03-29,1,0,0.9999932
55000900029608,2023-03-30,1,0,0.9999932
55000900029608,2023-03-31,1,0,0.9999932
55000900029608,2023-04-01,1,0,0.9999932
55000900029608,2023-04-02,1,0,0.9999932
55000900029608,2023-04-03,1,0,0.9999932
55000900029608,2023-04-04,1,0,0.9999932
55000900029608,2023-04-05,1,0,0.9999932
55000900029608,2023-04-06,1,0,0.9999932
55000900029608,2023-04-07,1,0,0.9999932
55000900029608,2023-04-08,1,0,0.9999932
55000900029608,2023-04-09,1,0,0.9999932
55000900029608,2023-04-10,1,0,0.9999932
55000900029608,2023-04-11,1,0,0.9999932
55000900029608,2023-04-12,1,0,0.9999932
55000900029608,2023-04-13,1,0,0.9999932
55000900029608,2023-04-14,1,0,0.9999932
55000900029608,2023-04-15,1,0,0.9999932
55000900029608,2023-04-16,1,0,0.9999932
55000900029608,2023-04-17,1,0,0.9999932
55000900029608,2023-04-18,1,0,0.9999932
55000900029608,2023-04-19,1,0,0.9999932
55000900029608,2023-04-20,1,0,0.9999932
55000900030173,2020-09-11,1,9,0.9955497
55000900030173,2020-09-12,1,9,0.9929436
55000900030173,2020-09-13,1,9,0.99364233
55000900030173,2020-09-14,1,9,0.9992187
55000900030173,2020-09-15,1,9,0.9990133
55000900030173,2020-09-16,1,9,0.9989844
55000900030173,2020-09-17,1,9,0.99918526
55000900030173,2020-09-18,1,9,0.99985707
55000900030173,2020-09-19,1,9,0.9999236
55000900030173,2020-09-20,1,9,0.9999732
55000900030173,2020-09-21,1,9,0.99999714
55000900030173,2020-09-22,1,9,0.99999845
55000900030173,2020-09-23,1,9,0.99999356
55000900030173,2020-09-24,1,9,0.99999774
55000900030173,2020-09-25,1,9,0.9999987
55000900030173,2020-09-26,1,9,0.99999714
55000900030173,2020-09-27,1,9,0.99999785
55000900030173,2020-09-28,1,9,0.9999964
55000900030173,2020-09-29,1,9,0.9999981
55000900030173,2020-09-30,1,9,0.99999726
55000900030173,2020-10-01,1,9,0.9999012
55000900030173,2020-10-02,1,9,0.99970347
55000900030173,2020-10-03,1,9,0.9995202
55000900030173,2020-10-04,1,9,0.99991107
55000900030173,2020-10-05,1,9,0.99986696
55000900030173,2020-10-06,1,9,0.99998367
55000900030173,2020-10-07,1,9,0.99973875
55000900030173,2020-10-08,1,9,0.99908805
55000900030173,2020-10-09,1,9,0.9989273
55000900030173,2020-10-10,1,9,0.99979466
55000900030173,2020-10-11,1,9,0.9999974
55000900030173,2020-10-12,1,9,0.99999607
55000900030173,2020-10-13,1,9,0.9999989
55000900030173,2020-10-14,1,9,0.99999845
55000900030173,2020-10-15,1,9,0.9999989
55000900030173,2020-10-16,1,9,0.99999917
55000900030173,2020-10-17,1,9,0.99999857
55000900030173,2020-10-18,1,9,0.9999988
55000900030173,2020-10-19,1,9,0.9999981
55000900030173,2020-10-20,1,9,0.99999714
55000900030173,2020-10-21,1,0,0.9999956
55000900030173,2020-10-22,1,0,0.9999956
55000900061097,2020-09-11,1,0,0.99999964
55000900061097,2020-09-12,1,0,0.99999964
55000900061097,2020-09-13,1,0,0.9999988
55000900061097,2020-09-14,1,0,0.99999964
55000900061097,2020-09-15,1,0,0.9999993
55000900061097,2020-09-16,1,0,0.9999995
55000900061097,2020-09-17,1,0,0.99999964
55000900061097,2020-09-18,1,0,0.99999964
55000900061097,2020-09-19,1,0,0.99999976
55000900061097,2020-09-20,1,0,0.99999976
55000900061097,2020-09-21,1,0,0.99999976
55000900061097,2020-09-22,1,0,0.9999999
55000900061097,2020-09-23,1,0,0.99999976
55000900061097,2020-09-24,1,0,0.99999976
55000900061097,2020-09-25,1,0,0.9999999
55000900061097,2020-09-26,1,0,0.9999999
55000900061097,2020-09-27,1,0,0.9999999
55000900061097,2020-09-28,1,0,0.9999999
55000900061097,2020-09-29,1,0,0.9999999
55000900061097,2020-09-30,1,0,1.0
55000900061097,2020-10-01,1,0,0.9999999
55000900061097,2020-10-02,1,0,0.99999976
55000900061097,2020-10-03,1,0,0.99999976
55000900061097,2020-10-04,1,0,0.99999976
55000900061097,2020-10-05,1,0,0.99999976
55000900061097,2020-10-06,1,0,0.99999976
55000900061097,2020-10-07,1,0,0.9999995
55000900061097,2020-10-08,1,0,0.99999976
55000900061097,2020-10-09,1,0,0.99999976
55000900061097,2020-10-10,1,0,0.99999976
55000900061097,2020-10-11,1,0,0.9999995
55000900061097,2020-10-12,1,0,0.9999995
55000900061097,2020-10-13,1,0,0.9999995
55000900061097,2020-10-14,1,0,0.9999999
55000900061097,2020-10-15,1,0,0.99999964
55000900061097,2020-10-16,1,0,0.9999995
55000900061097,2020-10-17,1,0,0.9999989
55000900061097,2020-10-18,1,0,0.99999976
55000900061097,2020-10-19,1,0,0.9999999
55000900061097,2020-10-20,1,0,0.99999964
55000900061097,2020-10-21,1,0,0.99999976
55000900061097,2020-10-22,1,0,0.9999994
55000900061097,2020-10-23,1,0,0.9999999
55000900061097,2020-10-24,1,0,0.9999995
55000900061097,2020-10-25,1,0,0.9999999
55000900061097,2020-10-26,1,0,0.99999964
55000900061097,2020-10-27,1,0,0.99999976
55000900061097,2020-10-28,1,0,0.99999976
55000900061097,2020-10-29,1,0,0.9999999
55000900061097,2020-10-30,1,0,0.9999995
55000900061097,2020-10-31,1,0,0.99999964
55000900061097,2020-11-01,1,0,0.99999976
55000900061097,2020-11-02,1,0,0.9999995
55000900061097,2020-11-03,1,0,0.99999964
55000900061097,2020-11-04,1,0,0.99999964
55000900061097,2020-11-05,1,0,0.99999976
55000900061097,2020-11-06,1,0,0.9999995
55000900061097,2020-11-07,1,0,0.99999964
55000900061097,2020-11-08,1,0,0.9999999
55000900061097,2020-11-09,1,0,0.99999976
55000900061097,2020-11-10,1,0,0.9999995
55000900061097,2020-11-11,1,0,0.99999976
55000900061097,2020-11-12,1,0,0.99999976
55000900061097,2020-11-13,1,0,0.99999964
55000900061097,2020-11-14,1,0,0.9999995
55000900061097,2020-11-15,1,0,0.99999976
55000900061097,2020-11-16,1,0,0.9999993
55000900061097,2020-11-17,1,0,0.9999995
55000900061097,2020-11-18,1,0,0.99999905
55000900061097,2020-11-19,1,0,0.99999964
55000900061097,2020-11-20,1,0,0.99999917
55000900061097,2020-11-21,1,0,0.9999994
55000900061097,2020-11-22,1,0,0.9999995
55000900061097,2020-11-23,1,0,0.9999995
55000900061097,2020-11-24,1,0,0.9999999
55000900061097,2020-11-25,1,0,0.99999964
55000900061097,2020-11-26,1,0,0.99999905
55000900061097,2020-11-27,1,0,0.9999993
55000900061097,2020-11-28,1,0,0.9999989
55000900061097,2020-11-29,1,0,0.99999976
55000900061097,2020-11-30,1,0,0.9999999
55000900061097,2020-12-01,1,0,0.9999999
55000900061097,2020-12-02,1,0,0.99999976
55000900061097,2020-12-03,1,0,0.99999976
55000900061097,2020-12-04,1,0,0.99999976
55000900061097,2020-12-05,1,0,0.99999976
55000900061097,2020-12-06,1,0,0.9999999
55000900061097,2020-12-07,1,0,0.99999976
55000900061097,2020-12-08,1,0,0.99999976
55000900061097,2020-12-09,1,0,0.99999964
55000900061097,2020-12-10,1,0,0.99999964
55000900061097,2020-12-11,1,0,0.99999976
55000900061097,2020-12-12,1,0,0.99999976
55000900061097,2020-12-13,1,0,0.99999964
55000900061097,2020-12-14,1,0,0.9999994
55000900061097,2020-12-15,1,0,0.99999976
55000900061097,2020-12-16,1,0,0.9999994
55000900061097,2020-12-17,1,0,0.99999964
55000900061097,2020-12-18,1,0,0.9999995
55000900061097,2020-12-19,1,0,0.9999994
55000900061097,2020-12-20,1,0,0.9999994
55000900061097,2020-12-21,1,0,0.9999995
55000900061097,2020-12-22,1,0,0.99999917
55000900061097,2020-12-23,1,0,0.9999993
55000900061097,2020-12-24,1,0,0.9999993
55000900061097,2020-12-25,1,0,0.9999994
55000900061097,2020-12-26,1,0,0.9999995
55000900061097,2020-12-27,1,0,0.9999995
55000900061097,2020-12-28,1,0,0.9999994
55000900061097,2020-12-29,1,0,0.9999993
55000900061097,2020-12-30,1,0,0.9999995
55000900061097,2020-12-31,1,0,0.99999964
55000900061097,2021-01-01,1,0,0.99999964
55000900061097,2021-01-02,1,0,0.99999964
55000900061097,2021-01-03,1,0,0.9999994
55000900061097,2021-01-04,1,0,0.9999995
55000900061097,2021-01-05,1,0,0.9999994
55000900061097,2021-01-06,1,0,0.9999995
55000900061097,2021-01-07,1,0,0.9999995
55000900061097,2021-01-08,1,0,0.9999995
55000900061097,2021-01-09,1,0,0.99999964
55000900061097,2021-01-10,1,0,0.9999995
55000900061097,2021-01-11,1,0,0.9999995
55000900061097,2021-01-12,1,0,0.99999917
55000900061097,2021-01-13,1,0,0.9999993
55000900061097,2021-01-14,1,0,0.9999995
55000900061097,2021-01-15,1,0,0.99999917
55000900061097,2021-01-16,1,0,0.99999905
55000900061097,2021-01-17,1,0,0.9999993
55000900061097,2021-01-18,1,0,0.99999905
55000900061097,2021-01-19,1,0,0.99999917
55000900061097,2021-01-20,1,0,0.99999964
55000900061097,2021-01-21,1,0,0.99999964
55000900061097,2021-01-22,1,0,0.99999917
55000900061097,2021-01-23,1,0,0.9999994
55000900061097,2021-01-24,1,0,0.9999993
55000900061097,2021-01-25,1,0,0.99999905
55000900061097,2021-01-26,1,0,0.9999993
55000900061097,2021-01-27,1,0,0.9999995
55000900061097,2021-01-28,1,0,0.99999964
55000900061097,2021-01-29,1,0,0.99999917
55000900061097,2021-01-30,1,0,0.99999976
55000900061097,2021-01-31,1,0,0.9999993
55000900061097,2021-02-01,1,0,0.9999995
55000900061097,2021-02-02,1,0,0.9999995
55000900061097,2021-02-03,1,0,0.9999995
55000900061097,2021-02-04,1,0,0.9999995
55000900061097,2021-02-05,1,0,0.9999995
55000900061097,2021-02-06,1,0,0.9999995
55000900061097,2021-02-07,1,0,0.9999995
55000900061097,2021-02-08,1,0,0.9999995
55000900061097,2021-02-09,1,0,0.9999995
55000900061097,2021-02-10,1,0,0.9999995
55000900061097,2021-02-11,1,0,0.9999995
55000900061097,2021-02-12,1,0,0.9999995
55000900061097,2021-02-13,1,0,0.9999995
55000900061097,2021-02-14,1,0,0.9999995
55000900061097,2021-02-15,1,0,0.9999995
55000900061097,2021-02-16,1,0,0.9999995
55000900061097,2021-02-17,1,0,0.9999995
55000900061097,2021-02-18,1,0,0.9999995
55000900061097,2021-02-19,1,0,0.9999995
55000900061097,2021-02-20,1,0,0.9999995
55000900061097,2021-02-21,1,0,0.9999995
55000900061097,2021-02-22,1,0,0.9999995
55000900061097,2021-02-23,1,0,0.9999995
55000900061097,2021-02-24,1,0,0.9999995
55000900061097,2021-02-25,1,0,0.9999995
55000900061097,2021-02-26,1,0,0.9999995
55000900061097,2021-02-27,1,0,0.9999995
55000900061097,2021-02-28,1,0,0.9999995
55000900061097,2021-03-01,1,0,0.9999995
55000900061097,2021-03-02,1,0,0.9999995
55000900061097,2021-03-03,1,0,0.9999995
55000900061097,2021-03-04,1,0,0.9999995
55000900061097,2021-03-05,1,0,0.9999995
55000900061097,2021-03-06,1,0,0.9999995
55000900061097,2021-03-07,1,0,0.9999995
55000900061097,2021-03-08,1,0,0.9999995
55000900061097,2021-03-09,1,0,0.9999995
55000900061097,2021-03-10,1,0,0.9999995
55000900061097,2021-03-11,1,0,0.9999995
55000900061097,2021-03-12,1,0,0.9999995
55000900061097,2021-03-13,1,0,0.9999995
55000900061097,2021-03-14,1,0,0.9999995
55000900061097,2021-03-15,1,0,0.9999995
55000900061097,2021-03-16,1,0,0.9999995
55000900061097,2021-03-17,1,0,0.9999995
55000900061097,2021-03-18,1,0,0.9999995
55000900061097,2021-03-19,1,0,0.9999995
55000900061097,2021-03-20,1,0,0.9999995
55000900061097,2021-03-21,1,0,0.9999995
55000900061097,2021-03-22,1,0,0.9999995
55000900061097,2021-03-23,1,0,0.9999995
55000900061097,2021-03-24,1,0,0.9999995
55000900061097,2021-03-25,1,0,0.9999995
55000900061097,2021-03-26,1,0,0.9999995
55000900061097,2021-03-27,1,0,0.9999995
55000900061097,2021-03-28,1,0,0.9999995
55000900061097,2021-03-29,1,0,0.9999995
55000900061097,2021-03-30,1,0,0.9999995
55000900061097,2021-03-31,1,0,0.9999995
55000900061097,2021-04-01,1,0,0.9999995
55000900061097,2021-04-02,1,0,0.9999995
55000900061097,2021-04-03,1,0,0.9999995
55000900061097,2021-04-04,1,0,0.9999995
55000900061097,2021-04-05,1,0,0.9999995
55000900061097,2021-04-06,1,0,0.9999995
55000900061097,2021-04-07,1,0,0.9999995
55000900061097,2021-04-08,1,0,0.9999995
55000900061097,2021-04-09,1,0,0.9999995
55000900061097,2021-04-10,1,0,0.9999995
55000900061097,2021-04-11,1,0,0.9999995
55000900061097,2021-04-12,1,0,0.9999995
55000900061097,2021-04-13,1,0,0.9999995
55000900061097,2021-04-14,1,0,0.9999995
55000900061097,2021-04-15,1,0,0.9999995
55000900061097,2021-04-16,1,0,0.9999995
55000900061097,2021-04-17,1,0,0.9999995
55000900061097,2021-04-18,1,0,0.9999995
55000900061097,2021-04-19,1,0,0.9999995
55000900061097,2021-04-20,1,0,0.9999995
55000900061097,2021-04-21,1,0,0.9999995
55000900061097,2021-04-22,1,0,0.9999995
55000900061097,2021-04-23,1,0,0.9999995
55000900061097,2021-04-24,1,0,0.9999995
55000900061097,2021-04-25,1,0,0.9999995
55000900061097,2021-04-26,1,0,0.9999995
55000900061097,2021-04-27,1,0,0.9999995
55000900061097,2021-04-28,1,0,0.9999995
55000900061097,2021-04-29,1,0,0.9999995
55000900061097,2021-04-30,1,0,0.9999995
55000900061097,2021-05-01,1,0,0.9999995
55000900061097,2021-05-02,1,0,0.9999995
55000900061097,2021-05-03,1,0,0.9999995
55000900061097,2021-05-04,1,0,0.9999995
55000900061097,2021-05-05,1,0,0.9999995
55000900061097,2021-05-06,1,0,0.9999995
55000900061097,2021-05-07,1,0,0.9999995
55000900061097,2021-05-08,1,0,0.9999995
55000900061097,2021-05-09,1,0,0.9999995
55000900061097,2021-05-10,1,0,0.9999995
55000900061097,2021-05-11,1,0,0.9999995
55000900061097,2021-05-12,1,0,0.9999995
55000900061097,2021-05-13,1,0,0.9999995
55000900061097,2021-05-14,1,0,0.9999995
55000900061097,2021-05-15,1,0,0.9999995
55000900061097,2021-05-16,1,0,0.9999995
55000900061097,2021-05-17,1,0,0.9999995
55000900061097,2021-05-18,1,0,0.9999995
55000900061097,2021-05-19,1,0,0.9999995
55000900061097,2021-05-20,1,0,0.9999995
55000900061097,2021-05-21,1,0,0.9999995
55000900061097,2021-05-22,1,0,0.9999995
55000900061097,2021-05-23,1,0,0.9999995
55000900061097,2021-05-24,1,0,0.9999995
55000900061097,2021-05-25,1,0,0.9999995
55000900061097,2021-05-26,1,0,0.9999995
55000900061097,2021-05-27,1,0,0.9999995
55000900061097,2021-05-28,1,0,0.9999995
55000900061097,2021-05-29,1,0,0.9999995
55000900061097,2021-05-30,1,0,0.9999995
55000900061097,2021-05-31,1,0,0.9999995
55000900061097,2021-06-01,1,0,0.9999995
55000900061097,2021-06-02,1,0,0.9999995
55000900061097,2021-06-03,1,0,0.9999995
55000900061097,2021-06-04,1,0,0.9999995
55000900061097,2021-06-05,1,0,0.9999995
55000900061097,2021-06-06,1,0,0.9999995
55000900061097,2021-06-07,1,0,0.9999995
55000900061097,2021-06-08,1,0,0.9999995
55000900061097,2021-06-09,1,0,0.9999995
55000900061097,2021-06-10,1,0,0.9999995
55000900061097,2021-06-11,1,0,0.9999995
55000900061097,2021-06-12,1,0,0.9999995
55000900061097,2021-06-13,1,0,0.9999995
55000900061097,2021-06-14,1,0,0.9999995
55000900061097,2021-06-15,1,0,0.9999995
55000900061097,2021-06-16,1,0,0.9999995
55000900061097,2021-06-17,1,0,0.9999995
55000900061097,2021-06-18,1,0,0.9999995
55000900061097,2021-06-19,1,0,0.9999995
55000900061097,2021-06-20,1,0,0.9999995
55000900061097,2021-06-21,1,0,0.9999995
55000900061097,2021-06-22,1,0,0.9999995
55000900061097,2021-06-23,1,0,0.9999995
55000900061097,2021-06-24,1,0,0.9999995
55000900061097,2021-06-25,1,0,0.9999995
55000900061097,2021-06-26,1,0,0.9999995
55000900061097,2021-06-27,1,0,0.9999995
55000900061097,2021-06-28,1,0,0.9999995
55000900061097,2021-06-29,1,0,0.9999995
55000900061097,2021-06-30,1,0,0.9999995
55000900061097,2021-07-01,1,0,0.9999995
55000900061097,2021-07-02,1,0,0.9999995
55000900061097,2021-07-03,1,0,0.9999995
55000900061097,2021-07-04,1,0,0.9999995
55000900061097,2021-07-05,1,0,0.9999995
55000900061097,2021-07-06,1,0,0.9999995
55000900061097,2021-07-07,1,0,0.9999995
55000900061097,2021-07-08,1,0,0.9999995
55000900061097,2021-07-09,1,0,0.9999995
55000900061097,2021-07-10,1,0,0.9999995
55000900061097,2021-07-11,1,0,0.9999995
55000900061097,2021-07-12,1,0,0.9999995
55000900061097,2021-07-13,1,0,0.9999995
55000900061097,2021-07-14,1,0,0.9999995
55000900061097,2021-07-15,1,0,0.9999995
55000900061097,2021-07-16,1,0,0.9999995
55000900061097,2021-07-17,1,0,0.9999995
55000900061097,2021-07-18,1,0,0.9999995
55000900061097,2021-07-19,1,0,0.9999995
55000900061097,2021-07-20,1,0,0.9999995
55000900061097,2021-07-21,1,0,0.9999995
55000900061097,2021-07-22,1,0,0.9999995
55000900061097,2021-07-23,1,0,0.9999995
55000900061097,2021-07-24,1,0,0.9999995
55000900061097,2021-07-25,1,0,0.9999995
55000900061097,2021-07-26,1,0,0.9999995
55000900061097,2021-07-27,1,0,0.9999995
55000900061097,2021-07-28,1,0,0.9999995
55000900061097,2021-07-29,1,0,0.9999995
55000900061097,2021-07-30,1,0,0.9999995
55000900061097,2021-07-31,1,0,0.9999995
55000900061097,2021-08-01,1,0,0.9999995
55000900061097,2021-08-02,1,0,0.9999995
55000900061097,2021-08-03,1,0,0.9999995
55000900061097,2021-08-04,1,0,0.9999995
55000900061097,2021-08-05,1,0,0.9999995
55000900061097,2021-08-06,1,0,0.9999995
55000900061097,2021-08-07,1,0,0.9999995
55000900061097,2021-08-08,1,0,0.9999995
55000900061097,2021-08-09,1,0,0.9999995
55000900061097,2021-08-10,1,0,0.9999995
55000900061097,2021-08-11,1,0,0.9999995
55000900061097,2021-08-12,1,0,0.9999995
55000900061097,2021-08-13,1,0,0.9999995
55000900061097,2021-08-14,1,0,0.9999995
55000900061097,2021-08-15,1,0,0.9999995
55000900061097,2021-08-16,1,0,0.9999995
55000900061097,2021-08-17,1,0,0.9999995
55000900061097,2021-08-18,1,0,0.9999995
55000900061097,2021-08-19,1,0,0.9999995
55000900061097,2021-08-20,1,0,0.9999995
55000900061097,2021-08-21,1,0,0.9999995
55000900061097,2021-08-22,1,0,0.9999995
55000900061097,2021-08-23,1,0,0.9999995
55000900061097,2021-08-24,1,0,0.9999995
55000900061097,2021-08-25,1,0,0.9999995
55000900061097,2021-08-26,1,0,0.9999995
55000900061097,2021-08-27,1,0,0.9999995
55000900061097,2021-08-28,1,0,0.9999995
55000900061097,2021-08-29,1,0,0.9999995
55000900061097,2021-08-30,1,0,0.9999995
55000900061097,2021-08-31,1,0,0.9999995
55000900061097,2021-09-01,1,0,0.9999995
55000900061097,2021-09-02,1,0,0.9999995
55000900061097,2021-09-03,1,0,0.9999995
55000900061097,2021-09-04,1,0,0.9999995
55000900061097,2021-09-05,1,0,0.9999995
55000900061097,2021-09-06,1,0,0.9999995
55000900061097,2021-09-07,1,0,0.9999995
55000900061097,2021-09-08,1,0,0.9999995
55000900061097,2021-09-09,1,0,0.9999995
55000900061097,2021-09-10,1,0,0.9999995
55000900061097,2021-09-11,1,0,0.9999995
55000900061097,2021-09-12,1,0,0.9999995
55000900061097,2021-09-13,1,0,0.9999995
55000900061097,2021-09-14,1,0,0.9999995
55000900061097,2021-09-15,1,0,0.9999995
55000900061097,2021-09-16,1,0,0.9999995
55000900061097,2021-09-17,1,0,0.9999995
55000900061097,2021-09-18,1,0,0.9999995
55000900061097,2021-09-19,1,0,0.9999995
55000900061097,2021-09-20,1,0,0.9999995
55000900061097,2021-09-21,1,0,0.9999995
55000900061097,2021-09-22,1,0,0.9999995
55000900061097,2021-09-23,1,0,0.9999995
55000900061097,2021-09-24,1,0,0.9999995
55000900061097,2021-09-25,1,0,0.9999995
55000900061097,2021-09-26,1,0,0.9999995
55000900061097,2021-09-27,1,0,0.9999995
55000900061097,2021-09-28,1,0,0.9999995
55000900061097,2021-09-29,1,0,0.9999995
55000900061097,2021-09-30,1,0,0.9999995
55000900061097,2021-10-01,1,0,0.9999995
55000900061097,2021-10-02,1,0,0.9999995
55000900061097,2021-10-03,1,0,0.9999995
55000900061097,2021-10-04,1,0,0.9999995
55000900061097,2021-10-05,1,0,0.9999995
55000900061097,2021-10-06,1,0,0.9999995
55000900061097,2021-10-07,1,0,0.9999995
55000900061097,2021-10-08,1,0,0.9999995
55000900061097,2021-10-09,1,0,0.9999995
55000900061097,2021-10-10,1,0,0.9999995
55000900061097,2021-10-11,1,0,0.9999995
55000900061097,2021-10-12,1,0,0.9999995
55000900061097,2021-10-13,1,0,0.9999995
55000900061097,2021-10-14,1,0,0.9999995
55000900061097,2021-10-15,1,0,0.9999995
55000900061097,2021-10-16,1,0,0.9999995
55000900061097,2021-10-17,1,0,0.9999995
55000900061097,2021-10-18,1,0,0.9999995
55000900061097,2021-10-19,1,0,0.9999995
55000900061097,2021-10-20,1,0,0.9999995
55000900061097,2021-10-21,1,0,0.9999995
55000900061097,2021-10-22,1,0,0.9999995
55000900061097,2021-10-23,1,0,0.9999995
55000900061097,2021-10-24,1,0,0.9999995
55000900061097,2021-10-25,1,0,0.9999995
55000900061097,2021-10-26,1,0,0.9999995
55000900061097,2021-10-27,1,0,0.9999995
55000900061097,2021-10-28,1,0,0.9999995
55000900061097,2021-10-29,1,0,0.9999995
55000900061097,2021-10-30,1,0,0.9999995
55000900061097,2021-10-31,1,0,0.9999995
55000900061097,2021-11-01,1,0,0.9999995
55000900061097,2021-11-02,1,0,0.9999995
55000900061097,2021-11-03,1,0,0.9999995
55000900061097,2021-11-04,1,0,0.9999995
55000900061097,2021-11-05,1,0,0.9999995
55000900061097,2021-11-06,1,0,0.9999995
55000900061097,2021-11-07,1,0,0.9999995
55000900061097,2021-11-08,1,0,0.9999995
55000900061097,2021-11-09,1,0,0.9999995
55000900061097,2021-11-10,1,0,0.9999995
55000900061097,2021-11-11,1,0,0.9999995
55000900061097,2021-11-12,1,0,0.9999995
55000900061097,2021-11-13,1,0,0.9999995
55000900061097,2021-11-14,1,0,0.9999995
55000900061097,2021-11-15,1,0,0.9999995
55000900061097,2021-11-16,1,0,0.9999995
55000900061097,2021-11-17,1,0,0.9999995
55000900061097,2021-11-18,1,0,0.9999995
55000900061097,2021-11-19,1,0,0.9999995
55000900061097,2021-11-20,1,0,0.9999995
55000900061097,2021-11-21,1,0,0.9999995
55000900061097,2021-11-22,1,0,0.9999995
55000900061097,2021-11-23,1,0,0.9999995
55000900061097,2021-11-24,1,0,0.9999995
55000900061097,2021-11-25,1,0,0.9999995
55000900061097,2021-11-26,1,0,0.9999995
55000900061097,2021-11-27,1,0,0.9999995
55000900061097,2021-11-28,1,0,0.9999995
55000900061097,2021-11-29,1,0,0.9999995
55000900061097,2021-11-30,1,0,0.9999995
55000900061097,2021-12-01,1,0,0.9999995
55000900061097,2021-12-02,1,0,0.9999995
55000900061097,2021-12-03,1,0,0.9999995
55000900061097,2021-12-04,1,0,0.9999995
55000900061097,2021-12-05,1,0,0.9999995
55000900061097,2021-12-06,1,0,0.9999995
55000900061097,2021-12-07,1,0,0.9999995
55000900061097,2021-12-08,1,0,0.9999995
55000900061097,2021-12-09,1,0,0.9999995
55000900061097,2021-12-10,1,0,0.9999995
55000900061097,2021-12-11,1,0,0.9999995
55000900061097,2021-12-12,1,0,0.9999995
55000900061097,2021-12-13,1,0,0.9999995
55000900061097,2021-12-14,1,0,0.9999995
55000900061097,2021-12-15,1,0,0.9999995
55000900061097,2021-12-16,1,0,0.9999995
55000900061097,2021-12-17,1,0,0.9999995
55000900061097,2021-12-18,1,0,0.9999995
55000900061097,2021-12-19,1,0,0.9999995
55000900061097,2021-12-20,1,0,0.9999995
55000900061097,2021-12-21,1,0,0.9999995
55000900061097,2021-12-22,1,0,0.9999995
55000900061097,2021-12-23,1,0,0.9999995
55000900061097,2021-12-24,1,0,0.9999995
55000900061097,2021-12-25,1,0,0.9999995
55000900061097,2021-12-26,1,0,0.9999995
55000900061097,2021-12-27,1,0,0.9999995
55000900061097,2021-12-28,1,0,0.9999995
55000900061097,2021-12-29,1,0,0.9999995
55000900061097,2021-12-30,1,0,0.9999995
55000900061097,2021-12-31,1,0,0.9999995
55000900061097,2022-01-01,1,0,0.9999995
55000900061097,2022-01-02,1,0,0.9999995
55000900061097,2022-01-03,1,0,0.9999995
55000900061097,2022-01-04,1,0,0.9999995
55000900061097,2022-01-05,1,0,0.9999995
55000900061097,2022-01-06,1,0,0.9999995
55000900061097,2022-01-07,1,0,0.9999995
55000900061097,2022-01-08,1,0,0.9999995
55000900061097,2022-01-09,1,0,0.9999995
55000900061097,2022-01-10,1,0,0.9999995
55000900061097,2022-01-11,1,0,0.9999995
55000900061097,2022-01-12,1,0,0.9999995
55000900061097,2022-01-13,1,0,0.9999995
55000900061097,2022-01-14,1,0,0.9999995
55000900061097,2022-01-15,1,0,0.9999995
55000900061097,2022-01-16,1,0,0.9999995
55000900061097,2022-01-17,1,0,0.9999995
55000900061097,2022-01-18,1,0,0.9999995
55000900061097,2022-01-19,1,0,0.9999995
55000900061097,2022-01-20,1,0,0.9999995
55000900061097,2022-01-21,1,0,0.9999995
55000900061097,2022-01-22,1,0,0.9999995
55000900061097,2022-01-23,1,0,0.9999995
55000900061097,2022-01-24,1,0,0.9999995
55000900061097,2022-01-25,1,0,0.9999995
55000900061097,2022-01-26,1,0,0.9999995
55000900061097,2022-01-27,1,0,0.9999995
55000900061097,2022-01-28,1,0,0.9999995
55000900061097,2022-01-29,1,0,0.9999995
55000900061097,2022-01-30,1,0,0.9999995
55000900061097,2022-01-31,1,0,0.9999995
55000900061097,2022-02-01,1,0,0.9999995
55000900061097,2022-02-02,1,0,0.9999995
55000900061097,2022-02-03,1,0,0.9999995
55000900061097,2022-02-04,1,0,0.9999995
55000900061097,2022-02-05,1,0,0.9999995
55000900061097,2022-02-06,1,0,0.9999995
55000900061097,2022-02-07,1,0,0.9999995
55000900061097,2022-02-08,1,0,0.9999995
55000900061097,2022-02-09,1,0,0.9999995
55000900061097,2022-02-10,1,0,0.9999995
55000900061097,2022-02-11,1,0,0.9999995
55000900061097,2022-02-12,1,0,0.9999995
55000900061097,2022-02-13,1,0,0.9999995
55000900061097,2022-02-14,1,0,0.9999995
55000900061097,2022-02-15,1,0,0.9999995
55000900061097,2022-02-16,1,0,0.9999995
55000900061097,2022-02-17,1,0,0.9999995
55000900061097,2022-02-18,1,0,0.9999995
55000900061097,2022-02-19,1,0,0.9999995
55000900061097,2022-02-20,1,0,0.9999995
55000900061097,2022-02-21,1,0,0.9999995
55000900061097,2022-02-22,1,0,0.9999995
55000900061097,2022-02-23,1,0,0.9999995
55000900061097,2022-02-24,1,0,0.9999995
55000900061097,2022-02-25,1,0,0.9999995
55000900061097,2022-02-26,1,0,0.9999995
55000900061097,2022-02-27,1,0,0.9999995
55000900061097,2022-02-28,1,0,0.9999995
55000900061097,2022-03-01,1,0,0.9999995
55000900061097,2022-03-02,1,0,0.9999995
55000900061097,2022-03-03,1,0,0.9999995
55000900061097,2022-03-04,1,0,0.9999995
55000900061097,2022-03-05,1,0,0.9999995
55000900061097,2022-03-06,1,0,0.9999995
55000900061097,2022-03-07,1,0,0.9999995
55000900061097,2022-03-08,1,0,0.9999995
55000900061097,2022-03-09,1,0,0.9999995
55000900061097,2022-03-10,1,0,0.9999995
55000900061097,2022-03-11,1,0,0.9999995
55000900061097,2022-03-12,1,0,0.9999995
55000900061097,2022-03-13,1,0,0.9999995
55000900061097,2022-03-14,1,0,0.9999995
55000900061097,2022-03-15,1,0,0.9999995
55000900061097,2022-03-16,1,0,0.9999995
55000900061097,2022-03-17,1,0,0.9999995
55000900061097,2022-03-18,1,0,0.9999995
55000900061097,2022-03-19,1,0,0.9999995
55000900061097,2022-03-20,1,0,0.9999995
55000900061097,2022-03-21,1,0,0.9999995
55000900061097,2022-03-22,1,0,0.9999995
55000900061097,2022-03-23,1,0,0.9999995
55000900061097,2022-03-24,1,0,0.9999995
55000900061097,2022-03-25,1,0,0.9999995
55000900061097,2022-03-26,1,0,0.9999995
55000900061097,2022-03-27,1,0,0.9999995
55000900061097,2022-03-28,1,0,0.9999995
55000900061097,2022-03-29,1,0,0.9999995
55000900061097,2022-03-30,1,0,0.9999995
55000900061097,2022-03-31,1,0,0.9999995
55000900061097,2022-04-01,1,0,0.9999995
55000900061097,2022-04-02,1,0,0.9999995
55000900061097,2022-04-03,1,0,0.9999995
55000900061097,2022-04-04,1,0,0.9999995
55000900061097,2022-04-05,1,0,0.9999995
55000900061097,2022-04-06,1,0,0.9999995
55000900061097,2022-04-07,1,0,0.9999995
55000900061097,2022-04-08,1,0,0.9999995
55000900061097,2022-04-09,1,0,0.9999995
55000900061097,2022-04-10,1,0,0.9999995
55000900061097,2022-04-11,1,0,0.9999995
55000900061097,2022-04-12,1,0,0.9999995
55000900061097,2022-04-13,1,0,0.9999995
55000900061097,2022-04-14,1,0,0.9999995
55000900061097,2022-04-15,1,0,0.9999995
55000900061097,2022-04-16,1,0,0.9999995
55000900061097,2022-04-17,1,0,0.9999995
55000900061097,2022-04-18,1,0,0.9999995
55000900061097,2022-04-19,1,0,0.9999995
55000900061097,2022-04-20,1,0,0.9999995
55000900061097,2022-04-21,1,0,0.9999995
55000900061097,2022-04-22,1,0,0.9999995
55000900061097,2022-04-23,1,0,0.9999995
55000900061097,2022-04-24,1,0,0.9999995
55000900061097,2022-04-25,1,0,0.9999995
55000900061097,2022-04-26,1,0,0.9999995
55000900061097,2022-04-27,1,0,0.9999995
55000900061097,2022-04-28,1,0,0.9999995
55000900061097,2022-04-29,1,0,0.9999995
55000900061097,2022-04-30,1,0,0.9999995
55000900061097,2022-05-01,1,0,0.9999995
55000900061097,2022-05-02,1,0,0.9999995
55000900061097,2022-05-03,1,0,0.9999995
55000900061097,2022-05-04,1,0,0.9999995
55000900061097,2022-05-05,1,0,0.9999995
55000900061097,2022-05-06,1,0,0.9999995
55000900061097,2022-05-07,1,0,0.9999995
55000900061097,2022-05-08,1,0,0.9999995
55000900061097,2022-05-09,1,0,0.9999995
55000900061097,2022-05-10,1,0,0.9999995
55000900061097,2022-05-11,1,0,0.9999995
55000900061097,2022-05-12,1,0,0.9999995
55000900061097,2022-05-13,1,0,0.9999995
55000900061097,2022-05-14,1,0,0.9999995
55000900061097,2022-05-15,1,0,0.9999995
55000900061097,2022-05-16,1,0,0.9999995
55000900061097,2022-05-17,1,0,0.9999995
55000900061097,2022-05-18,1,0,0.9999995
55000900061097,2022-05-19,1,0,0.9999995
55000900061097,2022-05-20,1,0,0.9999995
55000900061097,2022-05-21,1,0,0.9999995
55000900061097,2022-05-22,1,0,0.9999995
55000900061097,2022-05-23,1,0,0.9999995
55000900061097,2022-05-24,1,0,0.9999995
55000900061097,2022-05-25,1,0,0.9999995
55000900061097,2022-05-26,1,0,0.9999995
55000900061097,2022-05-27,1,0,0.9999995
55000900061097,2022-05-28,1,0,0.9999995
55000900061097,2022-05-29,1,0,0.9999995
55000900061097,2022-05-30,1,0,0.9999995
55000900061097,2022-05-31,1,0,0.9999995
55000900061097,2022-06-01,1,0,0.9999995
55000900061097,2022-06-02,1,0,0.9999995
55000900061097,2022-06-03,1,0,0.9999995
55000900061097,2022-06-04,1,0,0.9999995
55000900061097,2022-06-05,1,0,0.9999995
55000900061097,2022-06-06,1,0,0.9999995
55000900061097,2022-06-07,1,0,0.9999995
55000900061097,2022-06-08,1,0,0.9999995
55000900061097,2022-06-09,1,0,0.9999995
55000900061097,2022-06-10,1,0,0.9999995
55000900061097,2022-06-11,1,0,0.9999995
55000900061097,2022-06-12,1,0,0.9999995
55000900061097,2022-06-13,1,0,0.9999995
55000900061097,2022-06-14,1,0,0.9999995
55000900061097,2022-06-15,1,0,0.9999995
55000900061097,2022-06-16,1,0,0.9999995
55000900061097,2022-06-17,1,0,0.9999995
55000900061097,2022-06-18,1,0,0.9999995
55000900061097,2022-06-19,1,0,0.9999995
55000900061097,2022-06-20,1,0,0.9999995
55000900061097,2022-06-21,1,0,0.9999995
55000900061097,2022-06-22,1,0,0.9999995
55000900061097,2022-06-23,1,0,0.9999995
55000900061097,2022-06-24,1,0,0.9999995
55000900061097,2022-06-25,1,0,0.9999995
55000900061097,2022-06-26,1,0,0.9999995
55000900061097,2022-06-27,1,0,0.9999995
55000900061097,2022-06-28,1,0,0.9999995
55000900061097,2022-06-29,1,0,0.9999995
55000900061097,2022-06-30,1,0,0.9999995
55000900061097,2022-07-01,1,0,0.9999995
55000900061097,2022-07-02,1,0,0.9999995
55000900061097,2022-07-03,1,0,0.9999995
55000900061097,2022-07-04,1,0,0.9999995
55000900061097,2022-07-05,1,0,0.9999995
55000900061097,2022-07-06,1,0,0.9999995
55000900061097,2022-07-07,1,0,0.9999995
55000900061097,2022-07-08,1,0,0.9999995
55000900061097,2022-07-09,1,0,0.9999995
55000900061097,2022-07-10,1,0,0.9999995
55000900061097,2022-07-11,1,0,0.9999995
55000900061097,2022-07-12,1,0,0.9999995
55000900061097,2022-07-13,1,0,0.9999995
55000900061097,2022-07-14,1,0,0.9999995
55000900061097,2022-07-15,1,0,0.9999995
55000900061097,2022-07-16,1,0,0.9999995
55000900061097,2022-07-17,1,0,0.9999995
55000900061097,2022-07-18,1,0,0.9999995
55000900061097,2022-07-19,1,0,0.9999995
55000900061097,2022-07-20,1,0,0.9999995
55000900061097,2022-07-21,1,0,0.9999995
55000900061097,2022-07-22,1,0,0.9999995
55000900061097,2022-07-23,1,0,0.9999995
55000900061097,2022-07-24,1,0,0.9999995
55000900061097,2022-07-25,1,0,0.9999995
55000900061097,2022-07-26,1,0,0.9999995
55000900061097,2022-07-27,1,0,0.9999995
55000900061097,2022-07-28,1,0,0.9999995
55000900061097,2022-07-29,1,0,0.9999995
55000900061097,2022-07-30,1,0,0.9999995
55000900061097,2022-07-31,1,0,0.9999995
55000900061097,2022-08-01,1,0,0.9999995
55000900061097,2022-08-02,1,0,0.9999995
55000900061097,2022-08-03,1,0,0.9999995
55000900061097,2022-08-04,1,0,0.9999995
55000900061097,2022-08-05,1,0,0.9999995
55000900061097,2022-08-06,1,0,0.9999995
55000900061097,2022-08-07,1,0,0.9999995
55000900061097,2022-08-08,1,0,0.9999995
55000900061097,2022-08-09,1,0,0.9999995
55000900061097,2022-08-10,1,0,0.9999995
55000900061097,2022-08-11,1,0,0.9999995
55000900061097,2022-08-12,1,0,0.9999995
55000900061097,2022-08-13,1,0,0.9999995
55000900061097,2022-08-14,1,0,0.9999995
55000900061097,2022-08-15,1,0,0.9999995
55000900061097,2022-08-16,1,0,0.9999995
55000900061097,2022-08-17,1,0,0.9999995
55000900061097,2022-08-18,1,0,0.9999995
55000900061097,2022-08-19,1,0,0.9999995
55000900061097,2022-08-20,1,0,0.9999995
55000900061097,2022-08-21,1,0,0.9999995
55000900061097,2022-08-22,1,0,0.9999995
55000900061097,2022-08-23,1,0,0.9999995
55000900061097,2022-08-24,1,0,0.9999995
55000900061097,2022-08-25,1,0,0.9999995
55000900061097,2022-08-26,1,0,0.9999995
55000900061097,2022-08-27,1,0,0.9999995
55000900061097,2022-08-28,1,0,0.9999995
55000900061097,2022-08-29,1,0,0.9999995
55000900061097,2022-08-30,1,0,0.9999995
55000900061097,2022-08-31,1,0,0.9999995
55000900061097,2022-09-01,1,0,0.9999995
55000900061097,2022-09-02,1,0,0.9999995
55000900061097,2022-09-03,1,0,0.9999995
55000900061097,2022-09-04,1,0,0.9999995
55000900061097,2022-09-05,1,0,0.9999995
55000900061097,2022-09-06,1,0,0.9999995
55000900061097,2022-09-07,1,0,0.9999995
55000900061097,2022-09-08,1,0,0.9999995
55000900061097,2022-09-09,1,0,0.9999995
55000900061097,2022-09-10,1,0,0.9999995
55000900061097,2022-09-11,1,0,0.9999995
55000900061097,2022-09-12,1,0,0.9999995
55000900061097,2022-09-13,1,0,0.9999995
55000900061097,2022-09-14,1,0,0.9999995
55000900061097,2022-09-15,1,0,0.9999995
55000900061097,2022-09-16,1,0,0.9999995
55000900061097,2022-09-17,1,0,0.9999995
55000900061097,2022-09-18,1,0,0.9999995
55000900061097,2022-09-19,1,0,0.9999995
55000900061097,2022-09-20,1,0,0.9999995
55000900061097,2022-09-21,1,0,0.9999995
55000900061097,2022-09-22,1,0,0.9999995
55000900061097,2022-09-23,1,0,0.9999995
55000900061097,2022-09-24,1,0,0.9999995
55000900061097,2022-09-25,1,0,0.9999995
55000900061097,2022-09-26,1,0,0.9999995
55000900061097,2022-09-27,1,0,0.9999995
55000900061097,2022-09-28,1,0,0.9999995
55000900061097,2022-09-29,1,0,0.9999995
55000900061097,2022-09-30,1,0,0.9999995
55000900061097,2022-10-01,1,0,0.9999995
55000900061097,2022-10-02,1,0,0.9999995
55000900061097,2022-10-03,1,0,0.9999995
55000900061097,2022-10-04,1,0,0.9999995
55000900061097,2022-10-05,1,0,0.9999995
55000900061097,2022-10-06,1,0,0.9999995
55000900061097,2022-10-07,1,0,0.9999995
55000900061097,2022-10-08,1,0,0.9999995
55000900061097,2022-10-09,1,0,0.9999995
55000900061097,2022-10-10,1,0,0.9999995
55000900061097,2022-10-11,1,0,0.9999995
55000900061097,2022-10-12,1,0,0.9999995
55000900061097,2022-10-13,1,0,0.9999995
55000900061097,2022-10-14,1,0,0.9999995
55000900061097,2022-10-15,1,0,0.9999995
55000900061097,2022-10-16,1,0,0.9999995
55000900061097,2022-10-17,1,0,0.9999995
55000900061097,2022-10-18,1,0,0.9999995
55000900061097,2022-10-19,1,0,0.9999995
55000900061097,2022-10-20,1,0,0.9999995
55000900061097,2022-10-21,1,0,0.9999995
55000900061097,2022-10-22,1,0,0.9999995
55000900061097,2022-10-23,1,0,0.9999995
55000900061097,2022-10-24,1,0,0.9999995
55000900061097,2022-10-25,1,0,0.9999995
55000900061097,2022-10-26,1,0,0.9999995
55000900061097,2022-10-27,1,0,0.9999995
55000900061097,2022-10-28,1,0,0.9999995
55000900061097,2022-10-29,1,0,0.9999995
55000900061097,2022-10-30,1,0,0.9999995
55000900061097,2022-10-31,1,0,0.9999995
55000900061097,2022-11-01,1,0,0.9999995
55000900061097,2022-11-02,1,0,0.9999995
55000900061097,2022-11-03,1,0,0.9999995
55000900061097,2022-11-04,1,0,0.9999995
55000900061097,2022-11-05,1,0,0.9999995
55000900061097,2022-11-06,1,0,0.9999995
55000900061097,2022-11-07,1,0,0.9999995
55000900061097,2022-11-08,1,0,0.9999995
55000900061097,2022-11-09,1,0,0.9999995
55000900061097,2022-11-10,1,0,0.9999995
55000900061097,2022-11-11,1,0,0.9999995
55000900061097,2022-11-12,1,0,0.9999995
55000900061097,2022-11-13,1,0,0.9999995
55000900061097,2022-11-14,1,0,0.9999995
55000900061097,2022-11-15,1,0,0.9999995
55000900061097,2022-11-16,1,0,0.9999995
55000900061097,2022-11-17,1,0,0.9999995
55000900061097,2022-11-18,1,0,0.9999995
55000900061097,2022-11-19,1,0,0.9999995
55000900061097,2022-11-20,1,0,0.9999995
55000900061097,2022-11-21,1,0,0.9999995
55000900061097,2022-11-22,1,0,0.9999995
55000900061097,2022-11-23,1,0,0.9999995
55000900061097,2022-11-24,1,0,0.9999995
55000900061097,2022-11-25,1,0,0.9999995
55000900061097,2022-11-26,1,0,0.9999995
55000900061097,2022-11-27,1,0,0.9999995
55000900061097,2022-11-28,1,0,0.9999995
55000900061097,2022-11-29,1,0,0.9999995
55000900061097,2022-11-30,1,0,0.9999995
55000900061097,2022-12-01,1,0,0.9999995
55000900061097,2022-12-02,1,0,0.9999995
55000900061097,2022-12-03,1,0,0.9999995
55000900061097,2022-12-04,1,0,0.9999995
55000900061097,2022-12-05,1,0,0.9999995
55000900061097,2022-12-06,1,0,0.9999995
55000900061097,2022-12-07,1,0,0.9999995
55000900061097,2022-12-08,1,0,0.9999995
55000900061097,2022-12-09,1,0,0.9999995
55000900061097,2022-12-10,1,0,0.9999995
55000900061097,2022-12-11,1,0,0.9999995
55000900061097,2022-12-12,1,0,0.9999995
55000900061097,2022-12-13,1,0,0.9999995
55000900061097,2022-12-14,1,0,0.9999995
55000900061097,2022-12-15,1,0,0.9999995
55000900061097,2022-12-16,1,0,0.9999995
55000900061097,2022-12-17,1,0,0.9999995
55000900061097,2022-12-18,1,0,0.9999995
55000900061097,2022-12-19,1,0,0.9999995
55000900061097,2022-12-20,1,0,0.9999995
55000900061097,2022-12-21,1,0,0.9999995
55000900061097,2022-12-22,1,0,0.9999995
55000900061097,2022-12-23,1,0,0.9999995
55000900061097,2022-12-24,1,0,0.9999995
55000900061097,2022-12-25,1,0,0.9999995
55000900061097,2022-12-26,1,0,0.9999995
55000900061097,2022-12-27,1,0,0.9999995
55000900061097,2022-12-28,1,0,0.9999995
55000900061097,2022-12-29,1,0,0.9999995
55000900061097,2022-12-30,1,0,0.9999995
55000900061097,2022-12-31,1,0,0.9999995
55000900061097,2023-01-01,1,0,0.9999995
55000900061097,2023-01-02,1,0,0.9999995
55000900061097,2023-01-03,1,0,0.9999995
55000900061097,2023-01-04,1,0,0.9999995
55000900061097,2023-01-05,1,0,0.9999995
55000900061097,2023-01-06,1,0,0.9999995
55000900061097,2023-01-07,1,0,0.9999995
55000900061097,2023-01-08,1,0,0.9999995
55000900061097,2023-01-09,1,0,0.9999995
55000900061097,2023-01-10,1,0,0.9999995
55000900061097,2023-01-11,1,0,0.9999995
55000900061097,2023-01-12,1,0,0.9999995
55000900061097,2023-01-13,1,0,0.9999995
55000900061097,2023-01-14,1,0,0.9999995
55000900061097,2023-01-15,1,0,0.9999995
55000900061097,2023-01-16,1,0,0.9999995
55000900061097,2023-01-17,1,0,0.9999995
55000900061097,2023-01-18,1,0,0.9999995
55000900061097,2023-01-19,1,0,0.9999995
55000900061097,2023-01-20,1,0,0.9999995
55000900061097,2023-01-21,1,0,0.9999995
55000900061097,2023-01-22,1,0,0.9999995
55000900061097,2023-01-23,1,0,0.9999995
55000900061097,2023-01-24,1,0,0.9999995
55000900061097,2023-01-25,1,0,0.9999995
55000900061097,2023-01-26,1,0,0.9999995
55000900061097,2023-01-27,1,0,0.9999995
55000900061097,2023-01-28,1,0,0.9999995
55000900061097,2023-01-29,1,0,0.9999995
55000900061097,2023-01-30,1,0,0.9999995
55000900061097,2023-01-31,1,0,0.9999995
55000900061097,2023-02-01,1,0,0.9999995
55000900061097,2023-02-02,1,0,0.9999995
55000900061097,2023-02-03,1,0,0.9999995
55000900061097,2023-02-04,1,0,0.9999995
55000900061097,2023-02-05,1,0,0.9999995
55000900061097,2023-02-06,1,0,0.9999995
55000900061097,2023-02-07,1,0,0.9999995
55000900061097,2023-02-08,1,0,0.9999995
55000900061097,2023-02-09,1,0,0.9999995
55000900061097,2023-02-10,1,0,0.9999995
55000900061097,2023-02-11,1,0,0.9999995
55000900061097,2023-02-12,1,0,0.9999995
55000900061097,2023-02-13,1,0,0.9999995
55000900061097,2023-02-14,1,0,0.9999995
55000900061097,2023-02-15,1,0,0.9999995
55000900061097,2023-02-16,1,0,0.9999995
55000900061097,2023-02-17,1,0,0.9999995
55000900061097,2023-02-18,1,0,0.9999995
55000900061097,2023-02-19,1,0,0.9999995
55000900061097,2023-02-20,1,0,0.9999995
55000900061097,2023-02-21,1,0,0.9999995
55000900061097,2023-02-22,1,0,0.9999995
55000900061097,2023-02-23,1,0,0.9999995
55000900061097,2023-02-24,1,0,0.9999995
55000900061097,2023-02-25,1,0,0.9999995
55000900061097,2023-02-26,1,0,0.9999995
55000900061097,2023-02-27,1,0,0.9999995
55000900061097,2023-02-28,1,0,0.9999995
55000900061097,2023-03-01,1,0,0.9999995
55000900061097,2023-03-02,1,0,0.9999995
55000900061097,2023-03-03,1,0,0.9999995
55000900061097,2023-03-04,1,0,0.9999995
55000900061097,2023-03-05,1,0,0.9999995
55000900061097,2023-03-06,1,0,0.9999995
55000900061097,2023-03-07,1,0,0.9999995
55000900061097,2023-03-08,1,0,0.9999995
55000900061097,2023-03-09,1,0,0.9999995
55000900061097,2023-03-10,1,0,0.9999995
55000900061097,2023-03-11,1,0,0.9999995
55000900061097,2023-03-12,1,0,0.9999995
55000900061097,2023-03-13,1,0,0.9999995
55000900061097,2023-03-14,1,0,0.9999995
55000900061097,2023-03-15,1,0,0.9999995
55000900061097,2023-03-16,1,0,0.9999995
55000900061097,2023-03-17,1,0,0.9999995
55000900061097,2023-03-18,1,0,0.9999995
55000900061097,2023-03-19,1,0,0.9999995
55000900061097,2023-03-20,1,0,0.9999995
55000900061097,2023-03-21,1,0,0.9999995
55000900061097,2023-03-22,1,0,0.9999995
55000900061097,2023-03-23,1,0,0.9999995
55000900061097,2023-03-24,1,0,0.9999995
55000900061097,2023-03-25,1,0,0.9999995
55000900061097,2023-03-26,1,0,0.9999995
55000900061097,2023-03-27,1,0,0.9999995
55000900061097,2023-03-28,1,0,0.9999995
55000900061097,2023-03-29,1,0,0.9999995
55000900061097,2023-03-30,1,0,0.9999995
55000900061097,2023-03-31,1,0,0.9999995
55000900061097,2023-04-01,1,0,0.9999995
55000900061097,2023-04-02,1,0,0.9999995
55000900061097,2023-04-03,1,0,0.9999995
55000900061097,2023-04-04,1,0,0.9999995
55000900061097,2023-04-05,1,0,0.9999995
55000900061097,2023-04-06,1,0,0.9999995
55000900061097,2023-04-07,1,0,0.9999995
55000900061097,2023-04-08,1,0,0.9999995
55000900061097,2023-04-09,1,0,0.9999995
55000900061097,2023-04-10,1,0,0.9999995
55000900061097,2023-04-11,1,0,0.9999995
55000900061097,2023-04-12,1,0,0.9999995
55000900061097,2023-04-13,1,0,0.9999995
55000900061097,2023-04-14,1,0,0.9999995
55000900061097,2023-04-15,1,0,0.9999995
55000900061097,2023-04-16,1,0,0.9999995
55000900061097,2023-04-17,1,0,0.9999995
55000900061097,2023-04-18,1,0,0.9999995
55000900061097,2023-04-19,1,0,0.9999995
55000900061097,2023-04-20,1,0,0.9999995
55000900061097,2023-04-21,1,0,0.9999995
55000900061097,2023-04-22,1,0,0.9999995
55000900061097,2023-04-23,1,0,0.9999995
55000900061097,2023-04-24,1,0,0.9999995
55000900061097,2023-04-25,1,0,0.9999995
55000900061097,2023-04-26,1,0,0.9999995
55000900061097,2023-04-27,1,0,0.9999995
55000900061097,2023-04-28,1,0,0.9999995
55000900061097,2023-04-29,1,0,0.9999995
55000900061097,2023-04-30,1,0,0.9999995
55000900061097,2023-05-01,1,0,0.9999995
55000900061097,2023-05-02,1,0,0.9999995
55000900061097,2023-05-03,1,0,0.9999995
55000900061097,2023-05-04,1,0,0.9999995
55000900061097,2023-05-05,1,0,0.9999995
55000900061097,2023-05-06,1,0,0.9999995
55000900061097,2023-05-07,1,0,0.9999995
55000900061097,2023-05-08,1,0,0.9999995
55000900061097,2023-05-09,1,0,0.9999995
55000900061097,2023-05-10,1,0,0.9999995
55000900061097,2023-05-11,1,0,0.9999995
55000900061097,2023-05-12,1,0,0.9999995
55000900061097,2023-05-13,1,0,0.9999995
55000900061097,2023-05-14,1,0,0.9999995
55000900061097,2023-05-15,1,0,0.9999995
55000900061097,2023-05-16,1,0,0.9999995
55000900061097,2023-05-17,1,0,0.9999995
55000900061097,2023-05-18,1,0,0.9999995
55000900061097,2023-05-19,1,0,0.9999995
55000900061097,2023-05-20,1,0,0.9999995
55000900061097,2023-05-21,1,0,0.9999995
55000900061097,2023-05-22,1,0,0.9999995
55000900061097,2023-05-23,1,0,0.9999995
55000900061097,2023-05-24,1,0,0.9999995
55000900061097,2023-05-25,1,0,0.9999995
55000900061097,2023-05-26,1,0,0.9999995
55000900061097,2023-05-27,1,0,0.9999995
55000900061097,2023-05-28,1,0,0.9999995
55000900061097,2023-05-29,1,0,0.9999995
55000900061097,2023-05-30,1,0,0.9999995
55000900061097,2023-05-31,1,0,0.9999995
55000900061097,2023-06-01,1,0,0.9999995
55000900061097,2023-06-02,1,0,0.9999995
55000900061097,2023-06-03,1,0,0.9999995
55000900061097,2023-06-04,1,0,0.9999995
55000900061097,2023-06-05,1,0,0.9999995
55000900061097,2023-06-06,1,0,0.9999995
55000900061097,2023-06-07,1,0,0.9999995
55000900061097,2023-06-08,1,0,0.9999995
55000900061097,2023-06-09,1,0,0.9999995
55000900061097,2023-06-10,1,0,0.9999995
55000900061097,2023-06-11,1,0,0.9999995
55000900061097,2023-06-12,1,0,0.9999995
55000900061097,2023-06-13,1,0,0.9999995
55000900061097,2023-06-14,1,0,0.9999995
55000900061097,2023-06-15,1,0,0.9999995
55000900061097,2023-06-16,1,0,0.9999995
55000900061097,2023-06-17,1,0,0.9999995
55000900061097,2023-06-18,1,0,0.9999995
55000900061097,2023-06-19,1,0,0.9999995
55000900061097,2023-06-20,1,0,0.9999995
55000900061097,2023-06-21,1,0,0.9999995
55000900061097,2023-06-22,1,0,0.9999995
55000900061097,2023-06-23,1,0,0.9999995
55000900061097,2023-06-24,1,0,0.9999995
55000900061097,2023-06-25,1,0,0.9999995
55000900095919,2020-09-11,0,0,0.03500061
55000900095919,2020-09-12,0,0,0.03500061
55000900095919,2020-09-13,0,0,0.03500061
55000900095919,2020-09-14,0,0,0.03500061
55000900095919,2020-09-20,1,0,0.03500061
55000900095919,2020-09-21,1,0,0.03500061
55000900095919,2020-09-22,0,0,0.03500061
55000900095919,2020-09-23,1,0,0.22269872
55000900095919,2020-09-24,1,0,0.12046858
55000900095919,2020-09-25,1,0,0.06430387
55000900095919,2020-09-26,1,0,0.37874717
55000900095919,2020-09-27,1,0,0.3713419
55000900095919,2020-09-28,1,0,0.52084655
55000900095919,2020-09-29,1,0,0.47029507
55000900095919,2020-09-30,0,0,0.47925374
55000900095919,2020-10-01,0,0,0.54889876
55000900095919,2020-10-02,0,0,0.700096
55000900095919,2020-10-03,0,0,0.10388065
55000900095919,2020-10-04,0,0,0.12098916
55000900095919,2020-10-05,0,0,0.12359256
55000900095919,2020-10-06,0,0,0.115224764
55000900095919,2020-10-07,0,0,0.12432703
55000900095919,2020-10-08,0,0,0.12236006
55000900095919,2020-10-09,0,0,0.12082885
55000900095919,2020-10-10,1,0,0.12182216
55000900095919,2020-10-11,1,0,0.12197816
55000900095919,2020-10-12,1,0,0.12173705
55000900095919,2020-10-13,1,0,0.585738
55000900095919,2020-10-14,1,0,0.6433635
55000900095919,2020-10-15,1,0,0.72735935
55000900095919,2020-10-16,1,0,0.7267994
55000900095919,2020-10-17,1,0,0.79314834
55000900095919,2020-10-18,0,0,0.84101903
55000900095919,2020-10-19,0,0,0.8436639
55000900095919,2020-10-20,0,0,0.82941836
55000900095919,2020-10-21,0,0,0.08337596
55000900095919,2020-10-22,0,0,0.12669472
55000900095919,2020-10-23,0,0,0.14045852
55000900095919,2020-10-24,1,0,0.11678511
55000900095919,2020-10-25,0,0,0.12142719
55000900095919,2020-10-26,0,0,0.11655538
55000900095919,2020-10-27,0,0,0.554927
55000900095919,2020-10-28,0,0,0.16743217
55000900095919,2020-10-29,0,0,0.19291598
55000900095919,2020-10-30,0,0,0.17194226
55000900095919,2020-10-31,0,0,0.14235094
55000900095919,2020-11-01,0,0,0.15762646
55000900095919,2020-11-02,0,0,0.16157438
55000900095919,2020-11-03,0,0,0.16257204
55000900095919,2020-11-04,0,0,0.16517235
55000900095919,2020-11-05,1,0,0.16836724
55000900095919,2020-11-06,1,0,0.16834648
55000900095919,2020-11-07,1,0,0.16478749
55000900095919,2020-11-08,1,0,0.61519396
55000900095919,2020-11-09,1,0,0.6312336
55000900095919,2020-11-10,1,0,0.7343639
55000900095919,2020-11-11,1,0,0.69587773
55000900095919,2020-11-12,1,0,0.73338366
55000900095919,2020-11-13,1,0,0.795366
55000900095919,2020-11-14,1,0,0.82957816
55000900095919,2020-11-15,1,0,0.83227247
55000900095919,2020-11-16,1,0,0.8205148
55000900095919,2020-11-17,1,0,0.80906624
55000900095919,2020-11-18,1,0,0.8023304
55000900095919,2020-11-19,1,0,0.79872197
55000900095919,2020-11-20,1,0,0.79841065
55000900095919,2020-11-21,1,0,0.79757375
55000900095919,2020-11-22,1,0,0.7586311
55000900095919,2020-11-23,1,0,0.7498484
55000900095919,2020-11-24,1,0,0.7465657
55000900095919,2020-11-25,1,0,0.75522393
55000900095919,2020-11-26,1,0,0.75412446
55000900095919,2020-11-27,1,0,0.7600061
55000900095919,2020-11-28,1,0,0.76533353
55000900095919,2020-11-29,1,0,0.77117974
55000900095919,2020-11-30,1,0,0.77298623
55000900095919,2020-12-01,1,0,0.7825301
55000900095919,2020-12-03,1,0,0.7862294
55000900095919,2020-12-04,1,0,0.7780498
55000900095919,2020-12-05,1,0,0.7356395
55000900095919,2020-12-06,1,0,0.6766066
55000900095919,2020-12-07,1,0,0.79276776
55000900095919,2020-12-08,1,0,0.6991932
55000900095919,2020-12-09,1,0,0.6991932
55000900095919,2020-12-10,1,0,0.6991932
55000900095919,2020-12-11,1,0,0.6991932
55000900095919,2020-12-12,1,0,0.6991932
55000900095919,2020-12-13,1,0,0.6991932
55000900095919,2020-12-14,1,0,0.6991932
55000900095919,2020-12-15,1,0,0.6991932
55000900095919,2020-12-16,1,0,0.6991932
55000900095919,2020-12-17,1,0,0.6991932
55000900095919,2020-12-18,1,0,0.6991932
55000900095919,2020-12-19,1,0,0.6991932
55000900095919,2020-12-20,1,0,0.6991932
55000900095919,2020-12-21,1,0,0.6991932
55000900095919,2020-12-22,1,0,0.6991932
55000900095919,2020-12-23,1,0,0.6991932
55000900095919,2020-12-24,1,0,0.6991932
55000900095919,2020-12-25,1,0,0.6991932
55000900095919,2020-12-26,1,0,0.6991932
55000900095919,2020-12-27,1,0,0.6991932
55000900095919,2020-12-28,1,0,0.6991932
55000900095919,2020-12-29,1,0,0.6991932
55000900095919,2020-12-30,1,0,0.6991932
55000900095919,2020-12-31,1,0,0.6991932
55000900095919,2021-01-01,1,0,0.6991932
55000900095919,2021-01-02,1,0,0.6991932
55000900095919,2021-01-03,1,0,0.6991932
55000900095919,2021-01-04,1,0,0.6991932
55000900095919,2021-01-05,1,0,0.6991932
55000900095919,2021-01-06,1,0,0.6991932
55000900095919,2021-01-07,1,0,0.6991932
55000900095919,2021-01-08,1,0,0.6991932
55000900095919,2021-01-09,1,0,0.6991932
55000900095919,2021-01-10,1,0,0.6991932
55000900095919,2021-01-11,1,0,0.6991932
55000900095919,2021-01-12,1,0,0.6991932
55000900095919,2021-01-13,1,0,0.6991932
55000900095919,2021-01-14,1,0,0.6991932
55000900095919,2021-01-15,1,0,0.6991932
55000900095919,2021-01-16,1,0,0.6991932
55000900095919,2021-01-17,1,0,0.6991932
55000900095919,2021-01-18,1,0,0.6991932
55000900095919,2021-01-19,1,0,0.6991932
55000900095919,2021-01-20,1,0,0.6991932
55000900095919,2021-01-21,1,0,0.6991932
55000900095919,2021-01-22,1,0,0.6991932
55000900095919,2021-01-23,1,0,0.6991932
55000900095919,2021-01-24,1,0,0.6991932
55000900095919,2021-01-25,1,0,0.6991932
55000900095919,2021-01-26,1,0,0.6991932
55000900095919,2021-01-27,1,0,0.6991932
55000900095919,2021-01-28,1,0,0.6991932
55000900095919,2021-01-29,1,0,0.6991932
55000900095919,2021-01-30,1,0,0.6991932
55000900095919,2021-01-31,1,0,0.6991932
55000900095919,2021-02-01,1,0,0.6991932
55000900095919,2021-02-02,1,0,0.6991932
55000900095919,2021-02-03,1,0,0.6991932
55000900095919,2021-02-04,1,0,0.6991932
55000900095919,2021-02-05,1,0,0.6991932
55000900095919,2021-02-06,1,0,0.6991932
55000900095919,2021-02-07,1,0,0.6991932
55000900095919,2021-02-08,1,0,0.6991932
55000900095919,2021-02-09,1,0,0.6991932
55000900095919,2021-02-10,1,0,0.6991932
55000900095919,2021-02-11,1,0,0.6991932
55000900095919,2021-02-12,1,0,0.6991932
55000900095919,2021-02-13,1,0,0.6991932
55000900095919,2021-02-14,1,0,0.6991932
55000900095919,2021-02-15,1,0,0.6991932
55000900095919,2021-02-16,1,0,0.6991932
55000900095919,2021-02-17,1,0,0.6991932
55000900095919,2021-02-18,1,0,0.6991932
55000900095919,2021-02-19,1,0,0.6991932
55000900095919,2021-02-20,1,0,0.6991932
55000900095919,2021-02-21,1,0,0.6991932
55000900095919,2021-02-22,1,0,0.6991932
55000900095919,2021-02-23,1,0,0.6991932
55000900095919,2021-02-24,1,0,0.6991932
55000900095919,2021-02-25,1,0,0.6991932
55000900095919,2021-02-26,1,0,0.6991932
55000900095919,2021-02-27,1,0,0.6991932
55000900095919,2021-02-28,1,0,0.6991932
55000900095919,2021-03-01,1,0,0.6991932
55000900095919,2021-03-02,1,0,0.6991932
55000900095919,2021-03-03,1,0,0.6991932
55000900095919,2021-03-04,1,0,0.6991932
55000900095919,2021-03-05,1,0,0.6991932
55000900095919,2021-03-06,1,0,0.6991932
55000900095919,2021-03-07,1,0,0.6991932
55000900095919,2021-03-08,1,0,0.6991932
55000900095919,2021-03-09,1,0,0.6991932
55000900095919,2021-03-10,1,0,0.6991932
55000900095919,2021-03-11,1,0,0.6991932
55000900095919,2021-03-12,1,0,0.6991932
55000900095919,2021-03-13,1,0,0.6991932
55000900095919,2021-03-15,1,0,0.6991932
55000900095919,2021-03-16,1,0,0.6991932
55000900095919,2021-03-17,1,0,0.6991932
55000900095919,2021-03-18,1,0,0.6991932
55000900095919,2021-03-19,1,0,0.6991932
55000900095919,2021-03-20,1,0,0.6991932
55000900095919,2021-03-21,1,0,0.6991932
55000900095919,2021-03-22,1,0,0.6991932
55000900095919,2021-03-23,1,0,0.6991932
55000900095919,2021-03-24,1,0,0.6991932
55000900095919,2021-03-25,1,0,0.6991932
55000900095919,2021-03-26,1,0,0.6991932
55000900095919,2021-03-27,1,0,0.6991932
55000900095919,2021-03-28,1,0,0.6991932
55000900095919,2021-03-29,1,0,0.6991932
55000900095919,2021-03-30,1,0,0.6991932
55000900095919,2021-03-31,1,0,0.6991932
55000900095919,2021-04-01,1,0,0.6991932
55000900095919,2021-04-02,1,0,0.6991932
55000900095919,2021-04-03,1,0,0.6991932
55000900095919,2021-04-04,1,0,0.6991932
55000900095919,2021-04-05,1,0,0.6991932
55000900095919,2021-04-06,1,0,0.6991932
55000900095919,2021-04-07,1,0,0.6991932
55000900095919,2021-04-08,1,0,0.6991932
55000900095919,2021-04-09,1,0,0.6991932
55000900095919,2021-04-10,1,0,0.6991932
55000900095919,2021-04-11,1,0,0.6991932
55000900095919,2021-04-12,1,0,0.6991932
55000900095919,2021-04-13,1,0,0.6991932
55000900095919,2021-04-14,1,0,0.6991932
55000900095919,2021-04-15,1,0,0.6991932
55000900095919,2021-04-16,1,0,0.6991932
55000900095919,2021-04-17,1,0,0.6991932
55000900095919,2021-04-18,1,0,0.6991932
55000900095919,2021-04-19,1,0,0.6991932
55000900095919,2021-04-20,1,0,0.6991932
55000900095919,2021-04-21,1,0,0.6991932
55000900095919,2021-04-22,1,0,0.6991932
55000900095919,2021-04-23,1,0,0.6991932
55000900095919,2021-04-24,1,0,0.6991932
55000900095919,2021-04-25,1,0,0.6991932
55000900095919,2021-04-26,1,0,0.6991932
55000900095919,2021-04-27,1,0,0.6991932
55000900095919,2021-04-28,1,0,0.6991932
55000900095919,2021-04-29,1,0,0.6991932
55000900095919,2021-04-30,1,0,0.6991932
55000900095919,2021-05-01,1,0,0.6991932
55000900095919,2021-05-02,1,0,0.6991932
55000900095919,2021-05-03,1,0,0.6991932
55000900095919,2021-05-04,1,0,0.6991932
55000900095919,2021-05-05,1,0,0.6991932
55000900095919,2021-05-06,1,0,0.6991932
55000900095919,2021-05-07,1,0,0.6991932
55000900095919,2021-05-08,1,0,0.6991932
55000900095919,2021-05-09,1,0,0.6991932
55000900095919,2021-05-10,1,0,0.6991932
55000900095919,2021-05-11,1,0,0.6991932
55000900095919,2021-05-12,1,0,0.6991932
55000900095919,2021-05-13,1,0,0.6991932
55000900095919,2021-05-14,1,0,0.6991932
55000900095919,2021-05-15,1,0,0.6991932
55000900095919,2021-05-16,1,0,0.6991932
55000900095919,2021-05-17,1,0,0.6991932
55000900095919,2021-05-18,1,0,0.6991932
55000900095919,2021-05-19,1,0,0.6991932
55000900095919,2021-05-20,1,0,0.6991932
55000900095919,2021-05-21,1,0,0.6991932
55000900095919,2021-05-22,1,0,0.6991932
55000900095919,2021-05-23,1,0,0.6991932
55000900095919,2021-05-24,1,0,0.6991932
55000900095919,2021-05-26,1,0,0.6991932
55000900095919,2021-05-27,1,0,0.6991932
55000900095919,2021-05-28,1,0,0.6991932
55000900095919,2021-05-29,1,0,0.6991932
55000900095919,2021-05-30,1,0,0.6991932
55000900095919,2021-05-31,1,0,0.6991932
55000900095919,2021-06-01,1,0,0.6991932
55000900095919,2021-06-02,1,0,0.6991932
55000900095919,2021-06-03,1,0,0.6991932
55000900095919,2021-06-04,1,0,0.6991932
55000900095919,2021-06-05,1,0,0.6991932
55000900095919,2021-06-06,1,0,0.6991932
55000900095919,2021-06-07,1,0,0.6991932
55000900095919,2021-06-08,1,0,0.6991932
55000900095919,2021-06-09,1,0,0.6991932
55000900095919,2021-06-10,1,0,0.6991932
55000900095919,2021-06-11,1,0,0.6991932
55000900095919,2021-06-12,1,0,0.6991932
55000900095919,2021-06-13,1,0,0.6991932
55000900095919,2021-06-14,1,0,0.6991932
55000900095919,2021-06-15,1,0,0.6991932
55000900095919,2021-06-16,1,0,0.6991932
55000900095919,2021-06-17,1,0,0.6991932
55000900095919,2021-06-18,1,0,0.6991932
55000900095919,2021-06-19,1,0,0.6991932
55000900095919,2021-06-20,1,0,0.6991932
55000900095919,2021-06-21,1,0,0.6991932
55000900095919,2021-06-22,1,0,0.6991932
55000900095919,2021-06-23,1,0,0.6991932
55000900095919,2021-06-24,1,0,0.6991932
55000900095919,2021-06-25,1,0,0.6991932
55000900095919,2021-06-26,1,0,0.6991932
55000900095919,2021-06-27,1,0,0.6991932
55000900095919,2021-06-28,1,0,0.6991932
55000900095919,2021-06-29,1,0,0.6991932
55000900095919,2021-06-30,1,0,0.6991932
55000900095919,2021-07-01,1,0,0.6991932
55000900095919,2021-07-02,1,0,0.6991932
55000900095919,2021-07-03,1,0,0.6991932
55000900095919,2021-07-04,1,0,0.6991932
55000900095919,2021-07-05,1,0,0.6991932
55000900095919,2021-07-06,1,0,0.6991932
55000900095919,2021-07-07,1,0,0.6991932
55000900095919,2021-07-08,1,0,0.6991932
55000900095919,2021-07-09,1,0,0.6991932
55000900095919,2021-07-10,1,0,0.6991932
55000900095919,2021-07-11,1,0,0.6991932
55000900095919,2021-07-12,1,0,0.6991932
55000900095919,2021-07-13,1,0,0.6991932
55000900095919,2021-07-14,1,0,0.6991932
55000900095919,2021-07-15,1,0,0.6991932
55000900095919,2021-07-16,1,0,0.6991932
55000900095919,2021-07-17,1,0,0.6991932
55000900095919,2021-07-18,1,0,0.6991932
55000900095919,2021-07-19,1,0,0.6991932
55000900095919,2021-07-20,1,0,0.6991932
55000900095919,2021-07-21,1,0,0.6991932
55000900095919,2021-07-22,1,0,0.6991932
55000900095919,2021-07-23,1,0,0.6991932
55000900095919,2021-07-24,1,0,0.6991932
55000900095919,2021-07-25,1,0,0.6991932
55000900095919,2021-07-26,1,0,0.6991932
55000900095919,2021-07-27,1,0,0.6991932
55000900095919,2021-07-28,1,0,0.6991932
55000900095919,2021-07-29,1,0,0.6991932
55000900095919,2021-07-30,1,0,0.6991932
55000900095919,2021-07-31,1,0,0.6991932
55000900095919,2021-08-01,1,0,0.6991932
55000900095919,2021-08-02,1,0,0.6991932
55000900095919,2021-08-03,1,0,0.6991932
55000900095919,2021-08-04,1,0,0.6991932
55000900095919,2021-08-05,1,0,0.6991932
55000900095919,2021-08-06,1,0,0.6991932
55000900095919,2021-08-07,1,0,0.6991932
55000900095919,2021-08-08,0,0,0.6991932
55000900095919,2021-08-09,0,0,0.6991932
55000900095919,2021-08-10,0,0,0.6991932
55000900095919,2021-08-11,0,0,0.026564967
55000900095919,2021-08-12,0,0,0.012457723
55000900095919,2021-08-13,0,0,0.016903015
55000900095919,2021-08-14,0,0,0.023863293
55000900095919,2021-08-15,0,0,0.026170282
55000900095919,2021-08-16,0,0,0.025780767
55000900095919,2021-08-17,0,0,0.024664415
55000900095919,2021-08-19,0,0,0.024661375
55000900095919,2021-08-20,0,0,0.024093725
55000900095919,2021-08-21,0,0,0.023722257
55000900095919,2021-08-22,0,0,0.023134317
55000900095919,2021-08-23,0,0,0.022794817
55000900095919,2021-08-24,0,0,0.022204645
55000900095919,2021-08-25,0,0,0.02178676
55000900095919,2021-08-26,0,0,0.02119488
55000900095919,2021-08-27,0,0,0.020727634
55000900095919,2021-08-28,0,0,0.020146864
55000900095919,2021-08-29,0,0,0.019709222
55000900095919,2021-08-30,0,0,0.019248703
55000900095919,2021-08-31,0,0,0.018934097
55000900095919,2021-09-01,0,0,0.018632472
55000900095919,2021-09-02,0,0,0.01851031
55000900095919,2021-09-03,0,0,0.018564828
55000900095919,2021-09-04,0,0,0.018949073
55000900095919,2021-09-05,0,0,0.019479085
55000900095919,2021-09-06,0,0,0.01996635
55000900095919,2021-09-07,0,0,0.020368677
55000900095919,2021-09-08,0,0,0.021930972
55000900095919,2021-09-09,0,0,0.027499992
55000900095919,2021-09-10,0,0,0.03500061
55000900095919,2021-09-11,0,0,0.03500061
55000900095919,2021-09-12,0,0,0.03500061
55000900095919,2021-09-13,0,0,0.03500061
55000900095919,2021-09-14,0,0,0.03500061
55000900095919,2021-09-15,0,0,0.03500061
55000900095919,2021-09-16,0,0,0.03500061
55000900095919,2021-09-17,0,0,0.03500061
55000900095919,2021-09-18,1,0,0.03500061
55000900095919,2021-09-19,1,0,0.03500061
55000900095919,2021-09-20,1,0,0.03500061
55000900095919,2021-09-21,1,0,0.22269872
55000900095919,2021-09-22,1,0,0.12046858
55000900095919,2021-09-23,1,0,0.21407239
55000900095919,2021-09-24,1,0,0.28926635
55000900095919,2021-09-25,1,0,0.34372053
55000900095919,2021-09-26,1,0,0.35897622
55000900095919,2021-09-27,1,0,0.36713424
55000900095919,2021-09-28,1,0,0.372731
55000900095919,2021-09-29,1,0,0.38030177
55000900095919,2021-09-30,1,0,0.40815607
55000900095919,2021-10-01,1,0,0.5386057
55000900095919,2021-10-02,1,0,0.6737385
55000900095919,2021-10-03,1,0,0.72704387
55000900095919,2021-10-04,1,0,0.740016
55000900095919,2021-10-05,1,0,0.74085325
55000900095919,2021-10-06,1,0,0.7411282
55000900095919,2021-10-07,1,0,0.7441554
55000900095919,2021-10-08,1,0,0.749313
55000900095919,2021-10-09,1,0,0.75412446
55000900095919,2021-10-10,1,0,0.7600061
55000900095919,2021-10-11,1,0,0.76533353
55000900095919,2021-10-12,1,0,0.77117974
55000900095919,2021-10-13,1,0,0.77298623
55000900095919,2021-10-14,1,0,0.7825301
55000900095919,2021-10-15,1,0,0.7862294
55000900095919,2021-10-16,1,0,0.7780498
55000900095919,2021-10-17,1,0,0.7356395
55000900095919,2021-10-18,1,0,0.6766066
55000900095919,2021-10-19,1,0,0.79276776
55000900095919,2021-10-20,1,0,0.6991932
55000900095919,2021-10-21,1,0,0.6991932
55000900095919,2021-10-22,1,0,0.6991932
55000900095919,2021-10-23,1,0,0.6991932
55000900095919,2021-10-24,1,0,0.6991932
55000900095919,2021-10-25,1,0,0.6991932
55000900095919,2021-10-26,1,0,0.6991932
55000900095919,2021-10-27,1,0,0.6991932
55000900095919,2021-10-28,1,0,0.6991932
55000900095919,2021-10-29,1,0,0.6991932
55000900095919,2021-10-30,1,0,0.6991932
55000900095919,2021-10-31,1,0,0.6991932
55000900095919,2021-11-01,1,0,0.6991932
55000900095919,2021-11-02,1,0,0.6991932
55000900095919,2021-11-03,1,0,0.6991932
55000900095919,2021-11-04,1,0,0.6991932
55000900095919,2021-11-05,1,0,0.6991932
55000900095919,2021-11-06,1,0,0.6991932
55000900095919,2021-11-07,1,0,0.6991932
55000900095919,2021-11-08,1,0,0.6991932
55000900095919,2021-11-09,1,0,0.6991932
55000900095919,2021-11-10,1,0,0.6991932
55000900095919,2021-11-11,1,0,0.6991932
55000900095919,2021-11-12,1,0,0.6991932
55000900095919,2021-11-13,1,0,0.6991932
55000900095919,2021-11-14,1,0,0.6991932
55000900095919,2021-11-15,1,0,0.6991932
55000900095919,2021-11-16,1,0,0.6991932
55000900095919,2021-11-17,1,0,0.6991932
55000900095919,2021-11-18,1,0,0.6991932
55000900095919,2021-11-19,1,0,0.6991932
55000900095919,2021-11-20,1,0,0.6991932
55000900095919,2021-11-21,1,0,0.6991932
55000900095919,2021-11-22,1,0,0.6991932
55000900095919,2021-11-23,1,0,0.6991932
55000900095919,2021-11-24,1,0,0.6991932
55000900095919,2021-11-25,1,0,0.6991932
55000900095919,2021-11-26,1,0,0.6991932
55000900095919,2021-11-27,1,0,0.6991932
55000900095919,2021-11-28,1,0,0.6991932
55000900095919,2021-11-29,1,0,0.6991932
55000900095919,2021-11-30,1,0,0.6991932
55000900095919,2021-12-01,1,0,0.6991932
55000900095919,2021-12-02,1,0,0.6991932
55000900095919,2021-12-03,1,0,0.6991932
55000900095919,2021-12-04,1,0,0.6991932
55000900095919,2021-12-05,1,0,0.6991932
55000900095919,2021-12-06,1,0,0.6991932
55000900095919,2021-12-07,1,0,0.6991932
55000900095919,2021-12-08,1,0,0.6991932
55000900095919,2021-12-09,1,0,0.6991932
55000900095919,2021-12-10,1,0,0.6991932
55000900095919,2021-12-11,1,0,0.6991932
55000900095919,2021-12-12,1,0,0.6991932
55000900095919,2021-12-13,1,0,0.6991932
55000900095919,2021-12-14,1,0,0.6991932
55000900095919,2021-12-15,1,0,0.6991932
55000900095919,2021-12-16,1,0,0.6991932
55000900095919,2021-12-17,1,0,0.6991932
55000900095919,2021-12-18,1,0,0.6991932
55000900095919,2021-12-19,1,0,0.6991932
55000900095919,2021-12-20,1,0,0.6991932
55000900095919,2021-12-21,1,0,0.6991932
55000900095919,2021-12-22,1,0,0.6991932
55000900095919,2021-12-23,1,0,0.6991932
55000900095919,2021-12-24,1,0,0.6991932
55000900095919,2021-12-25,1,0,0.6991932
55000900095919,2021-12-26,1,0,0.6991932
55000900095919,2021-12-27,1,0,0.6991932
55000900095919,2021-12-28,1,0,0.6991932
55000900095919,2021-12-29,1,0,0.6991932
55000900095919,2021-12-30,1,0,0.6991932
55000900095919,2021-12-31,1,0,0.6991932
55000900095919,2022-01-01,1,0,0.6991932
55000900095919,2022-01-02,1,0,0.6991932
55000900095919,2022-01-03,1,0,0.6991932
55000900095919,2022-01-04,1,0,0.6991932
55000900095919,2022-01-05,1,0,0.6991932
55000900095919,2022-01-06,1,0,0.6991932
55000900095919,2022-01-07,1,0,0.6991932
55000900095919,2022-01-08,1,0,0.6991932
55000900095919,2022-01-09,1,0,0.6991932
55000900095919,2022-01-10,1,0,0.6991932
55000900095919,2022-01-11,1,0,0.6991932
55000900095919,2022-01-12,1,0,0.6991932
55000900095919,2022-01-13,1,0,0.6991932
55000900095919,2022-01-14,1,0,0.6991932
55000900095919,2022-01-15,1,0,0.6991932
55000900095919,2022-01-16,1,0,0.6991932
55000900095919,2022-01-17,1,0,0.6991932
55000900095919,2022-01-18,1,0,0.6991932
55000900095919,2022-01-19,1,0,0.6991932
55000900095919,2022-01-20,1,0,0.6991932
55000900095919,2022-01-21,1,0,0.6991932
55000900095919,2022-01-22,1,0,0.6991932
55000900095919,2022-01-23,1,0,0.6991932
55000900095919,2022-01-24,1,0,0.6991932
55000900095919,2022-01-25,1,0,0.6991932
55000900095919,2022-01-26,1,0,0.6991932
55000900095919,2022-01-27,1,0,0.6991932
55000900095919,2022-01-28,1,0,0.6991932
55000900095919,2022-01-29,1,0,0.6991932
55000900095919,2022-01-30,1,0,0.6991932
55000900095919,2022-01-31,1,0,0.6991932
55000900095919,2022-02-01,1,0,0.6991932
55000900095919,2022-02-02,1,0,0.6991932
55000900095919,2022-02-03,1,0,0.6991932
55000900095919,2022-02-04,1,0,0.6991932
55000900095919,2022-02-05,1,0,0.6991932
55000900095919,2022-02-06,1,0,0.6991932
55000900095919,2022-02-07,1,0,0.6991932
55000900095919,2022-02-08,1,0,0.6991932
55000900095919,2022-02-09,1,0,0.6991932
55000900095919,2022-02-10,1,0,0.6991932
55000900095919,2022-02-11,1,0,0.6991932
55000900095919,2022-02-12,1,0,0.6991932
55000900095919,2022-02-13,1,0,0.6991932
55000900095919,2022-02-14,1,0,0.6991932
55000900095919,2022-02-15,1,0,0.6991932
55000900095919,2022-02-16,1,0,0.6991932
55000900095919,2022-02-17,1,0,0.6991932
55000900095919,2022-02-18,1,0,0.6991932
55000900095919,2022-02-19,1,0,0.6991932
55000900095919,2022-02-20,1,0,0.6991932
55000900095919,2022-02-21,1,0,0.6991932
55000900095919,2022-02-22,1,0,0.6991932
55000900095919,2022-02-23,1,0,0.6991932
55000900095919,2022-02-24,1,0,0.6991932
55000900095919,2022-02-25,1,0,0.6991932
55000900095919,2022-02-26,1,0,0.6991932
55000900095919,2022-02-27,1,0,0.6991932
55000900095919,2022-02-28,1,0,0.6991932
55000900095919,2022-03-01,1,0,0.6991932
55000900095919,2022-03-02,1,0,0.6991932
55000900095919,2022-03-03,1,0,0.6991932
55000900095919,2022-03-04,1,0,0.6991932
55000900095919,2022-03-05,1,0,0.6991932
55000900095919,2022-03-06,1,0,0.6991932
55000900095919,2022-03-07,1,0,0.6991932
55000900095919,2022-03-08,1,0,0.6991932
55000900095919,2022-03-09,1,0,0.6991932
55000900095919,2022-03-10,1,0,0.6991932
55000900095919,2022-03-11,1,0,0.6991932
55000900095919,2022-03-12,1,0,0.6991932
55000900095919,2022-03-14,1,0,0.6991932
55000900095919,2022-03-15,1,0,0.6991932
55000900095919,2022-03-16,1,0,0.6991932
55000900095919,2022-03-17,1,0,0.6991932
55000900095919,2022-03-18,1,0,0.6991932
55000900095919,2022-03-19,1,0,0.6991932
55000900095919,2022-03-20,1,0,0.6991932
55000900095919,2022-03-21,1,0,0.6991932
55000900095919,2022-03-22,1,0,0.6991932
55000900095919,2022-03-23,1,0,0.6991932
55000900095919,2022-03-24,1,0,0.6991932
55000900095919,2022-03-25,1,0,0.6991932
55000900095919,2022-03-26,1,0,0.6991932
55000900095919,2022-03-27,1,0,0.6991932
55000900095919,2022-03-28,1,0,0.6991932
55000900095919,2022-03-29,1,0,0.6991932
55000900095919,2022-03-30,1,0,0.6991932
55000900095919,2022-03-31,1,0,0.6991932
55000900095919,2022-04-01,1,0,0.6991932
55000900095919,2022-04-02,1,0,0.6991932
55000900095919,2022-04-03,1,0,0.6991932
55000900095919,2022-04-04,1,0,0.6991932
55000900095919,2022-04-05,1,0,0.6991932
55000900095919,2022-04-06,1,0,0.6991932
55000900095919,2022-04-07,1,0,0.6991932
55000900095919,2022-04-08,1,0,0.6991932
55000900095919,2022-04-09,1,0,0.6991932
55000900095919,2022-04-10,1,0,0.6991932
55000900095919,2022-04-11,1,0,0.6991932
55000900095919,2022-04-12,1,0,0.6991932
55000900095919,2022-04-13,1,0,0.6991932
55000900095919,2022-04-14,1,0,0.6991932
55000900095919,2022-04-15,1,0,0.6991932
55000900095919,2022-04-16,1,0,0.6991932
55000900095919,2022-04-17,1,0,0.6991932
55000900095919,2022-04-18,1,0,0.6991932
55000900095919,2022-04-19,1,0,0.6991932
55000900095919,2022-04-20,1,0,0.6991932
55000900095919,2022-04-21,1,0,0.6991932
55000900095919,2022-04-22,1,0,0.6991932
55000900095919,2022-04-23,1,0,0.6991932
55000900095919,2022-04-24,1,0,0.6991932
55000900095919,2022-04-25,1,0,0.6991932
55000900095919,2022-04-26,1,0,0.6991932
55000900095919,2022-04-27,1,0,0.6991932
55000900095919,2022-04-28,1,0,0.6991932
55000900095919,2022-04-29,1,0,0.6991932
55000900095919,2022-04-30,1,0,0.6991932
55000900095919,2022-05-01,1,0,0.6991932
55000900095919,2022-05-02,1,0,0.6991932
55000900095919,2022-05-03,1,0,0.6991932
55000900095919,2022-05-04,1,0,0.6991932
55000900095919,2022-05-05,1,0,0.6991932
55000900095919,2022-05-06,1,0,0.6991932
55000900095919,2022-05-07,1,0,0.6991932
55000900095919,2022-05-08,1,0,0.6991932
55000900095919,2022-05-09,1,0,0.6991932
55000900095919,2022-05-10,1,0,0.6991932
55000900095919,2022-05-11,1,0,0.6991932
55000900095919,2022-05-12,1,0,0.6991932
55000900095919,2022-05-13,1,0,0.6991932
55000900095919,2022-05-14,1,0,0.6991932
55000900095919,2022-05-15,1,0,0.6991932
55000900095919,2022-05-16,1,0,0.6991932
55000900095919,2022-05-17,1,0,0.6991932
55000900095919,2022-05-18,1,0,0.6991932
55000900095919,2022-05-19,1,0,0.6991932
55000900095919,2022-05-20,1,0,0.6991932
55000900095919,2022-05-21,1,0,0.6991932
55000900095919,2022-05-22,1,0,0.6991932
55000900095919,2022-05-23,1,0,0.6991932
55000900095919,2022-05-24,1,0,0.6991932
55000900095919,2022-05-25,1,0,0.6991932
55000900095919,2022-05-26,1,0,0.6991932
55000900095919,2022-05-27,1,0,0.6991932
55000900095919,2022-05-28,1,0,0.6991932
55000900095919,2022-05-29,1,0,0.6991932
55000900095919,2022-05-30,1,0,0.6991932
55000900095919,2022-05-31,1,0,0.6991932
55000900095919,2022-06-01,1,0,0.6991932
55000900095919,2022-06-02,1,0,0.6991932
55000900095919,2022-06-03,1,0,0.6991932
55000900095919,2022-06-04,1,0,0.6991932
55000900095919,2022-06-05,1,0,0.6991932
55000900095919,2022-06-06,1,0,0.6991932
55000900095919,2022-06-07,1,0,0.6991932
55000900095919,2022-06-08,1,0,0.6991932
55000900095919,2022-06-09,1,0,0.6991932
55000900095919,2022-06-10,1,0,0.6991932
55000900095919,2022-06-11,1,0,0.6991932
55000900095919,2022-06-12,1,0,0.6991932
55000900095919,2022-06-13,1,0,0.6991932
55000900095919,2022-06-14,1,0,0.6991932
55000900095919,2022-06-15,1,0,0.6991932
55000900095919,2022-06-16,1,0,0.6991932
55000900095919,2022-06-17,1,0,0.6991932
55000900095919,2022-06-18,1,0,0.6991932
55000900095919,2022-06-19,1,0,0.6991932
55000900095919,2022-06-20,1,0,0.6991932
55000900095919,2022-06-21,1,0,0.6991932
55000900095919,2022-06-22,1,0,0.6991932
55000900095919,2022-06-23,1,0,0.6991932
55000900095919,2022-06-24,1,0,0.6991932
55000900095919,2022-06-25,1,0,0.6991932
55000900095919,2022-06-26,1,0,0.6991932
55000900095919,2022-06-27,1,0,0.6991932
55000900095919,2022-06-28,1,0,0.6991932
55000900095919,2022-06-29,1,0,0.6991932
55000900095919,2022-06-30,1,0,0.6991932
55000900095919,2022-07-01,1,0,0.6991932
55000900095919,2022-07-02,1,0,0.6991932
55000900095919,2022-07-03,1,0,0.6991932
55000900095919,2022-07-04,1,0,0.6991932
55000900095919,2022-07-05,1,0,0.6991932
55000900095919,2022-07-06,1,0,0.6991932
55000900095919,2022-07-07,1,0,0.6991932
55000900095919,2022-07-08,1,0,0.6991932
55000900095919,2022-07-09,1,0,0.6991932
55000900095919,2022-07-10,1,0,0.6991932
55000900095919,2022-07-11,1,0,0.6991932
55000900095919,2022-07-12,1,0,0.6991932
55000900095919,2022-07-13,1,0,0.6991932
55000900095919,2022-07-14,1,0,0.6991932
55000900095919,2022-07-15,1,0,0.6991932
55000900095919,2022-07-16,1,0,0.6991932
55000900095919,2022-07-17,1,0,0.6991932
55000900095919,2022-07-18,1,0,0.6991932
55000900095919,2022-07-19,1,0,0.6991932
55000900095919,2022-07-20,1,0,0.6991932
55000900095919,2022-07-21,1,0,0.6991932
55000900095919,2022-07-22,1,0,0.6991932
55000900095919,2022-07-23,1,0,0.6991932
55000900095919,2022-07-24,1,0,0.6991932
55000900095919,2022-07-25,1,0,0.6991932
55000900095919,2022-07-26,1,0,0.6991932
55000900095919,2022-07-27,1,0,0.6991932
55000900095919,2022-07-28,1,0,0.6991932
55000900095919,2022-07-29,1,0,0.6991932
55000900095919,2022-07-30,1,0,0.6991932
55000900095919,2022-07-31,1,0,0.6991932
55000900095919,2022-08-01,1,0,0.6991932
55000900095919,2022-08-02,1,0,0.6991932
55000900095919,2022-08-03,1,0,0.6991932
55000900095919,2022-08-04,1,0,0.6991932
55000900095919,2022-08-05,1,0,0.6991932
55000900095919,2022-08-06,1,0,0.6991932
55000900095919,2022-08-07,1,0,0.6991932
55000900095919,2022-08-08,1,0,0.6991932
55000900095919,2022-08-09,1,0,0.6991932
55000900095919,2022-08-10,1,0,0.6991932
55000900095919,2022-08-11,1,0,0.6991932
55000900095919,2022-08-12,1,0,0.6991932
55000900095919,2022-08-13,1,0,0.6991932
55000900095919,2022-08-14,1,0,0.6991932
55000900095919,2022-08-15,1,0,0.6991932
55000900095919,2022-08-16,1,0,0.6991932
55000900095919,2022-08-17,1,0,0.6991932
55000900095919,2022-08-18,1,0,0.6991932
55000900095919,2022-08-19,1,0,0.6991932
55000900095919,2022-08-20,1,0,0.6991932
55000900095919,2022-08-21,1,0,0.6991932
55000900095919,2022-08-22,1,0,0.6991932
55000900095919,2022-08-23,1,0,0.6991932
55000900095919,2022-08-24,1,0,0.6991932
55000900095919,2022-08-25,1,0,0.6991932
55000900095919,2022-08-26,1,0,0.6991932
55000900095919,2022-08-27,1,0,0.6991932
55000900095919,2022-08-28,1,0,0.6991932
55000900095919,2022-08-29,1,0,0.6991932
55000900095919,2022-08-30,1,0,0.6991932
55000900095919,2022-08-31,1,0,0.6991932
55000900095919,2022-09-01,1,0,0.6991932
55000900095919,2022-09-02,1,0,0.6991932
55000900095919,2022-09-03,1,0,0.6991932
55000900095919,2022-09-04,1,0,0.6991932
55000900095919,2022-09-05,1,0,0.6991932
55000900095919,2022-09-06,1,0,0.6991932
55000900095919,2022-09-07,1,0,0.6991932
55000900095919,2022-09-08,1,0,0.6991932
55000900095919,2022-09-09,1,0,0.6991932
55000900095919,2022-09-10,1,0,0.6991932
55000900095919,2022-09-11,1,0,0.6991932
55000900095919,2022-09-12,1,0,0.6991932
55000900095919,2022-09-13,1,0,0.6991932
55000900095919,2022-09-14,1,0,0.6991932
55000900095919,2022-09-15,1,0,0.6991932
55000900095919,2022-09-16,1,0,0.6991932
55000900095919,2022-09-17,1,0,0.6991932
55000900095919,2022-09-18,1,0,0.6991932
55000900095919,2022-09-19,1,0,0.6991932
55000900095919,2022-09-20,1,0,0.6991932
55000900095919,2022-09-21,1,0,0.6991932
55000900095919,2022-09-22,1,0,0.6991932
55000900095919,2022-09-23,1,0,0.6991932
55000900095919,2022-09-24,1,0,0.6991932
55000900095919,2022-09-25,1,0,0.6991932
55000900095919,2022-09-26,1,0,0.6991932
55000900095919,2022-09-27,1,0,0.6991932
55000900095919,2022-09-28,1,0,0.6991932
55000900095919,2022-09-29,1,0,0.6991932
55000900095919,2022-09-30,1,0,0.6991932
55000900095919,2022-10-01,1,0,0.6991932
55000900095919,2022-10-02,1,0,0.6991932
55000900095919,2022-10-03,1,0,0.6991932
55000900095919,2022-10-04,1,0,0.6991932
55000900095919,2022-10-05,1,0,0.6991932
55000900095919,2022-10-06,1,0,0.6991932
55000900095919,2022-10-07,1,0,0.6991932
55000900095919,2022-10-08,1,0,0.6991932
55000900095919,2022-10-09,1,0,0.6991932
55000900095919,2022-10-10,1,0,0.6991932
55000900095919,2022-10-11,1,0,0.6991932
55000900095919,2022-10-12,1,0,0.6991932
55000900095919,2022-10-13,1,0,0.6991932
55000900095919,2022-10-14,1,0,0.6991932
55000900095919,2022-10-15,1,0,0.6991932
55000900095919,2022-10-16,1,0,0.6991932
55000900095919,2022-10-17,1,0,0.6991932
55000900095919,2022-10-18,1,0,0.6991932
55000900095919,2022-10-19,1,0,0.6991932
55000900095919,2022-10-20,1,0,0.6991932
55000900095919,2022-10-21,1,0,0.6991932
55000900095919,2022-10-22,1,0,0.6991932
55000900095919,2022-10-23,1,0,0.6991932
55000900095919,2022-10-24,1,0,0.6991932
55000900095919,2022-10-25,1,0,0.6991932
55000900095919,2022-10-26,1,0,0.6991932
55000900095919,2022-10-27,1,0,0.6991932
55000900095919,2022-10-28,1,0,0.6991932
55000900095919,2022-10-29,1,0,0.6991932
55000900095919,2022-10-30,1,0,0.6991932
55000900095919,2022-10-31,1,0,0.6991932
55000900095919,2022-11-01,1,0,0.6991932
55000900095919,2022-11-02,1,0,0.6991932
55000900095919,2022-11-03,1,0,0.6991932
55000900095919,2022-11-04,1,0,0.6991932
55000900095919,2022-11-05,1,0,0.6991932
55000900095919,2022-11-06,1,0,0.6991932
55000900095919,2022-11-07,1,0,0.6991932
55000900095919,2022-11-08,1,0,0.6991932
55000900095919,2022-11-09,1,0,0.6991932
55000900095919,2022-11-10,1,0,0.6991932
55000900095919,2022-11-11,1,0,0.6991932
55000900095919,2022-11-12,1,0,0.6991932
55000900095919,2022-11-13,1,0,0.6991932
55000900095919,2022-11-14,1,0,0.6991932
55000900095919,2022-11-15,1,0,0.6991932
55000900095919,2022-11-16,1,0,0.6991932
55000900095919,2022-11-17,1,0,0.6991932
55000900095919,2022-11-18,1,0,0.6991932
55000900095919,2022-11-19,1,0,0.6991932
55000900095919,2022-11-20,1,0,0.6991932
55000900095919,2022-11-21,1,0,0.6991932
55000900095919,2022-11-22,1,0,0.6991932
55000900095919,2022-11-23,1,0,0.6991932
55000900095919,2022-11-24,1,0,0.6991932
55000900095919,2022-11-25,1,0,0.6991932
55000900095919,2022-11-26,1,0,0.6991932
55000900095919,2022-11-27,1,0,0.6991932
55000900095919,2022-11-28,1,0,0.6991932
55000900095919,2022-11-29,1,0,0.6991932
55000900095919,2022-11-30,1,0,0.6991932
55000900095919,2022-12-01,1,0,0.6991932
55000900095919,2022-12-02,1,0,0.6991932
55000900095919,2022-12-03,1,0,0.6991932
55000900095919,2022-12-04,1,0,0.6991932
55000900095919,2022-12-05,1,0,0.6991932
55000900095919,2022-12-06,1,0,0.6991932
55000900095919,2022-12-07,1,0,0.6991932
55000900095919,2022-12-08,1,0,0.6991932
55000900095919,2022-12-09,1,0,0.6991932
55000900095919,2022-12-10,1,0,0.6991932
55000900095919,2022-12-11,1,0,0.6991932
55000900095919,2022-12-12,1,0,0.6991932
55000900095919,2022-12-13,1,0,0.6991932
55000900095919,2022-12-14,1,0,0.6991932
55000900095919,2022-12-15,1,0,0.6991932
55000900095919,2022-12-16,1,0,0.6991932
55000900095919,2022-12-17,1,0,0.6991932
55000900095919,2022-12-18,1,0,0.6991932
55000900095919,2022-12-19,1,0,0.6991932
55000900095919,2022-12-20,1,0,0.6991932
55000900095919,2022-12-21,1,0,0.6991932
55000900095919,2022-12-22,1,0,0.6991932
55000900095919,2022-12-23,1,0,0.6991932
55000900095919,2022-12-24,1,0,0.6991932
55000900095919,2022-12-25,1,0,0.6991932
55000900095919,2022-12-26,1,0,0.6991932
55000900095919,2022-12-27,1,0,0.6991932
55000900095919,2022-12-28,1,0,0.6991932
55000900095919,2022-12-29,1,0,0.6991932
55000900095919,2022-12-30,1,0,0.6991932
55000900095919,2022-12-31,1,0,0.6991932
55000900095919,2023-01-01,1,0,0.6991932
55000900095919,2023-01-02,1,0,0.6991932
55000900095919,2023-01-03,1,0,0.6991932
55000900095919,2023-01-04,1,0,0.6991932
55000900095919,2023-01-05,1,0,0.6991932
55000900095919,2023-01-06,1,0,0.6991932
55000900095919,2023-01-07,1,0,0.6991932
55000900095919,2023-01-08,1,0,0.6991932
55000900095919,2023-01-09,1,0,0.6991932
55000900095919,2023-01-10,1,0,0.6991932
55000900095919,2023-01-11,1,0,0.6991932
55000900095919,2023-01-12,1,0,0.6991932
55000900095919,2023-01-13,1,0,0.6991932
55000900095919,2023-01-14,1,0,0.6991932
55000900095919,2023-01-15,1,0,0.6991932
55000900095919,2023-01-16,1,0,0.6991932
55000900095919,2023-01-17,1,0,0.6991932
55000900095919,2023-01-18,1,0,0.6991932
55000900095919,2023-01-19,1,0,0.6991932
55000900095919,2023-01-20,1,0,0.6991932
55000900095919,2023-01-21,1,0,0.6991932
55000900095919,2023-01-22,1,0,0.6991932
55000900096564,2020-09-11,1,9,0.99999917
55000900096564,2020-09-12,1,9,0.9999989
55000900096564,2020-09-13,1,9,0.99999523
55000900096564,2020-09-14,1,9,0.9999949
55000900096564,2020-09-15,1,9,0.9999933
55000900096564,2020-09-16,1,9,0.9999943
55000900096564,2020-09-17,1,9,0.99999225
55000900096564,2020-09-20,1,9,0.9999939
55000900096564,2020-09-21,1,9,0.99999297
55000900096564,2020-09-22,1,9,0.9999933
55000900096564,2020-09-27,1,9,0.99999523
55000900096564,2020-09-28,1,9,0.9999949
55000900096564,2020-09-29,1,9,0.9999945
55000900096564,2020-09-30,1,9,0.99999654
55000900096564,2020-10-01,1,9,0.99999654
55000900096564,2020-10-02,1,9,0.99999833
55000900096564,2020-10-03,1,9,0.99999475
55000900096564,2020-10-04,1,9,0.9999951
55000900096564,2020-10-05,1,9,0.9999951
55000900096564,2020-10-06,1,9,0.99999344
55000900096564,2020-10-07,1,9,0.99999595
55000900096564,2020-10-08,1,9,0.9999976
55000900096564,2020-10-09,1,9,0.99999845
55000900096564,2020-10-11,1,9,0.9999974
55000900096564,2020-10-13,0,9,0.9999975
55000900096564,2020-10-15,1,9,0.99999714
55000900096564,2020-10-16,1,9,0.99999857
55000900096564,2020-10-17,1,9,0.999998
55000900096564,2020-10-18,1,9,0.9999994
55000900096564,2020-10-19,1,9,0.9999999
55000900096564,2020-10-20,1,9,0.99999785
55000900096564,2020-10-22,1,9,0.9999999
55000900096564,2020-10-25,1,9,0.99999976
55000900096564,2020-10-23,1,0,0.9999987
55000900096564,2020-10-25,1,0,0.999997
55000900097164,2020-09-11,0,9,0.0033158343
55000900097164,2020-09-12,0,9,0.00047651882
55000900097164,2020-09-13,0,9,0.0033525736
55000900097164,2020-09-14,0,9,0.12903695
55000900097164,2020-09-15,0,9,0.6231597
55000900097164,2020-09-16,0,9,0.00049389515
55000900097164,2020-09-17,0,9,0.0004826781
55000900097164,2020-09-18,0,9,0.00031051398
55000900097164,2020-09-19,0,9,0.00026675823
55000900097164,2020-09-20,0,9,0.00025280204
55000900097164,2020-09-21,0,9,0.00021525398
55000900097164,2020-09-22,0,9,0.00036595666
55000900097164,2020-09-23,0,9,0.00083732087
55000900097164,2020-09-24,0,9,0.0010387424
55000900097164,2020-09-25,0,9,0.0011159983
55000900097164,2020-09-26,0,9,0.00040076865
55000900097164,2020-09-27,0,9,0.0003214874
55000900097164,2020-09-28,0,9,0.00072385
55000900097164,2020-09-29,0,9,0.0068415576
55000900097164,2020-09-30,0,9,0.00092009443
55000900097164,2020-10-01,0,9,0.0015513094
55000900097164,2020-10-02,0,9,0.0022681907
55000900097164,2020-10-03,0,9,0.0020548042
55000900097164,2020-10-04,0,9,0.0014480394
55000900097164,2020-10-05,0,9,0.0008654254
55000900097164,2020-10-06,0,9,0.0007878333
55000900097164,2020-10-07,0,9,0.0007751195
55000900097164,2020-10-08,0,9,0.0098081175
55000900097164,2020-10-09,0,9,0.0062805
55000900097164,2020-10-11,1,9,0.0014274836
55000900097164,2020-10-12,1,9,0.0011060248
55000900097164,2020-10-13,1,9,0.0005288818
55000900097164,2020-10-14,1,9,0.008155369
55000900097164,2020-10-15,1,9,0.022773838
55000900097164,2020-10-16,1,9,0.2399163
55000900097164,2020-10-17,1,9,0.111586206
55000900097164,2020-10-18,1,9,0.5959703
55000900097164,2020-10-19,1,9,0.8865947
55000900097164,2020-10-20,1,0,0.8103612
55000900097164,2020-10-21,1,0,0.22888301
55000900097169,2020-09-11,0,9,0.0010801099
55000900097169,2020-09-12,0,9,0.00054683647
55000900097169,2020-09-13,0,9,0.0005930643
55000900097169,2020-09-14,0,9,0.00082234637
55000900097169,2020-09-15,0,9,0.0007179357
55000900097169,2020-09-16,0,9,0.0006945288
55000900097169,2020-09-17,0,9,0.0008097058
55000900097169,2020-09-18,0,9,0.000494262
55000900097169,2020-09-19,0,9,0.0005920663
55000900097169,2020-09-20,0,9,0.00054730766
55000900097169,2020-09-21,0,9,0.00059875095
55000900097169,2020-09-22,0,9,0.0005466137
55000900097169,2020-09-23,0,9,0.0005370744
55000900097169,2020-09-24,0,9,0.00062317564
55000900097169,2020-09-25,0,9,0.0005670384
55000900097169,2020-09-26,0,9,0.0008108427
55000900097169,2020-09-27,0,9,0.000562693
55000900097169,2020-09-28,0,9,0.0005878105
55000900097169,2020-09-29,0,9,0.00085521303
55000900097169,2020-09-30,0,9,0.0011484809
55000900097169,2020-10-01,0,9,0.00073560234
55000900097169,2020-10-02,0,9,0.0008369779
55000900097169,2020-10-03,0,9,0.0010500221
55000900097169,2020-10-04,0,9,0.0008395067
55000900097169,2020-10-05,0,9,0.0007786111
55000900097169,2020-10-06,0,9,0.0007728541
55000900097169,2020-10-07,0,9,0.00095001917
55000900097169,2020-10-08,0,9,0.00050075696
55000900097169,2020-10-09,0,9,0.0004176815
55000900097169,2020-10-10,1,9,0.0009067813
55000900097169,2020-10-11,1,9,0.0012880671
55000900097169,2020-10-12,1,9,0.0010364742
55000900097169,2020-10-13,1,9,0.0012781516
55000900097169,2020-10-14,1,9,0.00068258675
55000900097169,2020-10-15,1,9,0.0010811662
55000900097169,2020-10-16,0,9,0.001144402
55000900097169,2020-10-17,0,9,0.00098812
55000900097169,2020-10-18,0,9,0.0015654967
55000900097169,2020-10-19,0,9,0.0011309917
55000900097169,2020-10-20,0,0,0.0022677341
55000900097169,2020-10-21,0,0,0.006235492
55000900097170,2020-09-11,0,9,0.003575794
55000900097170,2020-09-12,0,9,0.00085320545
55000900097170,2020-09-13,0,9,0.001067524
55000900097170,2020-09-14,0,9,0.000698703
55000900097170,2020-09-15,0,9,0.000808545
55000900097170,2020-09-16,0,9,0.0010695078
55000900097170,2020-09-17,0,9,0.00072721316
55000900097170,2020-09-18,0,9,0.0005436235
55000900097170,2020-09-19,0,9,0.0005682627
55000900097170,2020-09-20,0,9,0.00057265436
55000900097170,2020-09-21,0,9,0.0004386266
55000900097170,2020-09-22,0,9,0.00034026627
55000900097170,2020-09-23,0,9,0.00031893956
55000900097170,2020-09-24,0,9,0.00049755245
55000900097170,2020-09-26,0,9,0.0003823947
55000900097170,2020-09-27,0,9,0.00048339035
55000900097170,2020-09-28,0,9,0.00043099298
55000900097170,2020-09-29,0,9,0.00052797113
55000900097170,2020-09-30,0,9,0.0004871292
55000900097170,2020-10-01,0,9,0.0005030826
55000900097170,2020-10-02,0,9,0.00077902863
55000900097170,2020-10-03,0,9,0.001329013
55000900097170,2020-10-04,0,9,0.0018763473
55000900097170,2020-10-05,0,9,0.0016733347
55000900097170,2020-10-06,0,9,0.00048803037
55000900097170,2020-10-07,0,9,0.00052194466
55000900097170,2020-10-08,0,9,0.00082287664
55000900097170,2020-10-09,0,9,0.0008106271
55000900097170,2020-10-10,0,9,0.00038006803
55000900097170,2020-10-11,0,9,0.00044668544
55000900097170,2020-10-12,0,9,0.0003318697
55000900097170,2020-10-13,1,9,0.0018769483
55000900097170,2020-10-14,0,9,0.010044604
55000900097170,2020-10-15,0,9,0.027452873
55000900097170,2020-10-16,0,9,0.031229539
55000900097170,2020-10-17,0,9,0.0018034213
55000900097170,2020-10-18,0,9,0.0005512573
55000900097170,2020-10-19,0,9,0.00020603923
55000900097170,2020-10-20,0,9,0.00017897043
55000900097170,2020-10-21,0,9,0.00052487396
55000900097170,2020-10-22,0,9,0.0011703745
55000900097170,2020-10-23,0,9,0.0008956549
55000900097170,2020-10-24,0,9,0.0006960671
55000900097170,2020-10-25,1,9,0.0006715805
55000900097170,2020-10-26,0,9,0.0008269598
55000900097170,2020-10-27,0,0,0.0008852746
55000900097170,2020-10-28,0,0,0.026290223
55000900098500,2020-09-11,1,0,0.3781051
55000900098500,2020-09-12,1,0,0.5207372
55000900098500,2020-09-13,1,0,0.4865013
55000900098500,2020-09-14,1,0,0.74564916
55000900098500,2020-09-15,1,0,0.7418904
55000900098500,2020-09-16,1,0,0.59036887
55000900098500,2020-09-17,1,0,0.5265662
55000900098500,2020-09-18,1,0,0.5323156
55000900098500,2020-09-19,1,0,0.5443527
55000900098500,2020-09-20,1,0,0.56252116
55000900098500,2020-09-21,1,0,0.75860727
55000900098500,2020-09-22,1,0,0.9816488
55000900098500,2020-09-23,1,0,0.96962637
55000900098500,2020-09-24,1,0,0.98819834
55000900098500,2020-09-25,1,0,0.9908935
55000900098500,2020-09-26,1,0,0.9997149
55000900098500,2020-09-27,1,0,0.99918836
55000900098500,2020-09-28,1,0,0.9999666
55000900098500,2020-09-29,1,0,0.99988353
55000900098500,2020-09-30,1,0,0.99998367
55000900098500,2020-10-01,1,0,0.9999629
55000900098500,2020-10-02,1,0,0.99987257
55000900098500,2020-10-03,1,0,0.9997844
55000900098500,2020-10-04,1,0,0.99986136
55000900098500,2020-10-05,1,0,0.9998567
55000900098500,2020-10-06,1,0,0.9998864
55000900098500,2020-10-07,1,0,0.9999547
55000900098500,2020-10-08,1,0,0.99976236
55000900098500,2020-10-09,1,0,0.99980193
55000900098500,2020-10-10,1,0,0.9999492
55000900098500,2020-10-11,1,0,0.99995506
55000900098500,2020-10-12,1,0,0.9999535
55000900098500,2020-10-13,1,0,0.9999553
55000900098500,2020-10-14,1,0,0.99996114
55000900098500,2020-10-15,1,0,0.99998295
55000900098500,2020-10-16,1,0,0.9999932
55000900098500,2020-10-17,1,0,0.9999783
55000900098500,2020-10-18,1,0,0.99999714
55000900098500,2020-10-19,1,0,0.9999914
55000900098500,2020-10-20,1,0,0.9999913
55000900098500,2020-10-21,1,0,0.99997723
55000900098500,2020-10-22,1,0,0.99998665
55000900098500,2020-10-23,1,0,0.99997807
55000900098500,2020-10-24,1,0,0.9999857
55000900098500,2020-10-25,1,0,0.9999951
55000900098500,2020-10-26,1,0,0.9999875
55000900098500,2020-10-27,1,0,0.999979
55000900098500,2020-10-28,1,0,0.9999945
55000900098500,2020-10-29,1,0,0.9999908
55000900098500,2020-10-30,1,0,0.9999844
55000900098500,2020-10-31,1,0,0.9999938
55000900098500,2020-11-01,1,0,0.9999919
55000900098500,2020-11-02,1,0,0.9999826
55000900098500,2020-11-03,1,0,0.9999989
55000900098500,2020-11-04,1,0,0.99999046
55000900098500,2020-11-05,1,0,0.99998844
55000900098500,2020-11-06,1,0,0.99999464
55000900098500,2020-11-07,1,0,0.9999876
55000900098500,2020-11-08,1,0,0.999984
55000900098500,2020-11-09,1,0,0.99998796
55000900098500,2020-11-10,1,0,0.9999856
55000900098500,2020-11-11,1,0,0.9999896
55000900098500,2020-11-12,1,0,0.9999844
55000900098500,2020-11-13,1,0,0.99998724
55000900098500,2020-11-14,1,0,0.9999881
55000900098500,2020-11-15,1,0,0.99998724
55000900098500,2020-11-16,1,0,0.9999902
55000900098500,2020-11-17,1,0,0.9999877
55000900098500,2020-11-18,1,0,0.99998987
55000900098500,2020-11-19,1,0,0.99999154
55000900098500,2020-11-20,1,0,0.9999981
55000900098500,2020-11-21,1,0,0.9999958
55000900098500,2020-11-22,1,0,0.9999957
55000900098500,2020-11-23,1,0,0.99999285
55000900098500,2020-11-24,1,0,0.99999714
55000900098500,2020-11-25,1,0,0.99999845
55000900098500,2020-11-26,1,0,0.9999945
55000900098500,2020-11-27,1,0,0.9999926
55000900098500,2020-11-28,1,0,0.9999913
55000900098500,2020-11-29,1,0,0.99999356
55000900098500,2020-11-30,1,0,0.9999975
55000900098500,2020-12-01,1,0,0.9999989
55000900099610,2020-09-11,1,9,0.9999974
55000900099610,2020-09-12,1,9,0.9999883
55000900099610,2020-09-13,1,9,0.9999987
55000900099610,2020-09-14,1,9,0.9999944
55000900099610,2020-09-15,1,9,0.99999225
55000900099610,2020-09-16,1,9,0.99999416
55000900099610,2020-09-17,1,9,0.99999213
55000900099610,2020-09-18,1,9,0.99999475
55000900099610,2020-09-19,1,9,0.99999225
55000900099610,2020-09-20,1,9,0.99997747
55000900099610,2020-09-21,1,9,0.999998
55000900099610,2020-09-22,1,9,0.9999808
55000900099610,2020-09-24,1,9,0.9999881
55000900099610,2020-09-25,1,9,0.9999981
55000900099610,2020-09-26,1,9,0.9999949
55000900099610,2020-09-27,1,9,0.9999938
55000900099610,2020-09-28,1,9,0.9999944
55000900099610,2020-09-29,1,9,0.99999416
55000900099610,2020-09-30,1,9,0.99999833
55000900099610,2020-10-01,1,9,0.99999964
55000900099610,2020-10-02,1,9,0.9999994
55000900099610,2020-10-03,1,9,0.9999993
55000900099610,2020-10-04,1,9,0.9999982
55000900099610,2020-10-05,1,9,0.99999917
55000900099610,2020-10-06,1,9,0.999998
55000900099610,2020-10-07,1,9,0.99999857
55000900099610,2020-10-08,1,9,0.99999917
55000900099610,2020-10-09,1,9,0.9999993
55000900099610,2020-10-10,1,9,0.99999905
55000900099610,2020-10-11,1,9,0.9999993
55000900099610,2020-10-12,1,9,0.9999993
55000900099610,2020-10-13,1,9,0.9999994
55000900099610,2020-10-14,1,9,0.99999726
55000900099610,2020-10-15,1,9,0.9999982
55000900099610,2020-10-16,1,9,0.99999845
55000900099610,2020-10-17,1,9,0.9999994
55000900099610,2020-10-18,1,0,0.9999999
55000900099610,2020-10-19,1,0,0.9999958
55000900100137,2020-09-11,0,9,0.0011635682
55000900100137,2020-09-12,0,9,0.0052930927
55000900100137,2020-09-13,0,9,0.017990693
55000900100137,2020-09-14,0,9,0.023949113
55000900100137,2020-09-15,0,9,0.032508332
55000900100137,2020-09-16,0,9,0.016567085
55000900100137,2020-09-17,0,9,0.0089488495
55000900100137,2020-09-18,0,9,0.014031615
55000900100137,2020-09-19,0,9,0.0074960473
55000900100137,2020-09-20,0,9,0.0050144484
55000900100137,2020-09-21,0,9,0.0012099071
55000900100137,2020-09-22,0,9,0.0006816939
55000900100137,2020-09-23,0,9,0.0014543716
55000900100137,2020-09-24,0,9,0.00027768128
55000900100137,2020-09-25,0,9,0.0015133403
55000900100137,2020-09-26,0,9,0.0011532359
55000900100137,2020-09-27,0,9,0.0033524383
55000900100137,2020-09-28,0,9,0.45016438
55000900100137,2020-09-29,0,9,0.035665546
55000900100137,2020-09-30,0,9,0.007832824
55000900100137,2020-10-01,0,9,0.06314451
55000900100137,2020-10-02,0,9,0.011894297
55000900100137,2020-10-03,0,9,0.014000644
55000900100137,2020-10-04,0,9,0.009300509
55000900100137,2020-10-05,0,9,0.0070937607
55000900100137,2020-10-06,0,9,0.0011214905
55000900100137,2020-10-07,0,9,0.0012579407
55000900100137,2020-10-08,0,9,0.005181635
55000900100137,2020-10-09,0,9,0.007752554
55000900100137,2020-10-10,0,9,0.0019985656
55000900100137,2020-10-11,1,9,0.0020114044
55000900100137,2020-10-12,1,9,0.0007387727
55000900100137,2020-10-13,1,9,0.17334196
55000900100137,2020-10-14,1,9,0.99009156
55000900100137,2020-10-16,0,9,0.99981815
55000900100137,2020-10-17,0,9,0.9999151
55000900100137,2020-10-18,0,9,0.99997616
55000900100137,2020-10-19,0,0,0.99712616
55000900100137,2020-10-20,0,0,0.994101
55000900130309,2020-09-11,1,0,0.9936067
55000900130309,2020-09-12,1,0,0.9848433
55000900130309,2020-09-13,1,0,0.98725456
55000900130309,2020-09-14,1,0,0.9967782
55000900130309,2020-09-15,1,0,0.99877244
55000900130309,2020-09-16,1,0,0.9980945
55000900130309,2020-09-17,1,0,0.99800664
55000900130309,2020-09-18,1,0,0.99850285
55000900130309,2020-09-19,1,0,0.99840933
55000900130309,2020-09-20,1,0,0.98761207
55000900130309,2020-09-21,1,0,0.99959475
55000900130309,2020-09-22,1,0,0.99974877
55000900130309,2020-09-23,1,0,0.9973761
55000900130309,2020-09-24,1,0,0.9611258
55000900130309,2020-09-25,1,0,0.9667763
55000900130309,2020-09-26,1,0,0.9999604
55000900130309,2020-09-27,1,0,0.99986506
55000900130309,2020-09-28,1,0,0.99999535
55000900130309,2020-09-29,1,0,0.99999857
55000900130309,2020-09-30,1,0,0.9999994
55000900130309,2020-10-01,1,0,0.99999976
55000900130309,2020-10-02,1,0,0.9999995
55000900130309,2020-10-03,1,0,0.9999994
55000900130309,2020-10-04,1,0,0.99999964
55000900130309,2020-10-05,1,0,0.99999976
55000900130309,2020-10-06,1,0,0.99999976
55000900130309,2020-10-07,1,0,0.99999976
55000900130309,2020-10-08,1,0,0.99999964
55000900130309,2020-10-09,1,0,0.9999995
55000900130309,2020-10-10,1,0,0.99999976
55000900130309,2020-10-11,1,0,0.9999999
55000900130309,2020-10-12,1,0,0.99999607
55000900130309,2020-10-13,1,0,0.99999166
55000900130309,2020-10-14,1,0,0.99999774
55000900130309,2020-10-15,1,0,0.9999995
55000900130309,2020-10-16,1,0,0.99999964
55000900130309,2020-10-17,1,0,0.99999917
55000900130309,2020-10-18,1,0,0.999998
55000900130309,2020-10-19,1,0,0.99999964
55000900130309,2020-10-20,1,0,0.99999976
55000900130309,2020-10-21,1,0,1.0
55000900130309,2020-10-22,1,0,0.9999999
55000900130309,2020-10-23,1,0,0.9999999
55000900130309,2020-10-24,1,0,0.9999999
55000900130309,2020-10-25,1,0,0.99999917
55000900130309,2020-10-26,1,0,0.9999999
55000900130309,2020-10-27,1,0,0.9999999
55000900130309,2020-10-28,1,0,0.9999995
55000900130309,2020-10-29,1,0,0.9999999
55000900130309,2020-10-30,1,0,0.9999999
55000900130309,2020-10-31,1,0,0.9999975
55000900130309,2020-11-01,1,0,0.9999999
55000900130309,2020-11-02,1,0,0.99999976
55000900130309,2020-11-03,1,0,0.99999964
55000900130309,2020-11-04,1,0,0.9999993
55000900130309,2020-11-05,1,0,0.9999999
55000900130309,2020-11-06,1,0,0.9999999
55000900130309,2020-11-07,1,0,0.9999999
55000900130309,2020-11-08,1,0,0.99999976
55000900130309,2020-11-09,1,0,0.99999976
55000900130309,2020-11-10,1,0,0.9999999
55000900130309,2020-11-11,1,0,0.99999976
55000900130309,2020-11-12,1,0,0.9999995
55000900130309,2020-11-13,1,0,0.9999994
55000900130309,2020-11-14,1,0,0.9999995
55000900130309,2020-11-15,1,0,0.99999976
55000900130309,2020-11-16,1,0,0.99999964
55000900130309,2020-11-17,1,0,0.99999964
55000900130309,2020-11-18,1,0,0.99999976
55000900130309,2020-11-19,1,0,1.0
55000900130309,2020-11-20,1,0,0.9999999
55000900130309,2020-11-21,1,0,0.9999999
55000900130309,2020-11-22,1,0,0.9999999
55000900130309,2020-11-23,1,0,0.99999964
55000900130309,2020-11-24,1,0,0.9999999
55000900130309,2020-11-25,1,0,0.9999999
55000900130309,2020-11-26,1,0,0.9999999
55000900130309,2020-11-27,1,0,0.9999999
55000900130309,2020-11-28,1,0,0.99999976
55000900130309,2020-11-29,1,0,0.9999999
55000900130309,2020-11-30,1,0,0.99999976
55000900130309,2020-12-01,1,0,0.9999999
55000900130309,2020-12-03,1,0,0.9999999
55000900130309,2020-12-04,1,0,0.9999999
55000900130309,2020-12-05,1,0,0.99999976
55000900130309,2020-12-06,1,0,0.9999999
55000900130309,2020-12-07,1,0,0.9999999
55000900130309,2020-12-08,1,0,0.9999999
55000900130309,2020-12-09,1,0,0.9999999
55000900130309,2020-12-10,1,0,0.9999999
55000900130309,2020-12-11,1,0,1.0
55000900130309,2020-12-12,1,0,1.0
55000900130309,2020-12-13,1,0,0.9999999
55000900130309,2020-12-14,1,0,0.9999999
55000900130309,2020-12-15,1,0,0.99999976
55000900130309,2020-12-16,1,0,0.99999976
55000900130309,2020-12-18,1,0,0.9999999
55000900130309,2020-12-19,1,0,0.99999964
55000900130309,2020-12-20,1,0,0.9999999
55000900130309,2020-12-21,1,0,0.99999976
55000900130309,2020-12-22,1,0,0.9999995
55000900130309,2020-12-23,1,0,0.9999994
55000900130309,2020-12-24,1,0,0.9999999
55000900130309,2020-12-25,1,0,0.99999964
55000900130309,2020-12-26,1,0,0.9999999
55000900130309,2020-12-27,1,0,0.9999999
55000900130309,2020-12-28,1,0,0.9999999
55000900130309,2020-12-29,1,0,0.9999999
55000900130309,2020-12-30,1,0,0.9999999
55000900130309,2020-12-31,1,0,0.9999999
55000900130309,2021-01-01,1,0,1.0
55000900130309,2021-01-02,1,0,0.99999976
55000900130309,2021-01-03,1,0,0.9999999
55000900130309,2021-01-04,1,0,0.99999976
55000900130309,2021-01-05,1,0,0.99999976
55000900130309,2021-01-06,1,0,0.9999999
55000900130309,2021-01-07,1,0,0.99999976
55000900130309,2021-01-08,1,0,0.9999999
55000900130309,2021-01-09,1,0,0.9999999
55000900130309,2021-01-10,1,0,0.9999999
55000900130309,2021-01-11,1,0,0.9999999
55000900130309,2021-01-12,1,0,0.9999999
55000900130309,2021-01-13,1,0,0.9999999
55000900130309,2021-01-14,1,0,0.9999999
55000900130309,2021-01-15,1,0,0.9999999
55000900130309,2021-01-16,1,0,0.9999999
55000900130309,2021-01-17,1,0,0.9999999
55000900130309,2021-01-18,1,0,0.9999999
55000900130309,2021-01-19,1,0,0.99999976
55000900130309,2021-01-20,1,0,0.9999999
55000900130309,2021-01-21,1,0,0.9999999
55000900130309,2021-01-22,1,0,0.9999999
55000900130309,2021-01-23,1,0,0.9999999
55000900130309,2021-01-24,1,0,0.9999999
55000900130309,2021-01-25,1,0,0.9999999
55000900130309,2021-01-26,1,0,0.9999999
55000900130309,2021-01-27,1,0,0.9999999
55000900130309,2021-01-28,1,0,0.9999999
55000900130309,2021-01-29,1,0,0.99999976
55000900130309,2021-01-30,1,0,0.99999917
55000900130309,2021-01-31,1,0,0.9999995
55000900130309,2021-02-01,1,0,0.99999774
55000900130309,2021-02-02,1,0,0.99999774
55000900130309,2021-02-03,1,0,0.99999774
55000900130309,2021-02-04,1,0,0.99999774
55000900130309,2021-02-05,1,0,0.99999774
55000900130309,2021-02-06,1,0,0.99999774
55000900130309,2021-02-07,1,0,0.99999774
55000900130309,2021-02-08,1,0,0.99999774
55000900130309,2021-02-09,1,0,0.99999774
55000900130309,2021-02-10,1,0,0.99999774
55000900130309,2021-02-11,1,0,0.99999774
55000900130309,2021-02-12,1,0,0.99999774
55000900130309,2021-02-13,1,0,0.99999774
55000900130309,2021-02-14,1,0,0.99999774
55000900130309,2021-02-15,1,0,0.99999774
55000900130309,2021-02-16,1,0,0.99999774
55000900130309,2021-02-17,1,0,0.99999774
55000900130309,2021-02-18,1,0,0.99999774
55000900130309,2021-02-19,1,0,0.99999774
55000900130309,2021-02-20,1,0,0.99999774
55000900130309,2021-02-21,1,0,0.99999774
55000900130309,2021-02-22,1,0,0.99999774
55000900130309,2021-02-23,1,0,0.99999774
55000900130309,2021-02-24,1,0,0.99999774
55000900130309,2021-02-25,1,0,0.99999774
55000900130309,2021-02-26,1,0,0.99999774
55000900130309,2021-02-27,1,0,0.99999774
55000900130309,2021-02-28,1,0,0.99999774
55000900130309,2021-03-01,1,0,0.99999774
55000900130309,2021-03-02,1,0,0.99999774
55000900130309,2021-03-03,1,0,0.99999774
55000900130309,2021-03-04,1,0,0.99999774
55000900130309,2021-03-05,1,0,0.99999774
55000900130309,2021-03-06,1,0,0.99999774
55000900130309,2021-03-07,1,0,0.99999774
55000900130309,2021-03-08,1,0,0.99999774
55000900130309,2021-03-09,1,0,0.99999774
55000900130309,2021-03-10,1,0,0.99999774
55000900130309,2021-03-11,1,0,0.99999774
55000900130309,2021-03-12,1,0,0.99999774
55000900130309,2021-03-13,1,0,0.99999774
55000900130309,2021-03-15,1,0,0.99999774
55000900130309,2021-03-16,1,0,0.99999774
55000900130309,2021-03-17,1,0,0.99999774
55000900130309,2021-03-18,1,0,0.99999774
55000900130309,2021-03-19,1,0,0.99999774
55000900130309,2021-03-20,1,0,0.99999774
55000900130309,2021-03-21,1,0,0.99999774
55000900130309,2021-03-22,1,0,0.99999774
55000900130309,2021-03-23,1,0,0.99999774
55000900130309,2021-03-24,1,0,0.99999774
55000900130309,2021-03-25,1,0,0.99999774
55000900130309,2021-03-26,1,0,0.99999774
55000900130309,2021-03-27,1,0,0.99999774
55000900130309,2021-03-28,1,0,0.99999774
55000900130309,2021-03-29,1,0,0.99999774
55000900130309,2021-03-30,1,0,0.99999774
55000900130309,2021-03-31,1,0,0.99999774
55000900130309,2021-04-01,1,0,0.99999774
55000900130309,2021-04-02,1,0,0.99999774
55000900130309,2021-04-03,1,0,0.99999774
55000900130309,2021-04-04,1,0,0.99999774
55000900130309,2021-04-05,1,0,0.99999774
55000900130309,2021-04-06,1,0,0.99999774
55000900130309,2021-04-07,1,0,0.99999774
55000900130309,2021-04-08,1,0,0.99999774
55000900130309,2021-04-09,1,0,0.99999774
55000900130309,2021-04-10,1,0,0.99999774
55000900130309,2021-04-11,1,0,0.99999774
55000900130309,2021-04-12,1,0,0.99999774
55000900130309,2021-04-13,1,0,0.99999774
55000900130309,2021-04-14,1,0,0.99999774
55000900130309,2021-04-15,1,0,0.99999774
55000900130309,2021-04-16,1,0,0.99999774
55000900130309,2021-04-17,1,0,0.99999774
55000900130309,2021-04-18,1,0,0.99999774
55000900130309,2021-04-19,1,0,0.99999774
55000900130309,2021-04-20,1,0,0.99999774
55000900130309,2021-04-21,1,0,0.99999774
55000900130309,2021-04-22,1,0,0.99999774
55000900130309,2021-04-23,1,0,0.99999774
55000900130309,2021-04-24,1,0,0.99999774
55000900130309,2021-04-25,1,0,0.99999774
55000900130309,2021-04-26,1,0,0.99999774
55000900130309,2021-04-27,1,0,0.99999774
55000900130309,2021-04-28,1,0,0.99999774
55000900130309,2021-04-29,1,0,0.99999774
55000900130309,2021-04-30,1,0,0.99999774
55000900130309,2021-05-01,1,0,0.99999774
55000900130309,2021-05-02,1,0,0.99999774
55000900130309,2021-05-03,1,0,0.99999774
55000900130309,2021-05-04,1,0,0.99999774
55000900130309,2021-05-05,1,0,0.99999774
55000900130309,2021-05-06,1,0,0.99999774
55000900130309,2021-05-07,1,0,0.99999774
55000900130309,2021-05-08,1,0,0.99999774
55000900130309,2021-05-09,1,0,0.99999774
55000900130309,2021-05-10,1,0,0.99999774
55000900130309,2021-05-11,1,0,0.99999774
55000900130309,2021-05-12,1,0,0.99999774
55000900130309,2021-05-13,1,0,0.99999774
55000900130309,2021-05-14,1,0,0.99999774
55000900130309,2021-05-15,1,0,0.99999774
55000900130309,2021-05-16,1,0,0.99999774
55000900130309,2021-05-17,1,0,0.99999774
55000900130309,2021-05-18,1,0,0.99999774
55000900130309,2021-05-19,1,0,0.99999774
55000900130309,2021-05-20,1,0,0.99999774
55000900130309,2021-05-21,1,0,0.99999774
55000900130309,2021-05-22,1,0,0.99999774
55000900130309,2021-05-23,1,0,0.99999774
55000900130309,2021-05-24,1,0,0.99999774
55000900130309,2021-05-25,1,0,0.99999774
55000900130309,2021-05-26,1,0,0.99999774
55000900130309,2021-05-27,1,0,0.99999774
55000900130309,2021-05-28,1,0,0.99999774
55000900130309,2021-05-29,1,0,0.99999774
55000900130309,2021-05-30,1,0,0.99999774
55000900130309,2021-05-31,1,0,0.99999774
55000900130309,2021-06-01,1,0,0.99999774
55000900130309,2021-06-02,1,0,0.99999774
55000900130309,2021-06-03,1,0,0.99999774
55000900130309,2021-06-04,1,0,0.99999774
55000900130309,2021-06-05,1,0,0.99999774
55000900130309,2021-06-06,1,0,0.99999774
55000900130309,2021-06-07,1,0,0.99999774
55000900130309,2021-06-08,1,0,0.99999774
55000900130309,2021-06-09,1,0,0.99999774
55000900130309,2021-06-10,1,0,0.99999774
55000900130309,2021-06-11,1,0,0.99999774
55000900130309,2021-06-12,1,0,0.99999774
55000900130309,2021-06-13,1,0,0.99999774
55000900130309,2021-06-14,1,0,0.99999774
55000900130309,2021-06-15,1,0,0.99999774
55000900130309,2021-06-16,1,0,0.99999774
55000900130309,2021-06-17,1,0,0.99999774
55000900130309,2021-06-18,1,0,0.99999774
55000900130309,2021-06-19,1,0,0.99999774
55000900130309,2021-06-20,1,0,0.99999774
55000900130309,2021-06-21,1,0,0.99999774
55000900130309,2021-06-22,1,0,0.99999774
55000900130309,2021-06-23,1,0,0.99999774
55000900130309,2021-06-24,1,0,0.99999774
55000900130309,2021-06-25,1,0,0.99999774
55000900130309,2021-06-26,1,0,0.99999774
55000900130309,2021-06-27,1,0,0.99999774
55000900130309,2021-06-28,1,0,0.99999774
55000900130309,2021-06-29,1,0,0.99999774
55000900130309,2021-06-30,1,0,0.99999774
55000900130309,2021-07-01,1,0,0.99999774
55000900130309,2021-07-02,1,0,0.99999774
55000900130309,2021-07-03,1,0,0.99999774
55000900130309,2021-07-04,1,0,0.99999774
55000900130309,2021-07-05,1,0,0.99999774
55000900130309,2021-07-06,1,0,0.99999774
55000900130309,2021-07-07,1,0,0.99999774
55000900130309,2021-07-08,1,0,0.99999774
55000900130309,2021-07-09,1,0,0.99999774
55000900130309,2021-07-10,1,0,0.99999774
55000900130309,2021-07-11,1,0,0.99999774
55000900130309,2021-07-12,1,0,0.99999774
55000900130309,2021-07-13,1,0,0.99999774
55000900130309,2021-07-14,1,0,0.99999774
55000900130309,2021-07-15,1,0,0.99999774
55000900130309,2021-07-16,1,0,0.99999774
55000900130309,2021-07-20,1,0,0.99999774
55000900130309,2021-07-21,1,0,0.99999774
55000900130309,2021-07-22,1,0,0.99999774
55000900130309,2021-07-23,1,0,0.99999774
55000900130309,2021-07-24,1,0,0.99999774
55000900130309,2021-07-25,1,0,0.99999774
55000900130309,2021-07-26,1,0,0.99999774
55000900130309,2021-07-27,1,0,0.99999774
55000900130309,2021-07-28,1,0,0.99999774
55000900130309,2021-07-29,1,0,0.99999774
55000900130309,2021-07-30,1,0,0.99999774
55000900130309,2021-07-31,1,0,0.99999774
55000900130309,2021-08-01,1,0,0.99999774
55000900130309,2021-08-02,1,0,0.99999774
55000900130309,2021-08-03,1,0,0.99999774
55000900130309,2021-08-04,1,0,0.99999774
55000900130309,2021-08-05,1,0,0.99999774
55000900130309,2021-08-06,1,0,0.99999774
55000900130309,2021-08-07,1,0,0.99999774
55000900130309,2021-08-08,1,0,0.99999774
55000900130309,2021-08-09,1,0,0.99999774
55000900130309,2021-08-10,1,0,0.99999774
55000900130309,2021-08-11,1,0,0.99999774
55000900130309,2021-08-12,1,0,0.99999774
55000900130309,2021-08-13,1,0,0.99999774
55000900130309,2021-08-14,1,0,0.99999774
55000900130309,2021-08-15,1,0,0.99999774
55000900130309,2021-08-16,1,0,0.99999774
55000900130309,2021-08-25,1,0,0.99999774
55000900130309,2021-08-26,1,0,0.99999774
55000900130309,2021-08-27,1,0,0.99999774
55000900130309,2021-08-28,1,0,0.99999774
55000900130309,2021-08-29,1,0,0.99999774
55000900130309,2021-08-30,1,0,0.99999774
55000900130309,2021-08-31,1,0,0.99999774
55000900130309,2021-09-01,1,0,0.99999774
55000900130309,2021-09-02,1,0,0.99999774
55000900130309,2021-09-03,1,0,0.99999774
55000900130309,2021-09-04,1,0,0.99999774
55000900130309,2021-09-05,1,0,0.99999774
55000900130309,2021-09-06,1,0,0.99999774
55000900130309,2021-09-07,1,0,0.99999774
55000900130309,2021-09-08,1,0,0.99999774
55000900130309,2021-09-09,1,0,0.99999774
55000900130309,2021-09-10,1,0,0.99999774
55000900130309,2021-09-11,1,0,0.99999774
55000900130309,2021-09-12,1,0,0.99999774
55000900130309,2021-09-13,1,0,0.99999774
55000900130309,2021-09-14,1,0,0.99999774
55000900130309,2021-09-15,1,0,0.99999774
55000900130309,2021-09-16,1,0,0.99999774
55000900130309,2021-09-17,1,0,0.99999774
55000900130309,2021-09-18,1,0,0.99999774
55000900130309,2021-09-19,1,0,0.99999774
55000900130309,2021-09-20,1,0,0.99999774
55000900130309,2021-09-21,1,0,0.99999774
55000900130309,2021-09-22,1,0,0.99999774
55000900130309,2021-09-23,1,0,0.99999774
55000900130309,2021-09-24,1,0,0.99999774
55000900130309,2021-09-25,1,0,0.99999774
55000900130309,2021-09-26,1,0,0.99999774
55000900130309,2021-09-27,1,0,0.99999774
55000900130309,2021-09-28,1,0,0.99999774
55000900130309,2021-09-29,1,0,0.99999774
55000900130309,2021-09-30,1,0,0.99999774
55000900130309,2021-10-01,1,0,0.99999774
55000900130309,2021-10-02,1,0,0.99999774
55000900130309,2021-10-03,1,0,0.99999774
55000900130309,2021-10-04,1,0,0.99999774
55000900130309,2021-10-05,1,0,0.99999774
55000900130309,2021-10-06,1,0,0.99999774
55000900130309,2021-10-07,1,0,0.99999774
55000900130309,2021-10-08,1,0,0.99999774
55000900130309,2021-10-09,1,0,0.99999774
55000900130309,2021-10-10,1,0,0.99999774
55000900130309,2021-10-11,1,0,0.99999774
55000900130309,2021-10-12,1,0,0.99999774
55000900130309,2021-10-13,1,0,0.99999774
55000900130309,2021-10-14,1,0,0.99999774
55000900130309,2021-10-15,1,0,0.99999774
55000900130309,2021-10-16,1,0,0.99999774
55000900130309,2021-10-17,1,0,0.99999774
55000900130309,2021-10-18,1,0,0.99999774
55000900130309,2021-10-19,1,0,0.99999774
55000900130309,2021-10-20,1,0,0.99999774
55000900130309,2021-10-21,1,0,0.99999774
55000900130309,2021-10-22,1,0,0.99999774
55000900130309,2021-10-23,1,0,0.99999774
55000900130309,2021-10-24,1,0,0.99999774
55000900130309,2021-10-25,1,0,0.99999774
55000900130309,2021-10-26,1,0,0.99999774
55000900130309,2021-10-27,1,0,0.99999774
55000900130309,2021-10-28,1,0,0.99999774
55000900130309,2021-10-29,1,0,0.99999774
55000900130309,2021-10-30,1,0,0.99999774
55000900130309,2021-10-31,1,0,0.99999774
55000900130309,2021-11-01,1,0,0.99999774
55000900130309,2021-11-02,1,0,0.99999774
55000900130309,2021-11-03,1,0,0.99999774
55000900130309,2021-11-04,1,0,0.99999774
55000900130309,2021-11-05,1,0,0.99999774
55000900130309,2021-11-06,1,0,0.99999774
55000900130309,2021-11-07,1,0,0.99999774
55000900130309,2021-11-08,1,0,0.99999774
55000900130309,2021-11-09,1,0,0.99999774
55000900130309,2021-11-10,1,0,0.99999774
55000900130309,2021-11-11,1,0,0.99999774
55000900130309,2021-11-12,1,0,0.99999774
55000900130309,2021-11-13,1,0,0.99999774
55000900130309,2021-11-14,1,0,0.99999774
55000900130309,2021-11-15,1,0,0.99999774
55000900130309,2021-11-16,1,0,0.99999774
55000900130309,2021-11-17,1,0,0.99999774
55000900130309,2021-11-18,1,0,0.99999774
55000900130309,2021-11-19,1,0,0.99999774
55000900130309,2021-11-20,1,0,0.99999774
55000900130309,2021-11-21,1,0,0.99999774
55000900130309,2021-11-22,1,0,0.99999774
55000900130309,2021-11-23,1,0,0.99999774
55000900130309,2021-11-24,1,0,0.99999774
55000900130309,2021-11-25,1,0,0.99999774
55000900130309,2021-11-26,1,0,0.99999774
55000900130309,2021-11-27,1,0,0.99999774
55000900130309,2021-11-28,1,0,0.99999774
55000900130309,2021-11-29,1,0,0.99999774
55000900130309,2021-11-30,1,0,0.99999774
55000900130309,2021-12-01,1,0,0.99999774
55000900130309,2021-12-02,1,0,0.99999774
55000900130309,2021-12-03,1,0,0.99999774
55000900130309,2021-12-04,1,0,0.99999774
55000900130309,2021-12-05,1,0,0.99999774
55000900130309,2021-12-06,1,0,0.99999774
55000900130309,2021-12-07,1,0,0.99999774
55000900130309,2021-12-08,1,0,0.99999774
55000900130309,2021-12-09,1,0,0.99999774
55000900130309,2021-12-10,1,0,0.99999774
55000900130309,2021-12-11,1,0,0.99999774
55000900130309,2021-12-12,1,0,0.99999774
55000900130309,2021-12-13,1,0,0.99999774
55000900130309,2021-12-14,1,0,0.99999774
55000900130309,2021-12-15,1,0,0.99999774
55000900130309,2021-12-16,1,0,0.99999774
55000900130309,2021-12-17,1,0,0.99999774
55000900130309,2021-12-18,1,0,0.99999774
55000900130309,2021-12-19,1,0,0.99999774
55000900130309,2021-12-20,1,0,0.99999774
55000900130309,2021-12-21,1,0,0.99999774
55000900130309,2021-12-22,1,0,0.99999774
55000900130309,2021-12-23,1,0,0.99999774
55000900130309,2021-12-24,1,0,0.99999774
55000900130309,2021-12-25,1,0,0.99999774
55000900130309,2021-12-26,1,0,0.99999774
55000900130309,2021-12-27,1,0,0.99999774
55000900130309,2021-12-28,1,0,0.99999774
55000900130309,2021-12-29,1,0,0.99999774
55000900130309,2021-12-30,1,0,0.99999774
55000900130309,2021-12-31,1,0,0.99999774
55000900130309,2022-01-01,1,0,0.99999774
55000900130309,2022-01-02,1,0,0.99999774
55000900130309,2022-01-03,1,0,0.99999774
55000900130309,2022-01-04,1,0,0.99999774
55000900130309,2022-01-05,1,0,0.99999774
55000900130309,2022-01-06,1,0,0.99999774
55000900130309,2022-01-07,1,0,0.99999774
55000900130309,2022-01-08,1,0,0.99999774
55000900130309,2022-01-09,1,0,0.99999774
55000900130309,2022-01-10,1,0,0.99999774
55000900130309,2022-01-11,1,0,0.99999774
55000900130309,2022-01-12,1,0,0.99999774
55000900130309,2022-01-13,1,0,0.99999774
55000900130309,2022-01-14,1,0,0.99999774
55000900130309,2022-01-15,1,0,0.99999774
55000900130309,2022-01-16,1,0,0.99999774
55000900130309,2022-01-17,1,0,0.99999774
55000900130309,2022-01-18,1,0,0.99999774
55000900130309,2022-01-19,1,0,0.99999774
55000900130309,2022-01-20,1,0,0.99999774
55000900130309,2022-01-21,1,0,0.99999774
55000900130309,2022-01-22,1,0,0.99999774
55000900130309,2022-01-23,1,0,0.99999774
55000900130309,2022-01-24,1,0,0.99999774
55000900130309,2022-01-25,1,0,0.99999774
55000900130309,2022-01-26,1,0,0.99999774
55000900130309,2022-01-27,1,0,0.99999774
55000900130309,2022-01-28,1,0,0.99999774
55000900130309,2022-01-29,1,0,0.99999774
55000900130309,2022-01-30,1,0,0.99999774
55000900130309,2022-01-31,1,0,0.99999774
55000900130309,2022-02-01,1,0,0.99999774
55000900130309,2022-02-02,1,0,0.99999774
55000900130309,2022-02-03,1,0,0.99999774
55000900130309,2022-02-04,1,0,0.99999774
55000900130309,2022-02-05,1,0,0.99999774
55000900130309,2022-02-06,1,0,0.99999774
55000900130309,2022-02-07,1,0,0.99999774
55000900130309,2022-02-08,1,0,0.99999774
55000900130309,2022-02-09,1,0,0.99999774
55000900130309,2022-02-10,1,0,0.99999774
55000900130309,2022-02-11,1,0,0.99999774
55000900130309,2022-02-12,1,0,0.99999774
55000900130309,2022-02-13,1,0,0.99999774
55000900130309,2022-02-14,1,0,0.99999774
55000900130309,2022-02-15,1,0,0.99999774
55000900130309,2022-02-16,1,0,0.99999774
55000900130309,2022-02-17,1,0,0.99999774
55000900130309,2022-02-18,1,0,0.99999774
55000900130309,2022-02-19,1,0,0.99999774
55000900130309,2022-02-20,1,0,0.99999774
55000900130309,2022-02-21,1,0,0.99999774
55000900130309,2022-02-22,1,0,0.99999774
55000900130309,2022-02-23,1,0,0.99999774
55000900130309,2022-02-24,1,0,0.99999774
55000900130309,2022-02-25,1,0,0.99999774
55000900130309,2022-02-26,1,0,0.99999774
55000900130309,2022-02-27,1,0,0.99999774
55000900130309,2022-02-28,1,0,0.99999774
55000900130309,2022-03-01,1,0,0.99999774
55000900130309,2022-03-02,1,0,0.99999774
55000900130309,2022-03-03,1,0,0.99999774
55000900130309,2022-03-04,1,0,0.99999774
55000900130309,2022-03-05,1,0,0.99999774
55000900130309,2022-03-06,1,0,0.99999774
55000900130309,2022-03-07,1,0,0.99999774
55000900130309,2022-03-08,1,0,0.99999774
55000900130309,2022-03-09,1,0,0.99999774
55000900130309,2022-03-10,1,0,0.99999774
55000900130309,2022-03-11,1,0,0.99999774
55000900130309,2022-03-12,1,0,0.99999774
55000900130309,2022-03-14,1,0,0.99999774
55000900130309,2022-03-15,1,0,0.99999774
55000900130309,2022-03-16,1,0,0.99999774
55000900130309,2022-03-17,1,0,0.99999774
55000900130309,2022-03-18,1,0,0.99999774
55000900130309,2022-03-19,1,0,0.99999774
55000900130309,2022-03-20,1,0,0.99999774
55000900130309,2022-03-21,1,0,0.99999774
55000900130309,2022-03-22,1,0,0.99999774
55000900130309,2022-03-23,1,0,0.99999774
55000900130309,2022-03-24,1,0,0.99999774
55000900130309,2022-03-25,1,0,0.99999774
55000900130309,2022-03-26,1,0,0.99999774
55000900130309,2022-03-27,1,0,0.99999774
55000900130309,2022-03-28,1,0,0.99999774
55000900130309,2022-03-29,1,0,0.99999774
55000900130309,2022-03-30,1,0,0.99999774
55000900130309,2022-03-31,1,0,0.99999774
55000900130309,2022-04-01,1,0,0.99999774
55000900130309,2022-04-02,1,0,0.99999774
55000900130309,2022-04-03,1,0,0.99999774
55000900130309,2022-04-04,1,0,0.99999774
55000900130309,2022-04-05,1,0,0.99999774
55000900130309,2022-04-06,1,0,0.99999774
55000900130309,2022-04-07,1,0,0.99999774
55000900130309,2022-04-08,1,0,0.99999774
55000900130309,2022-04-09,1,0,0.99999774
55000900130309,2022-04-10,1,0,0.99999774
55000900130309,2022-04-11,1,0,0.99999774
55000900130309,2022-04-12,1,0,0.99999774
55000900130309,2022-04-13,1,0,0.99999774
55000900130309,2022-04-14,1,0,0.99999774
55000900130309,2022-04-15,1,0,0.99999774
55000900130309,2022-04-16,1,0,0.99999774
55000900130309,2022-04-17,1,0,0.99999774
55000900130309,2022-04-18,1,0,0.99999774
55000900130309,2022-04-19,1,0,0.99999774
55000900130309,2022-04-20,1,0,0.99999774
55000900130309,2022-04-21,1,0,0.99999774
55000900130309,2022-04-22,1,0,0.99999774
55000900130309,2022-04-23,1,0,0.99999774
55000900130309,2022-04-24,1,0,0.99999774
55000900130309,2022-04-25,1,0,0.99999774
55000900130309,2022-04-26,1,0,0.99999774
55000900130309,2022-04-27,1,0,0.99999774
55000900130309,2022-04-28,1,0,0.99999774
55000900130309,2022-04-29,1,0,0.99999774
55000900130309,2022-04-30,1,0,0.99999774
55000900130309,2022-05-01,1,0,0.99999774
55000900130309,2022-05-02,1,0,0.99999774
55000900130309,2022-05-03,1,0,0.99999774
55000900130309,2022-05-04,1,0,0.99999774
55000900130309,2022-05-05,1,0,0.99999774
55000900130309,2022-05-06,1,0,0.99999774
55000900130309,2022-05-07,1,0,0.99999774
55000900130309,2022-05-08,1,0,0.99999774
55000900130309,2022-05-09,1,0,0.99999774
55000900130309,2022-05-10,1,0,0.99999774
55000900130309,2022-05-11,1,0,0.99999774
55000900130309,2022-05-12,1,0,0.99999774
55000900130309,2022-05-13,1,0,0.99999774
55000900130309,2022-05-14,1,0,0.99999774
55000900130309,2022-05-15,1,0,0.99999774
55000900130309,2022-05-16,1,0,0.99999774
55000900130309,2022-05-17,1,0,0.99999774
55000900130309,2022-05-18,1,0,0.99999774
55000900130309,2022-05-19,1,0,0.99999774
55000900130309,2022-05-20,1,0,0.99999774
55000900130309,2022-05-21,1,0,0.99999774
55000900130309,2022-05-22,1,0,0.99999774
55000900130309,2022-05-23,1,0,0.99999774
55000900130309,2022-05-24,1,0,0.99999774
55000900130309,2022-05-25,1,0,0.99999774
55000900130309,2022-05-26,1,0,0.99999774
55000900130309,2022-05-27,1,0,0.99999774
55000900130309,2022-05-28,1,0,0.99999774
55000900130309,2022-05-29,1,0,0.99999774
55000900130309,2022-05-30,1,0,0.99999774
55000900130309,2022-05-31,1,0,0.99999774
55000900130309,2022-06-01,1,0,0.99999774
55000900130309,2022-06-02,1,0,0.99999774
55000900130309,2022-06-03,1,0,0.99999774
55000900130309,2022-06-04,1,0,0.99999774
55000900130309,2022-06-05,1,0,0.99999774
55000900130309,2022-06-06,1,0,0.99999774
55000900130309,2022-06-07,1,0,0.99999774
55000900130309,2022-06-08,1,0,0.99999774
55000900130309,2022-06-09,1,0,0.99999774
55000900130309,2022-06-10,1,0,0.99999774
55000900130309,2022-06-11,1,0,0.99999774
55000900130309,2022-06-12,1,0,0.99999774
55000900130309,2022-06-13,1,0,0.99999774
55000900130309,2022-06-14,1,0,0.99999774
55000900130309,2022-06-15,1,0,0.99999774
55000900130309,2022-06-16,1,0,0.99999774
55000900130309,2022-06-17,1,0,0.99999774
55000900130309,2022-06-18,1,0,0.99999774
55000900130309,2022-06-19,1,0,0.99999774
55000900130309,2022-06-20,1,0,0.99999774
55000900130309,2022-06-21,1,0,0.99999774
55000900130309,2022-06-22,1,0,0.99999774
55000900130309,2022-06-23,1,0,0.99999774
55000900130309,2022-06-24,1,0,0.99999774
55000900130309,2022-06-25,1,0,0.99999774
55000900130309,2022-06-26,1,0,0.99999774
55000900130309,2022-06-27,1,0,0.99999774
55000900130309,2022-06-28,1,0,0.99999774
55000900130309,2022-06-29,1,0,0.99999774
55000900130309,2022-06-30,1,0,0.99999774
55000900130309,2022-07-01,1,0,0.99999774
55000900130309,2022-07-02,1,0,0.99999774
55000900130309,2022-07-03,1,0,0.99999774
55000900130309,2022-07-04,1,0,0.99999774
55000900130309,2022-07-05,1,0,0.99999774
55000900130309,2022-07-06,1,0,0.99999774
55000900130309,2022-07-07,1,0,0.99999774
55000900130309,2022-07-08,1,0,0.99999774
55000900130309,2022-07-09,1,0,0.99999774
55000900130309,2022-07-10,1,0,0.99999774
55000900130309,2022-07-11,1,0,0.99999774
55000900130309,2022-07-12,1,0,0.99999774
55000900130309,2022-07-13,1,0,0.99999774
55000900130309,2022-07-14,1,0,0.99999774
55000900130309,2022-07-15,1,0,0.99999774
55000900130309,2022-07-16,1,0,0.99999774
55000900130309,2022-07-17,1,0,0.99999774
55000900130309,2022-07-18,1,0,0.99999774
55000900130309,2022-07-19,1,0,0.99999774
55000900130309,2022-07-20,1,0,0.99999774
55000900130309,2022-07-21,1,0,0.99999774
55000900130309,2022-07-22,1,0,0.99999774
55000900130309,2022-07-23,1,0,0.99999774
55000900130309,2022-07-24,1,0,0.99999774
55000900130309,2022-07-25,1,0,0.99999774
55000900130309,2022-07-26,1,0,0.99999774
55000900130309,2022-07-27,1,0,0.99999774
55000900130309,2022-07-28,1,0,0.99999774
55000900130309,2022-07-29,1,0,0.99999774
55000900130309,2022-07-30,1,0,0.99999774
55000900130309,2022-07-31,1,0,0.99999774
55000900130309,2022-08-01,1,0,0.99999774
55000900130309,2022-08-02,1,0,0.99999774
55000900130309,2022-08-03,1,0,0.99999774
55000900130309,2022-08-04,1,0,0.99999774
55000900130309,2022-08-05,1,0,0.99999774
55000900130309,2022-08-06,1,0,0.99999774
55000900130309,2022-08-07,1,0,0.99999774
55000900130309,2022-08-08,1,0,0.99999774
55000900130309,2022-08-09,1,0,0.99999774
55000900130309,2022-08-10,1,0,0.99999774
55000900130309,2022-08-11,1,0,0.99999774
55000900130309,2022-08-12,1,0,0.99999774
55000900130309,2022-08-13,1,0,0.99999774
55000900130309,2022-08-14,1,0,0.99999774
55000900130309,2022-08-15,1,0,0.99999774
55000900130309,2022-08-16,1,0,0.99999774
55000900130309,2022-08-17,1,0,0.99999774
55000900130309,2022-08-18,1,0,0.99999774
55000900130309,2022-08-19,1,0,0.99999774
55000900130309,2022-08-20,1,0,0.99999774
55000900130309,2022-08-21,1,0,0.99999774
55000900130309,2022-08-22,1,0,0.99999774
55000900130309,2022-08-23,1,0,0.99999774
55000900130309,2022-08-24,1,0,0.99999774
55000900130309,2022-08-25,1,0,0.99999774
55000900130309,2022-08-26,1,0,0.99999774
55000900130309,2022-08-27,1,0,0.99999774
55000900130309,2022-08-28,1,0,0.99999774
55000900130309,2022-08-29,1,0,0.99999774
55000900130309,2022-08-30,1,0,0.99999774
55000900130309,2022-08-31,1,0,0.99999774
55000900130309,2022-09-01,1,0,0.99999774
55000900130309,2022-09-02,1,0,0.99999774
55000900130309,2022-09-03,1,0,0.99999774
55000900130309,2022-09-04,1,0,0.99999774
55000900130309,2022-09-05,1,0,0.99999774
55000900130309,2022-09-06,1,0,0.99999774
55000900130309,2022-09-07,1,0,0.99999774
55000900130309,2022-09-08,1,0,0.99999774
55000900130309,2022-09-09,1,0,0.99999774
55000900130309,2022-09-10,1,0,0.99999774
55000900130309,2022-09-11,1,0,0.99999774
55000900130309,2022-09-12,1,0,0.99999774
55000900130309,2022-09-13,1,0,0.99999774
55000900130309,2022-09-14,1,0,0.99999774
55000900130309,2022-09-15,1,0,0.99999774
55000900130309,2022-09-16,1,0,0.99999774
55000900130309,2022-09-17,1,0,0.99999774
55000900130309,2022-09-18,1,0,0.99999774
55000900130309,2022-09-19,1,0,0.99999774
55000900130309,2022-09-20,1,0,0.99999774
55000900130309,2022-09-21,1,0,0.99999774
55000900130309,2022-09-22,1,0,0.99999774
55000900130309,2022-09-23,1,0,0.99999774
55000900130309,2022-09-24,1,0,0.99999774
55000900130309,2022-09-25,1,0,0.99999774
55000900130309,2022-09-26,1,0,0.99999774
55000900130309,2022-09-27,1,0,0.99999774
55000900130309,2022-09-28,1,0,0.99999774
55000900130309,2022-09-29,1,0,0.99999774
55000900130309,2022-09-30,1,0,0.99999774
55000900130309,2022-10-01,1,0,0.99999774
55000900130309,2022-10-02,1,0,0.99999774
55000900130309,2022-10-03,1,0,0.99999774
55000900130309,2022-10-04,1,0,0.99999774
55000900130309,2022-10-05,1,0,0.99999774
55000900130309,2022-10-06,1,0,0.99999774
55000900130309,2022-10-07,1,0,0.99999774
55000900130309,2022-10-08,1,0,0.99999774
55000900130309,2022-10-09,1,0,0.99999774
55000900130309,2022-10-10,1,0,0.99999774
55000900130309,2022-10-11,1,0,0.99999774
55000900130309,2022-10-12,1,0,0.99999774
55000900130309,2022-10-13,1,0,0.99999774
55000900130309,2022-10-14,1,0,0.99999774
55000900130309,2022-10-15,1,0,0.99999774
55000900130309,2022-10-16,1,0,0.99999774
55000900130309,2022-10-17,1,0,0.99999774
55000900130309,2022-10-18,1,0,0.99999774
55000900130309,2022-10-19,1,0,0.99999774
55000900130309,2022-10-20,1,0,0.99999774
55000900130309,2022-10-21,1,0,0.99999774
55000900130309,2022-10-22,1,0,0.99999774
55000900130309,2022-10-23,1,0,0.99999774
55000900130309,2022-10-24,1,0,0.99999774
55000900130309,2022-10-25,1,0,0.99999774
55000900130309,2022-10-26,1,0,0.99999774
55000900130309,2022-10-27,1,0,0.99999774
55000900130309,2022-10-28,1,0,0.99999774
55000900130309,2022-10-29,1,0,0.99999774
55000900130309,2022-10-30,1,0,0.99999774
55000900130309,2022-10-31,1,0,0.99999774
55000900130309,2022-11-01,1,0,0.99999774
55000900130309,2022-11-02,1,0,0.99999774
55000900130309,2022-11-03,1,0,0.99999774
55000900130309,2022-11-04,1,0,0.99999774
55000900130309,2022-11-05,1,0,0.99999774
55000900130309,2022-11-06,1,0,0.99999774
55000900130309,2022-11-07,1,0,0.99999774
55000900130309,2022-11-08,1,0,0.99999774
55000900130309,2022-11-09,1,0,0.99999774
55000900130309,2022-11-10,1,0,0.99999774
55000900130309,2022-11-11,1,0,0.99999774
55000900130309,2022-11-12,1,0,0.99999774
55000900130309,2022-11-13,1,0,0.99999774
55000900130309,2022-11-14,1,0,0.99999774
55000900130309,2022-11-15,1,0,0.99999774
55000900130309,2022-11-16,1,0,0.99999774
55000900130309,2022-11-17,1,0,0.99999774
55000900130309,2022-11-18,1,0,0.99999774
55000900130309,2022-11-19,1,0,0.99999774
55000900130309,2022-11-20,1,0,0.99999774
55000900130309,2022-11-21,1,0,0.99999774
55000900130309,2022-11-22,1,0,0.99999774
55000900130309,2022-11-23,1,0,0.99999774
55000900130309,2022-11-24,1,0,0.99999774
55000900130309,2022-11-25,1,0,0.99999774
55000900130309,2022-11-26,1,0,0.99999774
55000900130309,2022-11-27,1,0,0.99999774
55000900130309,2022-11-28,1,0,0.99999774
55000900130309,2022-11-29,1,0,0.99999774
55000900130309,2022-11-30,1,0,0.99999774
55000900130309,2022-12-01,1,0,0.99999774
55000900130309,2022-12-02,1,0,0.99999774
55000900130309,2022-12-03,1,0,0.99999774
55000900130309,2022-12-04,1,0,0.99999774
55000900130309,2022-12-05,1,0,0.99999774
55000900130309,2022-12-06,1,0,0.99999774
55000900130309,2022-12-07,1,0,0.99999774
55000900130309,2022-12-08,1,0,0.99999774
55000900130309,2022-12-09,1,0,0.99999774
55000900130309,2022-12-10,1,0,0.99999774
55000900130309,2022-12-11,1,0,0.99999774
55000900130309,2022-12-12,1,0,0.99999774
55000900130309,2022-12-13,1,0,0.99999774
55000900130309,2022-12-14,1,0,0.99999774
55000900130309,2022-12-15,1,0,0.99999774
55000900130309,2022-12-16,1,0,0.99999774
55000900130309,2022-12-17,1,0,0.99999774
55000900130309,2022-12-18,1,0,0.99999774
55000900130309,2022-12-19,1,0,0.99999774
55000900130309,2022-12-20,1,0,0.99999774
55000900130309,2022-12-21,1,0,0.99999774
55000900130309,2022-12-22,1,0,0.99999774
55000900130309,2022-12-23,1,0,0.99999774
55000900130309,2022-12-24,1,0,0.99999774
55000900130309,2022-12-25,1,0,0.99999774
55000900130309,2022-12-26,1,0,0.99999774
55000900130309,2022-12-27,1,0,0.99999774
55000900130309,2022-12-28,1,0,0.99999774
55000900130309,2022-12-29,1,0,0.99999774
55000900130309,2022-12-30,1,0,0.99999774
55000900130309,2022-12-31,1,0,0.99999774
55000900130309,2023-01-01,1,0,0.99999774
55000900130309,2023-01-02,1,0,0.99999774
55000900130309,2023-01-03,1,0,0.99999774
55000900130309,2023-01-04,1,0,0.99999774
55000900130309,2023-01-05,1,0,0.99999774
55000900130309,2023-01-06,1,0,0.99999774
55000900130309,2023-01-07,1,0,0.99999774
55000900130309,2023-01-08,1,0,0.99999774
55000900130309,2023-01-09,1,0,0.99999774
55000900130309,2023-01-10,1,0,0.99999774
55000900130309,2023-01-11,1,0,0.99999774
55000900130309,2023-01-12,1,0,0.99999774
55000900130309,2023-01-13,1,0,0.99999774
55000900130309,2023-01-14,1,0,0.99999774
55000900130309,2023-01-15,1,0,0.99999774
55000900130309,2023-01-16,1,0,0.99999774
55000900130309,2023-01-17,1,0,0.99999774
55000900130309,2023-01-18,1,0,0.99999774
55000900130309,2023-01-19,1,0,0.99999774
55000900130309,2023-01-20,1,0,0.99999774
55000900130309,2023-01-21,1,0,0.99999774
55000900130309,2023-01-22,1,0,0.99999774
55000900130309,2023-01-23,1,0,0.99999774
55000900130309,2023-01-24,1,0,0.99999774
55000900130309,2023-01-25,1,0,0.99999774
55000900130309,2023-01-26,1,0,0.99999774
55000900130309,2023-01-27,1,0,0.99999774
55000900130309,2023-01-28,1,0,0.99999774
55000900130309,2023-01-29,1,0,0.99999774
55000900130309,2023-01-30,1,0,0.99999774
55000900130309,2023-01-31,1,0,0.99999774
55000900130309,2023-02-01,1,0,0.99999774
55000900130309,2023-02-02,1,0,0.99999774
55000900130309,2023-02-03,1,0,0.99999774
55000900130309,2023-02-04,1,0,0.99999774
55000900130309,2023-02-05,1,0,0.99999774
55000900130309,2023-02-06,1,0,0.99999774
55000900130309,2023-02-07,1,0,0.99999774
55000900130309,2023-02-08,1,0,0.99999774
55000900130309,2023-02-09,1,0,0.99999774
55000900130309,2023-02-10,1,0,0.99999774
55000900130309,2023-02-11,1,0,0.99999774
55000900130309,2023-02-12,1,0,0.99999774
55000900130309,2023-02-13,1,0,0.99999774
55000900130309,2023-02-14,1,0,0.99999774
55000900130309,2023-02-15,1,0,0.99999774
55000900130309,2023-02-16,1,0,0.99999774
55000900130309,2023-02-17,1,0,0.99999774
55000900130309,2023-02-18,1,0,0.99999774
55000900130309,2023-02-19,1,0,0.99999774
55000900130309,2023-02-20,1,0,0.99999774
55000900130309,2023-02-21,1,0,0.99999774
55000900130309,2023-02-22,1,0,0.99999774
55000900130309,2023-02-23,1,0,0.99999774
55000900130309,2023-02-24,1,0,0.99999774
55000900130309,2023-02-25,1,0,0.99999774
55000900130309,2023-02-26,1,0,0.99999774
55000900130309,2023-02-27,1,0,0.99999774
55000900130309,2023-02-28,1,0,0.99999774
55000900130309,2023-03-01,1,0,0.99999774
55000900130309,2023-03-02,1,0,0.99999774
55000900130309,2023-03-03,1,0,0.99999774
55000900130309,2023-03-04,1,0,0.99999774
55000900130309,2023-03-05,1,0,0.99999774
55000900130309,2023-03-06,1,0,0.99999774
55000900130309,2023-03-07,1,0,0.99999774
55000900130309,2023-03-08,1,0,0.99999774
55000900130309,2023-03-09,1,0,0.99999774
55000900130309,2023-03-10,1,0,0.99999774
55000900130309,2023-03-11,1,0,0.99999774
55000900130309,2023-03-13,1,0,0.99999774
55000900130309,2023-03-14,1,0,0.99999774
55000900130309,2023-03-15,1,0,0.99999774
55000900130309,2023-03-16,1,0,0.99999774
55000900130309,2023-03-17,1,0,0.99999774
55000900130309,2023-03-18,1,0,0.99999774
55000900130309,2023-03-19,1,0,0.99999774
55000900130309,2023-03-20,1,0,0.99999774
55000900130309,2023-03-21,1,0,0.99999774
55000900130309,2023-03-22,1,0,0.99999774
55000900130309,2023-03-23,1,0,0.99999774
55000900130309,2023-03-24,1,0,0.99999774
55000900130309,2023-03-25,1,0,0.99999774
55000900130309,2023-03-26,1,0,0.99999774
55000900130309,2023-03-27,1,0,0.99999774
55000900130309,2023-03-28,1,0,0.99999774
55000900130309,2023-03-29,1,0,0.99999774
55000900130309,2023-03-30,1,0,0.99999774
55000900130309,2023-03-31,1,0,0.99999774
55000900130309,2023-04-01,1,0,0.99999774
55000900130309,2023-04-02,1,0,0.99999774
55000900130309,2023-04-03,1,0,0.99999774
55000900130309,2023-04-04,1,0,0.99999774
55000900130309,2023-04-05,1,0,0.99999774
55000900130309,2023-04-06,1,0,0.99999774
55000900130309,2023-04-07,1,0,0.99999774
55000900130309,2023-04-08,1,0,0.99999774
55000900130309,2023-04-09,1,0,0.99999774
55000900130309,2023-04-10,1,0,0.99999774
55000900130309,2023-04-11,1,0,0.99999774
55000900130309,2023-04-12,1,0,0.99999774
55000900130309,2023-04-13,1,0,0.99999774
55000900130309,2023-04-14,1,0,0.99999774
55000900130309,2023-04-15,1,0,0.99999774
55000900130309,2023-04-16,1,0,0.99999774
55000900130309,2023-04-17,1,0,0.99999774
55000900130309,2023-04-18,1,0,0.99999774
55000900130309,2023-04-19,1,0,0.99999774
55000900130309,2023-04-20,1,0,0.99999774
55000900130316,2020-09-11,0,0,0.014114893
55000900130316,2020-09-12,0,0,0.014114893
55000900130316,2020-09-13,0,0,0.014114893
55000900130316,2020-09-14,0,0,0.014114893
55000900130316,2020-09-15,0,0,0.014114893
55000900130316,2020-09-16,0,0,0.014114893
55000900130316,2020-09-17,0,0,0.014114893
55000900130316,2020-09-18,0,0,0.014114893
55000900130316,2020-09-19,1,0,0.014114893
55000900130316,2020-09-20,0,0,0.014114893
55000900130316,2020-09-21,0,0,0.014114893
55000900130316,2020-09-22,0,0,0.12962988
55000900130316,2020-09-23,0,0,0.07184201
55000900130316,2020-09-24,1,0,0.07648121
55000900130316,2020-09-25,1,0,0.080733486
55000900130316,2020-09-26,1,0,0.081692226
55000900130316,2020-09-27,0,0,0.4987573
55000900130316,2020-09-28,0,0,0.41203272
55000900130316,2020-09-29,0,0,0.44215682
55000900130316,2020-09-30,0,0,0.1552444
55000900130316,2020-10-01,0,0,0.1624521
55000900130316,2020-10-02,0,0,0.15156841
55000900130316,2020-10-03,0,0,0.15426397
55000900130316,2020-10-04,0,0,0.16103895
55000900130316,2020-10-05,0,0,0.15584312
55000900130316,2020-10-06,0,0,0.16087762
55000900130316,2020-10-07,0,0,0.15888979
55000900130316,2020-10-08,0,0,0.1591393
55000900130316,2020-10-09,0,0,0.16054907
55000900130316,2020-10-10,1,0,0.160784
55000900130316,2020-10-11,1,0,0.16176574
55000900130316,2020-10-12,1,0,0.16103306
55000900130316,2020-10-13,1,0,0.62298995
55000900130316,2020-10-14,1,0,0.6270837
55000900130316,2020-10-15,1,0,0.6950963
55000900130316,2020-10-16,1,0,0.64251864
55000900130316,2020-10-17,0,0,0.66323453
55000900130316,2020-10-18,0,0,0.70705336
55000900130316,2020-10-19,0,0,0.7777759
55000900130316,2020-10-20,0,0,0.09113938
55000900130316,2020-10-21,0,0,0.113662094
55000900130316,2020-10-22,0,0,0.09889044
55000900130316,2020-10-23,0,0,0.09505365
55000900130316,2020-10-24,0,0,0.09864023
55000900130316,2020-10-25,0,0,0.11370221
55000900130316,2020-10-26,0,0,0.093558766
55000900130316,2020-10-27,0,0,0.090253234
55000900130316,2020-10-28,0,0,0.0891695
55000900130316,2020-10-29,0,0,0.085586905
55000900130316,2020-10-30,0,0,0.0876122
55000900130316,2020-10-31,0,0,0.08613757
55000900130316,2020-11-01,0,0,0.08828905
55000900130316,2020-11-02,0,0,0.08613479
55000900130316,2020-11-03,0,0,0.08898537
55000900130316,2020-11-04,0,0,0.08575016
55000900130316,2020-11-05,1,0,0.088195026
55000900130316,2020-11-06,1,0,0.0847997
55000900130316,2020-11-07,1,0,0.074351855
55000900130316,2020-11-08,1,0,0.436614
55000900130316,2020-11-09,1,0,0.46754974
55000900130316,2020-11-10,1,0,0.67530626
55000900130316,2020-11-11,1,0,0.3202717
55000900130316,2020-11-12,1,0,0.3597167
55000900130316,2020-11-13,1,0,0.40136543
55000900130316,2020-11-14,1,0,0.4257167
55000900130316,2020-11-15,1,0,0.46723625
55000900130316,2020-11-16,1,0,0.53160983
55000900130316,2020-11-17,1,0,0.61900526
55000900130316,2020-11-18,1,0,0.6216881
55000900130316,2020-11-19,1,0,0.7672619
55000900130316,2020-11-20,1,0,0.8739905
55000900130316,2020-11-21,1,0,0.930721
55000900130316,2020-11-22,1,0,0.9462369
55000900130316,2020-11-23,1,0,0.9799556
55000900130316,2020-11-24,1,0,0.9880606
55000900130316,2020-11-25,1,0,0.9937423
55000900130316,2020-11-26,1,0,0.99484634
55000900130316,2020-11-27,1,0,0.9955461
55000900130316,2020-11-28,1,0,0.9949477
55000900130316,2020-11-29,1,0,0.99611306
55000900130316,2020-11-30,1,0,0.9948448
55000900130316,2020-12-01,1,0,0.99593216
55000900130316,2020-12-02,1,0,0.9943954
55000900130316,2020-12-03,1,0,0.9954293
55000900130316,2020-12-04,1,0,0.99337065
55000900130316,2020-12-05,1,0,0.9949269
55000900130316,2020-12-06,1,0,0.9955291
55000900130316,2020-12-07,1,0,0.6188859
55000900130316,2020-12-08,1,0,0.6188859
55000900130316,2020-12-09,1,0,0.6188859
55000900130316,2020-12-10,1,0,0.6188859
55000900130316,2020-12-11,1,0,0.6188859
55000900130316,2020-12-12,1,0,0.6188859
55000900130316,2020-12-13,1,0,0.6188859
55000900130316,2020-12-14,1,0,0.6188859
55000900130316,2020-12-15,1,0,0.6188859
55000900130316,2020-12-16,1,0,0.6188859
55000900130316,2020-12-17,1,0,0.6188859
55000900130316,2020-12-18,1,0,0.6188859
55000900130316,2020-12-19,1,0,0.6188859
55000900130316,2020-12-20,1,0,0.6188859
55000900130316,2020-12-21,1,0,0.6188859
55000900130316,2020-12-22,1,0,0.6188859
55000900130316,2020-12-23,1,0,0.6188859
55000900130316,2020-12-24,1,0,0.6188859
55000900130316,2020-12-25,1,0,0.6188859
55000900130316,2020-12-26,1,0,0.6188859
55000900130316,2020-12-27,1,0,0.6188859
55000900130316,2020-12-28,1,0,0.6188859
55000900130316,2020-12-29,1,0,0.6188859
55000900130316,2020-12-30,1,0,0.6188859
55000900130316,2020-12-31,1,0,0.6188859
55000900130316,2021-01-01,1,0,0.6188859
55000900130316,2021-01-02,1,0,0.6188859
55000900130316,2021-01-03,1,0,0.6188859
55000900130316,2021-01-04,1,0,0.6188859
55000900130316,2021-01-05,1,0,0.6188859
55000900130316,2021-01-06,1,0,0.6188859
55000900130316,2021-01-07,1,0,0.6188859
55000900130316,2021-01-08,1,0,0.6188859
55000900130316,2021-01-09,1,0,0.6188859
55000900130316,2021-01-10,1,0,0.6188859
55000900130316,2021-01-11,1,0,0.6188859
55000900130316,2021-01-12,1,0,0.6188859
55000900130316,2021-01-13,1,0,0.6188859
55000900130316,2021-01-14,1,0,0.6188859
55000900130316,2021-01-15,1,0,0.6188859
55000900130316,2021-01-16,1,0,0.6188859
55000900130316,2021-01-17,1,0,0.6188859
55000900130316,2021-01-18,1,0,0.6188859
55000900130316,2021-01-19,1,0,0.6188859
55000900130316,2021-01-20,1,0,0.6188859
55000900130316,2021-01-21,1,0,0.6188859
55000900130316,2021-01-22,1,0,0.6188859
55000900130316,2021-01-23,1,0,0.6188859
55000900130316,2021-01-24,1,0,0.6188859
55000900130316,2021-01-25,1,0,0.6188859
55000900130316,2021-01-26,1,0,0.6188859
55000900130316,2021-01-27,1,0,0.6188859
55000900130316,2021-01-28,1,0,0.6188859
55000900130316,2021-01-29,1,0,0.6188859
55000900130316,2021-01-30,1,0,0.6188859
55000900130316,2021-01-31,1,0,0.6188859
55000900130316,2021-02-01,1,0,0.6188859
55000900130316,2021-02-02,1,0,0.6188859
55000900130316,2021-02-03,1,0,0.6188859
55000900130316,2021-02-04,1,0,0.6188859
55000900130316,2021-02-05,1,0,0.6188859
55000900130316,2021-02-06,1,0,0.6188859
55000900130316,2021-02-07,1,0,0.6188859
55000900130316,2021-02-08,1,0,0.6188859
55000900130316,2021-02-09,1,0,0.6188859
55000900130316,2021-02-10,1,0,0.6188859
55000900130316,2021-02-11,1,0,0.6188859
55000900130316,2021-02-12,1,0,0.6188859
55000900130316,2021-02-13,1,0,0.6188859
55000900130316,2021-02-14,1,0,0.6188859
55000900130316,2021-02-15,1,0,0.6188859
55000900130316,2021-02-16,1,0,0.6188859
55000900130316,2021-02-17,1,0,0.6188859
55000900130316,2021-02-18,1,0,0.6188859
55000900130316,2021-02-19,1,0,0.6188859
55000900130316,2021-02-20,1,0,0.6188859
55000900130316,2021-02-21,1,0,0.6188859
55000900130316,2021-02-22,1,0,0.6188859
55000900130316,2021-02-23,1,0,0.6188859
55000900130316,2021-02-24,1,0,0.6188859
55000900130316,2021-02-25,1,0,0.6188859
55000900130316,2021-02-26,1,0,0.6188859
55000900130316,2021-02-27,1,0,0.6188859
55000900130316,2021-02-28,1,0,0.6188859
55000900130316,2021-03-01,1,0,0.6188859
55000900130316,2021-03-02,1,0,0.6188859
55000900130316,2021-03-03,1,0,0.6188859
55000900130316,2021-03-04,1,0,0.6188859
55000900130316,2021-03-05,1,0,0.6188859
55000900130316,2021-03-06,1,0,0.6188859
55000900130316,2021-03-07,1,0,0.6188859
55000900130316,2021-03-08,1,0,0.6188859
55000900130316,2021-03-09,1,0,0.6188859
55000900130316,2021-03-10,1,0,0.6188859
55000900130316,2021-03-11,1,0,0.6188859
55000900130316,2021-03-12,1,0,0.6188859
55000900130316,2021-03-13,1,0,0.6188859
55000900130316,2021-03-15,1,0,0.6188859
55000900130316,2021-03-16,1,0,0.6188859
55000900130316,2021-03-17,1,0,0.6188859
55000900130316,2021-03-18,1,0,0.6188859
55000900130316,2021-03-19,1,0,0.6188859
55000900130316,2021-03-20,1,0,0.6188859
55000900130316,2021-03-21,1,0,0.6188859
55000900130316,2021-03-22,1,0,0.6188859
55000900130316,2021-03-23,1,0,0.6188859
55000900130316,2021-03-24,1,0,0.6188859
55000900130316,2021-03-25,1,0,0.6188859
55000900130316,2021-03-26,1,0,0.6188859
55000900130316,2021-03-27,1,0,0.6188859
55000900130316,2021-03-28,1,0,0.6188859
55000900130316,2021-03-29,1,0,0.6188859
55000900130316,2021-03-30,1,0,0.6188859
55000900130316,2021-03-31,1,0,0.6188859
55000900130316,2021-04-01,1,0,0.6188859
55000900130316,2021-04-02,1,0,0.6188859
55000900130316,2021-04-03,1,0,0.6188859
55000900130316,2021-04-04,1,0,0.6188859
55000900130316,2021-04-05,1,0,0.6188859
55000900130316,2021-04-06,1,0,0.6188859
55000900130316,2021-04-07,1,0,0.6188859
55000900130316,2021-04-08,1,0,0.6188859
55000900130316,2021-04-09,1,0,0.6188859
55000900130316,2021-04-10,1,0,0.6188859
55000900130316,2021-04-11,1,0,0.6188859
55000900130316,2021-04-12,1,0,0.6188859
55000900130316,2021-04-13,1,0,0.6188859
55000900130316,2021-04-14,1,0,0.6188859
55000900130316,2021-04-15,1,0,0.6188859
55000900130316,2021-04-16,1,0,0.6188859
55000900130316,2021-04-17,1,0,0.6188859
55000900130316,2021-04-18,1,0,0.6188859
55000900130316,2021-04-19,1,0,0.6188859
55000900130316,2021-04-20,1,0,0.6188859
55000900130316,2021-04-21,1,0,0.6188859
55000900130316,2021-04-22,1,0,0.6188859
55000900130316,2021-04-23,1,0,0.6188859
55000900130316,2021-04-24,1,0,0.6188859
55000900130316,2021-04-25,1,0,0.6188859
55000900130316,2021-04-26,1,0,0.6188859
55000900130316,2021-04-27,1,0,0.6188859
55000900130316,2021-04-28,1,0,0.6188859
55000900130316,2021-04-29,1,0,0.6188859
55000900130316,2021-04-30,1,0,0.6188859
55000900130316,2021-05-01,1,0,0.6188859
55000900130316,2021-05-02,1,0,0.6188859
55000900130316,2021-05-03,1,0,0.6188859
55000900130316,2021-05-04,1,0,0.6188859
55000900130316,2021-05-05,1,0,0.6188859
55000900130316,2021-05-06,1,0,0.6188859
55000900130316,2021-05-07,1,0,0.6188859
55000900130316,2021-05-08,1,0,0.6188859
55000900130316,2021-05-09,1,0,0.6188859
55000900130316,2021-05-10,1,0,0.6188859
55000900130316,2021-05-11,1,0,0.6188859
55000900130316,2021-05-12,1,0,0.6188859
55000900130316,2021-05-13,1,0,0.6188859
55000900130316,2021-05-14,1,0,0.6188859
55000900130316,2021-05-15,1,0,0.6188859
55000900130316,2021-05-16,1,0,0.6188859
55000900130316,2021-05-17,1,0,0.6188859
55000900130316,2021-05-18,1,0,0.6188859
55000900130316,2021-05-19,1,0,0.6188859
55000900130316,2021-05-20,1,0,0.6188859
55000900130316,2021-05-21,1,0,0.6188859
55000900130316,2021-05-22,1,0,0.6188859
55000900130316,2021-05-23,1,0,0.6188859
55000900130316,2021-05-24,1,0,0.6188859
55000900130316,2021-05-25,1,0,0.6188859
55000900130316,2021-05-26,1,0,0.6188859
55000900130316,2021-05-27,1,0,0.6188859
55000900130316,2021-05-28,1,0,0.6188859
55000900130316,2021-05-29,1,0,0.6188859
55000900130316,2021-05-30,1,0,0.6188859
55000900130316,2021-05-31,1,0,0.6188859
55000900130316,2021-06-01,1,0,0.6188859
55000900130316,2021-06-02,1,0,0.6188859
55000900130316,2021-06-03,1,0,0.6188859
55000900130316,2021-06-04,1,0,0.6188859
55000900130316,2021-06-05,1,0,0.6188859
55000900130316,2021-06-06,1,0,0.6188859
55000900130316,2021-06-07,1,0,0.6188859
55000900130316,2021-06-08,1,0,0.6188859
55000900130316,2021-06-09,1,0,0.6188859
55000900130316,2021-06-10,1,0,0.6188859
55000900130316,2021-06-11,1,0,0.6188859
55000900130316,2021-06-12,1,0,0.6188859
55000900130316,2021-06-13,1,0,0.6188859
55000900130316,2021-06-14,1,0,0.6188859
55000900130316,2021-06-15,1,0,0.6188859
55000900130316,2021-06-16,0,0,0.6188859
55000900130316,2021-06-17,0,0,0.6188859
55000900130316,2021-06-18,0,0,0.6188859
55000900130316,2021-06-19,0,0,0.011172477
55000900130316,2021-06-20,0,0,0.0066676866
55000900130316,2021-06-21,0,0,0.008913881
55000900130316,2021-06-22,0,0,0.016423002
55000900130316,2021-06-23,0,0,0.022627946
55000900130316,2021-06-24,1,0,0.023163712
55000900130316,2021-06-25,1,0,0.022843773
55000900130316,2021-06-26,0,0,0.02284955
55000900130316,2021-06-27,0,0,0.25832444
55000900130316,2021-06-28,0,0,0.22104535
55000900130316,2021-06-29,0,0,0.111134335
55000900130316,2021-06-30,0,0,0.14376415
55000900130316,2021-07-01,0,0,0.12248981
55000900130316,2021-07-02,0,0,0.1248881
55000900130316,2021-07-03,0,0,0.12702428
55000900130316,2021-07-04,0,0,0.124865584
55000900130316,2021-07-05,0,0,0.12707977
55000900130316,2021-07-06,0,0,0.12663
55000900130316,2021-07-07,0,0,0.12712695
55000900130316,2021-07-08,0,0,0.1281131
55000900130316,2021-07-09,0,0,0.12876461
55000900130316,2021-07-10,0,0,0.12872374
55000900130316,2021-07-11,0,0,0.12840949
55000900130316,2021-07-12,0,0,0.12761383
55000900130316,2021-07-13,0,0,0.12615933
55000900130316,2021-07-14,0,0,0.12449579
55000900130316,2021-07-15,0,0,0.122357115
55000900130316,2021-07-16,0,0,0.11990882
55000900130316,2021-07-17,0,0,0.11785371
55000900130316,2021-07-18,0,0,0.10896093
55000900130316,2021-07-19,0,0,0.10476794
55000900130316,2021-07-20,0,0,0.10781815
55000900130316,2021-07-21,0,0,0.102956496
55000900130316,2021-07-22,0,0,0.07175233
55000900130316,2021-07-23,0,0,0.056121435
55000900130316,2021-07-24,0,0,0.033974703
55000900130316,2021-07-25,0,0,0.09489848
55000900130316,2021-07-26,0,0,0.019612683
55000900130316,2021-07-27,0,0,0.023826309
55000900130316,2021-07-28,0,0,0.014114893
55000900130316,2021-07-29,0,0,0.014114893
55000900130316,2021-07-30,0,0,0.014114893
55000900130316,2021-07-31,0,0,0.014114893
55000900130316,2021-08-01,0,0,0.014114893
55000900130316,2021-08-02,0,0,0.014114893
55000900130316,2021-08-03,0,0,0.014114893
55000900130316,2021-08-04,0,0,0.014114893
55000900130316,2021-08-05,0,0,0.014114893
55000900130316,2021-08-06,0,0,0.014114893
55000900130316,2021-08-07,0,0,0.014114893
55000900130316,2021-08-08,0,0,0.014114893
55000900130316,2021-08-09,0,0,0.014114893
55000900130316,2021-08-10,0,0,0.014114893
55000900130316,2021-08-11,0,0,0.014114893
55000900130316,2021-08-12,0,0,0.014114893
55000900130316,2021-08-13,0,0,0.014114893
55000900130316,2021-08-14,0,0,0.014114893
55000900130316,2021-08-15,0,0,0.014114893
55000900130316,2021-08-16,0,0,0.014114893
55000900130316,2021-08-17,0,0,0.014114893
55000900130316,2021-08-18,0,0,0.014114893
55000900130316,2021-08-19,0,0,0.014114893
55000900130316,2021-08-20,0,0,0.014114893
55000900130316,2021-08-21,0,0,0.014114893
55000900130316,2021-08-22,0,0,0.014114893
55000900130316,2021-08-23,0,0,0.014114893
55000900130316,2021-08-24,0,0,0.014114893
55000900130316,2021-08-25,0,0,0.014114893
55000900130316,2021-08-26,0,0,0.014114893
55000900130316,2021-08-27,0,0,0.014114893
55000900130316,2021-08-28,0,0,0.014114893
55000900130316,2021-08-29,0,0,0.014114893
55000900130316,2021-08-30,0,0,0.014114893
55000900130316,2021-08-31,0,0,0.014114893
55000900130316,2021-09-01,0,0,0.014114893
55000900130316,2021-09-02,0,0,0.014114893
55000900130316,2021-09-03,0,0,0.014114893
55000900130316,2021-09-04,0,0,0.014114893
55000900130316,2021-09-05,0,0,0.014114893
55000900130316,2021-09-06,0,0,0.014114893
55000900130316,2021-09-07,0,0,0.014114893
55000900130316,2021-09-08,0,0,0.014114893
55000900130316,2021-09-09,0,0,0.014114893
55000900130316,2021-09-10,0,0,0.014114893
55000900130316,2021-09-11,0,0,0.014114893
55000900130316,2021-09-12,0,0,0.014114893
55000900130316,2021-09-13,0,0,0.014114893
55000900130316,2021-09-14,0,0,0.014114893
55000900130316,2021-09-15,0,0,0.014114893
55000900130316,2021-09-16,0,0,0.014114893
55000900130316,2021-09-17,0,0,0.014114893
55000900130316,2021-09-18,1,0,0.014114893
55000900130316,2021-09-19,1,0,0.014114893
55000900130316,2021-09-20,1,0,0.014114893
55000900130316,2021-09-21,0,0,0.12962988
55000900130316,2021-09-22,0,0,0.07614492
55000900130316,2021-09-23,0,0,0.12775578
55000900130316,2021-09-24,0,0,0.0800607
55000900130316,2021-09-25,0,0,0.08481002
55000900130316,2021-09-26,0,0,0.0891592
55000900130316,2021-09-27,1,0,0.09560309
55000900130316,2021-09-28,1,0,0.09898783
55000900130316,2021-09-29,1,0,0.09900387
55000900130316,2021-09-30,0,0,0.50621074
55000900130316,2021-10-01,0,0,0.5480537
55000900130316,2021-10-02,0,0,0.6318078
55000900130316,2021-10-03,0,0,0.17562376
55000900130316,2021-10-04,0,0,0.19985572
55000900130316,2021-10-05,0,0,0.16816016
55000900130316,2021-10-06,0,0,0.16677453
55000900130316,2021-10-07,0,0,0.17708836
55000900130316,2021-10-08,0,0,0.1679077
55000900130316,2021-10-09,0,0,0.17427614
55000900130316,2021-10-10,0,0,0.17079085
55000900130316,2021-10-11,0,0,0.17152034
55000900130316,2021-10-12,0,0,0.17211223
55000900130316,2021-10-13,0,0,0.17225564
55000900130316,2021-10-14,0,0,0.17240089
55000900130316,2021-10-15,0,0,0.17115252
55000900130316,2021-10-16,0,0,0.1623649
55000900130316,2021-10-17,0,0,0.15920691
55000900130316,2021-10-18,0,0,0.15136488
55000900130316,2021-10-19,0,0,0.19620506
55000900130316,2021-10-20,0,0,0.133392
55000900130316,2021-10-21,1,0,0.13052674
55000900130316,2021-10-22,1,0,0.12837555
55000900130316,2021-10-23,1,0,0.11833971
55000900130316,2021-10-24,1,0,0.5462802
55000900130316,2021-10-25,1,0,0.5227221
55000900130316,2021-10-26,1,0,0.53513765
55000900130316,2021-10-27,1,0,0.43693143
55000900130316,2021-10-28,1,0,0.7089071
55000900130316,2021-10-29,1,0,0.36525702
55000900130316,2021-10-30,1,0,0.38693392
55000900130316,2021-10-31,1,0,0.40741968
55000900130316,2021-11-01,1,0,0.3816271
55000900130316,2021-11-02,1,0,0.4672759
55000900130316,2021-11-03,1,0,0.6216881
55000900130316,2021-11-04,1,0,0.7672619
55000900130316,2021-11-05,1,0,0.8739905
55000900130316,2021-11-06,1,0,0.930721
55000900130316,2021-11-07,1,0,0.9462369
55000900130316,2021-11-08,1,0,0.9799556
55000900130316,2021-11-09,1,0,0.9880606
55000900130316,2021-11-10,1,0,0.9937423
55000900130316,2021-11-11,1,0,0.99484634
55000900130316,2021-11-12,1,0,0.9955461
55000900130316,2021-11-13,1,0,0.9949477
55000900130316,2021-11-14,1,0,0.99611306
55000900130316,2021-11-15,1,0,0.9948448
55000900130316,2021-11-16,1,0,0.99593216
55000900130316,2021-11-17,1,0,0.9943954
55000900130316,2021-11-18,1,0,0.9954293
55000900130316,2021-11-19,1,0,0.99337065
55000900130316,2021-11-20,1,0,0.9949269
55000900130316,2021-11-21,1,0,0.9955291
55000900130316,2021-11-22,1,0,0.6188859
55000900130316,2021-11-23,1,0,0.6188859
55000900130316,2021-11-24,1,0,0.6188859
55000900130316,2021-11-25,1,0,0.6188859
55000900130316,2021-11-26,1,0,0.6188859
55000900130316,2021-11-27,1,0,0.6188859
55000900130316,2021-11-28,1,0,0.6188859
55000900130316,2021-11-29,1,0,0.6188859
55000900130316,2021-11-30,1,0,0.6188859
55000900130316,2021-12-01,1,0,0.6188859
55000900130316,2021-12-02,1,0,0.6188859
55000900130316,2021-12-03,1,0,0.6188859
55000900130316,2021-12-04,1,0,0.6188859
55000900130316,2021-12-05,1,0,0.6188859
55000900130316,2021-12-06,1,0,0.6188859
55000900130316,2021-12-07,1,0,0.6188859
55000900130316,2021-12-08,1,0,0.6188859
55000900130316,2021-12-09,1,0,0.6188859
55000900130316,2021-12-10,1,0,0.6188859
55000900130316,2021-12-11,1,0,0.6188859
55000900130316,2021-12-12,1,0,0.6188859
55000900130316,2021-12-13,1,0,0.6188859
55000900130316,2021-12-14,1,0,0.6188859
55000900130316,2021-12-15,1,0,0.6188859
55000900130316,2021-12-16,1,0,0.6188859
55000900130316,2021-12-17,1,0,0.6188859
55000900130316,2021-12-18,1,0,0.6188859
55000900130316,2021-12-19,1,0,0.6188859
55000900130316,2021-12-20,1,0,0.6188859
55000900130316,2021-12-21,1,0,0.6188859
55000900130316,2021-12-22,1,0,0.6188859
55000900130316,2021-12-23,1,0,0.6188859
55000900130316,2021-12-24,1,0,0.6188859
55000900130316,2021-12-25,1,0,0.6188859
55000900130316,2021-12-26,1,0,0.6188859
55000900130316,2021-12-27,1,0,0.6188859
55000900130316,2021-12-28,1,0,0.6188859
55000900130316,2021-12-29,1,0,0.6188859
55000900130316,2021-12-30,1,0,0.6188859
55000900130316,2021-12-31,1,0,0.6188859
55000900130316,2022-01-01,1,0,0.6188859
55000900130316,2022-01-02,1,0,0.6188859
55000900130316,2022-01-03,1,0,0.6188859
55000900130316,2022-01-04,1,0,0.6188859
55000900130316,2022-01-05,1,0,0.6188859
55000900130316,2022-01-06,1,0,0.6188859
55000900130316,2022-01-07,1,0,0.6188859
55000900130316,2022-01-08,1,0,0.6188859
55000900130316,2022-01-09,1,0,0.6188859
55000900130316,2022-01-10,1,0,0.6188859
55000900130316,2022-01-11,1,0,0.6188859
55000900130316,2022-01-12,1,0,0.6188859
55000900130316,2022-01-13,1,0,0.6188859
55000900130316,2022-01-14,1,0,0.6188859
55000900130316,2022-01-15,1,0,0.6188859
55000900130316,2022-01-16,1,0,0.6188859
55000900130316,2022-01-17,1,0,0.6188859
55000900130316,2022-01-18,1,0,0.6188859
55000900130316,2022-01-19,1,0,0.6188859
55000900130316,2022-01-20,1,0,0.6188859
55000900130316,2022-01-21,1,0,0.6188859
55000900130316,2022-01-22,1,0,0.6188859
55000900130316,2022-01-23,1,0,0.6188859
55000900130316,2022-01-24,1,0,0.6188859
55000900130316,2022-01-25,1,0,0.6188859
55000900130316,2022-01-26,1,0,0.6188859
55000900130316,2022-01-27,1,0,0.6188859
55000900130316,2022-01-28,1,0,0.6188859
55000900130316,2022-01-29,1,0,0.6188859
55000900130316,2022-01-30,1,0,0.6188859
55000900130316,2022-01-31,1,0,0.6188859
55000900130316,2022-02-01,1,0,0.6188859
55000900130316,2022-02-02,1,0,0.6188859
55000900130316,2022-02-03,1,0,0.6188859
55000900130316,2022-02-04,1,0,0.6188859
55000900130316,2022-02-05,1,0,0.6188859
55000900130316,2022-02-06,1,0,0.6188859
55000900130316,2022-02-07,1,0,0.6188859
55000900130316,2022-02-08,1,0,0.6188859
55000900130316,2022-02-09,1,0,0.6188859
55000900130316,2022-02-10,1,0,0.6188859
55000900130316,2022-02-11,1,0,0.6188859
55000900130316,2022-02-12,1,0,0.6188859
55000900130316,2022-02-13,1,0,0.6188859
55000900130316,2022-02-14,1,0,0.6188859
55000900130316,2022-02-15,1,0,0.6188859
55000900130316,2022-02-16,1,0,0.6188859
55000900130316,2022-02-17,1,0,0.6188859
55000900130316,2022-02-18,1,0,0.6188859
55000900130316,2022-02-19,1,0,0.6188859
55000900130316,2022-02-20,1,0,0.6188859
55000900130316,2022-02-21,1,0,0.6188859
55000900130316,2022-02-22,1,0,0.6188859
55000900130316,2022-02-23,1,0,0.6188859
55000900130316,2022-02-24,1,0,0.6188859
55000900130316,2022-02-25,1,0,0.6188859
55000900130316,2022-02-26,1,0,0.6188859
55000900130316,2022-02-27,1,0,0.6188859
55000900130316,2022-02-28,1,0,0.6188859
55000900130316,2022-03-01,1,0,0.6188859
55000900130316,2022-03-02,1,0,0.6188859
55000900130316,2022-03-03,1,0,0.6188859
55000900130316,2022-03-04,1,0,0.6188859
55000900130316,2022-03-05,1,0,0.6188859
55000900130316,2022-03-06,1,0,0.6188859
55000900130316,2022-03-07,1,0,0.6188859
55000900130316,2022-03-08,1,0,0.6188859
55000900130316,2022-03-09,1,0,0.6188859
55000900130316,2022-03-10,1,0,0.6188859
55000900130316,2022-03-11,1,0,0.6188859
55000900130316,2022-03-12,1,0,0.6188859
55000900130316,2022-03-14,1,0,0.6188859
55000900130316,2022-03-15,1,0,0.6188859
55000900130316,2022-03-16,1,0,0.6188859
55000900130316,2022-03-17,1,0,0.6188859
55000900130316,2022-03-18,1,0,0.6188859
55000900130316,2022-03-19,1,0,0.6188859
55000900130316,2022-03-20,1,0,0.6188859
55000900130316,2022-03-21,1,0,0.6188859
55000900130316,2022-03-22,1,0,0.6188859
55000900130316,2022-03-23,1,0,0.6188859
55000900130316,2022-03-24,1,0,0.6188859
55000900130316,2022-03-25,1,0,0.6188859
55000900130316,2022-03-26,1,0,0.6188859
55000900130316,2022-03-27,1,0,0.6188859
55000900130316,2022-03-28,1,0,0.6188859
55000900130316,2022-03-29,1,0,0.6188859
55000900130316,2022-03-30,1,0,0.6188859
55000900130316,2022-03-31,1,0,0.6188859
55000900130316,2022-04-01,1,0,0.6188859
55000900130316,2022-04-02,1,0,0.6188859
55000900130316,2022-04-03,1,0,0.6188859
55000900130316,2022-04-04,1,0,0.6188859
55000900130316,2022-04-05,1,0,0.6188859
55000900130316,2022-04-06,1,0,0.6188859
55000900130316,2022-04-07,1,0,0.6188859
55000900130316,2022-04-08,1,0,0.6188859
55000900130316,2022-04-09,1,0,0.6188859
55000900130316,2022-04-10,1,0,0.6188859
55000900130316,2022-04-11,1,0,0.6188859
55000900130316,2022-04-12,1,0,0.6188859
55000900130316,2022-04-13,1,0,0.6188859
55000900130316,2022-04-14,1,0,0.6188859
55000900130316,2022-04-15,1,0,0.6188859
55000900130316,2022-04-16,1,0,0.6188859
55000900130316,2022-04-17,1,0,0.6188859
55000900130316,2022-04-18,1,0,0.6188859
55000900130316,2022-04-19,1,0,0.6188859
55000900130316,2022-04-20,1,0,0.6188859
55000900130316,2022-04-21,1,0,0.6188859
55000900130316,2022-04-22,1,0,0.6188859
55000900130316,2022-04-23,1,0,0.6188859
55000900130316,2022-04-24,1,0,0.6188859
55000900130316,2022-04-25,1,0,0.6188859
55000900130316,2022-04-26,1,0,0.6188859
55000900130316,2022-04-27,1,0,0.6188859
55000900130316,2022-04-28,1,0,0.6188859
55000900130316,2022-04-29,1,0,0.6188859
55000900130316,2022-04-30,1,0,0.6188859
55000900130316,2022-05-01,1,0,0.6188859
55000900130316,2022-05-02,1,0,0.6188859
55000900130316,2022-05-03,1,0,0.6188859
55000900130316,2022-05-04,1,0,0.6188859
55000900130316,2022-05-05,1,0,0.6188859
55000900130316,2022-05-06,1,0,0.6188859
55000900130316,2022-05-07,1,0,0.6188859
55000900130316,2022-05-08,1,0,0.6188859
55000900130316,2022-05-09,1,0,0.6188859
55000900130316,2022-05-10,1,0,0.6188859
55000900130316,2022-05-11,1,0,0.6188859
55000900130316,2022-05-12,1,0,0.6188859
55000900130316,2022-05-13,1,0,0.6188859
55000900130316,2022-05-14,1,0,0.6188859
55000900130316,2022-05-15,1,0,0.6188859
55000900130316,2022-05-16,1,0,0.6188859
55000900130316,2022-05-17,1,0,0.6188859
55000900130316,2022-05-18,1,0,0.6188859
55000900130316,2022-05-19,1,0,0.6188859
55000900130316,2022-05-20,1,0,0.6188859
55000900130316,2022-05-21,1,0,0.6188859
55000900130316,2022-05-22,1,0,0.6188859
55000900130316,2022-05-23,1,0,0.6188859
55000900130316,2022-05-24,1,0,0.6188859
55000900130316,2022-05-25,1,0,0.6188859
55000900130316,2022-05-26,1,0,0.6188859
55000900130316,2022-05-27,1,0,0.6188859
55000900130316,2022-05-28,1,0,0.6188859
55000900130316,2022-05-29,1,0,0.6188859
55000900130316,2022-05-30,1,0,0.6188859
55000900130316,2022-05-31,1,0,0.6188859
55000900130316,2022-06-01,1,0,0.6188859
55000900130316,2022-06-02,1,0,0.6188859
55000900130316,2022-06-03,1,0,0.6188859
55000900130316,2022-06-04,1,0,0.6188859
55000900130316,2022-06-05,1,0,0.6188859
55000900130316,2022-06-06,1,0,0.6188859
55000900130316,2022-06-07,1,0,0.6188859
55000900130316,2022-06-08,1,0,0.6188859
55000900130316,2022-06-09,1,0,0.6188859
55000900130316,2022-06-10,1,0,0.6188859
55000900130316,2022-06-11,1,0,0.6188859
55000900130316,2022-06-12,1,0,0.6188859
55000900130316,2022-06-13,1,0,0.6188859
55000900130316,2022-06-14,1,0,0.6188859
55000900130316,2022-06-15,1,0,0.6188859
55000900130316,2022-06-16,1,0,0.6188859
55000900130316,2022-06-17,1,0,0.6188859
55000900130316,2022-06-18,1,0,0.6188859
55000900130316,2022-06-19,1,0,0.6188859
55000900130316,2022-06-20,1,0,0.6188859
55000900130316,2022-06-21,1,0,0.6188859
55000900130316,2022-06-22,1,0,0.6188859
55000900130316,2022-06-23,1,0,0.6188859
55000900130316,2022-06-24,1,0,0.6188859
55000900130316,2022-06-25,1,0,0.6188859
55000900130316,2022-06-26,1,0,0.6188859
55000900130316,2022-06-29,1,0,0.6188859
55000900130316,2022-06-30,1,0,0.6188859
55000900130316,2022-07-01,1,0,0.6188859
55000900130316,2022-07-02,1,0,0.6188859
55000900130316,2022-07-03,1,0,0.6188859
55000900130316,2022-07-04,1,0,0.6188859
55000900130316,2022-07-05,1,0,0.6188859
55000900130316,2022-07-06,1,0,0.6188859
55000900130316,2022-07-07,1,0,0.6188859
55000900130316,2022-07-08,1,0,0.6188859
55000900130316,2022-07-09,1,0,0.6188859
55000900130316,2022-07-10,1,0,0.6188859
55000900130316,2022-07-11,1,0,0.6188859
55000900130316,2022-07-12,1,0,0.6188859
55000900130316,2022-07-13,1,0,0.6188859
55000900130316,2022-07-14,1,0,0.6188859
55000900130316,2022-07-15,1,0,0.6188859
55000900130316,2022-07-16,1,0,0.6188859
55000900130316,2022-07-17,1,0,0.6188859
55000900130316,2022-07-18,1,0,0.6188859
55000900130316,2022-07-19,1,0,0.6188859
55000900130316,2022-07-20,1,0,0.6188859
55000900130316,2022-07-21,1,0,0.6188859
55000900130316,2022-07-22,1,0,0.6188859
55000900130316,2022-07-23,1,0,0.6188859
55000900130316,2022-07-24,1,0,0.6188859
55000900130316,2022-07-25,1,0,0.6188859
55000900130316,2022-07-26,1,0,0.6188859
55000900130316,2022-07-27,1,0,0.6188859
55000900130316,2022-07-28,1,0,0.6188859
55000900130316,2022-07-29,1,0,0.6188859
55000900130316,2022-07-30,1,0,0.6188859
55000900130316,2022-07-31,1,0,0.6188859
55000900130316,2022-08-01,1,0,0.6188859
55000900130316,2022-08-02,1,0,0.6188859
55000900130316,2022-08-03,1,0,0.6188859
55000900130316,2022-08-04,1,0,0.6188859
55000900130316,2022-08-05,1,0,0.6188859
55000900130316,2022-08-06,1,0,0.6188859
55000900130316,2022-08-07,1,0,0.6188859
55000900130316,2022-08-08,1,0,0.6188859
55000900130316,2022-08-09,1,0,0.6188859
55000900130316,2022-08-10,1,0,0.6188859
55000900130316,2022-08-11,1,0,0.6188859
55000900130316,2022-08-12,1,0,0.6188859
55000900130316,2022-08-13,1,0,0.6188859
55000900130316,2022-08-14,1,0,0.6188859
55000900130316,2022-08-15,1,0,0.6188859
55000900130316,2022-08-16,1,0,0.6188859
55000900130316,2022-08-17,1,0,0.6188859
55000900130316,2022-08-18,1,0,0.6188859
55000900130316,2022-08-19,1,0,0.6188859
55000900130316,2022-08-20,1,0,0.6188859
55000900130316,2022-08-21,1,0,0.6188859
55000900130316,2022-08-22,1,0,0.6188859
55000900130316,2022-08-23,1,0,0.6188859
55000900130316,2022-08-24,1,0,0.6188859
55000900130316,2022-08-25,1,0,0.6188859
55000900130316,2022-08-26,0,0,0.6188859
55000900130316,2022-08-27,0,0,0.6188859
55000900130316,2022-08-28,0,0,0.6188859
55000900130316,2022-08-29,0,0,0.011172477
55000900130316,2022-08-30,0,0,0.0066676866
55000900130316,2022-08-31,0,0,0.008913881
55000900130316,2022-09-01,0,0,0.016423002
55000900130316,2022-09-02,0,0,0.022627946
55000900130316,2022-09-03,0,0,0.023163712
55000900130316,2022-09-04,0,0,0.022843773
55000900130316,2022-09-05,0,0,0.02284955
55000900130316,2022-09-06,0,0,0.02226556
55000900130316,2022-09-07,0,0,0.022221683
55000900130316,2022-09-08,0,0,0.021754416
55000900130316,2022-09-09,0,0,0.021639993
55000900130316,2022-09-10,0,0,0.021262579
55000900130316,2022-09-11,0,0,0.021133969
55000900130316,2022-09-12,0,0,0.020823188
55000900130316,2022-09-13,0,0,0.020669613
55000900130316,2022-09-14,0,0,0.020390706
55000900130316,2022-09-15,0,0,0.020198097
55000900130316,2022-09-16,0,0,0.01989956
55000900130316,2022-09-17,0,0,0.019657208
55000900130316,2022-09-18,0,0,0.019362941
55000900130316,2022-09-19,0,0,0.019133698
55000900130316,2022-09-20,0,0,0.018897304
55000900130316,2022-09-21,1,0,0.018825749
55000900130316,2022-09-22,1,0,0.019003863
55000900130316,2022-09-23,0,0,0.019280521
55000900130316,2022-09-24,0,0,0.18471858
55000900130316,2022-09-25,0,0,0.12493063
55000900130316,2022-09-26,0,0,0.08014946
55000900130316,2022-09-27,0,0,0.076342896
55000900130316,2022-09-28,0,0,0.076200455
55000900130316,2022-09-29,0,0,0.08037699
55000900130316,2022-09-30,0,0,0.08267022
55000900130316,2022-10-01,0,0,0.0849864
55000900130316,2022-10-02,0,0,0.08736312
55000900130316,2022-10-03,0,0,0.08938297
55000900130316,2022-10-04,0,0,0.09053933
55000900130316,2022-10-05,0,0,0.0933031
55000900130316,2022-10-06,0,0,0.0942519
55000900130316,2022-10-07,0,0,0.09677179
55000900130316,2022-10-08,0,0,0.09743148
55000900130316,2022-10-09,0,0,0.10016978
55000900130316,2022-10-10,0,0,0.100144535
55000900130316,2022-10-11,0,0,0.10327114
55000900130316,2022-10-12,0,0,0.10253125
55000900130316,2022-10-13,0,0,0.106152385
55000900130316,2022-10-14,0,0,0.10419231
55000900130316,2022-10-15,0,0,0.10896093
55000900130316,2022-10-16,0,0,0.10476794
55000900130316,2022-10-17,0,0,0.10781815
55000900130316,2022-10-18,0,0,0.102956496
55000900130316,2022-10-19,0,0,0.07175233
55000900130316,2022-10-20,0,0,0.056121435
55000900130316,2022-10-21,1,0,0.033974703
55000900130316,2022-10-22,1,0,0.09489848
55000900130316,2022-10-23,1,0,0.019612683
55000900130316,2022-10-24,1,0,0.19784702
55000900130316,2022-10-25,1,0,0.07614492
55000900130316,2022-10-26,1,0,0.12775578
55000900130316,2022-10-27,1,0,0.16259807
55000900130316,2022-10-28,0,0,0.18692657
55000900130316,2022-10-29,0,0,0.21514547
55000900130316,2022-10-30,0,0,0.26492748
55000900130316,2022-10-31,0,0,0.08179384
55000900130316,2022-11-01,1,0,0.09480366
55000900130316,2022-11-02,1,0,0.084847525
55000900130316,2022-11-03,1,0,0.08320586
55000900130316,2022-11-04,1,0,0.46821466
55000900130316,2022-11-05,1,0,0.5388452
55000900130316,2022-11-06,1,0,0.6832853
55000900130316,2022-11-07,1,0,0.7767253
55000900130316,2022-11-08,1,0,0.8707796
55000900130316,2022-11-09,1,0,0.8959948
55000900130316,2022-11-10,1,0,0.9059329
55000900130316,2022-11-11,1,0,0.91196245
55000900130316,2022-11-12,1,0,0.9284686
55000900130316,2022-11-13,1,0,0.93781835
55000900130316,2022-11-14,1,0,0.9696221
55000900130316,2022-11-15,1,0,0.9813014
55000900130316,2022-11-16,1,0,0.99054444
55000900130316,2022-11-17,1,0,0.9945727
55000900130316,2022-11-18,0,0,0.9936005
55000900130316,2022-11-19,0,0,0.9960247
55000900130316,2022-11-20,0,0,0.99447894
55000900130316,2022-11-21,0,0,0.8068219
55000900130316,2022-11-22,1,0,0.24711205
55000900130316,2022-11-23,1,0,0.107488565
55000900130316,2022-11-24,1,0,0.10763605
55000900130316,2022-11-25,1,0,0.5351103
55000900130316,2022-11-26,1,0,0.6593992
55000900130316,2022-11-27,1,0,0.7305872
55000900130316,2022-11-28,1,0,0.7876182
55000900130316,2022-11-29,1,0,0.8426918
55000900130316,2022-11-30,1,0,0.87025446
55000900130316,2022-12-01,1,0,0.76753545
55000900130316,2022-12-02,1,0,0.89505655
55000900130316,2022-12-03,1,0,0.78799546
55000900130316,2022-12-04,1,0,0.8657673
55000900130316,2022-12-05,1,0,0.92094284
55000900130316,2022-12-06,1,0,0.9419814
55000900130316,2022-12-07,1,0,0.98171747
55000900130316,2022-12-08,1,0,0.9909027
55000900130316,2022-12-09,1,0,0.992722
55000900130316,2022-12-10,1,0,0.99559563
55000900130316,2022-12-11,1,0,0.99380773
55000900130316,2022-12-12,1,0,0.995886
55000900130316,2022-12-13,1,0,0.9940858
55000900130316,2022-12-14,1,0,0.99570554
55000900130316,2022-12-15,1,0,0.99415684
55000900130316,2022-12-16,1,0,0.9956201
55000900130316,2022-12-17,1,0,0.9940941
55000900130316,2022-12-18,1,0,0.99555004
55000900130316,2022-12-19,1,0,0.9940514
55000900130316,2022-12-20,1,0,0.9954293
55000900130316,2022-12-21,1,0,0.99337065
55000900130316,2022-12-22,1,0,0.9949269
55000900130316,2022-12-23,1,0,0.9955291
55000900130316,2022-12-24,1,0,0.6188859
55000900130316,2022-12-25,1,0,0.6188859
55000900130316,2022-12-26,1,0,0.6188859
55000900130316,2022-12-27,1,0,0.6188859
55000900130316,2022-12-28,1,0,0.6188859
55000900130316,2022-12-29,1,0,0.6188859
55000900130316,2022-12-30,1,0,0.6188859
55000900130316,2022-12-31,1,0,0.6188859
55000900130316,2023-01-01,1,0,0.6188859
55000900130316,2023-01-02,1,0,0.6188859
55000900130316,2023-01-03,1,0,0.6188859
55000900130316,2023-01-04,1,0,0.6188859
55000900130316,2023-01-05,1,0,0.6188859
55000900130316,2023-01-06,1,0,0.6188859
55000900130316,2023-01-07,1,0,0.6188859
55000900130316,2023-01-08,1,0,0.6188859
55000900130316,2023-01-09,1,0,0.6188859
55000900130316,2023-01-10,1,0,0.6188859
55000900130316,2023-01-11,1,0,0.6188859
55000900130316,2023-01-12,1,0,0.6188859
55000900130316,2023-01-13,1,0,0.6188859
55000900130316,2023-01-14,1,0,0.6188859
55000900130316,2023-01-15,1,0,0.6188859
55000900130316,2023-01-16,1,0,0.6188859
55000900130316,2023-01-17,1,0,0.6188859
55000900130316,2023-01-18,1,0,0.6188859
55000900130316,2023-01-19,1,0,0.6188859
55000900130316,2023-01-20,1,0,0.6188859
55000900130316,2023-01-21,1,0,0.6188859
55000900130316,2023-01-22,1,0,0.6188859
55000900130316,2023-01-23,1,0,0.6188859
55000900130316,2023-01-24,1,0,0.6188859
55000900130316,2023-01-25,1,0,0.6188859
55000900130316,2023-01-26,1,0,0.6188859
55000900130316,2023-01-27,1,0,0.6188859
55000900130316,2023-01-28,1,0,0.6188859
55000900130316,2023-01-29,1,0,0.6188859
55000900130316,2023-01-30,1,0,0.6188859
55000900130316,2023-01-31,1,0,0.6188859
55000900130316,2023-02-01,1,0,0.6188859
55000900130316,2023-02-02,1,0,0.6188859
55000900130316,2023-02-03,1,0,0.6188859
55000900130316,2023-02-04,1,0,0.6188859
55000900130316,2023-02-05,1,0,0.6188859
55000900130316,2023-02-06,1,0,0.6188859
55000900130316,2023-02-07,1,0,0.6188859
55000900130316,2023-02-08,1,0,0.6188859
55000900130316,2023-02-09,1,0,0.6188859
55000900130316,2023-02-10,1,0,0.6188859
55000900130316,2023-02-11,1,0,0.6188859
55000900130316,2023-02-12,1,0,0.6188859
55000900130316,2023-02-13,1,0,0.6188859
55000900130316,2023-02-14,1,0,0.6188859
55000900130316,2023-02-15,1,0,0.6188859
55000900130316,2023-02-16,1,0,0.6188859
55000900130316,2023-02-17,1,0,0.6188859
55000900130316,2023-02-18,1,0,0.6188859
55000900130316,2023-02-19,1,0,0.6188859
55000900130316,2023-02-20,1,0,0.6188859
55000900130316,2023-02-21,1,0,0.6188859
55000900130316,2023-02-22,1,0,0.6188859
55000900130316,2023-02-23,1,0,0.6188859
55000900130316,2023-02-24,1,0,0.6188859
55000900130316,2023-02-25,1,0,0.6188859
55000900130316,2023-02-26,1,0,0.6188859
55000900130316,2023-02-27,1,0,0.6188859
55000900130316,2023-02-28,1,0,0.6188859
55000900130316,2023-03-01,1,0,0.6188859
55000900130316,2023-03-02,1,0,0.6188859
55000900130316,2023-03-03,1,0,0.6188859
55000900130316,2023-03-04,1,0,0.6188859
55000900130316,2023-03-05,1,0,0.6188859
55000900130316,2023-03-06,1,0,0.6188859
55000900130316,2023-03-07,1,0,0.6188859
55000900130316,2023-03-08,1,0,0.6188859
55000900130316,2023-03-09,1,0,0.6188859
55000900130316,2023-03-10,1,0,0.6188859
55000900130316,2023-03-11,1,0,0.6188859
55000900130316,2023-03-13,1,0,0.6188859
55000900130316,2023-03-14,1,0,0.6188859
55000900130316,2023-03-15,1,0,0.6188859
55000900130316,2023-03-16,1,0,0.6188859
55000900130316,2023-03-17,1,0,0.6188859
55000900130316,2023-03-18,1,0,0.6188859
55000900130316,2023-03-19,1,0,0.6188859
55000900130316,2023-03-20,1,0,0.6188859
55000900130316,2023-03-21,1,0,0.6188859
55000900130316,2023-03-22,1,0,0.6188859
55000900130316,2023-03-23,1,0,0.6188859
55000900130316,2023-03-24,1,0,0.6188859
55000900130316,2023-03-25,1,0,0.6188859
55000900130316,2023-03-26,1,0,0.6188859
55000900130316,2023-03-27,1,0,0.6188859
55000900130316,2023-03-28,1,0,0.6188859
55000900130316,2023-03-29,1,0,0.6188859
55000900130316,2023-03-30,1,0,0.6188859
55000900130316,2023-03-31,1,0,0.6188859
55000900130316,2023-04-01,1,0,0.6188859
55000900130316,2023-04-02,1,0,0.6188859
55000900130316,2023-04-03,1,0,0.6188859
55000900130316,2023-04-04,1,0,0.6188859
55000900130316,2023-04-05,1,0,0.6188859
55000900130316,2023-04-06,1,0,0.6188859
55000900130316,2023-04-07,1,0,0.6188859
55000900130316,2023-04-08,1,0,0.6188859
55000900130316,2023-04-09,1,0,0.6188859
55000900130316,2023-04-10,1,0,0.6188859
55000900130316,2023-04-11,1,0,0.6188859
55000900130316,2023-04-12,1,0,0.6188859
55000900130316,2023-04-13,1,0,0.6188859
55000900130316,2023-04-14,1,0,0.6188859
55000900130316,2023-04-15,1,0,0.6188859
55000900130316,2023-04-16,1,0,0.6188859
55000900130316,2023-04-17,1,0,0.6188859
55000900130316,2023-04-18,1,0,0.6188859
55000900130316,2023-04-19,1,0,0.6188859
55000900130316,2023-04-20,1,0,0.6188859
55000900131558,2020-09-11,1,9,0.99999106
55000900131558,2020-09-12,1,9,0.9999865
55000900131558,2020-09-13,1,9,0.9999913
55000900131558,2020-09-14,1,9,0.99999523
55000900131558,2020-09-15,1,9,0.9999944
55000900131558,2020-09-16,1,9,0.9999958
55000900131558,2020-09-17,1,9,0.9999958
55000900131558,2020-09-18,1,9,0.9999933
55000900131558,2020-09-19,1,9,0.9999925
55000900131558,2020-09-20,1,9,0.99999213
55000900131558,2020-09-21,1,9,0.9999875
55000900131558,2020-09-22,1,9,0.9999616
55000900131558,2020-09-23,1,9,0.9999943
55000900131558,2020-09-24,1,9,0.9999918
55000900131558,2020-09-25,1,9,0.99998796
55000900131558,2020-09-26,1,9,0.99996257
55000900131558,2020-09-27,1,9,0.9999846
55000900131558,2020-09-28,1,9,0.9999951
55000900131558,2020-09-29,1,9,0.99999845
55000900131558,2020-09-30,1,9,0.99999774
55000900131558,2020-10-01,1,9,0.9999999
55000900131558,2020-10-02,1,9,0.9999988
55000900131558,2020-10-03,1,9,0.9999982
55000900131558,2020-10-04,1,9,0.9999957
55000900131558,2020-10-05,1,9,0.99999845
55000900131558,2020-10-06,1,9,0.99999905
55000900131558,2020-10-07,1,9,0.99999833
55000900131558,2020-10-08,1,9,0.9999969
55000900131558,2020-10-09,1,9,0.9999993
55000900131558,2020-10-10,1,9,0.99999905
55000900131558,2020-10-11,1,9,0.9999989
55000900131558,2020-10-12,1,9,0.99999917
55000900131558,2020-10-13,1,9,0.9999987
55000900131558,2020-10-14,1,9,0.99999917
55000900131558,2020-10-15,1,9,0.99999857
55000900131558,2020-10-16,1,9,0.9999957
55000900131558,2020-10-17,1,9,0.9999999
55000900131558,2020-10-18,1,9,0.99999964
55000900131558,2020-10-19,1,9,0.99999976
55000900131558,2020-10-20,1,0,0.99999976
55000900131558,2020-10-21,1,0,0.9999989
55000900133417,2020-09-11,1,0,0.9999982
55000900133417,2020-09-12,1,0,0.9999974
55000900133417,2020-09-13,1,0,0.9999969
55000900133417,2020-09-14,1,0,0.9999975
55000900133417,2020-09-15,1,0,0.9999976
55000900133417,2020-09-16,1,0,0.9999982
55000900133417,2020-09-17,1,0,0.9999982
55000900133417,2020-09-18,1,0,0.99999774
55000900133417,2020-09-19,1,0,0.99999607
55000900133417,2020-09-20,1,0,0.9999943
55000900133417,2020-09-21,1,0,0.9999993
55000900133417,2020-09-22,1,0,0.9999989
55000900133417,2020-09-23,1,0,0.99999976
55000900133417,2020-09-24,1,0,0.9999995
55000900133417,2020-09-25,1,0,0.9999995
55000900133417,2020-09-26,1,0,0.9999999
55000900133417,2020-09-27,1,0,0.9999995
55000900133417,2020-09-28,1,0,0.9999962
55000900133417,2020-09-29,1,0,0.99999774
55000900133417,2020-09-30,1,0,0.99999976
55000900133417,2020-10-01,1,0,0.9999988
55000900133417,2020-10-02,1,0,0.9999987
55000900133417,2020-10-03,1,0,0.9999994
55000900133417,2020-10-04,1,0,0.9999995
55000900133417,2020-10-05,1,0,0.99999964
55000900133417,2020-10-06,1,0,0.99999905
55000900133417,2020-10-07,1,0,0.99999905
55000900133417,2020-10-08,1,0,0.9999988
55000900133417,2020-10-09,1,0,0.99999917
55000900133417,2020-10-10,1,0,0.9999994
55000900133417,2020-10-11,1,0,0.99999976
55000900133417,2020-10-12,1,0,0.9999999
55000900133417,2020-10-13,1,0,0.99999905
55000900133417,2020-10-14,1,0,0.9999981
55000900133417,2020-10-15,1,0,0.99999976
55000900133417,2020-10-16,1,0,0.9999994
55000900133417,2020-10-17,1,0,0.9999999
55000900133417,2020-10-18,1,0,0.9999999
55000900133417,2020-10-19,1,0,0.9999999
55000900133417,2020-10-20,1,0,0.99999964
55000900133417,2020-10-21,1,0,0.9999982
55000900133417,2020-10-22,1,0,0.99999714
55000900133417,2020-10-23,1,0,0.99999785
55000900133417,2020-10-24,1,0,0.999997
55000900133417,2020-10-25,1,0,0.9999963
55000900133417,2020-10-26,1,0,0.99999595
55000900133417,2020-10-27,1,0,0.9999944
55000900133417,2020-10-28,1,0,0.9999989
55000900133417,2020-10-29,1,0,0.9999989
55000900133417,2020-10-30,1,0,0.99999714
55000900133417,2020-10-31,1,0,0.9999993
55000900133417,2020-11-01,1,0,0.9999974
55000900133417,2020-11-02,1,0,0.9999989
55000900133417,2020-11-03,1,0,0.9999995
55000900133417,2020-11-04,1,0,0.9999989
55000900133417,2020-11-05,1,0,0.99999976
55000900133417,2020-11-06,1,0,0.99999976
55000900133417,2020-11-07,1,0,0.99999964
55000900133417,2020-11-08,1,0,0.999997
55000900133417,2020-11-09,1,0,0.99999774
55000900133417,2020-11-10,1,0,0.99999905
55000900133417,2020-11-11,1,0,0.99999917
55000900133417,2020-11-12,1,0,0.9999994
55000900133417,2020-11-13,1,0,0.99999094
55000900133417,2020-11-14,1,0,0.9999931
55000900133417,2020-11-16,1,0,0.9999715
55000900133417,2020-11-17,1,0,0.99999094
55000900133417,2020-11-18,1,0,0.9999938
55000900133417,2020-11-19,1,0,0.9999982
55000900133417,2020-11-20,1,0,0.99999857
55000900133417,2020-11-21,1,0,0.9999938
55000900133417,2020-11-22,1,0,0.99999523
55000900133417,2020-11-23,1,0,0.9999995
55000900133417,2020-11-24,1,0,0.9999999
55000900133417,2020-11-25,1,0,0.99999976
55000900133417,2020-11-26,1,0,0.99999917
55000900133417,2020-11-27,1,0,0.9999999
55000900133417,2020-11-28,1,0,0.9999994
55000900133417,2020-11-29,1,0,0.9999995
55000900133417,2020-11-30,1,0,0.9999999
55000900133417,2020-12-01,1,0,0.99999964
55000900167054,2020-09-11,1,9,0.9999989
55000900167054,2020-09-12,1,9,0.99999726
55000900167054,2020-09-13,1,9,0.9999888
55000900167054,2020-09-14,1,9,0.99998724
55000900167054,2020-09-15,1,9,0.99998975
55000900167054,2020-09-16,1,9,0.9999851
55000900167054,2020-09-17,1,9,0.9999887
55000900167054,2020-09-18,1,9,0.9999895
55000900167054,2020-09-19,1,9,0.9999938
55000900167054,2020-09-20,1,9,0.99999285
55000900167054,2020-09-21,1,9,0.99999297
55000900167054,2020-09-22,1,9,0.9999924
55000900167054,2020-09-23,1,9,0.9999927
55000900167054,2020-09-24,1,9,0.9999896
55000900167054,2020-09-25,1,9,0.9999924
55000900167054,2020-09-26,1,9,0.99999726
55000900167054,2020-09-27,1,9,0.9999509
55000900167054,2020-09-28,1,9,0.999998
55000900167054,2020-09-29,1,9,0.99999654
55000900167054,2020-09-30,1,9,0.9999951
55000900167054,2020-10-01,1,9,0.99999905
55000900167054,2020-10-02,1,9,0.99999666
55000900167054,2020-10-03,1,9,0.9999918
55000900167054,2020-10-04,1,9,0.9999932
55000900167054,2020-10-05,1,9,0.9999964
55000900167054,2020-10-06,1,9,0.9999964
55000900167054,2020-10-07,1,9,0.99999654
55000900167054,2020-10-08,1,9,0.9999974
55000900167054,2020-10-09,1,9,0.9999957
55000900167054,2020-10-10,1,9,0.99999666
55000900167054,2020-10-11,1,9,0.9999958
55000900167054,2020-10-12,1,9,0.9999958
55000900167054,2020-10-13,1,9,0.9999975
55000900167054,2020-10-14,1,9,0.999997
55000900167054,2020-10-15,1,9,0.99999774
55000900167054,2020-10-16,1,9,0.99999666
55000900167054,2020-10-17,1,9,0.9999988
55000900167054,2020-10-18,1,9,0.99999905
55000900167054,2020-10-19,1,0,0.9999949
55000900167054,2020-10-20,1,0,0.99999034
55000900167055,2020-09-11,1,0,0.9999999
55000900167055,2020-09-12,1,0,0.9999999
55000900167055,2020-09-13,1,0,1.0
55000900167055,2020-09-14,1,0,0.99999976
55000900167055,2020-09-15,1,0,0.99999964
55000900167055,2020-09-16,1,0,0.99999976
55000900167055,2020-09-17,1,0,0.9999999
55000900167055,2020-09-18,1,0,0.9999999
55000900167055,2020-09-19,1,0,0.9999999
55000900167055,2020-09-20,1,0,0.9999999
55000900167055,2020-09-21,1,0,0.9999999
55000900167055,2020-09-22,1,0,0.99999976
55000900167055,2020-09-23,1,0,0.99999976
55000900167055,2020-09-24,1,0,0.99999976
55000900167055,2020-09-25,1,0,0.99999976
55000900167055,2020-09-26,1,0,0.99999976
55000900167055,2020-09-27,1,0,0.9999995
55000900167055,2020-09-28,1,0,0.9999999
55000900167055,2020-09-29,1,0,0.9999993
55000900167055,2020-09-30,1,0,0.9999999
55000900167055,2020-10-01,1,0,0.99999976
55000900167055,2020-10-02,1,0,0.9999999
55000900167055,2020-10-03,1,0,0.9999999
55000900167055,2020-10-04,1,0,0.99999976
55000900167055,2020-10-05,1,0,0.9999995
55000900167055,2020-10-06,1,0,0.99999976
55000900167055,2020-10-07,1,0,0.9999999
55000900167055,2020-10-08,1,0,0.9999999
55000900167055,2020-10-09,1,0,0.9999999
55000900167055,2020-10-10,1,0,0.99999976
55000900167055,2020-10-11,1,0,0.99999964
55000900167055,2020-10-12,1,0,0.99999964
55000900167055,2020-10-13,1,0,0.9999982
55000900167055,2020-10-14,1,0,0.99999726
55000900167055,2020-10-15,1,0,0.99999833
55000900167055,2020-10-16,1,0,0.99999857
55000900167055,2020-10-17,1,0,0.9999995
55000900167055,2020-10-18,1,0,0.9999988
55000900167055,2020-10-19,1,0,0.9999993
55000900167055,2020-10-20,1,0,0.99999857
55000900167055,2020-10-21,1,0,0.9999987
55000900167055,2020-10-22,1,0,0.99999905
55000900167055,2020-10-23,1,0,0.99999845
55000900167055,2020-10-24,1,0,0.99999976
55000900167055,2020-10-25,1,0,0.9999982
55000900167055,2020-10-26,1,0,0.99999917
55000900167055,2020-10-27,1,0,0.9999995
55000900167055,2020-10-28,1,0,0.9999999
55000900167055,2020-10-29,1,0,0.9999999
55000900167055,2020-10-30,1,0,0.99999905
55000900167055,2020-10-31,1,0,0.99999666
55000900167055,2020-11-01,1,0,0.99999845
55000900167055,2020-11-02,1,0,0.9999988
55000900167055,2020-11-03,1,0,0.99999905
55000900167055,2020-11-04,1,0,0.99999976
55000900167055,2020-11-05,1,0,0.9999999
55000900167055,2020-11-06,1,0,0.99999964
55000900167055,2020-11-07,1,0,0.99999917
55000900167055,2020-11-08,1,0,0.9999975
55000900167055,2020-11-09,1,0,0.99999833
55000900167055,2020-11-10,1,0,0.9999999
55000900167055,2020-11-11,1,0,1.0
55000900167055,2020-11-12,1,0,0.9999999
55000900167055,2020-11-13,1,0,0.99999964
55000900167055,2020-11-14,1,0,1.0
55000900167055,2020-11-16,1,0,0.9999995
55000900167055,2020-11-17,1,0,0.99999905
55000900167055,2020-11-18,1,0,0.99999774
55000900167055,2020-11-19,1,0,0.99999774
55000900167055,2020-11-20,1,0,0.9999994
55000900167055,2020-11-21,1,0,0.9999995
55000900167055,2020-11-22,1,0,0.9999994
55000900167055,2020-11-23,1,0,1.0
55000900167055,2020-11-24,1,0,0.99999976
55000900167055,2020-11-25,1,0,1.0
55000900167055,2020-11-26,1,0,0.9999999
55000900167055,2020-11-27,1,0,0.99999964
55000900167055,2020-11-28,1,0,0.99999964
55000900167055,2020-11-29,1,0,0.99999964
55000900167055,2020-11-30,1,0,0.99999845
55000900167692,2020-09-11,1,9,0.9999975
55000900167692,2020-09-12,1,9,0.9999925
55000900167692,2020-09-13,1,9,0.9999957
55000900167692,2020-09-14,1,9,0.99998546
55000900167692,2020-09-15,1,9,0.9999939
55000900167692,2020-09-16,1,9,0.9999913
55000900167692,2020-09-17,1,9,0.9999962
55000900167692,2020-09-19,1,9,0.99999654
55000900167692,2020-09-20,1,9,0.999997
55000900167692,2020-09-21,1,9,0.99999714
55000900167692,2020-09-22,1,9,0.9999957
55000900167692,2020-09-23,1,9,0.99999714
55000900167692,2020-09-24,1,9,0.9999963
55000900167692,2020-09-25,1,9,0.9999987
55000900167692,2020-09-26,1,9,0.99999857
55000900167692,2020-09-27,1,9,0.9999982
55000900167692,2020-09-28,1,9,0.99999917
55000900167692,2020-09-29,1,9,0.99999976
55000900167692,2020-09-30,1,9,0.9999999
55000900167692,2020-10-01,1,9,0.99999976
55000900167692,2020-10-02,1,9,0.99999976
55000900167692,2020-10-03,1,9,0.9999994
55000900167692,2020-10-04,1,9,0.9999994
55000900167692,2020-10-05,1,9,0.9999994
55000900167692,2020-10-10,1,9,0.99999905
55000900167692,2020-10-11,1,9,0.9999995
55000900167692,2020-10-12,1,9,0.99999917
55000900167692,2020-10-13,1,9,0.99999976
55000900167692,2020-10-14,1,9,0.99999905
55000900167692,2020-10-15,1,9,0.99999976
55000900167692,2020-10-16,1,9,0.9999993
55000900167692,2020-10-17,1,9,1.0
55000900167692,2020-10-18,1,0,0.9999999
55000900167692,2020-10-19,1,0,0.99999976
55000900167704,2020-09-11,1,9,0.99878114
55000900167704,2020-09-12,1,9,0.99864537
55000900167704,2020-09-13,1,9,0.99923897
55000900167704,2020-09-14,1,9,0.99988484
55000900167704,2020-09-15,1,9,0.99996257
55000900167704,2020-09-16,1,9,0.9996406
55000900167704,2020-09-17,1,9,0.99997675
55000900167704,2020-09-18,1,9,0.9999759
55000900167704,2020-09-19,1,9,0.9999821
55000900167704,2020-09-20,1,9,0.9999789
55000900167704,2020-09-21,1,9,0.99999774
55000900167704,2020-09-22,1,9,0.9999995
55000900167704,2020-09-23,1,9,0.999997
55000900167704,2020-09-24,1,9,0.9999982
55000900167704,2020-09-25,1,9,0.99999833
55000900167704,2020-09-26,1,9,0.99999654
55000900167704,2020-09-27,1,9,0.9999956
55000900167704,2020-09-28,1,9,0.9999949
55000900167704,2020-09-29,1,9,0.99999833
55000900167704,2020-09-30,1,9,0.9999958
55000900167704,2020-10-01,1,9,0.99999607
55000900167704,2020-10-02,1,9,0.9999976
55000900167704,2020-10-03,1,9,0.99999547
55000900167704,2020-10-04,1,9,0.9999968
55000900167704,2020-10-05,1,9,0.99999535
55000900167704,2020-10-06,1,9,0.99999714
55000900167704,2020-10-07,1,9,0.99999774
55000900167704,2020-10-08,1,9,0.9999448
55000900167704,2020-10-09,1,9,0.99995494
55000900167704,2020-10-10,1,9,0.9999974
55000900167704,2020-10-11,1,9,0.99999917
55000900167704,2020-10-12,1,9,0.999997
55000900167704,2020-10-13,1,9,0.99999845
55000900167704,2020-10-14,1,9,0.99999917
55000900167704,2020-10-15,1,9,0.9999989
55000900167704,2020-10-16,1,9,0.99999905
55000900167704,2020-10-17,1,9,0.99999774
55000900167704,2020-10-18,1,9,0.99999857
55000900167704,2020-10-19,1,9,0.99999774
55000900167704,2020-10-20,1,9,0.99999726
55000900167704,2020-10-21,1,9,0.9999944
55000900167704,2020-10-22,0,0,0.999992
55000900167704,2020-10-23,0,0,0.99998915
55000900167704,2020-10-24,0,0,0.99999547
55000900167704,2020-10-25,1,0,0.9999591
55000900167704,2020-10-26,1,0,0.99908566
55000900167704,2020-10-27,1,0,0.9998604
55000900167704,2020-10-28,1,0,0.9999877
55000900167704,2020-10-29,0,0,0.999894
55000900167704,2020-10-30,0,0,0.9999851
55000900167704,2020-10-31,0,0,0.99994123
55000900167704,2020-11-01,0,0,0.98976713
55000900167704,2020-11-02,0,0,0.98342043
55000900167704,2020-11-03,0,0,0.8256783
55000900167704,2020-11-04,0,0,0.54682
55000900167704,2020-11-05,1,0,0.27931544
55000900167704,2020-11-06,1,0,0.094833784
55000900167704,2020-11-07,1,0,0.20861319
55000900167704,2020-11-08,0,0,0.9616989
55000900167704,2020-11-09,0,0,0.99813926
55000900167704,2020-11-10,1,0,0.9998894
55000900167704,2020-11-11,1,0,0.99995303
55000900167704,2020-11-12,1,0,0.8342485
55000900167704,2020-11-13,1,0,0.99535036
55000900167704,2020-11-14,1,0,0.98297083
55000900167704,2020-11-15,1,0,0.96773136
55000900167704,2020-11-16,1,0,0.9991904
55000900167704,2020-11-17,1,0,0.999864
55000900167704,2020-11-18,1,0,0.9965198
55000900167704,2020-11-19,1,0,0.9710528
55000900167704,2020-11-20,1,0,0.99877983
55000900167704,2020-11-21,1,0,0.9989784
55000900167704,2020-11-22,1,0,0.9993206
55000900167704,2020-11-23,1,0,0.9997663
55000900167704,2020-11-24,1,0,0.99973613
55000900167704,2020-11-25,1,0,0.99975044
55000900167704,2020-11-26,1,0,0.9997577
55000900167704,2020-11-27,1,0,0.9740592
55000900167704,2020-11-28,1,0,0.99865806
55000900167704,2020-11-29,1,0,0.99839133
55000900167704,2020-11-30,1,0,0.9987093
55000900167704,2020-12-01,1,0,0.9904253
55000900167704,2020-12-02,1,0,0.9631318
55000900167704,2020-12-03,1,0,0.98340523
55000900167704,2020-12-04,1,0,0.9977475
55000900167704,2020-12-05,1,0,0.99350077
55000900167704,2020-12-06,1,0,0.9996462
55000900167704,2020-12-07,1,0,0.9992556
55000900167704,2020-12-08,1,0,0.99540734
55000900167704,2020-12-09,1,0,0.9985617
55000900167704,2020-12-10,1,0,0.9759582
55000900167704,2020-12-11,1,0,0.9997626
55000900167704,2020-12-12,1,0,0.9999684
55000900167704,2020-12-13,1,0,0.99982625
55000900167704,2020-12-14,1,0,0.99992394
55000900167704,2020-12-15,1,0,0.9999541
55000900167704,2020-12-16,1,0,0.9997334
55000900167704,2020-12-17,1,0,0.99984014
55000900167704,2020-12-18,1,0,0.9997955
55000900167704,2020-12-19,1,0,0.9999815
55000900167704,2020-12-20,1,0,0.9999794
55000900167704,2020-12-21,1,0,0.9999809
55000900167704,2020-12-22,1,0,0.99999416
55000900167704,2020-12-23,1,0,0.9999925
55000900167704,2020-12-24,1,0,0.9999927
55000900167704,2020-12-25,1,0,0.99998045
55000900167704,2020-12-26,1,0,0.99999404
55000900167704,2020-12-27,1,0,0.99995255
55000900167704,2020-12-28,1,0,0.9995988
55000900167704,2020-12-29,1,0,0.99963665
55000900167704,2020-12-30,1,0,0.9999871
55000900167704,2020-12-31,1,0,0.99990535
55000900167704,2021-01-01,1,0,0.99988914
55000900167704,2021-01-02,1,0,0.9988686
55000900167704,2021-01-03,1,0,0.99977154
55000900167704,2021-01-04,1,0,0.9999603
55000900167704,2021-01-05,1,0,0.99998796
55000900167704,2021-01-06,1,0,0.99997985
55000900167704,2021-01-07,1,0,0.99997306
55000900167704,2021-01-08,1,0,0.99997616
55000900167704,2021-01-09,1,0,0.99998057
55000900167704,2021-01-10,1,0,0.99997973
55000900167704,2021-01-11,1,0,0.99998975
55000900167704,2021-01-12,1,0,0.9999937
55000900167704,2021-01-13,1,0,0.9999957
55000900167704,2021-01-14,1,0,0.9999957
55000900167704,2021-01-15,1,0,0.9999963
55000900167704,2021-01-16,1,0,0.9999937
55000900167704,2021-01-17,1,0,0.99999285
55000900167704,2021-01-18,1,0,0.9999851
55000900167704,2021-01-19,1,0,0.9999881
55000900167704,2021-01-20,1,0,0.99998474
55000900167704,2021-01-21,1,0,0.99999
55000900167704,2021-01-22,1,0,0.9999883
55000900167704,2021-01-23,1,0,0.9999926
55000900167704,2021-01-24,1,0,0.99999285
55000900167704,2021-01-25,1,0,0.99999106
55000900167704,2021-01-26,1,0,0.9999925
55000900167704,2021-01-27,1,0,0.9999939
55000900167704,2021-01-28,1,0,0.9999956
55000900167704,2021-01-29,1,0,0.9999943
55000900167704,2021-01-30,1,0,0.9999926
55000900167704,2021-01-31,1,0,0.99998665
55000900167704,2021-02-01,1,0,0.9999856
55000900167704,2021-02-02,1,0,0.9999856
55000900167704,2021-02-03,1,0,0.9999856
55000900167704,2021-02-04,1,0,0.9999856
55000900167704,2021-02-05,1,0,0.9999856
55000900167704,2021-02-06,1,0,0.9999856
55000900167704,2021-02-07,1,0,0.9999856
55000900167704,2021-02-08,1,0,0.9999856
55000900167704,2021-02-09,1,0,0.9999856
55000900167704,2021-02-10,1,0,0.9999856
55000900167704,2021-02-11,1,0,0.9999856
55000900167704,2021-02-12,1,0,0.9999856
55000900167704,2021-02-13,1,0,0.9999856
55000900167704,2021-02-14,1,0,0.9999856
55000900167704,2021-02-15,1,0,0.9999856
55000900167704,2021-02-16,1,0,0.9999856
55000900167704,2021-02-17,1,0,0.9999856
55000900167704,2021-02-18,1,0,0.9999856
55000900167704,2021-02-19,1,0,0.9999856
55000900167704,2021-02-20,1,0,0.9999856
55000900167704,2021-02-21,1,0,0.9999856
55000900167704,2021-02-22,1,0,0.9999856
55000900167704,2021-02-23,1,0,0.9999856
55000900167704,2021-02-24,1,0,0.9999856
55000900167704,2021-02-25,1,0,0.9999856
55000900167704,2021-02-26,1,0,0.9999856
55000900167704,2021-02-27,1,0,0.9999856
55000900167704,2021-02-28,1,0,0.9999856
55000900167704,2021-03-01,1,0,0.9999856
55000900167704,2021-03-02,1,0,0.9999856
55000900167704,2021-03-03,1,0,0.9999856
55000900167704,2021-03-04,1,0,0.9999856
55000900167704,2021-03-05,1,0,0.9999856
55000900167704,2021-03-06,1,0,0.9999856
55000900167704,2021-03-07,1,0,0.9999856
55000900167704,2021-03-08,1,0,0.9999856
55000900167704,2021-03-09,1,0,0.9999856
55000900167704,2021-03-10,1,0,0.9999856
55000900167704,2021-03-11,1,0,0.9999856
55000900167704,2021-03-12,1,0,0.9999856
55000900167704,2021-03-13,1,0,0.9999856
55000900167704,2021-03-15,1,0,0.9999856
55000900167704,2021-03-16,1,0,0.9999856
55000900167704,2021-03-17,1,0,0.9999856
55000900167704,2021-03-18,1,0,0.9999856
55000900167704,2021-03-19,1,0,0.9999856
55000900167704,2021-03-20,1,0,0.9999856
55000900167704,2021-03-21,1,0,0.9999856
55000900167704,2021-03-22,1,0,0.9999856
55000900167704,2021-03-23,1,0,0.9999856
55000900167704,2021-03-24,1,0,0.9999856
55000900167704,2021-03-25,1,0,0.9999856
55000900167704,2021-03-26,1,0,0.9999856
55000900167704,2021-03-27,1,0,0.9999856
55000900167704,2021-03-28,1,0,0.9999856
55000900167704,2021-03-29,1,0,0.9999856
55000900167704,2021-03-30,1,0,0.9999856
55000900167704,2021-03-31,1,0,0.9999856
55000900167704,2021-04-01,1,0,0.9999856
55000900167704,2021-04-02,1,0,0.9999856
55000900167704,2021-04-03,1,0,0.9999856
55000900167704,2021-04-04,1,0,0.9999856
55000900167704,2021-04-05,1,0,0.9999856
55000900167704,2021-04-06,1,0,0.9999856
55000900167704,2021-04-07,1,0,0.9999856
55000900167704,2021-04-08,1,0,0.9999856
55000900167704,2021-04-09,1,0,0.9999856
55000900167704,2021-04-10,1,0,0.9999856
55000900167704,2021-04-11,1,0,0.9999856
55000900167704,2021-04-12,1,0,0.9999856
55000900167704,2021-04-13,1,0,0.9999856
55000900167704,2021-04-14,1,0,0.9999856
55000900167704,2021-04-15,1,0,0.9999856
55000900167704,2021-04-16,1,0,0.9999856
55000900167704,2021-04-17,1,0,0.9999856
55000900167704,2021-04-18,1,0,0.9999856
55000900167704,2021-04-19,1,0,0.9999856
55000900167704,2021-04-20,1,0,0.9999856
55000900167704,2021-04-21,1,0,0.9999856
55000900167704,2021-04-22,1,0,0.9999856
55000900167704,2021-04-23,1,0,0.9999856
55000900167704,2021-04-24,1,0,0.9999856
55000900167704,2021-04-25,1,0,0.9999856
55000900167704,2021-04-26,1,0,0.9999856
55000900167704,2021-04-27,1,0,0.9999856
55000900167704,2021-04-28,1,0,0.9999856
55000900167704,2021-04-29,1,0,0.9999856
55000900167704,2021-04-30,1,0,0.9999856
55000900167704,2021-05-01,1,0,0.9999856
55000900167704,2021-05-02,1,0,0.9999856
55000900167704,2021-05-03,1,0,0.9999856
55000900167704,2021-05-04,1,0,0.9999856
55000900167704,2021-05-05,1,0,0.9999856
55000900167704,2021-05-06,1,0,0.9999856
55000900167704,2021-05-07,1,0,0.9999856
55000900167704,2021-05-08,1,0,0.9999856
55000900167704,2021-05-09,1,0,0.9999856
55000900167704,2021-05-10,1,0,0.9999856
55000900167704,2021-05-11,1,0,0.9999856
55000900167704,2021-05-12,1,0,0.9999856
55000900167704,2021-05-13,1,0,0.9999856
55000900167704,2021-05-14,1,0,0.9999856
55000900167704,2021-05-15,1,0,0.9999856
55000900167704,2021-05-16,1,0,0.9999856
55000900167704,2021-05-17,1,0,0.9999856
55000900167704,2021-05-18,1,0,0.9999856
55000900167704,2021-05-19,1,0,0.9999856
55000900167704,2021-05-20,1,0,0.9999856
55000900167704,2021-05-21,1,0,0.9999856
55000900167704,2021-05-22,1,0,0.9999856
55000900167704,2021-05-23,1,0,0.9999856
55000900167704,2021-05-24,1,0,0.9999856
55000900167704,2021-05-25,1,0,0.9999856
55000900167704,2021-05-26,1,0,0.9999856
55000900167704,2021-05-27,1,0,0.9999856
55000900167704,2021-05-28,1,0,0.9999856
55000900167704,2021-05-29,1,0,0.9999856
55000900167704,2021-05-30,1,0,0.9999856
55000900167704,2021-05-31,1,0,0.9999856
55000900167704,2021-06-01,1,0,0.9999856
55000900167704,2021-06-02,1,0,0.9999856
55000900167704,2021-06-03,1,0,0.9999856
55000900167704,2021-06-04,1,0,0.9999856
55000900167704,2021-06-05,1,0,0.9999856
55000900167704,2021-06-06,1,0,0.9999856
55000900167704,2021-06-07,1,0,0.9999856
55000900167704,2021-06-08,1,0,0.9999856
55000900167704,2021-06-09,1,0,0.9999856
55000900167704,2021-06-10,1,0,0.9999856
55000900167704,2021-06-11,1,0,0.9999856
55000900167704,2021-06-12,1,0,0.9999856
55000900167704,2021-06-13,1,0,0.9999856
55000900167704,2021-06-14,1,0,0.9999856
55000900167704,2021-06-15,1,0,0.9999856
55000900167704,2021-06-16,1,0,0.9999856
55000900167704,2021-06-17,1,0,0.9999856
55000900167704,2021-06-18,1,0,0.9999856
55000900167704,2021-06-19,1,0,0.9999856
55000900167704,2021-06-20,1,0,0.9999856
55000900167704,2021-06-21,1,0,0.9999856
55000900167704,2021-06-22,1,0,0.9999856
55000900167704,2021-06-23,1,0,0.9999856
55000900167704,2021-06-24,1,0,0.9999856
55000900167704,2021-06-25,1,0,0.9999856
55000900167704,2021-06-26,1,0,0.9999856
55000900167704,2021-06-27,1,0,0.9999856
55000900167704,2021-06-28,1,0,0.9999856
55000900167704,2021-06-29,1,0,0.9999856
55000900167704,2021-06-30,1,0,0.9999856
55000900167704,2021-07-01,1,0,0.9999856
55000900167704,2021-07-02,1,0,0.9999856
55000900167704,2021-07-03,1,0,0.9999856
55000900167704,2021-07-04,1,0,0.9999856
55000900167704,2021-07-05,1,0,0.9999856
55000900167704,2021-07-06,1,0,0.9999856
55000900167704,2021-07-07,1,0,0.9999856
55000900167704,2021-07-08,1,0,0.9999856
55000900167704,2021-07-09,0,0,0.9999856
55000900167704,2021-07-10,0,0,0.9999856
55000900167704,2021-07-11,0,0,0.9999856
55000900167704,2021-07-12,0,0,0.99999535
55000900167704,2021-07-13,0,0,0.9999939
55000900167704,2021-07-14,0,0,0.9999962
55000900167704,2021-07-15,0,0,0.9999924
55000900167704,2021-07-16,0,0,0.99999523
55000900167704,2021-07-17,0,0,0.9999931
55000900167704,2021-07-18,0,0,0.9999951
55000900167704,2021-07-19,0,0,0.9999925
55000900167704,2021-07-20,0,0,0.99999464
55000900167704,2021-07-21,0,0,0.99999285
55000900167704,2021-07-22,0,0,0.9999944
55000900167704,2021-07-23,0,0,0.99999285
55000900167704,2021-07-24,0,0,0.99999416
55000900167704,2021-07-25,0,0,0.99999297
55000900167704,2021-07-26,0,0,0.9999939
55000900167704,2021-07-27,0,0,0.9999931
55000900167704,2021-07-28,0,0,0.9999938
55000900167704,2021-07-29,0,0,0.9999932
55000900167704,2021-07-30,0,0,0.9999937
55000900167704,2021-07-31,0,0,0.9999932
55000900167704,2021-08-01,0,0,0.99999356
55000900167704,2021-08-02,0,0,0.9999932
55000900167704,2021-08-03,0,0,0.99999344
55000900167704,2021-08-04,0,0,0.9999932
55000900167704,2021-08-05,0,0,0.9999932
55000900167704,2021-08-06,0,0,0.9999931
55000900167704,2021-08-07,0,0,0.99999285
55000900167704,2021-08-08,0,0,0.9999925
55000900167704,2021-08-09,0,0,0.99999154
55000900167704,2021-08-10,0,0,0.9887122
55000900167704,2021-08-11,0,0,0.9887122
55000900167704,2021-08-12,0,0,0.9887122
55000900167704,2021-08-13,0,0,0.9887122
55000900167704,2021-08-14,0,0,0.9887122
55000900167704,2021-08-15,0,0,0.9887122
55000900167704,2021-08-16,0,0,0.9887122
55000900167704,2021-08-17,0,0,0.9887122
55000900167704,2021-08-18,0,0,0.9887122
55000900167704,2021-08-20,0,0,0.9887122
55000900167704,2021-08-21,0,0,0.9887122
55000900167704,2021-08-22,0,0,0.9887122
55000900167704,2021-08-23,0,0,0.9887122
55000900167704,2021-08-24,0,0,0.9887122
55000900167704,2021-08-25,0,0,0.9887122
55000900167704,2021-08-26,0,0,0.9887122
55000900167704,2021-08-27,0,0,0.9887122
55000900167704,2021-08-28,0,0,0.9887122
55000900167704,2021-08-29,0,0,0.9887122
55000900167704,2021-08-30,0,0,0.9887122
55000900167704,2021-08-31,0,0,0.9887122
55000900167704,2021-09-01,0,0,0.9887122
55000900167704,2021-09-02,0,0,0.9887122
55000900167704,2021-09-03,0,0,0.9887122
55000900167704,2021-09-04,0,0,0.9887122
55000900167704,2021-09-05,0,0,0.9887122
55000900167704,2021-09-06,0,0,0.9887122
55000900167704,2021-09-07,0,0,0.9887122
55000900167704,2021-09-08,0,0,0.9887122
55000900167704,2021-09-09,0,0,0.9887122
55000900167704,2021-09-10,0,0,0.9887122
55000900167704,2021-09-11,0,0,0.9887122
55000900167704,2021-09-12,0,0,0.9887122
55000900167704,2021-09-13,0,0,0.9887122
55000900167704,2021-09-14,0,0,0.9887122
55000900167704,2021-09-15,0,0,0.9887122
55000900167704,2021-09-16,0,0,0.9887122
55000900167704,2021-09-17,0,0,0.9887122
55000900167704,2021-09-18,1,0,0.9887122
55000900167704,2021-09-19,1,0,0.9887122
55000900167704,2021-09-20,0,0,0.9887122
55000900167704,2021-09-21,0,0,0.998431
55000900167704,2021-09-22,0,0,0.9978744
55000900167704,2021-09-23,0,0,0.99417996
55000900167704,2021-09-24,0,0,0.99883634
55000900167704,2021-09-25,0,0,0.9985917
55000900167704,2021-09-26,0,0,0.99709845
55000900167704,2021-09-27,1,0,0.9914432
55000900167704,2021-09-28,1,0,0.98783225
55000900167704,2021-09-29,0,0,0.9827649
55000900167704,2021-09-30,0,0,0.9986065
55000900167704,2021-10-01,0,0,0.9995493
55000900167704,2021-10-02,0,0,0.9996247
55000900167704,2021-10-03,0,0,0.9994155
55000900167704,2021-10-04,0,0,0.9980837
55000900167704,2021-10-05,0,0,0.9901744
55000900167704,2021-10-06,0,0,0.97247297
55000900167704,2021-10-07,0,0,0.9614931
55000900167704,2021-10-08,0,0,0.9761989
55000900167704,2021-10-09,0,0,0.977231
55000900167704,2021-10-10,0,0,0.97239494
55000900167704,2021-10-11,0,0,0.9797222
55000900167704,2021-10-12,0,0,0.9731933
55000900167704,2021-10-13,0,0,0.9751927
55000900167704,2021-10-14,0,0,0.97741026
55000900167704,2021-10-15,0,0,0.99992466
55000900167704,2021-10-16,0,0,0.99993825
55000900167704,2021-10-17,0,0,0.99998367
55000900167704,2021-10-18,0,0,0.9999924
55000900167704,2021-10-19,0,0,0.9999944
55000900167704,2021-10-21,0,0,0.9999931
55000900167704,2021-10-22,1,0,0.9999918
55000900167704,2021-10-23,1,0,0.9847403
55000900167704,2021-10-24,1,0,0.98780173
55000900167704,2021-10-25,1,0,0.99991405
55000900167704,2021-10-26,1,0,0.9999193
55000900167704,2021-10-27,1,0,0.9999689
55000900167704,2021-10-28,1,0,0.99998415
55000900167704,2021-10-29,1,0,0.9999895
55000900167704,2021-10-30,1,0,0.9999852
55000900167704,2021-10-31,1,0,0.99998474
55000900167704,2021-11-01,1,0,0.99987936
55000900167704,2021-11-02,1,0,0.999905
55000900167704,2021-11-03,1,0,0.9998473
55000900167704,2021-11-04,1,0,0.9998964
55000900167704,2021-11-05,1,0,0.9998093
55000900167704,2021-11-06,1,0,0.99988043
55000900167704,2021-11-07,1,0,0.9998128
55000900167704,2021-11-08,1,0,0.99984705
55000900167704,2021-11-09,1,0,0.99975353
55000900167704,2021-11-10,1,0,0.9998227
55000900167704,2021-11-11,1,0,0.9996594
55000900167704,2021-11-12,1,0,0.9998307
55000900167704,2021-11-13,1,0,0.9996019
55000900167704,2021-11-14,1,0,0.9998016
55000900167704,2021-11-15,1,0,0.999546
55000900167704,2021-11-16,1,0,0.99954814
55000900167704,2021-11-17,1,0,0.99948573
55000900167704,2021-11-18,1,0,0.99953437
55000900167704,2021-11-19,1,0,0.9999374
55000900167704,2021-11-20,1,0,0.99996865
55000900167704,2021-11-21,1,0,0.99997544
55000900167704,2021-11-22,1,0,0.9999919
55000900167704,2021-11-23,1,0,0.9999856
55000900167704,2021-11-24,1,0,0.9999856
55000900167704,2021-11-25,1,0,0.9999856
55000900167704,2021-11-26,1,0,0.9999856
55000900167704,2021-11-27,1,0,0.9999856
55000900167704,2021-11-28,1,0,0.9999856
55000900167704,2021-11-29,1,0,0.9999856
55000900167704,2021-11-30,1,0,0.9999856
55000900167704,2021-12-01,1,0,0.9999856
55000900167704,2021-12-02,1,0,0.9999856
55000900167704,2021-12-03,1,0,0.9999856
55000900167704,2021-12-04,1,0,0.9999856
55000900167704,2021-12-05,1,0,0.9999856
55000900167704,2021-12-06,1,0,0.9999856
55000900167704,2021-12-07,1,0,0.9999856
55000900167704,2021-12-08,1,0,0.9999856
55000900167704,2021-12-09,1,0,0.9999856
55000900167704,2021-12-10,1,0,0.9999856
55000900167704,2021-12-11,1,0,0.9999856
55000900167704,2021-12-12,1,0,0.9999856
55000900167704,2021-12-13,1,0,0.9999856
55000900167704,2021-12-14,1,0,0.9999856
55000900167704,2021-12-15,1,0,0.9999856
55000900167704,2021-12-16,1,0,0.9999856
55000900167704,2021-12-17,1,0,0.9999856
55000900167704,2021-12-18,1,0,0.9999856
55000900167704,2021-12-19,1,0,0.9999856
55000900167704,2021-12-20,1,0,0.9999856
55000900167704,2021-12-21,1,0,0.9999856
55000900167704,2021-12-22,1,0,0.9999856
55000900167704,2021-12-23,1,0,0.9999856
55000900167704,2021-12-24,1,0,0.9999856
55000900167704,2021-12-25,1,0,0.9999856
55000900167704,2021-12-26,1,0,0.9999856
55000900167704,2021-12-27,1,0,0.9999856
55000900167704,2021-12-28,1,0,0.9999856
55000900167704,2021-12-29,1,0,0.9999856
55000900167704,2021-12-30,1,0,0.9999856
55000900167704,2021-12-31,1,0,0.9999856
55000900167704,2022-01-01,1,0,0.9999856
55000900167704,2022-01-02,1,0,0.9999856
55000900167704,2022-01-03,1,0,0.9999856
55000900167704,2022-01-04,1,0,0.9999856
55000900167704,2022-01-05,1,0,0.9999856
55000900167704,2022-01-06,1,0,0.9999856
55000900167704,2022-01-07,1,0,0.9999856
55000900167704,2022-01-08,1,0,0.9999856
55000900167704,2022-01-09,1,0,0.9999856
55000900167704,2022-01-10,1,0,0.9999856
55000900167704,2022-01-11,1,0,0.9999856
55000900167704,2022-01-12,1,0,0.9999856
55000900167704,2022-01-13,1,0,0.9999856
55000900167704,2022-01-14,1,0,0.9999856
55000900167704,2022-01-15,1,0,0.9999856
55000900167704,2022-01-16,1,0,0.9999856
55000900167704,2022-01-17,1,0,0.9999856
55000900167704,2022-01-18,1,0,0.9999856
55000900167704,2022-01-19,1,0,0.9999856
55000900167704,2022-01-20,1,0,0.9999856
55000900167704,2022-01-21,1,0,0.9999856
55000900167704,2022-01-22,1,0,0.9999856
55000900167704,2022-01-23,1,0,0.9999856
55000900167704,2022-01-24,1,0,0.9999856
55000900167704,2022-01-25,1,0,0.9999856
55000900167704,2022-01-26,1,0,0.9999856
55000900167704,2022-01-27,1,0,0.9999856
55000900167704,2022-01-28,1,0,0.9999856
55000900167704,2022-01-29,1,0,0.9999856
55000900167704,2022-01-30,1,0,0.9999856
55000900167704,2022-01-31,1,0,0.9999856
55000900167704,2022-02-01,1,0,0.9999856
55000900167704,2022-02-02,1,0,0.9999856
55000900167704,2022-02-03,1,0,0.9999856
55000900167704,2022-02-04,1,0,0.9999856
55000900167704,2022-02-05,1,0,0.9999856
55000900167704,2022-02-06,1,0,0.9999856
55000900167704,2022-02-07,1,0,0.9999856
55000900167704,2022-02-08,1,0,0.9999856
55000900167704,2022-02-09,1,0,0.9999856
55000900167704,2022-02-10,1,0,0.9999856
55000900167704,2022-02-11,1,0,0.9999856
55000900167704,2022-02-12,1,0,0.9999856
55000900167704,2022-02-13,1,0,0.9999856
55000900167704,2022-02-14,1,0,0.9999856
55000900167704,2022-02-15,1,0,0.9999856
55000900167704,2022-02-16,1,0,0.9999856
55000900167704,2022-02-17,1,0,0.9999856
55000900167704,2022-02-18,1,0,0.9999856
55000900167704,2022-02-19,1,0,0.9999856
55000900167704,2022-02-20,1,0,0.9999856
55000900167704,2022-02-21,1,0,0.9999856
55000900167704,2022-02-22,1,0,0.9999856
55000900167704,2022-02-23,1,0,0.9999856
55000900167704,2022-02-24,1,0,0.9999856
55000900167704,2022-02-25,1,0,0.9999856
55000900167704,2022-02-26,1,0,0.9999856
55000900167704,2022-02-27,1,0,0.9999856
55000900167704,2022-02-28,1,0,0.9999856
55000900167704,2022-03-01,1,0,0.9999856
55000900167704,2022-03-02,1,0,0.9999856
55000900167704,2022-03-03,1,0,0.9999856
55000900167704,2022-03-04,1,0,0.9999856
55000900167704,2022-03-05,1,0,0.9999856
55000900167704,2022-03-06,1,0,0.9999856
55000900167704,2022-03-07,1,0,0.9999856
55000900167704,2022-03-08,1,0,0.9999856
55000900167704,2022-03-09,1,0,0.9999856
55000900167704,2022-03-10,1,0,0.9999856
55000900167704,2022-03-11,1,0,0.9999856
55000900167704,2022-03-12,1,0,0.9999856
55000900167704,2022-03-14,1,0,0.9999856
55000900167704,2022-03-15,1,0,0.9999856
55000900167704,2022-03-16,1,0,0.9999856
55000900167704,2022-03-17,1,0,0.9999856
55000900167704,2022-03-18,1,0,0.9999856
55000900167704,2022-03-19,1,0,0.9999856
55000900167704,2022-03-20,1,0,0.9999856
55000900167704,2022-03-21,1,0,0.9999856
55000900167704,2022-03-22,1,0,0.9999856
55000900167704,2022-03-23,1,0,0.9999856
55000900167704,2022-03-24,1,0,0.9999856
55000900167704,2022-03-25,1,0,0.9999856
55000900167704,2022-03-26,1,0,0.9999856
55000900167704,2022-03-27,1,0,0.9999856
55000900167704,2022-03-28,1,0,0.9999856
55000900167704,2022-03-29,1,0,0.9999856
55000900167704,2022-03-30,1,0,0.9999856
55000900167704,2022-03-31,1,0,0.9999856
55000900167704,2022-04-01,1,0,0.9999856
55000900167704,2022-04-02,1,0,0.9999856
55000900167704,2022-04-03,1,0,0.9999856
55000900167704,2022-04-04,1,0,0.9999856
55000900167704,2022-04-05,1,0,0.9999856
55000900167704,2022-04-06,1,0,0.9999856
55000900167704,2022-04-07,1,0,0.9999856
55000900167704,2022-04-08,1,0,0.9999856
55000900167704,2022-04-09,1,0,0.9999856
55000900167704,2022-04-10,1,0,0.9999856
55000900167704,2022-04-11,1,0,0.9999856
55000900167704,2022-04-12,1,0,0.9999856
55000900167704,2022-04-13,1,0,0.9999856
55000900167704,2022-04-14,1,0,0.9999856
55000900167704,2022-04-15,1,0,0.9999856
55000900167704,2022-04-16,1,0,0.9999856
55000900167704,2022-04-17,1,0,0.9999856
55000900167704,2022-04-18,1,0,0.9999856
55000900167704,2022-04-19,1,0,0.9999856
55000900167704,2022-04-20,1,0,0.9999856
55000900167704,2022-04-21,1,0,0.9999856
55000900167704,2022-04-22,1,0,0.9999856
55000900167704,2022-04-23,1,0,0.9999856
55000900167704,2022-04-24,1,0,0.9999856
55000900167704,2022-04-25,1,0,0.9999856
55000900167704,2022-04-26,1,0,0.9999856
55000900167704,2022-04-27,1,0,0.9999856
55000900167704,2022-04-28,1,0,0.9999856
55000900167704,2022-04-29,1,0,0.9999856
55000900167704,2022-04-30,1,0,0.9999856
55000900167704,2022-05-01,1,0,0.9999856
55000900167704,2022-05-02,1,0,0.9999856
55000900167704,2022-05-03,1,0,0.9999856
55000900167704,2022-05-04,1,0,0.9999856
55000900167704,2022-05-05,1,0,0.9999856
55000900167704,2022-05-06,1,0,0.9999856
55000900167704,2022-05-07,1,0,0.9999856
55000900167704,2022-05-08,1,0,0.9999856
55000900167704,2022-05-09,1,0,0.9999856
55000900167704,2022-05-10,1,0,0.9999856
55000900167704,2022-05-11,1,0,0.9999856
55000900167704,2022-05-12,1,0,0.9999856
55000900167704,2022-05-13,1,0,0.9999856
55000900167704,2022-05-14,1,0,0.9999856
55000900167704,2022-05-15,1,0,0.9999856
55000900167704,2022-05-16,1,0,0.9999856
55000900167704,2022-05-17,1,0,0.9999856
55000900167704,2022-05-18,1,0,0.9999856
55000900167704,2022-05-19,1,0,0.9999856
55000900167704,2022-05-20,1,0,0.9999856
55000900167704,2022-05-21,1,0,0.9999856
55000900167704,2022-05-22,1,0,0.9999856
55000900167704,2022-05-23,1,0,0.9999856
55000900167704,2022-05-24,1,0,0.9999856
55000900167704,2022-05-25,1,0,0.9999856
55000900167704,2022-05-26,1,0,0.9999856
55000900167704,2022-05-27,1,0,0.9999856
55000900167704,2022-05-28,1,0,0.9999856
55000900167704,2022-05-29,1,0,0.9999856
55000900167704,2022-05-30,1,0,0.9999856
55000900167704,2022-05-31,1,0,0.9999856
55000900167704,2022-06-01,1,0,0.9999856
55000900167704,2022-06-02,1,0,0.9999856
55000900167704,2022-06-03,1,0,0.9999856
55000900167704,2022-06-04,1,0,0.9999856
55000900167704,2022-06-05,1,0,0.9999856
55000900167704,2022-06-06,1,0,0.9999856
55000900167704,2022-06-07,1,0,0.9999856
55000900167704,2022-06-08,1,0,0.9999856
55000900167704,2022-06-09,1,0,0.9999856
55000900167704,2022-06-10,1,0,0.9999856
55000900167704,2022-06-11,1,0,0.9999856
55000900167704,2022-06-12,1,0,0.9999856
55000900167704,2022-06-13,1,0,0.9999856
55000900167704,2022-06-14,1,0,0.9999856
55000900167704,2022-06-15,1,0,0.9999856
55000900167704,2022-06-16,1,0,0.9999856
55000900167704,2022-06-17,1,0,0.9999856
55000900167704,2022-06-18,1,0,0.9999856
55000900167704,2022-06-19,1,0,0.9999856
55000900167704,2022-06-20,1,0,0.9999856
55000900167704,2022-06-21,1,0,0.9999856
55000900167704,2022-06-22,1,0,0.9999856
55000900167704,2022-06-23,1,0,0.9999856
55000900167704,2022-06-24,1,0,0.9999856
55000900167704,2022-06-25,1,0,0.9999856
55000900167704,2022-06-26,1,0,0.9999856
55000900167704,2022-06-27,1,0,0.9999856
55000900167704,2022-06-28,1,0,0.9999856
55000900167704,2022-06-29,1,0,0.9999856
55000900167704,2022-06-30,1,0,0.9999856
55000900167704,2022-07-01,1,0,0.9999856
55000900167704,2022-07-02,1,0,0.9999856
55000900167704,2022-07-03,1,0,0.9999856
55000900167704,2022-07-04,1,0,0.9999856
55000900167704,2022-07-05,1,0,0.9999856
55000900167704,2022-07-06,1,0,0.9999856
55000900167704,2022-07-07,1,0,0.9999856
55000900167704,2022-07-08,1,0,0.9999856
55000900167704,2022-07-09,1,0,0.9999856
55000900167704,2022-07-10,1,0,0.9999856
55000900167704,2022-07-11,1,0,0.9999856
55000900167704,2022-07-12,1,0,0.9999856
55000900167704,2022-07-13,1,0,0.9999856
55000900167704,2022-07-14,1,0,0.9999856
55000900167704,2022-07-15,1,0,0.9999856
55000900167704,2022-07-16,1,0,0.9999856
55000900167704,2022-07-17,1,0,0.9999856
55000900167704,2022-07-18,1,0,0.9999856
55000900167704,2022-07-19,1,0,0.9999856
55000900167704,2022-07-20,1,0,0.9999856
55000900167704,2022-07-21,1,0,0.9999856
55000900167704,2022-07-22,1,0,0.9999856
55000900167704,2022-07-23,1,0,0.9999856
55000900167704,2022-07-24,1,0,0.9999856
55000900167704,2022-07-25,1,0,0.9999856
55000900167704,2022-07-26,1,0,0.9999856
55000900167704,2022-07-27,1,0,0.9999856
55000900167704,2022-07-28,1,0,0.9999856
55000900167704,2022-07-29,1,0,0.9999856
55000900167704,2022-07-30,1,0,0.9999856
55000900167704,2022-07-31,1,0,0.9999856
55000900167704,2022-08-01,1,0,0.9999856
55000900167704,2022-08-02,1,0,0.9999856
55000900167704,2022-08-03,1,0,0.9999856
55000900167704,2022-08-04,1,0,0.9999856
55000900167704,2022-08-05,1,0,0.9999856
55000900167704,2022-08-06,1,0,0.9999856
55000900167704,2022-08-07,1,0,0.9999856
55000900167704,2022-08-08,1,0,0.9999856
55000900167704,2022-08-09,1,0,0.9999856
55000900167704,2022-08-10,1,0,0.9999856
55000900167704,2022-08-11,1,0,0.9999856
55000900167704,2022-08-12,1,0,0.9999856
55000900167704,2022-08-13,1,0,0.9999856
55000900167704,2022-08-14,1,0,0.9999856
55000900167704,2022-08-15,1,0,0.9999856
55000900167704,2022-08-16,1,0,0.9999856
55000900167704,2022-08-17,1,0,0.9999856
55000900167704,2022-08-18,1,0,0.9999856
55000900167704,2022-08-19,1,0,0.9999856
55000900167704,2022-08-20,1,0,0.9999856
55000900167704,2022-08-21,1,0,0.9999856
55000900167704,2022-08-22,1,0,0.9999856
55000900167704,2022-08-23,1,0,0.9999856
55000900167704,2022-08-24,1,0,0.9999856
55000900167704,2022-08-25,1,0,0.9999856
55000900167704,2022-08-26,1,0,0.9999856
55000900167704,2022-08-27,1,0,0.9999856
55000900167704,2022-08-28,1,0,0.9999856
55000900167704,2022-08-29,1,0,0.9999856
55000900167704,2022-08-30,1,0,0.9999856
55000900167704,2022-08-31,1,0,0.9999856
55000900167704,2022-09-01,1,0,0.9999856
55000900167704,2022-09-02,1,0,0.9999856
55000900167704,2022-09-03,1,0,0.9999856
55000900167704,2022-09-04,1,0,0.9999856
55000900167704,2022-09-05,0,0,0.9999856
55000900167704,2022-09-06,0,0,0.9999856
55000900167704,2022-09-07,0,0,0.9999856
55000900167704,2022-09-08,0,0,0.99999535
55000900167704,2022-09-09,0,0,0.9999939
55000900167704,2022-09-10,0,0,0.9999962
55000900167704,2022-09-11,0,0,0.9999924
55000900167704,2022-09-12,0,0,0.99999523
55000900167704,2022-09-13,0,0,0.9999931
55000900167704,2022-09-14,0,0,0.9999951
55000900167704,2022-09-15,0,0,0.9999925
55000900167704,2022-09-16,0,0,0.99999464
55000900167704,2022-09-17,0,0,0.99999285
55000900167704,2022-09-18,0,0,0.9999944
55000900167704,2022-09-19,0,0,0.99999285
55000900167704,2022-09-20,0,0,0.99999416
55000900167704,2022-09-21,0,0,0.99999297
55000900167704,2022-09-22,0,0,0.9999939
55000900167704,2022-09-23,0,0,0.9999931
55000900167704,2022-09-24,0,0,0.9999938
55000900167704,2022-09-25,0,0,0.9999932
55000900167704,2022-09-26,0,0,0.9999937
55000900167704,2022-09-27,0,0,0.9999932
55000900167704,2022-09-28,0,0,0.99999356
55000900167704,2022-09-29,0,0,0.9999932
55000900167704,2022-09-30,0,0,0.99999344
55000900167704,2022-10-01,0,0,0.9999932
55000900167704,2022-10-02,0,0,0.9999932
55000900167704,2022-10-03,0,0,0.9999931
55000900167704,2022-10-04,0,0,0.99999285
55000900167704,2022-10-05,0,0,0.9999925
55000900167704,2022-10-06,0,0,0.99999154
55000900167704,2022-10-07,0,0,0.9887122
55000900167704,2022-10-08,0,0,0.9887122
55000900167704,2022-10-09,0,0,0.9887122
55000900167704,2022-10-10,0,0,0.9887122
55000900167704,2022-10-11,0,0,0.9887122
55000900167704,2022-10-12,0,0,0.9887122
55000900167704,2022-10-13,0,0,0.9887122
55000900167704,2022-10-14,0,0,0.9887122
55000900167704,2022-10-15,0,0,0.9887122
55000900167704,2022-10-16,0,0,0.9887122
55000900167704,2022-10-17,0,0,0.9887122
55000900167704,2022-10-18,0,0,0.9887122
55000900167704,2022-10-19,0,0,0.9887122
55000900167704,2022-10-20,0,0,0.9887122
55000900167704,2022-10-21,0,0,0.9887122
55000900167704,2022-10-22,1,0,0.9887122
55000900167704,2022-10-23,0,0,0.9887122
55000900167704,2022-10-24,1,0,0.9887122
55000900167704,2022-10-25,1,0,0.998431
55000900167704,2022-10-26,1,0,0.9864108
55000900167704,2022-10-27,0,0,0.9977118
55000900167704,2022-10-28,0,0,0.9997224
55000900167704,2022-10-29,0,0,0.9997131
55000900167704,2022-10-30,0,0,0.99982435
55000900167704,2022-10-31,0,0,0.9995345
55000900167704,2022-11-01,1,0,0.9989994
55000900167704,2022-11-02,0,0,0.9987207
55000900167704,2022-11-03,0,0,0.9984811
55000900167704,2022-11-04,1,0,0.99969876
55000900167704,2022-11-05,1,0,0.9994593
55000900167704,2022-11-06,1,0,0.9986594
55000900167704,2022-11-07,1,0,0.99967885
55000900167704,2022-11-08,1,0,0.9996716
55000900167704,2022-11-09,1,0,0.99953604
55000900167704,2022-11-10,1,0,0.9996309
55000900167704,2022-11-11,1,0,0.99966717
55000900167704,2022-11-12,1,0,0.9996606
55000900167704,2022-11-13,1,0,0.9996662
55000900167704,2022-11-14,1,0,0.9996871
55000900167704,2022-11-15,1,0,0.9999087
55000900167704,2022-11-16,1,0,0.9999107
55000900167704,2022-11-17,1,0,0.9993274
55000900167704,2022-11-18,1,0,0.99968314
55000900167704,2022-11-19,1,0,0.9999511
55000900167704,2022-11-20,1,0,0.9999728
55000900167704,2022-11-21,1,0,0.999982
55000900167704,2022-11-22,1,0,0.9999839
55000900167704,2022-11-23,1,0,0.9999808
55000900167704,2022-11-24,1,0,0.9999908
55000900167704,2022-11-25,1,0,0.9999838
55000900167704,2022-11-26,1,0,0.999984
55000900167704,2022-11-27,1,0,0.9999846
55000900167704,2022-11-28,1,0,0.99966145
55000900167704,2022-11-29,1,0,0.99995685
55000900167704,2022-11-30,1,0,0.9999658
55000900167704,2022-12-01,1,0,0.9999734
55000900167704,2022-12-02,1,0,0.9999783
55000900167704,2022-12-03,1,0,0.9999857
55000900167704,2022-12-04,1,0,0.99997544
55000900167704,2022-12-05,1,0,0.9999919
55000900167704,2022-12-06,1,0,0.9999856
55000900167704,2022-12-07,1,0,0.9999856
55000900167704,2022-12-08,1,0,0.9999856
55000900167704,2022-12-09,1,0,0.9999856
55000900167704,2022-12-10,1,0,0.9999856
55000900167704,2022-12-11,1,0,0.9999856
55000900167704,2022-12-12,1,0,0.9999856
55000900167704,2022-12-13,1,0,0.9999856
55000900167704,2022-12-14,1,0,0.9999856
55000900167704,2022-12-15,1,0,0.9999856
55000900167704,2022-12-16,1,0,0.9999856
55000900167704,2022-12-17,1,0,0.9999856
55000900167704,2022-12-18,1,0,0.9999856
55000900167704,2022-12-19,1,0,0.9999856
55000900167704,2022-12-20,1,0,0.9999856
55000900167704,2022-12-21,1,0,0.9999856
55000900167704,2022-12-22,1,0,0.9999856
55000900167704,2022-12-23,1,0,0.9999856
55000900167704,2022-12-24,1,0,0.9999856
55000900167704,2022-12-25,1,0,0.9999856
55000900167704,2022-12-26,1,0,0.9999856
55000900167704,2022-12-27,1,0,0.9999856
55000900167704,2022-12-28,1,0,0.9999856
55000900167704,2022-12-29,1,0,0.9999856
55000900167704,2022-12-30,1,0,0.9999856
55000900167704,2022-12-31,1,0,0.9999856
55000900167704,2023-01-01,1,0,0.9999856
55000900167704,2023-01-02,1,0,0.9999856
55000900167704,2023-01-03,1,0,0.9999856
55000900167704,2023-01-04,1,0,0.9999856
55000900167704,2023-01-05,1,0,0.9999856
55000900167704,2023-01-06,1,0,0.9999856
55000900167704,2023-01-07,1,0,0.9999856
55000900167704,2023-01-08,1,0,0.9999856
55000900167704,2023-01-09,1,0,0.9999856
55000900167704,2023-01-10,1,0,0.9999856
55000900167704,2023-01-11,1,0,0.9999856
55000900167704,2023-01-12,1,0,0.9999856
55000900167704,2023-01-13,1,0,0.9999856
55000900167704,2023-01-14,1,0,0.9999856
55000900167704,2023-01-15,1,0,0.9999856
55000900167704,2023-01-16,1,0,0.9999856
55000900167704,2023-01-17,1,0,0.9999856
55000900167704,2023-01-18,1,0,0.9999856
55000900167704,2023-01-19,1,0,0.9999856
55000900167704,2023-01-20,1,0,0.9999856
55000900167704,2023-01-21,1,0,0.9999856
55000900167704,2023-01-22,1,0,0.9999856
55000900167704,2023-01-23,1,0,0.9999856
55000900167704,2023-01-24,1,0,0.9999856
55000900167704,2023-01-25,1,0,0.9999856
55000900167704,2023-01-26,1,0,0.9999856
55000900167704,2023-01-27,1,0,0.9999856
55000900167704,2023-01-28,1,0,0.9999856
55000900167704,2023-01-29,1,0,0.9999856
55000900167704,2023-01-30,1,0,0.9999856
55000900167704,2023-01-31,1,0,0.9999856
55000900167704,2023-02-01,1,0,0.9999856
55000900167704,2023-02-02,1,0,0.9999856
55000900167704,2023-02-03,1,0,0.9999856
55000900167704,2023-02-04,1,0,0.9999856
55000900167704,2023-02-05,1,0,0.9999856
55000900167704,2023-02-06,1,0,0.9999856
55000900167704,2023-02-07,1,0,0.9999856
55000900167704,2023-02-08,1,0,0.9999856
55000900167704,2023-02-09,1,0,0.9999856
55000900167704,2023-02-10,1,0,0.9999856
55000900167704,2023-02-11,1,0,0.9999856
55000900167704,2023-02-12,1,0,0.9999856
55000900167704,2023-02-13,1,0,0.9999856
55000900167704,2023-02-14,1,0,0.9999856
55000900167704,2023-02-15,1,0,0.9999856
55000900167704,2023-02-16,1,0,0.9999856
55000900167704,2023-02-17,1,0,0.9999856
55000900167704,2023-02-18,1,0,0.9999856
55000900167704,2023-02-19,1,0,0.9999856
55000900167704,2023-02-20,1,0,0.9999856
55000900167704,2023-02-21,1,0,0.9999856
55000900167704,2023-02-22,1,0,0.9999856
55000900167704,2023-02-23,1,0,0.9999856
55000900167704,2023-02-24,1,0,0.9999856
55000900167704,2023-02-25,1,0,0.9999856
55000900167704,2023-02-26,1,0,0.9999856
55000900167704,2023-02-27,1,0,0.9999856
55000900167704,2023-02-28,1,0,0.9999856
55000900167704,2023-03-01,1,0,0.9999856
55000900167704,2023-03-02,1,0,0.9999856
55000900167704,2023-03-03,1,0,0.9999856
55000900167704,2023-03-04,1,0,0.9999856
55000900167704,2023-03-05,1,0,0.9999856
55000900167704,2023-03-06,1,0,0.9999856
55000900167704,2023-03-07,1,0,0.9999856
55000900167704,2023-03-08,1,0,0.9999856
55000900167704,2023-03-09,1,0,0.9999856
55000900167704,2023-03-10,1,0,0.9999856
55000900167704,2023-03-11,1,0,0.9999856
55000900167704,2023-03-13,1,0,0.9999856
55000900167704,2023-03-14,1,0,0.9999856
55000900167704,2023-03-15,1,0,0.9999856
55000900167704,2023-03-16,1,0,0.9999856
55000900167704,2023-03-17,1,0,0.9999856
55000900167704,2023-03-18,1,0,0.9999856
55000900167704,2023-03-19,1,0,0.9999856
55000900167704,2023-03-20,1,0,0.9999856
55000900167704,2023-03-21,1,0,0.9999856
55000900167704,2023-03-22,1,0,0.9999856
55000900167704,2023-03-23,1,0,0.9999856
55000900167704,2023-03-24,1,0,0.9999856
55000900167704,2023-03-25,1,0,0.9999856
55000900167704,2023-03-26,1,0,0.9999856
55000900167704,2023-03-27,1,0,0.9999856
55000900167704,2023-03-28,1,0,0.9999856
55000900167704,2023-03-29,1,0,0.9999856
55000900167704,2023-03-30,1,0,0.9999856
55000900167704,2023-03-31,1,0,0.9999856
55000900167704,2023-04-01,1,0,0.9999856
55000900167704,2023-04-02,1,0,0.9999856
55000900167704,2023-04-03,1,0,0.9999856
55000900167704,2023-04-04,1,0,0.9999856
55000900167704,2023-04-05,1,0,0.9999856
55000900167704,2023-04-06,1,0,0.9999856
55000900167704,2023-04-07,1,0,0.9999856
55000900167704,2023-04-08,1,0,0.9999856
55000900167704,2023-04-09,1,0,0.9999856
55000900167704,2023-04-10,1,0,0.9999856
55000900167704,2023-04-11,1,0,0.9999856
55000900167704,2023-04-12,1,0,0.9999856
55000900167704,2023-04-13,1,0,0.9999856
55000900167704,2023-04-14,1,0,0.9999856
55000900167704,2023-04-15,1,0,0.9999856
55000900167704,2023-04-16,1,0,0.9999856
55000900167704,2023-04-17,1,0,0.9999856
55000900167704,2023-04-18,1,0,0.9999856
55000900167704,2023-04-19,1,0,0.9999856
55000900167704,2023-04-20,1,0,0.9999856
55000900200040,2020-09-11,1,0,0.99999976
55000900200040,2020-09-12,1,0,0.99999964
55000900200040,2020-09-13,1,0,0.99999976
55000900200040,2020-09-14,1,0,0.9999994
55000900200040,2020-09-15,1,0,0.99999917
55000900200040,2020-09-16,1,0,0.9999988
55000900200040,2020-09-17,1,0,0.9999989
55000900200040,2020-09-18,1,0,0.99999845
55000900200040,2020-09-19,1,0,0.9999981
55000900200040,2020-09-20,1,0,0.99999845
55000900200040,2020-09-21,1,0,0.9999994
55000900200040,2020-09-22,1,0,0.9999987
55000900200040,2020-09-23,1,0,0.99999833
55000900200040,2020-09-24,1,0,0.99999917
55000900200040,2020-09-25,1,0,0.9999981
55000900200040,2020-09-26,1,0,0.99999976
55000900200040,2020-09-27,1,0,0.99999857
55000900200040,2020-09-28,1,0,0.99999964
55000900200040,2020-09-29,1,0,0.9999999
55000900200040,2020-09-30,1,0,0.9999999
55000900200040,2020-10-01,1,0,0.9999999
55000900200040,2020-10-02,1,0,0.99999976
55000900200040,2020-10-03,1,0,0.9999989
55000900200040,2020-10-04,1,0,0.9999993
55000900200040,2020-10-05,1,0,0.9999994
55000900200040,2020-10-06,1,0,0.9999995
55000900200040,2020-10-07,1,0,0.99999976
55000900200040,2020-10-08,1,0,0.99999976
55000900200040,2020-10-09,1,0,0.99999976
55000900200040,2020-10-10,1,0,0.99999976
55000900200040,2020-10-11,1,0,0.9999999
55000900200040,2020-10-12,1,0,0.9999999
55000900200040,2020-10-13,1,0,0.9999993
55000900200040,2020-10-14,1,0,0.99999845
55000900200040,2020-10-15,1,0,0.99999964
55000900200040,2020-10-16,1,0,0.99999976
55000900200040,2020-10-17,1,0,0.9999994
55000900200040,2020-10-18,1,0,0.99999917
55000900200040,2020-10-19,1,0,0.9999999
55000900200040,2020-10-20,1,0,0.9999987
55000900200040,2020-10-21,1,0,0.9999989
55000900200040,2020-10-22,1,0,0.99999976
55000900200040,2020-10-23,1,0,0.99999964
55000900200040,2020-10-24,1,0,0.99999917
55000900200040,2020-10-25,1,0,0.9999993
55000900200040,2020-10-26,1,0,0.9999999
55000900200040,2020-10-27,1,0,0.9999999
55000900200040,2020-10-28,1,0,0.9999999
55000900200040,2020-10-29,1,0,0.9999999
55000900200040,2020-10-30,1,0,0.99999905
55000900200040,2020-10-31,1,0,0.99999917
55000900200040,2020-11-01,1,0,0.99999595
55000900200040,2020-11-02,1,0,0.9999975
55000900200040,2020-11-03,1,0,0.99999964
55000900200040,2020-11-04,1,0,0.99999964
55000900200040,2020-11-05,1,0,0.9999999
55000900200040,2020-11-06,1,0,0.99999976
55000900200040,2020-11-07,1,0,0.9999995
55000900200040,2020-11-08,1,0,0.99999785
55000900200040,2020-11-09,1,0,0.99999833
55000900200040,2020-11-10,1,0,0.99999976
55000900200040,2020-11-11,1,0,0.99999976
55000900200040,2020-11-12,1,0,0.99999976
55000900200040,2020-11-13,1,0,0.9999999
55000900200040,2020-11-14,1,0,0.99999976
55000900200040,2020-11-15,1,0,0.99999976
55000900200040,2020-11-16,1,0,0.9999999
55000900200040,2020-11-17,1,0,0.99999976
55000900200040,2020-11-18,1,0,0.99999976
55000900200040,2020-11-19,1,0,0.9999999
55000900200040,2020-11-20,1,0,0.9999999
55000900200040,2020-11-21,1,0,0.99999964
55000900200040,2020-11-22,1,0,0.9999999
55000900200040,2020-11-23,1,0,0.99999976
55000900200040,2020-11-24,1,0,1.0
55000900200040,2020-11-25,1,0,1.0
55000900200040,2020-11-26,1,0,0.9999999
55000900200040,2020-11-27,1,0,0.99999976
55000900200040,2020-11-28,1,0,0.99999976
55000900200040,2020-11-29,1,0,0.9999999
55000900200040,2020-11-30,1,0,0.9999999
55000900200040,2020-12-01,1,0,1.0
55000900200040,2020-12-02,1,0,0.99999976
55000900200040,2020-12-03,1,0,0.99999905
55000900200040,2020-12-04,1,0,0.99999976
55000900200040,2020-12-05,1,0,0.9999999
55000900200040,2020-12-06,1,0,1.0
55000900200040,2020-12-07,1,0,0.9999999
55000900200040,2020-12-08,1,0,0.99999964
55000900200040,2020-12-09,1,0,0.9999999
55000900200040,2020-12-10,1,0,1.0
55000900200040,2020-12-11,1,0,0.9999999
55000900200040,2020-12-12,1,0,0.9999995
55000900200040,2020-12-13,1,0,0.99999976
55000900200040,2020-12-14,1,0,0.9999999
55000900200040,2020-12-15,1,0,0.99999976
55000900200040,2020-12-16,1,0,0.9999999
55000900200040,2020-12-17,1,0,0.9999999
55000900200040,2020-12-18,1,0,0.9999999
55000900200040,2020-12-19,1,0,0.99999964
55000900200040,2020-12-20,1,0,0.9999999
55000900200040,2020-12-21,1,0,0.9999999
55000900200040,2020-12-22,1,0,0.99999976
55000900200040,2020-12-23,1,0,0.99999905
55000900200040,2020-12-24,1,0,0.9999944
55000900200040,2020-12-25,1,0,0.99999905
55000900200040,2020-12-26,1,0,1.0
55000900200040,2020-12-27,1,0,1.0
55000900200040,2020-12-28,1,0,0.9999999
55000900200040,2020-12-29,1,0,0.9999999
55000900200040,2020-12-30,1,0,1.0
55000900200040,2020-12-31,1,0,1.0
55000900200040,2021-01-01,1,0,1.0
55000900200040,2021-01-02,1,0,0.9999994
55000900200040,2021-01-03,1,0,0.99999964
55000900200040,2021-01-04,1,0,0.99999964
55000900200040,2021-01-05,1,0,0.99999964
55000900200040,2021-01-06,1,0,0.99999976
55000900200040,2021-01-07,1,0,0.99999976
55000900200040,2021-01-08,1,0,0.99999964
55000900200040,2021-01-09,1,0,0.99999976
55000900200040,2021-01-10,1,0,0.9999999
55000900200040,2021-01-11,1,0,0.9999995
55000900200040,2021-01-12,1,0,0.9999975
55000900200040,2021-01-13,1,0,0.99999964
55000900200040,2021-01-14,1,0,0.99999547
55000900200040,2021-01-15,1,0,0.99999976
55000900200040,2021-01-16,1,0,0.99999976
55000900200040,2021-01-17,1,0,0.99999976
55000900200040,2021-01-18,1,0,0.99999964
55000900200040,2021-01-19,1,0,0.99999964
55000900200040,2021-01-20,1,0,0.9999995
55000900200040,2021-01-21,1,0,0.99999976
55000900200040,2021-01-22,1,0,0.99999976
55000900200040,2021-01-23,1,0,0.9999995
55000900200040,2021-01-24,1,0,0.9999993
55000900200040,2021-01-25,1,0,0.99999905
55000900200040,2021-01-26,1,0,0.9999999
55000900200040,2021-01-27,1,0,0.99999976
55000900200040,2021-01-28,1,0,0.99999976
55000900200040,2021-01-29,1,0,0.9999995
55000900200040,2021-01-30,1,0,0.9999995
55000900200040,2021-01-31,1,0,0.9999995
55000900200040,2021-02-01,1,0,0.99999976
55000900200040,2021-02-02,1,0,0.99999976
55000900200040,2021-02-03,1,0,0.99999976
55000900200040,2021-02-04,1,0,0.99999976
55000900200040,2021-02-05,1,0,0.99999976
55000900200040,2021-02-06,1,0,0.99999976
55000900200040,2021-02-07,1,0,0.99999976
55000900200040,2021-02-08,1,0,0.99999976
55000900200040,2021-02-09,1,0,0.99999976
55000900200040,2021-02-10,1,0,0.99999976
55000900200040,2021-02-11,1,0,0.99999976
55000900200040,2021-02-12,1,0,0.99999976
55000900200040,2021-02-13,1,0,0.99999976
55000900200040,2021-02-14,1,0,0.99999976
55000900200040,2021-02-15,1,0,0.99999976
55000900200040,2021-02-16,1,0,0.99999976
55000900200040,2021-02-17,1,0,0.99999976
55000900200040,2021-02-18,1,0,0.99999976
55000900200040,2021-02-19,1,0,0.99999976
55000900200040,2021-02-20,1,0,0.99999976
55000900200040,2021-02-21,1,0,0.99999976
55000900200040,2021-02-22,1,0,0.99999976
55000900200040,2021-02-23,1,0,0.99999976
55000900200040,2021-02-24,1,0,0.99999976
55000900200040,2021-02-25,1,0,0.99999976
55000900200040,2021-02-26,1,0,0.99999976
55000900200040,2021-02-27,1,0,0.99999976
55000900200040,2021-02-28,1,0,0.99999976
55000900200040,2021-03-01,1,0,0.99999976
55000900200040,2021-03-02,1,0,0.99999976
55000900200040,2021-03-03,1,0,0.99999976
55000900200040,2021-03-04,1,0,0.99999976
55000900200040,2021-03-05,1,0,0.99999976
55000900200040,2021-03-06,1,0,0.99999976
55000900200040,2021-03-07,1,0,0.99999976
55000900200040,2021-03-08,1,0,0.99999976
55000900200040,2021-03-09,1,0,0.99999976
55000900200040,2021-03-10,1,0,0.99999976
55000900200040,2021-03-11,1,0,0.99999976
55000900200040,2021-03-12,1,0,0.99999976
55000900200040,2021-03-13,1,0,0.99999976
55000900200040,2021-03-15,1,0,0.99999976
55000900200040,2021-03-16,1,0,0.99999976
55000900200040,2021-03-17,1,0,0.99999976
55000900200040,2021-03-18,1,0,0.99999976
55000900200040,2021-03-19,1,0,0.99999976
55000900200040,2021-03-20,1,0,0.99999976
55000900200040,2021-03-21,1,0,0.99999976
55000900200040,2021-03-22,1,0,0.99999976
55000900200040,2021-03-23,1,0,0.99999976
55000900200040,2021-03-24,1,0,0.99999976
55000900200040,2021-03-25,1,0,0.99999976
55000900200040,2021-03-26,1,0,0.99999976
55000900200040,2021-03-27,1,0,0.99999976
55000900200040,2021-03-28,1,0,0.99999976
55000900200040,2021-03-29,1,0,0.99999976
55000900200040,2021-03-30,1,0,0.99999976
55000900200040,2021-03-31,1,0,0.99999976
55000900200040,2021-04-01,1,0,0.99999976
55000900200040,2021-04-02,1,0,0.99999976
55000900200040,2021-04-03,1,0,0.99999976
55000900200040,2021-04-04,1,0,0.99999976
55000900200040,2021-04-05,1,0,0.99999976
55000900200040,2021-04-06,1,0,0.99999976
55000900200040,2021-04-07,1,0,0.99999976
55000900200040,2021-04-08,1,0,0.99999976
55000900200040,2021-04-09,1,0,0.99999976
55000900200040,2021-04-10,1,0,0.99999976
55000900200040,2021-04-11,1,0,0.99999976
55000900200040,2021-04-12,1,0,0.99999976
55000900200040,2021-04-13,1,0,0.99999976
55000900200040,2021-04-14,1,0,0.99999976
55000900200040,2021-04-15,1,0,0.99999976
55000900200040,2021-04-16,1,0,0.99999976
55000900200040,2021-04-17,1,0,0.99999976
55000900200040,2021-04-18,1,0,0.99999976
55000900200040,2021-04-19,1,0,0.99999976
55000900200040,2021-04-20,1,0,0.99999976
55000900200040,2021-04-21,1,0,0.99999976
55000900200040,2021-04-22,1,0,0.99999976
55000900200040,2021-04-23,1,0,0.99999976
55000900200040,2021-04-24,1,0,0.99999976
55000900200040,2021-04-25,1,0,0.99999976
55000900200040,2021-04-26,1,0,0.99999976
55000900200040,2021-04-27,1,0,0.99999976
55000900200040,2021-04-28,1,0,0.99999976
55000900200040,2021-04-29,1,0,0.99999976
55000900200040,2021-04-30,1,0,0.99999976
55000900200040,2021-05-01,1,0,0.99999976
55000900200040,2021-05-02,1,0,0.99999976
55000900200040,2021-05-03,1,0,0.99999976
55000900200040,2021-05-04,1,0,0.99999976
55000900200040,2021-05-05,1,0,0.99999976
55000900200040,2021-05-06,1,0,0.99999976
55000900200040,2021-05-07,1,0,0.99999976
55000900200040,2021-05-08,1,0,0.99999976
55000900200040,2021-05-09,1,0,0.99999976
55000900200040,2021-05-10,1,0,0.99999976
55000900200040,2021-05-11,1,0,0.99999976
55000900200040,2021-05-12,1,0,0.99999976
55000900200040,2021-05-13,1,0,0.99999976
55000900200040,2021-05-14,1,0,0.99999976
55000900200040,2021-05-15,1,0,0.99999976
55000900200040,2021-05-16,1,0,0.99999976
55000900200040,2021-05-17,1,0,0.99999976
55000900200040,2021-05-18,1,0,0.99999976
55000900200040,2021-05-19,1,0,0.99999976
55000900200040,2021-05-20,1,0,0.99999976
55000900200040,2021-05-21,1,0,0.99999976
55000900200040,2021-05-22,1,0,0.99999976
55000900200040,2021-05-23,1,0,0.99999976
55000900200040,2021-05-24,1,0,0.99999976
55000900200040,2021-05-27,1,0,0.99999976
55000900200040,2021-05-28,1,0,0.99999976
55000900200040,2021-05-29,1,0,0.99999976
55000900200040,2021-05-30,1,0,0.99999976
55000900200040,2021-05-31,1,0,0.99999976
55000900200040,2021-06-01,1,0,0.99999976
55000900200040,2021-06-02,1,0,0.99999976
55000900200040,2021-06-03,1,0,0.99999976
55000900200040,2021-06-04,1,0,0.99999976
55000900200040,2021-06-05,1,0,0.99999976
55000900200040,2021-06-06,1,0,0.99999976
55000900200040,2021-06-07,1,0,0.99999976
55000900200040,2021-06-08,1,0,0.99999976
55000900200040,2021-06-09,1,0,0.99999976
55000900200040,2021-06-10,1,0,0.99999976
55000900200040,2021-06-11,1,0,0.99999976
55000900200040,2021-06-12,1,0,0.99999976
55000900200040,2021-06-13,1,0,0.99999976
55000900200040,2021-06-14,1,0,0.99999976
55000900200040,2021-06-15,1,0,0.99999976
55000900200040,2021-06-16,1,0,0.99999976
55000900200040,2021-06-17,1,0,0.99999976
55000900200040,2021-06-18,1,0,0.99999976
55000900200040,2021-06-19,1,0,0.99999976
55000900200040,2021-06-20,1,0,0.99999976
55000900200040,2021-06-21,1,0,0.99999976
55000900200040,2021-06-22,1,0,0.99999976
55000900200040,2021-06-23,1,0,0.99999976
55000900200040,2021-06-24,1,0,0.99999976
55000900200040,2021-06-25,1,0,0.99999976
55000900200040,2021-06-26,1,0,0.99999976
55000900200040,2021-06-27,1,0,0.99999976
55000900200040,2021-06-28,1,0,0.99999976
55000900200040,2021-06-29,1,0,0.99999976
55000900200040,2021-06-30,1,0,0.99999976
55000900200040,2021-07-01,1,0,0.99999976
55000900200040,2021-07-02,1,0,0.99999976
55000900200040,2021-07-03,1,0,0.99999976
55000900200040,2021-07-04,1,0,0.99999976
55000900200040,2021-07-05,1,0,0.99999976
55000900200040,2021-07-06,1,0,0.99999976
55000900200040,2021-07-07,1,0,0.99999976
55000900200040,2021-07-08,1,0,0.99999976
55000900200040,2021-07-09,1,0,0.99999976
55000900200040,2021-07-10,1,0,0.99999976
55000900200040,2021-07-11,1,0,0.99999976
55000900200040,2021-07-12,1,0,0.99999976
55000900200040,2021-07-13,1,0,0.99999976
55000900200040,2021-07-14,1,0,0.99999976
55000900200040,2021-07-15,1,0,0.99999976
55000900200040,2021-07-16,1,0,0.99999976
55000900200040,2021-07-17,1,0,0.99999976
55000900200040,2021-07-18,1,0,0.99999976
55000900200040,2021-07-19,1,0,0.99999976
55000900200040,2021-07-20,1,0,0.99999976
55000900200040,2021-07-21,1,0,0.99999976
55000900200040,2021-07-22,1,0,0.99999976
55000900200040,2021-07-23,1,0,0.99999976
55000900200040,2021-07-24,1,0,0.99999976
55000900200040,2021-07-25,1,0,0.99999976
55000900200040,2021-07-26,1,0,0.99999976
55000900200040,2021-07-27,1,0,0.99999976
55000900200040,2021-07-28,1,0,0.99999976
55000900200040,2021-07-29,1,0,0.99999976
55000900200040,2021-07-30,1,0,0.99999976
55000900200040,2021-07-31,1,0,0.99999976
55000900200040,2021-08-01,1,0,0.99999976
55000900200040,2021-08-02,1,0,0.99999976
55000900200040,2021-08-03,1,0,0.99999976
55000900200040,2021-08-04,1,0,0.99999976
55000900200040,2021-08-05,1,0,0.99999976
55000900200040,2021-08-06,1,0,0.99999976
55000900200040,2021-08-07,1,0,0.99999976
55000900200040,2021-08-08,1,0,0.99999976
55000900200040,2021-08-09,1,0,0.99999976
55000900200040,2021-08-10,1,0,0.99999976
55000900200040,2021-08-11,1,0,0.99999976
55000900200040,2021-08-12,1,0,0.99999976
55000900200040,2021-08-13,1,0,0.99999976
55000900200040,2021-08-14,1,0,0.99999976
55000900200040,2021-08-15,1,0,0.99999976
55000900200040,2021-08-16,1,0,0.99999976
55000900200040,2021-08-17,1,0,0.99999976
55000900200040,2021-08-18,1,0,0.99999976
55000900200040,2021-08-19,1,0,0.99999976
55000900200040,2021-08-20,1,0,0.99999976
55000900200040,2021-08-21,1,0,0.99999976
55000900200040,2021-08-22,1,0,0.99999976
55000900200040,2021-08-23,1,0,0.99999976
55000900200040,2021-08-24,1,0,0.99999976
55000900200040,2021-08-25,1,0,0.99999976
55000900200040,2021-08-26,1,0,0.99999976
55000900200040,2021-08-27,1,0,0.99999976
55000900200040,2021-08-28,1,0,0.99999976
55000900200040,2021-08-29,1,0,0.99999976
55000900200040,2021-08-30,1,0,0.99999976
55000900200040,2021-08-31,1,0,0.99999976
55000900200040,2021-09-01,1,0,0.99999976
55000900200040,2021-09-02,1,0,0.99999976
55000900200040,2021-09-03,1,0,0.99999976
55000900200040,2021-09-04,1,0,0.99999976
55000900200040,2021-09-05,1,0,0.99999976
55000900200040,2021-09-06,1,0,0.99999976
55000900200040,2021-09-07,1,0,0.99999976
55000900200040,2021-09-08,1,0,0.99999976
55000900200040,2021-09-09,1,0,0.99999976
55000900200040,2021-09-10,1,0,0.99999976
55000900200040,2021-09-11,1,0,0.99999976
55000900200040,2021-09-12,1,0,0.99999976
55000900200040,2021-09-13,1,0,0.99999976
55000900200040,2021-09-14,1,0,0.99999976
55000900200040,2021-09-15,1,0,0.99999976
55000900200040,2021-09-16,1,0,0.99999976
55000900200040,2021-09-17,1,0,0.99999976
55000900200040,2021-09-18,1,0,0.99999976
55000900200040,2021-09-19,1,0,0.99999976
55000900200040,2021-09-20,1,0,0.99999976
55000900200040,2021-09-21,1,0,0.99999976
55000900200040,2021-09-22,1,0,0.99999976
55000900200040,2021-09-23,1,0,0.99999976
55000900200040,2021-09-24,1,0,0.99999976
55000900200040,2021-09-25,1,0,0.99999976
55000900200040,2021-09-26,1,0,0.99999976
55000900200040,2021-09-27,1,0,0.99999976
55000900200040,2021-09-28,1,0,0.99999976
55000900200040,2021-09-29,1,0,0.99999976
55000900200040,2021-09-30,1,0,0.99999976
55000900200040,2021-10-01,1,0,0.99999976
55000900200040,2021-10-02,1,0,0.99999976
55000900200040,2021-10-03,1,0,0.99999976
55000900200040,2021-10-04,1,0,0.99999976
55000900200040,2021-10-05,1,0,0.99999976
55000900200040,2021-10-06,1,0,0.99999976
55000900200040,2021-10-07,1,0,0.99999976
55000900200040,2021-10-08,1,0,0.99999976
55000900200040,2021-10-09,1,0,0.99999976
55000900200040,2021-10-10,1,0,0.99999976
55000900200040,2021-10-11,1,0,0.99999976
55000900200040,2021-10-12,1,0,0.99999976
55000900200040,2021-10-13,1,0,0.99999976
55000900200040,2021-10-14,1,0,0.99999976
55000900200040,2021-10-15,1,0,0.99999976
55000900200040,2021-10-16,1,0,0.99999976
55000900200040,2021-10-17,1,0,0.99999976
55000900200040,2021-10-18,1,0,0.99999976
55000900200040,2021-10-19,1,0,0.99999976
55000900200040,2021-10-20,1,0,0.99999976
55000900200040,2021-10-21,1,0,0.99999976
55000900200040,2021-10-22,1,0,0.99999976
55000900200040,2021-10-23,1,0,0.99999976
55000900200040,2021-10-24,1,0,0.99999976
55000900200040,2021-10-25,1,0,0.99999976
55000900200040,2021-10-26,1,0,0.99999976
55000900200040,2021-10-27,1,0,0.99999976
55000900200040,2021-10-28,1,0,0.99999976
55000900200040,2021-10-29,1,0,0.99999976
55000900200040,2021-10-30,1,0,0.99999976
55000900200040,2021-10-31,1,0,0.99999976
55000900200040,2021-11-01,1,0,0.99999976
55000900200040,2021-11-02,1,0,0.99999976
55000900200040,2021-11-03,1,0,0.99999976
55000900200040,2021-11-04,1,0,0.99999976
55000900200040,2021-11-05,1,0,0.99999976
55000900200040,2021-11-06,1,0,0.99999976
55000900200040,2021-11-07,1,0,0.99999976
55000900200040,2021-11-08,1,0,0.99999976
55000900200040,2021-11-09,1,0,0.99999976
55000900200040,2021-11-10,1,0,0.99999976
55000900200040,2021-11-11,1,0,0.99999976
55000900200040,2021-11-12,1,0,0.99999976
55000900200040,2021-11-13,1,0,0.99999976
55000900200040,2021-11-14,1,0,0.99999976
55000900200040,2021-11-15,1,0,0.99999976
55000900200040,2021-11-16,1,0,0.99999976
55000900200040,2021-11-17,1,0,0.99999976
55000900200040,2021-11-18,1,0,0.99999976
55000900200040,2021-11-19,1,0,0.99999976
55000900200040,2021-11-20,1,0,0.99999976
55000900200040,2021-11-21,1,0,0.99999976
55000900200040,2021-11-22,1,0,0.99999976
55000900200040,2021-11-23,1,0,0.99999976
55000900200040,2021-11-24,1,0,0.99999976
55000900200040,2021-11-25,1,0,0.99999976
55000900200040,2021-11-26,1,0,0.99999976
55000900200040,2021-11-27,1,0,0.99999976
55000900200040,2021-11-28,1,0,0.99999976
55000900200040,2021-11-29,1,0,0.99999976
55000900200040,2021-11-30,1,0,0.99999976
55000900200040,2021-12-01,1,0,0.99999976
55000900200040,2021-12-02,1,0,0.99999976
55000900200040,2021-12-03,1,0,0.99999976
55000900200040,2021-12-04,1,0,0.99999976
55000900200040,2021-12-05,1,0,0.99999976
55000900200040,2021-12-06,1,0,0.99999976
55000900200040,2021-12-07,1,0,0.99999976
55000900200040,2021-12-08,1,0,0.99999976
55000900200040,2021-12-09,1,0,0.99999976
55000900200040,2021-12-10,1,0,0.99999976
55000900200040,2021-12-11,1,0,0.99999976
55000900200040,2021-12-12,1,0,0.99999976
55000900200040,2021-12-13,1,0,0.99999976
55000900200040,2021-12-14,1,0,0.99999976
55000900200040,2021-12-15,1,0,0.99999976
55000900200040,2021-12-16,1,0,0.99999976
55000900200040,2021-12-17,1,0,0.99999976
55000900200040,2021-12-18,1,0,0.99999976
55000900200040,2021-12-19,1,0,0.99999976
55000900200040,2021-12-20,1,0,0.99999976
55000900200040,2021-12-21,1,0,0.99999976
55000900200040,2021-12-22,1,0,0.99999976
55000900200040,2021-12-23,1,0,0.99999976
55000900200040,2021-12-24,1,0,0.99999976
55000900200040,2021-12-25,1,0,0.99999976
55000900200040,2021-12-26,1,0,0.99999976
55000900200040,2021-12-27,1,0,0.99999976
55000900200040,2021-12-28,1,0,0.99999976
55000900200040,2021-12-29,1,0,0.99999976
55000900200040,2021-12-30,1,0,0.99999976
55000900200040,2021-12-31,1,0,0.99999976
55000900200040,2022-01-01,1,0,0.99999976
55000900200040,2022-01-02,1,0,0.99999976
55000900200040,2022-01-03,1,0,0.99999976
55000900200040,2022-01-04,1,0,0.99999976
55000900200040,2022-01-05,1,0,0.99999976
55000900200040,2022-01-06,1,0,0.99999976
55000900200040,2022-01-07,1,0,0.99999976
55000900200040,2022-01-08,1,0,0.99999976
55000900200040,2022-01-09,1,0,0.99999976
55000900200040,2022-01-10,1,0,0.99999976
55000900200040,2022-01-11,1,0,0.99999976
55000900200040,2022-01-12,1,0,0.99999976
55000900200040,2022-01-13,1,0,0.99999976
55000900200040,2022-01-14,1,0,0.99999976
55000900200040,2022-01-15,1,0,0.99999976
55000900200040,2022-01-16,1,0,0.99999976
55000900200040,2022-01-17,1,0,0.99999976
55000900200040,2022-01-18,1,0,0.99999976
55000900200040,2022-01-19,1,0,0.99999976
55000900200040,2022-01-20,1,0,0.99999976
55000900200040,2022-01-21,1,0,0.99999976
55000900200040,2022-01-22,1,0,0.99999976
55000900200040,2022-01-23,1,0,0.99999976
55000900200040,2022-01-24,1,0,0.99999976
55000900200040,2022-01-25,1,0,0.99999976
55000900200040,2022-01-26,1,0,0.99999976
55000900200040,2022-01-27,1,0,0.99999976
55000900200040,2022-01-28,1,0,0.99999976
55000900200040,2022-01-29,1,0,0.99999976
55000900200040,2022-01-30,1,0,0.99999976
55000900200040,2022-01-31,1,0,0.99999976
55000900200040,2022-02-01,1,0,0.99999976
55000900200040,2022-02-02,1,0,0.99999976
55000900200040,2022-02-03,1,0,0.99999976
55000900200040,2022-02-04,1,0,0.99999976
55000900200040,2022-02-05,1,0,0.99999976
55000900200040,2022-02-06,1,0,0.99999976
55000900200040,2022-02-07,1,0,0.99999976
55000900200040,2022-02-08,1,0,0.99999976
55000900200040,2022-02-09,1,0,0.99999976
55000900200040,2022-02-10,1,0,0.99999976
55000900200040,2022-02-11,1,0,0.99999976
55000900200040,2022-02-12,1,0,0.99999976
55000900200040,2022-02-13,1,0,0.99999976
55000900200040,2022-02-14,1,0,0.99999976
55000900200040,2022-02-15,1,0,0.99999976
55000900200040,2022-02-16,1,0,0.99999976
55000900200040,2022-02-17,1,0,0.99999976
55000900200040,2022-02-18,1,0,0.99999976
55000900200040,2022-02-19,1,0,0.99999976
55000900200040,2022-02-20,1,0,0.99999976
55000900200040,2022-02-21,1,0,0.99999976
55000900200040,2022-02-22,1,0,0.99999976
55000900200040,2022-02-23,1,0,0.99999976
55000900200040,2022-02-24,1,0,0.99999976
55000900200040,2022-02-25,1,0,0.99999976
55000900200040,2022-02-26,1,0,0.99999976
55000900200040,2022-02-27,1,0,0.99999976
55000900200040,2022-02-28,1,0,0.99999976
55000900200040,2022-03-01,1,0,0.99999976
55000900200040,2022-03-02,1,0,0.99999976
55000900200040,2022-03-03,1,0,0.99999976
55000900200040,2022-03-04,1,0,0.99999976
55000900200040,2022-03-05,1,0,0.99999976
55000900200040,2022-03-06,1,0,0.99999976
55000900200040,2022-03-07,1,0,0.99999976
55000900200040,2022-03-08,1,0,0.99999976
55000900200040,2022-03-09,1,0,0.99999976
55000900200040,2022-03-10,1,0,0.99999976
55000900200040,2022-03-11,1,0,0.99999976
55000900200040,2022-03-12,1,0,0.99999976
55000900200040,2022-03-14,1,0,0.99999976
55000900200040,2022-03-15,1,0,0.99999976
55000900200040,2022-03-16,1,0,0.99999976
55000900200040,2022-03-17,1,0,0.99999976
55000900200040,2022-03-18,1,0,0.99999976
55000900200040,2022-03-19,1,0,0.99999976
55000900200040,2022-03-20,1,0,0.99999976
55000900200040,2022-03-21,1,0,0.99999976
55000900200040,2022-03-22,1,0,0.99999976
55000900200040,2022-03-23,1,0,0.99999976
55000900200040,2022-03-24,1,0,0.99999976
55000900200040,2022-03-25,1,0,0.99999976
55000900200040,2022-03-26,1,0,0.99999976
55000900200040,2022-03-27,1,0,0.99999976
55000900200040,2022-03-28,1,0,0.99999976
55000900200040,2022-03-29,1,0,0.99999976
55000900200040,2022-03-30,1,0,0.99999976
55000900200040,2022-03-31,1,0,0.99999976
55000900200040,2022-04-01,1,0,0.99999976
55000900200040,2022-04-02,1,0,0.99999976
55000900200040,2022-04-03,1,0,0.99999976
55000900200040,2022-04-04,1,0,0.99999976
55000900200040,2022-04-05,1,0,0.99999976
55000900200040,2022-04-06,1,0,0.99999976
55000900200040,2022-04-07,1,0,0.99999976
55000900200040,2022-04-08,1,0,0.99999976
55000900200040,2022-04-09,1,0,0.99999976
55000900200040,2022-04-10,1,0,0.99999976
55000900200040,2022-04-11,1,0,0.99999976
55000900200040,2022-04-12,1,0,0.99999976
55000900200040,2022-04-13,1,0,0.99999976
55000900200040,2022-04-14,1,0,0.99999976
55000900200040,2022-04-15,1,0,0.99999976
55000900200040,2022-04-16,1,0,0.99999976
55000900200040,2022-04-17,1,0,0.99999976
55000900200040,2022-04-18,1,0,0.99999976
55000900200040,2022-04-19,1,0,0.99999976
55000900200040,2022-04-20,1,0,0.99999976
55000900200040,2022-04-21,1,0,0.99999976
55000900200040,2022-04-22,1,0,0.99999976
55000900200040,2022-04-23,1,0,0.99999976
55000900200040,2022-04-24,1,0,0.99999976
55000900200040,2022-04-25,1,0,0.99999976
55000900200040,2022-04-26,1,0,0.99999976
55000900200040,2022-04-27,1,0,0.99999976
55000900200040,2022-04-28,1,0,0.99999976
55000900200040,2022-04-29,1,0,0.99999976
55000900200040,2022-04-30,1,0,0.99999976
55000900200040,2022-05-01,1,0,0.99999976
55000900200040,2022-05-02,1,0,0.99999976
55000900200040,2022-05-03,1,0,0.99999976
55000900200040,2022-05-04,1,0,0.99999976
55000900200040,2022-05-05,1,0,0.99999976
55000900200040,2022-05-06,1,0,0.99999976
55000900200040,2022-05-07,1,0,0.99999976
55000900200040,2022-05-08,1,0,0.99999976
55000900200040,2022-05-09,1,0,0.99999976
55000900200040,2022-05-10,1,0,0.99999976
55000900200040,2022-05-11,1,0,0.99999976
55000900200040,2022-05-12,1,0,0.99999976
55000900200040,2022-05-13,1,0,0.99999976
55000900200040,2022-05-14,1,0,0.99999976
55000900200040,2022-05-15,1,0,0.99999976
55000900200040,2022-05-16,1,0,0.99999976
55000900200040,2022-05-17,1,0,0.99999976
55000900200040,2022-05-18,1,0,0.99999976
55000900200040,2022-05-19,1,0,0.99999976
55000900200040,2022-05-20,1,0,0.99999976
55000900200040,2022-05-21,1,0,0.99999976
55000900200040,2022-05-22,1,0,0.99999976
55000900200040,2022-05-23,1,0,0.99999976
55000900200040,2022-05-24,1,0,0.99999976
55000900200040,2022-05-25,1,0,0.99999976
55000900200040,2022-05-26,1,0,0.99999976
55000900200040,2022-05-27,1,0,0.99999976
55000900200040,2022-05-28,1,0,0.99999976
55000900200040,2022-05-29,1,0,0.99999976
55000900200040,2022-05-30,1,0,0.99999976
55000900200040,2022-05-31,1,0,0.99999976
55000900200040,2022-06-01,1,0,0.99999976
55000900200040,2022-06-02,1,0,0.99999976
55000900200040,2022-06-03,1,0,0.99999976
55000900200040,2022-06-04,1,0,0.99999976
55000900200040,2022-06-05,1,0,0.99999976
55000900200040,2022-06-06,1,0,0.99999976
55000900200040,2022-06-07,1,0,0.99999976
55000900200040,2022-06-08,1,0,0.99999976
55000900200040,2022-06-09,1,0,0.99999976
55000900200040,2022-06-10,1,0,0.99999976
55000900200040,2022-06-11,1,0,0.99999976
55000900200040,2022-06-12,1,0,0.99999976
55000900200040,2022-06-13,1,0,0.99999976
55000900200040,2022-06-14,1,0,0.99999976
55000900200040,2022-06-15,1,0,0.99999976
55000900200040,2022-06-16,1,0,0.99999976
55000900200040,2022-06-17,1,0,0.99999976
55000900200040,2022-06-18,1,0,0.99999976
55000900200040,2022-06-19,1,0,0.99999976
55000900200040,2022-06-20,1,0,0.99999976
55000900200040,2022-06-21,1,0,0.99999976
55000900200040,2022-06-22,1,0,0.99999976
55000900200040,2022-06-23,1,0,0.99999976
55000900200040,2022-06-24,1,0,0.99999976
55000900200040,2022-06-25,1,0,0.99999976
55000900200040,2022-06-26,1,0,0.99999976
55000900200040,2022-06-27,1,0,0.99999976
55000900200040,2022-06-28,1,0,0.99999976
55000900200040,2022-06-29,1,0,0.99999976
55000900200040,2022-06-30,1,0,0.99999976
55000900200040,2022-07-01,1,0,0.99999976
55000900200040,2022-07-02,1,0,0.99999976
55000900200040,2022-07-03,1,0,0.99999976
55000900200040,2022-07-04,1,0,0.99999976
55000900200040,2022-07-05,1,0,0.99999976
55000900200040,2022-07-06,1,0,0.99999976
55000900200040,2022-07-07,1,0,0.99999976
55000900200040,2022-07-08,1,0,0.99999976
55000900200040,2022-07-09,1,0,0.99999976
55000900200040,2022-07-10,1,0,0.99999976
55000900200040,2022-07-11,1,0,0.99999976
55000900200040,2022-07-12,1,0,0.99999976
55000900200040,2022-07-13,1,0,0.99999976
55000900200040,2022-07-14,1,0,0.99999976
55000900200040,2022-07-15,1,0,0.99999976
55000900200040,2022-07-16,1,0,0.99999976
55000900200040,2022-07-17,1,0,0.99999976
55000900200040,2022-07-18,1,0,0.99999976
55000900200040,2022-07-19,1,0,0.99999976
55000900200040,2022-07-20,1,0,0.99999976
55000900200040,2022-07-21,1,0,0.99999976
55000900200040,2022-07-22,1,0,0.99999976
55000900200040,2022-07-23,1,0,0.99999976
55000900200040,2022-07-24,1,0,0.99999976
55000900200040,2022-07-25,1,0,0.99999976
55000900200040,2022-07-26,1,0,0.99999976
55000900200040,2022-07-27,1,0,0.99999976
55000900200040,2022-07-28,1,0,0.99999976
55000900200040,2022-07-29,1,0,0.99999976
55000900200040,2022-07-30,1,0,0.99999976
55000900200040,2022-07-31,1,0,0.99999976
55000900200040,2022-08-01,1,0,0.99999976
55000900200040,2022-08-02,1,0,0.99999976
55000900200040,2022-08-03,1,0,0.99999976
55000900200040,2022-08-04,1,0,0.99999976
55000900200040,2022-08-05,1,0,0.99999976
55000900200040,2022-08-06,1,0,0.99999976
55000900200040,2022-08-07,1,0,0.99999976
55000900200040,2022-08-08,1,0,0.99999976
55000900200040,2022-08-09,1,0,0.99999976
55000900200040,2022-08-10,1,0,0.99999976
55000900200040,2022-08-11,1,0,0.99999976
55000900200040,2022-08-12,1,0,0.99999976
55000900200040,2022-08-13,1,0,0.99999976
55000900200040,2022-08-14,1,0,0.99999976
55000900200040,2022-08-15,1,0,0.99999976
55000900200040,2022-08-16,1,0,0.99999976
55000900200040,2022-08-17,1,0,0.99999976
55000900200040,2022-08-18,1,0,0.99999976
55000900200040,2022-08-19,1,0,0.99999976
55000900200040,2022-08-20,1,0,0.99999976
55000900200040,2022-08-21,1,0,0.99999976
55000900200040,2022-08-22,1,0,0.99999976
55000900200040,2022-08-23,1,0,0.99999976
55000900200040,2022-08-24,1,0,0.99999976
55000900200040,2022-08-25,1,0,0.99999976
55000900200040,2022-08-26,1,0,0.99999976
55000900200040,2022-08-27,1,0,0.99999976
55000900200040,2022-08-28,1,0,0.99999976
55000900200040,2022-08-29,1,0,0.99999976
55000900200040,2022-08-30,1,0,0.99999976
55000900200040,2022-08-31,1,0,0.99999976
55000900200040,2022-09-01,1,0,0.99999976
55000900200040,2022-09-02,1,0,0.99999976
55000900200040,2022-09-03,1,0,0.99999976
55000900200040,2022-09-04,1,0,0.99999976
55000900200040,2022-09-05,1,0,0.99999976
55000900200040,2022-09-06,1,0,0.99999976
55000900200040,2022-09-07,1,0,0.99999976
55000900200040,2022-09-08,1,0,0.99999976
55000900200040,2022-09-09,1,0,0.99999976
55000900200040,2022-09-10,1,0,0.99999976
55000900200040,2022-09-11,1,0,0.99999976
55000900200040,2022-09-12,1,0,0.99999976
55000900200040,2022-09-13,1,0,0.99999976
55000900200040,2022-09-14,1,0,0.99999976
55000900200040,2022-09-15,1,0,0.99999976
55000900200040,2022-09-16,1,0,0.99999976
55000900200040,2022-09-17,1,0,0.99999976
55000900200040,2022-09-18,1,0,0.99999976
55000900200040,2022-09-19,1,0,0.99999976
55000900200040,2022-09-20,1,0,0.99999976
55000900200040,2022-09-21,1,0,0.99999976
55000900200040,2022-09-22,1,0,0.99999976
55000900200040,2022-09-23,1,0,0.99999976
55000900200040,2022-09-24,1,0,0.99999976
55000900200040,2022-09-25,1,0,0.99999976
55000900200040,2022-09-26,1,0,0.99999976
55000900200040,2022-09-27,1,0,0.99999976
55000900200040,2022-09-28,1,0,0.99999976
55000900200040,2022-09-29,1,0,0.99999976
55000900200040,2022-09-30,1,0,0.99999976
55000900200040,2022-10-01,1,0,0.99999976
55000900200040,2022-10-02,1,0,0.99999976
55000900200040,2022-10-03,1,0,0.99999976
55000900200040,2022-10-04,1,0,0.99999976
55000900200040,2022-10-05,1,0,0.99999976
55000900200040,2022-10-06,1,0,0.99999976
55000900200040,2022-10-07,1,0,0.99999976
55000900200040,2022-10-08,1,0,0.99999976
55000900200040,2022-10-09,1,0,0.99999976
55000900200040,2022-10-10,1,0,0.99999976
55000900200040,2022-10-11,1,0,0.99999976
55000900200040,2022-10-12,1,0,0.99999976
55000900200040,2022-10-13,1,0,0.99999976
55000900200040,2022-10-14,1,0,0.99999976
55000900200040,2022-10-15,1,0,0.99999976
55000900200040,2022-10-16,1,0,0.99999976
55000900200040,2022-10-17,1,0,0.99999976
55000900200040,2022-10-18,1,0,0.99999976
55000900200040,2022-10-19,1,0,0.99999976
55000900200040,2022-10-20,1,0,0.99999976
55000900200040,2022-10-21,1,0,0.99999976
55000900200040,2022-10-22,1,0,0.99999976
55000900200040,2022-10-23,1,0,0.99999976
55000900200040,2022-10-24,1,0,0.99999976
55000900200040,2022-10-25,1,0,0.99999976
55000900200040,2022-10-26,1,0,0.99999976
55000900200040,2022-10-27,1,0,0.99999976
55000900200040,2022-10-28,1,0,0.99999976
55000900200040,2022-10-29,1,0,0.99999976
55000900200040,2022-10-30,1,0,0.99999976
55000900200040,2022-10-31,1,0,0.99999976
55000900200040,2022-11-01,1,0,0.99999976
55000900200040,2022-11-02,1,0,0.99999976
55000900200040,2022-11-03,1,0,0.99999976
55000900200040,2022-11-04,1,0,0.99999976
55000900200040,2022-11-05,1,0,0.99999976
55000900200040,2022-11-06,1,0,0.99999976
55000900200040,2022-11-07,1,0,0.99999976
55000900200040,2022-11-08,1,0,0.99999976
55000900200040,2022-11-09,1,0,0.99999976
55000900200040,2022-11-10,1,0,0.99999976
55000900200040,2022-11-11,1,0,0.99999976
55000900200040,2022-11-12,1,0,0.99999976
55000900200040,2022-11-13,1,0,0.99999976
55000900200040,2022-11-14,1,0,0.99999976
55000900200040,2022-11-15,1,0,0.99999976
55000900200040,2022-11-16,1,0,0.99999976
55000900200040,2022-11-17,1,0,0.99999976
55000900200040,2022-11-18,1,0,0.99999976
55000900200040,2022-11-19,1,0,0.99999976
55000900200040,2022-11-20,1,0,0.99999976
55000900200040,2022-11-21,1,0,0.99999976
55000900200040,2022-11-22,1,0,0.99999976
55000900200040,2022-11-23,1,0,0.99999976
55000900200040,2022-11-24,1,0,0.99999976
55000900200040,2022-11-25,1,0,0.99999976
55000900200040,2022-11-26,1,0,0.99999976
55000900200040,2022-11-27,1,0,0.99999976
55000900200040,2022-11-28,1,0,0.99999976
55000900200040,2022-11-29,1,0,0.99999976
55000900200040,2022-11-30,1,0,0.99999976
55000900200040,2022-12-01,1,0,0.99999976
55000900200040,2022-12-02,1,0,0.99999976
55000900200040,2022-12-03,1,0,0.99999976
55000900200040,2022-12-04,1,0,0.99999976
55000900200040,2022-12-05,1,0,0.99999976
55000900200040,2022-12-06,1,0,0.99999976
55000900200040,2022-12-07,1,0,0.99999976
55000900200040,2022-12-08,1,0,0.99999976
55000900200040,2022-12-09,1,0,0.99999976
55000900200040,2022-12-10,1,0,0.99999976
55000900200040,2022-12-11,1,0,0.99999976
55000900200040,2022-12-12,1,0,0.99999976
55000900200040,2022-12-13,1,0,0.99999976
55000900200040,2022-12-14,1,0,0.99999976
55000900200040,2022-12-15,1,0,0.99999976
55000900200040,2022-12-16,1,0,0.99999976
55000900200040,2022-12-17,1,0,0.99999976
55000900200040,2022-12-18,1,0,0.99999976
55000900200040,2022-12-19,1,0,0.99999976
55000900200040,2022-12-20,1,0,0.99999976
55000900200040,2022-12-21,1,0,0.99999976
55000900200040,2022-12-22,1,0,0.99999976
55000900200040,2022-12-23,1,0,0.99999976
55000900200040,2022-12-24,1,0,0.99999976
55000900200040,2022-12-25,1,0,0.99999976
55000900200040,2022-12-26,1,0,0.99999976
55000900200040,2022-12-27,1,0,0.99999976
55000900200040,2022-12-28,1,0,0.99999976
55000900200040,2022-12-29,1,0,0.99999976
55000900200040,2022-12-30,1,0,0.99999976
55000900200040,2022-12-31,1,0,0.99999976
55000900200040,2023-01-01,1,0,0.99999976
55000900200040,2023-01-02,1,0,0.99999976
55000900200040,2023-01-03,1,0,0.99999976
55000900200040,2023-01-04,1,0,0.99999976
55000900200040,2023-01-05,1,0,0.99999976
55000900200040,2023-01-06,1,0,0.99999976
55000900200040,2023-01-07,1,0,0.99999976
55000900200040,2023-01-08,1,0,0.99999976
55000900200040,2023-01-09,1,0,0.99999976
55000900200040,2023-01-10,1,0,0.99999976
55000900200040,2023-01-11,1,0,0.99999976
55000900200040,2023-01-12,1,0,0.99999976
55000900200040,2023-01-13,1,0,0.99999976
55000900200040,2023-01-14,1,0,0.99999976
55000900200040,2023-01-15,1,0,0.99999976
55000900200040,2023-01-16,1,0,0.99999976
55000900200040,2023-01-17,1,0,0.99999976
55000900200040,2023-01-18,1,0,0.99999976
55000900200040,2023-01-19,1,0,0.99999976
55000900200040,2023-01-20,1,0,0.99999976
55000900200040,2023-01-21,1,0,0.99999976
55000900200040,2023-01-22,1,0,0.99999976
55000900200040,2023-01-23,1,0,0.99999976
55000900200040,2023-01-24,1,0,0.99999976
55000900200040,2023-01-25,1,0,0.99999976
55000900200040,2023-01-26,1,0,0.99999976
55000900200040,2023-01-27,1,0,0.99999976
55000900200040,2023-01-28,1,0,0.99999976
55000900200040,2023-01-29,1,0,0.99999976
55000900200040,2023-01-30,1,0,0.99999976
55000900200040,2023-01-31,1,0,0.99999976
55000900200040,2023-02-01,1,0,0.99999976
55000900200040,2023-02-02,1,0,0.99999976
55000900200040,2023-02-03,1,0,0.99999976
55000900200040,2023-02-04,1,0,0.99999976
55000900200040,2023-02-05,1,0,0.99999976
55000900200040,2023-02-06,1,0,0.99999976
55000900200040,2023-02-07,1,0,0.99999976
55000900200040,2023-02-08,1,0,0.99999976
55000900200040,2023-02-09,1,0,0.99999976
55000900200040,2023-02-10,1,0,0.99999976
55000900200040,2023-02-11,1,0,0.99999976
55000900200040,2023-02-12,1,0,0.99999976
55000900200040,2023-02-13,1,0,0.99999976
55000900200040,2023-02-14,1,0,0.99999976
55000900200040,2023-02-15,1,0,0.99999976
55000900200040,2023-02-16,1,0,0.99999976
55000900200040,2023-02-17,1,0,0.99999976
55000900200040,2023-02-18,1,0,0.99999976
55000900200040,2023-02-19,1,0,0.99999976
55000900200040,2023-02-20,1,0,0.99999976
55000900200040,2023-02-21,1,0,0.99999976
55000900200040,2023-02-22,1,0,0.99999976
55000900200040,2023-02-23,1,0,0.99999976
55000900200040,2023-02-24,1,0,0.99999976
55000900200040,2023-02-25,1,0,0.99999976
55000900200040,2023-02-26,1,0,0.99999976
55000900200040,2023-02-27,1,0,0.99999976
55000900200040,2023-02-28,1,0,0.99999976
55000900200040,2023-03-01,1,0,0.99999976
55000900200040,2023-03-02,1,0,0.99999976
55000900200040,2023-03-03,1,0,0.99999976
55000900200040,2023-03-04,1,0,0.99999976
55000900200040,2023-03-05,1,0,0.99999976
55000900200040,2023-03-06,1,0,0.99999976
55000900200040,2023-03-07,1,0,0.99999976
55000900200040,2023-03-08,1,0,0.99999976
55000900200040,2023-03-09,1,0,0.99999976
55000900200040,2023-03-10,1,0,0.99999976
55000900200040,2023-03-11,1,0,0.99999976
55000900200040,2023-03-13,1,0,0.99999976
55000900200040,2023-03-14,1,0,0.99999976
55000900200040,2023-03-15,1,0,0.99999976
55000900200040,2023-03-16,1,0,0.99999976
55000900200040,2023-03-17,1,0,0.99999976
55000900200040,2023-03-18,1,0,0.99999976
55000900200040,2023-03-19,1,0,0.99999976
55000900200040,2023-03-20,1,0,0.99999976
55000900200040,2023-03-21,1,0,0.99999976
55000900200040,2023-03-22,1,0,0.99999976
55000900200040,2023-03-23,1,0,0.99999976
55000900200040,2023-03-24,1,0,0.99999976
55000900200040,2023-03-25,1,0,0.99999976
55000900200040,2023-03-26,1,0,0.99999976
55000900200040,2023-03-27,1,0,0.99999976
55000900200040,2023-03-28,1,0,0.99999976
55000900200040,2023-03-29,1,0,0.99999976
55000900200040,2023-03-30,1,0,0.99999976
55000900200040,2023-03-31,1,0,0.99999976
55000900200040,2023-04-01,1,0,0.99999976
55000900200040,2023-04-02,1,0,0.99999976
55000900200040,2023-04-03,1,0,0.99999976
55000900200040,2023-04-04,1,0,0.99999976
55000900200040,2023-04-05,1,0,0.99999976
55000900200040,2023-04-06,1,0,0.99999976
55000900200040,2023-04-07,1,0,0.99999976
55000900200040,2023-04-08,1,0,0.99999976
55000900200040,2023-04-09,1,0,0.99999976
55000900200040,2023-04-10,1,0,0.99999976
55000900200040,2023-04-11,1,0,0.99999976
55000900200040,2023-04-12,1,0,0.99999976
55000900200040,2023-04-13,1,0,0.99999976
55000900200040,2023-04-14,1,0,0.99999976
55000900200040,2023-04-15,1,0,0.99999976
55000900200040,2023-04-16,1,0,0.99999976
55000900200040,2023-04-17,1,0,0.99999976
55000900200040,2023-04-18,1,0,0.99999976
55000900200040,2023-04-19,1,0,0.99999976
55000900200040,2023-04-20,1,0,0.99999976
55000900201800,2020-09-11,1,9,0.9999621
55000900201800,2020-09-12,1,9,0.9999596
55000900201800,2020-09-13,1,9,0.9999145
55000900201800,2020-09-14,1,9,0.9998286
55000900201800,2020-09-15,1,9,0.99982446
55000900201800,2020-09-16,1,9,0.9998393
55000900201800,2020-09-17,1,9,0.9999665
55000900201800,2020-09-18,1,9,0.999972
55000900201800,2020-09-19,1,9,0.9999654
55000900201800,2020-09-20,1,9,0.9999902
55000900201800,2020-09-21,1,9,0.9999968
55000900201800,2020-09-22,1,9,0.9999981
55000900201800,2020-09-23,1,9,0.9999937
55000900201800,2020-09-24,1,9,0.9999925
55000900201800,2020-09-25,1,9,0.99999475
55000900201800,2020-09-26,1,9,0.99999666
55000900201800,2020-09-27,1,9,0.9999987
55000900201800,2020-09-28,1,9,0.99999714
55000900201800,2020-09-29,1,9,0.9999924
55000900201800,2020-09-30,1,9,0.99999666
55000900201800,2020-10-01,1,9,0.9999951
55000900201800,2020-10-02,1,9,0.99999845
55000900201800,2020-10-03,1,9,0.99997103
55000900201800,2020-10-04,1,9,0.99999475
55000900201800,2020-10-05,1,9,0.9999764
55000900201800,2020-10-06,1,9,0.9999945
55000900201800,2020-10-07,1,9,0.99998844
55000900201800,2020-10-08,1,9,0.99999726
55000900201800,2020-10-09,1,9,0.9999703
55000900201800,2020-10-11,1,9,0.99998605
55000900201800,2020-10-12,1,9,0.9999789
55000900201800,2020-10-13,1,9,0.9999776
55000900201800,2020-10-14,1,9,0.9999869
55000900201800,2020-10-15,1,9,0.999992
55000900201800,2020-10-16,1,9,0.99998784
55000900201800,2020-10-17,1,9,0.9999794
55000900201800,2020-10-18,1,9,0.9999902
55000900201800,2020-10-19,1,9,0.9999783
55000900201800,2020-10-20,1,0,0.9999801
55000900201800,2020-10-21,1,0,0.9999819
55000900201811,2020-09-11,1,9,0.99990976
55000900201811,2020-09-12,1,9,0.99995697
55000900201811,2020-09-13,1,9,0.9999279
55000900201811,2020-09-14,1,9,0.9999745
55000900201811,2020-09-15,1,9,0.9999819
55000900201811,2020-09-16,1,9,0.99995244
55000900201811,2020-09-17,1,9,0.9999926
55000900201811,2020-09-18,1,9,0.99999297
55000900201811,2020-09-19,1,9,0.9999931
55000900201811,2020-09-20,1,9,0.9999883
55000900201811,2020-09-21,1,9,0.99999523
55000900201811,2020-09-22,1,9,0.9999974
55000900201811,2020-09-23,1,9,0.99999833
55000900201811,2020-09-24,1,9,0.9999987
55000900201811,2020-09-25,1,9,0.9999968
55000900201811,2020-09-26,1,9,0.9999988
55000900201811,2020-09-27,1,9,0.9999943
55000900201811,2020-09-28,1,9,0.99996185
55000900201811,2020-09-29,1,9,0.99999285
55000900201811,2020-09-30,1,9,0.99999833
55000900201811,2020-10-01,1,9,0.9999857
55000900201811,2020-10-02,1,9,0.99999845
55000900201811,2020-10-03,1,9,0.9999957
55000900201811,2020-10-04,1,9,0.9999956
55000900201811,2020-10-05,1,9,0.99999774
55000900201811,2020-10-06,1,9,0.9999964
55000900201811,2020-10-07,1,9,0.9999981
55000900201811,2020-10-08,1,9,0.9999964
55000900201811,2020-10-09,1,9,0.9999962
55000900201811,2020-10-10,1,9,0.9999862
55000900201811,2020-10-11,1,9,0.9999962
55000900201811,2020-10-12,1,9,0.9999958
55000900201811,2020-10-13,1,9,0.9999869
55000900201811,2020-10-14,1,9,0.99998224
55000900201811,2020-10-15,1,9,0.9999491
55000900201811,2020-10-16,1,9,0.999899
55000900201811,2020-10-17,1,9,0.9999299
55000900201811,2020-10-18,1,9,0.9999938
55000900201811,2020-10-19,1,9,0.99997544
55000900201811,2020-10-20,1,9,0.99998736
55000900201811,2020-10-21,1,9,0.9998919
55000900201811,2020-10-22,1,0,0.99998343
55000900201811,2020-10-23,1,0,0.9999869
55000900202948,2020-09-11,1,9,0.9999962
55000900202948,2020-09-12,1,9,0.99999344
55000900202948,2020-09-13,1,9,0.9999933
55000900202948,2020-09-14,1,9,0.9999887
55000900202948,2020-09-15,1,9,0.99998534
55000900202948,2020-09-16,1,9,0.999972
55000900202948,2020-09-17,1,9,0.99996686
55000900202948,2020-09-18,1,9,0.99999106
55000900202948,2020-09-19,1,9,0.9999906
55000900202948,2020-09-20,1,9,0.99999404
55000900202948,2020-09-21,1,9,0.9999981
55000900202948,2020-09-22,1,9,0.999998
55000900202948,2020-09-23,1,9,0.9999969
55000900202948,2020-09-24,1,9,0.99999774
55000900202948,2020-09-25,1,9,0.9999995
55000900202948,2020-09-26,1,9,0.99999774
55000900202948,2020-09-27,1,9,0.9999989
55000900202948,2020-09-28,1,9,0.9999975
55000900202948,2020-09-29,1,9,0.9999999
55000900202948,2020-09-30,1,9,0.99999976
55000900202948,2020-10-01,1,9,0.99999976
55000900202948,2020-10-02,1,9,0.9999995
55000900202948,2020-10-03,1,9,0.9999988
55000900202948,2020-10-04,1,9,0.999997
55000900202948,2020-10-05,1,9,0.99999714
55000900202948,2020-10-06,1,9,0.999997
55000900202948,2020-10-07,1,9,0.99999905
55000900202948,2020-10-08,1,9,0.99999833
55000900202948,2020-10-09,1,9,0.9999974
55000900202948,2020-10-10,1,9,0.9999981
55000900202948,2020-10-11,1,9,0.9999993
55000900202948,2020-10-12,1,9,0.9999994
55000900202948,2020-10-13,1,9,0.9999989
55000900202948,2020-10-14,1,9,0.9999968
55000900202948,2020-10-15,1,9,0.99999833
55000900202948,2020-10-16,1,9,0.9999962
55000900202948,2020-10-17,1,9,0.9999993
55000900202948,2020-10-18,1,9,0.9999993
55000900202948,2020-10-19,1,9,0.9999995
55000900202948,2020-10-20,1,9,0.9999995
55000900202948,2020-10-21,1,0,0.99998987
55000900202948,2020-10-22,1,0,0.99999785
55000900233930,2020-09-11,1,9,0.9999999
55000900233930,2020-09-12,1,9,0.9999999
55000900233930,2020-09-13,1,9,0.9999999
55000900233930,2020-09-14,1,9,0.9999999
55000900233930,2020-09-15,1,9,0.9999999
55000900233930,2020-09-16,1,9,0.9999999
55000900233930,2020-09-17,1,9,0.9999999
55000900233930,2020-09-18,1,9,0.9999999
55000900233930,2020-09-19,1,9,0.9999999
55000900233930,2020-09-20,1,9,0.9999999
55000900233930,2020-09-21,1,9,0.9999999
55000900233930,2020-09-22,1,9,0.9999999
55000900233930,2020-09-23,1,9,0.9999999
55000900233930,2020-09-24,1,9,0.9999999
55000900233930,2020-09-25,1,9,0.9999999
55000900233930,2020-09-26,1,9,0.9999999
55000900233930,2020-09-27,1,9,0.9999999
55000900233930,2020-09-28,1,9,0.9999999
55000900233930,2020-09-29,1,9,0.9999999
55000900233930,2020-09-30,1,9,0.9999999
55000900233930,2020-10-01,1,9,0.9999999
55000900233930,2020-10-02,1,9,0.9999999
55000900233930,2020-10-03,1,9,0.9999999
55000900233930,2020-10-04,1,9,0.9999999
55000900233930,2020-10-05,1,9,0.9999999
55000900233930,2020-10-06,1,9,0.9999999
55000900233930,2020-10-07,1,9,0.9999999
55000900233930,2020-10-08,1,9,0.9999999
55000900233930,2020-10-09,1,9,0.9999999
55000900233930,2020-10-10,1,9,0.9999999
55000900233930,2020-10-11,1,9,0.9999999
55000900233930,2020-10-12,1,9,0.9999999
55000900233930,2020-10-13,1,9,0.9999999
55000900233930,2020-10-14,1,9,0.9999999
55000900233930,2020-10-15,1,9,0.9999999
55000900233930,2020-10-16,1,9,0.9999999
55000900233930,2020-10-17,1,9,0.9999999
55000900233930,2020-10-18,1,9,0.9999999
55000900233930,2020-10-19,1,9,0.9999999
55000900233930,2020-10-20,1,9,0.9999999
55000900233930,2020-10-21,1,9,0.9999999
55000900233930,2020-10-22,1,9,0.9999999
55000900233930,2020-10-23,1,9,0.9999999
55000900233930,2020-10-24,1,9,0.9999999
55000900233930,2020-10-25,1,9,0.9999999
55000900233930,2020-10-26,1,0,0.99999964
55000900233930,2020-10-27,1,0,0.99999976
55000900234607,2020-09-11,1,0,0.992312
55000900234607,2020-09-12,1,0,0.9694956
55000900234607,2020-09-13,1,0,0.99415934
55000900234607,2020-09-14,1,0,0.9981395
55000900234607,2020-09-15,1,0,0.99913484
55000900234607,2020-09-16,1,0,0.9944936
55000900234607,2020-09-17,1,0,0.9928555
55000900234607,2020-09-18,1,0,0.9947278
55000900234607,2020-09-19,1,0,0.9972363
55000900234607,2020-09-20,1,0,0.99926835
55000900234607,2020-09-21,1,0,0.99937254
55000900234607,2020-09-22,1,0,0.99924433
55000900234607,2020-09-23,1,0,0.9983467
55000900234607,2020-09-24,1,0,0.99804807
55000900234607,2020-09-25,1,0,0.99911135
55000900234607,2020-09-26,1,0,0.99997747
55000900234607,2020-09-27,1,0,0.99983037
55000900234607,2020-09-28,1,0,0.9999833
55000900234607,2020-09-29,1,0,0.9999751
55000900234607,2020-09-30,1,0,0.9999956
55000900234607,2020-10-01,1,0,0.99999905
55000900234607,2020-10-02,1,0,0.999987
55000900234607,2020-10-03,1,0,0.99999547
55000900234607,2020-10-04,1,0,0.999992
55000900234607,2020-10-05,1,0,0.9999802
55000900234607,2020-10-06,1,0,0.9999813
55000900234607,2020-10-07,1,0,0.99998903
55000900234607,2020-10-08,1,0,0.9999912
55000900234607,2020-10-09,1,0,0.99994457
55000900234607,2020-10-10,1,0,0.9999492
55000900234607,2020-10-11,1,0,0.99998295
55000900234607,2020-10-12,1,0,0.99998856
55000900234607,2020-10-13,1,0,0.99999785
55000900234607,2020-10-14,1,0,0.9999994
55000900234607,2020-10-15,1,0,0.9999995
55000900234607,2020-10-16,1,0,0.99999976
55000900234607,2020-10-17,1,0,0.99999976
55000900234607,2020-10-18,1,0,0.99999976
55000900234607,2020-10-19,1,0,0.9999999
55000900234607,2020-10-20,1,0,0.99999964
55000900234607,2020-10-21,1,0,0.99999976
55000900234607,2020-10-22,1,0,0.99999964
55000900234607,2020-10-23,1,0,0.9999993
55000900234607,2020-10-24,1,0,0.99999833
55000900234607,2020-10-25,1,0,0.9999995
55000900234607,2020-10-26,1,0,0.9999989
55000900234607,2020-10-27,1,0,0.9999999
55000900234607,2020-10-28,1,0,0.99999976
55000900234607,2020-10-29,1,0,0.99999976
55000900234607,2020-10-30,1,0,0.99999964
55000900234607,2020-10-31,1,0,0.9999999
55000900234607,2020-11-01,1,0,0.9999999
55000900234607,2020-11-02,1,0,0.99999976
55000900234607,2020-11-03,1,0,0.9999999
55000900234607,2020-11-04,1,0,0.9999999
55000900234607,2020-11-05,1,0,0.9999999
55000900234607,2020-11-06,1,0,0.9999999
55000900234607,2020-11-07,1,0,0.9999999
55000900234607,2020-11-08,1,0,0.99999964
55000900234607,2020-11-09,1,0,0.99999976
55000900234607,2020-11-10,1,0,0.99999976
55000900234607,2020-11-11,1,0,0.9999994
55000900234607,2020-11-12,1,0,0.99999976
55000900234607,2020-11-13,1,0,0.9999999
55000900234607,2020-11-14,1,0,0.99999964
55000900234607,2020-11-15,1,0,0.99999964
55000900234607,2020-11-16,1,0,0.99999976
55000900234607,2020-11-17,1,0,0.99999976
55000900234607,2020-11-18,1,0,0.99999976
55000900234607,2020-11-19,1,0,0.9999999
55000900234607,2020-11-20,1,0,0.9999999
55000900234607,2020-11-21,1,0,0.9999999
55000900234607,2020-11-22,1,0,0.99999976
55000900234607,2020-11-23,1,0,0.99999976
55000900234607,2020-11-24,1,0,0.9999999
55000900234607,2020-11-25,1,0,0.9999999
55000900234607,2020-11-26,1,0,0.9999999
55000900234607,2020-11-27,1,0,0.9999994
55000900234607,2020-11-28,1,0,0.9999993
55000900234607,2020-11-29,1,0,0.9999994
55000900234607,2020-11-30,1,0,0.9999999
55000900234607,2020-12-01,1,0,0.9999999
55000900234607,2020-12-02,1,0,0.9999999
55000900234607,2020-12-03,1,0,0.9999994
55000900234607,2020-12-04,1,0,0.9999999
55000900234607,2020-12-05,1,0,0.9999999
55000900234607,2020-12-06,1,0,1.0
55000900234607,2020-12-07,1,0,0.9999999
55000900234607,2020-12-08,1,0,0.9999999
55000900234607,2020-12-09,1,0,0.9999993
55000900234607,2020-12-10,1,0,0.9999999
55000900234607,2020-12-11,1,0,0.9999999
55000900234607,2020-12-12,1,0,0.9999999
55000900234607,2020-12-13,1,0,0.9999999
55000900234607,2020-12-14,1,0,0.99999964
55000900234607,2020-12-15,1,0,0.99999976
55000900234607,2020-12-16,1,0,0.9999995
55000900234607,2020-12-17,1,0,0.9999995
55000900234607,2020-12-18,1,0,0.99999976
55000900234607,2020-12-19,1,0,0.9999995
55000900234607,2020-12-20,1,0,0.99999964
55000900234607,2020-12-21,1,0,0.99999976
55000900234607,2020-12-22,1,0,0.99999964
55000900234607,2020-12-23,1,0,0.99999964
55000900234607,2020-12-24,1,0,0.99999964
55000900234607,2020-12-25,1,0,0.9999988
55000900234607,2020-12-26,1,0,0.9999999
55000900234607,2020-12-27,1,0,0.99999964
55000900234607,2020-12-28,1,0,0.99999905
55000900234607,2020-12-29,1,0,0.9999993
55000900234607,2020-12-30,1,0,0.9999999
55000900234607,2020-12-31,1,0,0.99999976
55000900234607,2021-01-01,1,0,0.9999999
55000900234607,2021-01-02,1,0,0.9999995
55000900234607,2021-01-03,1,0,0.9999995
55000900234607,2021-01-04,1,0,0.99999976
55000900234607,2021-01-05,1,0,0.99999976
55000900234607,2021-01-06,1,0,0.99999976
55000900234607,2021-01-07,1,0,0.99999976
55000900234607,2021-01-08,1,0,0.99999976
55000900234607,2021-01-09,1,0,0.9999999
55000900234607,2021-01-10,1,0,0.99999976
55000900234607,2021-01-11,1,0,0.9999999
55000900234607,2021-01-12,1,0,0.99999964
55000900234607,2021-01-13,1,0,0.9999999
55000900234607,2021-01-14,1,0,0.99999976
55000900234607,2021-01-15,1,0,0.9999999
55000900234607,2021-01-16,1,0,0.99999976
55000900234607,2021-01-17,1,0,0.99999976
55000900234607,2021-01-18,1,0,0.99999976
55000900234607,2021-01-19,1,0,0.99999976
55000900234607,2021-01-20,1,0,0.99999976
55000900234607,2021-01-21,1,0,0.99999976
55000900234607,2021-01-22,1,0,0.99999976
55000900234607,2021-01-23,1,0,0.99999964
55000900234607,2021-01-24,1,0,0.99999976
55000900234607,2021-01-25,1,0,0.99999976
55000900234607,2021-01-26,1,0,0.99999964
55000900234607,2021-01-27,1,0,0.99999964
55000900234607,2021-01-28,1,0,0.99999976
55000900234607,2021-01-29,1,0,0.99999964
55000900234607,2021-01-30,1,0,0.99999976
55000900234607,2021-01-31,1,0,0.99999976
55000900234607,2021-02-01,1,0,0.99999976
55000900234607,2021-02-02,1,0,0.99999976
55000900234607,2021-02-03,1,0,0.99999976
55000900234607,2021-02-04,1,0,0.99999976
55000900234607,2021-02-05,1,0,0.99999976
55000900234607,2021-02-06,1,0,0.99999976
55000900234607,2021-02-07,1,0,0.99999976
55000900234607,2021-02-08,1,0,0.99999976
55000900234607,2021-02-09,1,0,0.99999976
55000900234607,2021-02-10,1,0,0.99999976
55000900234607,2021-02-11,1,0,0.99999976
55000900234607,2021-02-12,1,0,0.99999976
55000900234607,2021-02-13,1,0,0.99999976
55000900234607,2021-02-14,1,0,0.99999976
55000900234607,2021-02-15,1,0,0.99999976
55000900234607,2021-02-16,1,0,0.99999976
55000900234607,2021-02-17,1,0,0.99999976
55000900234607,2021-02-18,1,0,0.99999976
55000900234607,2021-02-19,1,0,0.99999976
55000900234607,2021-02-20,1,0,0.99999976
55000900234607,2021-02-21,1,0,0.99999976
55000900234607,2021-02-22,1,0,0.99999976
55000900234607,2021-02-23,1,0,0.99999976
55000900234607,2021-02-24,1,0,0.99999976
55000900234607,2021-02-25,1,0,0.99999976
55000900234607,2021-02-26,1,0,0.99999976
55000900234607,2021-02-27,1,0,0.99999976
55000900234607,2021-02-28,1,0,0.99999976
55000900234607,2021-03-01,1,0,0.99999976
55000900234607,2021-03-02,1,0,0.99999976
55000900234607,2021-03-03,1,0,0.99999976
55000900234607,2021-03-04,1,0,0.99999976
55000900234607,2021-03-05,1,0,0.99999976
55000900234607,2021-03-06,1,0,0.99999976
55000900234607,2021-03-07,1,0,0.99999976
55000900234607,2021-03-08,1,0,0.99999976
55000900234607,2021-03-09,1,0,0.99999976
55000900234607,2021-03-10,1,0,0.99999976
55000900234607,2021-03-11,1,0,0.99999976
55000900234607,2021-03-12,1,0,0.99999976
55000900234607,2021-03-13,1,0,0.99999976
55000900234607,2021-03-15,1,0,0.99999976
55000900234607,2021-03-16,1,0,0.99999976
55000900234607,2021-03-17,1,0,0.99999976
55000900234607,2021-03-18,1,0,0.99999976
55000900234607,2021-03-19,1,0,0.99999976
55000900234607,2021-03-20,1,0,0.99999976
55000900234607,2021-03-21,1,0,0.99999976
55000900234607,2021-03-22,1,0,0.99999976
55000900234607,2021-03-23,1,0,0.99999976
55000900234607,2021-03-24,1,0,0.99999976
55000900234607,2021-03-25,1,0,0.99999976
55000900234607,2021-03-26,1,0,0.99999976
55000900234607,2021-03-27,1,0,0.99999976
55000900234607,2021-03-28,1,0,0.99999976
55000900234607,2021-03-29,1,0,0.99999976
55000900234607,2021-03-30,1,0,0.99999976
55000900234607,2021-03-31,1,0,0.99999976
55000900234607,2021-04-01,1,0,0.99999976
55000900234607,2021-04-02,1,0,0.99999976
55000900234607,2021-04-03,1,0,0.99999976
55000900234607,2021-04-04,1,0,0.99999976
55000900234607,2021-04-05,1,0,0.99999976
55000900234607,2021-04-06,1,0,0.99999976
55000900234607,2021-04-07,1,0,0.99999976
55000900234607,2021-04-08,1,0,0.99999976
55000900234607,2021-04-09,1,0,0.99999976
55000900234607,2021-04-10,1,0,0.99999976
55000900234607,2021-04-11,1,0,0.99999976
55000900234607,2021-04-12,1,0,0.99999976
55000900234607,2021-04-13,1,0,0.99999976
55000900234607,2021-04-14,1,0,0.99999976
55000900234607,2021-04-15,1,0,0.99999976
55000900234607,2021-04-16,1,0,0.99999976
55000900234607,2021-04-17,1,0,0.99999976
55000900234607,2021-04-18,1,0,0.99999976
55000900234607,2021-04-19,1,0,0.99999976
55000900234607,2021-04-20,1,0,0.99999976
55000900234607,2021-04-21,1,0,0.99999976
55000900234607,2021-04-22,1,0,0.99999976
55000900234607,2021-04-23,1,0,0.99999976
55000900234607,2021-04-24,1,0,0.99999976
55000900234607,2021-04-25,1,0,0.99999976
55000900234607,2021-04-26,1,0,0.99999976
55000900234607,2021-04-27,1,0,0.99999976
55000900234607,2021-04-28,1,0,0.99999976
55000900234607,2021-04-29,1,0,0.99999976
55000900234607,2021-04-30,1,0,0.99999976
55000900234607,2021-05-01,1,0,0.99999976
55000900234607,2021-05-02,1,0,0.99999976
55000900234607,2021-05-03,1,0,0.99999976
55000900234607,2021-05-04,1,0,0.99999976
55000900234607,2021-05-05,1,0,0.99999976
55000900234607,2021-05-06,1,0,0.99999976
55000900234607,2021-05-07,1,0,0.99999976
55000900234607,2021-05-08,1,0,0.99999976
55000900234607,2021-05-09,1,0,0.99999976
55000900234607,2021-05-10,1,0,0.99999976
55000900234607,2021-05-11,1,0,0.99999976
55000900234607,2021-05-12,1,0,0.99999976
55000900234607,2021-05-13,1,0,0.99999976
55000900234607,2021-05-14,1,0,0.99999976
55000900234607,2021-05-15,1,0,0.99999976
55000900234607,2021-05-16,1,0,0.99999976
55000900234607,2021-05-17,1,0,0.99999976
55000900234607,2021-05-18,1,0,0.99999976
55000900234607,2021-05-19,1,0,0.99999976
55000900234607,2021-05-20,1,0,0.99999976
55000900234607,2021-05-21,1,0,0.99999976
55000900234607,2021-05-22,1,0,0.99999976
55000900234607,2021-05-23,1,0,0.99999976
55000900234607,2021-05-24,1,0,0.99999976
55000900234607,2021-05-25,1,0,0.99999976
55000900234607,2021-05-26,1,0,0.99999976
55000900234607,2021-05-27,1,0,0.99999976
55000900234607,2021-05-28,1,0,0.99999976
55000900234607,2021-05-29,1,0,0.99999976
55000900234607,2021-05-30,1,0,0.99999976
55000900234607,2021-05-31,1,0,0.99999976
55000900234607,2021-06-01,1,0,0.99999976
55000900234607,2021-06-02,1,0,0.99999976
55000900234607,2021-06-03,1,0,0.99999976
55000900234607,2021-06-04,1,0,0.99999976
55000900234607,2021-06-05,1,0,0.99999976
55000900234607,2021-06-06,1,0,0.99999976
55000900234607,2021-06-07,1,0,0.99999976
55000900234607,2021-06-08,1,0,0.99999976
55000900234607,2021-06-09,1,0,0.99999976
55000900234607,2021-06-10,1,0,0.99999976
55000900234607,2021-06-11,1,0,0.99999976
55000900234607,2021-06-12,1,0,0.99999976
55000900234607,2021-06-13,1,0,0.99999976
55000900234607,2021-06-14,1,0,0.99999976
55000900234607,2021-06-15,1,0,0.99999976
55000900234607,2021-06-16,1,0,0.99999976
55000900234607,2021-06-17,1,0,0.99999976
55000900234607,2021-06-18,1,0,0.99999976
55000900234607,2021-06-19,1,0,0.99999976
55000900234607,2021-06-20,1,0,0.99999976
55000900234607,2021-06-22,1,0,0.99999976
55000900234607,2021-06-23,1,0,0.99999976
55000900234607,2021-06-24,1,0,0.99999976
55000900234607,2021-06-25,1,0,0.99999976
55000900234607,2021-06-26,1,0,0.99999976
55000900234607,2021-06-27,1,0,0.99999976
55000900234607,2021-06-28,1,0,0.99999976
55000900234607,2021-06-29,1,0,0.99999976
55000900234607,2021-06-30,1,0,0.99999976
55000900234607,2021-07-01,1,0,0.99999976
55000900234607,2021-07-02,1,0,0.99999976
55000900234607,2021-07-03,1,0,0.99999976
55000900234607,2021-07-04,1,0,0.99999976
55000900234607,2021-07-05,1,0,0.99999976
55000900234607,2021-07-06,1,0,0.99999976
55000900234607,2021-07-07,1,0,0.99999976
55000900234607,2021-07-08,1,0,0.99999976
55000900234607,2021-07-09,1,0,0.99999976
55000900234607,2021-07-10,1,0,0.99999976
55000900234607,2021-07-11,1,0,0.99999976
55000900234607,2021-07-12,1,0,0.99999976
55000900234607,2021-07-13,1,0,0.99999976
55000900234607,2021-07-14,1,0,0.99999976
55000900234607,2021-07-15,1,0,0.99999976
55000900234607,2021-07-16,1,0,0.99999976
55000900234607,2021-07-17,1,0,0.99999976
55000900234607,2021-07-18,1,0,0.99999976
55000900234607,2021-07-19,1,0,0.99999976
55000900234607,2021-07-27,1,0,0.99999976
55000900234607,2021-07-28,1,0,0.99999976
55000900234607,2021-07-29,1,0,0.99999976
55000900234607,2021-07-30,1,0,0.99999976
55000900234607,2021-07-31,1,0,0.99999976
55000900234607,2021-08-01,1,0,0.99999976
55000900234607,2021-08-02,1,0,0.99999976
55000900234607,2021-08-03,1,0,0.99999976
55000900234607,2021-08-04,1,0,0.99999976
55000900234607,2021-08-05,1,0,0.99999976
55000900234607,2021-08-06,1,0,0.99999976
55000900234607,2021-08-07,1,0,0.99999976
55000900234607,2021-08-08,1,0,0.99999976
55000900234607,2021-08-09,1,0,0.99999976
55000900234607,2021-08-10,1,0,0.99999976
55000900234607,2021-08-11,1,0,0.99999976
55000900234607,2021-08-12,1,0,0.99999976
55000900234607,2021-08-13,1,0,0.99999976
55000900234607,2021-08-14,1,0,0.99999976
55000900234607,2021-08-15,1,0,0.99999976
55000900234607,2021-08-16,1,0,0.99999976
55000900234607,2021-08-17,1,0,0.99999976
55000900234607,2021-08-18,1,0,0.99999976
55000900234607,2021-08-19,1,0,0.99999976
55000900234607,2021-08-20,1,0,0.99999976
55000900234607,2021-08-21,1,0,0.99999976
55000900234607,2021-08-22,1,0,0.99999976
55000900234607,2021-08-23,1,0,0.99999976
55000900234607,2021-08-24,1,0,0.99999976
55000900234607,2021-08-25,1,0,0.99999976
55000900234607,2021-08-26,1,0,0.99999976
55000900234607,2021-08-27,1,0,0.99999976
55000900234607,2021-08-28,1,0,0.99999976
55000900234607,2021-08-29,1,0,0.99999976
55000900234607,2021-08-30,1,0,0.99999976
55000900234607,2021-08-31,1,0,0.99999976
55000900234607,2021-09-01,1,0,0.99999976
55000900234607,2021-09-02,1,0,0.99999976
55000900234607,2021-09-03,1,0,0.99999976
55000900234607,2021-09-04,1,0,0.99999976
55000900234607,2021-09-05,1,0,0.99999976
55000900234607,2021-09-06,1,0,0.99999976
55000900234607,2021-09-07,1,0,0.99999976
55000900234607,2021-09-08,1,0,0.99999976
55000900234607,2021-09-09,1,0,0.99999976
55000900234607,2021-09-10,1,0,0.99999976
55000900234607,2021-09-11,1,0,0.99999976
55000900234607,2021-09-12,1,0,0.99999976
55000900234607,2021-09-13,1,0,0.99999976
55000900234607,2021-09-14,1,0,0.99999976
55000900234607,2021-09-15,1,0,0.99999976
55000900234607,2021-09-16,1,0,0.99999976
55000900234607,2021-09-17,1,0,0.99999976
55000900234607,2021-09-18,1,0,0.99999976
55000900234607,2021-09-19,1,0,0.99999976
55000900234607,2021-09-20,1,0,0.99999976
55000900234607,2021-09-21,1,0,0.99999976
55000900234607,2021-09-22,1,0,0.99999976
55000900234607,2021-09-23,1,0,0.99999976
55000900234607,2021-09-24,1,0,0.99999976
55000900234607,2021-09-25,1,0,0.99999976
55000900234607,2021-09-26,1,0,0.99999976
55000900234607,2021-09-27,1,0,0.99999976
55000900234607,2021-09-28,1,0,0.99999976
55000900234607,2021-09-29,1,0,0.99999976
55000900234607,2021-09-30,1,0,0.99999976
55000900234607,2021-10-01,1,0,0.99999976
55000900234607,2021-10-02,1,0,0.99999976
55000900234607,2021-10-03,1,0,0.99999976
55000900234607,2021-10-04,1,0,0.99999976
55000900234607,2021-10-05,1,0,0.99999976
55000900234607,2021-10-06,1,0,0.99999976
55000900234607,2021-10-07,1,0,0.99999976
55000900234607,2021-10-08,1,0,0.99999976
55000900234607,2021-10-09,1,0,0.99999976
55000900234607,2021-10-10,1,0,0.99999976
55000900234607,2021-10-11,1,0,0.99999976
55000900234607,2021-10-12,1,0,0.99999976
55000900234607,2021-10-13,1,0,0.99999976
55000900234607,2021-10-14,1,0,0.99999976
55000900234607,2021-10-15,1,0,0.99999976
55000900234607,2021-10-16,1,0,0.99999976
55000900234607,2021-10-17,1,0,0.99999976
55000900234607,2021-10-18,1,0,0.99999976
55000900234607,2021-10-19,1,0,0.99999976
55000900234607,2021-10-20,1,0,0.99999976
55000900234607,2021-10-21,1,0,0.99999976
55000900234607,2021-10-22,1,0,0.99999976
55000900234607,2021-10-23,1,0,0.99999976
55000900234607,2021-10-24,1,0,0.99999976
55000900234607,2021-10-25,1,0,0.99999976
55000900234607,2021-10-26,1,0,0.99999976
55000900234607,2021-10-27,1,0,0.99999976
55000900234607,2021-10-28,1,0,0.99999976
55000900234607,2021-10-29,1,0,0.99999976
55000900234607,2021-10-30,1,0,0.99999976
55000900234607,2021-10-31,1,0,0.99999976
55000900234607,2021-11-01,1,0,0.99999976
55000900234607,2021-11-02,1,0,0.99999976
55000900234607,2021-11-03,1,0,0.99999976
55000900234607,2021-11-04,1,0,0.99999976
55000900234607,2021-11-05,1,0,0.99999976
55000900234607,2021-11-06,1,0,0.99999976
55000900234607,2021-11-07,1,0,0.99999976
55000900234607,2021-11-08,1,0,0.99999976
55000900234607,2021-11-09,1,0,0.99999976
55000900234607,2021-11-10,1,0,0.99999976
55000900234607,2021-11-11,1,0,0.99999976
55000900234607,2021-11-12,1,0,0.99999976
55000900234607,2021-11-13,1,0,0.99999976
55000900234607,2021-11-14,1,0,0.99999976
55000900234607,2021-11-15,1,0,0.99999976
55000900234607,2021-11-16,1,0,0.99999976
55000900234607,2021-11-17,1,0,0.99999976
55000900234607,2021-11-18,1,0,0.99999976
55000900234607,2021-11-19,1,0,0.99999976
55000900234607,2021-11-20,1,0,0.99999976
55000900234607,2021-11-21,1,0,0.99999976
55000900234607,2021-11-22,1,0,0.99999976
55000900234607,2021-11-23,1,0,0.99999976
55000900234607,2021-11-24,1,0,0.99999976
55000900234607,2021-11-25,1,0,0.99999976
55000900234607,2021-11-26,1,0,0.99999976
55000900234607,2021-11-27,1,0,0.99999976
55000900234607,2021-11-28,1,0,0.99999976
55000900234607,2021-11-29,1,0,0.99999976
55000900234607,2021-11-30,1,0,0.99999976
55000900234607,2021-12-01,1,0,0.99999976
55000900234607,2021-12-02,1,0,0.99999976
55000900234607,2021-12-03,1,0,0.99999976
55000900234607,2021-12-04,1,0,0.99999976
55000900234607,2021-12-05,1,0,0.99999976
55000900234607,2021-12-06,1,0,0.99999976
55000900234607,2021-12-07,1,0,0.99999976
55000900234607,2021-12-08,1,0,0.99999976
55000900234607,2021-12-09,1,0,0.99999976
55000900234607,2021-12-10,1,0,0.99999976
55000900234607,2021-12-11,1,0,0.99999976
55000900234607,2021-12-12,1,0,0.99999976
55000900234607,2021-12-13,1,0,0.99999976
55000900234607,2021-12-14,1,0,0.99999976
55000900234607,2021-12-15,1,0,0.99999976
55000900234607,2021-12-16,1,0,0.99999976
55000900234607,2021-12-17,1,0,0.99999976
55000900234607,2021-12-18,1,0,0.99999976
55000900234607,2021-12-19,1,0,0.99999976
55000900234607,2021-12-20,1,0,0.99999976
55000900234607,2021-12-21,1,0,0.99999976
55000900234607,2021-12-22,1,0,0.99999976
55000900234607,2021-12-23,1,0,0.99999976
55000900234607,2021-12-24,1,0,0.99999976
55000900234607,2021-12-25,1,0,0.99999976
55000900234607,2021-12-26,1,0,0.99999976
55000900234607,2021-12-27,1,0,0.99999976
55000900234607,2021-12-28,1,0,0.99999976
55000900234607,2021-12-29,1,0,0.99999976
55000900234607,2021-12-30,1,0,0.99999976
55000900234607,2021-12-31,1,0,0.99999976
55000900234607,2022-01-01,1,0,0.99999976
55000900234607,2022-01-02,1,0,0.99999976
55000900234607,2022-01-03,1,0,0.99999976
55000900234607,2022-01-04,1,0,0.99999976
55000900234607,2022-01-05,1,0,0.99999976
55000900234607,2022-01-06,1,0,0.99999976
55000900234607,2022-01-07,1,0,0.99999976
55000900234607,2022-01-08,1,0,0.99999976
55000900234607,2022-01-09,1,0,0.99999976
55000900234607,2022-01-10,1,0,0.99999976
55000900234607,2022-01-11,1,0,0.99999976
55000900234607,2022-01-12,1,0,0.99999976
55000900234607,2022-01-13,1,0,0.99999976
55000900234607,2022-01-14,1,0,0.99999976
55000900234607,2022-01-15,1,0,0.99999976
55000900234607,2022-01-16,1,0,0.99999976
55000900234607,2022-01-17,1,0,0.99999976
55000900234607,2022-01-18,1,0,0.99999976
55000900234607,2022-01-19,1,0,0.99999976
55000900234607,2022-01-20,1,0,0.99999976
55000900234607,2022-01-21,1,0,0.99999976
55000900234607,2022-01-22,1,0,0.99999976
55000900234607,2022-01-23,1,0,0.99999976
55000900234607,2022-01-24,1,0,0.99999976
55000900234607,2022-01-25,1,0,0.99999976
55000900234607,2022-01-26,1,0,0.99999976
55000900234607,2022-01-27,1,0,0.99999976
55000900234607,2022-01-28,1,0,0.99999976
55000900234607,2022-01-29,1,0,0.99999976
55000900234607,2022-01-30,1,0,0.99999976
55000900234607,2022-01-31,1,0,0.99999976
55000900234607,2022-02-01,1,0,0.99999976
55000900234607,2022-02-02,1,0,0.99999976
55000900234607,2022-02-03,1,0,0.99999976
55000900234607,2022-02-04,1,0,0.99999976
55000900234607,2022-02-05,1,0,0.99999976
55000900234607,2022-02-06,1,0,0.99999976
55000900234607,2022-02-07,1,0,0.99999976
55000900234607,2022-02-08,1,0,0.99999976
55000900234607,2022-02-09,1,0,0.99999976
55000900234607,2022-02-10,1,0,0.99999976
55000900234607,2022-02-11,1,0,0.99999976
55000900234607,2022-02-12,1,0,0.99999976
55000900234607,2022-02-13,1,0,0.99999976
55000900234607,2022-02-14,1,0,0.99999976
55000900234607,2022-02-15,1,0,0.99999976
55000900234607,2022-02-16,1,0,0.99999976
55000900234607,2022-02-17,1,0,0.99999976
55000900234607,2022-02-18,1,0,0.99999976
55000900234607,2022-02-19,1,0,0.99999976
55000900234607,2022-02-20,1,0,0.99999976
55000900234607,2022-02-21,1,0,0.99999976
55000900234607,2022-02-22,1,0,0.99999976
55000900234607,2022-02-23,1,0,0.99999976
55000900234607,2022-02-24,1,0,0.99999976
55000900234607,2022-02-25,1,0,0.99999976
55000900234607,2022-02-26,1,0,0.99999976
55000900234607,2022-02-27,1,0,0.99999976
55000900234607,2022-02-28,1,0,0.99999976
55000900234607,2022-03-01,1,0,0.99999976
55000900234607,2022-03-02,1,0,0.99999976
55000900234607,2022-03-03,1,0,0.99999976
55000900234607,2022-03-04,1,0,0.99999976
55000900234607,2022-03-05,1,0,0.99999976
55000900234607,2022-03-06,1,0,0.99999976
55000900234607,2022-03-07,1,0,0.99999976
55000900234607,2022-03-08,1,0,0.99999976
55000900234607,2022-03-09,1,0,0.99999976
55000900234607,2022-03-10,1,0,0.99999976
55000900234607,2022-03-11,1,0,0.99999976
55000900234607,2022-03-12,1,0,0.99999976
55000900234607,2022-03-14,1,0,0.99999976
55000900234607,2022-03-15,1,0,0.99999976
55000900234607,2022-03-16,1,0,0.99999976
55000900234607,2022-03-17,1,0,0.99999976
55000900234607,2022-03-18,1,0,0.99999976
55000900234607,2022-03-19,1,0,0.99999976
55000900234607,2022-03-20,1,0,0.99999976
55000900234607,2022-03-21,1,0,0.99999976
55000900234607,2022-03-22,1,0,0.99999976
55000900234607,2022-03-23,1,0,0.99999976
55000900234607,2022-03-24,1,0,0.99999976
55000900234607,2022-03-25,1,0,0.99999976
55000900234607,2022-03-26,1,0,0.99999976
55000900234607,2022-03-27,1,0,0.99999976
55000900234607,2022-03-28,1,0,0.99999976
55000900234607,2022-03-29,1,0,0.99999976
55000900234607,2022-03-30,1,0,0.99999976
55000900234607,2022-03-31,1,0,0.99999976
55000900234607,2022-04-01,1,0,0.99999976
55000900234607,2022-04-02,1,0,0.99999976
55000900234607,2022-04-03,1,0,0.99999976
55000900234607,2022-04-04,1,0,0.99999976
55000900234607,2022-04-05,1,0,0.99999976
55000900234607,2022-04-06,1,0,0.99999976
55000900234607,2022-04-07,1,0,0.99999976
55000900234607,2022-04-08,1,0,0.99999976
55000900234607,2022-04-09,1,0,0.99999976
55000900234607,2022-04-10,1,0,0.99999976
55000900234607,2022-04-11,1,0,0.99999976
55000900234607,2022-04-12,1,0,0.99999976
55000900234607,2022-04-13,1,0,0.99999976
55000900234607,2022-04-14,1,0,0.99999976
55000900234607,2022-04-15,1,0,0.99999976
55000900234607,2022-04-16,1,0,0.99999976
55000900234607,2022-04-17,1,0,0.99999976
55000900234607,2022-04-18,1,0,0.99999976
55000900234607,2022-04-19,1,0,0.99999976
55000900234607,2022-04-20,1,0,0.99999976
55000900234607,2022-04-21,1,0,0.99999976
55000900234607,2022-04-22,1,0,0.99999976
55000900234607,2022-04-23,1,0,0.99999976
55000900234607,2022-04-24,1,0,0.99999976
55000900234607,2022-04-25,1,0,0.99999976
55000900234607,2022-04-26,1,0,0.99999976
55000900234607,2022-04-27,1,0,0.99999976
55000900234607,2022-04-28,1,0,0.99999976
55000900234607,2022-04-29,1,0,0.99999976
55000900234607,2022-04-30,1,0,0.99999976
55000900234607,2022-05-01,1,0,0.99999976
55000900234607,2022-05-02,1,0,0.99999976
55000900234607,2022-05-03,1,0,0.99999976
55000900234607,2022-05-04,1,0,0.99999976
55000900234607,2022-05-05,1,0,0.99999976
55000900234607,2022-05-06,1,0,0.99999976
55000900234607,2022-05-07,1,0,0.99999976
55000900234607,2022-05-08,1,0,0.99999976
55000900234607,2022-05-09,1,0,0.99999976
55000900234607,2022-05-10,1,0,0.99999976
55000900234607,2022-05-11,1,0,0.99999976
55000900234607,2022-05-12,1,0,0.99999976
55000900234607,2022-05-13,1,0,0.99999976
55000900234607,2022-05-14,1,0,0.99999976
55000900234607,2022-05-15,1,0,0.99999976
55000900234607,2022-05-16,1,0,0.99999976
55000900234607,2022-05-17,1,0,0.99999976
55000900234607,2022-05-18,1,0,0.99999976
55000900234607,2022-05-19,1,0,0.99999976
55000900234607,2022-05-20,1,0,0.99999976
55000900234607,2022-05-21,1,0,0.99999976
55000900234607,2022-05-22,1,0,0.99999976
55000900234607,2022-05-23,1,0,0.99999976
55000900234607,2022-05-24,1,0,0.99999976
55000900234607,2022-05-25,1,0,0.99999976
55000900234607,2022-05-26,1,0,0.99999976
55000900234607,2022-05-27,1,0,0.99999976
55000900234607,2022-05-28,1,0,0.99999976
55000900234607,2022-05-29,1,0,0.99999976
55000900234607,2022-05-30,1,0,0.99999976
55000900234607,2022-05-31,1,0,0.99999976
55000900234607,2022-06-01,1,0,0.99999976
55000900234607,2022-06-02,1,0,0.99999976
55000900234607,2022-06-03,1,0,0.99999976
55000900234607,2022-06-04,1,0,0.99999976
55000900234607,2022-06-05,1,0,0.99999976
55000900234607,2022-06-06,1,0,0.99999976
55000900234607,2022-06-07,1,0,0.99999976
55000900234607,2022-06-08,1,0,0.99999976
55000900234607,2022-06-09,1,0,0.99999976
55000900234607,2022-06-10,1,0,0.99999976
55000900234607,2022-06-11,1,0,0.99999976
55000900234607,2022-06-12,1,0,0.99999976
55000900234607,2022-06-13,1,0,0.99999976
55000900234607,2022-06-14,1,0,0.99999976
55000900234607,2022-06-15,1,0,0.99999976
55000900234607,2022-06-16,1,0,0.99999976
55000900234607,2022-06-17,1,0,0.99999976
55000900234607,2022-06-18,1,0,0.99999976
55000900234607,2022-06-19,1,0,0.99999976
55000900234607,2022-06-20,1,0,0.99999976
55000900234607,2022-06-21,1,0,0.99999976
55000900234607,2022-06-22,1,0,0.99999976
55000900234607,2022-06-23,1,0,0.99999976
55000900234607,2022-06-24,1,0,0.99999976
55000900234607,2022-06-25,1,0,0.99999976
55000900234607,2022-06-26,1,0,0.99999976
55000900234607,2022-06-27,1,0,0.99999976
55000900234607,2022-06-28,1,0,0.99999976
55000900234607,2022-06-29,1,0,0.99999976
55000900234607,2022-06-30,1,0,0.99999976
55000900234607,2022-07-01,1,0,0.99999976
55000900234607,2022-07-02,1,0,0.99999976
55000900234607,2022-07-03,1,0,0.99999976
55000900234607,2022-07-04,1,0,0.99999976
55000900234607,2022-07-05,1,0,0.99999976
55000900234607,2022-07-06,1,0,0.99999976
55000900234607,2022-07-07,1,0,0.99999976
55000900234607,2022-07-08,1,0,0.99999976
55000900234607,2022-07-09,1,0,0.99999976
55000900234607,2022-07-10,1,0,0.99999976
55000900234607,2022-07-11,1,0,0.99999976
55000900234607,2022-07-12,1,0,0.99999976
55000900234607,2022-07-13,1,0,0.99999976
55000900234607,2022-07-14,1,0,0.99999976
55000900234607,2022-07-15,1,0,0.99999976
55000900234607,2022-07-16,1,0,0.99999976
55000900234607,2022-07-17,1,0,0.99999976
55000900234607,2022-07-18,1,0,0.99999976
55000900234607,2022-07-19,1,0,0.99999976
55000900234607,2022-07-20,1,0,0.99999976
55000900234607,2022-07-21,1,0,0.99999976
55000900234607,2022-07-22,1,0,0.99999976
55000900234607,2022-07-23,1,0,0.99999976
55000900234607,2022-07-24,1,0,0.99999976
55000900234607,2022-07-25,1,0,0.99999976
55000900234607,2022-07-26,1,0,0.99999976
55000900234607,2022-07-27,1,0,0.99999976
55000900234607,2022-07-28,1,0,0.99999976
55000900234607,2022-07-29,1,0,0.99999976
55000900234607,2022-07-30,1,0,0.99999976
55000900234607,2022-07-31,1,0,0.99999976
55000900234607,2022-08-01,1,0,0.99999976
55000900234607,2022-08-02,1,0,0.99999976
55000900234607,2022-08-03,1,0,0.99999976
55000900234607,2022-08-04,1,0,0.99999976
55000900234607,2022-08-05,1,0,0.99999976
55000900234607,2022-08-06,1,0,0.99999976
55000900234607,2022-08-07,1,0,0.99999976
55000900234607,2022-08-08,1,0,0.99999976
55000900234607,2022-08-09,1,0,0.99999976
55000900234607,2022-08-10,1,0,0.99999976
55000900234607,2022-08-11,1,0,0.99999976
55000900234607,2022-08-12,1,0,0.99999976
55000900234607,2022-08-13,1,0,0.99999976
55000900234607,2022-08-14,1,0,0.99999976
55000900234607,2022-08-15,1,0,0.99999976
55000900234607,2022-08-16,1,0,0.99999976
55000900234607,2022-08-17,1,0,0.99999976
55000900234607,2022-08-18,1,0,0.99999976
55000900234607,2022-08-19,1,0,0.99999976
55000900234607,2022-08-20,1,0,0.99999976
55000900234607,2022-08-21,1,0,0.99999976
55000900234607,2022-08-22,1,0,0.99999976
55000900234607,2022-08-23,1,0,0.99999976
55000900234607,2022-08-24,1,0,0.99999976
55000900234607,2022-08-25,1,0,0.99999976
55000900234607,2022-08-26,1,0,0.99999976
55000900234607,2022-08-27,1,0,0.99999976
55000900234607,2022-08-28,1,0,0.99999976
55000900234607,2022-08-29,1,0,0.99999976
55000900234607,2022-08-30,1,0,0.99999976
55000900234607,2022-08-31,1,0,0.99999976
55000900234607,2022-09-01,1,0,0.99999976
55000900234607,2022-09-02,1,0,0.99999976
55000900234607,2022-09-03,1,0,0.99999976
55000900234607,2022-09-04,1,0,0.99999976
55000900234607,2022-09-05,1,0,0.99999976
55000900234607,2022-09-06,1,0,0.99999976
55000900234607,2022-09-07,1,0,0.99999976
55000900234607,2022-09-08,1,0,0.99999976
55000900234607,2022-09-09,1,0,0.99999976
55000900234607,2022-09-10,1,0,0.99999976
55000900234607,2022-09-11,1,0,0.99999976
55000900234607,2022-09-12,1,0,0.99999976
55000900234607,2022-09-13,1,0,0.99999976
55000900234607,2022-09-14,1,0,0.99999976
55000900234607,2022-09-15,1,0,0.99999976
55000900234607,2022-09-16,1,0,0.99999976
55000900234607,2022-09-17,1,0,0.99999976
55000900234607,2022-09-18,1,0,0.99999976
55000900234607,2022-09-19,1,0,0.99999976
55000900234607,2022-09-20,1,0,0.99999976
55000900234607,2022-09-21,1,0,0.99999976
55000900234607,2022-09-22,1,0,0.99999976
55000900234607,2022-09-23,1,0,0.99999976
55000900234607,2022-09-24,1,0,0.99999976
55000900234607,2022-09-25,1,0,0.99999976
55000900234607,2022-09-26,1,0,0.99999976
55000900234607,2022-09-27,1,0,0.99999976
55000900234607,2022-09-28,1,0,0.99999976
55000900234607,2022-09-29,1,0,0.99999976
55000900234607,2022-09-30,1,0,0.99999976
55000900234607,2022-10-01,1,0,0.99999976
55000900234607,2022-10-02,1,0,0.99999976
55000900234607,2022-10-03,1,0,0.99999976
55000900234607,2022-10-04,1,0,0.99999976
55000900234607,2022-10-05,1,0,0.99999976
55000900234607,2022-10-06,1,0,0.99999976
55000900234607,2022-10-07,1,0,0.99999976
55000900234607,2022-10-08,1,0,0.99999976
55000900234607,2022-10-09,1,0,0.99999976
55000900234607,2022-10-10,1,0,0.99999976
55000900234607,2022-10-11,1,0,0.99999976
55000900234607,2022-10-12,1,0,0.99999976
55000900234607,2022-10-13,1,0,0.99999976
55000900234607,2022-10-14,1,0,0.99999976
55000900234607,2022-10-15,1,0,0.99999976
55000900234607,2022-10-16,1,0,0.99999976
55000900234607,2022-10-17,1,0,0.99999976
55000900234607,2022-10-18,1,0,0.99999976
55000900234607,2022-10-19,1,0,0.99999976
55000900234607,2022-10-20,1,0,0.99999976
55000900234607,2022-10-21,1,0,0.99999976
55000900234607,2022-10-22,1,0,0.99999976
55000900234607,2022-10-23,1,0,0.99999976
55000900234607,2022-10-24,1,0,0.99999976
55000900234607,2022-10-25,1,0,0.99999976
55000900234607,2022-10-26,1,0,0.99999976
55000900234607,2022-10-27,1,0,0.99999976
55000900234607,2022-10-28,1,0,0.99999976
55000900234607,2022-10-29,1,0,0.99999976
55000900234607,2022-10-30,1,0,0.99999976
55000900234607,2022-10-31,1,0,0.99999976
55000900234607,2022-11-01,1,0,0.99999976
55000900234607,2022-11-02,1,0,0.99999976
55000900234607,2022-11-03,1,0,0.99999976
55000900234607,2022-11-04,1,0,0.99999976
55000900234607,2022-11-05,1,0,0.99999976
55000900234607,2022-11-06,1,0,0.99999976
55000900234607,2022-11-07,1,0,0.99999976
55000900234607,2022-11-08,1,0,0.99999976
55000900234607,2022-11-09,1,0,0.99999976
55000900234607,2022-11-10,1,0,0.99999976
55000900234607,2022-11-11,1,0,0.99999976
55000900234607,2022-11-12,1,0,0.99999976
55000900234607,2022-11-13,1,0,0.99999976
55000900234607,2022-11-14,1,0,0.99999976
55000900234607,2022-11-15,1,0,0.99999976
55000900234607,2022-11-16,1,0,0.99999976
55000900234607,2022-11-17,1,0,0.99999976
55000900234607,2022-11-18,1,0,0.99999976
55000900234607,2022-11-19,1,0,0.99999976
55000900234607,2022-11-20,1,0,0.99999976
55000900234607,2022-11-21,1,0,0.99999976
55000900234607,2022-11-22,1,0,0.99999976
55000900234607,2022-11-23,1,0,0.99999976
55000900234607,2022-11-24,1,0,0.99999976
55000900234607,2022-11-25,1,0,0.99999976
55000900234607,2022-11-26,1,0,0.99999976
55000900234607,2022-11-27,1,0,0.99999976
55000900234607,2022-11-28,1,0,0.99999976
55000900234607,2022-11-29,1,0,0.99999976
55000900234607,2022-11-30,1,0,0.99999976
55000900234607,2022-12-01,1,0,0.99999976
55000900234607,2022-12-02,1,0,0.99999976
55000900234607,2022-12-03,1,0,0.99999976
55000900234607,2022-12-04,1,0,0.99999976
55000900234607,2022-12-05,1,0,0.99999976
55000900234607,2022-12-06,1,0,0.99999976
55000900234607,2022-12-07,1,0,0.99999976
55000900234607,2022-12-08,1,0,0.99999976
55000900234607,2022-12-09,1,0,0.99999976
55000900234607,2022-12-10,1,0,0.99999976
55000900234607,2022-12-11,1,0,0.99999976
55000900234607,2022-12-12,1,0,0.99999976
55000900234607,2022-12-13,1,0,0.99999976
55000900234607,2022-12-14,1,0,0.99999976
55000900234607,2022-12-15,1,0,0.99999976
55000900234607,2022-12-16,1,0,0.99999976
55000900234607,2022-12-17,1,0,0.99999976
55000900234607,2022-12-18,1,0,0.99999976
55000900234607,2022-12-19,1,0,0.99999976
55000900234607,2022-12-20,1,0,0.99999976
55000900234607,2022-12-21,1,0,0.99999976
55000900234607,2022-12-22,1,0,0.99999976
55000900234607,2022-12-23,1,0,0.99999976
55000900234607,2022-12-24,1,0,0.99999976
55000900234607,2022-12-25,1,0,0.99999976
55000900234607,2022-12-26,1,0,0.99999976
55000900234607,2022-12-27,1,0,0.99999976
55000900234607,2022-12-28,1,0,0.99999976
55000900234607,2022-12-29,1,0,0.99999976
55000900234607,2022-12-30,1,0,0.99999976
55000900234607,2022-12-31,1,0,0.99999976
55000900234607,2023-01-01,1,0,0.99999976
55000900234607,2023-01-02,1,0,0.99999976
55000900234607,2023-01-03,1,0,0.99999976
55000900234607,2023-01-04,1,0,0.99999976
55000900234607,2023-01-05,1,0,0.99999976
55000900234607,2023-01-06,1,0,0.99999976
55000900234607,2023-01-07,1,0,0.99999976
55000900234607,2023-01-08,1,0,0.99999976
55000900234607,2023-01-09,1,0,0.99999976
55000900234607,2023-01-10,1,0,0.99999976
55000900234607,2023-01-11,1,0,0.99999976
55000900234607,2023-01-12,1,0,0.99999976
55000900234607,2023-01-13,1,0,0.99999976
55000900234607,2023-01-14,1,0,0.99999976
55000900234607,2023-01-15,1,0,0.99999976
55000900234607,2023-01-16,1,0,0.99999976
55000900234607,2023-01-17,1,0,0.99999976
55000900234607,2023-01-18,1,0,0.99999976
55000900234607,2023-01-19,1,0,0.99999976
55000900234607,2023-01-20,1,0,0.99999976
55000900234607,2023-01-21,1,0,0.99999976
55000900234607,2023-01-22,1,0,0.99999976
55000900234607,2023-01-23,1,0,0.99999976
55000900234607,2023-01-24,1,0,0.99999976
55000900234607,2023-01-25,1,0,0.99999976
55000900234607,2023-01-26,1,0,0.99999976
55000900234607,2023-01-27,1,0,0.99999976
55000900234607,2023-01-28,1,0,0.99999976
55000900234607,2023-01-29,1,0,0.99999976
55000900234607,2023-01-30,1,0,0.99999976
55000900234607,2023-01-31,1,0,0.99999976
55000900234607,2023-02-01,1,0,0.99999976
55000900234607,2023-02-02,1,0,0.99999976
55000900234607,2023-02-03,1,0,0.99999976
55000900234607,2023-02-04,1,0,0.99999976
55000900234607,2023-02-05,1,0,0.99999976
55000900234607,2023-02-06,1,0,0.99999976
55000900234607,2023-02-07,1,0,0.99999976
55000900234607,2023-02-08,1,0,0.99999976
55000900234607,2023-02-09,1,0,0.99999976
55000900234607,2023-02-10,1,0,0.99999976
55000900234607,2023-02-11,1,0,0.99999976
55000900234607,2023-02-12,1,0,0.99999976
55000900234607,2023-02-14,1,0,0.99999976
55000900234607,2023-02-15,1,0,0.99999976
55000900234607,2023-02-16,1,0,0.99999976
55000900234607,2023-02-17,1,0,0.99999976
55000900234607,2023-02-18,1,0,0.99999976
55000900234607,2023-02-19,1,0,0.99999976
55000900234607,2023-02-20,1,0,0.99999976
55000900234607,2023-02-21,1,0,0.99999976
55000900234607,2023-02-22,1,0,0.99999976
55000900234607,2023-02-23,1,0,0.99999976
55000900234607,2023-02-24,1,0,0.99999976
55000900234607,2023-02-25,1,0,0.99999976
55000900234607,2023-02-26,1,0,0.99999976
55000900234607,2023-02-27,1,0,0.99999976
55000900234607,2023-02-28,1,0,0.99999976
55000900234607,2023-03-01,1,0,0.99999976
55000900234607,2023-03-02,1,0,0.99999976
55000900234607,2023-03-03,1,0,0.99999976
55000900234607,2023-03-04,1,0,0.99999976
55000900234607,2023-03-05,1,0,0.99999976
55000900234607,2023-03-06,1,0,0.99999976
55000900234607,2023-03-07,1,0,0.99999976
55000900234607,2023-03-08,1,0,0.99999976
55000900234607,2023-03-09,1,0,0.99999976
55000900234607,2023-03-10,1,0,0.99999976
55000900234607,2023-03-11,1,0,0.99999976
55000900234607,2023-03-13,1,0,0.99999976
55000900234607,2023-03-14,1,0,0.99999976
55000900234607,2023-03-15,1,0,0.99999976
55000900234607,2023-03-16,1,0,0.99999976
55000900234607,2023-03-17,1,0,0.99999976
55000900234607,2023-03-18,1,0,0.99999976
55000900234607,2023-03-19,1,0,0.99999976
55000900234607,2023-03-20,1,0,0.99999976
55000900234607,2023-03-21,1,0,0.99999976
55000900234607,2023-03-22,1,0,0.99999976
55000900234607,2023-03-23,1,0,0.99999976
55000900234607,2023-03-24,1,0,0.99999976
55000900234607,2023-03-25,1,0,0.99999976
55000900234607,2023-03-26,1,0,0.99999976
55000900234607,2023-03-27,1,0,0.99999976
55000900234607,2023-03-28,1,0,0.99999976
55000900234607,2023-03-29,1,0,0.99999976
55000900234607,2023-03-30,1,0,0.99999976
55000900234607,2023-03-31,1,0,0.99999976
55000900234607,2023-04-01,1,0,0.99999976
55000900234607,2023-04-02,1,0,0.99999976
55000900234607,2023-04-03,1,0,0.99999976
55000900234607,2023-04-04,1,0,0.99999976
55000900234607,2023-04-05,1,0,0.99999976
55000900234607,2023-04-06,1,0,0.99999976
55000900234607,2023-04-07,1,0,0.99999976
55000900234607,2023-04-08,1,0,0.99999976
55000900234607,2023-04-09,1,0,0.99999976
55000900234607,2023-04-10,1,0,0.99999976
55000900234607,2023-04-11,1,0,0.99999976
55000900234607,2023-04-12,1,0,0.99999976
55000900234607,2023-04-13,1,0,0.99999976
55000900234607,2023-04-14,1,0,0.99999976
55000900234607,2023-04-15,1,0,0.99999976
55000900234607,2023-04-16,1,0,0.99999976
55000900234607,2023-04-17,1,0,0.99999976
55000900234607,2023-04-18,1,0,0.99999976
55000900234607,2023-04-19,1,0,0.99999976
55000900234607,2023-04-20,1,0,0.99999976
55000900235848,2020-09-11,1,9,0.9999844
55000900235848,2020-09-12,1,9,0.99996877
55000900235848,2020-09-13,1,9,0.99991596
55000900235848,2020-09-14,1,9,0.9999491
55000900235848,2020-09-15,1,9,0.9998777
55000900235848,2020-09-16,1,9,0.9999503
55000900235848,2020-09-17,1,9,0.99994576
55000900235848,2020-09-18,1,9,0.99997056
55000900235848,2020-09-19,1,9,0.999977
55000900235848,2020-09-20,1,9,0.99998856
55000900235848,2020-09-21,1,9,0.9999968
55000900235848,2020-09-22,1,9,0.9999975
55000900235848,2020-09-23,1,9,0.9999939
55000900235848,2020-09-24,1,9,0.999998
55000900235848,2020-09-25,1,9,0.99999857
55000900235848,2020-09-26,1,9,0.99999833
55000900235848,2020-09-27,1,9,0.99999654
55000900235848,2020-09-28,1,9,0.9999931
55000900235848,2020-09-29,1,9,0.99999166
55000900235848,2020-09-30,1,9,0.99999917
55000900235848,2020-10-01,1,9,0.99999785
55000900235848,2020-10-02,1,9,0.99998593
55000900235848,2020-10-03,1,9,0.99999106
55000900235848,2020-10-04,1,9,0.999987
55000900235848,2020-10-05,1,9,0.9999964
55000900235848,2020-10-06,1,9,0.9999949
55000900235848,2020-10-07,1,9,0.99999607
55000900235848,2020-10-08,1,9,0.9999938
55000900235848,2020-10-09,1,9,0.999936
55000900235848,2020-10-10,1,9,0.9999962
55000900235848,2020-10-11,1,9,0.9999963
55000900235848,2020-10-12,1,9,0.99999344
55000900235848,2020-10-13,1,9,0.9999956
55000900235848,2020-10-14,1,9,0.9999945
55000900235848,2020-10-15,1,9,0.99999356
55000900235848,2020-10-16,1,9,0.99998915
55000900235848,2020-10-17,1,9,0.9999964
55000900235848,2020-10-18,1,9,0.9999988
55000900235848,2020-10-19,1,0,0.99992585
55000900235848,2020-10-20,1,0,0.9999969
55000900236525,2020-09-11,1,9,0.9997392
55000900236525,2020-09-12,1,9,0.99975497
55000900236525,2020-09-13,1,9,0.99978536
55000900236525,2020-09-14,1,9,0.9999727
55000900236525,2020-09-15,1,9,0.99998975
55000900236525,2020-09-16,1,9,0.9996431
55000900236525,2020-09-17,1,9,0.99985325
55000900236525,2020-09-18,1,9,0.9999052
55000900236525,2020-09-19,1,9,0.99998
55000900236525,2020-09-20,1,9,0.9999738
55000900236525,2020-09-21,1,9,0.99999845
55000900236525,2020-09-22,1,9,0.9999975
55000900236525,2020-09-23,1,9,0.9999945
55000900236525,2020-09-24,1,9,0.9999925
55000900236525,2020-09-25,1,9,0.99999356
55000900236525,2020-09-26,1,9,0.99999726
55000900236525,2020-09-27,1,9,0.9999962
55000900236525,2020-09-28,1,9,0.99999356
55000900236525,2020-09-29,1,9,0.9999988
55000900236525,2020-09-30,1,9,0.99999774
55000900236525,2020-10-01,1,9,0.9999987
55000900236525,2020-10-02,1,9,0.9999989
55000900236525,2020-10-03,1,9,0.9999988
55000900236525,2020-10-04,1,9,0.9999974
55000900236525,2020-10-05,1,9,0.9999987
55000900236525,2020-10-06,1,9,0.99999845
55000900236525,2020-10-07,1,9,0.99999857
55000900236525,2020-10-08,1,9,0.99999833
55000900236525,2020-10-09,1,9,0.99999654
55000900236525,2020-10-10,1,9,0.99999714
55000900236525,2020-10-11,1,9,0.9999976
55000900236525,2020-10-12,1,9,0.99999785
55000900236525,2020-10-13,1,9,0.9999912
55000900236525,2020-10-14,1,9,0.99999845
55000900236525,2020-10-15,1,9,0.9999989
55000900236525,2020-10-16,1,9,0.9999964
55000900236525,2020-10-17,1,9,0.9999987
55000900236525,2020-10-18,1,0,0.9999993
55000900236525,2020-10-19,1,0,0.99999774
55000900237668,2020-09-11,0,9,0.0009892673
55000900237668,2020-09-12,0,9,0.0017266802
55000900237668,2020-09-13,0,9,0.002943956
55000900237668,2020-09-14,0,9,0.0029990573
55000900237668,2020-09-15,0,9,0.002884092
55000900237668,2020-09-16,0,9,0.0029755717
55000900237668,2020-09-17,0,9,0.0029387244
55000900237668,2020-09-18,0,9,0.0027394954
55000900237668,2020-09-19,0,9,0.0028795537
55000900237668,2020-09-20,0,9,0.0020062574
55000900237668,2020-09-21,0,9,0.0063494937
55000900237668,2020-09-22,0,9,0.026123693
55000900237668,2020-09-23,0,9,0.0024228124
55000900237668,2020-09-24,0,9,0.00163477
55000900237668,2020-09-25,0,9,0.0028319934
55000900237668,2020-09-26,0,9,0.0046378025
55000900237668,2020-09-27,0,9,0.121420465
55000900237668,2020-09-28,0,9,0.9960914
55000900237668,2020-09-29,0,9,0.9728159
55000900237668,2020-09-30,0,9,0.99102014
55000900237668,2020-10-01,0,9,0.8587496
55000900237668,2020-10-02,0,9,0.050692808
55000900237668,2020-10-03,0,9,0.060726378
55000900237668,2020-10-04,0,9,0.06088081
55000900237668,2020-10-05,0,9,0.05366327
55000900237668,2020-10-06,0,9,0.040630214
55000900237668,2020-10-07,0,9,0.031639434
55000900237668,2020-10-08,0,9,0.04431452
55000900237668,2020-10-09,0,9,0.046074856
55000900237668,2020-10-10,0,9,0.035344467
55000900237668,2020-10-11,1,9,0.01740822
55000900237668,2020-10-12,1,9,0.0005062051
55000900237668,2020-10-13,1,9,0.80103344
55000900237668,2020-10-14,1,9,0.9980386
55000900237668,2020-10-15,1,9,0.999466
55000900237668,2020-10-16,0,9,0.99999154
55000900237668,2020-10-17,0,9,0.9999758
55000900237668,2020-10-18,0,9,0.9999753
55000900237668,2020-10-19,0,9,0.99943537
55000900237668,2020-10-20,0,9,0.99965537
55000900237668,2020-10-21,0,9,0.99987996
55000900237668,2020-10-22,0,9,0.9998895
55000900237668,2020-10-23,0,9,0.9998603
55000900237668,2020-10-24,1,9,0.9999789
55000900237668,2020-10-25,0,9,0.99995196
55000900237668,2020-10-26,0,0,0.9979095
55000900237668,2020-10-27,0,0,0.9999865
55000900271029,2020-09-11,1,9,0.9999951
55000900271029,2020-09-12,1,9,0.99998677
55000900271029,2020-09-13,1,9,0.99999356
55000900271029,2020-09-14,1,9,0.9999813
55000900271029,2020-09-15,1,9,0.99999297
55000900271029,2020-09-16,1,9,0.99999106
55000900271029,2020-09-17,1,9,0.9999924
55000900271029,2020-09-18,1,9,0.9999937
55000900271029,2020-09-19,1,9,0.99999344
55000900271029,2020-09-20,1,9,0.99999475
55000900271029,2020-09-21,1,9,0.9999925
55000900271029,2020-09-22,1,9,0.999997
55000900271029,2020-09-23,1,9,0.99998903
55000900271029,2020-09-24,1,9,0.999995
55000900271029,2020-09-25,1,9,0.99999213
55000900271029,2020-09-26,1,9,0.99999833
55000900271029,2020-09-27,1,9,0.99999833
55000900271029,2020-09-28,1,9,0.9999975
55000900271029,2020-09-29,1,9,0.99999917
55000900271029,2020-09-30,1,9,0.99999905
55000900271029,2020-10-01,1,9,0.99999857
55000900271029,2020-10-02,1,9,0.9999989
55000900271029,2020-10-03,1,9,0.99999666
55000900271029,2020-10-04,1,9,0.9999974
55000900271029,2020-10-05,1,9,0.9999968
55000900271029,2020-10-06,1,9,0.99999714
55000900271029,2020-10-07,1,9,0.9999974
55000900271029,2020-10-08,1,9,0.99999845
55000900271029,2020-10-09,1,9,0.9999976
55000900271029,2020-10-10,1,9,0.9999976
55000900271029,2020-10-11,1,9,0.99999833
55000900271029,2020-10-12,1,9,0.9999988
55000900271029,2020-10-13,1,9,0.9999975
55000900271029,2020-10-14,1,9,0.99999774
55000900271029,2020-10-15,1,9,0.99999857
55000900271029,2020-10-16,1,9,0.99999607
55000900271029,2020-10-17,1,9,0.9999988
55000900271029,2020-10-18,1,9,0.9999993
55000900271029,2020-10-19,1,9,0.9999993
55000900271029,2020-10-20,1,0,0.9999993
55000900271029,2020-10-21,1,0,0.9999981
55000900271031,2020-09-11,1,0,0.20335096
55000900271031,2020-09-12,1,0,0.3004596
55000900271031,2020-09-13,1,0,0.09416682
55000900271031,2020-09-14,1,0,0.2016064
55000900271031,2020-09-15,0,0,0.15927555
55000900271031,2020-09-16,0,0,0.1149208
55000900271031,2020-09-17,0,0,0.1626207
55000900271031,2020-09-18,1,0,0.018932628
55000900271031,2020-09-19,1,0,0.0078509655
55000900271031,2020-09-20,1,0,0.011207653
55000900271031,2020-09-21,1,0,0.058099207
55000900271031,2020-09-22,0,0,0.1897689
55000900271031,2020-09-23,1,0,0.14618722
55000900271031,2020-09-24,1,0,0.2561736
55000900271031,2020-09-25,1,0,0.055269457
55000900271031,2020-09-26,1,0,0.74016994
55000900271031,2020-09-27,1,0,0.87819296
55000900271031,2020-09-28,1,0,0.999421
55000900271031,2020-09-29,1,0,0.99498886
55000900271031,2020-09-30,1,0,0.96737224
55000900271031,2020-10-01,1,0,0.94262856
55000900271031,2020-10-02,1,0,0.85200155
55000900271031,2020-10-03,0,0,0.82972944
55000900271031,2020-10-04,0,0,0.56481045
55000900271031,2020-10-05,0,0,0.51504654
55000900271031,2020-10-06,0,0,0.19371796
55000900271031,2020-10-07,0,0,0.04752897
55000900271031,2020-10-08,0,0,0.024906406
55000900271031,2020-10-09,0,0,0.03553242
55000900271031,2020-10-10,1,0,0.02833468
55000900271031,2020-10-11,1,0,0.028422942
55000900271031,2020-10-12,1,0,0.025612308
55000900271031,2020-10-13,1,0,0.85355794
55000900271031,2020-10-14,1,0,0.997607
55000900271031,2020-10-15,0,0,0.9971021
55000900271031,2020-10-16,0,0,0.9992818
55000900271031,2020-10-17,0,0,0.99987626
55000900271031,2020-10-18,0,0,0.9676513
55000900271031,2020-10-19,0,0,0.4352753
55000900271031,2020-10-20,0,0,0.119460784
55000900271031,2020-10-21,0,0,0.064120695
55000900271031,2020-10-22,0,0,0.07176676
55000900271031,2020-10-23,0,0,0.070413135
55000900271031,2020-10-24,0,0,0.07665693
55000900271031,2020-10-25,0,0,0.069343366
55000900271031,2020-10-26,0,0,0.04988773
55000900271031,2020-10-27,0,0,0.07518019
55000900271031,2020-10-29,1,0,0.07663058
55000900271031,2020-10-30,1,0,0.014764868
55000900271031,2020-10-31,1,0,0.029483255
55000900271031,2020-11-01,1,0,0.024088098
55000900271031,2020-11-02,1,0,0.14261077
55000900271031,2020-11-03,1,0,0.046409745
55000900271031,2020-11-04,1,0,0.027778361
55000900271031,2020-11-05,1,0,0.02192505
55000900271031,2020-11-06,1,0,0.04268754
55000900271031,2020-11-07,1,0,0.5381601
55000900271031,2020-11-08,1,0,0.9966569
55000900271031,2020-11-09,1,0,0.9999318
55000900271031,2020-11-10,1,0,0.9999316
55000900271031,2020-11-11,1,0,0.99941266
55000900271031,2020-11-12,1,0,0.99969864
55000900271031,2020-11-13,1,0,0.99998605
55000900271031,2020-11-14,1,0,0.99995816
55000900271031,2020-11-15,1,0,0.999951
55000900271031,2020-11-16,1,0,0.9999833
55000900271031,2020-11-17,1,0,0.9999777
55000900271031,2020-11-18,1,0,0.99996793
55000900271031,2020-11-19,1,0,0.9999639
55000900271031,2020-11-20,1,0,0.99998176
55000900271031,2020-11-21,1,0,0.9999819
55000900271031,2020-11-22,1,0,0.99998784
55000900271031,2020-11-23,1,0,0.99997866
55000900271031,2020-11-24,1,0,0.9999907
55000900271031,2020-11-25,1,0,0.99999034
55000900271031,2020-11-26,1,0,0.9999901
55000900271031,2020-11-27,1,0,0.9999846
55000900271031,2020-11-28,1,0,0.99999094
55000900271031,2020-11-29,1,0,0.99998796
55000900271031,2020-11-30,1,0,0.9999906
55000900271031,2020-12-01,1,0,0.99997985
55000900271031,2020-12-02,1,0,0.9999919
55000900271031,2020-12-03,1,0,0.9999783
55000900271031,2020-12-04,1,0,0.99998486
55000900271031,2020-12-05,1,0,0.9999987
55000900271031,2020-12-06,1,0,0.9999846
55000900271031,2020-12-07,1,0,0.99999595
55000900271031,2020-12-08,1,0,0.99999475
55000900271031,2020-12-09,1,0,0.9999865
55000900271031,2020-12-10,1,0,0.99998283
55000900271031,2020-12-11,1,0,0.9997696
55000900271031,2020-12-12,1,0,0.99997926
55000900271031,2020-12-13,1,0,0.9999851
55000900271031,2020-12-14,1,0,0.9999902
55000900271031,2020-12-15,1,0,0.9999958
55000900271031,2020-12-16,1,0,0.99999297
55000900271031,2020-12-17,1,0,0.99999094
55000900271031,2020-12-18,1,0,0.9999919
55000900271031,2020-12-19,1,0,0.99999213
55000900271031,2020-12-20,1,0,0.999992
55000900271031,2020-12-21,1,0,0.9999933
55000900271031,2020-12-22,1,0,0.9999827
55000900271031,2020-12-23,1,0,0.9999933
55000900271031,2020-12-24,1,0,0.99999857
55000900271031,2020-12-25,1,0,0.99999666
55000900271031,2020-12-26,1,0,0.99999976
55000900271031,2020-12-27,1,0,0.99999964
55000900271031,2020-12-28,1,0,0.99999297
55000900271031,2020-12-29,1,0,0.9999926
55000900271031,2020-12-30,1,0,0.9999981
55000900271031,2020-12-31,1,0,0.9999988
55000900271031,2021-01-01,1,0,0.9999974
55000900271031,2021-01-02,1,0,0.99999475
55000900271031,2021-01-03,1,0,0.99999297
55000900271031,2021-01-04,1,0,0.9999951
55000900271031,2021-01-05,1,0,0.99999
55000900271031,2021-01-06,1,0,0.99999285
55000900271031,2021-01-07,1,0,0.99998784
55000900271031,2021-01-08,1,0,0.99998045
55000900271031,2021-01-09,1,0,0.99998724
55000900271031,2021-01-10,1,0,0.99999094
55000900271031,2021-01-11,1,0,0.99999106
55000900271031,2021-01-12,1,0,0.99998796
55000900271031,2021-01-13,1,0,0.9999857
55000900271031,2021-01-14,1,0,0.9999896
55000900271031,2021-01-15,1,0,0.99998987
55000900271031,2021-01-16,1,0,0.9999902
55000900271031,2021-01-17,1,0,0.9999893
55000900271031,2021-01-18,1,0,0.99998975
55000900271031,2021-01-19,1,0,0.9999908
55000900271031,2021-01-20,1,0,0.99999285
55000900271031,2021-01-21,1,0,0.99999404
55000900271031,2021-01-22,1,0,0.99999154
55000900271031,2021-01-23,1,0,0.9999863
55000900271031,2021-01-24,1,0,0.99998796
55000900271031,2021-01-25,1,0,0.9999831
55000900271031,2021-01-26,1,0,0.9999901
55000900271031,2021-01-27,1,0,0.99998736
55000900271031,2021-01-28,1,0,0.9999894
55000900271031,2021-01-29,1,0,0.9999844
55000900271031,2021-01-30,1,0,0.99998546
55000900271031,2021-01-31,1,0,0.9999895
55000900271031,2021-02-01,1,0,0.9999888
55000900271031,2021-02-02,1,0,0.9999888
55000900271031,2021-02-03,1,0,0.9999888
55000900271031,2021-02-04,1,0,0.9999888
55000900271031,2021-02-05,1,0,0.9999888
55000900271031,2021-02-06,1,0,0.9999888
55000900271031,2021-02-07,1,0,0.9999888
55000900271031,2021-02-08,1,0,0.9999888
55000900271031,2021-02-09,1,0,0.9999888
55000900271031,2021-02-10,1,0,0.9999888
55000900271031,2021-02-11,1,0,0.9999888
55000900271031,2021-02-12,1,0,0.9999888
55000900271031,2021-02-13,1,0,0.9999888
55000900271031,2021-02-14,1,0,0.9999888
55000900271031,2021-02-15,1,0,0.9999888
55000900271031,2021-02-16,1,0,0.9999888
55000900271031,2021-02-17,1,0,0.9999888
55000900271031,2021-02-18,1,0,0.9999888
55000900271031,2021-02-19,1,0,0.9999888
55000900271031,2021-02-20,1,0,0.9999888
55000900271031,2021-02-21,1,0,0.9999888
55000900271031,2021-02-22,1,0,0.9999888
55000900271031,2021-02-23,1,0,0.9999888
55000900271031,2021-02-24,1,0,0.9999888
55000900271031,2021-02-25,1,0,0.9999888
55000900271031,2021-02-26,1,0,0.9999888
55000900271031,2021-02-27,1,0,0.9999888
55000900271031,2021-02-28,1,0,0.9999888
55000900271031,2021-03-01,1,0,0.9999888
55000900271031,2021-03-02,1,0,0.9999888
55000900271031,2021-03-03,1,0,0.9999888
55000900271031,2021-03-04,1,0,0.9999888
55000900271031,2021-03-05,1,0,0.9999888
55000900271031,2021-03-06,1,0,0.9999888
55000900271031,2021-03-07,1,0,0.9999888
55000900271031,2021-03-08,1,0,0.9999888
55000900271031,2021-03-09,1,0,0.9999888
55000900271031,2021-03-10,1,0,0.9999888
55000900271031,2021-03-11,1,0,0.9999888
55000900271031,2021-03-12,1,0,0.9999888
55000900271031,2021-03-13,1,0,0.9999888
55000900271031,2021-03-15,1,0,0.9999888
55000900271031,2021-03-16,1,0,0.9999888
55000900271031,2021-03-17,1,0,0.9999888
55000900271031,2021-03-18,1,0,0.9999888
55000900271031,2021-03-19,1,0,0.9999888
55000900271031,2021-03-20,1,0,0.9999888
55000900271031,2021-03-21,1,0,0.9999888
55000900271031,2021-03-22,1,0,0.9999888
55000900271031,2021-03-23,1,0,0.9999888
55000900271031,2021-03-24,1,0,0.9999888
55000900271031,2021-03-25,1,0,0.9999888
55000900271031,2021-03-26,1,0,0.9999888
55000900271031,2021-03-27,1,0,0.9999888
55000900271031,2021-03-28,1,0,0.9999888
55000900271031,2021-03-29,1,0,0.9999888
55000900271031,2021-03-30,1,0,0.9999888
55000900271031,2021-03-31,1,0,0.9999888
55000900271031,2021-04-01,1,0,0.9999888
55000900271031,2021-04-02,1,0,0.9999888
55000900271031,2021-04-03,1,0,0.9999888
55000900271031,2021-04-04,1,0,0.9999888
55000900271031,2021-04-05,1,0,0.9999888
55000900271031,2021-04-06,1,0,0.9999888
55000900271031,2021-04-07,1,0,0.9999888
55000900271031,2021-04-08,1,0,0.9999888
55000900271031,2021-04-09,1,0,0.9999888
55000900271031,2021-04-10,1,0,0.9999888
55000900271031,2021-04-11,1,0,0.9999888
55000900271031,2021-04-12,1,0,0.9999888
55000900271031,2021-04-13,1,0,0.9999888
55000900271031,2021-04-14,1,0,0.9999888
55000900271031,2021-04-15,1,0,0.9999888
55000900271031,2021-04-16,1,0,0.9999888
55000900271031,2021-04-17,1,0,0.9999888
55000900271031,2021-04-18,1,0,0.9999888
55000900271031,2021-04-19,1,0,0.9999888
55000900271031,2021-04-20,1,0,0.9999888
55000900271031,2021-04-21,1,0,0.9999888
55000900271031,2021-04-22,1,0,0.9999888
55000900271031,2021-04-23,1,0,0.9999888
55000900271031,2021-04-24,1,0,0.9999888
55000900271031,2021-04-25,1,0,0.9999888
55000900271031,2021-04-26,1,0,0.9999888
55000900271031,2021-04-27,1,0,0.9999888
55000900271031,2021-04-28,1,0,0.9999888
55000900271031,2021-04-29,1,0,0.9999888
55000900271031,2021-04-30,1,0,0.9999888
55000900271031,2021-05-01,1,0,0.9999888
55000900271031,2021-05-02,1,0,0.9999888
55000900271031,2021-05-03,1,0,0.9999888
55000900271031,2021-05-04,1,0,0.9999888
55000900271031,2021-05-05,1,0,0.9999888
55000900271031,2021-05-06,1,0,0.9999888
55000900271031,2021-05-07,1,0,0.9999888
55000900271031,2021-05-08,1,0,0.9999888
55000900271031,2021-05-09,1,0,0.9999888
55000900271031,2021-05-10,1,0,0.9999888
55000900271031,2021-05-11,1,0,0.9999888
55000900271031,2021-05-12,1,0,0.9999888
55000900271031,2021-05-13,1,0,0.9999888
55000900271031,2021-05-14,1,0,0.9999888
55000900271031,2021-05-15,1,0,0.9999888
55000900271031,2021-05-16,1,0,0.9999888
55000900271031,2021-05-17,1,0,0.9999888
55000900271031,2021-05-18,1,0,0.9999888
55000900271031,2021-05-19,1,0,0.9999888
55000900271031,2021-05-20,1,0,0.9999888
55000900271031,2021-05-21,1,0,0.9999888
55000900271031,2021-05-22,1,0,0.9999888
55000900271031,2021-05-23,1,0,0.9999888
55000900271031,2021-05-24,1,0,0.9999888
55000900271031,2021-05-25,1,0,0.9999888
55000900271031,2021-05-26,1,0,0.9999888
55000900271031,2021-05-27,1,0,0.9999888
55000900271031,2021-05-28,1,0,0.9999888
55000900271031,2021-05-29,1,0,0.9999888
55000900271031,2021-05-30,1,0,0.9999888
55000900271031,2021-05-31,1,0,0.9999888
55000900271031,2021-06-01,1,0,0.9999888
55000900271031,2021-06-02,1,0,0.9999888
55000900271031,2021-06-03,1,0,0.9999888
55000900271031,2021-06-04,1,0,0.9999888
55000900271031,2021-06-05,1,0,0.9999888
55000900271031,2021-06-06,1,0,0.9999888
55000900271031,2021-06-07,1,0,0.9999888
55000900271031,2021-06-08,1,0,0.9999888
55000900271031,2021-06-09,1,0,0.9999888
55000900271031,2021-06-10,1,0,0.9999888
55000900271031,2021-06-11,1,0,0.9999888
55000900271031,2021-06-12,1,0,0.9999888
55000900271031,2021-06-13,1,0,0.9999888
55000900271031,2021-06-14,1,0,0.9999888
55000900271031,2021-06-15,1,0,0.9999888
55000900271031,2021-06-16,1,0,0.9999888
55000900271031,2021-06-17,1,0,0.9999888
55000900271031,2021-06-18,1,0,0.9999888
55000900271031,2021-06-19,1,0,0.9999888
55000900271031,2021-06-20,1,0,0.9999888
55000900271031,2021-06-21,1,0,0.9999888
55000900271031,2021-06-22,1,0,0.9999888
55000900271031,2021-06-23,1,0,0.9999888
55000900271031,2021-06-24,1,0,0.9999888
55000900271031,2021-06-25,1,0,0.9999888
55000900271031,2021-06-26,1,0,0.9999888
55000900271031,2021-06-27,1,0,0.9999888
55000900271031,2021-06-28,1,0,0.9999888
55000900271031,2021-06-29,1,0,0.9999888
55000900271031,2021-06-30,1,0,0.9999888
55000900271031,2021-07-01,1,0,0.9999888
55000900271031,2021-07-02,1,0,0.9999888
55000900271031,2021-07-03,1,0,0.9999888
55000900271031,2021-07-04,1,0,0.9999888
55000900271031,2021-07-05,1,0,0.9999888
55000900271031,2021-07-06,1,0,0.9999888
55000900271031,2021-07-07,1,0,0.9999888
55000900271031,2021-07-08,1,0,0.9999888
55000900271031,2021-07-09,1,0,0.9999888
55000900271031,2021-07-10,1,0,0.9999888
55000900271031,2021-07-11,1,0,0.9999888
55000900271031,2021-07-12,1,0,0.9999888
55000900271031,2021-07-13,1,0,0.9999888
55000900271031,2021-07-14,1,0,0.9999888
55000900271031,2021-07-15,1,0,0.9999888
55000900271031,2021-07-16,1,0,0.9999888
55000900271031,2021-07-17,1,0,0.9999888
55000900271031,2021-07-18,1,0,0.9999888
55000900271031,2021-07-19,1,0,0.9999888
55000900271031,2021-07-20,1,0,0.9999888
55000900271031,2021-07-21,1,0,0.9999888
55000900271031,2021-07-22,1,0,0.9999888
55000900271031,2021-07-23,1,0,0.9999888
55000900271031,2021-07-24,1,0,0.9999888
55000900271031,2021-07-25,1,0,0.9999888
55000900271031,2021-07-26,1,0,0.9999888
55000900271031,2021-07-27,1,0,0.9999888
55000900271031,2021-07-28,1,0,0.9999888
55000900271031,2021-07-29,1,0,0.9999888
55000900271031,2021-07-30,1,0,0.9999888
55000900271031,2021-07-31,1,0,0.9999888
55000900271031,2021-08-01,1,0,0.9999888
55000900271031,2021-08-02,1,0,0.9999888
55000900271031,2021-08-03,0,0,0.9999888
55000900271031,2021-08-04,0,0,0.9999888
55000900271031,2021-08-05,0,0,0.9999888
55000900271031,2021-08-06,0,0,0.9999932
55000900271031,2021-08-07,0,0,0.9999962
55000900271031,2021-08-08,0,0,0.9999958
55000900271031,2021-08-09,0,0,0.99999726
55000900271031,2021-08-10,0,0,0.9999963
55000900271031,2021-08-11,0,0,0.99999714
55000900271031,2021-08-12,0,0,0.99999666
55000900271031,2021-08-13,0,0,0.9999974
55000900271031,2021-08-14,0,0,0.9999969
55000900271031,2021-08-15,0,0,0.99999726
55000900271031,2021-08-16,0,0,0.999997
55000900271031,2021-08-17,0,0,0.9999975
55000900271031,2021-08-18,0,0,0.999997
55000900271031,2021-08-19,0,0,0.9999974
55000900271031,2021-08-20,0,0,0.99999535
55000900271031,2021-08-21,0,0,0.9999908
55000900271031,2021-08-22,0,0,0.9999858
55000900271031,2021-08-23,0,0,0.999987
55000900271031,2021-08-24,0,0,0.9999875
55000900271031,2021-08-25,0,0,0.9999877
55000900271031,2021-08-26,0,0,0.9999877
55000900271031,2021-08-27,0,0,0.9999876
55000900271031,2021-08-28,0,0,0.9999876
55000900271031,2021-08-29,0,0,0.9999877
55000900271031,2021-08-30,0,0,0.9999877
55000900271031,2021-08-31,0,0,0.9999877
55000900271031,2021-09-01,0,0,0.9999877
55000900271031,2021-09-02,0,0,0.9999877
55000900271031,2021-09-03,0,0,0.99998784
55000900271031,2021-09-04,0,0,0.99998295
55000900271031,2021-09-05,0,0,0.99998295
55000900271031,2021-09-06,0,0,0.99998295
55000900271031,2021-09-07,0,0,0.99998295
55000900271031,2021-09-08,0,0,0.99998295
55000900271031,2021-09-09,0,0,0.99998295
55000900271031,2021-09-10,0,0,0.99998295
55000900271031,2021-09-11,0,0,0.99998295
55000900271031,2021-09-12,0,0,0.99998295
55000900271031,2021-09-13,0,0,0.99998295
55000900271031,2021-09-14,0,0,0.99998295
55000900271031,2021-09-15,0,0,0.99998295
55000900271031,2021-09-16,0,0,0.99998295
55000900271031,2021-09-17,0,0,0.99998295
55000900271031,2021-09-18,1,0,0.99998295
55000900271031,2021-09-19,1,0,0.99998295
55000900271031,2021-09-20,1,0,0.99998295
55000900271031,2021-09-21,1,0,0.9999728
55000900271031,2021-09-22,1,0,0.9999746
55000900271031,2021-09-23,1,0,0.99998343
55000900271031,2021-09-24,1,0,0.9999745
55000900271031,2021-09-25,0,0,0.99998105
55000900271031,2021-09-26,0,0,0.99998343
55000900271031,2021-09-27,1,0,0.99997735
55000900271031,2021-09-28,1,0,0.99998665
55000900271031,2021-09-29,1,0,0.99998605
55000900271031,2021-09-30,1,0,0.99996936
55000900271031,2021-10-01,1,0,0.99998105
55000900271031,2021-10-02,1,0,0.99998355
55000900271031,2021-10-03,1,0,0.9999769
55000900271031,2021-10-04,1,0,0.9999809
55000900271031,2021-10-05,1,0,0.99998283
55000900271031,2021-10-06,1,0,0.999979
55000900271031,2021-10-07,1,0,0.99998593
55000900271031,2021-10-08,1,0,0.9999876
55000900271031,2021-10-09,1,0,0.9999876
55000900271031,2021-10-10,1,0,0.9999852
55000900271031,2021-10-11,1,0,0.9999869
55000900271031,2021-10-12,1,0,0.9999881
55000900271031,2021-10-13,1,0,0.99998534
55000900271031,2021-10-14,1,0,0.99998784
55000900271031,2021-10-15,1,0,0.9999846
55000900271031,2021-10-16,1,0,0.99998367
55000900271031,2021-10-17,1,0,0.99998605
55000900271031,2021-10-18,1,0,0.9999831
55000900271031,2021-10-19,1,0,0.999984
55000900271031,2021-10-20,1,0,0.9999888
55000900271031,2021-10-21,1,0,0.9999889
55000900271031,2021-10-22,1,0,0.9999889
55000900271031,2021-10-23,1,0,0.9999888
55000900271031,2021-10-24,1,0,0.9999888
55000900271031,2021-10-25,1,0,0.9999889
55000900271031,2021-10-26,1,0,0.99998903
55000900271031,2021-10-27,1,0,0.99998367
55000900271031,2021-10-28,1,0,0.9999838
55000900271031,2021-10-29,1,0,0.9999888
55000900271031,2021-10-30,1,0,0.9999888
55000900271031,2021-10-31,1,0,0.9999888
55000900271031,2021-11-01,1,0,0.9999888
55000900271031,2021-11-02,1,0,0.9999888
55000900271031,2021-11-03,1,0,0.9999888
55000900271031,2021-11-04,1,0,0.9999888
55000900271031,2021-11-05,1,0,0.9999888
55000900271031,2021-11-06,1,0,0.9999888
55000900271031,2021-11-07,1,0,0.9999888
55000900271031,2021-11-08,1,0,0.9999888
55000900271031,2021-11-09,1,0,0.9999888
55000900271031,2021-11-10,1,0,0.9999888
55000900271031,2021-11-11,1,0,0.9999888
55000900271031,2021-11-12,1,0,0.9999888
55000900271031,2021-11-13,1,0,0.9999888
55000900271031,2021-11-14,1,0,0.9999888
55000900271031,2021-11-15,1,0,0.9999888
55000900271031,2021-11-16,1,0,0.9999888
55000900271031,2021-11-17,1,0,0.9999888
55000900271031,2021-11-18,1,0,0.9999888
55000900271031,2021-11-19,1,0,0.9999888
55000900271031,2021-11-20,1,0,0.9999888
55000900271031,2021-11-21,1,0,0.9999888
55000900271031,2021-11-22,1,0,0.9999888
55000900271031,2021-11-23,1,0,0.9999888
55000900271031,2021-11-24,1,0,0.9999888
55000900271031,2021-11-25,1,0,0.9999888
55000900271031,2021-11-26,1,0,0.9999888
55000900271031,2021-11-27,1,0,0.9999888
55000900271031,2021-11-28,1,0,0.9999888
55000900271031,2021-11-29,1,0,0.9999888
55000900271031,2021-11-30,1,0,0.9999888
55000900271031,2021-12-01,1,0,0.9999888
55000900271031,2021-12-02,1,0,0.9999888
55000900271031,2021-12-03,1,0,0.9999888
55000900271031,2021-12-04,1,0,0.9999888
55000900271031,2021-12-05,1,0,0.9999888
55000900271031,2021-12-06,1,0,0.9999888
55000900271031,2021-12-07,1,0,0.9999888
55000900271031,2021-12-08,1,0,0.9999888
55000900271031,2021-12-09,1,0,0.9999888
55000900271031,2021-12-10,1,0,0.9999888
55000900271031,2021-12-11,1,0,0.9999888
55000900271031,2021-12-12,1,0,0.9999888
55000900271031,2021-12-13,1,0,0.9999888
55000900271031,2021-12-14,1,0,0.9999888
55000900271031,2021-12-15,1,0,0.9999888
55000900271031,2021-12-16,1,0,0.9999888
55000900271031,2021-12-17,1,0,0.9999888
55000900271031,2021-12-18,1,0,0.9999888
55000900271031,2021-12-19,1,0,0.9999888
55000900271031,2021-12-20,1,0,0.9999888
55000900271031,2021-12-21,1,0,0.9999888
55000900271031,2021-12-22,1,0,0.9999888
55000900271031,2021-12-23,1,0,0.9999888
55000900271031,2021-12-24,1,0,0.9999888
55000900271031,2021-12-25,1,0,0.9999888
55000900271031,2021-12-26,1,0,0.9999888
55000900271031,2021-12-27,1,0,0.9999888
55000900271031,2021-12-28,1,0,0.9999888
55000900271031,2021-12-29,1,0,0.9999888
55000900271031,2021-12-30,1,0,0.9999888
55000900271031,2021-12-31,1,0,0.9999888
55000900271031,2022-01-01,1,0,0.9999888
55000900271031,2022-01-02,1,0,0.9999888
55000900271031,2022-01-03,1,0,0.9999888
55000900271031,2022-01-04,1,0,0.9999888
55000900271031,2022-01-05,1,0,0.9999888
55000900271031,2022-01-06,1,0,0.9999888
55000900271031,2022-01-07,1,0,0.9999888
55000900271031,2022-01-08,1,0,0.9999888
55000900271031,2022-01-09,1,0,0.9999888
55000900271031,2022-01-10,1,0,0.9999888
55000900271031,2022-01-11,1,0,0.9999888
55000900271031,2022-01-12,1,0,0.9999888
55000900271031,2022-01-13,1,0,0.9999888
55000900271031,2022-01-14,1,0,0.9999888
55000900271031,2022-01-15,1,0,0.9999888
55000900271031,2022-01-16,1,0,0.9999888
55000900271031,2022-01-17,1,0,0.9999888
55000900271031,2022-01-18,1,0,0.9999888
55000900271031,2022-01-19,1,0,0.9999888
55000900271031,2022-01-20,1,0,0.9999888
55000900271031,2022-01-21,1,0,0.9999888
55000900271031,2022-01-22,1,0,0.9999888
55000900271031,2022-01-23,1,0,0.9999888
55000900271031,2022-01-24,1,0,0.9999888
55000900271031,2022-01-25,1,0,0.9999888
55000900271031,2022-01-26,1,0,0.9999888
55000900271031,2022-01-27,1,0,0.9999888
55000900271031,2022-01-28,1,0,0.9999888
55000900271031,2022-01-29,1,0,0.9999888
55000900271031,2022-01-30,1,0,0.9999888
55000900271031,2022-01-31,1,0,0.9999888
55000900271031,2022-02-01,1,0,0.9999888
55000900271031,2022-02-02,1,0,0.9999888
55000900271031,2022-02-03,1,0,0.9999888
55000900271031,2022-02-04,1,0,0.9999888
55000900271031,2022-02-05,1,0,0.9999888
55000900271031,2022-02-06,1,0,0.9999888
55000900271031,2022-02-07,1,0,0.9999888
55000900271031,2022-02-08,1,0,0.9999888
55000900271031,2022-02-09,1,0,0.9999888
55000900271031,2022-02-10,1,0,0.9999888
55000900271031,2022-02-11,1,0,0.9999888
55000900271031,2022-02-12,1,0,0.9999888
55000900271031,2022-02-13,1,0,0.9999888
55000900271031,2022-02-14,1,0,0.9999888
55000900271031,2022-02-15,1,0,0.9999888
55000900271031,2022-02-16,1,0,0.9999888
55000900271031,2022-02-17,1,0,0.9999888
55000900271031,2022-02-18,1,0,0.9999888
55000900271031,2022-02-19,1,0,0.9999888
55000900271031,2022-02-20,1,0,0.9999888
55000900271031,2022-02-21,1,0,0.9999888
55000900271031,2022-02-22,1,0,0.9999888
55000900271031,2022-02-23,1,0,0.9999888
55000900271031,2022-02-24,1,0,0.9999888
55000900271031,2022-02-25,1,0,0.9999888
55000900271031,2022-02-26,1,0,0.9999888
55000900271031,2022-02-27,1,0,0.9999888
55000900271031,2022-02-28,1,0,0.9999888
55000900271031,2022-03-01,1,0,0.9999888
55000900271031,2022-03-02,1,0,0.9999888
55000900271031,2022-03-03,1,0,0.9999888
55000900271031,2022-03-04,1,0,0.9999888
55000900271031,2022-03-05,1,0,0.9999888
55000900271031,2022-03-06,1,0,0.9999888
55000900271031,2022-03-07,1,0,0.9999888
55000900271031,2022-03-08,1,0,0.9999888
55000900271031,2022-03-09,1,0,0.9999888
55000900271031,2022-03-10,1,0,0.9999888
55000900271031,2022-03-11,1,0,0.9999888
55000900271031,2022-03-12,1,0,0.9999888
55000900271031,2022-03-14,1,0,0.9999888
55000900271031,2022-03-15,1,0,0.9999888
55000900271031,2022-03-16,1,0,0.9999888
55000900271031,2022-03-17,1,0,0.9999888
55000900271031,2022-03-18,1,0,0.9999888
55000900271031,2022-03-19,1,0,0.9999888
55000900271031,2022-03-20,1,0,0.9999888
55000900271031,2022-03-21,1,0,0.9999888
55000900271031,2022-03-22,1,0,0.9999888
55000900271031,2022-03-23,1,0,0.9999888
55000900271031,2022-03-24,1,0,0.9999888
55000900271031,2022-03-25,1,0,0.9999888
55000900271031,2022-03-26,1,0,0.9999888
55000900271031,2022-03-27,1,0,0.9999888
55000900271031,2022-03-28,1,0,0.9999888
55000900271031,2022-03-29,1,0,0.9999888
55000900271031,2022-03-30,1,0,0.9999888
55000900271031,2022-03-31,1,0,0.9999888
55000900271031,2022-04-01,1,0,0.9999888
55000900271031,2022-04-02,1,0,0.9999888
55000900271031,2022-04-03,1,0,0.9999888
55000900271031,2022-04-04,1,0,0.9999888
55000900271031,2022-04-05,1,0,0.9999888
55000900271031,2022-04-06,1,0,0.9999888
55000900271031,2022-04-07,1,0,0.9999888
55000900271031,2022-04-08,1,0,0.9999888
55000900271031,2022-04-09,1,0,0.9999888
55000900271031,2022-04-10,1,0,0.9999888
55000900271031,2022-04-11,1,0,0.9999888
55000900271031,2022-04-12,1,0,0.9999888
55000900271031,2022-04-13,1,0,0.9999888
55000900271031,2022-04-14,1,0,0.9999888
55000900271031,2022-04-15,1,0,0.9999888
55000900271031,2022-04-16,1,0,0.9999888
55000900271031,2022-04-17,1,0,0.9999888
55000900271031,2022-04-18,1,0,0.9999888
55000900271031,2022-04-19,1,0,0.9999888
55000900271031,2022-04-20,1,0,0.9999888
55000900271031,2022-04-21,1,0,0.9999888
55000900271031,2022-04-22,1,0,0.9999888
55000900271031,2022-04-23,1,0,0.9999888
55000900271031,2022-04-24,1,0,0.9999888
55000900271031,2022-04-25,1,0,0.9999888
55000900271031,2022-04-26,1,0,0.9999888
55000900271031,2022-04-27,1,0,0.9999888
55000900271031,2022-04-28,1,0,0.9999888
55000900271031,2022-04-29,1,0,0.9999888
55000900271031,2022-04-30,1,0,0.9999888
55000900271031,2022-05-01,1,0,0.9999888
55000900271031,2022-05-02,1,0,0.9999888
55000900271031,2022-05-03,1,0,0.9999888
55000900271031,2022-05-04,1,0,0.9999888
55000900271031,2022-05-05,1,0,0.9999888
55000900271031,2022-05-06,1,0,0.9999888
55000900271031,2022-05-07,1,0,0.9999888
55000900271031,2022-05-08,1,0,0.9999888
55000900271031,2022-05-09,1,0,0.9999888
55000900271031,2022-05-10,1,0,0.9999888
55000900271031,2022-05-11,1,0,0.9999888
55000900271031,2022-05-12,1,0,0.9999888
55000900271031,2022-05-13,1,0,0.9999888
55000900271031,2022-05-14,1,0,0.9999888
55000900271031,2022-05-15,1,0,0.9999888
55000900271031,2022-05-16,1,0,0.9999888
55000900271031,2022-05-17,1,0,0.9999888
55000900271031,2022-05-18,1,0,0.9999888
55000900271031,2022-05-19,1,0,0.9999888
55000900271031,2022-05-20,1,0,0.9999888
55000900271031,2022-05-21,1,0,0.9999888
55000900271031,2022-05-22,1,0,0.9999888
55000900271031,2022-05-23,1,0,0.9999888
55000900271031,2022-05-24,1,0,0.9999888
55000900271031,2022-05-25,1,0,0.9999888
55000900271031,2022-05-26,1,0,0.9999888
55000900271031,2022-05-27,1,0,0.9999888
55000900271031,2022-05-28,1,0,0.9999888
55000900271031,2022-05-29,1,0,0.9999888
55000900271031,2022-05-30,1,0,0.9999888
55000900271031,2022-05-31,1,0,0.9999888
55000900271031,2022-06-01,1,0,0.9999888
55000900271031,2022-06-02,1,0,0.9999888
55000900271031,2022-06-03,1,0,0.9999888
55000900271031,2022-06-04,1,0,0.9999888
55000900271031,2022-06-05,1,0,0.9999888
55000900271031,2022-06-06,1,0,0.9999888
55000900271031,2022-06-07,1,0,0.9999888
55000900271031,2022-06-08,1,0,0.9999888
55000900271031,2022-06-09,1,0,0.9999888
55000900271031,2022-06-10,1,0,0.9999888
55000900271031,2022-06-11,1,0,0.9999888
55000900271031,2022-06-12,1,0,0.9999888
55000900271031,2022-06-13,1,0,0.9999888
55000900271031,2022-06-14,1,0,0.9999888
55000900271031,2022-06-15,1,0,0.9999888
55000900271031,2022-06-16,1,0,0.9999888
55000900271031,2022-06-17,1,0,0.9999888
55000900271031,2022-06-18,1,0,0.9999888
55000900271031,2022-06-19,1,0,0.9999888
55000900271031,2022-06-20,1,0,0.9999888
55000900271031,2022-06-21,1,0,0.9999888
55000900271031,2022-06-22,1,0,0.9999888
55000900271031,2022-06-23,1,0,0.9999888
55000900271031,2022-06-24,1,0,0.9999888
55000900271031,2022-06-25,1,0,0.9999888
55000900271031,2022-06-26,1,0,0.9999888
55000900271031,2022-06-27,1,0,0.9999888
55000900271031,2022-06-28,1,0,0.9999888
55000900271031,2022-06-29,1,0,0.9999888
55000900271031,2022-06-30,1,0,0.9999888
55000900271031,2022-07-01,1,0,0.9999888
55000900271031,2022-07-02,1,0,0.9999888
55000900271031,2022-07-03,1,0,0.9999888
55000900271031,2022-07-04,1,0,0.9999888
55000900271031,2022-07-05,1,0,0.9999888
55000900271031,2022-07-06,1,0,0.9999888
55000900271031,2022-07-07,1,0,0.9999888
55000900271031,2022-07-08,1,0,0.9999888
55000900271031,2022-07-09,1,0,0.9999888
55000900271031,2022-07-10,1,0,0.9999888
55000900271031,2022-07-11,1,0,0.9999888
55000900271031,2022-07-12,1,0,0.9999888
55000900271031,2022-07-13,1,0,0.9999888
55000900271031,2022-07-14,1,0,0.9999888
55000900271031,2022-07-15,1,0,0.9999888
55000900271031,2022-07-16,1,0,0.9999888
55000900271031,2022-07-17,1,0,0.9999888
55000900271031,2022-07-18,1,0,0.9999888
55000900271031,2022-07-19,1,0,0.9999888
55000900271031,2022-07-20,1,0,0.9999888
55000900271031,2022-07-21,1,0,0.9999888
55000900271031,2022-07-22,1,0,0.9999888
55000900271031,2022-07-23,1,0,0.9999888
55000900271031,2022-07-24,1,0,0.9999888
55000900271031,2022-07-25,1,0,0.9999888
55000900271031,2022-07-26,1,0,0.9999888
55000900271031,2022-07-27,1,0,0.9999888
55000900271031,2022-07-28,1,0,0.9999888
55000900271031,2022-07-29,1,0,0.9999888
55000900271031,2022-07-30,1,0,0.9999888
55000900271031,2022-07-31,1,0,0.9999888
55000900271031,2022-08-01,1,0,0.9999888
55000900271031,2022-08-02,1,0,0.9999888
55000900271031,2022-08-03,1,0,0.9999888
55000900271031,2022-08-04,1,0,0.9999888
55000900271031,2022-08-05,1,0,0.9999888
55000900271031,2022-08-06,1,0,0.9999888
55000900271031,2022-08-07,1,0,0.9999888
55000900271031,2022-08-08,1,0,0.9999888
55000900271031,2022-08-09,1,0,0.9999888
55000900271031,2022-08-10,1,0,0.9999888
55000900271031,2022-08-11,1,0,0.9999888
55000900271031,2022-08-12,1,0,0.9999888
55000900271031,2022-08-13,1,0,0.9999888
55000900271031,2022-08-14,1,0,0.9999888
55000900271031,2022-08-15,1,0,0.9999888
55000900271031,2022-08-16,1,0,0.9999888
55000900271031,2022-08-17,1,0,0.9999888
55000900271031,2022-08-18,1,0,0.9999888
55000900271031,2022-08-19,1,0,0.9999888
55000900271031,2022-08-20,1,0,0.9999888
55000900271031,2022-08-21,1,0,0.9999888
55000900271031,2022-08-22,1,0,0.9999888
55000900271031,2022-08-23,1,0,0.9999888
55000900271031,2022-08-24,1,0,0.9999888
55000900271031,2022-08-25,1,0,0.9999888
55000900271031,2022-08-26,1,0,0.9999888
55000900271031,2022-08-27,1,0,0.9999888
55000900271031,2022-08-28,1,0,0.9999888
55000900271031,2022-08-29,1,0,0.9999888
55000900271031,2022-08-30,1,0,0.9999888
55000900271031,2022-08-31,1,0,0.9999888
55000900271031,2022-09-01,1,0,0.9999888
55000900271031,2022-09-02,1,0,0.9999888
55000900271031,2022-09-03,1,0,0.9999888
55000900271031,2022-09-04,1,0,0.9999888
55000900271031,2022-09-05,1,0,0.9999888
55000900271031,2022-09-06,1,0,0.9999888
55000900271031,2022-09-07,1,0,0.9999888
55000900271031,2022-09-08,0,0,0.9999888
55000900271031,2022-09-09,1,0,0.9999888
55000900271031,2022-09-10,1,0,0.9999888
55000900271031,2022-09-11,1,0,0.9999932
55000900271031,2022-09-12,1,0,0.9999902
55000900271031,2022-09-13,1,0,0.99998915
55000900271031,2022-09-14,1,0,0.9999895
55000900271031,2022-09-15,0,0,0.99998856
55000900271031,2022-09-16,1,0,0.9999893
55000900271031,2022-09-17,1,0,0.9999889
55000900271031,2022-09-18,1,0,0.9999932
55000900271031,2022-09-19,1,0,0.99999154
55000900271031,2022-09-20,0,0,0.99998903
55000900271031,2022-09-21,1,0,0.99999
55000900271031,2022-09-22,1,0,0.9999887
55000900271031,2022-09-23,1,0,0.9999925
55000900271031,2022-09-24,0,0,0.9999882
55000900271031,2022-09-25,0,0,0.99998903
55000900271031,2022-09-26,0,0,0.99999
55000900271031,2022-09-27,0,0,0.9999932
55000900271031,2022-09-28,0,0,0.99999523
55000900271031,2022-09-29,1,0,0.99999523
55000900271031,2022-09-30,1,0,0.99999666
55000900271031,2022-10-01,1,0,0.9999958
55000900271031,2022-10-02,0,0,0.99999225
55000900271031,2022-10-03,0,0,0.99998796
55000900271031,2022-10-04,0,0,0.99998975
55000900271031,2022-10-05,0,0,0.9999938
55000900271031,2022-10-06,0,0,0.9999963
55000900271031,2022-10-07,0,0,0.99999595
55000900271031,2022-10-08,0,0,0.9999969
55000900271031,2022-10-09,0,0,0.9999958
55000900271031,2022-10-10,0,0,0.9999938
55000900271031,2022-10-11,0,0,0.9999964
55000900271031,2022-10-12,0,0,0.9999957
55000900271031,2022-10-13,0,0,0.9999893
55000900271031,2022-10-14,0,0,0.99998605
55000900271031,2022-10-15,0,0,0.99998736
55000900271031,2022-10-16,0,0,0.99998736
55000900271031,2022-10-17,0,0,0.9999845
55000900271031,2022-10-18,0,0,0.99998784
55000900271031,2022-10-19,0,0,0.9999877
55000900271031,2022-10-20,0,0,0.99998593
55000900271031,2022-10-21,1,0,0.9999877
55000900271031,2022-10-22,1,0,0.9999833
55000900271031,2022-10-23,1,0,0.9999877
55000900271031,2022-10-24,1,0,0.99997914
55000900271031,2022-10-25,1,0,0.9999795
55000900271031,2022-10-26,1,0,0.99998343
55000900271031,2022-10-27,1,0,0.9999752
55000900271031,2022-10-28,1,0,0.99998116
55000900271031,2022-10-29,1,0,0.9999833
55000900271031,2022-10-30,1,0,0.9999776
55000900271031,2022-10-31,1,0,0.99998426
55000900271031,2022-11-01,1,0,0.9999862
55000900271031,2022-11-02,1,0,0.99998295
55000900271031,2022-11-03,1,0,0.9999813
55000900271031,2022-11-04,1,0,0.999982
55000900271031,2022-11-05,1,0,0.9999807
55000900271031,2022-11-06,1,0,0.99998105
55000900271031,2022-11-07,1,0,0.9999819
55000900271031,2022-11-08,1,0,0.9999863
55000900271031,2022-11-09,1,0,0.9999858
55000900271031,2022-11-10,1,0,0.9999888
55000900271031,2022-11-11,1,0,0.9999856
55000900271031,2022-11-12,1,0,0.99998546
55000900271031,2022-11-13,1,0,0.9999876
55000900271031,2022-11-14,1,0,0.99998534
55000900271031,2022-11-15,1,0,0.9999852
55000900271031,2022-11-16,1,0,0.99998724
55000900271031,2022-11-17,1,0,0.9999845
55000900271031,2022-11-18,1,0,0.99998426
55000900271031,2022-11-19,1,0,0.99998677
55000900271031,2022-11-20,1,0,0.99998367
55000900271031,2022-11-21,1,0,0.9999838
55000900271031,2022-11-22,1,0,0.9999888
55000900271031,2022-11-23,1,0,0.9999888
55000900271031,2022-11-24,1,0,0.9999888
55000900271031,2022-11-25,1,0,0.9999888
55000900271031,2022-11-26,1,0,0.9999888
55000900271031,2022-11-27,1,0,0.9999888
55000900271031,2022-11-28,1,0,0.9999888
55000900271031,2022-11-29,1,0,0.9999888
55000900271031,2022-11-30,1,0,0.9999888
55000900271031,2022-12-01,1,0,0.9999888
55000900271031,2022-12-02,1,0,0.9999888
55000900271031,2022-12-03,1,0,0.9999888
55000900271031,2022-12-04,1,0,0.9999888
55000900271031,2022-12-05,1,0,0.9999888
55000900271031,2022-12-06,1,0,0.9999888
55000900271031,2022-12-07,1,0,0.9999888
55000900271031,2022-12-08,1,0,0.9999888
55000900271031,2022-12-09,1,0,0.9999888
55000900271031,2022-12-10,1,0,0.9999888
55000900271031,2022-12-11,1,0,0.9999888
55000900271031,2022-12-12,1,0,0.9999888
55000900271031,2022-12-13,1,0,0.9999888
55000900271031,2022-12-14,1,0,0.9999888
55000900271031,2022-12-15,1,0,0.9999888
55000900271031,2022-12-16,1,0,0.9999888
55000900271031,2022-12-17,1,0,0.9999888
55000900271031,2022-12-18,1,0,0.9999888
55000900271031,2022-12-19,1,0,0.9999888
55000900271031,2022-12-20,1,0,0.9999888
55000900271031,2022-12-21,1,0,0.9999888
55000900271031,2022-12-22,1,0,0.9999888
55000900271031,2022-12-23,1,0,0.9999888
55000900271031,2022-12-24,1,0,0.9999888
55000900271031,2022-12-25,1,0,0.9999888
55000900271031,2022-12-26,1,0,0.9999888
55000900271031,2022-12-27,1,0,0.9999888
55000900271031,2022-12-28,1,0,0.9999888
55000900271031,2022-12-29,1,0,0.9999888
55000900271031,2022-12-30,1,0,0.9999888
55000900271031,2022-12-31,1,0,0.9999888
55000900271031,2023-01-01,1,0,0.9999888
55000900271031,2023-01-02,1,0,0.9999888
55000900271031,2023-01-03,1,0,0.9999888
55000900271031,2023-01-26,1,0,0.9999888
55000900271031,2023-01-27,1,0,0.9999888
55000900271031,2023-01-28,1,0,0.9999888
55000900271031,2023-01-29,1,0,0.9999888
55000900271031,2023-01-30,1,0,0.9999888
55000900271031,2023-01-31,1,0,0.9999888
55000900271031,2023-02-01,1,0,0.9999888
55000900271031,2023-02-02,1,0,0.9999888
55000900271031,2023-02-03,1,0,0.9999888
55000900271031,2023-02-04,1,0,0.9999888
55000900271031,2023-02-05,1,0,0.9999888
55000900271031,2023-02-06,1,0,0.9999888
55000900271031,2023-02-07,1,0,0.9999888
55000900271031,2023-02-08,1,0,0.9999888
55000900271031,2023-02-09,1,0,0.9999888
55000900271031,2023-02-10,1,0,0.9999888
55000900271031,2023-02-11,1,0,0.9999888
55000900271031,2023-02-12,1,0,0.9999888
55000900271031,2023-02-13,1,0,0.9999888
55000900271031,2023-02-14,1,0,0.9999888
55000900271031,2023-02-15,1,0,0.9999888
55000900271031,2023-02-16,1,0,0.9999888
55000900271031,2023-02-17,1,0,0.9999888
55000900271031,2023-02-18,1,0,0.9999888
55000900271031,2023-02-19,1,0,0.9999888
55000900271031,2023-02-20,1,0,0.9999888
55000900271031,2023-02-21,1,0,0.9999888
55000900271031,2023-02-22,1,0,0.9999888
55000900271031,2023-02-23,1,0,0.9999888
55000900271031,2023-02-24,1,0,0.9999888
55000900271031,2023-02-25,1,0,0.9999888
55000900271031,2023-02-26,1,0,0.9999888
55000900271031,2023-02-27,1,0,0.9999888
55000900271031,2023-02-28,1,0,0.9999888
55000900271031,2023-03-01,1,0,0.9999888
55000900271031,2023-03-02,1,0,0.9999888
55000900271031,2023-03-03,1,0,0.9999888
55000900271031,2023-03-04,1,0,0.9999888
55000900271031,2023-03-05,1,0,0.9999888
55000900271031,2023-03-06,1,0,0.9999888
55000900271031,2023-03-07,1,0,0.9999888
55000900271031,2023-03-08,1,0,0.9999888
55000900271031,2023-03-09,1,0,0.9999888
55000900271031,2023-03-10,1,0,0.9999888
55000900271031,2023-03-11,1,0,0.9999888
55000900271031,2023-03-13,1,0,0.9999888
55000900271031,2023-03-14,1,0,0.9999888
55000900271031,2023-03-15,1,0,0.9999888
55000900271031,2023-03-16,1,0,0.9999888
55000900271031,2023-03-17,1,0,0.9999888
55000900271031,2023-03-18,1,0,0.9999888
55000900271031,2023-03-19,1,0,0.9999888
55000900271031,2023-03-20,1,0,0.9999888
55000900271031,2023-03-21,1,0,0.9999888
55000900271031,2023-03-22,1,0,0.9999888
55000900271031,2023-03-23,1,0,0.9999888
55000900271031,2023-03-24,1,0,0.9999888
55000900271031,2023-03-25,1,0,0.9999888
55000900271031,2023-03-26,1,0,0.9999888
55000900271031,2023-03-27,1,0,0.9999888
55000900271031,2023-03-28,1,0,0.9999888
55000900271031,2023-03-29,1,0,0.9999888
55000900271031,2023-03-30,1,0,0.9999888
55000900271031,2023-03-31,1,0,0.9999888
55000900271031,2023-04-01,1,0,0.9999888
55000900271031,2023-04-02,1,0,0.9999888
55000900271031,2023-04-03,1,0,0.9999888
55000900271031,2023-04-04,1,0,0.9999888
55000900271031,2023-04-05,1,0,0.9999888
55000900271031,2023-04-06,1,0,0.9999888
55000900271031,2023-04-07,1,0,0.9999888
55000900271031,2023-04-08,1,0,0.9999888
55000900271031,2023-04-09,1,0,0.9999888
55000900271031,2023-04-10,1,0,0.9999888
55000900271031,2023-04-11,1,0,0.9999888
55000900271031,2023-04-12,1,0,0.9999888
55000900271031,2023-04-13,1,0,0.9999888
55000900271031,2023-04-14,1,0,0.9999888
55000900271031,2023-04-15,1,0,0.9999888
55000900271031,2023-04-16,1,0,0.9999888
55000900271031,2023-04-17,1,0,0.9999888
55000900271031,2023-04-18,1,0,0.9999888
55000900271031,2023-04-19,1,0,0.9999888
55000900271031,2023-04-20,1,0,0.9999888
55000900271635,2020-09-11,1,9,0.99833125
55000900271635,2020-09-12,1,9,0.9990313
55000900271635,2020-09-13,1,9,0.9993325
55000900271635,2020-09-14,1,9,0.99991715
55000900271635,2020-09-15,1,9,0.9999622
55000900271635,2020-09-16,1,9,0.9999608
55000900271635,2020-09-17,1,9,0.99997485
55000900271635,2020-09-18,1,9,0.9999726
55000900271635,2020-09-19,1,9,0.9999378
55000900271635,2020-09-20,1,9,0.9999567
55000900271635,2020-09-21,1,9,0.99999726
55000900271635,2020-09-22,1,9,0.9999939
55000900271635,2020-09-23,1,9,0.9999795
55000900271635,2020-09-24,1,9,0.99998283
55000900271635,2020-09-25,1,9,0.9999894
55000900271635,2020-09-26,1,9,0.99999714
55000900271635,2020-09-27,1,9,0.99999845
55000900271635,2020-09-28,1,9,0.9999919
55000900271635,2020-09-29,1,9,0.99999714
55000900271635,2020-09-30,1,9,0.999987
55000900271635,2020-10-01,1,9,0.9993274
55000900271635,2020-10-02,1,9,0.999539
55000900271635,2020-10-03,1,9,0.9995478
55000900271635,2020-10-04,1,9,0.9991726
55000900271635,2020-10-05,1,9,0.9996711
55000900271635,2020-10-06,1,9,0.99998844
55000900271635,2020-10-07,1,9,0.9999715
55000900271635,2020-10-08,1,9,0.999607
55000900271635,2020-10-09,1,9,0.9995927
55000900271635,2020-10-10,1,9,0.99996984
55000900271635,2020-10-11,1,9,0.99999094
55000900271635,2020-10-12,1,9,0.99995303
55000900271635,2020-10-13,1,9,0.9999926
55000900271635,2020-10-14,1,9,0.99999726
55000900271635,2020-10-15,1,9,0.99999595
55000900271635,2020-10-16,1,9,0.99999785
55000900271635,2020-10-17,1,9,0.9999975
55000900271635,2020-10-18,1,9,0.9999968
55000900271635,2020-10-19,1,9,0.9999634
55000900271635,2020-10-20,1,0,0.99994135
55000900271635,2020-10-21,1,0,0.9999652
55000900272209,2020-09-11,1,9,0.9999999
55000900272209,2020-09-12,1,9,0.99999964
55000900272209,2020-09-13,1,9,0.9999995
55000900272209,2020-09-14,1,9,0.99999654
55000900272209,2020-09-15,1,9,0.9999957
55000900272209,2020-09-16,1,9,0.9999943
55000900272209,2020-09-17,1,9,0.99999475
55000900272209,2020-09-18,1,9,0.99999726
55000900272209,2020-09-19,1,9,0.9999975
55000900272209,2020-09-20,1,9,0.99999714
55000900272209,2020-09-21,1,9,0.9999993
55000900272209,2020-09-22,1,9,0.99999964
55000900272209,2020-09-23,1,9,0.9999981
55000900272209,2020-09-24,1,9,0.9999994
55000900272209,2020-09-25,1,9,0.9999995
55000900272209,2020-09-26,1,9,0.99999964
55000900272209,2020-09-27,1,9,0.99999964
55000900272209,2020-09-28,1,9,0.99999726
55000900272209,2020-09-29,1,9,0.9999993
55000900272209,2020-09-30,1,9,0.99999917
55000900272209,2020-10-01,1,9,0.9999994
55000900272209,2020-10-02,1,9,0.99999845
55000900272209,2020-10-03,1,9,0.999998
55000900272209,2020-10-04,1,9,0.9999981
55000900272209,2020-10-05,1,9,0.9999968
55000900272209,2020-10-06,1,9,0.99999785
55000900272209,2020-10-07,1,9,0.9999981
55000900272209,2020-10-08,1,9,0.9999976
55000900272209,2020-10-09,1,9,0.99999464
55000900272209,2020-10-10,1,9,0.99999845
55000900272209,2020-10-11,1,9,0.9999995
55000900272209,2020-10-12,1,9,0.99999964
55000900272209,2020-10-13,1,9,0.99999595
55000900272209,2020-10-14,1,9,0.9999963
55000900272209,2020-10-15,1,9,0.99999917
55000900272209,2020-10-16,1,9,0.99999774
55000900272209,2020-10-17,1,9,0.9999994
55000900272209,2020-10-18,1,0,0.99999905
55000900272209,2020-10-19,1,0,0.9999963
55000900272714,2020-09-11,1,9,0.99998605
55000900272714,2020-09-12,1,9,0.9999933
55000900272714,2020-09-13,1,9,0.9999976
55000900272714,2020-09-14,1,9,0.9998105
55000900272714,2020-09-15,1,9,0.9998833
55000900272714,2020-09-16,1,9,0.9997633
55000900272714,2020-09-17,1,9,0.99968195
55000900272714,2020-09-18,1,9,0.99997556
55000900272714,2020-09-19,1,9,0.9998598
55000900272714,2020-09-20,1,9,0.9999902
55000900272714,2020-09-21,1,9,0.99999905
55000900272714,2020-09-22,1,9,0.9999957
55000900272714,2020-09-23,1,9,0.9999958
55000900272714,2020-09-24,1,9,0.9999968
55000900272714,2020-09-25,1,9,0.9999987
55000900272714,2020-09-26,1,9,0.99999726
55000900272714,2020-09-27,1,9,0.99999726
55000900272714,2020-09-28,1,9,0.9999969
55000900272714,2020-09-29,1,9,0.9999999
55000900272714,2020-09-30,1,9,0.9999995
55000900272714,2020-10-01,1,9,0.99999964
55000900272714,2020-10-02,1,9,0.9999993
55000900272714,2020-10-03,1,9,0.9999989
55000900272714,2020-10-04,1,9,0.99999774
55000900272714,2020-10-05,1,9,0.99999845
55000900272714,2020-10-06,1,9,0.99999785
55000900272714,2020-10-07,1,9,0.9999987
55000900272714,2020-10-08,1,9,0.9999981
55000900272714,2020-10-09,1,9,0.9999982
55000900272714,2020-10-10,1,9,0.99999917
55000900272714,2020-10-11,1,9,0.99999905
55000900272714,2020-10-12,1,9,0.9999994
55000900272714,2020-10-13,1,9,0.9999995
55000900272714,2020-10-14,1,9,0.9999995
55000900272714,2020-10-15,1,9,0.99999905
55000900272714,2020-10-16,1,9,0.9999982
55000900272714,2020-10-17,1,9,0.9999988
55000900272714,2020-10-18,1,9,0.9999989
55000900272714,2020-10-19,1,0,0.99999964
55000900272714,2020-10-20,1,0,0.9999994
