site_id,target_date,true_wetdry,label_is_hobo,pred_wetdry_prob
55000900029021,2020-09-29,1,8,0.9998627
55000900029021,2020-09-30,1,8,0.99989617
55000900029021,2020-10-01,1,8,0.99989545
55000900029021,2020-10-02,1,8,0.999887
55000900029021,2020-10-03,1,8,0.99988043
55000900029021,2020-10-04,1,8,0.99986005
55000900029021,2020-10-05,1,8,0.99987507
55000900029021,2020-10-06,1,8,0.99990094
55000900029021,2020-10-07,1,8,0.99988985
55000900029021,2020-10-08,1,8,0.9998511
55000900029021,2020-10-09,1,8,0.99995315
55000900029021,2020-10-10,1,8,0.9999558
55000900029021,2020-10-11,1,8,0.9998485
55000900029021,2020-10-12,1,8,0.99985516
55000900029021,2020-10-13,1,8,0.9998851
55000900029021,2020-10-14,1,8,0.9999528
55000900029021,2020-10-15,1,8,0.9999485
55000900029021,2020-10-16,1,8,0.9999573
55000900029021,2020-10-17,1,8,0.99995434
55000900029021,2020-10-18,1,8,0.9999703
55000900029021,2020-10-19,1,8,0.99996436
55000900029021,2020-10-20,1,8,0.99994934
55000900029021,2020-10-21,1,0,0.99994314
55000900029021,2020-10-22,1,0,0.99987936
55000900029021,2020-10-23,1,0,0.99980956
55000900029021,2020-10-24,1,0,0.9998543
55000900029021,2020-10-25,1,0,0.9999095
55000900029021,2020-10-26,1,0,0.99993634
55000900029021,2020-10-27,1,0,0.9999348
55000900029021,2020-10-28,1,0,0.999946
55000900029021,2020-10-29,0,0,0.99993277
55000900029021,2020-10-30,1,0,0.99993443
55000900029021,2020-10-31,1,0,0.9998852
55000900029021,2020-11-01,1,0,0.8999472
55000900029021,2020-11-02,0,0,0.99271387
55000900029021,2020-11-03,0,0,0.9980732
55000900029021,2020-11-04,0,0,0.9969446
55000900029021,2020-11-05,1,0,0.3665115
55000900029021,2020-11-06,1,0,0.47995403
55000900029021,2020-11-07,1,0,0.4153741
55000900029021,2020-11-08,1,0,0.8437824
55000900029021,2020-11-09,1,0,0.964732
55000900029021,2020-11-10,1,0,0.9984555
55000900029021,2020-11-11,1,0,0.99966884
55000900029021,2020-11-12,1,0,0.9998722
55000900029021,2020-11-13,1,0,0.999938
55000900029021,2020-11-14,1,0,0.9999337
55000900029021,2020-11-15,1,0,0.9999484
55000900029021,2020-11-16,1,0,0.999928
55000900029021,2020-11-17,1,0,0.9999244
55000900029021,2020-11-18,1,0,0.9999424
55000900029021,2020-11-19,1,0,0.9999428
55000900029021,2020-11-20,1,0,0.999946
55000900029021,2020-11-21,1,0,0.9999343
55000900029021,2020-11-22,1,0,0.9999509
55000900029021,2020-11-23,1,0,0.9999441
55000900029021,2020-11-24,1,0,0.9999435
55000900029021,2020-11-25,1,0,0.99994504
55000900029021,2020-11-26,1,0,0.999946
55000900029021,2020-11-27,1,0,0.9999516
55000900029021,2020-11-28,1,0,0.99993634
55000900029021,2020-11-29,1,0,0.99994075
55000900029021,2020-11-30,1,0,0.9999349
55000900029021,2020-12-01,1,0,0.9999287
55000900029021,2020-12-02,1,0,0.9999317
55000900029021,2020-12-03,1,0,0.99994504
55000900029021,2020-12-04,1,0,0.9999422
55000900029021,2020-12-05,1,0,0.99992836
55000900029021,2020-12-06,1,0,0.9999281
55000900029021,2020-12-07,1,0,0.9999281
55000900029021,2020-12-08,1,0,0.99993515
55000900029021,2020-12-09,1,0,0.9999448
55000900029021,2020-12-10,1,0,0.9999424
55000900029021,2020-12-11,1,0,0.99993014
55000900029021,2020-12-12,1,0,0.9999285
55000900029021,2020-12-13,1,0,0.99994946
55000900029021,2020-12-14,1,0,0.999941
55000900029021,2020-12-15,1,0,0.99994683
55000900029021,2020-12-16,1,0,0.9999409
55000900029021,2020-12-17,1,0,0.99993813
55000900029021,2020-12-18,1,0,0.99994063
55000900029021,2020-12-19,1,0,0.9999304
55000900029021,2020-12-20,1,0,0.999943
55000900029021,2020-12-21,1,0,0.9999498
55000900029021,2020-12-22,1,0,0.99993336
55000900029021,2020-12-23,1,0,0.9999219
55000900029021,2020-12-24,1,0,0.9999484
55000900029021,2020-12-25,1,0,0.9999465
55000900029021,2020-12-26,1,0,0.9999497
55000900029021,2020-12-27,1,0,0.99993694
55000900029021,2020-12-28,1,0,0.9999498
55000900029021,2020-12-29,1,0,0.9999454
55000900029021,2020-12-30,1,0,0.99994683
55000900029021,2020-12-31,1,0,0.99993086
55000900029021,2021-01-01,1,0,0.99992955
55000900029021,2021-01-02,1,0,0.999923
55000900029021,2021-01-03,1,0,0.99994934
55000900029021,2021-01-04,1,0,0.99994004
55000900029021,2021-01-05,1,0,0.9999466
55000900029021,2021-01-06,1,0,0.9999424
55000900029021,2021-01-07,1,0,0.9999448
55000900029021,2021-01-08,1,0,0.999944
55000900029021,2021-01-09,1,0,0.9999448
55000900029021,2021-01-10,1,0,0.9999453
55000900029021,2021-01-11,1,0,0.999946
55000900029021,2021-01-12,1,0,0.99994636
55000900029021,2021-01-13,1,0,0.9999461
55000900029021,2021-01-14,1,0,0.999946
55000900029021,2021-01-15,1,0,0.999946
55000900029021,2021-01-16,1,0,0.9999466
55000900029021,2021-01-17,1,0,0.9999471
55000900029021,2021-01-18,1,0,0.9999471
55000900029021,2021-01-19,1,0,0.9999472
55000900029021,2021-01-20,1,0,0.999949
55000900029021,2021-01-21,1,0,0.999948
55000900029021,2021-01-22,1,0,0.9999471
55000900029021,2021-01-23,1,0,0.99994755
55000900029021,2021-01-24,1,0,0.9999473
55000900029021,2021-01-25,1,0,0.9999474
55000900029021,2021-01-26,1,0,0.9999471
55000900029021,2021-01-27,1,0,0.9999474
55000900029021,2021-01-28,1,0,0.99994755
55000900029021,2021-01-29,1,0,0.999948
55000900029021,2021-01-30,1,0,0.9999484
55000900029021,2021-01-31,1,0,0.99995303
55000900029021,2021-02-01,1,0,0.9999496
55000900029021,2021-02-02,1,0,0.9999496
55000900029021,2021-02-03,1,0,0.9999496
55000900029021,2021-02-04,1,0,0.9999496
55000900029021,2021-02-05,1,0,0.9999496
55000900029021,2021-02-06,1,0,0.9999496
55000900029021,2021-02-07,1,0,0.9999496
55000900029021,2021-02-08,1,0,0.9999496
55000900029021,2021-02-09,1,0,0.9999496
55000900029021,2021-02-10,1,0,0.9999496
55000900029021,2021-02-11,1,0,0.9999496
55000900029021,2021-02-12,1,0,0.9999496
55000900029021,2021-02-13,1,0,0.9999496
55000900029021,2021-02-14,1,0,0.9999496
55000900029021,2021-02-15,1,0,0.9999496
55000900029021,2021-02-16,1,0,0.9999496
55000900029021,2021-02-17,1,0,0.9999496
55000900029021,2021-02-18,1,0,0.9999496
55000900029021,2021-02-19,1,0,0.9999496
55000900029021,2021-02-20,1,0,0.9999496
55000900029021,2021-02-21,1,0,0.9999496
55000900029021,2021-02-22,1,0,0.9999496
55000900029021,2021-02-23,1,0,0.9999496
55000900029021,2021-02-24,1,0,0.9999496
55000900029021,2021-02-25,1,0,0.9999496
55000900029021,2021-02-26,1,0,0.9999496
55000900029021,2021-02-27,1,0,0.9999496
55000900029021,2021-02-28,1,0,0.9999496
55000900029021,2021-03-01,1,0,0.9999496
55000900029021,2021-03-02,1,0,0.9999496
55000900029021,2021-03-03,1,0,0.9999496
55000900029021,2021-03-04,1,0,0.9999496
55000900029021,2021-03-05,1,0,0.9999496
55000900029021,2021-03-06,1,0,0.9999496
55000900029021,2021-03-07,1,0,0.9999496
55000900029021,2021-03-08,1,0,0.9999496
55000900029021,2021-03-09,1,0,0.9999496
55000900029021,2021-03-10,1,0,0.9999496
55000900029021,2021-03-11,1,0,0.9999496
55000900029021,2021-03-12,1,0,0.9999496
55000900029021,2021-03-13,1,0,0.9999496
55000900029021,2021-03-15,1,0,0.9999496
55000900029021,2021-03-16,1,0,0.9999496
55000900029021,2021-03-17,1,0,0.9999496
55000900029021,2021-03-18,1,0,0.9999496
55000900029021,2021-03-19,1,0,0.9999496
55000900029021,2021-03-20,1,0,0.9999496
55000900029021,2021-03-21,1,0,0.9999496
55000900029021,2021-03-22,1,0,0.9999496
55000900029021,2021-03-23,1,0,0.9999496
55000900029021,2021-03-24,1,0,0.9999496
55000900029021,2021-03-25,1,0,0.9999496
55000900029021,2021-03-26,1,0,0.9999496
55000900029021,2021-03-27,1,0,0.9999496
55000900029021,2021-03-28,1,0,0.9999496
55000900029021,2021-03-29,1,0,0.9999496
55000900029021,2021-03-30,1,0,0.9999496
55000900029021,2021-03-31,1,0,0.9999496
55000900029021,2021-04-01,1,0,0.9999496
55000900029021,2021-04-02,1,0,0.9999496
55000900029021,2021-04-03,1,0,0.9999496
55000900029021,2021-04-04,1,0,0.9999496
55000900029021,2021-04-05,1,0,0.9999496
55000900029021,2021-04-06,1,0,0.9999496
55000900029021,2021-04-07,1,0,0.9999496
55000900029021,2021-04-08,1,0,0.9999496
55000900029021,2021-04-09,1,0,0.9999496
55000900029021,2021-04-10,1,0,0.9999496
55000900029021,2021-04-11,1,0,0.9999496
55000900029021,2021-04-12,1,0,0.9999496
55000900029021,2021-04-13,1,0,0.9999496
55000900029021,2021-04-14,1,0,0.9999496
55000900029021,2021-04-15,1,0,0.9999496
55000900029021,2021-04-16,1,0,0.9999496
55000900029021,2021-04-17,1,0,0.9999496
55000900029021,2021-04-18,1,0,0.9999496
55000900029021,2021-04-19,1,0,0.9999496
55000900029021,2021-04-20,1,0,0.9999496
55000900029021,2021-04-21,1,0,0.9999496
55000900029021,2021-04-22,1,0,0.9999496
55000900029021,2021-04-23,1,0,0.9999496
55000900029021,2021-04-24,1,0,0.9999496
55000900029021,2021-04-25,1,0,0.9999496
55000900029021,2021-04-26,1,0,0.9999496
55000900029021,2021-04-27,1,0,0.9999496
55000900029021,2021-04-28,1,0,0.9999496
55000900029021,2021-04-29,1,0,0.9999496
55000900029021,2021-04-30,1,0,0.9999496
55000900029021,2021-05-01,1,0,0.9999496
55000900029021,2021-05-02,1,0,0.9999496
55000900029021,2021-05-03,1,0,0.9999496
55000900029021,2021-05-04,1,0,0.9999496
55000900029021,2021-05-05,1,0,0.9999496
55000900029021,2021-05-06,1,0,0.9999496
55000900029021,2021-05-07,1,0,0.9999496
55000900029021,2021-05-08,1,0,0.9999496
55000900029021,2021-05-09,1,0,0.9999496
55000900029021,2021-05-10,1,0,0.9999496
55000900029021,2021-05-11,1,0,0.9999496
55000900029021,2021-05-12,1,0,0.9999496
55000900029021,2021-05-13,1,0,0.9999496
55000900029021,2021-05-14,1,0,0.9999496
55000900029021,2021-05-15,1,0,0.9999496
55000900029021,2021-05-16,1,0,0.9999496
55000900029021,2021-05-17,1,0,0.9999496
55000900029021,2021-05-18,1,0,0.9999496
55000900029021,2021-05-19,1,0,0.9999496
55000900029021,2021-05-20,1,0,0.9999496
55000900029021,2021-05-21,1,0,0.9999496
55000900029021,2021-05-22,1,0,0.9999496
55000900029021,2021-05-23,1,0,0.9999496
55000900029021,2021-05-24,1,0,0.9999496
55000900029021,2021-05-25,1,0,0.9999496
55000900029021,2021-05-26,1,0,0.9999496
55000900029021,2021-05-27,1,0,0.9999496
55000900029021,2021-05-28,1,0,0.9999496
55000900029021,2021-05-29,1,0,0.9999496
55000900029021,2021-05-30,1,0,0.9999496
55000900029021,2021-05-31,1,0,0.9999496
55000900029021,2021-06-01,1,0,0.9999496
55000900029021,2021-06-02,1,0,0.9999496
55000900029021,2021-06-03,1,0,0.9999496
55000900029021,2021-06-04,1,0,0.9999496
55000900029021,2021-06-05,1,0,0.9999496
55000900029021,2021-06-06,1,0,0.9999496
55000900029021,2021-06-07,1,0,0.9999496
55000900029021,2021-06-08,1,0,0.9999496
55000900029021,2021-06-09,1,0,0.9999496
55000900029021,2021-06-10,1,0,0.9999496
55000900029021,2021-06-11,1,0,0.9999496
55000900029021,2021-06-12,1,0,0.9999496
55000900029021,2021-06-13,1,0,0.9999496
55000900029021,2021-06-14,1,0,0.9999496
55000900029021,2021-06-15,1,0,0.9999496
55000900029021,2021-06-16,1,0,0.9999496
55000900029021,2021-06-17,1,0,0.9999496
55000900029021,2021-06-18,1,0,0.9999496
55000900029021,2021-06-19,1,0,0.9999496
55000900029021,2021-06-20,1,0,0.9999496
55000900029021,2021-06-21,1,0,0.9999496
55000900029021,2021-06-22,1,0,0.9999496
55000900029021,2021-06-23,1,0,0.9999496
55000900029021,2021-06-24,1,0,0.9999496
55000900029021,2021-06-25,1,0,0.9999496
55000900029021,2021-06-26,1,0,0.9999496
55000900029021,2021-06-27,1,0,0.9999496
55000900029021,2021-06-28,1,0,0.9999496
55000900029021,2021-06-29,1,0,0.9999496
55000900029021,2021-06-30,1,0,0.9999496
55000900029021,2021-07-01,1,0,0.9999496
55000900029021,2021-07-02,1,0,0.9999496
55000900029021,2021-07-03,1,0,0.9999496
55000900029021,2021-07-04,1,0,0.9999496
55000900029021,2021-07-05,1,0,0.9999496
55000900029021,2021-07-06,1,0,0.9999496
55000900029021,2021-07-07,1,0,0.9999496
55000900029021,2021-07-08,1,0,0.9999496
55000900029021,2021-07-09,1,0,0.9999496
55000900029021,2021-07-10,1,0,0.9999496
55000900029021,2021-07-11,1,0,0.9999496
55000900029021,2021-07-12,1,0,0.9999496
55000900029021,2021-07-13,1,0,0.9999496
55000900029021,2021-07-14,1,0,0.9999496
55000900029021,2021-07-15,1,0,0.9999496
55000900029021,2021-07-16,1,0,0.9999496
55000900029021,2021-07-17,1,0,0.9999496
55000900029021,2021-07-18,1,0,0.9999496
55000900029021,2021-07-19,1,0,0.9999496
55000900029021,2021-07-20,1,0,0.9999496
55000900029021,2021-07-21,1,0,0.9999496
55000900029021,2021-07-22,1,0,0.9999496
55000900029021,2021-07-23,1,0,0.9999496
55000900029021,2021-07-24,1,0,0.9999496
55000900029021,2021-07-25,0,0,0.9999496
55000900029021,2021-07-26,1,0,0.9999496
55000900029021,2021-07-27,1,0,0.9999496
55000900029021,2021-07-28,0,0,0.9998555
55000900029021,2021-07-29,0,0,0.99995196
55000900029021,2021-07-30,0,0,0.9999486
55000900029021,2021-07-31,0,0,0.99987364
55000900029021,2021-08-01,0,0,0.9998042
55000900029021,2021-08-02,0,0,0.99970263
55000900029021,2021-08-03,0,0,0.99962664
55000900029021,2021-08-04,0,0,0.99918455
55000900029021,2021-08-05,0,0,0.9991295
55000900029021,2021-08-06,0,0,0.9989497
55000900029021,2021-08-07,0,0,0.99881786
55000900029021,2021-08-08,0,0,0.99809664
55000900029021,2021-08-09,0,0,0.9921572
55000900029021,2021-08-10,0,0,0.9892174
55000900029021,2021-08-11,0,0,0.9841308
55000900029021,2021-08-12,0,0,0.9455535
55000900029021,2021-08-13,0,0,0.87865895
55000900029021,2021-08-14,0,0,0.8052615
55000900029021,2021-08-15,0,0,0.7471878
55000900029021,2021-08-16,0,0,0.7191973
55000900029021,2021-08-17,0,0,0.7017966
55000900029021,2021-08-18,0,0,0.69217014
55000900029021,2021-08-19,0,0,0.6914442
55000900029021,2021-08-20,0,0,0.69770384
55000900029021,2021-08-21,0,0,0.7024107
55000900029021,2021-08-22,0,0,0.70163524
55000900029021,2021-08-23,0,0,0.69498926
55000900029021,2021-08-24,0,0,0.67444694
55000900029021,2021-08-25,0,0,0.59564507
55000900029021,2021-08-26,0,0,0.546559
55000900029021,2021-08-27,0,0,0.57207197
55000900029021,2021-08-28,0,0,0.49045557
55000900029021,2021-08-29,0,0,0.4426782
55000900029021,2021-08-30,0,0,0.4426782
55000900029021,2021-08-31,0,0,0.4426782
55000900029021,2021-09-01,0,0,0.4426782
55000900029021,2021-09-02,0,0,0.4426782
55000900029021,2021-09-03,0,0,0.4426782
55000900029021,2021-09-04,0,0,0.4426782
55000900029021,2021-09-05,0,0,0.4426782
55000900029021,2021-09-06,0,0,0.4426782
55000900029021,2021-09-07,0,0,0.4426782
55000900029021,2021-09-08,0,0,0.4426782
55000900029021,2021-09-09,0,0,0.4426782
55000900029021,2021-09-10,0,0,0.4426782
55000900029021,2021-09-11,0,0,0.4426782
55000900029021,2021-09-12,0,0,0.4426782
55000900029021,2021-09-13,0,0,0.4426782
55000900029021,2021-09-14,0,0,0.4426782
55000900029021,2021-09-15,0,0,0.4426782
55000900029021,2021-09-16,0,0,0.4426782
55000900029021,2021-09-17,0,0,0.4426782
55000900029021,2021-09-18,1,0,0.4426782
55000900029021,2021-09-19,1,0,0.4426782
55000900029021,2021-09-20,1,0,0.4426782
55000900029021,2021-09-21,0,0,0.848523
55000900029021,2021-09-22,0,0,0.9660139
55000900029021,2021-09-23,0,0,0.996064
55000900029021,2021-09-24,0,0,0.8645775
55000900029021,2021-09-25,0,0,0.8783766
55000900029021,2021-09-26,0,0,0.8062511
55000900029021,2021-09-27,1,0,0.76299304
55000900029021,2021-09-28,1,0,0.7130244
55000900029021,2021-09-29,1,0,0.6337234
55000900029021,2021-09-30,1,0,0.91073275
55000900029021,2021-10-01,1,0,0.97810626
55000900029021,2021-10-02,0,0,0.9974045
55000900029021,2021-10-03,0,0,0.9993266
55000900029021,2021-10-04,0,0,0.9995782
55000900029021,2021-10-05,0,0,0.9474204
55000900029021,2021-10-06,0,0,0.86882806
55000900029021,2021-10-07,0,0,0.8182117
55000900029021,2021-10-08,0,0,0.7440836
55000900029021,2021-10-09,0,0,0.6459912
55000900029021,2021-10-10,1,0,0.5819541
55000900029021,2021-10-11,1,0,0.5495344
55000900029021,2021-10-12,1,0,0.5342059
55000900029021,2021-10-13,0,0,0.8705477
55000900029021,2021-10-14,1,0,0.9767959
55000900029021,2021-10-15,1,0,0.9974578
55000900029021,2021-10-16,0,0,0.88249534
55000900029021,2021-10-17,1,0,0.9801189
55000900029021,2021-10-18,1,0,0.9953857
55000900029021,2021-10-19,1,0,0.92528135
55000900029021,2021-10-20,1,0,0.99604213
55000900029021,2021-10-21,1,0,0.9956204
55000900029021,2021-10-22,1,0,0.99784386
55000900029021,2021-10-23,1,0,0.9986545
55000900029021,2021-10-24,1,0,0.9998273
55000900029021,2021-10-25,1,0,0.9999379
55000900029021,2021-10-26,1,0,0.99994695
55000900029021,2021-10-27,1,0,0.9999455
55000900029021,2021-10-28,1,0,0.9999466
55000900029021,2021-10-29,1,0,0.99994195
55000900029021,2021-10-30,1,0,0.99994195
55000900029021,2021-10-31,1,0,0.9999423
55000900029021,2021-11-01,1,0,0.9999429
55000900029021,2021-11-02,1,0,0.999944
55000900029021,2021-11-03,1,0,0.99994445
55000900029021,2021-11-04,1,0,0.9999441
55000900029021,2021-11-05,1,0,0.99994385
55000900029021,2021-11-06,1,0,0.9999447
55000900029021,2021-11-07,1,0,0.9999465
55000900029021,2021-11-08,1,0,0.9999466
55000900029021,2021-11-09,1,0,0.99995565
55000900029021,2021-11-10,1,0,0.99996257
55000900029021,2021-11-11,1,0,0.9999584
55000900029021,2021-11-12,1,0,0.9999609
55000900029021,2021-11-13,1,0,0.9999609
55000900029021,2021-11-14,1,0,0.999962
55000900029021,2021-11-15,1,0,0.99995697
55000900029021,2021-11-16,1,0,0.9999523
55000900029021,2021-11-17,1,0,0.99996066
55000900029021,2021-11-18,1,0,0.9999496
55000900029021,2021-11-19,1,0,0.9999496
55000900029021,2021-11-20,1,0,0.9999496
55000900029021,2021-11-21,1,0,0.9999496
55000900029021,2021-11-22,1,0,0.9999496
55000900029021,2021-11-23,1,0,0.9999496
55000900029021,2021-11-24,1,0,0.9999496
55000900029021,2021-11-25,1,0,0.9999496
55000900029021,2021-11-26,1,0,0.9999496
55000900029021,2021-11-27,1,0,0.9999496
55000900029021,2021-11-28,1,0,0.9999496
55000900029021,2021-11-29,1,0,0.9999496
55000900029021,2021-11-30,1,0,0.9999496
55000900029021,2021-12-01,1,0,0.9999496
55000900029021,2021-12-02,1,0,0.9999496
55000900029021,2021-12-03,1,0,0.9999496
55000900029021,2021-12-04,1,0,0.9999496
55000900029021,2021-12-05,1,0,0.9999496
55000900029021,2021-12-06,1,0,0.9999496
55000900029021,2021-12-07,1,0,0.9999496
55000900029021,2021-12-08,1,0,0.9999496
55000900029021,2021-12-09,1,0,0.9999496
55000900029021,2021-12-10,1,0,0.9999496
55000900029021,2021-12-11,1,0,0.9999496
55000900029021,2021-12-12,1,0,0.9999496
55000900029021,2021-12-13,1,0,0.9999496
55000900029021,2021-12-14,1,0,0.9999496
55000900029021,2021-12-15,1,0,0.9999496
55000900029021,2021-12-16,1,0,0.9999496
55000900029021,2021-12-17,1,0,0.9999496
55000900029021,2021-12-18,1,0,0.9999496
55000900029021,2021-12-19,1,0,0.9999496
55000900029021,2021-12-20,1,0,0.9999496
55000900029021,2021-12-21,1,0,0.9999496
55000900029021,2021-12-22,1,0,0.9999496
55000900029021,2021-12-23,1,0,0.9999496
55000900029021,2021-12-24,1,0,0.9999496
55000900029021,2021-12-25,1,0,0.9999496
55000900029021,2021-12-26,1,0,0.9999496
55000900029021,2021-12-27,1,0,0.9999496
55000900029021,2021-12-28,1,0,0.9999496
55000900029021,2021-12-29,1,0,0.9999496
55000900029021,2021-12-30,1,0,0.9999496
55000900029021,2021-12-31,1,0,0.9999496
55000900029021,2022-01-01,1,0,0.9999496
55000900029021,2022-01-02,1,0,0.9999496
55000900029021,2022-01-03,1,0,0.9999496
55000900029021,2022-01-04,1,0,0.9999496
55000900029021,2022-01-05,1,0,0.9999496
55000900029021,2022-01-06,1,0,0.9999496
55000900029021,2022-01-07,1,0,0.9999496
55000900029021,2022-01-08,1,0,0.9999496
55000900029021,2022-01-09,1,0,0.9999496
55000900029021,2022-01-10,1,0,0.9999496
55000900029021,2022-01-11,1,0,0.9999496
55000900029021,2022-01-12,1,0,0.9999496
55000900029021,2022-01-13,1,0,0.9999496
55000900029021,2022-01-14,1,0,0.9999496
55000900029021,2022-01-15,1,0,0.9999496
55000900029021,2022-01-16,1,0,0.9999496
55000900029021,2022-01-17,1,0,0.9999496
55000900029021,2022-01-18,1,0,0.9999496
55000900029021,2022-01-19,1,0,0.9999496
55000900029021,2022-01-20,1,0,0.9999496
55000900029021,2022-01-21,1,0,0.9999496
55000900029021,2022-01-22,1,0,0.9999496
55000900029021,2022-01-23,1,0,0.9999496
55000900029021,2022-01-24,1,0,0.9999496
55000900029021,2022-01-25,1,0,0.9999496
55000900029021,2022-01-26,1,0,0.9999496
55000900029021,2022-01-27,1,0,0.9999496
55000900029021,2022-01-28,1,0,0.9999496
55000900029021,2022-01-29,1,0,0.9999496
55000900029021,2022-01-30,1,0,0.9999496
55000900029021,2022-01-31,1,0,0.9999496
55000900029021,2022-02-01,1,0,0.9999496
55000900029021,2022-02-02,1,0,0.9999496
55000900029021,2022-02-03,1,0,0.9999496
55000900029021,2022-02-04,1,0,0.9999496
55000900029021,2022-02-05,1,0,0.9999496
55000900029021,2022-02-06,1,0,0.9999496
55000900029021,2022-02-07,1,0,0.9999496
55000900029021,2022-02-08,1,0,0.9999496
55000900029021,2022-02-09,1,0,0.9999496
55000900029021,2022-02-10,1,0,0.9999496
55000900029021,2022-02-11,1,0,0.9999496
55000900029021,2022-02-12,1,0,0.9999496
55000900029021,2022-02-13,1,0,0.9999496
55000900029021,2022-02-14,1,0,0.9999496
55000900029021,2022-02-15,1,0,0.9999496
55000900029021,2022-02-16,1,0,0.9999496
55000900029021,2022-02-17,1,0,0.9999496
55000900029021,2022-02-18,1,0,0.9999496
55000900029021,2022-02-19,1,0,0.9999496
55000900029021,2022-02-20,1,0,0.9999496
55000900029021,2022-02-21,1,0,0.9999496
55000900029021,2022-02-22,1,0,0.9999496
55000900029021,2022-02-23,1,0,0.9999496
55000900029021,2022-02-24,1,0,0.9999496
55000900029021,2022-02-25,1,0,0.9999496
55000900029021,2022-02-26,1,0,0.9999496
55000900029021,2022-02-27,1,0,0.9999496
55000900029021,2022-02-28,1,0,0.9999496
55000900029021,2022-03-01,1,0,0.9999496
55000900029021,2022-03-02,1,0,0.9999496
55000900029021,2022-03-03,1,0,0.9999496
55000900029021,2022-03-04,1,0,0.9999496
55000900029021,2022-03-05,1,0,0.9999496
55000900029021,2022-03-06,1,0,0.9999496
55000900029021,2022-03-07,1,0,0.9999496
55000900029021,2022-03-08,1,0,0.9999496
55000900029021,2022-03-09,1,0,0.9999496
55000900029021,2022-03-10,1,0,0.9999496
55000900029021,2022-03-11,1,0,0.9999496
55000900029021,2022-03-12,1,0,0.9999496
55000900029021,2022-03-14,1,0,0.9999496
55000900029021,2022-03-15,1,0,0.9999496
55000900029021,2022-03-16,1,0,0.9999496
55000900029021,2022-03-17,1,0,0.9999496
55000900029021,2022-03-18,1,0,0.9999496
55000900029021,2022-03-19,1,0,0.9999496
55000900029021,2022-03-20,1,0,0.9999496
55000900029021,2022-03-21,1,0,0.9999496
55000900029021,2022-03-22,1,0,0.9999496
55000900029021,2022-03-23,1,0,0.9999496
55000900029021,2022-03-24,1,0,0.9999496
55000900029021,2022-03-25,1,0,0.9999496
55000900029021,2022-03-26,1,0,0.9999496
55000900029021,2022-03-27,1,0,0.9999496
55000900029021,2022-03-28,1,0,0.9999496
55000900029021,2022-03-29,1,0,0.9999496
55000900029021,2022-03-30,1,0,0.9999496
55000900029021,2022-03-31,1,0,0.9999496
55000900029021,2022-04-01,1,0,0.9999496
55000900029021,2022-04-02,1,0,0.9999496
55000900029021,2022-04-03,1,0,0.9999496
55000900029021,2022-04-04,1,0,0.9999496
55000900029021,2022-04-05,1,0,0.9999496
55000900029021,2022-04-06,1,0,0.9999496
55000900029021,2022-04-07,1,0,0.9999496
55000900029021,2022-04-08,1,0,0.9999496
55000900029021,2022-04-09,1,0,0.9999496
55000900029021,2022-04-10,1,0,0.9999496
55000900029021,2022-04-11,1,0,0.9999496
55000900029021,2022-04-12,1,0,0.9999496
55000900029021,2022-04-13,1,0,0.9999496
55000900029021,2022-04-14,1,0,0.9999496
55000900029021,2022-04-15,1,0,0.9999496
55000900029021,2022-04-16,1,0,0.9999496
55000900029021,2022-04-17,1,0,0.9999496
55000900029021,2022-04-18,1,0,0.9999496
55000900029021,2022-04-19,1,0,0.9999496
55000900029021,2022-04-20,1,0,0.9999496
55000900029021,2022-04-21,1,0,0.9999496
55000900029021,2022-04-22,1,0,0.9999496
55000900029021,2022-04-23,1,0,0.9999496
55000900029021,2022-04-24,1,0,0.9999496
55000900029021,2022-04-25,1,0,0.9999496
55000900029021,2022-04-26,1,0,0.9999496
55000900029021,2022-04-27,1,0,0.9999496
55000900029021,2022-04-28,1,0,0.9999496
55000900029021,2022-04-29,1,0,0.9999496
55000900029021,2022-04-30,1,0,0.9999496
55000900029021,2022-05-01,1,0,0.9999496
55000900029021,2022-05-02,1,0,0.9999496
55000900029021,2022-05-03,1,0,0.9999496
55000900029021,2022-05-04,1,0,0.9999496
55000900029021,2022-05-05,1,0,0.9999496
55000900029021,2022-05-06,1,0,0.9999496
55000900029021,2022-05-07,1,0,0.9999496
55000900029021,2022-05-08,1,0,0.9999496
55000900029021,2022-05-09,1,0,0.9999496
55000900029021,2022-05-10,1,0,0.9999496
55000900029021,2022-05-11,1,0,0.9999496
55000900029021,2022-05-12,1,0,0.9999496
55000900029021,2022-05-13,1,0,0.9999496
55000900029021,2022-05-14,1,0,0.9999496
55000900029021,2022-05-15,1,0,0.9999496
55000900029021,2022-05-16,1,0,0.9999496
55000900029021,2022-05-17,1,0,0.9999496
55000900029021,2022-05-18,1,0,0.9999496
55000900029021,2022-05-19,1,0,0.9999496
55000900029021,2022-05-20,1,0,0.9999496
55000900029021,2022-05-21,1,0,0.9999496
55000900029021,2022-05-22,1,0,0.9999496
55000900029021,2022-05-23,1,0,0.9999496
55000900029021,2022-05-24,1,0,0.9999496
55000900029021,2022-05-25,1,0,0.9999496
55000900029021,2022-05-26,1,0,0.9999496
55000900029021,2022-05-27,1,0,0.9999496
55000900029021,2022-05-28,1,0,0.9999496
55000900029021,2022-05-29,1,0,0.9999496
55000900029021,2022-05-30,1,0,0.9999496
55000900029021,2022-05-31,1,0,0.9999496
55000900029021,2022-06-01,1,0,0.9999496
55000900029021,2022-06-02,1,0,0.9999496
55000900029021,2022-06-03,1,0,0.9999496
55000900029021,2022-06-04,1,0,0.9999496
55000900029021,2022-06-05,1,0,0.9999496
55000900029021,2022-06-06,1,0,0.9999496
55000900029021,2022-06-07,1,0,0.9999496
55000900029021,2022-06-08,1,0,0.9999496
55000900029021,2022-06-09,1,0,0.9999496
55000900029021,2022-06-10,1,0,0.9999496
55000900029021,2022-06-11,1,0,0.9999496
55000900029021,2022-06-12,1,0,0.9999496
55000900029021,2022-06-13,1,0,0.9999496
55000900029021,2022-06-14,1,0,0.9999496
55000900029021,2022-06-15,1,0,0.9999496
55000900029021,2022-06-16,1,0,0.9999496
55000900029021,2022-06-17,1,0,0.9999496
55000900029021,2022-06-18,1,0,0.9999496
55000900029021,2022-06-19,1,0,0.9999496
55000900029021,2022-06-20,1,0,0.9999496
55000900029021,2022-06-21,1,0,0.9999496
55000900029021,2022-06-22,1,0,0.9999496
55000900029021,2022-06-23,1,0,0.9999496
55000900029021,2022-06-24,1,0,0.9999496
55000900029021,2022-06-25,1,0,0.9999496
55000900029021,2022-06-26,1,0,0.9999496
55000900029021,2022-06-27,1,0,0.9999496
55000900029021,2022-06-28,1,0,0.9999496
55000900029021,2022-06-29,1,0,0.9999496
55000900029021,2022-06-30,1,0,0.9999496
55000900029021,2022-07-01,1,0,0.9999496
55000900029021,2022-07-02,1,0,0.9999496
55000900029021,2022-07-03,1,0,0.9999496
55000900029021,2022-07-04,1,0,0.9999496
55000900029021,2022-07-05,1,0,0.9999496
55000900029021,2022-07-06,1,0,0.9999496
55000900029021,2022-07-07,1,0,0.9999496
55000900029021,2022-07-08,1,0,0.9999496
55000900029021,2022-07-09,1,0,0.9999496
55000900029021,2022-07-10,1,0,0.9999496
55000900029021,2022-07-11,1,0,0.9999496
55000900029021,2022-07-12,1,0,0.9999496
55000900029021,2022-07-13,1,0,0.9999496
55000900029021,2022-07-14,1,0,0.9999496
55000900029021,2022-07-15,1,0,0.9999496
55000900029021,2022-07-16,1,0,0.9999496
55000900029021,2022-07-17,1,0,0.9999496
55000900029021,2022-07-18,1,0,0.9999496
55000900029021,2022-07-19,1,0,0.9999496
55000900029021,2022-07-20,1,0,0.9999496
55000900029021,2022-07-21,1,0,0.9999496
55000900029021,2022-07-22,1,0,0.9999496
55000900029021,2022-07-23,1,0,0.9999496
55000900029021,2022-07-24,1,0,0.9999496
55000900029021,2022-07-25,1,0,0.9999496
55000900029021,2022-07-26,1,0,0.9999496
55000900029021,2022-07-27,1,0,0.9999496
55000900029021,2022-07-28,1,0,0.9999496
55000900029021,2022-07-29,1,0,0.9999496
55000900029021,2022-07-30,1,0,0.9999496
55000900029021,2022-07-31,1,0,0.9999496
55000900029021,2022-08-01,1,0,0.9999496
55000900029021,2022-08-02,1,0,0.9999496
55000900029021,2022-08-03,1,0,0.9999496
55000900029021,2022-08-04,1,0,0.9999496
55000900029021,2022-08-05,1,0,0.9999496
55000900029021,2022-08-06,1,0,0.9999496
55000900029021,2022-08-07,1,0,0.9999496
55000900029021,2022-08-08,1,0,0.9999496
55000900029021,2022-08-09,1,0,0.9999496
55000900029021,2022-08-10,1,0,0.9999496
55000900029021,2022-08-11,1,0,0.9999496
55000900029021,2022-08-12,1,0,0.9999496
55000900029021,2022-08-13,1,0,0.9999496
55000900029021,2022-08-14,1,0,0.9999496
55000900029021,2022-08-15,1,0,0.9999496
55000900029021,2022-08-16,1,0,0.9999496
55000900029021,2022-08-17,1,0,0.9999496
55000900029021,2022-08-18,1,0,0.9999496
55000900029021,2022-08-19,1,0,0.9999496
55000900029021,2022-08-20,1,0,0.9999496
55000900029021,2022-08-21,1,0,0.9999496
55000900029021,2022-08-22,1,0,0.9999496
55000900029021,2022-08-23,1,0,0.9999496
55000900029021,2022-08-24,1,0,0.9999496
55000900029021,2022-08-25,1,0,0.9999496
55000900029021,2022-08-26,1,0,0.9999496
55000900029021,2022-08-27,1,0,0.9999496
55000900029021,2022-08-28,1,0,0.9999496
55000900029021,2022-08-29,1,0,0.9999496
55000900029021,2022-08-30,1,0,0.9999496
55000900029021,2022-08-31,1,0,0.9999496
55000900029021,2022-09-01,1,0,0.9999496
55000900029021,2022-09-02,1,0,0.9999496
55000900029021,2022-09-03,1,0,0.9999496
55000900029021,2022-09-04,1,0,0.9999496
55000900029021,2022-09-05,1,0,0.9999496
55000900029021,2022-09-06,1,0,0.9999496
55000900029021,2022-09-07,1,0,0.9999496
55000900029021,2022-09-08,1,0,0.9999496
55000900029021,2022-09-09,1,0,0.9999496
55000900029021,2022-09-10,1,0,0.9999496
55000900029021,2022-09-11,1,0,0.9999496
55000900029021,2022-09-12,1,0,0.9999496
55000900029021,2022-09-13,1,0,0.9999496
55000900029021,2022-09-14,1,0,0.9999496
55000900029021,2022-09-15,1,0,0.9999496
55000900029021,2022-09-16,1,0,0.9999496
55000900029021,2022-09-17,1,0,0.9999496
55000900029021,2022-09-18,1,0,0.9999496
55000900029021,2022-09-19,1,0,0.9999496
55000900029021,2022-09-20,1,0,0.9999496
55000900029021,2022-09-21,1,0,0.9999496
55000900029021,2022-09-22,1,0,0.9999496
55000900029021,2022-09-23,1,0,0.9999496
55000900029021,2022-09-24,1,0,0.9999496
55000900029021,2022-09-25,1,0,0.9999496
55000900029021,2022-09-26,1,0,0.9999496
55000900029021,2022-09-27,1,0,0.9999496
55000900029021,2022-09-28,1,0,0.9999496
55000900029021,2022-09-29,1,0,0.9999496
55000900029021,2022-09-30,1,0,0.9999496
55000900029021,2022-10-01,1,0,0.9999496
55000900029021,2022-10-02,0,0,0.9999496
55000900029021,2022-10-03,0,0,0.9999496
55000900029021,2022-10-04,0,0,0.9999496
55000900029021,2022-10-05,0,0,0.9998555
55000900029021,2022-10-06,0,0,0.99979204
55000900029021,2022-10-07,1,0,0.9996836
55000900029021,2022-10-08,1,0,0.99968946
55000900029021,2022-10-09,0,0,0.9994209
55000900029021,2022-10-10,0,0,0.9999434
55000900029021,2022-10-11,0,0,0.9999471
55000900029021,2022-10-12,0,0,0.9998604
55000900029021,2022-10-13,0,0,0.99975926
55000900029021,2022-10-14,0,0,0.99962866
55000900029021,2022-10-15,0,0,0.9993563
55000900029021,2022-10-16,0,0,0.9986305
55000900029021,2022-10-17,0,0,0.99778783
55000900029021,2022-10-18,0,0,0.9866305
55000900029021,2022-10-19,0,0,0.989085
55000900029021,2022-10-20,0,0,0.9836891
55000900029021,2022-10-21,1,0,0.96833146
55000900029021,2022-10-22,1,0,0.8549481
55000900029021,2022-10-23,1,0,0.7853615
55000900029021,2022-10-24,1,0,0.9505843
55000900029021,2022-10-25,1,0,0.9911951
55000900029021,2022-10-26,1,0,0.99925524
55000900029021,2022-10-27,1,0,0.99966085
55000900029021,2022-10-28,1,0,0.9997141
55000900029021,2022-10-29,1,0,0.9997366
55000900029021,2022-10-30,1,0,0.999752
55000900029021,2022-10-31,1,0,0.999765
55000900029021,2022-11-01,1,0,0.99977
55000900029021,2022-11-02,1,0,0.99976236
55000900029021,2022-11-03,1,0,0.9997707
55000900029021,2022-11-04,1,0,0.99979347
55000900029021,2022-11-05,1,0,0.9998807
55000900029021,2022-11-06,1,0,0.99994135
55000900029021,2022-11-07,1,0,0.99994636
55000900029021,2022-11-08,1,0,0.999944
55000900029021,2022-11-09,1,0,0.9999443
55000900029021,2022-11-10,1,0,0.99994504
55000900029021,2022-11-11,1,0,0.99994445
55000900029021,2022-11-12,1,0,0.9999436
55000900029021,2022-11-13,1,0,0.9999429
55000900029021,2022-11-14,1,0,0.9999424
55000900029021,2022-11-15,1,0,0.99994195
55000900029021,2022-11-16,1,0,0.9999416
55000900029021,2022-11-17,1,0,0.99994135
55000900029021,2022-11-18,1,0,0.9999411
55000900029021,2022-11-19,1,0,0.9999409
55000900029021,2022-11-20,1,0,0.9999429
55000900029021,2022-11-21,1,0,0.99996066
55000900029021,2022-11-22,1,0,0.9999496
55000900029021,2022-11-23,1,0,0.9999496
55000900029021,2022-11-24,1,0,0.9999496
55000900029021,2022-11-25,1,0,0.9999496
55000900029021,2022-11-26,1,0,0.9999496
55000900029021,2022-11-27,1,0,0.9999496
55000900029021,2022-11-28,1,0,0.9999496
55000900029021,2022-11-29,1,0,0.9999496
55000900029021,2022-11-30,1,0,0.9999496
55000900029021,2022-12-01,1,0,0.9999496
55000900029021,2022-12-02,1,0,0.9999496
55000900029021,2022-12-03,1,0,0.9999496
55000900029021,2022-12-04,1,0,0.9999496
55000900029021,2022-12-05,1,0,0.9999496
55000900029021,2022-12-06,1,0,0.9999496
55000900029021,2022-12-07,1,0,0.9999496
55000900029021,2022-12-08,1,0,0.9999496
55000900029021,2022-12-09,1,0,0.9999496
55000900029021,2022-12-10,1,0,0.9999496
55000900029021,2022-12-11,1,0,0.9999496
55000900029021,2022-12-12,1,0,0.9999496
55000900029021,2022-12-13,1,0,0.9999496
55000900029021,2022-12-14,1,0,0.9999496
55000900029021,2022-12-15,1,0,0.9999496
55000900029021,2022-12-16,1,0,0.9999496
55000900029021,2022-12-17,1,0,0.9999496
55000900029021,2022-12-18,1,0,0.9999496
55000900029021,2022-12-19,1,0,0.9999496
55000900029021,2022-12-20,1,0,0.9999496
55000900029021,2022-12-21,1,0,0.9999496
55000900029021,2022-12-22,1,0,0.9999496
55000900029021,2022-12-23,1,0,0.9999496
55000900029021,2022-12-24,1,0,0.9999496
55000900029021,2022-12-25,1,0,0.9999496
55000900029021,2022-12-26,1,0,0.9999496
55000900029021,2022-12-27,1,0,0.9999496
55000900029021,2022-12-28,1,0,0.9999496
55000900029021,2022-12-29,1,0,0.9999496
55000900029021,2022-12-30,1,0,0.9999496
55000900029021,2022-12-31,1,0,0.9999496
55000900029021,2023-01-01,1,0,0.9999496
55000900029021,2023-01-02,1,0,0.9999496
55000900029021,2023-01-03,1,0,0.9999496
55000900029021,2023-01-04,1,0,0.9999496
55000900029021,2023-01-05,1,0,0.9999496
55000900029021,2023-01-06,1,0,0.9999496
55000900029021,2023-01-07,1,0,0.9999496
55000900029021,2023-01-08,1,0,0.9999496
55000900029021,2023-01-09,1,0,0.9999496
55000900029021,2023-01-10,1,0,0.9999496
55000900029021,2023-01-11,1,0,0.9999496
55000900029021,2023-01-12,1,0,0.9999496
55000900029021,2023-01-13,1,0,0.9999496
55000900029021,2023-01-14,1,0,0.9999496
55000900029021,2023-01-15,1,0,0.9999496
55000900029021,2023-01-16,1,0,0.9999496
55000900029021,2023-01-17,1,0,0.9999496
55000900029021,2023-01-18,1,0,0.9999496
55000900029021,2023-01-19,1,0,0.9999496
55000900029021,2023-01-20,1,0,0.9999496
55000900029021,2023-01-21,1,0,0.9999496
55000900029021,2023-01-22,1,0,0.9999496
55000900029021,2023-01-23,1,0,0.9999496
55000900029021,2023-01-24,1,0,0.9999496
55000900029021,2023-01-25,1,0,0.9999496
55000900029021,2023-01-26,1,0,0.9999496
55000900029021,2023-01-27,1,0,0.9999496
55000900029021,2023-01-28,1,0,0.9999496
55000900029021,2023-01-29,1,0,0.9999496
55000900029021,2023-01-30,1,0,0.9999496
55000900029021,2023-01-31,1,0,0.9999496
55000900029021,2023-02-01,1,0,0.9999496
55000900029021,2023-02-02,1,0,0.9999496
55000900029021,2023-02-03,1,0,0.9999496
55000900029021,2023-02-04,1,0,0.9999496
55000900029021,2023-02-05,1,0,0.9999496
55000900029021,2023-02-06,1,0,0.9999496
55000900029021,2023-02-07,1,0,0.9999496
55000900029021,2023-02-08,1,0,0.9999496
55000900029021,2023-02-09,1,0,0.9999496
55000900029021,2023-02-10,1,0,0.9999496
55000900029021,2023-02-11,1,0,0.9999496
55000900029021,2023-02-12,1,0,0.9999496
55000900029021,2023-02-13,1,0,0.9999496
55000900029021,2023-02-14,1,0,0.9999496
55000900029021,2023-02-15,1,0,0.9999496
55000900029021,2023-02-16,1,0,0.9999496
55000900029021,2023-02-17,1,0,0.9999496
55000900029021,2023-02-18,1,0,0.9999496
55000900029021,2023-02-19,1,0,0.9999496
55000900029021,2023-02-20,1,0,0.9999496
55000900029021,2023-02-21,1,0,0.9999496
55000900029021,2023-02-22,1,0,0.9999496
55000900029021,2023-02-23,1,0,0.9999496
55000900029021,2023-02-24,1,0,0.9999496
55000900029021,2023-02-25,1,0,0.9999496
55000900029021,2023-02-26,1,0,0.9999496
55000900029021,2023-02-27,1,0,0.9999496
55000900029021,2023-02-28,1,0,0.9999496
55000900029021,2023-03-01,1,0,0.9999496
55000900029021,2023-03-02,1,0,0.9999496
55000900029021,2023-03-03,1,0,0.9999496
55000900029021,2023-03-04,1,0,0.9999496
55000900029021,2023-03-05,1,0,0.9999496
55000900029021,2023-03-06,1,0,0.9999496
55000900029021,2023-03-07,1,0,0.9999496
55000900029021,2023-03-08,1,0,0.9999496
55000900029021,2023-03-09,1,0,0.9999496
55000900029021,2023-03-10,1,0,0.9999496
55000900029021,2023-03-11,1,0,0.9999496
55000900029021,2023-03-13,1,0,0.9999496
55000900029021,2023-03-14,1,0,0.9999496
55000900029021,2023-03-15,1,0,0.9999496
55000900029021,2023-03-16,1,0,0.9999496
55000900029021,2023-03-17,1,0,0.9999496
55000900029021,2023-03-18,1,0,0.9999496
55000900029021,2023-03-19,1,0,0.9999496
55000900029021,2023-03-20,1,0,0.9999496
55000900029021,2023-03-21,1,0,0.9999496
55000900029021,2023-03-22,1,0,0.9999496
55000900029021,2023-03-23,1,0,0.9999496
55000900029021,2023-03-24,1,0,0.9999496
55000900029021,2023-03-25,1,0,0.9999496
55000900029021,2023-03-26,1,0,0.9999496
55000900029021,2023-03-27,1,0,0.9999496
55000900029021,2023-03-28,1,0,0.9999496
55000900029021,2023-03-29,1,0,0.9999496
55000900029021,2023-03-30,1,0,0.9999496
55000900029021,2023-03-31,1,0,0.9999496
55000900029021,2023-04-01,1,0,0.9999496
55000900029021,2023-04-02,1,0,0.9999496
55000900029021,2023-04-03,1,0,0.9999496
55000900029021,2023-04-04,1,0,0.9999496
55000900029021,2023-04-05,1,0,0.9999496
55000900029021,2023-04-06,1,0,0.9999496
55000900029021,2023-04-07,1,0,0.9999496
55000900029021,2023-04-08,1,0,0.9999496
55000900029021,2023-04-09,1,0,0.9999496
55000900029021,2023-04-10,1,0,0.9999496
55000900029021,2023-04-11,1,0,0.9999496
55000900029021,2023-04-12,1,0,0.9999496
55000900029021,2023-04-13,1,0,0.9999496
55000900029021,2023-04-14,1,0,0.9999496
55000900029021,2023-04-15,1,0,0.9999496
55000900029021,2023-04-16,1,0,0.9999496
55000900029021,2023-04-17,1,0,0.9999496
55000900029021,2023-04-18,1,0,0.9999496
55000900029021,2023-04-19,1,0,0.9999496
55000900029021,2023-04-20,1,0,0.9999496
55000900029608,2020-09-29,1,0,0.99998415
55000900029608,2020-09-30,1,0,0.9999832
55000900029608,2020-10-01,1,0,0.99997616
55000900029608,2020-10-02,1,0,0.9999652
55000900029608,2020-10-03,1,0,0.9999635
55000900029608,2020-10-04,1,0,0.9999664
55000900029608,2020-10-05,1,0,0.99996305
55000900029608,2020-10-06,1,0,0.99997246
55000900029608,2020-10-07,1,0,0.99997413
55000900029608,2020-10-08,1,0,0.99997294
55000900029608,2020-10-09,1,0,0.99995875
55000900029608,2020-10-10,1,0,0.9999732
55000900029608,2020-10-11,1,0,0.99998
55000900029608,2020-10-12,1,0,0.9999831
55000900029608,2020-10-13,1,0,0.9999839
55000900029608,2020-10-14,1,0,0.99998844
55000900029608,2020-10-15,1,0,0.99998975
55000900029608,2020-10-16,1,0,0.9999883
55000900029608,2020-10-17,1,0,0.99998975
55000900029608,2020-10-18,1,0,0.9999883
55000900029608,2020-10-19,1,0,0.9999881
55000900029608,2020-10-20,1,0,0.9999877
55000900029608,2020-10-21,1,0,0.9999882
55000900029608,2020-10-22,1,0,0.99998903
55000900029608,2020-10-23,1,0,0.99998903
55000900029608,2020-10-24,1,0,0.9999881
55000900029608,2020-10-25,1,0,0.9999881
55000900029608,2020-10-26,1,0,0.9999882
55000900029608,2020-10-27,1,0,0.99998677
55000900029608,2020-10-28,1,0,0.99998724
55000900029608,2020-10-29,1,0,0.9999863
55000900029608,2020-10-30,1,0,0.99998677
55000900029608,2020-10-31,1,0,0.9999807
55000900029608,2020-11-01,1,0,0.99997914
55000900029608,2020-11-02,1,0,0.99998796
55000900029608,2020-11-03,1,0,0.9999858
55000900029608,2020-11-04,1,0,0.99997294
55000900029608,2020-11-05,1,0,0.9999709
55000900029608,2020-11-06,1,0,0.99998593
55000900029608,2020-11-07,1,0,0.9999863
55000900029608,2020-11-08,1,0,0.999987
55000900029608,2020-11-09,1,0,0.99998736
55000900029608,2020-11-10,1,0,0.99998486
55000900029608,2020-11-11,1,0,0.99998486
55000900029608,2020-11-12,1,0,0.9999845
55000900029608,2020-11-13,1,0,0.9999778
55000900029608,2020-11-14,1,0,0.99998355
55000900029608,2020-11-15,1,0,0.99998534
55000900029608,2020-11-16,1,0,0.9999751
55000900029608,2020-11-17,1,0,0.99997556
55000900029608,2020-11-18,1,0,0.9999826
55000900029608,2020-11-19,1,0,0.99998415
55000900029608,2020-11-20,1,0,0.99998367
55000900029608,2020-11-21,1,0,0.9999782
55000900029608,2020-11-22,1,0,0.99998486
55000900029608,2020-11-23,1,0,0.999987
55000900029608,2020-11-24,1,0,0.99998283
55000900029608,2020-11-25,1,0,0.99998486
55000900029608,2020-11-26,1,0,0.99998665
55000900029608,2020-11-27,1,0,0.99998665
55000900029608,2020-11-28,1,0,0.9999856
55000900029608,2020-11-29,1,0,0.9999875
55000900029608,2020-11-30,1,0,0.99998426
55000900029608,2020-12-01,1,0,0.9999852
55000900029608,2020-12-02,1,0,0.99998605
55000900029608,2020-12-03,1,0,0.99998724
55000900029608,2020-12-04,1,0,0.99998903
55000900029608,2020-12-05,1,0,0.9999857
55000900029608,2020-12-06,1,0,0.9999846
55000900029608,2020-12-07,1,0,0.9999851
55000900029608,2020-12-08,1,0,0.9999863
55000900029608,2020-12-09,1,0,0.9999882
55000900029608,2020-12-10,1,0,0.99998856
55000900029608,2020-12-11,1,0,0.9999875
55000900029608,2020-12-12,1,0,0.9999877
55000900029608,2020-12-13,1,0,0.99998784
55000900029608,2020-12-14,1,0,0.9999862
55000900029608,2020-12-15,1,0,0.9999856
55000900029608,2020-12-16,1,0,0.99998164
55000900029608,2020-12-17,1,0,0.99998534
55000900029608,2020-12-18,1,0,0.99998295
55000900029608,2020-12-19,1,0,0.9999802
55000900029608,2020-12-20,1,0,0.9999831
55000900029608,2020-12-21,1,0,0.99998426
55000900029608,2020-12-22,1,0,0.999979
55000900029608,2020-12-23,1,0,0.9999747
55000900029608,2020-12-24,1,0,0.999982
55000900029608,2020-12-25,1,0,0.99998546
55000900029608,2020-12-26,1,0,0.99998665
55000900029608,2020-12-27,1,0,0.9999851
55000900029608,2020-12-28,1,0,0.99998665
55000900029608,2020-12-29,1,0,0.99998665
55000900029608,2020-12-30,1,0,0.9999881
55000900029608,2020-12-31,1,0,0.999984
55000900029608,2021-01-01,1,0,0.99998343
55000900029608,2021-01-02,1,0,0.99998033
55000900029608,2021-01-03,1,0,0.9999857
55000900029608,2021-01-04,1,0,0.9999862
55000900029608,2021-01-05,1,0,0.9999857
55000900029608,2021-01-06,1,0,0.99998605
55000900029608,2021-01-07,1,0,0.99998486
55000900029608,2021-01-08,1,0,0.9999862
55000900029608,2021-01-09,1,0,0.99998593
55000900029608,2021-01-10,1,0,0.99998546
55000900029608,2021-01-11,1,0,0.999985
55000900029608,2021-01-12,1,0,0.99998474
55000900029608,2021-01-13,1,0,0.99998534
55000900029608,2021-01-14,1,0,0.9999846
55000900029608,2021-01-15,1,0,0.999985
55000900029608,2021-01-16,1,0,0.99998415
55000900029608,2021-01-17,1,0,0.9999845
55000900029608,2021-01-18,1,0,0.9999846
55000900029608,2021-01-19,1,0,0.99998486
55000900029608,2021-01-20,1,0,0.9999846
55000900029608,2021-01-21,1,0,0.999984
55000900029608,2021-01-22,1,0,0.9999839
55000900029608,2021-01-23,1,0,0.9999852
55000900029608,2021-01-24,1,0,0.99998605
55000900029608,2021-01-25,1,0,0.9999864
55000900029608,2021-01-26,1,0,0.999985
55000900029608,2021-01-27,1,0,0.9999851
55000900029608,2021-01-28,1,0,0.9999858
55000900029608,2021-01-29,1,0,0.99998677
55000900029608,2021-01-30,1,0,0.9999865
55000900029608,2021-01-31,1,0,0.9999845
55000900029608,2021-02-01,1,0,0.99998474
55000900029608,2021-02-02,1,0,0.99998474
55000900029608,2021-02-03,1,0,0.99998474
55000900029608,2021-02-04,1,0,0.99998474
55000900029608,2021-02-05,1,0,0.99998474
55000900029608,2021-02-06,1,0,0.99998474
55000900029608,2021-02-07,1,0,0.99998474
55000900029608,2021-02-08,1,0,0.99998474
55000900029608,2021-02-09,1,0,0.99998474
55000900029608,2021-02-10,1,0,0.99998474
55000900029608,2021-02-11,1,0,0.99998474
55000900029608,2021-02-12,1,0,0.99998474
55000900029608,2021-02-13,1,0,0.99998474
55000900029608,2021-02-14,1,0,0.99998474
55000900029608,2021-02-15,1,0,0.99998474
55000900029608,2021-02-16,1,0,0.99998474
55000900029608,2021-02-17,1,0,0.99998474
55000900029608,2021-02-18,1,0,0.99998474
55000900029608,2021-02-19,1,0,0.99998474
55000900029608,2021-02-20,1,0,0.99998474
55000900029608,2021-02-21,1,0,0.99998474
55000900029608,2021-02-22,1,0,0.99998474
55000900029608,2021-02-23,1,0,0.99998474
55000900029608,2021-02-24,1,0,0.99998474
55000900029608,2021-02-25,1,0,0.99998474
55000900029608,2021-02-26,1,0,0.99998474
55000900029608,2021-02-27,1,0,0.99998474
55000900029608,2021-02-28,1,0,0.99998474
55000900029608,2021-03-01,1,0,0.99998474
55000900029608,2021-03-02,1,0,0.99998474
55000900029608,2021-03-03,1,0,0.99998474
55000900029608,2021-03-04,1,0,0.99998474
55000900029608,2021-03-05,1,0,0.99998474
55000900029608,2021-03-06,1,0,0.99998474
55000900029608,2021-03-07,1,0,0.99998474
55000900029608,2021-03-08,1,0,0.99998474
55000900029608,2021-03-09,1,0,0.99998474
55000900029608,2021-03-10,1,0,0.99998474
55000900029608,2021-03-11,1,0,0.99998474
55000900029608,2021-03-12,1,0,0.99998474
55000900029608,2021-03-13,1,0,0.99998474
55000900029608,2021-03-15,1,0,0.99998474
55000900029608,2021-03-16,1,0,0.99998474
55000900029608,2021-03-17,1,0,0.99998474
55000900029608,2021-03-18,1,0,0.99998474
55000900029608,2021-03-19,1,0,0.99998474
55000900029608,2021-03-20,1,0,0.99998474
55000900029608,2021-03-21,1,0,0.99998474
55000900029608,2021-03-22,1,0,0.99998474
55000900029608,2021-03-23,1,0,0.99998474
55000900029608,2021-03-24,1,0,0.99998474
55000900029608,2021-03-25,1,0,0.99998474
55000900029608,2021-03-26,1,0,0.99998474
55000900029608,2021-03-27,1,0,0.99998474
55000900029608,2021-03-28,1,0,0.99998474
55000900029608,2021-03-29,1,0,0.99998474
55000900029608,2021-03-30,1,0,0.99998474
55000900029608,2021-03-31,1,0,0.99998474
55000900029608,2021-04-01,1,0,0.99998474
55000900029608,2021-04-02,1,0,0.99998474
55000900029608,2021-04-03,1,0,0.99998474
55000900029608,2021-04-04,1,0,0.99998474
55000900029608,2021-04-05,1,0,0.99998474
55000900029608,2021-04-06,1,0,0.99998474
55000900029608,2021-04-07,1,0,0.99998474
55000900029608,2021-04-08,1,0,0.99998474
55000900029608,2021-04-09,1,0,0.99998474
55000900029608,2021-04-10,1,0,0.99998474
55000900029608,2021-04-11,1,0,0.99998474
55000900029608,2021-04-12,1,0,0.99998474
55000900029608,2021-04-13,1,0,0.99998474
55000900029608,2021-04-14,1,0,0.99998474
55000900029608,2021-04-15,1,0,0.99998474
55000900029608,2021-04-16,1,0,0.99998474
55000900029608,2021-04-17,1,0,0.99998474
55000900029608,2021-04-18,1,0,0.99998474
55000900029608,2021-04-19,1,0,0.99998474
55000900029608,2021-04-20,1,0,0.99998474
55000900029608,2021-04-21,1,0,0.99998474
55000900029608,2021-04-22,1,0,0.99998474
55000900029608,2021-04-23,1,0,0.99998474
55000900029608,2021-04-24,1,0,0.99998474
55000900029608,2021-04-25,1,0,0.99998474
55000900029608,2021-04-26,1,0,0.99998474
55000900029608,2021-04-27,1,0,0.99998474
55000900029608,2021-04-28,1,0,0.99998474
55000900029608,2021-04-29,1,0,0.99998474
55000900029608,2021-04-30,1,0,0.99998474
55000900029608,2021-05-01,1,0,0.99998474
55000900029608,2021-05-02,1,0,0.99998474
55000900029608,2021-05-03,1,0,0.99998474
55000900029608,2021-05-04,1,0,0.99998474
55000900029608,2021-05-05,1,0,0.99998474
55000900029608,2021-05-06,1,0,0.99998474
55000900029608,2021-05-07,1,0,0.99998474
55000900029608,2021-05-08,1,0,0.99998474
55000900029608,2021-05-09,1,0,0.99998474
55000900029608,2021-05-10,1,0,0.99998474
55000900029608,2021-05-11,1,0,0.99998474
55000900029608,2021-05-12,1,0,0.99998474
55000900029608,2021-05-13,1,0,0.99998474
55000900029608,2021-05-14,1,0,0.99998474
55000900029608,2021-05-15,1,0,0.99998474
55000900029608,2021-05-16,1,0,0.99998474
55000900029608,2021-05-17,1,0,0.99998474
55000900029608,2021-05-18,1,0,0.99998474
55000900029608,2021-05-19,1,0,0.99998474
55000900029608,2021-05-20,1,0,0.99998474
55000900029608,2021-05-21,1,0,0.99998474
55000900029608,2021-05-22,1,0,0.99998474
55000900029608,2021-05-23,1,0,0.99998474
55000900029608,2021-05-24,1,0,0.99998474
55000900029608,2021-05-25,1,0,0.99998474
55000900029608,2021-05-26,1,0,0.99998474
55000900029608,2021-05-27,1,0,0.99998474
55000900029608,2021-05-28,1,0,0.99998474
55000900029608,2021-05-29,1,0,0.99998474
55000900029608,2021-05-30,1,0,0.99998474
55000900029608,2021-05-31,1,0,0.99998474
55000900029608,2021-06-01,1,0,0.99998474
55000900029608,2021-06-02,1,0,0.99998474
55000900029608,2021-06-03,1,0,0.99998474
55000900029608,2021-06-04,1,0,0.99998474
55000900029608,2021-06-05,1,0,0.99998474
55000900029608,2021-06-06,1,0,0.99998474
55000900029608,2021-06-07,1,0,0.99998474
55000900029608,2021-06-08,1,0,0.99998474
55000900029608,2021-06-09,1,0,0.99998474
55000900029608,2021-06-10,1,0,0.99998474
55000900029608,2021-06-11,1,0,0.99998474
55000900029608,2021-06-12,1,0,0.99998474
55000900029608,2021-06-13,1,0,0.99998474
55000900029608,2021-06-14,1,0,0.99998474
55000900029608,2021-06-15,1,0,0.99998474
55000900029608,2021-06-16,1,0,0.99998474
55000900029608,2021-06-17,1,0,0.99998474
55000900029608,2021-06-18,1,0,0.99998474
55000900029608,2021-06-19,1,0,0.99998474
55000900029608,2021-06-20,1,0,0.99998474
55000900029608,2021-06-21,1,0,0.99998474
55000900029608,2021-06-22,1,0,0.99998474
55000900029608,2021-06-23,1,0,0.99998474
55000900029608,2021-06-24,1,0,0.99998474
55000900029608,2021-06-25,1,0,0.99998474
55000900029608,2021-06-26,1,0,0.99998474
55000900029608,2021-06-27,1,0,0.99998474
55000900029608,2021-06-28,1,0,0.99998474
55000900029608,2021-06-29,1,0,0.99998474
55000900029608,2021-06-30,1,0,0.99998474
55000900029608,2021-07-01,1,0,0.99998474
55000900029608,2021-07-02,1,0,0.99998474
55000900029608,2021-07-03,1,0,0.99998474
55000900029608,2021-07-04,1,0,0.99998474
55000900029608,2021-07-05,1,0,0.99998474
55000900029608,2021-07-06,1,0,0.99998474
55000900029608,2021-07-07,1,0,0.99998474
55000900029608,2021-07-08,1,0,0.99998474
55000900029608,2021-07-09,1,0,0.99998474
55000900029608,2021-07-10,1,0,0.99998474
55000900029608,2021-07-11,1,0,0.99998474
55000900029608,2021-07-12,1,0,0.99998474
55000900029608,2021-07-13,1,0,0.99998474
55000900029608,2021-07-14,1,0,0.99998474
55000900029608,2021-07-15,1,0,0.99998474
55000900029608,2021-07-16,1,0,0.99998474
55000900029608,2021-07-17,1,0,0.99998474
55000900029608,2021-07-18,1,0,0.99998474
55000900029608,2021-07-19,1,0,0.99998474
55000900029608,2021-07-20,1,0,0.99998474
55000900029608,2021-07-21,1,0,0.99998474
55000900029608,2021-07-22,1,0,0.99998474
55000900029608,2021-07-23,1,0,0.99998474
55000900029608,2021-07-24,1,0,0.99998474
55000900029608,2021-07-25,1,0,0.99998474
55000900029608,2021-07-26,1,0,0.99998474
55000900029608,2021-07-27,1,0,0.99998474
55000900029608,2021-07-28,1,0,0.99998474
55000900029608,2021-07-29,1,0,0.99998474
55000900029608,2021-07-30,1,0,0.99998474
55000900029608,2021-07-31,1,0,0.99998474
55000900029608,2021-08-01,1,0,0.99998474
55000900029608,2021-08-02,1,0,0.99998474
55000900029608,2021-08-03,1,0,0.99998474
55000900029608,2021-08-04,1,0,0.99998474
55000900029608,2021-08-05,1,0,0.99998474
55000900029608,2021-08-06,1,0,0.99998474
55000900029608,2021-08-07,1,0,0.99998474
55000900029608,2021-08-08,1,0,0.99998474
55000900029608,2021-08-09,1,0,0.99998474
55000900029608,2021-08-10,1,0,0.99998474
55000900029608,2021-08-11,1,0,0.99998474
55000900029608,2021-08-12,1,0,0.99998474
55000900029608,2021-08-13,1,0,0.99998474
55000900029608,2021-08-14,1,0,0.99998474
55000900029608,2021-08-15,1,0,0.99998474
55000900029608,2021-08-16,1,0,0.99998474
55000900029608,2021-08-17,1,0,0.99998474
55000900029608,2021-08-18,1,0,0.99998474
55000900029608,2021-08-19,1,0,0.99998474
55000900029608,2021-08-20,1,0,0.99998474
55000900029608,2021-08-21,1,0,0.99998474
55000900029608,2021-08-22,1,0,0.99998474
55000900029608,2021-08-23,1,0,0.99998474
55000900029608,2021-08-24,1,0,0.99998474
55000900029608,2021-08-25,1,0,0.99998474
55000900029608,2021-08-26,1,0,0.99998474
55000900029608,2021-08-27,1,0,0.99998474
55000900029608,2021-08-28,1,0,0.99998474
55000900029608,2021-08-29,1,0,0.99998474
55000900029608,2021-08-30,1,0,0.99998474
55000900029608,2021-08-31,1,0,0.99998474
55000900029608,2021-09-01,1,0,0.99998474
55000900029608,2021-09-02,1,0,0.99998474
55000900029608,2021-09-03,1,0,0.99998474
55000900029608,2021-09-04,1,0,0.99998474
55000900029608,2021-09-05,1,0,0.99998474
55000900029608,2021-09-06,1,0,0.99998474
55000900029608,2021-09-07,1,0,0.99998474
55000900029608,2021-09-08,1,0,0.99998474
55000900029608,2021-09-09,1,0,0.99998474
55000900029608,2021-09-10,1,0,0.99998474
55000900029608,2021-09-11,1,0,0.99998474
55000900029608,2021-09-12,1,0,0.99998474
55000900029608,2021-09-13,1,0,0.99998474
55000900029608,2021-09-14,1,0,0.99998474
55000900029608,2021-09-15,1,0,0.99998474
55000900029608,2021-09-16,1,0,0.99998474
55000900029608,2021-09-17,1,0,0.99998474
55000900029608,2021-09-18,1,0,0.99998474
55000900029608,2021-09-19,1,0,0.99998474
55000900029608,2021-09-20,1,0,0.99998474
55000900029608,2021-09-21,1,0,0.99998474
55000900029608,2021-09-22,1,0,0.99998474
55000900029608,2021-09-23,1,0,0.99998474
55000900029608,2021-09-24,1,0,0.99998474
55000900029608,2021-09-25,1,0,0.99998474
55000900029608,2021-09-26,1,0,0.99998474
55000900029608,2021-09-27,1,0,0.99998474
55000900029608,2021-09-28,1,0,0.99998474
55000900029608,2021-09-29,1,0,0.99998474
55000900029608,2021-09-30,1,0,0.99998474
55000900029608,2021-10-01,1,0,0.99998474
55000900029608,2021-10-02,1,0,0.99998474
55000900029608,2021-10-03,1,0,0.99998474
55000900029608,2021-10-04,1,0,0.99998474
55000900029608,2021-10-05,1,0,0.99998474
55000900029608,2021-10-06,1,0,0.99998474
55000900029608,2021-10-07,1,0,0.99998474
55000900029608,2021-10-08,1,0,0.99998474
55000900029608,2021-10-09,1,0,0.99998474
55000900029608,2021-10-10,1,0,0.99998474
55000900029608,2021-10-11,1,0,0.99998474
55000900029608,2021-10-12,1,0,0.99998474
55000900029608,2021-10-13,1,0,0.99998474
55000900029608,2021-10-14,1,0,0.99998474
55000900029608,2021-10-15,1,0,0.99998474
55000900029608,2021-10-16,1,0,0.99998474
55000900029608,2021-10-17,1,0,0.99998474
55000900029608,2021-10-18,1,0,0.99998474
55000900029608,2021-10-19,1,0,0.99998474
55000900029608,2021-10-20,1,0,0.99998474
55000900029608,2021-10-21,1,0,0.99998474
55000900029608,2021-10-22,1,0,0.99998474
55000900029608,2021-10-23,1,0,0.99998474
55000900029608,2021-10-24,1,0,0.99998474
55000900029608,2021-10-25,1,0,0.99998474
55000900029608,2021-10-26,1,0,0.99998474
55000900029608,2021-10-27,1,0,0.99998474
55000900029608,2021-10-28,1,0,0.99998474
55000900029608,2021-10-29,1,0,0.99998474
55000900029608,2021-10-30,1,0,0.99998474
55000900029608,2021-10-31,1,0,0.99998474
55000900029608,2021-11-01,1,0,0.99998474
55000900029608,2021-11-02,1,0,0.99998474
55000900029608,2021-11-03,1,0,0.99998474
55000900029608,2021-11-04,1,0,0.99998474
55000900029608,2021-11-05,1,0,0.99998474
55000900029608,2021-11-06,1,0,0.99998474
55000900029608,2021-11-07,1,0,0.99998474
55000900029608,2021-11-08,1,0,0.99998474
55000900029608,2021-11-09,1,0,0.99998474
55000900029608,2021-11-10,1,0,0.99998474
55000900029608,2021-11-11,1,0,0.99998474
55000900029608,2021-11-12,1,0,0.99998474
55000900029608,2021-11-13,1,0,0.99998474
55000900029608,2021-11-14,1,0,0.99998474
55000900029608,2021-11-15,1,0,0.99998474
55000900029608,2021-11-16,1,0,0.99998474
55000900029608,2021-11-17,1,0,0.99998474
55000900029608,2021-11-18,1,0,0.99998474
55000900029608,2021-11-19,1,0,0.99998474
55000900029608,2021-11-20,1,0,0.99998474
55000900029608,2021-11-21,1,0,0.99998474
55000900029608,2021-11-22,1,0,0.99998474
55000900029608,2021-11-23,1,0,0.99998474
55000900029608,2021-11-24,1,0,0.99998474
55000900029608,2021-11-25,1,0,0.99998474
55000900029608,2021-11-26,1,0,0.99998474
55000900029608,2021-11-27,1,0,0.99998474
55000900029608,2021-11-28,1,0,0.99998474
55000900029608,2021-11-29,1,0,0.99998474
55000900029608,2021-11-30,1,0,0.99998474
55000900029608,2021-12-01,1,0,0.99998474
55000900029608,2021-12-02,1,0,0.99998474
55000900029608,2021-12-03,1,0,0.99998474
55000900029608,2021-12-04,1,0,0.99998474
55000900029608,2021-12-05,1,0,0.99998474
55000900029608,2021-12-06,1,0,0.99998474
55000900029608,2021-12-07,1,0,0.99998474
55000900029608,2021-12-08,1,0,0.99998474
55000900029608,2021-12-09,1,0,0.99998474
55000900029608,2021-12-10,1,0,0.99998474
55000900029608,2021-12-11,1,0,0.99998474
55000900029608,2021-12-12,1,0,0.99998474
55000900029608,2021-12-13,1,0,0.99998474
55000900029608,2021-12-14,1,0,0.99998474
55000900029608,2021-12-15,1,0,0.99998474
55000900029608,2021-12-16,1,0,0.99998474
55000900029608,2021-12-17,1,0,0.99998474
55000900029608,2021-12-18,1,0,0.99998474
55000900029608,2021-12-19,1,0,0.99998474
55000900029608,2021-12-20,1,0,0.99998474
55000900029608,2021-12-21,1,0,0.99998474
55000900029608,2021-12-22,1,0,0.99998474
55000900029608,2021-12-23,1,0,0.99998474
55000900029608,2021-12-24,1,0,0.99998474
55000900029608,2021-12-25,1,0,0.99998474
55000900029608,2021-12-26,1,0,0.99998474
55000900029608,2021-12-27,1,0,0.99998474
55000900029608,2021-12-28,1,0,0.99998474
55000900029608,2021-12-29,1,0,0.99998474
55000900029608,2021-12-30,1,0,0.99998474
55000900029608,2021-12-31,1,0,0.99998474
55000900029608,2022-01-01,1,0,0.99998474
55000900029608,2022-01-02,1,0,0.99998474
55000900029608,2022-01-03,1,0,0.99998474
55000900029608,2022-01-04,1,0,0.99998474
55000900029608,2022-01-05,1,0,0.99998474
55000900029608,2022-01-06,1,0,0.99998474
55000900029608,2022-01-07,1,0,0.99998474
55000900029608,2022-01-08,1,0,0.99998474
55000900029608,2022-01-09,1,0,0.99998474
55000900029608,2022-01-10,1,0,0.99998474
55000900029608,2022-01-11,1,0,0.99998474
55000900029608,2022-01-12,1,0,0.99998474
55000900029608,2022-01-13,1,0,0.99998474
55000900029608,2022-01-14,1,0,0.99998474
55000900029608,2022-01-15,1,0,0.99998474
55000900029608,2022-01-16,1,0,0.99998474
55000900029608,2022-01-17,1,0,0.99998474
55000900029608,2022-01-18,1,0,0.99998474
55000900029608,2022-01-19,1,0,0.99998474
55000900029608,2022-01-20,1,0,0.99998474
55000900029608,2022-01-21,1,0,0.99998474
55000900029608,2022-01-22,1,0,0.99998474
55000900029608,2022-01-23,1,0,0.99998474
55000900029608,2022-01-24,1,0,0.99998474
55000900029608,2022-01-25,1,0,0.99998474
55000900029608,2022-01-26,1,0,0.99998474
55000900029608,2022-01-27,1,0,0.99998474
55000900029608,2022-01-28,1,0,0.99998474
55000900029608,2022-01-29,1,0,0.99998474
55000900029608,2022-01-30,1,0,0.99998474
55000900029608,2022-01-31,1,0,0.99998474
55000900029608,2022-02-01,1,0,0.99998474
55000900029608,2022-02-02,1,0,0.99998474
55000900029608,2022-02-03,1,0,0.99998474
55000900029608,2022-02-04,1,0,0.99998474
55000900029608,2022-02-05,1,0,0.99998474
55000900029608,2022-02-06,1,0,0.99998474
55000900029608,2022-02-07,1,0,0.99998474
55000900029608,2022-02-08,1,0,0.99998474
55000900029608,2022-02-09,1,0,0.99998474
55000900029608,2022-02-10,1,0,0.99998474
55000900029608,2022-02-11,1,0,0.99998474
55000900029608,2022-02-12,1,0,0.99998474
55000900029608,2022-02-13,1,0,0.99998474
55000900029608,2022-02-14,1,0,0.99998474
55000900029608,2022-02-15,1,0,0.99998474
55000900029608,2022-02-16,1,0,0.99998474
55000900029608,2022-02-17,1,0,0.99998474
55000900029608,2022-02-18,1,0,0.99998474
55000900029608,2022-02-19,1,0,0.99998474
55000900029608,2022-02-20,1,0,0.99998474
55000900029608,2022-02-21,1,0,0.99998474
55000900029608,2022-02-22,1,0,0.99998474
55000900029608,2022-02-23,1,0,0.99998474
55000900029608,2022-02-24,1,0,0.99998474
55000900029608,2022-02-25,1,0,0.99998474
55000900029608,2022-02-26,1,0,0.99998474
55000900029608,2022-02-27,1,0,0.99998474
55000900029608,2022-02-28,1,0,0.99998474
55000900029608,2022-03-01,1,0,0.99998474
55000900029608,2022-03-02,1,0,0.99998474
55000900029608,2022-03-03,1,0,0.99998474
55000900029608,2022-03-04,1,0,0.99998474
55000900029608,2022-03-05,1,0,0.99998474
55000900029608,2022-03-06,1,0,0.99998474
55000900029608,2022-03-07,1,0,0.99998474
55000900029608,2022-03-08,1,0,0.99998474
55000900029608,2022-03-09,1,0,0.99998474
55000900029608,2022-03-10,1,0,0.99998474
55000900029608,2022-03-11,1,0,0.99998474
55000900029608,2022-03-12,1,0,0.99998474
55000900029608,2022-03-14,1,0,0.99998474
55000900029608,2022-03-15,1,0,0.99998474
55000900029608,2022-03-16,1,0,0.99998474
55000900029608,2022-03-17,1,0,0.99998474
55000900029608,2022-03-18,1,0,0.99998474
55000900029608,2022-03-19,1,0,0.99998474
55000900029608,2022-03-20,1,0,0.99998474
55000900029608,2022-03-21,1,0,0.99998474
55000900029608,2022-03-22,1,0,0.99998474
55000900029608,2022-03-23,1,0,0.99998474
55000900029608,2022-03-24,1,0,0.99998474
55000900029608,2022-03-25,1,0,0.99998474
55000900029608,2022-03-26,1,0,0.99998474
55000900029608,2022-03-27,1,0,0.99998474
55000900029608,2022-03-28,1,0,0.99998474
55000900029608,2022-03-29,1,0,0.99998474
55000900029608,2022-03-30,1,0,0.99998474
55000900029608,2022-03-31,1,0,0.99998474
55000900029608,2022-04-01,1,0,0.99998474
55000900029608,2022-04-02,1,0,0.99998474
55000900029608,2022-04-03,1,0,0.99998474
55000900029608,2022-04-04,1,0,0.99998474
55000900029608,2022-04-05,1,0,0.99998474
55000900029608,2022-04-06,1,0,0.99998474
55000900029608,2022-04-07,1,0,0.99998474
55000900029608,2022-04-08,1,0,0.99998474
55000900029608,2022-04-09,1,0,0.99998474
55000900029608,2022-04-10,1,0,0.99998474
55000900029608,2022-04-11,1,0,0.99998474
55000900029608,2022-04-12,1,0,0.99998474
55000900029608,2022-04-13,1,0,0.99998474
55000900029608,2022-04-14,1,0,0.99998474
55000900029608,2022-04-15,1,0,0.99998474
55000900029608,2022-04-16,1,0,0.99998474
55000900029608,2022-04-17,1,0,0.99998474
55000900029608,2022-04-18,1,0,0.99998474
55000900029608,2022-04-19,1,0,0.99998474
55000900029608,2022-04-20,1,0,0.99998474
55000900029608,2022-04-21,1,0,0.99998474
55000900029608,2022-04-22,1,0,0.99998474
55000900029608,2022-04-23,1,0,0.99998474
55000900029608,2022-04-24,1,0,0.99998474
55000900029608,2022-04-25,1,0,0.99998474
55000900029608,2022-04-26,1,0,0.99998474
55000900029608,2022-04-27,1,0,0.99998474
55000900029608,2022-04-28,1,0,0.99998474
55000900029608,2022-04-29,1,0,0.99998474
55000900029608,2022-04-30,1,0,0.99998474
55000900029608,2022-05-01,1,0,0.99998474
55000900029608,2022-05-02,1,0,0.99998474
55000900029608,2022-05-03,1,0,0.99998474
55000900029608,2022-05-04,1,0,0.99998474
55000900029608,2022-05-05,1,0,0.99998474
55000900029608,2022-05-06,1,0,0.99998474
55000900029608,2022-05-07,1,0,0.99998474
55000900029608,2022-05-08,1,0,0.99998474
55000900029608,2022-05-09,1,0,0.99998474
55000900029608,2022-05-10,1,0,0.99998474
55000900029608,2022-05-11,1,0,0.99998474
55000900029608,2022-05-12,1,0,0.99998474
55000900029608,2022-05-13,1,0,0.99998474
55000900029608,2022-05-14,1,0,0.99998474
55000900029608,2022-05-15,1,0,0.99998474
55000900029608,2022-05-16,1,0,0.99998474
55000900029608,2022-05-17,1,0,0.99998474
55000900029608,2022-05-18,1,0,0.99998474
55000900029608,2022-05-19,1,0,0.99998474
55000900029608,2022-05-20,1,0,0.99998474
55000900029608,2022-05-21,1,0,0.99998474
55000900029608,2022-05-22,1,0,0.99998474
55000900029608,2022-05-23,1,0,0.99998474
55000900029608,2022-05-24,1,0,0.99998474
55000900029608,2022-05-25,1,0,0.99998474
55000900029608,2022-05-26,1,0,0.99998474
55000900029608,2022-05-27,1,0,0.99998474
55000900029608,2022-05-28,1,0,0.99998474
55000900029608,2022-05-29,1,0,0.99998474
55000900029608,2022-05-30,1,0,0.99998474
55000900029608,2022-05-31,1,0,0.99998474
55000900029608,2022-06-01,1,0,0.99998474
55000900029608,2022-06-02,1,0,0.99998474
55000900029608,2022-06-03,1,0,0.99998474
55000900029608,2022-06-04,1,0,0.99998474
55000900029608,2022-06-05,1,0,0.99998474
55000900029608,2022-06-06,1,0,0.99998474
55000900029608,2022-06-07,1,0,0.99998474
55000900029608,2022-06-08,1,0,0.99998474
55000900029608,2022-06-09,1,0,0.99998474
55000900029608,2022-06-10,1,0,0.99998474
55000900029608,2022-06-11,1,0,0.99998474
55000900029608,2022-06-12,1,0,0.99998474
55000900029608,2022-06-13,1,0,0.99998474
55000900029608,2022-06-14,1,0,0.99998474
55000900029608,2022-06-15,1,0,0.99998474
55000900029608,2022-06-16,1,0,0.99998474
55000900029608,2022-06-17,1,0,0.99998474
55000900029608,2022-06-18,1,0,0.99998474
55000900029608,2022-06-19,1,0,0.99998474
55000900029608,2022-06-20,1,0,0.99998474
55000900029608,2022-06-21,1,0,0.99998474
55000900029608,2022-06-22,1,0,0.99998474
55000900029608,2022-06-23,1,0,0.99998474
55000900029608,2022-06-24,1,0,0.99998474
55000900029608,2022-06-25,1,0,0.99998474
55000900029608,2022-06-26,1,0,0.99998474
55000900029608,2022-06-27,1,0,0.99998474
55000900029608,2022-06-28,1,0,0.99998474
55000900029608,2022-06-29,1,0,0.99998474
55000900029608,2022-06-30,1,0,0.99998474
55000900029608,2022-07-01,1,0,0.99998474
55000900029608,2022-07-02,1,0,0.99998474
55000900029608,2022-07-03,1,0,0.99998474
55000900029608,2022-07-04,1,0,0.99998474
55000900029608,2022-07-05,1,0,0.99998474
55000900029608,2022-07-06,1,0,0.99998474
55000900029608,2022-07-07,1,0,0.99998474
55000900029608,2022-07-08,1,0,0.99998474
55000900029608,2022-07-09,1,0,0.99998474
55000900029608,2022-07-10,1,0,0.99998474
55000900029608,2022-07-11,1,0,0.99998474
55000900029608,2022-07-12,1,0,0.99998474
55000900029608,2022-07-13,1,0,0.99998474
55000900029608,2022-07-14,1,0,0.99998474
55000900029608,2022-07-15,1,0,0.99998474
55000900029608,2022-07-16,1,0,0.99998474
55000900029608,2022-07-17,1,0,0.99998474
55000900029608,2022-07-18,1,0,0.99998474
55000900029608,2022-07-19,1,0,0.99998474
55000900029608,2022-07-20,1,0,0.99998474
55000900029608,2022-07-21,1,0,0.99998474
55000900029608,2022-07-22,1,0,0.99998474
55000900029608,2022-07-23,1,0,0.99998474
55000900029608,2022-07-24,1,0,0.99998474
55000900029608,2022-07-25,1,0,0.99998474
55000900029608,2022-07-26,1,0,0.99998474
55000900029608,2022-07-27,1,0,0.99998474
55000900029608,2022-07-28,1,0,0.99998474
55000900029608,2022-07-29,1,0,0.99998474
55000900029608,2022-07-30,1,0,0.99998474
55000900029608,2022-07-31,1,0,0.99998474
55000900029608,2022-08-01,1,0,0.99998474
55000900029608,2022-08-02,1,0,0.99998474
55000900029608,2022-08-03,1,0,0.99998474
55000900029608,2022-08-04,1,0,0.99998474
55000900029608,2022-08-05,1,0,0.99998474
55000900029608,2022-08-06,1,0,0.99998474
55000900029608,2022-08-07,1,0,0.99998474
55000900029608,2022-08-08,1,0,0.99998474
55000900029608,2022-08-09,1,0,0.99998474
55000900029608,2022-08-10,1,0,0.99998474
55000900029608,2022-08-11,1,0,0.99998474
55000900029608,2022-08-12,1,0,0.99998474
55000900029608,2022-08-13,1,0,0.99998474
55000900029608,2022-08-14,1,0,0.99998474
55000900029608,2022-08-15,1,0,0.99998474
55000900029608,2022-08-16,1,0,0.99998474
55000900029608,2022-08-17,1,0,0.99998474
55000900029608,2022-08-18,1,0,0.99998474
55000900029608,2022-08-19,1,0,0.99998474
55000900029608,2022-08-20,1,0,0.99998474
55000900029608,2022-08-21,1,0,0.99998474
55000900029608,2022-08-22,1,0,0.99998474
55000900029608,2022-08-23,1,0,0.99998474
55000900029608,2022-08-24,1,0,0.99998474
55000900029608,2022-08-25,1,0,0.99998474
55000900029608,2022-08-26,1,0,0.99998474
55000900029608,2022-08-27,1,0,0.99998474
55000900029608,2022-08-28,1,0,0.99998474
55000900029608,2022-08-29,1,0,0.99998474
55000900029608,2022-08-30,1,0,0.99998474
55000900029608,2022-08-31,1,0,0.99998474
55000900029608,2022-09-01,1,0,0.99998474
55000900029608,2022-09-02,1,0,0.99998474
55000900029608,2022-09-03,1,0,0.99998474
55000900029608,2022-09-04,1,0,0.99998474
55000900029608,2022-09-05,1,0,0.99998474
55000900029608,2022-09-06,1,0,0.99998474
55000900029608,2022-09-07,1,0,0.99998474
55000900029608,2022-09-08,1,0,0.99998474
55000900029608,2022-09-09,1,0,0.99998474
55000900029608,2022-09-10,1,0,0.99998474
55000900029608,2022-09-11,1,0,0.99998474
55000900029608,2022-09-12,1,0,0.99998474
55000900029608,2022-09-13,1,0,0.99998474
55000900029608,2022-09-14,1,0,0.99998474
55000900029608,2022-09-15,1,0,0.99998474
55000900029608,2022-09-16,1,0,0.99998474
55000900029608,2022-09-17,1,0,0.99998474
55000900029608,2022-09-18,1,0,0.99998474
55000900029608,2022-09-19,1,0,0.99998474
55000900029608,2022-09-20,1,0,0.99998474
55000900029608,2022-09-21,1,0,0.99998474
55000900029608,2022-09-22,1,0,0.99998474
55000900029608,2022-09-23,1,0,0.99998474
55000900029608,2022-09-24,1,0,0.99998474
55000900029608,2022-09-25,1,0,0.99998474
55000900029608,2022-09-26,1,0,0.99998474
55000900029608,2022-09-27,1,0,0.99998474
55000900029608,2022-09-28,1,0,0.99998474
55000900029608,2022-09-29,1,0,0.99998474
55000900029608,2022-09-30,1,0,0.99998474
55000900029608,2022-10-01,1,0,0.99998474
55000900029608,2022-10-02,1,0,0.99998474
55000900029608,2022-10-03,1,0,0.99998474
55000900029608,2022-10-04,1,0,0.99998474
55000900029608,2022-10-05,1,0,0.99998474
55000900029608,2022-10-06,1,0,0.99998474
55000900029608,2022-10-07,1,0,0.99998474
55000900029608,2022-10-08,1,0,0.99998474
55000900029608,2022-10-09,1,0,0.99998474
55000900029608,2022-10-10,1,0,0.99998474
55000900029608,2022-10-11,1,0,0.99998474
55000900029608,2022-10-12,1,0,0.99998474
55000900029608,2022-10-13,1,0,0.99998474
55000900029608,2022-10-14,1,0,0.99998474
55000900029608,2022-10-15,1,0,0.99998474
55000900029608,2022-10-16,1,0,0.99998474
55000900029608,2022-10-17,1,0,0.99998474
55000900029608,2022-10-18,1,0,0.99998474
55000900029608,2022-10-19,1,0,0.99998474
55000900029608,2022-10-20,1,0,0.99998474
55000900029608,2022-10-21,1,0,0.99998474
55000900029608,2022-10-22,1,0,0.99998474
55000900029608,2022-10-23,1,0,0.99998474
55000900029608,2022-10-24,1,0,0.99998474
55000900029608,2022-10-25,1,0,0.99998474
55000900029608,2022-10-26,1,0,0.99998474
55000900029608,2022-10-27,1,0,0.99998474
55000900029608,2022-10-28,1,0,0.99998474
55000900029608,2022-10-29,1,0,0.99998474
55000900029608,2022-10-30,1,0,0.99998474
55000900029608,2022-10-31,1,0,0.99998474
55000900029608,2022-11-01,1,0,0.99998474
55000900029608,2022-11-02,1,0,0.99998474
55000900029608,2022-11-03,1,0,0.99998474
55000900029608,2022-11-04,1,0,0.99998474
55000900029608,2022-11-05,1,0,0.99998474
55000900029608,2022-11-06,1,0,0.99998474
55000900029608,2022-11-07,1,0,0.99998474
55000900029608,2022-11-08,1,0,0.99998474
55000900029608,2022-11-09,1,0,0.99998474
55000900029608,2022-11-10,1,0,0.99998474
55000900029608,2022-11-11,1,0,0.99998474
55000900029608,2022-11-12,1,0,0.99998474
55000900029608,2022-11-13,1,0,0.99998474
55000900029608,2022-11-14,1,0,0.99998474
55000900029608,2022-11-15,1,0,0.99998474
55000900029608,2022-11-16,1,0,0.99998474
55000900029608,2022-11-17,1,0,0.99998474
55000900029608,2022-11-18,1,0,0.99998474
55000900029608,2022-11-19,1,0,0.99998474
55000900029608,2022-11-20,1,0,0.99998474
55000900029608,2022-11-21,1,0,0.99998474
55000900029608,2022-11-22,1,0,0.99998474
55000900029608,2022-11-23,1,0,0.99998474
55000900029608,2022-11-24,1,0,0.99998474
55000900029608,2022-11-25,1,0,0.99998474
55000900029608,2022-11-26,1,0,0.99998474
55000900029608,2022-11-27,1,0,0.99998474
55000900029608,2022-11-28,1,0,0.99998474
55000900029608,2022-11-29,1,0,0.99998474
55000900029608,2022-11-30,1,0,0.99998474
55000900029608,2022-12-01,1,0,0.99998474
55000900029608,2022-12-02,1,0,0.99998474
55000900029608,2022-12-03,1,0,0.99998474
55000900029608,2022-12-04,1,0,0.99998474
55000900029608,2022-12-05,1,0,0.99998474
55000900029608,2022-12-06,1,0,0.99998474
55000900029608,2022-12-07,1,0,0.99998474
55000900029608,2022-12-08,1,0,0.99998474
55000900029608,2022-12-09,1,0,0.99998474
55000900029608,2022-12-10,1,0,0.99998474
55000900029608,2022-12-11,1,0,0.99998474
55000900029608,2022-12-12,1,0,0.99998474
55000900029608,2022-12-13,1,0,0.99998474
55000900029608,2022-12-14,1,0,0.99998474
55000900029608,2022-12-15,1,0,0.99998474
55000900029608,2022-12-16,1,0,0.99998474
55000900029608,2022-12-17,1,0,0.99998474
55000900029608,2022-12-18,1,0,0.99998474
55000900029608,2022-12-19,1,0,0.99998474
55000900029608,2022-12-20,1,0,0.99998474
55000900029608,2022-12-21,1,0,0.99998474
55000900029608,2022-12-22,1,0,0.99998474
55000900029608,2022-12-23,1,0,0.99998474
55000900029608,2022-12-24,1,0,0.99998474
55000900029608,2022-12-25,1,0,0.99998474
55000900029608,2022-12-26,1,0,0.99998474
55000900029608,2022-12-27,1,0,0.99998474
55000900029608,2022-12-28,1,0,0.99998474
55000900029608,2022-12-29,1,0,0.99998474
55000900029608,2022-12-30,1,0,0.99998474
55000900029608,2022-12-31,1,0,0.99998474
55000900029608,2023-01-01,1,0,0.99998474
55000900029608,2023-01-02,1,0,0.99998474
55000900029608,2023-01-03,1,0,0.99998474
55000900029608,2023-01-04,1,0,0.99998474
55000900029608,2023-01-05,1,0,0.99998474
55000900029608,2023-01-06,1,0,0.99998474
55000900029608,2023-01-07,1,0,0.99998474
55000900029608,2023-01-08,1,0,0.99998474
55000900029608,2023-01-09,1,0,0.99998474
55000900029608,2023-01-10,1,0,0.99998474
55000900029608,2023-01-11,1,0,0.99998474
55000900029608,2023-01-12,1,0,0.99998474
55000900029608,2023-01-13,1,0,0.99998474
55000900029608,2023-01-14,1,0,0.99998474
55000900029608,2023-01-15,1,0,0.99998474
55000900029608,2023-01-16,1,0,0.99998474
55000900029608,2023-01-17,1,0,0.99998474
55000900029608,2023-01-18,1,0,0.99998474
55000900029608,2023-01-19,1,0,0.99998474
55000900029608,2023-01-20,1,0,0.99998474
55000900029608,2023-01-21,1,0,0.99998474
55000900029608,2023-01-22,1,0,0.99998474
55000900029608,2023-01-23,1,0,0.99998474
55000900029608,2023-01-24,1,0,0.99998474
55000900029608,2023-01-25,1,0,0.99998474
55000900029608,2023-01-26,1,0,0.99998474
55000900029608,2023-01-27,1,0,0.99998474
55000900029608,2023-01-28,1,0,0.99998474
55000900029608,2023-01-29,1,0,0.99998474
55000900029608,2023-01-30,1,0,0.99998474
55000900029608,2023-01-31,1,0,0.99998474
55000900029608,2023-02-01,1,0,0.99998474
55000900029608,2023-02-02,1,0,0.99998474
55000900029608,2023-02-03,1,0,0.99998474
55000900029608,2023-02-04,1,0,0.99998474
55000900029608,2023-02-05,1,0,0.99998474
55000900029608,2023-02-06,1,0,0.99998474
55000900029608,2023-02-07,1,0,0.99998474
55000900029608,2023-02-08,1,0,0.99998474
55000900029608,2023-02-09,1,0,0.99998474
55000900029608,2023-02-10,1,0,0.99998474
55000900029608,2023-02-11,1,0,0.99998474
55000900029608,2023-02-12,1,0,0.99998474
55000900029608,2023-02-13,1,0,0.99998474
55000900029608,2023-02-14,1,0,0.99998474
55000900029608,2023-02-15,1,0,0.99998474
55000900029608,2023-02-16,1,0,0.99998474
55000900029608,2023-02-17,1,0,0.99998474
55000900029608,2023-02-18,1,0,0.99998474
55000900029608,2023-02-19,1,0,0.99998474
55000900029608,2023-02-20,1,0,0.99998474
55000900029608,2023-02-21,1,0,0.99998474
55000900029608,2023-02-22,1,0,0.99998474
55000900029608,2023-02-23,1,0,0.99998474
55000900029608,2023-02-24,1,0,0.99998474
55000900029608,2023-02-25,1,0,0.99998474
55000900029608,2023-02-26,1,0,0.99998474
55000900029608,2023-02-27,1,0,0.99998474
55000900029608,2023-02-28,1,0,0.99998474
55000900029608,2023-03-01,1,0,0.99998474
55000900029608,2023-03-02,1,0,0.99998474
55000900029608,2023-03-03,1,0,0.99998474
55000900029608,2023-03-04,1,0,0.99998474
55000900029608,2023-03-05,1,0,0.99998474
55000900029608,2023-03-06,1,0,0.99998474
55000900029608,2023-03-07,1,0,0.99998474
55000900029608,2023-03-08,1,0,0.99998474
55000900029608,2023-03-09,1,0,0.99998474
55000900029608,2023-03-10,1,0,0.99998474
55000900029608,2023-03-11,1,0,0.99998474
55000900029608,2023-03-13,1,0,0.99998474
55000900029608,2023-03-14,1,0,0.99998474
55000900029608,2023-03-15,1,0,0.99998474
55000900029608,2023-03-16,1,0,0.99998474
55000900029608,2023-03-17,1,0,0.99998474
55000900029608,2023-03-18,1,0,0.99998474
55000900029608,2023-03-19,1,0,0.99998474
55000900029608,2023-03-20,1,0,0.99998474
55000900029608,2023-03-21,1,0,0.99998474
55000900029608,2023-03-22,1,0,0.99998474
55000900029608,2023-03-23,1,0,0.99998474
55000900029608,2023-03-24,1,0,0.99998474
55000900029608,2023-03-25,1,0,0.99998474
55000900029608,2023-03-26,1,0,0.99998474
55000900029608,2023-03-27,1,0,0.99998474
55000900029608,2023-03-28,1,0,0.99998474
55000900029608,2023-03-29,1,0,0.99998474
55000900029608,2023-03-30,1,0,0.99998474
55000900029608,2023-03-31,1,0,0.99998474
55000900029608,2023-04-01,1,0,0.99998474
55000900029608,2023-04-02,1,0,0.99998474
55000900029608,2023-04-03,1,0,0.99998474
55000900029608,2023-04-04,1,0,0.99998474
55000900029608,2023-04-05,1,0,0.99998474
55000900029608,2023-04-06,1,0,0.99998474
55000900029608,2023-04-07,1,0,0.99998474
55000900029608,2023-04-08,1,0,0.99998474
55000900029608,2023-04-09,1,0,0.99998474
55000900029608,2023-04-10,1,0,0.99998474
55000900029608,2023-04-11,1,0,0.99998474
55000900029608,2023-04-12,1,0,0.99998474
55000900029608,2023-04-13,1,0,0.99998474
55000900029608,2023-04-14,1,0,0.99998474
55000900029608,2023-04-15,1,0,0.99998474
55000900029608,2023-04-16,1,0,0.99998474
55000900029608,2023-04-17,1,0,0.99998474
55000900029608,2023-04-18,1,0,0.99998474
55000900029608,2023-04-19,1,0,0.99998474
55000900029608,2023-04-20,1,0,0.99998474
55000900030173,2020-09-29,1,8,0.9998178
55000900030173,2020-09-30,1,8,0.99982315
55000900030173,2020-10-01,1,8,0.9998367
55000900030173,2020-10-02,1,8,0.99982494
55000900030173,2020-10-03,1,8,0.99982697
55000900030173,2020-10-04,1,8,0.9998198
55000900030173,2020-10-05,1,8,0.9998342
55000900030173,2020-10-06,1,8,0.99983716
55000900030173,2020-10-07,1,8,0.9998343
55000900030173,2020-10-08,1,8,0.9998381
55000900030173,2020-10-09,1,8,0.9998196
55000900030173,2020-10-10,1,8,0.99983406
55000900030173,2020-10-11,1,8,0.9998313
55000900030173,2020-10-12,1,8,0.9998209
55000900030173,2020-10-13,1,8,0.9998123
55000900030173,2020-10-14,1,8,0.99982387
55000900030173,2020-10-15,1,8,0.999785
55000900030173,2020-10-16,1,8,0.9998185
55000900030173,2020-10-17,1,8,0.999803
55000900030173,2020-10-18,1,8,0.9998299
55000900030173,2020-10-19,1,8,0.999949
55000900030173,2020-10-20,1,8,0.9999498
55000900030173,2020-10-21,1,0,0.9999187
55000900030173,2020-10-22,1,0,0.99970764
55000900061097,2020-09-29,1,0,0.99998665
55000900061097,2020-09-30,1,0,0.99998105
55000900061097,2020-10-01,1,0,0.9999809
55000900061097,2020-10-02,1,0,0.9999789
55000900061097,2020-10-03,1,0,0.99997985
55000900061097,2020-10-04,1,0,0.99998
55000900061097,2020-10-05,1,0,0.999982
55000900061097,2020-10-06,1,0,0.9999809
55000900061097,2020-10-07,1,0,0.9999802
55000900061097,2020-10-08,1,0,0.9999826
55000900061097,2020-10-09,1,0,0.9999794
55000900061097,2020-10-10,1,0,0.99998105
55000900061097,2020-10-11,1,0,0.9999813
55000900061097,2020-10-12,1,0,0.99998415
55000900061097,2020-10-13,1,0,0.99998045
55000900061097,2020-10-14,1,0,0.9999814
55000900061097,2020-10-15,1,0,0.999987
55000900061097,2020-10-16,1,0,0.99997854
55000900061097,2020-10-17,1,0,0.9999871
55000900061097,2020-10-18,1,0,0.99998677
55000900061097,2020-10-19,1,0,0.9999857
55000900061097,2020-10-20,1,0,0.9999876
55000900061097,2020-10-21,1,0,0.99998665
55000900061097,2020-10-22,1,0,0.9999877
55000900061097,2020-10-23,1,0,0.999987
55000900061097,2020-10-24,1,0,0.9999871
55000900061097,2020-10-25,1,0,0.999987
55000900061097,2020-10-26,1,0,0.9999857
55000900061097,2020-10-27,1,0,0.99998724
55000900061097,2020-10-28,1,0,0.9999869
55000900061097,2020-10-29,1,0,0.9999801
55000900061097,2020-10-30,1,0,0.99998605
55000900061097,2020-10-31,1,0,0.99998343
55000900061097,2020-11-01,1,0,0.9999852
55000900061097,2020-11-02,1,0,0.9999864
55000900061097,2020-11-03,1,0,0.99998236
55000900061097,2020-11-04,1,0,0.99998116
55000900061097,2020-11-05,1,0,0.9999833
55000900061097,2020-11-06,1,0,0.9999862
55000900061097,2020-11-07,1,0,0.9999871
55000900061097,2020-11-08,1,0,0.99998033
55000900061097,2020-11-09,1,0,0.9999865
55000900061097,2020-11-10,1,0,0.99998605
55000900061097,2020-11-11,1,0,0.9999863
55000900061097,2020-11-12,1,0,0.9999862
55000900061097,2020-11-13,1,0,0.99997544
55000900061097,2020-11-14,1,0,0.99998605
55000900061097,2020-11-15,1,0,0.9999845
55000900061097,2020-11-16,1,0,0.9999691
55000900061097,2020-11-17,1,0,0.9999701
55000900061097,2020-11-18,1,0,0.9999846
55000900061097,2020-11-19,1,0,0.9999851
55000900061097,2020-11-20,1,0,0.99998415
55000900061097,2020-11-21,1,0,0.99997807
55000900061097,2020-11-22,1,0,0.99998474
55000900061097,2020-11-23,1,0,0.99998534
55000900061097,2020-11-24,1,0,0.9999813
55000900061097,2020-11-25,1,0,0.9999862
55000900061097,2020-11-26,1,0,0.9999864
55000900061097,2020-11-27,1,0,0.99998665
55000900061097,2020-11-28,1,0,0.99998033
55000900061097,2020-11-29,1,0,0.99998605
55000900061097,2020-11-30,1,0,0.99998343
55000900061097,2020-12-01,1,0,0.99998546
55000900061097,2020-12-02,1,0,0.999984
55000900061097,2020-12-03,1,0,0.9999858
55000900061097,2020-12-04,1,0,0.99998677
55000900061097,2020-12-05,1,0,0.99998295
55000900061097,2020-12-06,1,0,0.9999851
55000900061097,2020-12-07,1,0,0.99998546
55000900061097,2020-12-08,1,0,0.99998605
55000900061097,2020-12-09,1,0,0.9999871
55000900061097,2020-12-10,1,0,0.9999844
55000900061097,2020-12-11,1,0,0.9999846
55000900061097,2020-12-12,1,0,0.99998665
55000900061097,2020-12-13,1,0,0.9999871
55000900061097,2020-12-14,1,0,0.99998677
55000900061097,2020-12-15,1,0,0.9999864
55000900061097,2020-12-16,1,0,0.99998426
55000900061097,2020-12-17,1,0,0.99998665
55000900061097,2020-12-18,1,0,0.9999857
55000900061097,2020-12-19,1,0,0.9999776
55000900061097,2020-12-20,1,0,0.99998415
55000900061097,2020-12-21,1,0,0.99998474
55000900061097,2020-12-22,1,0,0.9999759
55000900061097,2020-12-23,1,0,0.99996924
55000900061097,2020-12-24,1,0,0.999982
55000900061097,2020-12-25,1,0,0.9999845
55000900061097,2020-12-26,1,0,0.99998367
55000900061097,2020-12-27,1,0,0.9999802
55000900061097,2020-12-28,1,0,0.99997795
55000900061097,2020-12-29,1,0,0.99998486
55000900061097,2020-12-30,1,0,0.99998486
55000900061097,2020-12-31,1,0,0.9999802
55000900061097,2021-01-01,1,0,0.9999846
55000900061097,2021-01-02,1,0,0.99997485
55000900061097,2021-01-03,1,0,0.9999844
55000900061097,2021-01-04,1,0,0.999982
55000900061097,2021-01-05,1,0,0.9999826
55000900061097,2021-01-06,1,0,0.99998224
55000900061097,2021-01-07,1,0,0.9999813
55000900061097,2021-01-08,1,0,0.99998164
55000900061097,2021-01-09,1,0,0.9999808
55000900061097,2021-01-10,1,0,0.9999802
55000900061097,2021-01-11,1,0,0.99998033
55000900061097,2021-01-12,1,0,0.9999814
55000900061097,2021-01-13,1,0,0.99998057
55000900061097,2021-01-14,1,0,0.999982
55000900061097,2021-01-15,1,0,0.999982
55000900061097,2021-01-16,1,0,0.99998224
55000900061097,2021-01-17,1,0,0.99998224
55000900061097,2021-01-18,1,0,0.9999821
55000900061097,2021-01-19,1,0,0.99998236
55000900061097,2021-01-20,1,0,0.99998224
55000900061097,2021-01-21,1,0,0.9999813
55000900061097,2021-01-22,1,0,0.99998164
55000900061097,2021-01-23,1,0,0.99998116
55000900061097,2021-01-24,1,0,0.9999813
55000900061097,2021-01-25,1,0,0.9999808
55000900061097,2021-01-26,1,0,0.99998033
55000900061097,2021-01-27,1,0,0.9999769
55000900061097,2021-01-28,1,0,0.99997854
55000900061097,2021-01-29,1,0,0.9999778
55000900061097,2021-01-30,1,0,0.99997747
55000900061097,2021-01-31,1,0,0.9999776
55000900061097,2021-02-01,1,0,0.9999776
55000900061097,2021-02-02,1,0,0.9999776
55000900061097,2021-02-03,1,0,0.9999776
55000900061097,2021-02-04,1,0,0.9999776
55000900061097,2021-02-05,1,0,0.9999776
55000900061097,2021-02-06,1,0,0.9999776
55000900061097,2021-02-07,1,0,0.9999776
55000900061097,2021-02-08,1,0,0.9999776
55000900061097,2021-02-09,1,0,0.9999776
55000900061097,2021-02-10,1,0,0.9999776
55000900061097,2021-02-11,1,0,0.9999776
55000900061097,2021-02-12,1,0,0.9999776
55000900061097,2021-02-13,1,0,0.9999776
55000900061097,2021-02-14,1,0,0.9999776
55000900061097,2021-02-15,1,0,0.9999776
55000900061097,2021-02-16,1,0,0.9999776
55000900061097,2021-02-17,1,0,0.9999776
55000900061097,2021-02-18,1,0,0.9999776
55000900061097,2021-02-19,1,0,0.9999776
55000900061097,2021-02-20,1,0,0.9999776
55000900061097,2021-02-21,1,0,0.9999776
55000900061097,2021-02-22,1,0,0.9999776
55000900061097,2021-02-23,1,0,0.9999776
55000900061097,2021-02-24,1,0,0.9999776
55000900061097,2021-02-25,1,0,0.9999776
55000900061097,2021-02-26,1,0,0.9999776
55000900061097,2021-02-27,1,0,0.9999776
55000900061097,2021-02-28,1,0,0.9999776
55000900061097,2021-03-01,1,0,0.9999776
55000900061097,2021-03-02,1,0,0.9999776
55000900061097,2021-03-03,1,0,0.9999776
55000900061097,2021-03-04,1,0,0.9999776
55000900061097,2021-03-05,1,0,0.9999776
55000900061097,2021-03-06,1,0,0.9999776
55000900061097,2021-03-07,1,0,0.9999776
55000900061097,2021-03-08,1,0,0.9999776
55000900061097,2021-03-09,1,0,0.9999776
55000900061097,2021-03-10,1,0,0.9999776
55000900061097,2021-03-11,1,0,0.9999776
55000900061097,2021-03-12,1,0,0.9999776
55000900061097,2021-03-13,1,0,0.9999776
55000900061097,2021-03-14,1,0,0.9999776
55000900061097,2021-03-15,1,0,0.9999776
55000900061097,2021-03-16,1,0,0.9999776
55000900061097,2021-03-17,1,0,0.9999776
55000900061097,2021-03-18,1,0,0.9999776
55000900061097,2021-03-19,1,0,0.9999776
55000900061097,2021-03-20,1,0,0.9999776
55000900061097,2021-03-21,1,0,0.9999776
55000900061097,2021-03-22,1,0,0.9999776
55000900061097,2021-03-23,1,0,0.9999776
55000900061097,2021-03-24,1,0,0.9999776
55000900061097,2021-03-25,1,0,0.9999776
55000900061097,2021-03-26,1,0,0.9999776
55000900061097,2021-03-27,1,0,0.9999776
55000900061097,2021-03-28,1,0,0.9999776
55000900061097,2021-03-29,1,0,0.9999776
55000900061097,2021-03-30,1,0,0.9999776
55000900061097,2021-03-31,1,0,0.9999776
55000900061097,2021-04-01,1,0,0.9999776
55000900061097,2021-04-02,1,0,0.9999776
55000900061097,2021-04-03,1,0,0.9999776
55000900061097,2021-04-04,1,0,0.9999776
55000900061097,2021-04-05,1,0,0.9999776
55000900061097,2021-04-06,1,0,0.9999776
55000900061097,2021-04-07,1,0,0.9999776
55000900061097,2021-04-08,1,0,0.9999776
55000900061097,2021-04-09,1,0,0.9999776
55000900061097,2021-04-10,1,0,0.9999776
55000900061097,2021-04-11,1,0,0.9999776
55000900061097,2021-04-12,1,0,0.9999776
55000900061097,2021-04-13,1,0,0.9999776
55000900061097,2021-04-14,1,0,0.9999776
55000900061097,2021-04-15,1,0,0.9999776
55000900061097,2021-04-16,1,0,0.9999776
55000900061097,2021-04-17,1,0,0.9999776
55000900061097,2021-04-18,1,0,0.9999776
55000900061097,2021-04-19,1,0,0.9999776
55000900061097,2021-04-20,1,0,0.9999776
55000900061097,2021-04-21,1,0,0.9999776
55000900061097,2021-04-22,1,0,0.9999776
55000900061097,2021-04-23,1,0,0.9999776
55000900061097,2021-04-24,1,0,0.9999776
55000900061097,2021-04-25,1,0,0.9999776
55000900061097,2021-04-26,1,0,0.9999776
55000900061097,2021-04-27,1,0,0.9999776
55000900061097,2021-04-28,1,0,0.9999776
55000900061097,2021-04-29,1,0,0.9999776
55000900061097,2021-04-30,1,0,0.9999776
55000900061097,2021-05-01,1,0,0.9999776
55000900061097,2021-05-02,1,0,0.9999776
55000900061097,2021-05-03,1,0,0.9999776
55000900061097,2021-05-04,1,0,0.9999776
55000900061097,2021-05-05,1,0,0.9999776
55000900061097,2021-05-06,1,0,0.9999776
55000900061097,2021-05-07,1,0,0.9999776
55000900061097,2021-05-08,1,0,0.9999776
55000900061097,2021-05-09,1,0,0.9999776
55000900061097,2021-05-10,1,0,0.9999776
55000900061097,2021-05-11,1,0,0.9999776
55000900061097,2021-05-12,1,0,0.9999776
55000900061097,2021-05-13,1,0,0.9999776
55000900061097,2021-05-14,1,0,0.9999776
55000900061097,2021-05-15,1,0,0.9999776
55000900061097,2021-05-16,1,0,0.9999776
55000900061097,2021-05-17,1,0,0.9999776
55000900061097,2021-05-18,1,0,0.9999776
55000900061097,2021-05-19,1,0,0.9999776
55000900061097,2021-05-20,1,0,0.9999776
55000900061097,2021-05-21,1,0,0.9999776
55000900061097,2021-05-22,1,0,0.9999776
55000900061097,2021-05-23,1,0,0.9999776
55000900061097,2021-05-24,1,0,0.9999776
55000900061097,2021-05-25,1,0,0.9999776
55000900061097,2021-05-26,1,0,0.9999776
55000900061097,2021-05-27,1,0,0.9999776
55000900061097,2021-05-28,1,0,0.9999776
55000900061097,2021-05-29,1,0,0.9999776
55000900061097,2021-05-30,1,0,0.9999776
55000900061097,2021-05-31,1,0,0.9999776
55000900061097,2021-06-01,1,0,0.9999776
55000900061097,2021-06-02,1,0,0.9999776
55000900061097,2021-06-03,1,0,0.9999776
55000900061097,2021-06-04,1,0,0.9999776
55000900061097,2021-06-05,1,0,0.9999776
55000900061097,2021-06-06,1,0,0.9999776
55000900061097,2021-06-07,1,0,0.9999776
55000900061097,2021-06-08,1,0,0.9999776
55000900061097,2021-06-09,1,0,0.9999776
55000900061097,2021-06-10,1,0,0.9999776
55000900061097,2021-06-11,1,0,0.9999776
55000900061097,2021-06-12,1,0,0.9999776
55000900061097,2021-06-13,1,0,0.9999776
55000900061097,2021-06-14,1,0,0.9999776
55000900061097,2021-06-15,1,0,0.9999776
55000900061097,2021-06-16,1,0,0.9999776
55000900061097,2021-06-17,1,0,0.9999776
55000900061097,2021-06-18,1,0,0.9999776
55000900061097,2021-06-19,1,0,0.9999776
55000900061097,2021-06-20,1,0,0.9999776
55000900061097,2021-06-21,1,0,0.9999776
55000900061097,2021-06-22,1,0,0.9999776
55000900061097,2021-06-23,1,0,0.9999776
55000900061097,2021-06-24,1,0,0.9999776
55000900061097,2021-06-25,1,0,0.9999776
55000900061097,2021-06-26,1,0,0.9999776
55000900061097,2021-06-27,1,0,0.9999776
55000900061097,2021-06-28,1,0,0.9999776
55000900061097,2021-06-29,1,0,0.9999776
55000900061097,2021-06-30,1,0,0.9999776
55000900061097,2021-07-01,1,0,0.9999776
55000900061097,2021-07-02,1,0,0.9999776
55000900061097,2021-07-03,1,0,0.9999776
55000900061097,2021-07-04,1,0,0.9999776
55000900061097,2021-07-05,1,0,0.9999776
55000900061097,2021-07-06,1,0,0.9999776
55000900061097,2021-07-07,1,0,0.9999776
55000900061097,2021-07-08,1,0,0.9999776
55000900061097,2021-07-09,1,0,0.9999776
55000900061097,2021-07-10,1,0,0.9999776
55000900061097,2021-07-11,1,0,0.9999776
55000900061097,2021-07-12,1,0,0.9999776
55000900061097,2021-07-13,1,0,0.9999776
55000900061097,2021-07-14,1,0,0.9999776
55000900061097,2021-07-15,1,0,0.9999776
55000900061097,2021-07-16,1,0,0.9999776
55000900061097,2021-07-17,1,0,0.9999776
55000900061097,2021-07-18,1,0,0.9999776
55000900061097,2021-07-19,1,0,0.9999776
55000900061097,2021-07-20,1,0,0.9999776
55000900061097,2021-07-21,1,0,0.9999776
55000900061097,2021-07-22,1,0,0.9999776
55000900061097,2021-07-23,1,0,0.9999776
55000900061097,2021-07-24,1,0,0.9999776
55000900061097,2021-07-25,1,0,0.9999776
55000900061097,2021-07-26,1,0,0.9999776
55000900061097,2021-07-27,1,0,0.9999776
55000900061097,2021-07-28,1,0,0.9999776
55000900061097,2021-07-29,1,0,0.9999776
55000900061097,2021-07-30,1,0,0.9999776
55000900061097,2021-07-31,1,0,0.9999776
55000900061097,2021-08-01,1,0,0.9999776
55000900061097,2021-08-02,1,0,0.9999776
55000900061097,2021-08-03,1,0,0.9999776
55000900061097,2021-08-04,1,0,0.9999776
55000900061097,2021-08-05,1,0,0.9999776
55000900061097,2021-08-06,1,0,0.9999776
55000900061097,2021-08-07,1,0,0.9999776
55000900061097,2021-08-08,1,0,0.9999776
55000900061097,2021-08-09,1,0,0.9999776
55000900061097,2021-08-10,1,0,0.9999776
55000900061097,2021-08-11,1,0,0.9999776
55000900061097,2021-08-12,1,0,0.9999776
55000900061097,2021-08-13,1,0,0.9999776
55000900061097,2021-08-14,1,0,0.9999776
55000900061097,2021-08-15,1,0,0.9999776
55000900061097,2021-08-16,1,0,0.9999776
55000900061097,2021-08-17,1,0,0.9999776
55000900061097,2021-08-18,1,0,0.9999776
55000900061097,2021-08-19,1,0,0.9999776
55000900061097,2021-08-20,1,0,0.9999776
55000900061097,2021-08-21,1,0,0.9999776
55000900061097,2021-08-22,1,0,0.9999776
55000900061097,2021-08-23,1,0,0.9999776
55000900061097,2021-08-24,1,0,0.9999776
55000900061097,2021-08-25,1,0,0.9999776
55000900061097,2021-08-26,1,0,0.9999776
55000900061097,2021-08-27,1,0,0.9999776
55000900061097,2021-08-28,1,0,0.9999776
55000900061097,2021-08-29,1,0,0.9999776
55000900061097,2021-08-30,1,0,0.9999776
55000900061097,2021-08-31,1,0,0.9999776
55000900061097,2021-09-01,1,0,0.9999776
55000900061097,2021-09-02,1,0,0.9999776
55000900061097,2021-09-03,1,0,0.9999776
55000900061097,2021-09-04,1,0,0.9999776
55000900061097,2021-09-05,1,0,0.9999776
55000900061097,2021-09-06,1,0,0.9999776
55000900061097,2021-09-07,1,0,0.9999776
55000900061097,2021-09-08,1,0,0.9999776
55000900061097,2021-09-09,1,0,0.9999776
55000900061097,2021-09-10,1,0,0.9999776
55000900061097,2021-09-11,1,0,0.9999776
55000900061097,2021-09-12,1,0,0.9999776
55000900061097,2021-09-13,1,0,0.9999776
55000900061097,2021-09-14,1,0,0.9999776
55000900061097,2021-09-15,1,0,0.9999776
55000900061097,2021-09-16,1,0,0.9999776
55000900061097,2021-09-17,1,0,0.9999776
55000900061097,2021-09-18,1,0,0.9999776
55000900061097,2021-09-19,1,0,0.9999776
55000900061097,2021-09-20,1,0,0.9999776
55000900061097,2021-09-21,1,0,0.9999776
55000900061097,2021-09-22,1,0,0.9999776
55000900061097,2021-09-23,1,0,0.9999776
55000900061097,2021-09-24,1,0,0.9999776
55000900061097,2021-09-25,1,0,0.9999776
55000900061097,2021-09-26,1,0,0.9999776
55000900061097,2021-09-27,1,0,0.9999776
55000900061097,2021-09-28,1,0,0.9999776
55000900061097,2021-09-29,1,0,0.9999776
55000900061097,2021-09-30,1,0,0.9999776
55000900061097,2021-10-01,1,0,0.9999776
55000900061097,2021-10-02,1,0,0.9999776
55000900061097,2021-10-03,1,0,0.9999776
55000900061097,2021-10-04,1,0,0.9999776
55000900061097,2021-10-05,1,0,0.9999776
55000900061097,2021-10-06,1,0,0.9999776
55000900061097,2021-10-07,1,0,0.9999776
55000900061097,2021-10-08,1,0,0.9999776
55000900061097,2021-10-09,1,0,0.9999776
55000900061097,2021-10-10,1,0,0.9999776
55000900061097,2021-10-11,1,0,0.9999776
55000900061097,2021-10-12,1,0,0.9999776
55000900061097,2021-10-13,1,0,0.9999776
55000900061097,2021-10-14,1,0,0.9999776
55000900061097,2021-10-15,1,0,0.9999776
55000900061097,2021-10-16,1,0,0.9999776
55000900061097,2021-10-17,1,0,0.9999776
55000900061097,2021-10-18,1,0,0.9999776
55000900061097,2021-10-19,1,0,0.9999776
55000900061097,2021-10-20,1,0,0.9999776
55000900061097,2021-10-21,1,0,0.9999776
55000900061097,2021-10-22,1,0,0.9999776
55000900061097,2021-10-23,1,0,0.9999776
55000900061097,2021-10-24,1,0,0.9999776
55000900061097,2021-10-25,1,0,0.9999776
55000900061097,2021-10-26,1,0,0.9999776
55000900061097,2021-10-27,1,0,0.9999776
55000900061097,2021-10-28,1,0,0.9999776
55000900061097,2021-10-29,1,0,0.9999776
55000900061097,2021-10-30,1,0,0.9999776
55000900061097,2021-10-31,1,0,0.9999776
55000900061097,2021-11-01,1,0,0.9999776
55000900061097,2021-11-02,1,0,0.9999776
55000900061097,2021-11-03,1,0,0.9999776
55000900061097,2021-11-04,1,0,0.9999776
55000900061097,2021-11-05,1,0,0.9999776
55000900061097,2021-11-06,1,0,0.9999776
55000900061097,2021-11-07,1,0,0.9999776
55000900061097,2021-11-08,1,0,0.9999776
55000900061097,2021-11-09,1,0,0.9999776
55000900061097,2021-11-10,1,0,0.9999776
55000900061097,2021-11-11,1,0,0.9999776
55000900061097,2021-11-12,1,0,0.9999776
55000900061097,2021-11-13,1,0,0.9999776
55000900061097,2021-11-14,1,0,0.9999776
55000900061097,2021-11-15,1,0,0.9999776
55000900061097,2021-11-16,1,0,0.9999776
55000900061097,2021-11-17,1,0,0.9999776
55000900061097,2021-11-18,1,0,0.9999776
55000900061097,2021-11-19,1,0,0.9999776
55000900061097,2021-11-20,1,0,0.9999776
55000900061097,2021-11-21,1,0,0.9999776
55000900061097,2021-11-22,1,0,0.9999776
55000900061097,2021-11-23,1,0,0.9999776
55000900061097,2021-11-24,1,0,0.9999776
55000900061097,2021-11-25,1,0,0.9999776
55000900061097,2021-11-26,1,0,0.9999776
55000900061097,2021-11-27,1,0,0.9999776
55000900061097,2021-11-28,1,0,0.9999776
55000900061097,2021-11-29,1,0,0.9999776
55000900061097,2021-11-30,1,0,0.9999776
55000900061097,2021-12-01,1,0,0.9999776
55000900061097,2021-12-02,1,0,0.9999776
55000900061097,2021-12-03,1,0,0.9999776
55000900061097,2021-12-04,1,0,0.9999776
55000900061097,2021-12-05,1,0,0.9999776
55000900061097,2021-12-06,1,0,0.9999776
55000900061097,2021-12-07,1,0,0.9999776
55000900061097,2021-12-08,1,0,0.9999776
55000900061097,2021-12-09,1,0,0.9999776
55000900061097,2021-12-10,1,0,0.9999776
55000900061097,2021-12-11,1,0,0.9999776
55000900061097,2021-12-12,1,0,0.9999776
55000900061097,2021-12-13,1,0,0.9999776
55000900061097,2021-12-14,1,0,0.9999776
55000900061097,2021-12-15,1,0,0.9999776
55000900061097,2021-12-16,1,0,0.9999776
55000900061097,2021-12-17,1,0,0.9999776
55000900061097,2021-12-18,1,0,0.9999776
55000900061097,2021-12-19,1,0,0.9999776
55000900061097,2021-12-20,1,0,0.9999776
55000900061097,2021-12-21,1,0,0.9999776
55000900061097,2021-12-22,1,0,0.9999776
55000900061097,2021-12-23,1,0,0.9999776
55000900061097,2021-12-24,1,0,0.9999776
55000900061097,2021-12-25,1,0,0.9999776
55000900061097,2021-12-26,1,0,0.9999776
55000900061097,2021-12-27,1,0,0.9999776
55000900061097,2021-12-28,1,0,0.9999776
55000900061097,2021-12-29,1,0,0.9999776
55000900061097,2021-12-30,1,0,0.9999776
55000900061097,2021-12-31,1,0,0.9999776
55000900061097,2022-01-01,1,0,0.9999776
55000900061097,2022-01-02,1,0,0.9999776
55000900061097,2022-01-03,1,0,0.9999776
55000900061097,2022-01-04,1,0,0.9999776
55000900061097,2022-01-05,1,0,0.9999776
55000900061097,2022-01-06,1,0,0.9999776
55000900061097,2022-01-07,1,0,0.9999776
55000900061097,2022-01-08,1,0,0.9999776
55000900061097,2022-01-09,1,0,0.9999776
55000900061097,2022-01-10,1,0,0.9999776
55000900061097,2022-01-11,1,0,0.9999776
55000900061097,2022-01-12,1,0,0.9999776
55000900061097,2022-01-13,1,0,0.9999776
55000900061097,2022-01-14,1,0,0.9999776
55000900061097,2022-01-15,1,0,0.9999776
55000900061097,2022-01-16,1,0,0.9999776
55000900061097,2022-01-17,1,0,0.9999776
55000900061097,2022-01-18,1,0,0.9999776
55000900061097,2022-01-19,1,0,0.9999776
55000900061097,2022-01-20,1,0,0.9999776
55000900061097,2022-01-21,1,0,0.9999776
55000900061097,2022-01-22,1,0,0.9999776
55000900061097,2022-01-23,1,0,0.9999776
55000900061097,2022-01-24,1,0,0.9999776
55000900061097,2022-01-25,1,0,0.9999776
55000900061097,2022-01-26,1,0,0.9999776
55000900061097,2022-01-27,1,0,0.9999776
55000900061097,2022-01-28,1,0,0.9999776
55000900061097,2022-01-29,1,0,0.9999776
55000900061097,2022-01-30,1,0,0.9999776
55000900061097,2022-01-31,1,0,0.9999776
55000900061097,2022-02-01,1,0,0.9999776
55000900061097,2022-02-02,1,0,0.9999776
55000900061097,2022-02-03,1,0,0.9999776
55000900061097,2022-02-04,1,0,0.9999776
55000900061097,2022-02-05,1,0,0.9999776
55000900061097,2022-02-06,1,0,0.9999776
55000900061097,2022-02-07,1,0,0.9999776
55000900061097,2022-02-08,1,0,0.9999776
55000900061097,2022-02-09,1,0,0.9999776
55000900061097,2022-02-10,1,0,0.9999776
55000900061097,2022-02-11,1,0,0.9999776
55000900061097,2022-02-12,1,0,0.9999776
55000900061097,2022-02-13,1,0,0.9999776
55000900061097,2022-02-14,1,0,0.9999776
55000900061097,2022-02-15,1,0,0.9999776
55000900061097,2022-02-16,1,0,0.9999776
55000900061097,2022-02-17,1,0,0.9999776
55000900061097,2022-02-18,1,0,0.9999776
55000900061097,2022-02-19,1,0,0.9999776
55000900061097,2022-02-20,1,0,0.9999776
55000900061097,2022-02-21,1,0,0.9999776
55000900061097,2022-02-22,1,0,0.9999776
55000900061097,2022-02-23,1,0,0.9999776
55000900061097,2022-02-24,1,0,0.9999776
55000900061097,2022-02-25,1,0,0.9999776
55000900061097,2022-02-26,1,0,0.9999776
55000900061097,2022-02-27,1,0,0.9999776
55000900061097,2022-02-28,1,0,0.9999776
55000900061097,2022-03-01,1,0,0.9999776
55000900061097,2022-03-02,1,0,0.9999776
55000900061097,2022-03-03,1,0,0.9999776
55000900061097,2022-03-04,1,0,0.9999776
55000900061097,2022-03-05,1,0,0.9999776
55000900061097,2022-03-06,1,0,0.9999776
55000900061097,2022-03-07,1,0,0.9999776
55000900061097,2022-03-08,1,0,0.9999776
55000900061097,2022-03-09,1,0,0.9999776
55000900061097,2022-03-10,1,0,0.9999776
55000900061097,2022-03-11,1,0,0.9999776
55000900061097,2022-03-12,1,0,0.9999776
55000900061097,2022-03-13,1,0,0.9999776
55000900061097,2022-03-14,1,0,0.9999776
55000900061097,2022-03-15,1,0,0.9999776
55000900061097,2022-03-16,1,0,0.9999776
55000900061097,2022-03-17,1,0,0.9999776
55000900061097,2022-03-18,1,0,0.9999776
55000900061097,2022-03-19,1,0,0.9999776
55000900061097,2022-03-20,1,0,0.9999776
55000900061097,2022-03-21,1,0,0.9999776
55000900061097,2022-03-22,1,0,0.9999776
55000900061097,2022-03-23,1,0,0.9999776
55000900061097,2022-03-24,1,0,0.9999776
55000900061097,2022-03-25,1,0,0.9999776
55000900061097,2022-03-26,1,0,0.9999776
55000900061097,2022-03-27,1,0,0.9999776
55000900061097,2022-03-28,1,0,0.9999776
55000900061097,2022-03-29,1,0,0.9999776
55000900061097,2022-03-30,1,0,0.9999776
55000900061097,2022-03-31,1,0,0.9999776
55000900061097,2022-04-01,1,0,0.9999776
55000900061097,2022-04-02,1,0,0.9999776
55000900061097,2022-04-03,1,0,0.9999776
55000900061097,2022-04-04,1,0,0.9999776
55000900061097,2022-04-05,1,0,0.9999776
55000900061097,2022-04-06,1,0,0.9999776
55000900061097,2022-04-07,1,0,0.9999776
55000900061097,2022-04-08,1,0,0.9999776
55000900061097,2022-04-09,1,0,0.9999776
55000900061097,2022-04-10,1,0,0.9999776
55000900061097,2022-04-11,1,0,0.9999776
55000900061097,2022-04-12,1,0,0.9999776
55000900061097,2022-04-13,1,0,0.9999776
55000900061097,2022-04-14,1,0,0.9999776
55000900061097,2022-04-15,1,0,0.9999776
55000900061097,2022-04-16,1,0,0.9999776
55000900061097,2022-04-17,1,0,0.9999776
55000900061097,2022-04-18,1,0,0.9999776
55000900061097,2022-04-19,1,0,0.9999776
55000900061097,2022-04-20,1,0,0.9999776
55000900061097,2022-04-21,1,0,0.9999776
55000900061097,2022-04-22,1,0,0.9999776
55000900061097,2022-04-23,1,0,0.9999776
55000900061097,2022-04-24,1,0,0.9999776
55000900061097,2022-04-25,1,0,0.9999776
55000900061097,2022-04-26,1,0,0.9999776
55000900061097,2022-04-27,1,0,0.9999776
55000900061097,2022-04-28,1,0,0.9999776
55000900061097,2022-04-29,1,0,0.9999776
55000900061097,2022-04-30,1,0,0.9999776
55000900061097,2022-05-01,1,0,0.9999776
55000900061097,2022-05-02,1,0,0.9999776
55000900061097,2022-05-03,1,0,0.9999776
55000900061097,2022-05-04,1,0,0.9999776
55000900061097,2022-05-05,1,0,0.9999776
55000900061097,2022-05-06,1,0,0.9999776
55000900061097,2022-05-07,1,0,0.9999776
55000900061097,2022-05-08,1,0,0.9999776
55000900061097,2022-05-09,1,0,0.9999776
55000900061097,2022-05-10,1,0,0.9999776
55000900061097,2022-05-11,1,0,0.9999776
55000900061097,2022-05-12,1,0,0.9999776
55000900061097,2022-05-13,1,0,0.9999776
55000900061097,2022-05-14,1,0,0.9999776
55000900061097,2022-05-15,1,0,0.9999776
55000900061097,2022-05-16,1,0,0.9999776
55000900061097,2022-05-17,1,0,0.9999776
55000900061097,2022-05-18,1,0,0.9999776
55000900061097,2022-05-19,1,0,0.9999776
55000900061097,2022-05-20,1,0,0.9999776
55000900061097,2022-05-21,1,0,0.9999776
55000900061097,2022-05-22,1,0,0.9999776
55000900061097,2022-05-23,1,0,0.9999776
55000900061097,2022-05-24,1,0,0.9999776
55000900061097,2022-05-25,1,0,0.9999776
55000900061097,2022-05-26,1,0,0.9999776
55000900061097,2022-05-27,1,0,0.9999776
55000900061097,2022-05-28,1,0,0.9999776
55000900061097,2022-05-29,1,0,0.9999776
55000900061097,2022-05-30,1,0,0.9999776
55000900061097,2022-05-31,1,0,0.9999776
55000900061097,2022-06-01,1,0,0.9999776
55000900061097,2022-06-02,1,0,0.9999776
55000900061097,2022-06-03,1,0,0.9999776
55000900061097,2022-06-04,1,0,0.9999776
55000900061097,2022-06-05,1,0,0.9999776
55000900061097,2022-06-06,1,0,0.9999776
55000900061097,2022-06-07,1,0,0.9999776
55000900061097,2022-06-08,1,0,0.9999776
55000900061097,2022-06-09,1,0,0.9999776
55000900061097,2022-06-10,1,0,0.9999776
55000900061097,2022-06-11,1,0,0.9999776
55000900061097,2022-06-12,1,0,0.9999776
55000900061097,2022-06-13,1,0,0.9999776
55000900061097,2022-06-14,1,0,0.9999776
55000900061097,2022-06-15,1,0,0.9999776
55000900061097,2022-06-16,1,0,0.9999776
55000900061097,2022-06-17,1,0,0.9999776
55000900061097,2022-06-18,1,0,0.9999776
55000900061097,2022-06-19,1,0,0.9999776
55000900061097,2022-06-20,1,0,0.9999776
55000900061097,2022-06-21,1,0,0.9999776
55000900061097,2022-06-22,1,0,0.9999776
55000900061097,2022-06-23,1,0,0.9999776
55000900061097,2022-06-24,1,0,0.9999776
55000900061097,2022-06-25,1,0,0.9999776
55000900061097,2022-06-26,1,0,0.9999776
55000900061097,2022-06-27,1,0,0.9999776
55000900061097,2022-06-28,1,0,0.9999776
55000900061097,2022-06-29,1,0,0.9999776
55000900061097,2022-06-30,1,0,0.9999776
55000900061097,2022-07-01,1,0,0.9999776
55000900061097,2022-07-02,1,0,0.9999776
55000900061097,2022-07-03,1,0,0.9999776
55000900061097,2022-07-04,1,0,0.9999776
55000900061097,2022-07-05,1,0,0.9999776
55000900061097,2022-07-06,1,0,0.9999776
55000900061097,2022-07-07,1,0,0.9999776
55000900061097,2022-07-08,1,0,0.9999776
55000900061097,2022-07-09,1,0,0.9999776
55000900061097,2022-07-10,1,0,0.9999776
55000900061097,2022-07-11,1,0,0.9999776
55000900061097,2022-07-12,1,0,0.9999776
55000900061097,2022-07-13,1,0,0.9999776
55000900061097,2022-07-14,1,0,0.9999776
55000900061097,2022-07-15,1,0,0.9999776
55000900061097,2022-07-16,1,0,0.9999776
55000900061097,2022-07-17,1,0,0.9999776
55000900061097,2022-07-18,1,0,0.9999776
55000900061097,2022-07-19,1,0,0.9999776
55000900061097,2022-07-20,1,0,0.9999776
55000900061097,2022-07-21,1,0,0.9999776
55000900061097,2022-07-22,1,0,0.9999776
55000900061097,2022-07-23,1,0,0.9999776
55000900061097,2022-07-24,1,0,0.9999776
55000900061097,2022-07-25,1,0,0.9999776
55000900061097,2022-07-26,1,0,0.9999776
55000900061097,2022-07-27,1,0,0.9999776
55000900061097,2022-07-28,1,0,0.9999776
55000900061097,2022-07-29,1,0,0.9999776
55000900061097,2022-07-30,1,0,0.9999776
55000900061097,2022-07-31,1,0,0.9999776
55000900061097,2022-08-01,1,0,0.9999776
55000900061097,2022-08-02,1,0,0.9999776
55000900061097,2022-08-03,1,0,0.9999776
55000900061097,2022-08-04,1,0,0.9999776
55000900061097,2022-08-05,1,0,0.9999776
55000900061097,2022-08-06,1,0,0.9999776
55000900061097,2022-08-07,1,0,0.9999776
55000900061097,2022-08-08,1,0,0.9999776
55000900061097,2022-08-09,1,0,0.9999776
55000900061097,2022-08-10,1,0,0.9999776
55000900061097,2022-08-11,1,0,0.9999776
55000900061097,2022-08-12,1,0,0.9999776
55000900061097,2022-08-13,1,0,0.9999776
55000900061097,2022-08-14,1,0,0.9999776
55000900061097,2022-08-15,1,0,0.9999776
55000900061097,2022-08-16,1,0,0.9999776
55000900061097,2022-08-17,1,0,0.9999776
55000900061097,2022-08-18,1,0,0.9999776
55000900061097,2022-08-19,1,0,0.9999776
55000900061097,2022-08-20,1,0,0.9999776
55000900061097,2022-08-21,1,0,0.9999776
55000900061097,2022-08-22,1,0,0.9999776
55000900061097,2022-08-23,1,0,0.9999776
55000900061097,2022-08-24,1,0,0.9999776
55000900061097,2022-08-25,1,0,0.9999776
55000900061097,2022-08-26,1,0,0.9999776
55000900061097,2022-08-27,1,0,0.9999776
55000900061097,2022-08-28,1,0,0.9999776
55000900061097,2022-08-29,1,0,0.9999776
55000900061097,2022-08-30,1,0,0.9999776
55000900061097,2022-08-31,1,0,0.9999776
55000900061097,2022-09-01,1,0,0.9999776
55000900061097,2022-09-02,1,0,0.9999776
55000900061097,2022-09-03,1,0,0.9999776
55000900061097,2022-09-04,1,0,0.9999776
55000900061097,2022-09-05,1,0,0.9999776
55000900061097,2022-09-06,1,0,0.9999776
55000900061097,2022-09-07,1,0,0.9999776
55000900061097,2022-09-08,1,0,0.9999776
55000900061097,2022-09-09,1,0,0.9999776
55000900061097,2022-09-10,1,0,0.9999776
55000900061097,2022-09-11,1,0,0.9999776
55000900061097,2022-09-12,1,0,0.9999776
55000900061097,2022-09-13,1,0,0.9999776
55000900061097,2022-09-14,1,0,0.9999776
55000900061097,2022-09-15,1,0,0.9999776
55000900061097,2022-09-16,1,0,0.9999776
55000900061097,2022-09-17,1,0,0.9999776
55000900061097,2022-09-18,1,0,0.9999776
55000900061097,2022-09-19,1,0,0.9999776
55000900061097,2022-09-20,1,0,0.9999776
55000900061097,2022-09-21,1,0,0.9999776
55000900061097,2022-09-22,1,0,0.9999776
55000900061097,2022-09-23,1,0,0.9999776
55000900061097,2022-09-24,1,0,0.9999776
55000900061097,2022-09-25,1,0,0.9999776
55000900061097,2022-09-26,1,0,0.9999776
55000900061097,2022-09-27,1,0,0.9999776
55000900061097,2022-09-28,1,0,0.9999776
55000900061097,2022-09-29,1,0,0.9999776
55000900061097,2022-09-30,1,0,0.9999776
55000900061097,2022-10-01,1,0,0.9999776
55000900061097,2022-10-02,1,0,0.9999776
55000900061097,2022-10-03,1,0,0.9999776
55000900061097,2022-10-04,1,0,0.9999776
55000900061097,2022-10-05,1,0,0.9999776
55000900061097,2022-10-06,1,0,0.9999776
55000900061097,2022-10-07,1,0,0.9999776
55000900061097,2022-10-08,1,0,0.9999776
55000900061097,2022-10-09,1,0,0.9999776
55000900061097,2022-10-10,1,0,0.9999776
55000900061097,2022-10-11,1,0,0.9999776
55000900061097,2022-10-12,1,0,0.9999776
55000900061097,2022-10-13,1,0,0.9999776
55000900061097,2022-10-14,1,0,0.9999776
55000900061097,2022-10-15,1,0,0.9999776
55000900061097,2022-10-16,1,0,0.9999776
55000900061097,2022-10-17,1,0,0.9999776
55000900061097,2022-10-18,1,0,0.9999776
55000900061097,2022-10-19,1,0,0.9999776
55000900061097,2022-10-20,1,0,0.9999776
55000900061097,2022-10-21,1,0,0.9999776
55000900061097,2022-10-22,1,0,0.9999776
55000900061097,2022-10-23,1,0,0.9999776
55000900061097,2022-10-24,1,0,0.9999776
55000900061097,2022-10-25,1,0,0.9999776
55000900061097,2022-10-26,1,0,0.9999776
55000900061097,2022-10-27,1,0,0.9999776
55000900061097,2022-10-28,1,0,0.9999776
55000900061097,2022-10-29,1,0,0.9999776
55000900061097,2022-10-30,1,0,0.9999776
55000900061097,2022-10-31,1,0,0.9999776
55000900061097,2022-11-01,1,0,0.9999776
55000900061097,2022-11-02,1,0,0.9999776
55000900061097,2022-11-03,1,0,0.9999776
55000900061097,2022-11-04,1,0,0.9999776
55000900061097,2022-11-05,1,0,0.9999776
55000900061097,2022-11-06,1,0,0.9999776
55000900061097,2022-11-07,1,0,0.9999776
55000900061097,2022-11-08,1,0,0.9999776
55000900061097,2022-11-09,1,0,0.9999776
55000900061097,2022-11-10,1,0,0.9999776
55000900061097,2022-11-11,1,0,0.9999776
55000900061097,2022-11-12,1,0,0.9999776
55000900061097,2022-11-13,1,0,0.9999776
55000900061097,2022-11-14,1,0,0.9999776
55000900061097,2022-11-15,1,0,0.9999776
55000900061097,2022-11-16,1,0,0.9999776
55000900061097,2022-11-17,1,0,0.9999776
55000900061097,2022-11-18,1,0,0.9999776
55000900061097,2022-11-19,1,0,0.9999776
55000900061097,2022-11-20,1,0,0.9999776
55000900061097,2022-11-21,1,0,0.9999776
55000900061097,2022-11-22,1,0,0.9999776
55000900061097,2022-11-23,1,0,0.9999776
55000900061097,2022-11-24,1,0,0.9999776
55000900061097,2022-11-25,1,0,0.9999776
55000900061097,2022-11-26,1,0,0.9999776
55000900061097,2022-11-27,1,0,0.9999776
55000900061097,2022-11-28,1,0,0.9999776
55000900061097,2022-11-29,1,0,0.9999776
55000900061097,2022-11-30,1,0,0.9999776
55000900061097,2022-12-01,1,0,0.9999776
55000900061097,2022-12-02,1,0,0.9999776
55000900061097,2022-12-03,1,0,0.9999776
55000900061097,2022-12-04,1,0,0.9999776
55000900061097,2022-12-05,1,0,0.9999776
55000900061097,2022-12-06,1,0,0.9999776
55000900061097,2022-12-07,1,0,0.9999776
55000900061097,2022-12-08,1,0,0.9999776
55000900061097,2022-12-09,1,0,0.9999776
55000900061097,2022-12-10,1,0,0.9999776
55000900061097,2022-12-11,1,0,0.9999776
55000900061097,2022-12-12,1,0,0.9999776
55000900061097,2022-12-13,1,0,0.9999776
55000900061097,2022-12-14,1,0,0.9999776
55000900061097,2022-12-15,1,0,0.9999776
55000900061097,2022-12-16,1,0,0.9999776
55000900061097,2022-12-17,1,0,0.9999776
55000900061097,2022-12-18,1,0,0.9999776
55000900061097,2022-12-19,1,0,0.9999776
55000900061097,2022-12-20,1,0,0.9999776
55000900061097,2022-12-21,1,0,0.9999776
55000900061097,2022-12-22,1,0,0.9999776
55000900061097,2022-12-23,1,0,0.9999776
55000900061097,2022-12-24,1,0,0.9999776
55000900061097,2022-12-25,1,0,0.9999776
55000900061097,2022-12-26,1,0,0.9999776
55000900061097,2022-12-27,1,0,0.9999776
55000900061097,2022-12-28,1,0,0.9999776
55000900061097,2022-12-29,1,0,0.9999776
55000900061097,2022-12-30,1,0,0.9999776
55000900061097,2022-12-31,1,0,0.9999776
55000900061097,2023-01-01,1,0,0.9999776
55000900061097,2023-01-02,1,0,0.9999776
55000900061097,2023-01-03,1,0,0.9999776
55000900061097,2023-01-04,1,0,0.9999776
55000900061097,2023-01-05,1,0,0.9999776
55000900061097,2023-01-06,1,0,0.9999776
55000900061097,2023-01-07,1,0,0.9999776
55000900061097,2023-01-08,1,0,0.9999776
55000900061097,2023-01-09,1,0,0.9999776
55000900061097,2023-01-10,1,0,0.9999776
55000900061097,2023-01-11,1,0,0.9999776
55000900061097,2023-01-12,1,0,0.9999776
55000900061097,2023-01-13,1,0,0.9999776
55000900061097,2023-01-14,1,0,0.9999776
55000900061097,2023-01-15,1,0,0.9999776
55000900061097,2023-01-16,1,0,0.9999776
55000900061097,2023-01-17,1,0,0.9999776
55000900061097,2023-01-18,1,0,0.9999776
55000900061097,2023-01-19,1,0,0.9999776
55000900061097,2023-01-20,1,0,0.9999776
55000900061097,2023-01-21,1,0,0.9999776
55000900061097,2023-01-22,1,0,0.9999776
55000900061097,2023-01-23,1,0,0.9999776
55000900061097,2023-01-24,1,0,0.9999776
55000900061097,2023-01-25,1,0,0.9999776
55000900061097,2023-01-26,1,0,0.9999776
55000900061097,2023-01-27,1,0,0.9999776
55000900061097,2023-01-28,1,0,0.9999776
55000900061097,2023-01-29,1,0,0.9999776
55000900061097,2023-01-30,1,0,0.9999776
55000900061097,2023-01-31,1,0,0.9999776
55000900061097,2023-02-01,1,0,0.9999776
55000900061097,2023-02-02,1,0,0.9999776
55000900061097,2023-02-03,1,0,0.9999776
55000900061097,2023-02-04,1,0,0.9999776
55000900061097,2023-02-05,1,0,0.9999776
55000900061097,2023-02-06,1,0,0.9999776
55000900061097,2023-02-07,1,0,0.9999776
55000900061097,2023-02-08,1,0,0.9999776
55000900061097,2023-02-09,1,0,0.9999776
55000900061097,2023-02-10,1,0,0.9999776
55000900061097,2023-02-11,1,0,0.9999776
55000900061097,2023-02-12,1,0,0.9999776
55000900061097,2023-02-13,1,0,0.9999776
55000900061097,2023-02-14,1,0,0.9999776
55000900061097,2023-02-15,1,0,0.9999776
55000900061097,2023-02-16,1,0,0.9999776
55000900061097,2023-02-17,1,0,0.9999776
55000900061097,2023-02-18,1,0,0.9999776
55000900061097,2023-02-19,1,0,0.9999776
55000900061097,2023-02-20,1,0,0.9999776
55000900061097,2023-02-21,1,0,0.9999776
55000900061097,2023-02-22,1,0,0.9999776
55000900061097,2023-02-23,1,0,0.9999776
55000900061097,2023-02-24,1,0,0.9999776
55000900061097,2023-02-25,1,0,0.9999776
55000900061097,2023-02-26,1,0,0.9999776
55000900061097,2023-02-27,1,0,0.9999776
55000900061097,2023-02-28,1,0,0.9999776
55000900061097,2023-03-01,1,0,0.9999776
55000900061097,2023-03-02,1,0,0.9999776
55000900061097,2023-03-03,1,0,0.9999776
55000900061097,2023-03-04,1,0,0.9999776
55000900061097,2023-03-05,1,0,0.9999776
55000900061097,2023-03-06,1,0,0.9999776
55000900061097,2023-03-07,1,0,0.9999776
55000900061097,2023-03-08,1,0,0.9999776
55000900061097,2023-03-09,1,0,0.9999776
55000900061097,2023-03-10,1,0,0.9999776
55000900061097,2023-03-11,1,0,0.9999776
55000900061097,2023-03-12,1,0,0.9999776
55000900061097,2023-03-13,1,0,0.9999776
55000900061097,2023-03-14,1,0,0.9999776
55000900061097,2023-03-15,1,0,0.9999776
55000900061097,2023-03-16,1,0,0.9999776
55000900061097,2023-03-17,1,0,0.9999776
55000900061097,2023-03-18,1,0,0.9999776
55000900061097,2023-03-19,1,0,0.9999776
55000900061097,2023-03-20,1,0,0.9999776
55000900061097,2023-03-21,1,0,0.9999776
55000900061097,2023-03-22,1,0,0.9999776
55000900061097,2023-03-23,1,0,0.9999776
55000900061097,2023-03-24,1,0,0.9999776
55000900061097,2023-03-25,1,0,0.9999776
55000900061097,2023-03-26,1,0,0.9999776
55000900061097,2023-03-27,1,0,0.9999776
55000900061097,2023-03-28,1,0,0.9999776
55000900061097,2023-03-29,1,0,0.9999776
55000900061097,2023-03-30,1,0,0.9999776
55000900061097,2023-03-31,1,0,0.9999776
55000900061097,2023-04-01,1,0,0.9999776
55000900061097,2023-04-02,1,0,0.9999776
55000900061097,2023-04-03,1,0,0.9999776
55000900061097,2023-04-04,1,0,0.9999776
55000900061097,2023-04-05,1,0,0.9999776
55000900061097,2023-04-06,1,0,0.9999776
55000900061097,2023-04-07,1,0,0.9999776
55000900061097,2023-04-08,1,0,0.9999776
55000900061097,2023-04-09,1,0,0.9999776
55000900061097,2023-04-10,1,0,0.9999776
55000900061097,2023-04-11,1,0,0.9999776
55000900061097,2023-04-12,1,0,0.9999776
55000900061097,2023-04-13,1,0,0.9999776
55000900061097,2023-04-14,1,0,0.9999776
55000900061097,2023-04-15,1,0,0.9999776
55000900061097,2023-04-16,1,0,0.9999776
55000900061097,2023-04-17,1,0,0.9999776
55000900061097,2023-04-18,1,0,0.9999776
55000900061097,2023-04-19,1,0,0.9999776
55000900061097,2023-04-20,1,0,0.9999776
55000900061097,2023-04-21,1,0,0.9999776
55000900061097,2023-04-22,1,0,0.9999776
55000900061097,2023-04-23,1,0,0.9999776
55000900061097,2023-04-24,1,0,0.9999776
55000900061097,2023-04-25,1,0,0.9999776
55000900061097,2023-04-26,1,0,0.9999776
55000900061097,2023-04-27,1,0,0.9999776
55000900061097,2023-04-28,1,0,0.9999776
55000900061097,2023-04-29,1,0,0.9999776
55000900061097,2023-04-30,1,0,0.9999776
55000900061097,2023-05-01,1,0,0.9999776
55000900061097,2023-05-02,1,0,0.9999776
55000900061097,2023-05-03,1,0,0.9999776
55000900061097,2023-05-04,1,0,0.9999776
55000900061097,2023-05-05,1,0,0.9999776
55000900061097,2023-05-06,1,0,0.9999776
55000900061097,2023-05-07,1,0,0.9999776
55000900061097,2023-05-08,1,0,0.9999776
55000900061097,2023-05-09,1,0,0.9999776
55000900061097,2023-05-10,1,0,0.9999776
55000900061097,2023-05-11,1,0,0.9999776
55000900061097,2023-05-12,1,0,0.9999776
55000900061097,2023-05-13,1,0,0.9999776
55000900061097,2023-05-14,1,0,0.9999776
55000900061097,2023-05-15,1,0,0.9999776
55000900061097,2023-05-16,1,0,0.9999776
55000900061097,2023-05-17,1,0,0.9999776
55000900061097,2023-05-18,1,0,0.9999776
55000900061097,2023-05-19,1,0,0.9999776
55000900061097,2023-05-20,1,0,0.9999776
55000900061097,2023-05-21,1,0,0.9999776
55000900061097,2023-05-22,1,0,0.9999776
55000900061097,2023-05-23,1,0,0.9999776
55000900061097,2023-05-24,1,0,0.9999776
55000900061097,2023-05-25,1,0,0.9999776
55000900061097,2023-05-26,1,0,0.9999776
55000900061097,2023-05-27,1,0,0.9999776
55000900061097,2023-05-28,1,0,0.9999776
55000900061097,2023-05-29,1,0,0.9999776
55000900061097,2023-05-30,1,0,0.9999776
55000900061097,2023-05-31,1,0,0.9999776
55000900061097,2023-06-01,1,0,0.9999776
55000900061097,2023-06-02,1,0,0.9999776
55000900061097,2023-06-03,1,0,0.9999776
55000900061097,2023-06-04,1,0,0.9999776
55000900061097,2023-06-05,1,0,0.9999776
55000900061097,2023-06-06,1,0,0.9999776
55000900061097,2023-06-07,1,0,0.9999776
55000900061097,2023-06-08,1,0,0.9999776
55000900061097,2023-06-09,1,0,0.9999776
55000900061097,2023-06-10,1,0,0.9999776
55000900061097,2023-06-11,1,0,0.9999776
55000900061097,2023-06-12,1,0,0.9999776
55000900061097,2023-06-13,1,0,0.9999776
55000900061097,2023-06-14,1,0,0.9999776
55000900061097,2023-06-15,1,0,0.9999776
55000900061097,2023-06-16,1,0,0.9999776
55000900061097,2023-06-17,1,0,0.9999776
55000900061097,2023-06-18,1,0,0.9999776
55000900061097,2023-06-19,1,0,0.9999776
55000900061097,2023-06-20,1,0,0.9999776
55000900061097,2023-06-21,1,0,0.9999776
55000900061097,2023-06-22,1,0,0.9999776
55000900061097,2023-06-23,1,0,0.9999776
55000900061097,2023-06-24,1,0,0.9999776
55000900061097,2023-06-25,1,0,0.9999776
55000900095919,2020-09-29,1,0,0.834799
55000900095919,2020-09-30,0,0,0.8461748
55000900095919,2020-10-01,0,0,0.8671283
55000900095919,2020-10-02,0,0,0.87869567
55000900095919,2020-10-03,0,0,0.36039704
55000900095919,2020-10-04,0,0,0.37624615
55000900095919,2020-10-05,0,0,0.23460044
55000900095919,2020-10-06,0,0,0.2251368
55000900095919,2020-10-07,0,0,0.21255088
55000900095919,2020-10-08,0,0,0.2032801
55000900095919,2020-10-09,0,0,0.19458789
55000900095919,2020-10-10,1,0,0.18708657
55000900095919,2020-10-11,1,0,0.18065967
55000900095919,2020-10-12,1,0,0.17508587
55000900095919,2020-10-13,1,0,0.67044306
55000900095919,2020-10-14,1,0,0.6662368
55000900095919,2020-10-15,1,0,0.70667857
55000900095919,2020-10-16,1,0,0.7634335
55000900095919,2020-10-17,1,0,0.8063981
55000900095919,2020-10-18,0,0,0.82154614
55000900095919,2020-10-19,0,0,0.837152
55000900095919,2020-10-20,0,0,0.8364277
55000900095919,2020-10-21,0,0,0.38311386
55000900095919,2020-10-22,0,0,0.36317503
55000900095919,2020-10-23,0,0,0.2387349
55000900095919,2020-10-24,1,0,0.2271228
55000900095919,2020-10-25,0,0,0.21720126
55000900095919,2020-10-26,0,0,0.20840128
55000900095919,2020-10-27,0,0,0.6732317
55000900095919,2020-10-28,0,0,0.28689697
55000900095919,2020-10-29,0,0,0.2913468
55000900095919,2020-10-30,0,0,0.25754857
55000900095919,2020-10-31,0,0,0.24096078
55000900095919,2020-11-01,0,0,0.2282769
55000900095919,2020-11-02,0,0,0.21702477
55000900095919,2020-11-03,0,0,0.20729487
55000900095919,2020-11-04,0,0,0.1986458
55000900095919,2020-11-05,1,0,0.19108173
55000900095919,2020-11-06,1,0,0.18447453
55000900095919,2020-11-07,1,0,0.17878032
55000900095919,2020-11-08,1,0,0.65950984
55000900095919,2020-11-09,1,0,0.6463572
55000900095919,2020-11-10,1,0,0.69088894
55000900095919,2020-11-11,1,0,0.64904594
55000900095919,2020-11-12,1,0,0.72265464
55000900095919,2020-11-13,1,0,0.77021915
55000900095919,2020-11-14,1,0,0.78555787
55000900095919,2020-11-15,1,0,0.80217415
55000900095919,2020-11-16,1,0,0.8235489
55000900095919,2020-11-17,1,0,0.834814
55000900095919,2020-11-18,1,0,0.85140646
55000900095919,2020-11-19,1,0,0.8523062
55000900095919,2020-11-20,1,0,0.8757902
55000900095919,2020-11-21,1,0,0.882726
55000900095919,2020-11-22,1,0,0.90386343
55000900095919,2020-11-23,1,0,0.9094244
55000900095919,2020-11-24,1,0,0.93421906
55000900095919,2020-11-25,1,0,0.89947337
55000900095919,2020-11-26,1,0,0.91801006
55000900095919,2020-11-27,1,0,0.9252601
55000900095919,2020-11-28,1,0,0.94345516
55000900095919,2020-11-29,1,0,0.9487627
55000900095919,2020-11-30,1,0,0.9608038
55000900095919,2020-12-01,1,0,0.9632792
55000900095919,2020-12-03,1,0,0.97006893
55000900095919,2020-12-04,1,0,0.9694518
55000900095919,2020-12-05,1,0,0.9685127
55000900095919,2020-12-06,1,0,0.97205204
55000900095919,2020-12-07,1,0,0.98069865
55000900095919,2020-12-08,1,0,0.99441105
55000900095919,2020-12-09,1,0,0.99441105
55000900095919,2020-12-10,1,0,0.99441105
55000900095919,2020-12-11,1,0,0.99441105
55000900095919,2020-12-12,1,0,0.99441105
55000900095919,2020-12-13,1,0,0.99441105
55000900095919,2020-12-14,1,0,0.99441105
55000900095919,2020-12-15,1,0,0.99441105
55000900095919,2020-12-16,1,0,0.99441105
55000900095919,2020-12-17,1,0,0.99441105
55000900095919,2020-12-18,1,0,0.99441105
55000900095919,2020-12-19,1,0,0.99441105
55000900095919,2020-12-20,1,0,0.99441105
55000900095919,2020-12-21,1,0,0.99441105
55000900095919,2020-12-22,1,0,0.99441105
55000900095919,2020-12-23,1,0,0.99441105
55000900095919,2020-12-24,1,0,0.99441105
55000900095919,2020-12-25,1,0,0.99441105
55000900095919,2020-12-26,1,0,0.99441105
55000900095919,2020-12-27,1,0,0.99441105
55000900095919,2020-12-28,1,0,0.99441105
55000900095919,2020-12-29,1,0,0.99441105
55000900095919,2020-12-30,1,0,0.99441105
55000900095919,2020-12-31,1,0,0.99441105
55000900095919,2021-01-01,1,0,0.99441105
55000900095919,2021-01-02,1,0,0.99441105
55000900095919,2021-01-03,1,0,0.99441105
55000900095919,2021-01-04,1,0,0.99441105
55000900095919,2021-01-05,1,0,0.99441105
55000900095919,2021-01-06,1,0,0.99441105
55000900095919,2021-01-07,1,0,0.99441105
55000900095919,2021-01-08,1,0,0.99441105
55000900095919,2021-01-09,1,0,0.99441105
55000900095919,2021-01-10,1,0,0.99441105
55000900095919,2021-01-11,1,0,0.99441105
55000900095919,2021-01-12,1,0,0.99441105
55000900095919,2021-01-13,1,0,0.99441105
55000900095919,2021-01-14,1,0,0.99441105
55000900095919,2021-01-15,1,0,0.99441105
55000900095919,2021-01-16,1,0,0.99441105
55000900095919,2021-01-17,1,0,0.99441105
55000900095919,2021-01-18,1,0,0.99441105
55000900095919,2021-01-19,1,0,0.99441105
55000900095919,2021-01-20,1,0,0.99441105
55000900095919,2021-01-21,1,0,0.99441105
55000900095919,2021-01-22,1,0,0.99441105
55000900095919,2021-01-23,1,0,0.99441105
55000900095919,2021-01-24,1,0,0.99441105
55000900095919,2021-01-25,1,0,0.99441105
55000900095919,2021-01-26,1,0,0.99441105
55000900095919,2021-01-27,1,0,0.99441105
55000900095919,2021-01-28,1,0,0.99441105
55000900095919,2021-01-29,1,0,0.99441105
55000900095919,2021-01-30,1,0,0.99441105
55000900095919,2021-01-31,1,0,0.99441105
55000900095919,2021-02-01,1,0,0.99441105
55000900095919,2021-02-02,1,0,0.99441105
55000900095919,2021-02-03,1,0,0.99441105
55000900095919,2021-02-04,1,0,0.99441105
55000900095919,2021-02-05,1,0,0.99441105
55000900095919,2021-02-06,1,0,0.99441105
55000900095919,2021-02-07,1,0,0.99441105
55000900095919,2021-02-08,1,0,0.99441105
55000900095919,2021-02-09,1,0,0.99441105
55000900095919,2021-02-10,1,0,0.99441105
55000900095919,2021-02-11,1,0,0.99441105
55000900095919,2021-02-12,1,0,0.99441105
55000900095919,2021-02-13,1,0,0.99441105
55000900095919,2021-02-14,1,0,0.99441105
55000900095919,2021-02-15,1,0,0.99441105
55000900095919,2021-02-16,1,0,0.99441105
55000900095919,2021-02-17,1,0,0.99441105
55000900095919,2021-02-18,1,0,0.99441105
55000900095919,2021-02-19,1,0,0.99441105
55000900095919,2021-02-20,1,0,0.99441105
55000900095919,2021-02-21,1,0,0.99441105
55000900095919,2021-02-22,1,0,0.99441105
55000900095919,2021-02-23,1,0,0.99441105
55000900095919,2021-02-24,1,0,0.99441105
55000900095919,2021-02-25,1,0,0.99441105
55000900095919,2021-02-26,1,0,0.99441105
55000900095919,2021-02-27,1,0,0.99441105
55000900095919,2021-02-28,1,0,0.99441105
55000900095919,2021-03-01,1,0,0.99441105
55000900095919,2021-03-02,1,0,0.99441105
55000900095919,2021-03-03,1,0,0.99441105
55000900095919,2021-03-04,1,0,0.99441105
55000900095919,2021-03-05,1,0,0.99441105
55000900095919,2021-03-06,1,0,0.99441105
55000900095919,2021-03-07,1,0,0.99441105
55000900095919,2021-03-08,1,0,0.99441105
55000900095919,2021-03-09,1,0,0.99441105
55000900095919,2021-03-10,1,0,0.99441105
55000900095919,2021-03-11,1,0,0.99441105
55000900095919,2021-03-12,1,0,0.99441105
55000900095919,2021-03-13,1,0,0.99441105
55000900095919,2021-03-15,1,0,0.99441105
55000900095919,2021-03-16,1,0,0.99441105
55000900095919,2021-03-17,1,0,0.99441105
55000900095919,2021-03-18,1,0,0.99441105
55000900095919,2021-03-19,1,0,0.99441105
55000900095919,2021-03-20,1,0,0.99441105
55000900095919,2021-03-21,1,0,0.99441105
55000900095919,2021-03-22,1,0,0.99441105
55000900095919,2021-03-23,1,0,0.99441105
55000900095919,2021-03-24,1,0,0.99441105
55000900095919,2021-03-25,1,0,0.99441105
55000900095919,2021-03-26,1,0,0.99441105
55000900095919,2021-03-27,1,0,0.99441105
55000900095919,2021-03-28,1,0,0.99441105
55000900095919,2021-03-29,1,0,0.99441105
55000900095919,2021-03-30,1,0,0.99441105
55000900095919,2021-03-31,1,0,0.99441105
55000900095919,2021-04-01,1,0,0.99441105
55000900095919,2021-04-02,1,0,0.99441105
55000900095919,2021-04-03,1,0,0.99441105
55000900095919,2021-04-04,1,0,0.99441105
55000900095919,2021-04-05,1,0,0.99441105
55000900095919,2021-04-06,1,0,0.99441105
55000900095919,2021-04-07,1,0,0.99441105
55000900095919,2021-04-08,1,0,0.99441105
55000900095919,2021-04-09,1,0,0.99441105
55000900095919,2021-04-10,1,0,0.99441105
55000900095919,2021-04-11,1,0,0.99441105
55000900095919,2021-04-12,1,0,0.99441105
55000900095919,2021-04-13,1,0,0.99441105
55000900095919,2021-04-14,1,0,0.99441105
55000900095919,2021-04-15,1,0,0.99441105
55000900095919,2021-04-16,1,0,0.99441105
55000900095919,2021-04-17,1,0,0.99441105
55000900095919,2021-04-18,1,0,0.99441105
55000900095919,2021-04-19,1,0,0.99441105
55000900095919,2021-04-20,1,0,0.99441105
55000900095919,2021-04-21,1,0,0.99441105
55000900095919,2021-04-22,1,0,0.99441105
55000900095919,2021-04-23,1,0,0.99441105
55000900095919,2021-04-24,1,0,0.99441105
55000900095919,2021-04-25,1,0,0.99441105
55000900095919,2021-04-26,1,0,0.99441105
55000900095919,2021-04-27,1,0,0.99441105
55000900095919,2021-04-28,1,0,0.99441105
55000900095919,2021-04-29,1,0,0.99441105
55000900095919,2021-04-30,1,0,0.99441105
55000900095919,2021-05-01,1,0,0.99441105
55000900095919,2021-05-02,1,0,0.99441105
55000900095919,2021-05-03,1,0,0.99441105
55000900095919,2021-05-04,1,0,0.99441105
55000900095919,2021-05-05,1,0,0.99441105
55000900095919,2021-05-06,1,0,0.99441105
55000900095919,2021-05-07,1,0,0.99441105
55000900095919,2021-05-08,1,0,0.99441105
55000900095919,2021-05-09,1,0,0.99441105
55000900095919,2021-05-10,1,0,0.99441105
55000900095919,2021-05-11,1,0,0.99441105
55000900095919,2021-05-12,1,0,0.99441105
55000900095919,2021-05-13,1,0,0.99441105
55000900095919,2021-05-14,1,0,0.99441105
55000900095919,2021-05-15,1,0,0.99441105
55000900095919,2021-05-16,1,0,0.99441105
55000900095919,2021-05-17,1,0,0.99441105
55000900095919,2021-05-18,1,0,0.99441105
55000900095919,2021-05-19,1,0,0.99441105
55000900095919,2021-05-20,1,0,0.99441105
55000900095919,2021-05-21,1,0,0.99441105
55000900095919,2021-05-22,1,0,0.99441105
55000900095919,2021-05-23,1,0,0.99441105
55000900095919,2021-05-24,1,0,0.99441105
55000900095919,2021-05-26,1,0,0.99441105
55000900095919,2021-05-27,1,0,0.99441105
55000900095919,2021-05-28,1,0,0.99441105
55000900095919,2021-05-29,1,0,0.99441105
55000900095919,2021-05-30,1,0,0.99441105
55000900095919,2021-05-31,1,0,0.99441105
55000900095919,2021-06-01,1,0,0.99441105
55000900095919,2021-06-02,1,0,0.99441105
55000900095919,2021-06-03,1,0,0.99441105
55000900095919,2021-06-04,1,0,0.99441105
55000900095919,2021-06-05,1,0,0.99441105
55000900095919,2021-06-06,1,0,0.99441105
55000900095919,2021-06-07,1,0,0.99441105
55000900095919,2021-06-08,1,0,0.99441105
55000900095919,2021-06-09,1,0,0.99441105
55000900095919,2021-06-10,1,0,0.99441105
55000900095919,2021-06-11,1,0,0.99441105
55000900095919,2021-06-12,1,0,0.99441105
55000900095919,2021-06-13,1,0,0.99441105
55000900095919,2021-06-14,1,0,0.99441105
55000900095919,2021-06-15,1,0,0.99441105
55000900095919,2021-06-16,1,0,0.99441105
55000900095919,2021-06-17,1,0,0.99441105
55000900095919,2021-06-18,1,0,0.99441105
55000900095919,2021-06-19,1,0,0.99441105
55000900095919,2021-06-20,1,0,0.99441105
55000900095919,2021-06-21,1,0,0.99441105
55000900095919,2021-06-22,1,0,0.99441105
55000900095919,2021-06-23,1,0,0.99441105
55000900095919,2021-06-24,1,0,0.99441105
55000900095919,2021-06-25,1,0,0.99441105
55000900095919,2021-06-26,1,0,0.99441105
55000900095919,2021-06-27,1,0,0.99441105
55000900095919,2021-06-28,1,0,0.99441105
55000900095919,2021-06-29,1,0,0.99441105
55000900095919,2021-06-30,1,0,0.99441105
55000900095919,2021-07-01,1,0,0.99441105
55000900095919,2021-07-02,1,0,0.99441105
55000900095919,2021-07-03,1,0,0.99441105
55000900095919,2021-07-04,1,0,0.99441105
55000900095919,2021-07-05,1,0,0.99441105
55000900095919,2021-07-06,1,0,0.99441105
55000900095919,2021-07-07,1,0,0.99441105
55000900095919,2021-07-08,1,0,0.99441105
55000900095919,2021-07-09,1,0,0.99441105
55000900095919,2021-07-10,1,0,0.99441105
55000900095919,2021-07-11,1,0,0.99441105
55000900095919,2021-07-12,1,0,0.99441105
55000900095919,2021-07-13,1,0,0.99441105
55000900095919,2021-07-14,1,0,0.99441105
55000900095919,2021-07-15,1,0,0.99441105
55000900095919,2021-07-16,1,0,0.99441105
55000900095919,2021-07-17,1,0,0.99441105
55000900095919,2021-07-18,1,0,0.99441105
55000900095919,2021-07-19,1,0,0.99441105
55000900095919,2021-07-20,1,0,0.99441105
55000900095919,2021-07-21,1,0,0.99441105
55000900095919,2021-07-22,1,0,0.99441105
55000900095919,2021-07-23,1,0,0.99441105
55000900095919,2021-07-24,1,0,0.99441105
55000900095919,2021-07-25,1,0,0.99441105
55000900095919,2021-07-26,1,0,0.99441105
55000900095919,2021-07-27,1,0,0.99441105
55000900095919,2021-07-28,1,0,0.99441105
55000900095919,2021-07-29,1,0,0.99441105
55000900095919,2021-07-30,1,0,0.99441105
55000900095919,2021-07-31,1,0,0.99441105
55000900095919,2021-08-01,1,0,0.99441105
55000900095919,2021-08-02,1,0,0.99441105
55000900095919,2021-08-03,1,0,0.99441105
55000900095919,2021-08-04,1,0,0.99441105
55000900095919,2021-08-05,1,0,0.99441105
55000900095919,2021-08-06,1,0,0.99441105
55000900095919,2021-08-07,1,0,0.99441105
55000900095919,2021-08-08,0,0,0.99441105
55000900095919,2021-08-09,0,0,0.99441105
55000900095919,2021-08-10,0,0,0.99441105
55000900095919,2021-08-11,0,0,0.27754796
55000900095919,2021-08-12,0,0,0.29039475
55000900095919,2021-08-13,0,0,0.17885473
55000900095919,2021-08-14,0,0,0.16669425
55000900095919,2021-08-15,0,0,0.15198036
55000900095919,2021-08-16,0,0,0.14924434
55000900095919,2021-08-17,0,0,0.13684057
55000900095919,2021-08-19,0,0,0.13370888
55000900095919,2021-08-20,0,0,0.11816326
55000900095919,2021-08-21,0,0,0.1175565
55000900095919,2021-08-22,0,0,0.10945625
55000900095919,2021-08-23,0,0,0.110776946
55000900095919,2021-08-24,0,0,0.10539045
55000900095919,2021-08-25,0,0,0.107294716
55000900095919,2021-08-26,0,0,0.10313932
55000900095919,2021-08-27,0,0,0.10522059
55000900095919,2021-08-28,0,0,0.10170038
55000900095919,2021-08-29,0,0,0.103805
55000900095919,2021-08-30,0,0,0.10062136
55000900095919,2021-08-31,0,0,0.102745704
55000900095919,2021-09-01,0,0,0.09972982
55000900095919,2021-09-02,0,0,0.10196389
55000900095919,2021-09-03,0,0,0.09905309
55000900095919,2021-09-04,0,0,0.10158806
55000900095919,2021-09-05,0,0,0.09923273
55000900095919,2021-09-06,0,0,0.102459356
55000900095919,2021-09-07,0,0,0.10116399
55000900095919,2021-09-08,0,0,0.10386951
55000900095919,2021-09-09,0,0,0.100823365
55000900095919,2021-09-10,0,0,0.11030145
55000900095919,2021-09-11,0,0,0.11030145
55000900095919,2021-09-12,0,0,0.11030145
55000900095919,2021-09-13,0,0,0.11030145
55000900095919,2021-09-14,0,0,0.11030145
55000900095919,2021-09-15,0,0,0.11030145
55000900095919,2021-09-16,0,0,0.11030145
55000900095919,2021-09-17,0,0,0.11030145
55000900095919,2021-09-18,1,0,0.11030145
55000900095919,2021-09-19,1,0,0.11030145
55000900095919,2021-09-20,1,0,0.11030145
55000900095919,2021-09-21,1,0,0.4677478
55000900095919,2021-09-22,1,0,0.47400838
55000900095919,2021-09-23,1,0,0.497639
55000900095919,2021-09-24,1,0,0.537598
55000900095919,2021-09-25,1,0,0.6101515
55000900095919,2021-09-26,1,0,0.696682
55000900095919,2021-09-27,1,0,0.7316343
55000900095919,2021-09-28,1,0,0.74551475
55000900095919,2021-09-29,1,0,0.7559369
55000900095919,2021-09-30,1,0,0.77817255
55000900095919,2021-10-01,1,0,0.78732514
55000900095919,2021-10-02,1,0,0.8091146
55000900095919,2021-10-03,1,0,0.81652397
55000900095919,2021-10-04,1,0,0.8370505
55000900095919,2021-10-05,1,0,0.83529836
55000900095919,2021-10-06,1,0,0.8603315
55000900095919,2021-10-07,1,0,0.8860565
55000900095919,2021-10-08,1,0,0.8953789
55000900095919,2021-10-09,1,0,0.91801006
55000900095919,2021-10-10,1,0,0.9252601
55000900095919,2021-10-11,1,0,0.94345516
55000900095919,2021-10-12,1,0,0.9487627
55000900095919,2021-10-13,1,0,0.9608038
55000900095919,2021-10-14,1,0,0.9632792
55000900095919,2021-10-15,1,0,0.97006893
55000900095919,2021-10-16,1,0,0.9694518
55000900095919,2021-10-17,1,0,0.9685127
55000900095919,2021-10-18,1,0,0.97205204
55000900095919,2021-10-19,1,0,0.98069865
55000900095919,2021-10-20,1,0,0.99441105
55000900095919,2021-10-21,1,0,0.99441105
55000900095919,2021-10-22,1,0,0.99441105
55000900095919,2021-10-23,1,0,0.99441105
55000900095919,2021-10-24,1,0,0.99441105
55000900095919,2021-10-25,1,0,0.99441105
55000900095919,2021-10-26,1,0,0.99441105
55000900095919,2021-10-27,1,0,0.99441105
55000900095919,2021-10-28,1,0,0.99441105
55000900095919,2021-10-29,1,0,0.99441105
55000900095919,2021-10-30,1,0,0.99441105
55000900095919,2021-10-31,1,0,0.99441105
55000900095919,2021-11-01,1,0,0.99441105
55000900095919,2021-11-02,1,0,0.99441105
55000900095919,2021-11-03,1,0,0.99441105
55000900095919,2021-11-04,1,0,0.99441105
55000900095919,2021-11-05,1,0,0.99441105
55000900095919,2021-11-06,1,0,0.99441105
55000900095919,2021-11-07,1,0,0.99441105
55000900095919,2021-11-08,1,0,0.99441105
55000900095919,2021-11-09,1,0,0.99441105
55000900095919,2021-11-10,1,0,0.99441105
55000900095919,2021-11-11,1,0,0.99441105
55000900095919,2021-11-12,1,0,0.99441105
55000900095919,2021-11-13,1,0,0.99441105
55000900095919,2021-11-14,1,0,0.99441105
55000900095919,2021-11-15,1,0,0.99441105
55000900095919,2021-11-16,1,0,0.99441105
55000900095919,2021-11-17,1,0,0.99441105
55000900095919,2021-11-18,1,0,0.99441105
55000900095919,2021-11-19,1,0,0.99441105
55000900095919,2021-11-20,1,0,0.99441105
55000900095919,2021-11-21,1,0,0.99441105
55000900095919,2021-11-22,1,0,0.99441105
55000900095919,2021-11-23,1,0,0.99441105
55000900095919,2021-11-24,1,0,0.99441105
55000900095919,2021-11-25,1,0,0.99441105
55000900095919,2021-11-26,1,0,0.99441105
55000900095919,2021-11-27,1,0,0.99441105
55000900095919,2021-11-28,1,0,0.99441105
55000900095919,2021-11-29,1,0,0.99441105
55000900095919,2021-11-30,1,0,0.99441105
55000900095919,2021-12-01,1,0,0.99441105
55000900095919,2021-12-02,1,0,0.99441105
55000900095919,2021-12-03,1,0,0.99441105
55000900095919,2021-12-04,1,0,0.99441105
55000900095919,2021-12-05,1,0,0.99441105
55000900095919,2021-12-06,1,0,0.99441105
55000900095919,2021-12-07,1,0,0.99441105
55000900095919,2021-12-08,1,0,0.99441105
55000900095919,2021-12-09,1,0,0.99441105
55000900095919,2021-12-10,1,0,0.99441105
55000900095919,2021-12-11,1,0,0.99441105
55000900095919,2021-12-12,1,0,0.99441105
55000900095919,2021-12-13,1,0,0.99441105
55000900095919,2021-12-14,1,0,0.99441105
55000900095919,2021-12-15,1,0,0.99441105
55000900095919,2021-12-16,1,0,0.99441105
55000900095919,2021-12-17,1,0,0.99441105
55000900095919,2021-12-18,1,0,0.99441105
55000900095919,2021-12-19,1,0,0.99441105
55000900095919,2021-12-20,1,0,0.99441105
55000900095919,2021-12-21,1,0,0.99441105
55000900095919,2021-12-22,1,0,0.99441105
55000900095919,2021-12-23,1,0,0.99441105
55000900095919,2021-12-24,1,0,0.99441105
55000900095919,2021-12-25,1,0,0.99441105
55000900095919,2021-12-26,1,0,0.99441105
55000900095919,2021-12-27,1,0,0.99441105
55000900095919,2021-12-28,1,0,0.99441105
55000900095919,2021-12-29,1,0,0.99441105
55000900095919,2021-12-30,1,0,0.99441105
55000900095919,2021-12-31,1,0,0.99441105
55000900095919,2022-01-01,1,0,0.99441105
55000900095919,2022-01-02,1,0,0.99441105
55000900095919,2022-01-03,1,0,0.99441105
55000900095919,2022-01-04,1,0,0.99441105
55000900095919,2022-01-05,1,0,0.99441105
55000900095919,2022-01-06,1,0,0.99441105
55000900095919,2022-01-07,1,0,0.99441105
55000900095919,2022-01-08,1,0,0.99441105
55000900095919,2022-01-09,1,0,0.99441105
55000900095919,2022-01-10,1,0,0.99441105
55000900095919,2022-01-11,1,0,0.99441105
55000900095919,2022-01-12,1,0,0.99441105
55000900095919,2022-01-13,1,0,0.99441105
55000900095919,2022-01-14,1,0,0.99441105
55000900095919,2022-01-15,1,0,0.99441105
55000900095919,2022-01-16,1,0,0.99441105
55000900095919,2022-01-17,1,0,0.99441105
55000900095919,2022-01-18,1,0,0.99441105
55000900095919,2022-01-19,1,0,0.99441105
55000900095919,2022-01-20,1,0,0.99441105
55000900095919,2022-01-21,1,0,0.99441105
55000900095919,2022-01-22,1,0,0.99441105
55000900095919,2022-01-23,1,0,0.99441105
55000900095919,2022-01-24,1,0,0.99441105
55000900095919,2022-01-25,1,0,0.99441105
55000900095919,2022-01-26,1,0,0.99441105
55000900095919,2022-01-27,1,0,0.99441105
55000900095919,2022-01-28,1,0,0.99441105
55000900095919,2022-01-29,1,0,0.99441105
55000900095919,2022-01-30,1,0,0.99441105
55000900095919,2022-01-31,1,0,0.99441105
55000900095919,2022-02-01,1,0,0.99441105
55000900095919,2022-02-02,1,0,0.99441105
55000900095919,2022-02-03,1,0,0.99441105
55000900095919,2022-02-04,1,0,0.99441105
55000900095919,2022-02-05,1,0,0.99441105
55000900095919,2022-02-06,1,0,0.99441105
55000900095919,2022-02-07,1,0,0.99441105
55000900095919,2022-02-08,1,0,0.99441105
55000900095919,2022-02-09,1,0,0.99441105
55000900095919,2022-02-10,1,0,0.99441105
55000900095919,2022-02-11,1,0,0.99441105
55000900095919,2022-02-12,1,0,0.99441105
55000900095919,2022-02-13,1,0,0.99441105
55000900095919,2022-02-14,1,0,0.99441105
55000900095919,2022-02-15,1,0,0.99441105
55000900095919,2022-02-16,1,0,0.99441105
55000900095919,2022-02-17,1,0,0.99441105
55000900095919,2022-02-18,1,0,0.99441105
55000900095919,2022-02-19,1,0,0.99441105
55000900095919,2022-02-20,1,0,0.99441105
55000900095919,2022-02-21,1,0,0.99441105
55000900095919,2022-02-22,1,0,0.99441105
55000900095919,2022-02-23,1,0,0.99441105
55000900095919,2022-02-24,1,0,0.99441105
55000900095919,2022-02-25,1,0,0.99441105
55000900095919,2022-02-26,1,0,0.99441105
55000900095919,2022-02-27,1,0,0.99441105
55000900095919,2022-02-28,1,0,0.99441105
55000900095919,2022-03-01,1,0,0.99441105
55000900095919,2022-03-02,1,0,0.99441105
55000900095919,2022-03-03,1,0,0.99441105
55000900095919,2022-03-04,1,0,0.99441105
55000900095919,2022-03-05,1,0,0.99441105
55000900095919,2022-03-06,1,0,0.99441105
55000900095919,2022-03-07,1,0,0.99441105
55000900095919,2022-03-08,1,0,0.99441105
55000900095919,2022-03-09,1,0,0.99441105
55000900095919,2022-03-10,1,0,0.99441105
55000900095919,2022-03-11,1,0,0.99441105
55000900095919,2022-03-12,1,0,0.99441105
55000900095919,2022-03-14,1,0,0.99441105
55000900095919,2022-03-15,1,0,0.99441105
55000900095919,2022-03-16,1,0,0.99441105
55000900095919,2022-03-17,1,0,0.99441105
55000900095919,2022-03-18,1,0,0.99441105
55000900095919,2022-03-19,1,0,0.99441105
55000900095919,2022-03-20,1,0,0.99441105
55000900095919,2022-03-21,1,0,0.99441105
55000900095919,2022-03-22,1,0,0.99441105
55000900095919,2022-03-23,1,0,0.99441105
55000900095919,2022-03-24,1,0,0.99441105
55000900095919,2022-03-25,1,0,0.99441105
55000900095919,2022-03-26,1,0,0.99441105
55000900095919,2022-03-27,1,0,0.99441105
55000900095919,2022-03-28,1,0,0.99441105
55000900095919,2022-03-29,1,0,0.99441105
55000900095919,2022-03-30,1,0,0.99441105
55000900095919,2022-03-31,1,0,0.99441105
55000900095919,2022-04-01,1,0,0.99441105
55000900095919,2022-04-02,1,0,0.99441105
55000900095919,2022-04-03,1,0,0.99441105
55000900095919,2022-04-04,1,0,0.99441105
55000900095919,2022-04-05,1,0,0.99441105
55000900095919,2022-04-06,1,0,0.99441105
55000900095919,2022-04-07,1,0,0.99441105
55000900095919,2022-04-08,1,0,0.99441105
55000900095919,2022-04-09,1,0,0.99441105
55000900095919,2022-04-10,1,0,0.99441105
55000900095919,2022-04-11,1,0,0.99441105
55000900095919,2022-04-12,1,0,0.99441105
55000900095919,2022-04-13,1,0,0.99441105
55000900095919,2022-04-14,1,0,0.99441105
55000900095919,2022-04-15,1,0,0.99441105
55000900095919,2022-04-16,1,0,0.99441105
55000900095919,2022-04-17,1,0,0.99441105
55000900095919,2022-04-18,1,0,0.99441105
55000900095919,2022-04-19,1,0,0.99441105
55000900095919,2022-04-20,1,0,0.99441105
55000900095919,2022-04-21,1,0,0.99441105
55000900095919,2022-04-22,1,0,0.99441105
55000900095919,2022-04-23,1,0,0.99441105
55000900095919,2022-04-24,1,0,0.99441105
55000900095919,2022-04-25,1,0,0.99441105
55000900095919,2022-04-26,1,0,0.99441105
55000900095919,2022-04-27,1,0,0.99441105
55000900095919,2022-04-28,1,0,0.99441105
55000900095919,2022-04-29,1,0,0.99441105
55000900095919,2022-04-30,1,0,0.99441105
55000900095919,2022-05-01,1,0,0.99441105
55000900095919,2022-05-02,1,0,0.99441105
55000900095919,2022-05-03,1,0,0.99441105
55000900095919,2022-05-04,1,0,0.99441105
55000900095919,2022-05-05,1,0,0.99441105
55000900095919,2022-05-06,1,0,0.99441105
55000900095919,2022-05-07,1,0,0.99441105
55000900095919,2022-05-08,1,0,0.99441105
55000900095919,2022-05-09,1,0,0.99441105
55000900095919,2022-05-10,1,0,0.99441105
55000900095919,2022-05-11,1,0,0.99441105
55000900095919,2022-05-12,1,0,0.99441105
55000900095919,2022-05-13,1,0,0.99441105
55000900095919,2022-05-14,1,0,0.99441105
55000900095919,2022-05-15,1,0,0.99441105
55000900095919,2022-05-16,1,0,0.99441105
55000900095919,2022-05-17,1,0,0.99441105
55000900095919,2022-05-18,1,0,0.99441105
55000900095919,2022-05-19,1,0,0.99441105
55000900095919,2022-05-20,1,0,0.99441105
55000900095919,2022-05-21,1,0,0.99441105
55000900095919,2022-05-22,1,0,0.99441105
55000900095919,2022-05-23,1,0,0.99441105
55000900095919,2022-05-24,1,0,0.99441105
55000900095919,2022-05-25,1,0,0.99441105
55000900095919,2022-05-26,1,0,0.99441105
55000900095919,2022-05-27,1,0,0.99441105
55000900095919,2022-05-28,1,0,0.99441105
55000900095919,2022-05-29,1,0,0.99441105
55000900095919,2022-05-30,1,0,0.99441105
55000900095919,2022-05-31,1,0,0.99441105
55000900095919,2022-06-01,1,0,0.99441105
55000900095919,2022-06-02,1,0,0.99441105
55000900095919,2022-06-03,1,0,0.99441105
55000900095919,2022-06-04,1,0,0.99441105
55000900095919,2022-06-05,1,0,0.99441105
55000900095919,2022-06-06,1,0,0.99441105
55000900095919,2022-06-07,1,0,0.99441105
55000900095919,2022-06-08,1,0,0.99441105
55000900095919,2022-06-09,1,0,0.99441105
55000900095919,2022-06-10,1,0,0.99441105
55000900095919,2022-06-11,1,0,0.99441105
55000900095919,2022-06-12,1,0,0.99441105
55000900095919,2022-06-13,1,0,0.99441105
55000900095919,2022-06-14,1,0,0.99441105
55000900095919,2022-06-15,1,0,0.99441105
55000900095919,2022-06-16,1,0,0.99441105
55000900095919,2022-06-17,1,0,0.99441105
55000900095919,2022-06-18,1,0,0.99441105
55000900095919,2022-06-19,1,0,0.99441105
55000900095919,2022-06-20,1,0,0.99441105
55000900095919,2022-06-21,1,0,0.99441105
55000900095919,2022-06-22,1,0,0.99441105
55000900095919,2022-06-23,1,0,0.99441105
55000900095919,2022-06-24,1,0,0.99441105
55000900095919,2022-06-25,1,0,0.99441105
55000900095919,2022-06-26,1,0,0.99441105
55000900095919,2022-06-27,1,0,0.99441105
55000900095919,2022-06-28,1,0,0.99441105
55000900095919,2022-06-29,1,0,0.99441105
55000900095919,2022-06-30,1,0,0.99441105
55000900095919,2022-07-01,1,0,0.99441105
55000900095919,2022-07-02,1,0,0.99441105
55000900095919,2022-07-03,1,0,0.99441105
55000900095919,2022-07-04,1,0,0.99441105
55000900095919,2022-07-05,1,0,0.99441105
55000900095919,2022-07-06,1,0,0.99441105
55000900095919,2022-07-07,1,0,0.99441105
55000900095919,2022-07-08,1,0,0.99441105
55000900095919,2022-07-09,1,0,0.99441105
55000900095919,2022-07-10,1,0,0.99441105
55000900095919,2022-07-11,1,0,0.99441105
55000900095919,2022-07-12,1,0,0.99441105
55000900095919,2022-07-13,1,0,0.99441105
55000900095919,2022-07-14,1,0,0.99441105
55000900095919,2022-07-15,1,0,0.99441105
55000900095919,2022-07-16,1,0,0.99441105
55000900095919,2022-07-17,1,0,0.99441105
55000900095919,2022-07-18,1,0,0.99441105
55000900095919,2022-07-19,1,0,0.99441105
55000900095919,2022-07-20,1,0,0.99441105
55000900095919,2022-07-21,1,0,0.99441105
55000900095919,2022-07-22,1,0,0.99441105
55000900095919,2022-07-23,1,0,0.99441105
55000900095919,2022-07-24,1,0,0.99441105
55000900095919,2022-07-25,1,0,0.99441105
55000900095919,2022-07-26,1,0,0.99441105
55000900095919,2022-07-27,1,0,0.99441105
55000900095919,2022-07-28,1,0,0.99441105
55000900095919,2022-07-29,1,0,0.99441105
55000900095919,2022-07-30,1,0,0.99441105
55000900095919,2022-07-31,1,0,0.99441105
55000900095919,2022-08-01,1,0,0.99441105
55000900095919,2022-08-02,1,0,0.99441105
55000900095919,2022-08-03,1,0,0.99441105
55000900095919,2022-08-04,1,0,0.99441105
55000900095919,2022-08-05,1,0,0.99441105
55000900095919,2022-08-06,1,0,0.99441105
55000900095919,2022-08-07,1,0,0.99441105
55000900095919,2022-08-08,1,0,0.99441105
55000900095919,2022-08-09,1,0,0.99441105
55000900095919,2022-08-10,1,0,0.99441105
55000900095919,2022-08-11,1,0,0.99441105
55000900095919,2022-08-12,1,0,0.99441105
55000900095919,2022-08-13,1,0,0.99441105
55000900095919,2022-08-14,1,0,0.99441105
55000900095919,2022-08-15,1,0,0.99441105
55000900095919,2022-08-16,1,0,0.99441105
55000900095919,2022-08-17,1,0,0.99441105
55000900095919,2022-08-18,1,0,0.99441105
55000900095919,2022-08-19,1,0,0.99441105
55000900095919,2022-08-20,1,0,0.99441105
55000900095919,2022-08-21,1,0,0.99441105
55000900095919,2022-08-22,1,0,0.99441105
55000900095919,2022-08-23,1,0,0.99441105
55000900095919,2022-08-24,1,0,0.99441105
55000900095919,2022-08-25,1,0,0.99441105
55000900095919,2022-08-26,1,0,0.99441105
55000900095919,2022-08-27,1,0,0.99441105
55000900095919,2022-08-28,1,0,0.99441105
55000900095919,2022-08-29,1,0,0.99441105
55000900095919,2022-08-30,1,0,0.99441105
55000900095919,2022-08-31,1,0,0.99441105
55000900095919,2022-09-01,1,0,0.99441105
55000900095919,2022-09-02,1,0,0.99441105
55000900095919,2022-09-03,1,0,0.99441105
55000900095919,2022-09-04,1,0,0.99441105
55000900095919,2022-09-05,1,0,0.99441105
55000900095919,2022-09-06,1,0,0.99441105
55000900095919,2022-09-07,1,0,0.99441105
55000900095919,2022-09-08,1,0,0.99441105
55000900095919,2022-09-09,1,0,0.99441105
55000900095919,2022-09-10,1,0,0.99441105
55000900095919,2022-09-11,1,0,0.99441105
55000900095919,2022-09-12,1,0,0.99441105
55000900095919,2022-09-13,1,0,0.99441105
55000900095919,2022-09-14,1,0,0.99441105
55000900095919,2022-09-15,1,0,0.99441105
55000900095919,2022-09-16,1,0,0.99441105
55000900095919,2022-09-17,1,0,0.99441105
55000900095919,2022-09-18,1,0,0.99441105
55000900095919,2022-09-19,1,0,0.99441105
55000900095919,2022-09-20,1,0,0.99441105
55000900095919,2022-09-21,1,0,0.99441105
55000900095919,2022-09-22,1,0,0.99441105
55000900095919,2022-09-23,1,0,0.99441105
55000900095919,2022-09-24,1,0,0.99441105
55000900095919,2022-09-25,1,0,0.99441105
55000900095919,2022-09-26,1,0,0.99441105
55000900095919,2022-09-27,1,0,0.99441105
55000900095919,2022-09-28,1,0,0.99441105
55000900095919,2022-09-29,1,0,0.99441105
55000900095919,2022-09-30,1,0,0.99441105
55000900095919,2022-10-01,1,0,0.99441105
55000900095919,2022-10-02,1,0,0.99441105
55000900095919,2022-10-03,1,0,0.99441105
55000900095919,2022-10-04,1,0,0.99441105
55000900095919,2022-10-05,1,0,0.99441105
55000900095919,2022-10-06,1,0,0.99441105
55000900095919,2022-10-07,1,0,0.99441105
55000900095919,2022-10-08,1,0,0.99441105
55000900095919,2022-10-09,1,0,0.99441105
55000900095919,2022-10-10,1,0,0.99441105
55000900095919,2022-10-11,1,0,0.99441105
55000900095919,2022-10-12,1,0,0.99441105
55000900095919,2022-10-13,1,0,0.99441105
55000900095919,2022-10-14,1,0,0.99441105
55000900095919,2022-10-15,1,0,0.99441105
55000900095919,2022-10-16,1,0,0.99441105
55000900095919,2022-10-17,1,0,0.99441105
55000900095919,2022-10-18,1,0,0.99441105
55000900095919,2022-10-19,1,0,0.99441105
55000900095919,2022-10-20,1,0,0.99441105
55000900095919,2022-10-21,1,0,0.99441105
55000900095919,2022-10-22,1,0,0.99441105
55000900095919,2022-10-23,1,0,0.99441105
55000900095919,2022-10-24,1,0,0.99441105
55000900095919,2022-10-25,1,0,0.99441105
55000900095919,2022-10-26,1,0,0.99441105
55000900095919,2022-10-27,1,0,0.99441105
55000900095919,2022-10-28,1,0,0.99441105
55000900095919,2022-10-29,1,0,0.99441105
55000900095919,2022-10-30,1,0,0.99441105
55000900095919,2022-10-31,1,0,0.99441105
55000900095919,2022-11-01,1,0,0.99441105
55000900095919,2022-11-02,1,0,0.99441105
55000900095919,2022-11-03,1,0,0.99441105
55000900095919,2022-11-04,1,0,0.99441105
55000900095919,2022-11-05,1,0,0.99441105
55000900095919,2022-11-06,1,0,0.99441105
55000900095919,2022-11-07,1,0,0.99441105
55000900095919,2022-11-08,1,0,0.99441105
55000900095919,2022-11-09,1,0,0.99441105
55000900095919,2022-11-10,1,0,0.99441105
55000900095919,2022-11-11,1,0,0.99441105
55000900095919,2022-11-12,1,0,0.99441105
55000900095919,2022-11-13,1,0,0.99441105
55000900095919,2022-11-14,1,0,0.99441105
55000900095919,2022-11-15,1,0,0.99441105
55000900095919,2022-11-16,1,0,0.99441105
55000900095919,2022-11-17,1,0,0.99441105
55000900095919,2022-11-18,1,0,0.99441105
55000900095919,2022-11-19,1,0,0.99441105
55000900095919,2022-11-20,1,0,0.99441105
55000900095919,2022-11-21,1,0,0.99441105
55000900095919,2022-11-22,1,0,0.99441105
55000900095919,2022-11-23,1,0,0.99441105
55000900095919,2022-11-24,1,0,0.99441105
55000900095919,2022-11-25,1,0,0.99441105
55000900095919,2022-11-26,1,0,0.99441105
55000900095919,2022-11-27,1,0,0.99441105
55000900095919,2022-11-28,1,0,0.99441105
55000900095919,2022-11-29,1,0,0.99441105
55000900095919,2022-11-30,1,0,0.99441105
55000900095919,2022-12-01,1,0,0.99441105
55000900095919,2022-12-02,1,0,0.99441105
55000900095919,2022-12-03,1,0,0.99441105
55000900095919,2022-12-04,1,0,0.99441105
55000900095919,2022-12-05,1,0,0.99441105
55000900095919,2022-12-06,1,0,0.99441105
55000900095919,2022-12-07,1,0,0.99441105
55000900095919,2022-12-08,1,0,0.99441105
55000900095919,2022-12-09,1,0,0.99441105
55000900095919,2022-12-10,1,0,0.99441105
55000900095919,2022-12-11,1,0,0.99441105
55000900095919,2022-12-12,1,0,0.99441105
55000900095919,2022-12-13,1,0,0.99441105
55000900095919,2022-12-14,1,0,0.99441105
55000900095919,2022-12-15,1,0,0.99441105
55000900095919,2022-12-16,1,0,0.99441105
55000900095919,2022-12-17,1,0,0.99441105
55000900095919,2022-12-18,1,0,0.99441105
55000900095919,2022-12-19,1,0,0.99441105
55000900095919,2022-12-20,1,0,0.99441105
55000900095919,2022-12-21,1,0,0.99441105
55000900095919,2022-12-22,1,0,0.99441105
55000900095919,2022-12-23,1,0,0.99441105
55000900095919,2022-12-24,1,0,0.99441105
55000900095919,2022-12-25,1,0,0.99441105
55000900095919,2022-12-26,1,0,0.99441105
55000900095919,2022-12-27,1,0,0.99441105
55000900095919,2022-12-28,1,0,0.99441105
55000900095919,2022-12-29,1,0,0.99441105
55000900095919,2022-12-30,1,0,0.99441105
55000900095919,2022-12-31,1,0,0.99441105
55000900095919,2023-01-01,1,0,0.99441105
55000900095919,2023-01-02,1,0,0.99441105
55000900095919,2023-01-03,1,0,0.99441105
55000900095919,2023-01-04,1,0,0.99441105
55000900095919,2023-01-05,1,0,0.99441105
55000900095919,2023-01-06,1,0,0.99441105
55000900095919,2023-01-07,1,0,0.99441105
55000900095919,2023-01-08,1,0,0.99441105
55000900095919,2023-01-09,1,0,0.99441105
55000900095919,2023-01-10,1,0,0.99441105
55000900095919,2023-01-11,1,0,0.99441105
55000900095919,2023-01-12,1,0,0.99441105
55000900095919,2023-01-13,1,0,0.99441105
55000900095919,2023-01-14,1,0,0.99441105
55000900095919,2023-01-15,1,0,0.99441105
55000900095919,2023-01-16,1,0,0.99441105
55000900095919,2023-01-17,1,0,0.99441105
55000900095919,2023-01-18,1,0,0.99441105
55000900095919,2023-01-19,1,0,0.99441105
55000900095919,2023-01-20,1,0,0.99441105
55000900095919,2023-01-21,1,0,0.99441105
55000900095919,2023-01-22,1,0,0.99441105
55000900096564,2020-09-29,1,8,0.98079485
55000900096564,2020-09-30,1,8,0.98015344
55000900096564,2020-10-01,1,8,0.99246675
55000900096564,2020-10-02,1,8,0.98538196
55000900096564,2020-10-03,1,8,0.9569556
55000900096564,2020-10-04,1,8,0.9600497
55000900096564,2020-10-05,1,8,0.9751491
55000900096564,2020-10-06,1,8,0.97843164
55000900096564,2020-10-07,1,8,0.98033166
55000900096564,2020-10-08,1,8,0.97900134
55000900096564,2020-10-09,1,8,0.9733233
55000900096564,2020-10-11,1,8,0.9758792
55000900096564,2020-10-13,0,8,0.9862359
55000900096564,2020-10-15,1,8,0.99166167
55000900096564,2020-10-16,1,8,0.99863786
55000900096564,2020-10-17,1,8,0.99932575
55000900096564,2020-10-18,1,8,0.99904984
55000900096564,2020-10-19,1,8,0.99973625
55000900096564,2020-10-20,1,8,0.99982315
55000900096564,2020-10-22,1,8,0.9997495
55000900096564,2020-10-25,1,8,0.99978906
55000900096564,2020-10-23,1,0,0.99819773
55000900096564,2020-10-25,1,0,0.9985862
55000900097164,2020-09-29,0,8,0.071013816
55000900097164,2020-09-30,0,8,0.092179045
55000900097164,2020-10-01,0,8,0.12819773
55000900097164,2020-10-02,0,8,0.10338601
55000900097164,2020-10-03,0,8,0.14770693
55000900097164,2020-10-04,0,8,0.15598287
55000900097164,2020-10-05,0,8,0.13942467
55000900097164,2020-10-06,0,8,0.091788106
55000900097164,2020-10-07,0,8,0.077343695
55000900097164,2020-10-08,0,8,0.101562336
55000900097164,2020-10-09,0,8,0.09305531
55000900097164,2020-10-11,1,8,0.11908313
55000900097164,2020-10-12,1,8,0.08571252
55000900097164,2020-10-13,1,8,0.09334772
55000900097164,2020-10-14,1,8,0.40825236
55000900097164,2020-10-15,1,8,0.39903846
55000900097164,2020-10-16,1,8,0.85747427
55000900097164,2020-10-17,1,8,0.82948625
55000900097164,2020-10-18,1,8,0.8933
55000900097164,2020-10-19,1,8,0.94722867
55000900097164,2020-10-20,1,0,0.9430265
55000900097164,2020-10-21,1,0,0.97072303
55000900097169,2020-09-29,0,8,0.018640747
55000900097169,2020-09-30,0,8,0.019739592
55000900097169,2020-10-01,0,8,0.017231395
55000900097169,2020-10-02,0,8,0.013948959
55000900097169,2020-10-03,0,8,0.014159573
55000900097169,2020-10-04,0,8,0.014459956
55000900097169,2020-10-05,0,8,0.017906206
55000900097169,2020-10-06,0,8,0.021017272
55000900097169,2020-10-07,0,8,0.021885175
55000900097169,2020-10-08,0,8,0.020892175
55000900097169,2020-10-09,0,8,0.019497335
55000900097169,2020-10-10,1,8,0.023664504
55000900097169,2020-10-11,1,8,0.024197904
55000900097169,2020-10-12,1,8,0.023783518
55000900097169,2020-10-13,1,8,0.022482442
55000900097169,2020-10-14,1,8,0.021374162
55000900097169,2020-10-15,1,8,0.02108429
55000900097169,2020-10-16,0,8,0.021944407
55000900097169,2020-10-17,0,8,0.021513015
55000900097169,2020-10-18,0,8,0.02366089
55000900097169,2020-10-19,0,8,0.023335887
55000900097169,2020-10-20,0,0,0.022155583
55000900097169,2020-10-21,0,0,0.021570284
55000900097170,2020-09-29,0,8,0.07085264
55000900097170,2020-09-30,0,8,0.048735585
55000900097170,2020-10-01,0,8,0.050934713
55000900097170,2020-10-02,0,8,0.06390679
55000900097170,2020-10-03,0,8,0.08967257
55000900097170,2020-10-04,0,8,0.094429575
55000900097170,2020-10-05,0,8,0.10135276
55000900097170,2020-10-06,0,8,0.09100012
55000900097170,2020-10-07,0,8,0.07669879
55000900097170,2020-10-08,0,8,0.083130375
55000900097170,2020-10-09,0,8,0.09514327
55000900097170,2020-10-10,0,8,0.09865613
55000900097170,2020-10-11,0,8,0.076768346
55000900097170,2020-10-12,0,8,0.06696524
55000900097170,2020-10-13,1,8,0.07124314
55000900097170,2020-10-14,0,8,0.067667946
55000900097170,2020-10-15,0,8,0.06821407
55000900097170,2020-10-16,0,8,0.09005735
55000900097170,2020-10-17,0,8,0.054624412
55000900097170,2020-10-18,0,8,0.04508392
55000900097170,2020-10-19,0,8,0.04002623
55000900097170,2020-10-20,0,8,0.039583854
55000900097170,2020-10-21,0,8,0.043988198
55000900097170,2020-10-22,0,8,0.04412154
55000900097170,2020-10-23,0,8,0.042045895
55000900097170,2020-10-24,0,8,0.054153867
55000900097170,2020-10-25,1,8,0.05507967
55000900097170,2020-10-26,0,8,0.026870742
55000900097170,2020-10-27,0,0,0.05382669
55000900097170,2020-10-28,0,0,0.07350922
55000900098500,2020-09-29,1,0,0.9999318
55000900098500,2020-09-30,1,0,0.9999447
55000900098500,2020-10-01,1,0,0.99991274
55000900098500,2020-10-02,1,0,0.99951696
55000900098500,2020-10-03,1,0,0.9984054
55000900098500,2020-10-04,1,0,0.9981647
55000900098500,2020-10-05,1,0,0.9975011
55000900098500,2020-10-06,1,0,0.99844474
55000900098500,2020-10-07,1,0,0.99810034
55000900098500,2020-10-08,1,0,0.9982023
55000900098500,2020-10-09,1,0,0.9962464
55000900098500,2020-10-10,1,0,0.9984107
55000900098500,2020-10-11,1,0,0.9981158
55000900098500,2020-10-12,1,0,0.9987985
55000900098500,2020-10-13,1,0,0.9998512
55000900098500,2020-10-14,1,0,0.99992764
55000900098500,2020-10-15,1,0,0.9999387
55000900098500,2020-10-16,1,0,0.9999397
55000900098500,2020-10-17,1,0,0.99994993
55000900098500,2020-10-18,1,0,0.99993813
55000900098500,2020-10-19,1,0,0.99991727
55000900098500,2020-10-20,1,0,0.9998797
55000900098500,2020-10-21,1,0,0.9998863
55000900098500,2020-10-22,1,0,0.99989045
55000900098500,2020-10-23,1,0,0.9998869
55000900098500,2020-10-24,1,0,0.9999192
55000900098500,2020-10-25,1,0,0.9999403
55000900098500,2020-10-26,1,0,0.9999418
55000900098500,2020-10-27,1,0,0.9999465
55000900098500,2020-10-28,1,0,0.99993694
55000900098500,2020-10-29,1,0,0.9998584
55000900098500,2020-10-30,1,0,0.99976856
55000900098500,2020-10-31,1,0,0.99917954
55000900098500,2020-11-01,1,0,0.99854714
55000900098500,2020-11-02,1,0,0.9996582
55000900098500,2020-11-03,1,0,0.99952793
55000900098500,2020-11-04,1,0,0.9991165
55000900098500,2020-11-05,1,0,0.9982292
55000900098500,2020-11-06,1,0,0.9989975
55000900098500,2020-11-07,1,0,0.99983037
55000900098500,2020-11-08,1,0,0.99994576
55000900098500,2020-11-09,1,0,0.9999262
55000900098500,2020-11-10,1,0,0.99993706
55000900098500,2020-11-11,1,0,0.9999435
55000900098500,2020-11-12,1,0,0.9999361
55000900098500,2020-11-13,1,0,0.9999341
55000900098500,2020-11-14,1,0,0.99993086
55000900098500,2020-11-15,1,0,0.9999341
55000900098500,2020-11-16,1,0,0.9999193
55000900098500,2020-11-17,1,0,0.9999262
55000900098500,2020-11-18,1,0,0.9999466
55000900098500,2020-11-19,1,0,0.999948
55000900098500,2020-11-20,1,0,0.9999424
55000900098500,2020-11-21,1,0,0.9999324
55000900098500,2020-11-22,1,0,0.99994516
55000900098500,2020-11-23,1,0,0.9999498
55000900098500,2020-11-24,1,0,0.9999498
55000900098500,2020-11-25,1,0,0.9999459
55000900098500,2020-11-26,1,0,0.99994814
55000900098500,2020-11-27,1,0,0.999949
55000900098500,2020-11-28,1,0,0.99993503
55000900098500,2020-11-29,1,0,0.99995065
55000900098500,2020-11-30,1,0,0.9999455
55000900098500,2020-12-01,1,0,0.9999455
55000900099610,2020-09-29,1,8,0.99982494
55000900099610,2020-09-30,1,8,0.9998235
55000900099610,2020-10-01,1,8,0.9998331
55000900099610,2020-10-02,1,8,0.99981767
55000900099610,2020-10-03,1,8,0.9998274
55000900099610,2020-10-04,1,8,0.99981755
55000900099610,2020-10-05,1,8,0.99980575
55000900099610,2020-10-06,1,8,0.99981135
55000900099610,2020-10-07,1,8,0.9998312
55000900099610,2020-10-08,1,8,0.99982953
55000900099610,2020-10-09,1,8,0.99981815
55000900099610,2020-10-10,1,8,0.9998356
55000900099610,2020-10-11,1,8,0.9998242
55000900099610,2020-10-12,1,8,0.99982953
55000900099610,2020-10-13,1,8,0.99981827
55000900099610,2020-10-14,1,8,0.99985254
55000900099610,2020-10-15,1,8,0.99983406
55000900099610,2020-10-16,1,8,0.9998547
55000900099610,2020-10-17,1,8,0.9998487
55000900099610,2020-10-18,1,0,0.99980515
55000900099610,2020-10-19,1,0,0.9997838
55000900100137,2020-09-29,0,8,0.028824471
55000900100137,2020-09-30,0,8,0.018861523
55000900100137,2020-10-01,0,8,0.021598237
55000900100137,2020-10-02,0,8,0.015449025
55000900100137,2020-10-03,0,8,0.014706646
55000900100137,2020-10-04,0,8,0.014019463
55000900100137,2020-10-05,0,8,0.011399252
55000900100137,2020-10-06,0,8,0.01354191
55000900100137,2020-10-07,0,8,0.012172343
55000900100137,2020-10-08,0,8,0.012903802
55000900100137,2020-10-09,0,8,0.013055046
55000900100137,2020-10-10,0,8,0.007857975
55000900100137,2020-10-11,1,8,0.009883681
55000900100137,2020-10-12,1,8,0.012873361
55000900100137,2020-10-13,1,8,0.08165009
55000900100137,2020-10-14,1,8,0.08106656
55000900100137,2020-10-16,0,8,0.09431681
55000900100137,2020-10-17,0,8,0.15538983
55000900100137,2020-10-18,0,8,0.07544667
55000900100137,2020-10-19,0,0,0.12568608
55000900100137,2020-10-20,0,0,0.1696365
55000900130309,2020-09-29,1,0,0.9999759
55000900130309,2020-09-30,1,0,0.9999417
55000900130309,2020-10-01,1,0,0.9999467
55000900130309,2020-10-02,1,0,0.9999349
55000900130309,2020-10-03,1,0,0.9999274
55000900130309,2020-10-04,1,0,0.9999249
55000900130309,2020-10-05,1,0,0.9999198
55000900130309,2020-10-06,1,0,0.99992085
55000900130309,2020-10-07,1,0,0.9999161
55000900130309,2020-10-08,1,0,0.99992156
55000900130309,2020-10-09,1,0,0.9999021
55000900130309,2020-10-10,1,0,0.9999058
55000900130309,2020-10-11,1,0,0.99986947
55000900130309,2020-10-12,1,0,0.99992836
55000900130309,2020-10-13,1,0,0.99996746
55000900130309,2020-10-14,1,0,0.99997795
55000900130309,2020-10-15,1,0,0.9999776
55000900130309,2020-10-16,1,0,0.99998033
55000900130309,2020-10-17,1,0,0.9999733
55000900130309,2020-10-18,1,0,0.9999641
55000900130309,2020-10-19,1,0,0.9999498
55000900130309,2020-10-20,1,0,0.9999516
55000900130309,2020-10-21,1,0,0.9999583
55000900130309,2020-10-22,1,0,0.99996305
55000900130309,2020-10-23,1,0,0.99996364
55000900130309,2020-10-24,1,0,0.9999783
55000900130309,2020-10-25,1,0,0.9999738
55000900130309,2020-10-26,1,0,0.99996865
55000900130309,2020-10-27,1,0,0.9999807
55000900130309,2020-10-28,1,0,0.99997854
55000900130309,2020-10-29,1,0,0.9999553
55000900130309,2020-10-30,1,0,0.99996555
55000900130309,2020-10-31,1,0,0.9999597
55000900130309,2020-11-01,1,0,0.9999505
55000900130309,2020-11-02,1,0,0.99997365
55000900130309,2020-11-03,1,0,0.99995196
55000900130309,2020-11-04,1,0,0.99994695
55000900130309,2020-11-05,1,0,0.999923
55000900130309,2020-11-06,1,0,0.9999585
55000900130309,2020-11-07,1,0,0.99994814
55000900130309,2020-11-08,1,0,0.9999763
55000900130309,2020-11-09,1,0,0.9999783
55000900130309,2020-11-10,1,0,0.99998116
55000900130309,2020-11-11,1,0,0.99997795
55000900130309,2020-11-12,1,0,0.99997735
55000900130309,2020-11-13,1,0,0.99998355
55000900130309,2020-11-14,1,0,0.9999821
55000900130309,2020-11-15,1,0,0.99998355
55000900130309,2020-11-16,1,0,0.9999733
55000900130309,2020-11-17,1,0,0.99997854
55000900130309,2020-11-18,1,0,0.9999852
55000900130309,2020-11-19,1,0,0.99998605
55000900130309,2020-11-20,1,0,0.9999857
55000900130309,2020-11-21,1,0,0.99998593
55000900130309,2020-11-22,1,0,0.9999863
55000900130309,2020-11-23,1,0,0.9999825
55000900130309,2020-11-24,1,0,0.9999795
55000900130309,2020-11-25,1,0,0.99998236
55000900130309,2020-11-26,1,0,0.9999863
55000900130309,2020-11-27,1,0,0.9999864
55000900130309,2020-11-28,1,0,0.9999864
55000900130309,2020-11-29,1,0,0.99998415
55000900130309,2020-11-30,1,0,0.99997795
55000900130309,2020-12-01,1,0,0.9999776
55000900130309,2020-12-03,1,0,0.9999753
55000900130309,2020-12-04,1,0,0.99998605
55000900130309,2020-12-05,1,0,0.9999851
55000900130309,2020-12-06,1,0,0.9999757
55000900130309,2020-12-07,1,0,0.9999771
55000900130309,2020-12-08,1,0,0.9999782
55000900130309,2020-12-09,1,0,0.9999846
55000900130309,2020-12-10,1,0,0.99997306
55000900130309,2020-12-11,1,0,0.9999753
55000900130309,2020-12-12,1,0,0.9999826
55000900130309,2020-12-13,1,0,0.999984
55000900130309,2020-12-14,1,0,0.999985
55000900130309,2020-12-15,1,0,0.99998367
55000900130309,2020-12-16,1,0,0.99998474
55000900130309,2020-12-18,1,0,0.99998415
55000900130309,2020-12-19,1,0,0.9999827
55000900130309,2020-12-20,1,0,0.99998534
55000900130309,2020-12-21,1,0,0.9999839
55000900130309,2020-12-22,1,0,0.99998367
55000900130309,2020-12-23,1,0,0.999977
55000900130309,2020-12-24,1,0,0.99998486
55000900130309,2020-12-25,1,0,0.99998605
55000900130309,2020-12-26,1,0,0.9999788
55000900130309,2020-12-27,1,0,0.9999577
55000900130309,2020-12-28,1,0,0.9999838
55000900130309,2020-12-29,1,0,0.9999833
55000900130309,2020-12-30,1,0,0.9999777
55000900130309,2020-12-31,1,0,0.9999579
55000900130309,2021-01-01,1,0,0.99996734
55000900130309,2021-01-02,1,0,0.9999846
55000900130309,2021-01-03,1,0,0.9999833
55000900130309,2021-01-04,1,0,0.9999846
55000900130309,2021-01-05,1,0,0.99998486
55000900130309,2021-01-06,1,0,0.9999858
55000900130309,2021-01-07,1,0,0.99998605
55000900130309,2021-01-08,1,0,0.99998474
55000900130309,2021-01-09,1,0,0.9999863
55000900130309,2021-01-10,1,0,0.9999863
55000900130309,2021-01-11,1,0,0.9999862
55000900130309,2021-01-12,1,0,0.99998486
55000900130309,2021-01-13,1,0,0.99998474
55000900130309,2021-01-14,1,0,0.9999856
55000900130309,2021-01-15,1,0,0.9999845
55000900130309,2021-01-16,1,0,0.9999851
55000900130309,2021-01-17,1,0,0.9999846
55000900130309,2021-01-18,1,0,0.99998474
55000900130309,2021-01-19,1,0,0.99998486
55000900130309,2021-01-20,1,0,0.99998486
55000900130309,2021-01-21,1,0,0.999984
55000900130309,2021-01-22,1,0,0.99998415
55000900130309,2021-01-23,1,0,0.9999846
55000900130309,2021-01-24,1,0,0.9999862
55000900130309,2021-01-25,1,0,0.99998605
55000900130309,2021-01-26,1,0,0.9999844
55000900130309,2021-01-27,1,0,0.99998415
55000900130309,2021-01-28,1,0,0.9999856
55000900130309,2021-01-29,1,0,0.99998605
55000900130309,2021-01-30,1,0,0.9999857
55000900130309,2021-01-31,1,0,0.9999845
55000900130309,2021-02-01,1,0,0.99998426
55000900130309,2021-02-02,1,0,0.99998426
55000900130309,2021-02-03,1,0,0.99998426
55000900130309,2021-02-04,1,0,0.99998426
55000900130309,2021-02-05,1,0,0.99998426
55000900130309,2021-02-06,1,0,0.99998426
55000900130309,2021-02-07,1,0,0.99998426
55000900130309,2021-02-08,1,0,0.99998426
55000900130309,2021-02-09,1,0,0.99998426
55000900130309,2021-02-10,1,0,0.99998426
55000900130309,2021-02-11,1,0,0.99998426
55000900130309,2021-02-12,1,0,0.99998426
55000900130309,2021-02-13,1,0,0.99998426
55000900130309,2021-02-14,1,0,0.99998426
55000900130309,2021-02-15,1,0,0.99998426
55000900130309,2021-02-16,1,0,0.99998426
55000900130309,2021-02-17,1,0,0.99998426
55000900130309,2021-02-18,1,0,0.99998426
55000900130309,2021-02-19,1,0,0.99998426
55000900130309,2021-02-20,1,0,0.99998426
55000900130309,2021-02-21,1,0,0.99998426
55000900130309,2021-02-22,1,0,0.99998426
55000900130309,2021-02-23,1,0,0.99998426
55000900130309,2021-02-24,1,0,0.99998426
55000900130309,2021-02-25,1,0,0.99998426
55000900130309,2021-02-26,1,0,0.99998426
55000900130309,2021-02-27,1,0,0.99998426
55000900130309,2021-02-28,1,0,0.99998426
55000900130309,2021-03-01,1,0,0.99998426
55000900130309,2021-03-02,1,0,0.99998426
55000900130309,2021-03-03,1,0,0.99998426
55000900130309,2021-03-04,1,0,0.99998426
55000900130309,2021-03-05,1,0,0.99998426
55000900130309,2021-03-06,1,0,0.99998426
55000900130309,2021-03-07,1,0,0.99998426
55000900130309,2021-03-08,1,0,0.99998426
55000900130309,2021-03-09,1,0,0.99998426
55000900130309,2021-03-10,1,0,0.99998426
55000900130309,2021-03-11,1,0,0.99998426
55000900130309,2021-03-12,1,0,0.99998426
55000900130309,2021-03-13,1,0,0.99998426
55000900130309,2021-03-15,1,0,0.99998426
55000900130309,2021-03-16,1,0,0.99998426
55000900130309,2021-03-17,1,0,0.99998426
55000900130309,2021-03-18,1,0,0.99998426
55000900130309,2021-03-19,1,0,0.99998426
55000900130309,2021-03-20,1,0,0.99998426
55000900130309,2021-03-21,1,0,0.99998426
55000900130309,2021-03-22,1,0,0.99998426
55000900130309,2021-03-23,1,0,0.99998426
55000900130309,2021-03-24,1,0,0.99998426
55000900130309,2021-03-25,1,0,0.99998426
55000900130309,2021-03-26,1,0,0.99998426
55000900130309,2021-03-27,1,0,0.99998426
55000900130309,2021-03-28,1,0,0.99998426
55000900130309,2021-03-29,1,0,0.99998426
55000900130309,2021-03-30,1,0,0.99998426
55000900130309,2021-03-31,1,0,0.99998426
55000900130309,2021-04-01,1,0,0.99998426
55000900130309,2021-04-02,1,0,0.99998426
55000900130309,2021-04-03,1,0,0.99998426
55000900130309,2021-04-04,1,0,0.99998426
55000900130309,2021-04-05,1,0,0.99998426
55000900130309,2021-04-06,1,0,0.99998426
55000900130309,2021-04-07,1,0,0.99998426
55000900130309,2021-04-08,1,0,0.99998426
55000900130309,2021-04-09,1,0,0.99998426
55000900130309,2021-04-10,1,0,0.99998426
55000900130309,2021-04-11,1,0,0.99998426
55000900130309,2021-04-12,1,0,0.99998426
55000900130309,2021-04-13,1,0,0.99998426
55000900130309,2021-04-14,1,0,0.99998426
55000900130309,2021-04-15,1,0,0.99998426
55000900130309,2021-04-16,1,0,0.99998426
55000900130309,2021-04-17,1,0,0.99998426
55000900130309,2021-04-18,1,0,0.99998426
55000900130309,2021-04-19,1,0,0.99998426
55000900130309,2021-04-20,1,0,0.99998426
55000900130309,2021-04-21,1,0,0.99998426
55000900130309,2021-04-22,1,0,0.99998426
55000900130309,2021-04-23,1,0,0.99998426
55000900130309,2021-04-24,1,0,0.99998426
55000900130309,2021-04-25,1,0,0.99998426
55000900130309,2021-04-26,1,0,0.99998426
55000900130309,2021-04-27,1,0,0.99998426
55000900130309,2021-04-28,1,0,0.99998426
55000900130309,2021-04-29,1,0,0.99998426
55000900130309,2021-04-30,1,0,0.99998426
55000900130309,2021-05-01,1,0,0.99998426
55000900130309,2021-05-02,1,0,0.99998426
55000900130309,2021-05-03,1,0,0.99998426
55000900130309,2021-05-04,1,0,0.99998426
55000900130309,2021-05-05,1,0,0.99998426
55000900130309,2021-05-06,1,0,0.99998426
55000900130309,2021-05-07,1,0,0.99998426
55000900130309,2021-05-08,1,0,0.99998426
55000900130309,2021-05-09,1,0,0.99998426
55000900130309,2021-05-10,1,0,0.99998426
55000900130309,2021-05-11,1,0,0.99998426
55000900130309,2021-05-12,1,0,0.99998426
55000900130309,2021-05-13,1,0,0.99998426
55000900130309,2021-05-14,1,0,0.99998426
55000900130309,2021-05-15,1,0,0.99998426
55000900130309,2021-05-16,1,0,0.99998426
55000900130309,2021-05-17,1,0,0.99998426
55000900130309,2021-05-18,1,0,0.99998426
55000900130309,2021-05-19,1,0,0.99998426
55000900130309,2021-05-20,1,0,0.99998426
55000900130309,2021-05-21,1,0,0.99998426
55000900130309,2021-05-22,1,0,0.99998426
55000900130309,2021-05-23,1,0,0.99998426
55000900130309,2021-05-24,1,0,0.99998426
55000900130309,2021-05-25,1,0,0.99998426
55000900130309,2021-05-26,1,0,0.99998426
55000900130309,2021-05-27,1,0,0.99998426
55000900130309,2021-05-28,1,0,0.99998426
55000900130309,2021-05-29,1,0,0.99998426
55000900130309,2021-05-30,1,0,0.99998426
55000900130309,2021-05-31,1,0,0.99998426
55000900130309,2021-06-01,1,0,0.99998426
55000900130309,2021-06-02,1,0,0.99998426
55000900130309,2021-06-03,1,0,0.99998426
55000900130309,2021-06-04,1,0,0.99998426
55000900130309,2021-06-05,1,0,0.99998426
55000900130309,2021-06-06,1,0,0.99998426
55000900130309,2021-06-07,1,0,0.99998426
55000900130309,2021-06-08,1,0,0.99998426
55000900130309,2021-06-09,1,0,0.99998426
55000900130309,2021-06-10,1,0,0.99998426
55000900130309,2021-06-11,1,0,0.99998426
55000900130309,2021-06-12,1,0,0.99998426
55000900130309,2021-06-13,1,0,0.99998426
55000900130309,2021-06-14,1,0,0.99998426
55000900130309,2021-06-15,1,0,0.99998426
55000900130309,2021-06-16,1,0,0.99998426
55000900130309,2021-06-17,1,0,0.99998426
55000900130309,2021-06-18,1,0,0.99998426
55000900130309,2021-06-19,1,0,0.99998426
55000900130309,2021-06-20,1,0,0.99998426
55000900130309,2021-06-21,1,0,0.99998426
55000900130309,2021-06-22,1,0,0.99998426
55000900130309,2021-06-23,1,0,0.99998426
55000900130309,2021-06-24,1,0,0.99998426
55000900130309,2021-06-25,1,0,0.99998426
55000900130309,2021-06-26,1,0,0.99998426
55000900130309,2021-06-27,1,0,0.99998426
55000900130309,2021-06-28,1,0,0.99998426
55000900130309,2021-06-29,1,0,0.99998426
55000900130309,2021-06-30,1,0,0.99998426
55000900130309,2021-07-01,1,0,0.99998426
55000900130309,2021-07-02,1,0,0.99998426
55000900130309,2021-07-03,1,0,0.99998426
55000900130309,2021-07-04,1,0,0.99998426
55000900130309,2021-07-05,1,0,0.99998426
55000900130309,2021-07-06,1,0,0.99998426
55000900130309,2021-07-07,1,0,0.99998426
55000900130309,2021-07-08,1,0,0.99998426
55000900130309,2021-07-09,1,0,0.99998426
55000900130309,2021-07-10,1,0,0.99998426
55000900130309,2021-07-11,1,0,0.99998426
55000900130309,2021-07-12,1,0,0.99998426
55000900130309,2021-07-13,1,0,0.99998426
55000900130309,2021-07-14,1,0,0.99998426
55000900130309,2021-07-15,1,0,0.99998426
55000900130309,2021-07-16,1,0,0.99998426
55000900130309,2021-07-20,1,0,0.99998426
55000900130309,2021-07-21,1,0,0.99998426
55000900130309,2021-07-22,1,0,0.99998426
55000900130309,2021-07-23,1,0,0.99998426
55000900130309,2021-07-24,1,0,0.99998426
55000900130309,2021-07-25,1,0,0.99998426
55000900130309,2021-07-26,1,0,0.99998426
55000900130309,2021-07-27,1,0,0.99998426
55000900130309,2021-07-28,1,0,0.99998426
55000900130309,2021-07-29,1,0,0.99998426
55000900130309,2021-07-30,1,0,0.99998426
55000900130309,2021-07-31,1,0,0.99998426
55000900130309,2021-08-01,1,0,0.99998426
55000900130309,2021-08-02,1,0,0.99998426
55000900130309,2021-08-03,1,0,0.99998426
55000900130309,2021-08-04,1,0,0.99998426
55000900130309,2021-08-05,1,0,0.99998426
55000900130309,2021-08-06,1,0,0.99998426
55000900130309,2021-08-07,1,0,0.99998426
55000900130309,2021-08-08,1,0,0.99998426
55000900130309,2021-08-09,1,0,0.99998426
55000900130309,2021-08-10,1,0,0.99998426
55000900130309,2021-08-11,1,0,0.99998426
55000900130309,2021-08-12,1,0,0.99998426
55000900130309,2021-08-13,1,0,0.99998426
55000900130309,2021-08-14,1,0,0.99998426
55000900130309,2021-08-15,1,0,0.99998426
55000900130309,2021-08-16,1,0,0.99998426
55000900130309,2021-08-25,1,0,0.99998426
55000900130309,2021-08-26,1,0,0.99998426
55000900130309,2021-08-27,1,0,0.99998426
55000900130309,2021-08-28,1,0,0.99998426
55000900130309,2021-08-29,1,0,0.99998426
55000900130309,2021-08-30,1,0,0.99998426
55000900130309,2021-08-31,1,0,0.99998426
55000900130309,2021-09-01,1,0,0.99998426
55000900130309,2021-09-02,1,0,0.99998426
55000900130309,2021-09-03,1,0,0.99998426
55000900130309,2021-09-04,1,0,0.99998426
55000900130309,2021-09-05,1,0,0.99998426
55000900130309,2021-09-06,1,0,0.99998426
55000900130309,2021-09-07,1,0,0.99998426
55000900130309,2021-09-08,1,0,0.99998426
55000900130309,2021-09-09,1,0,0.99998426
55000900130309,2021-09-10,1,0,0.99998426
55000900130309,2021-09-11,1,0,0.99998426
55000900130309,2021-09-12,1,0,0.99998426
55000900130309,2021-09-13,1,0,0.99998426
55000900130309,2021-09-14,1,0,0.99998426
55000900130309,2021-09-15,1,0,0.99998426
55000900130309,2021-09-16,1,0,0.99998426
55000900130309,2021-09-17,1,0,0.99998426
55000900130309,2021-09-18,1,0,0.99998426
55000900130309,2021-09-19,1,0,0.99998426
55000900130309,2021-09-20,1,0,0.99998426
55000900130309,2021-09-21,1,0,0.99998426
55000900130309,2021-09-22,1,0,0.99998426
55000900130309,2021-09-23,1,0,0.99998426
55000900130309,2021-09-24,1,0,0.99998426
55000900130309,2021-09-25,1,0,0.99998426
55000900130309,2021-09-26,1,0,0.99998426
55000900130309,2021-09-27,1,0,0.99998426
55000900130309,2021-09-28,1,0,0.99998426
55000900130309,2021-09-29,1,0,0.99998426
55000900130309,2021-09-30,1,0,0.99998426
55000900130309,2021-10-01,1,0,0.99998426
55000900130309,2021-10-02,1,0,0.99998426
55000900130309,2021-10-03,1,0,0.99998426
55000900130309,2021-10-04,1,0,0.99998426
55000900130309,2021-10-05,1,0,0.99998426
55000900130309,2021-10-06,1,0,0.99998426
55000900130309,2021-10-07,1,0,0.99998426
55000900130309,2021-10-08,1,0,0.99998426
55000900130309,2021-10-09,1,0,0.99998426
55000900130309,2021-10-10,1,0,0.99998426
55000900130309,2021-10-11,1,0,0.99998426
55000900130309,2021-10-12,1,0,0.99998426
55000900130309,2021-10-13,1,0,0.99998426
55000900130309,2021-10-14,1,0,0.99998426
55000900130309,2021-10-15,1,0,0.99998426
55000900130309,2021-10-16,1,0,0.99998426
55000900130309,2021-10-17,1,0,0.99998426
55000900130309,2021-10-18,1,0,0.99998426
55000900130309,2021-10-19,1,0,0.99998426
55000900130309,2021-10-20,1,0,0.99998426
55000900130309,2021-10-21,1,0,0.99998426
55000900130309,2021-10-22,1,0,0.99998426
55000900130309,2021-10-23,1,0,0.99998426
55000900130309,2021-10-24,1,0,0.99998426
55000900130309,2021-10-25,1,0,0.99998426
55000900130309,2021-10-26,1,0,0.99998426
55000900130309,2021-10-27,1,0,0.99998426
55000900130309,2021-10-28,1,0,0.99998426
55000900130309,2021-10-29,1,0,0.99998426
55000900130309,2021-10-30,1,0,0.99998426
55000900130309,2021-10-31,1,0,0.99998426
55000900130309,2021-11-01,1,0,0.99998426
55000900130309,2021-11-02,1,0,0.99998426
55000900130309,2021-11-03,1,0,0.99998426
55000900130309,2021-11-04,1,0,0.99998426
55000900130309,2021-11-05,1,0,0.99998426
55000900130309,2021-11-06,1,0,0.99998426
55000900130309,2021-11-07,1,0,0.99998426
55000900130309,2021-11-08,1,0,0.99998426
55000900130309,2021-11-09,1,0,0.99998426
55000900130309,2021-11-10,1,0,0.99998426
55000900130309,2021-11-11,1,0,0.99998426
55000900130309,2021-11-12,1,0,0.99998426
55000900130309,2021-11-13,1,0,0.99998426
55000900130309,2021-11-14,1,0,0.99998426
55000900130309,2021-11-15,1,0,0.99998426
55000900130309,2021-11-16,1,0,0.99998426
55000900130309,2021-11-17,1,0,0.99998426
55000900130309,2021-11-18,1,0,0.99998426
55000900130309,2021-11-19,1,0,0.99998426
55000900130309,2021-11-20,1,0,0.99998426
55000900130309,2021-11-21,1,0,0.99998426
55000900130309,2021-11-22,1,0,0.99998426
55000900130309,2021-11-23,1,0,0.99998426
55000900130309,2021-11-24,1,0,0.99998426
55000900130309,2021-11-25,1,0,0.99998426
55000900130309,2021-11-26,1,0,0.99998426
55000900130309,2021-11-27,1,0,0.99998426
55000900130309,2021-11-28,1,0,0.99998426
55000900130309,2021-11-29,1,0,0.99998426
55000900130309,2021-11-30,1,0,0.99998426
55000900130309,2021-12-01,1,0,0.99998426
55000900130309,2021-12-02,1,0,0.99998426
55000900130309,2021-12-03,1,0,0.99998426
55000900130309,2021-12-04,1,0,0.99998426
55000900130309,2021-12-05,1,0,0.99998426
55000900130309,2021-12-06,1,0,0.99998426
55000900130309,2021-12-07,1,0,0.99998426
55000900130309,2021-12-08,1,0,0.99998426
55000900130309,2021-12-09,1,0,0.99998426
55000900130309,2021-12-10,1,0,0.99998426
55000900130309,2021-12-11,1,0,0.99998426
55000900130309,2021-12-12,1,0,0.99998426
55000900130309,2021-12-13,1,0,0.99998426
55000900130309,2021-12-14,1,0,0.99998426
55000900130309,2021-12-15,1,0,0.99998426
55000900130309,2021-12-16,1,0,0.99998426
55000900130309,2021-12-17,1,0,0.99998426
55000900130309,2021-12-18,1,0,0.99998426
55000900130309,2021-12-19,1,0,0.99998426
55000900130309,2021-12-20,1,0,0.99998426
55000900130309,2021-12-21,1,0,0.99998426
55000900130309,2021-12-22,1,0,0.99998426
55000900130309,2021-12-23,1,0,0.99998426
55000900130309,2021-12-24,1,0,0.99998426
55000900130309,2021-12-25,1,0,0.99998426
55000900130309,2021-12-26,1,0,0.99998426
55000900130309,2021-12-27,1,0,0.99998426
55000900130309,2021-12-28,1,0,0.99998426
55000900130309,2021-12-29,1,0,0.99998426
55000900130309,2021-12-30,1,0,0.99998426
55000900130309,2021-12-31,1,0,0.99998426
55000900130309,2022-01-01,1,0,0.99998426
55000900130309,2022-01-02,1,0,0.99998426
55000900130309,2022-01-03,1,0,0.99998426
55000900130309,2022-01-04,1,0,0.99998426
55000900130309,2022-01-05,1,0,0.99998426
55000900130309,2022-01-06,1,0,0.99998426
55000900130309,2022-01-07,1,0,0.99998426
55000900130309,2022-01-08,1,0,0.99998426
55000900130309,2022-01-09,1,0,0.99998426
55000900130309,2022-01-10,1,0,0.99998426
55000900130309,2022-01-11,1,0,0.99998426
55000900130309,2022-01-12,1,0,0.99998426
55000900130309,2022-01-13,1,0,0.99998426
55000900130309,2022-01-14,1,0,0.99998426
55000900130309,2022-01-15,1,0,0.99998426
55000900130309,2022-01-16,1,0,0.99998426
55000900130309,2022-01-17,1,0,0.99998426
55000900130309,2022-01-18,1,0,0.99998426
55000900130309,2022-01-19,1,0,0.99998426
55000900130309,2022-01-20,1,0,0.99998426
55000900130309,2022-01-21,1,0,0.99998426
55000900130309,2022-01-22,1,0,0.99998426
55000900130309,2022-01-23,1,0,0.99998426
55000900130309,2022-01-24,1,0,0.99998426
55000900130309,2022-01-25,1,0,0.99998426
55000900130309,2022-01-26,1,0,0.99998426
55000900130309,2022-01-27,1,0,0.99998426
55000900130309,2022-01-28,1,0,0.99998426
55000900130309,2022-01-29,1,0,0.99998426
55000900130309,2022-01-30,1,0,0.99998426
55000900130309,2022-01-31,1,0,0.99998426
55000900130309,2022-02-01,1,0,0.99998426
55000900130309,2022-02-02,1,0,0.99998426
55000900130309,2022-02-03,1,0,0.99998426
55000900130309,2022-02-04,1,0,0.99998426
55000900130309,2022-02-05,1,0,0.99998426
55000900130309,2022-02-06,1,0,0.99998426
55000900130309,2022-02-07,1,0,0.99998426
55000900130309,2022-02-08,1,0,0.99998426
55000900130309,2022-02-09,1,0,0.99998426
55000900130309,2022-02-10,1,0,0.99998426
55000900130309,2022-02-11,1,0,0.99998426
55000900130309,2022-02-12,1,0,0.99998426
55000900130309,2022-02-13,1,0,0.99998426
55000900130309,2022-02-14,1,0,0.99998426
55000900130309,2022-02-15,1,0,0.99998426
55000900130309,2022-02-16,1,0,0.99998426
55000900130309,2022-02-17,1,0,0.99998426
55000900130309,2022-02-18,1,0,0.99998426
55000900130309,2022-02-19,1,0,0.99998426
55000900130309,2022-02-20,1,0,0.99998426
55000900130309,2022-02-21,1,0,0.99998426
55000900130309,2022-02-22,1,0,0.99998426
55000900130309,2022-02-23,1,0,0.99998426
55000900130309,2022-02-24,1,0,0.99998426
55000900130309,2022-02-25,1,0,0.99998426
55000900130309,2022-02-26,1,0,0.99998426
55000900130309,2022-02-27,1,0,0.99998426
55000900130309,2022-02-28,1,0,0.99998426
55000900130309,2022-03-01,1,0,0.99998426
55000900130309,2022-03-02,1,0,0.99998426
55000900130309,2022-03-03,1,0,0.99998426
55000900130309,2022-03-04,1,0,0.99998426
55000900130309,2022-03-05,1,0,0.99998426
55000900130309,2022-03-06,1,0,0.99998426
55000900130309,2022-03-07,1,0,0.99998426
55000900130309,2022-03-08,1,0,0.99998426
55000900130309,2022-03-09,1,0,0.99998426
55000900130309,2022-03-10,1,0,0.99998426
55000900130309,2022-03-11,1,0,0.99998426
55000900130309,2022-03-12,1,0,0.99998426
55000900130309,2022-03-14,1,0,0.99998426
55000900130309,2022-03-15,1,0,0.99998426
55000900130309,2022-03-16,1,0,0.99998426
55000900130309,2022-03-17,1,0,0.99998426
55000900130309,2022-03-18,1,0,0.99998426
55000900130309,2022-03-19,1,0,0.99998426
55000900130309,2022-03-20,1,0,0.99998426
55000900130309,2022-03-21,1,0,0.99998426
55000900130309,2022-03-22,1,0,0.99998426
55000900130309,2022-03-23,1,0,0.99998426
55000900130309,2022-03-24,1,0,0.99998426
55000900130309,2022-03-25,1,0,0.99998426
55000900130309,2022-03-26,1,0,0.99998426
55000900130309,2022-03-27,1,0,0.99998426
55000900130309,2022-03-28,1,0,0.99998426
55000900130309,2022-03-29,1,0,0.99998426
55000900130309,2022-03-30,1,0,0.99998426
55000900130309,2022-03-31,1,0,0.99998426
55000900130309,2022-04-01,1,0,0.99998426
55000900130309,2022-04-02,1,0,0.99998426
55000900130309,2022-04-03,1,0,0.99998426
55000900130309,2022-04-04,1,0,0.99998426
55000900130309,2022-04-05,1,0,0.99998426
55000900130309,2022-04-06,1,0,0.99998426
55000900130309,2022-04-07,1,0,0.99998426
55000900130309,2022-04-08,1,0,0.99998426
55000900130309,2022-04-09,1,0,0.99998426
55000900130309,2022-04-10,1,0,0.99998426
55000900130309,2022-04-11,1,0,0.99998426
55000900130309,2022-04-12,1,0,0.99998426
55000900130309,2022-04-13,1,0,0.99998426
55000900130309,2022-04-14,1,0,0.99998426
55000900130309,2022-04-15,1,0,0.99998426
55000900130309,2022-04-16,1,0,0.99998426
55000900130309,2022-04-17,1,0,0.99998426
55000900130309,2022-04-18,1,0,0.99998426
55000900130309,2022-04-19,1,0,0.99998426
55000900130309,2022-04-20,1,0,0.99998426
55000900130309,2022-04-21,1,0,0.99998426
55000900130309,2022-04-22,1,0,0.99998426
55000900130309,2022-04-23,1,0,0.99998426
55000900130309,2022-04-24,1,0,0.99998426
55000900130309,2022-04-25,1,0,0.99998426
55000900130309,2022-04-26,1,0,0.99998426
55000900130309,2022-04-27,1,0,0.99998426
55000900130309,2022-04-28,1,0,0.99998426
55000900130309,2022-04-29,1,0,0.99998426
55000900130309,2022-04-30,1,0,0.99998426
55000900130309,2022-05-01,1,0,0.99998426
55000900130309,2022-05-02,1,0,0.99998426
55000900130309,2022-05-03,1,0,0.99998426
55000900130309,2022-05-04,1,0,0.99998426
55000900130309,2022-05-05,1,0,0.99998426
55000900130309,2022-05-06,1,0,0.99998426
55000900130309,2022-05-07,1,0,0.99998426
55000900130309,2022-05-08,1,0,0.99998426
55000900130309,2022-05-09,1,0,0.99998426
55000900130309,2022-05-10,1,0,0.99998426
55000900130309,2022-05-11,1,0,0.99998426
55000900130309,2022-05-12,1,0,0.99998426
55000900130309,2022-05-13,1,0,0.99998426
55000900130309,2022-05-14,1,0,0.99998426
55000900130309,2022-05-15,1,0,0.99998426
55000900130309,2022-05-16,1,0,0.99998426
55000900130309,2022-05-17,1,0,0.99998426
55000900130309,2022-05-18,1,0,0.99998426
55000900130309,2022-05-19,1,0,0.99998426
55000900130309,2022-05-20,1,0,0.99998426
55000900130309,2022-05-21,1,0,0.99998426
55000900130309,2022-05-22,1,0,0.99998426
55000900130309,2022-05-23,1,0,0.99998426
55000900130309,2022-05-24,1,0,0.99998426
55000900130309,2022-05-25,1,0,0.99998426
55000900130309,2022-05-26,1,0,0.99998426
55000900130309,2022-05-27,1,0,0.99998426
55000900130309,2022-05-28,1,0,0.99998426
55000900130309,2022-05-29,1,0,0.99998426
55000900130309,2022-05-30,1,0,0.99998426
55000900130309,2022-05-31,1,0,0.99998426
55000900130309,2022-06-01,1,0,0.99998426
55000900130309,2022-06-02,1,0,0.99998426
55000900130309,2022-06-03,1,0,0.99998426
55000900130309,2022-06-04,1,0,0.99998426
55000900130309,2022-06-05,1,0,0.99998426
55000900130309,2022-06-06,1,0,0.99998426
55000900130309,2022-06-07,1,0,0.99998426
55000900130309,2022-06-08,1,0,0.99998426
55000900130309,2022-06-09,1,0,0.99998426
55000900130309,2022-06-10,1,0,0.99998426
55000900130309,2022-06-11,1,0,0.99998426
55000900130309,2022-06-12,1,0,0.99998426
55000900130309,2022-06-13,1,0,0.99998426
55000900130309,2022-06-14,1,0,0.99998426
55000900130309,2022-06-15,1,0,0.99998426
55000900130309,2022-06-16,1,0,0.99998426
55000900130309,2022-06-17,1,0,0.99998426
55000900130309,2022-06-18,1,0,0.99998426
55000900130309,2022-06-19,1,0,0.99998426
55000900130309,2022-06-20,1,0,0.99998426
55000900130309,2022-06-21,1,0,0.99998426
55000900130309,2022-06-22,1,0,0.99998426
55000900130309,2022-06-23,1,0,0.99998426
55000900130309,2022-06-24,1,0,0.99998426
55000900130309,2022-06-25,1,0,0.99998426
55000900130309,2022-06-26,1,0,0.99998426
55000900130309,2022-06-27,1,0,0.99998426
55000900130309,2022-06-28,1,0,0.99998426
55000900130309,2022-06-29,1,0,0.99998426
55000900130309,2022-06-30,1,0,0.99998426
55000900130309,2022-07-01,1,0,0.99998426
55000900130309,2022-07-02,1,0,0.99998426
55000900130309,2022-07-03,1,0,0.99998426
55000900130309,2022-07-04,1,0,0.99998426
55000900130309,2022-07-05,1,0,0.99998426
55000900130309,2022-07-06,1,0,0.99998426
55000900130309,2022-07-07,1,0,0.99998426
55000900130309,2022-07-08,1,0,0.99998426
55000900130309,2022-07-09,1,0,0.99998426
55000900130309,2022-07-10,1,0,0.99998426
55000900130309,2022-07-11,1,0,0.99998426
55000900130309,2022-07-12,1,0,0.99998426
55000900130309,2022-07-13,1,0,0.99998426
55000900130309,2022-07-14,1,0,0.99998426
55000900130309,2022-07-15,1,0,0.99998426
55000900130309,2022-07-16,1,0,0.99998426
55000900130309,2022-07-17,1,0,0.99998426
55000900130309,2022-07-18,1,0,0.99998426
55000900130309,2022-07-19,1,0,0.99998426
55000900130309,2022-07-20,1,0,0.99998426
55000900130309,2022-07-21,1,0,0.99998426
55000900130309,2022-07-22,1,0,0.99998426
55000900130309,2022-07-23,1,0,0.99998426
55000900130309,2022-07-24,1,0,0.99998426
55000900130309,2022-07-25,1,0,0.99998426
55000900130309,2022-07-26,1,0,0.99998426
55000900130309,2022-07-27,1,0,0.99998426
55000900130309,2022-07-28,1,0,0.99998426
55000900130309,2022-07-29,1,0,0.99998426
55000900130309,2022-07-30,1,0,0.99998426
55000900130309,2022-07-31,1,0,0.99998426
55000900130309,2022-08-01,1,0,0.99998426
55000900130309,2022-08-02,1,0,0.99998426
55000900130309,2022-08-03,1,0,0.99998426
55000900130309,2022-08-04,1,0,0.99998426
55000900130309,2022-08-05,1,0,0.99998426
55000900130309,2022-08-06,1,0,0.99998426
55000900130309,2022-08-07,1,0,0.99998426
55000900130309,2022-08-08,1,0,0.99998426
55000900130309,2022-08-09,1,0,0.99998426
55000900130309,2022-08-10,1,0,0.99998426
55000900130309,2022-08-11,1,0,0.99998426
55000900130309,2022-08-12,1,0,0.99998426
55000900130309,2022-08-13,1,0,0.99998426
55000900130309,2022-08-14,1,0,0.99998426
55000900130309,2022-08-15,1,0,0.99998426
55000900130309,2022-08-16,1,0,0.99998426
55000900130309,2022-08-17,1,0,0.99998426
55000900130309,2022-08-18,1,0,0.99998426
55000900130309,2022-08-19,1,0,0.99998426
55000900130309,2022-08-20,1,0,0.99998426
55000900130309,2022-08-21,1,0,0.99998426
55000900130309,2022-08-22,1,0,0.99998426
55000900130309,2022-08-23,1,0,0.99998426
55000900130309,2022-08-24,1,0,0.99998426
55000900130309,2022-08-25,1,0,0.99998426
55000900130309,2022-08-26,1,0,0.99998426
55000900130309,2022-08-27,1,0,0.99998426
55000900130309,2022-08-28,1,0,0.99998426
55000900130309,2022-08-29,1,0,0.99998426
55000900130309,2022-08-30,1,0,0.99998426
55000900130309,2022-08-31,1,0,0.99998426
55000900130309,2022-09-01,1,0,0.99998426
55000900130309,2022-09-02,1,0,0.99998426
55000900130309,2022-09-03,1,0,0.99998426
55000900130309,2022-09-04,1,0,0.99998426
55000900130309,2022-09-05,1,0,0.99998426
55000900130309,2022-09-06,1,0,0.99998426
55000900130309,2022-09-07,1,0,0.99998426
55000900130309,2022-09-08,1,0,0.99998426
55000900130309,2022-09-09,1,0,0.99998426
55000900130309,2022-09-10,1,0,0.99998426
55000900130309,2022-09-11,1,0,0.99998426
55000900130309,2022-09-12,1,0,0.99998426
55000900130309,2022-09-13,1,0,0.99998426
55000900130309,2022-09-14,1,0,0.99998426
55000900130309,2022-09-15,1,0,0.99998426
55000900130309,2022-09-16,1,0,0.99998426
55000900130309,2022-09-17,1,0,0.99998426
55000900130309,2022-09-18,1,0,0.99998426
55000900130309,2022-09-19,1,0,0.99998426
55000900130309,2022-09-20,1,0,0.99998426
55000900130309,2022-09-21,1,0,0.99998426
55000900130309,2022-09-22,1,0,0.99998426
55000900130309,2022-09-23,1,0,0.99998426
55000900130309,2022-09-24,1,0,0.99998426
55000900130309,2022-09-25,1,0,0.99998426
55000900130309,2022-09-26,1,0,0.99998426
55000900130309,2022-09-27,1,0,0.99998426
55000900130309,2022-09-28,1,0,0.99998426
55000900130309,2022-09-29,1,0,0.99998426
55000900130309,2022-09-30,1,0,0.99998426
55000900130309,2022-10-01,1,0,0.99998426
55000900130309,2022-10-02,1,0,0.99998426
55000900130309,2022-10-03,1,0,0.99998426
55000900130309,2022-10-04,1,0,0.99998426
55000900130309,2022-10-05,1,0,0.99998426
55000900130309,2022-10-06,1,0,0.99998426
55000900130309,2022-10-07,1,0,0.99998426
55000900130309,2022-10-08,1,0,0.99998426
55000900130309,2022-10-09,1,0,0.99998426
55000900130309,2022-10-10,1,0,0.99998426
55000900130309,2022-10-11,1,0,0.99998426
55000900130309,2022-10-12,1,0,0.99998426
55000900130309,2022-10-13,1,0,0.99998426
55000900130309,2022-10-14,1,0,0.99998426
55000900130309,2022-10-15,1,0,0.99998426
55000900130309,2022-10-16,1,0,0.99998426
55000900130309,2022-10-17,1,0,0.99998426
55000900130309,2022-10-18,1,0,0.99998426
55000900130309,2022-10-19,1,0,0.99998426
55000900130309,2022-10-20,1,0,0.99998426
55000900130309,2022-10-21,1,0,0.99998426
55000900130309,2022-10-22,1,0,0.99998426
55000900130309,2022-10-23,1,0,0.99998426
55000900130309,2022-10-24,1,0,0.99998426
55000900130309,2022-10-25,1,0,0.99998426
55000900130309,2022-10-26,1,0,0.99998426
55000900130309,2022-10-27,1,0,0.99998426
55000900130309,2022-10-28,1,0,0.99998426
55000900130309,2022-10-29,1,0,0.99998426
55000900130309,2022-10-30,1,0,0.99998426
55000900130309,2022-10-31,1,0,0.99998426
55000900130309,2022-11-01,1,0,0.99998426
55000900130309,2022-11-02,1,0,0.99998426
55000900130309,2022-11-03,1,0,0.99998426
55000900130309,2022-11-04,1,0,0.99998426
55000900130309,2022-11-05,1,0,0.99998426
55000900130309,2022-11-06,1,0,0.99998426
55000900130309,2022-11-07,1,0,0.99998426
55000900130309,2022-11-08,1,0,0.99998426
55000900130309,2022-11-09,1,0,0.99998426
55000900130309,2022-11-10,1,0,0.99998426
55000900130309,2022-11-11,1,0,0.99998426
55000900130309,2022-11-12,1,0,0.99998426
55000900130309,2022-11-13,1,0,0.99998426
55000900130309,2022-11-14,1,0,0.99998426
55000900130309,2022-11-15,1,0,0.99998426
55000900130309,2022-11-16,1,0,0.99998426
55000900130309,2022-11-17,1,0,0.99998426
55000900130309,2022-11-18,1,0,0.99998426
55000900130309,2022-11-19,1,0,0.99998426
55000900130309,2022-11-20,1,0,0.99998426
55000900130309,2022-11-21,1,0,0.99998426
55000900130309,2022-11-22,1,0,0.99998426
55000900130309,2022-11-23,1,0,0.99998426
55000900130309,2022-11-24,1,0,0.99998426
55000900130309,2022-11-25,1,0,0.99998426
55000900130309,2022-11-26,1,0,0.99998426
55000900130309,2022-11-27,1,0,0.99998426
55000900130309,2022-11-28,1,0,0.99998426
55000900130309,2022-11-29,1,0,0.99998426
55000900130309,2022-11-30,1,0,0.99998426
55000900130309,2022-12-01,1,0,0.99998426
55000900130309,2022-12-02,1,0,0.99998426
55000900130309,2022-12-03,1,0,0.99998426
55000900130309,2022-12-04,1,0,0.99998426
55000900130309,2022-12-05,1,0,0.99998426
55000900130309,2022-12-06,1,0,0.99998426
55000900130309,2022-12-07,1,0,0.99998426
55000900130309,2022-12-08,1,0,0.99998426
55000900130309,2022-12-09,1,0,0.99998426
55000900130309,2022-12-10,1,0,0.99998426
55000900130309,2022-12-11,1,0,0.99998426
55000900130309,2022-12-12,1,0,0.99998426
55000900130309,2022-12-13,1,0,0.99998426
55000900130309,2022-12-14,1,0,0.99998426
55000900130309,2022-12-15,1,0,0.99998426
55000900130309,2022-12-16,1,0,0.99998426
55000900130309,2022-12-17,1,0,0.99998426
55000900130309,2022-12-18,1,0,0.99998426
55000900130309,2022-12-19,1,0,0.99998426
55000900130309,2022-12-20,1,0,0.99998426
55000900130309,2022-12-21,1,0,0.99998426
55000900130309,2022-12-22,1,0,0.99998426
55000900130309,2022-12-23,1,0,0.99998426
55000900130309,2022-12-24,1,0,0.99998426
55000900130309,2022-12-25,1,0,0.99998426
55000900130309,2022-12-26,1,0,0.99998426
55000900130309,2022-12-27,1,0,0.99998426
55000900130309,2022-12-28,1,0,0.99998426
55000900130309,2022-12-29,1,0,0.99998426
55000900130309,2022-12-30,1,0,0.99998426
55000900130309,2022-12-31,1,0,0.99998426
55000900130309,2023-01-01,1,0,0.99998426
55000900130309,2023-01-02,1,0,0.99998426
55000900130309,2023-01-03,1,0,0.99998426
55000900130309,2023-01-04,1,0,0.99998426
55000900130309,2023-01-05,1,0,0.99998426
55000900130309,2023-01-06,1,0,0.99998426
55000900130309,2023-01-07,1,0,0.99998426
55000900130309,2023-01-08,1,0,0.99998426
55000900130309,2023-01-09,1,0,0.99998426
55000900130309,2023-01-10,1,0,0.99998426
55000900130309,2023-01-11,1,0,0.99998426
55000900130309,2023-01-12,1,0,0.99998426
55000900130309,2023-01-13,1,0,0.99998426
55000900130309,2023-01-14,1,0,0.99998426
55000900130309,2023-01-15,1,0,0.99998426
55000900130309,2023-01-16,1,0,0.99998426
55000900130309,2023-01-17,1,0,0.99998426
55000900130309,2023-01-18,1,0,0.99998426
55000900130309,2023-01-19,1,0,0.99998426
55000900130309,2023-01-20,1,0,0.99998426
55000900130309,2023-01-21,1,0,0.99998426
55000900130309,2023-01-22,1,0,0.99998426
55000900130309,2023-01-23,1,0,0.99998426
55000900130309,2023-01-24,1,0,0.99998426
55000900130309,2023-01-25,1,0,0.99998426
55000900130309,2023-01-26,1,0,0.99998426
55000900130309,2023-01-27,1,0,0.99998426
55000900130309,2023-01-28,1,0,0.99998426
55000900130309,2023-01-29,1,0,0.99998426
55000900130309,2023-01-30,1,0,0.99998426
55000900130309,2023-01-31,1,0,0.99998426
55000900130309,2023-02-01,1,0,0.99998426
55000900130309,2023-02-02,1,0,0.99998426
55000900130309,2023-02-03,1,0,0.99998426
55000900130309,2023-02-04,1,0,0.99998426
55000900130309,2023-02-05,1,0,0.99998426
55000900130309,2023-02-06,1,0,0.99998426
55000900130309,2023-02-07,1,0,0.99998426
55000900130309,2023-02-08,1,0,0.99998426
55000900130309,2023-02-09,1,0,0.99998426
55000900130309,2023-02-10,1,0,0.99998426
55000900130309,2023-02-11,1,0,0.99998426
55000900130309,2023-02-12,1,0,0.99998426
55000900130309,2023-02-13,1,0,0.99998426
55000900130309,2023-02-14,1,0,0.99998426
55000900130309,2023-02-15,1,0,0.99998426
55000900130309,2023-02-16,1,0,0.99998426
55000900130309,2023-02-17,1,0,0.99998426
55000900130309,2023-02-18,1,0,0.99998426
55000900130309,2023-02-19,1,0,0.99998426
55000900130309,2023-02-20,1,0,0.99998426
55000900130309,2023-02-21,1,0,0.99998426
55000900130309,2023-02-22,1,0,0.99998426
55000900130309,2023-02-23,1,0,0.99998426
55000900130309,2023-02-24,1,0,0.99998426
55000900130309,2023-02-25,1,0,0.99998426
55000900130309,2023-02-26,1,0,0.99998426
55000900130309,2023-02-27,1,0,0.99998426
55000900130309,2023-02-28,1,0,0.99998426
55000900130309,2023-03-01,1,0,0.99998426
55000900130309,2023-03-02,1,0,0.99998426
55000900130309,2023-03-03,1,0,0.99998426
55000900130309,2023-03-04,1,0,0.99998426
55000900130309,2023-03-05,1,0,0.99998426
55000900130309,2023-03-06,1,0,0.99998426
55000900130309,2023-03-07,1,0,0.99998426
55000900130309,2023-03-08,1,0,0.99998426
55000900130309,2023-03-09,1,0,0.99998426
55000900130309,2023-03-10,1,0,0.99998426
55000900130309,2023-03-11,1,0,0.99998426
55000900130309,2023-03-13,1,0,0.99998426
55000900130309,2023-03-14,1,0,0.99998426
55000900130309,2023-03-15,1,0,0.99998426
55000900130309,2023-03-16,1,0,0.99998426
55000900130309,2023-03-17,1,0,0.99998426
55000900130309,2023-03-18,1,0,0.99998426
55000900130309,2023-03-19,1,0,0.99998426
55000900130309,2023-03-20,1,0,0.99998426
55000900130309,2023-03-21,1,0,0.99998426
55000900130309,2023-03-22,1,0,0.99998426
55000900130309,2023-03-23,1,0,0.99998426
55000900130309,2023-03-24,1,0,0.99998426
55000900130309,2023-03-25,1,0,0.99998426
55000900130309,2023-03-26,1,0,0.99998426
55000900130309,2023-03-27,1,0,0.99998426
55000900130309,2023-03-28,1,0,0.99998426
55000900130309,2023-03-29,1,0,0.99998426
55000900130309,2023-03-30,1,0,0.99998426
55000900130309,2023-03-31,1,0,0.99998426
55000900130309,2023-04-01,1,0,0.99998426
55000900130309,2023-04-02,1,0,0.99998426
55000900130309,2023-04-03,1,0,0.99998426
55000900130309,2023-04-04,1,0,0.99998426
55000900130309,2023-04-05,1,0,0.99998426
55000900130309,2023-04-06,1,0,0.99998426
55000900130309,2023-04-07,1,0,0.99998426
55000900130309,2023-04-08,1,0,0.99998426
55000900130309,2023-04-09,1,0,0.99998426
55000900130309,2023-04-10,1,0,0.99998426
55000900130309,2023-04-11,1,0,0.99998426
55000900130309,2023-04-12,1,0,0.99998426
55000900130309,2023-04-13,1,0,0.99998426
55000900130309,2023-04-14,1,0,0.99998426
55000900130309,2023-04-15,1,0,0.99998426
55000900130309,2023-04-16,1,0,0.99998426
55000900130309,2023-04-17,1,0,0.99998426
55000900130309,2023-04-18,1,0,0.99998426
55000900130309,2023-04-19,1,0,0.99998426
55000900130309,2023-04-20,1,0,0.99998426
55000900130316,2020-09-29,0,0,0.54313534
55000900130316,2020-09-30,0,0,0.21882227
55000900130316,2020-10-01,0,0,0.22948119
55000900130316,2020-10-02,0,0,0.19580378
55000900130316,2020-10-03,0,0,0.18124449
55000900130316,2020-10-04,0,0,0.1707748
55000900130316,2020-10-05,0,0,0.1629672
55000900130316,2020-10-06,0,0,0.15716946
55000900130316,2020-10-07,0,0,0.15290369
55000900130316,2020-10-08,0,0,0.1498134
55000900130316,2020-10-09,0,0,0.14760883
55000900130316,2020-10-10,1,0,0.14605507
55000900130316,2020-10-11,1,0,0.14498876
55000900130316,2020-10-12,1,0,0.144278
55000900130316,2020-10-13,1,0,0.615152
55000900130316,2020-10-14,1,0,0.59555846
55000900130316,2020-10-15,1,0,0.6178556
55000900130316,2020-10-16,1,0,0.6429383
55000900130316,2020-10-17,0,0,0.67175037
55000900130316,2020-10-18,0,0,0.7208956
55000900130316,2020-10-19,0,0,0.76759183
55000900130316,2020-10-20,0,0,0.35080877
55000900130316,2020-10-21,0,0,0.35765028
55000900130316,2020-10-22,0,0,0.26127636
55000900130316,2020-10-23,0,0,0.22829722
55000900130316,2020-10-24,0,0,0.21038482
55000900130316,2020-10-25,0,0,0.19934444
55000900130316,2020-10-26,0,0,0.18399896
55000900130316,2020-10-27,0,0,0.18025841
55000900130316,2020-10-28,0,0,0.1730012
55000900130316,2020-10-29,0,0,0.16939558
55000900130316,2020-10-30,0,0,0.16560668
55000900130316,2020-10-31,0,0,0.16229385
55000900130316,2020-11-01,0,0,0.15933041
55000900130316,2020-11-02,0,0,0.1566527
55000900130316,2020-11-03,0,0,0.15419866
55000900130316,2020-11-04,0,0,0.15192412
55000900130316,2020-11-05,1,0,0.14983368
55000900130316,2020-11-06,1,0,0.14793053
55000900130316,2020-11-07,1,0,0.14636196
55000900130316,2020-11-08,1,0,0.6348366
55000900130316,2020-11-09,1,0,0.6141348
55000900130316,2020-11-10,1,0,0.6052828
55000900130316,2020-11-11,1,0,0.47133526
55000900130316,2020-11-12,1,0,0.51663345
55000900130316,2020-11-13,1,0,0.55477273
55000900130316,2020-11-14,1,0,0.66140085
55000900130316,2020-11-15,1,0,0.7183716
55000900130316,2020-11-16,1,0,0.75371784
55000900130316,2020-11-17,1,0,0.77015185
55000900130316,2020-11-18,1,0,0.803316
55000900130316,2020-11-19,1,0,0.81338644
55000900130316,2020-11-20,1,0,0.85346025
55000900130316,2020-11-21,1,0,0.8665067
55000900130316,2020-11-22,1,0,0.9047303
55000900130316,2020-11-23,1,0,0.91222537
55000900130316,2020-11-24,1,0,0.9425976
55000900130316,2020-11-25,1,0,0.9483963
55000900130316,2020-11-26,1,0,0.9743293
55000900130316,2020-11-27,1,0,0.97728026
55000900130316,2020-11-28,1,0,0.9853955
55000900130316,2020-11-29,1,0,0.9874176
55000900130316,2020-11-30,1,0,0.98702115
55000900130316,2020-12-01,1,0,0.99045604
55000900130316,2020-12-02,1,0,0.9892691
55000900130316,2020-12-03,1,0,0.98971176
55000900130316,2020-12-04,1,0,0.99038565
55000900130316,2020-12-05,1,0,0.990159
55000900130316,2020-12-06,1,0,0.9921659
55000900130316,2020-12-07,1,0,0.9939831
55000900130316,2020-12-08,1,0,0.9939831
55000900130316,2020-12-09,1,0,0.9939831
55000900130316,2020-12-10,1,0,0.9939831
55000900130316,2020-12-11,1,0,0.9939831
55000900130316,2020-12-12,1,0,0.9939831
55000900130316,2020-12-13,1,0,0.9939831
55000900130316,2020-12-14,1,0,0.9939831
55000900130316,2020-12-15,1,0,0.9939831
55000900130316,2020-12-16,1,0,0.9939831
55000900130316,2020-12-17,1,0,0.9939831
55000900130316,2020-12-18,1,0,0.9939831
55000900130316,2020-12-19,1,0,0.9939831
55000900130316,2020-12-20,1,0,0.9939831
55000900130316,2020-12-21,1,0,0.9939831
55000900130316,2020-12-22,1,0,0.9939831
55000900130316,2020-12-23,1,0,0.9939831
55000900130316,2020-12-24,1,0,0.9939831
55000900130316,2020-12-25,1,0,0.9939831
55000900130316,2020-12-26,1,0,0.9939831
55000900130316,2020-12-27,1,0,0.9939831
55000900130316,2020-12-28,1,0,0.9939831
55000900130316,2020-12-29,1,0,0.9939831
55000900130316,2020-12-30,1,0,0.9939831
55000900130316,2020-12-31,1,0,0.9939831
55000900130316,2021-01-01,1,0,0.9939831
55000900130316,2021-01-02,1,0,0.9939831
55000900130316,2021-01-03,1,0,0.9939831
55000900130316,2021-01-04,1,0,0.9939831
55000900130316,2021-01-05,1,0,0.9939831
55000900130316,2021-01-06,1,0,0.9939831
55000900130316,2021-01-07,1,0,0.9939831
55000900130316,2021-01-08,1,0,0.9939831
55000900130316,2021-01-09,1,0,0.9939831
55000900130316,2021-01-10,1,0,0.9939831
55000900130316,2021-01-11,1,0,0.9939831
55000900130316,2021-01-12,1,0,0.9939831
55000900130316,2021-01-13,1,0,0.9939831
55000900130316,2021-01-14,1,0,0.9939831
55000900130316,2021-01-15,1,0,0.9939831
55000900130316,2021-01-16,1,0,0.9939831
55000900130316,2021-01-17,1,0,0.9939831
55000900130316,2021-01-18,1,0,0.9939831
55000900130316,2021-01-19,1,0,0.9939831
55000900130316,2021-01-20,1,0,0.9939831
55000900130316,2021-01-21,1,0,0.9939831
55000900130316,2021-01-22,1,0,0.9939831
55000900130316,2021-01-23,1,0,0.9939831
55000900130316,2021-01-24,1,0,0.9939831
55000900130316,2021-01-25,1,0,0.9939831
55000900130316,2021-01-26,1,0,0.9939831
55000900130316,2021-01-27,1,0,0.9939831
55000900130316,2021-01-28,1,0,0.9939831
55000900130316,2021-01-29,1,0,0.9939831
55000900130316,2021-01-30,1,0,0.9939831
55000900130316,2021-01-31,1,0,0.9939831
55000900130316,2021-02-01,1,0,0.9939831
55000900130316,2021-02-02,1,0,0.9939831
55000900130316,2021-02-03,1,0,0.9939831
55000900130316,2021-02-04,1,0,0.9939831
55000900130316,2021-02-05,1,0,0.9939831
55000900130316,2021-02-06,1,0,0.9939831
55000900130316,2021-02-07,1,0,0.9939831
55000900130316,2021-02-08,1,0,0.9939831
55000900130316,2021-02-09,1,0,0.9939831
55000900130316,2021-02-10,1,0,0.9939831
55000900130316,2021-02-11,1,0,0.9939831
55000900130316,2021-02-12,1,0,0.9939831
55000900130316,2021-02-13,1,0,0.9939831
55000900130316,2021-02-14,1,0,0.9939831
55000900130316,2021-02-15,1,0,0.9939831
55000900130316,2021-02-16,1,0,0.9939831
55000900130316,2021-02-17,1,0,0.9939831
55000900130316,2021-02-18,1,0,0.9939831
55000900130316,2021-02-19,1,0,0.9939831
55000900130316,2021-02-20,1,0,0.9939831
55000900130316,2021-02-21,1,0,0.9939831
55000900130316,2021-02-22,1,0,0.9939831
55000900130316,2021-02-23,1,0,0.9939831
55000900130316,2021-02-24,1,0,0.9939831
55000900130316,2021-02-25,1,0,0.9939831
55000900130316,2021-02-26,1,0,0.9939831
55000900130316,2021-02-27,1,0,0.9939831
55000900130316,2021-02-28,1,0,0.9939831
55000900130316,2021-03-01,1,0,0.9939831
55000900130316,2021-03-02,1,0,0.9939831
55000900130316,2021-03-03,1,0,0.9939831
55000900130316,2021-03-04,1,0,0.9939831
55000900130316,2021-03-05,1,0,0.9939831
55000900130316,2021-03-06,1,0,0.9939831
55000900130316,2021-03-07,1,0,0.9939831
55000900130316,2021-03-08,1,0,0.9939831
55000900130316,2021-03-09,1,0,0.9939831
55000900130316,2021-03-10,1,0,0.9939831
55000900130316,2021-03-11,1,0,0.9939831
55000900130316,2021-03-12,1,0,0.9939831
55000900130316,2021-03-13,1,0,0.9939831
55000900130316,2021-03-15,1,0,0.9939831
55000900130316,2021-03-16,1,0,0.9939831
55000900130316,2021-03-17,1,0,0.9939831
55000900130316,2021-03-18,1,0,0.9939831
55000900130316,2021-03-19,1,0,0.9939831
55000900130316,2021-03-20,1,0,0.9939831
55000900130316,2021-03-21,1,0,0.9939831
55000900130316,2021-03-22,1,0,0.9939831
55000900130316,2021-03-23,1,0,0.9939831
55000900130316,2021-03-24,1,0,0.9939831
55000900130316,2021-03-25,1,0,0.9939831
55000900130316,2021-03-26,1,0,0.9939831
55000900130316,2021-03-27,1,0,0.9939831
55000900130316,2021-03-28,1,0,0.9939831
55000900130316,2021-03-29,1,0,0.9939831
55000900130316,2021-03-30,1,0,0.9939831
55000900130316,2021-03-31,1,0,0.9939831
55000900130316,2021-04-01,1,0,0.9939831
55000900130316,2021-04-02,1,0,0.9939831
55000900130316,2021-04-03,1,0,0.9939831
55000900130316,2021-04-04,1,0,0.9939831
55000900130316,2021-04-05,1,0,0.9939831
55000900130316,2021-04-06,1,0,0.9939831
55000900130316,2021-04-07,1,0,0.9939831
55000900130316,2021-04-08,1,0,0.9939831
55000900130316,2021-04-09,1,0,0.9939831
55000900130316,2021-04-10,1,0,0.9939831
55000900130316,2021-04-11,1,0,0.9939831
55000900130316,2021-04-12,1,0,0.9939831
55000900130316,2021-04-13,1,0,0.9939831
55000900130316,2021-04-14,1,0,0.9939831
55000900130316,2021-04-15,1,0,0.9939831
55000900130316,2021-04-16,1,0,0.9939831
55000900130316,2021-04-17,1,0,0.9939831
55000900130316,2021-04-18,1,0,0.9939831
55000900130316,2021-04-19,1,0,0.9939831
55000900130316,2021-04-20,1,0,0.9939831
55000900130316,2021-04-21,1,0,0.9939831
55000900130316,2021-04-22,1,0,0.9939831
55000900130316,2021-04-23,1,0,0.9939831
55000900130316,2021-04-24,1,0,0.9939831
55000900130316,2021-04-25,1,0,0.9939831
55000900130316,2021-04-26,1,0,0.9939831
55000900130316,2021-04-27,1,0,0.9939831
55000900130316,2021-04-28,1,0,0.9939831
55000900130316,2021-04-29,1,0,0.9939831
55000900130316,2021-04-30,1,0,0.9939831
55000900130316,2021-05-01,1,0,0.9939831
55000900130316,2021-05-02,1,0,0.9939831
55000900130316,2021-05-03,1,0,0.9939831
55000900130316,2021-05-04,1,0,0.9939831
55000900130316,2021-05-05,1,0,0.9939831
55000900130316,2021-05-06,1,0,0.9939831
55000900130316,2021-05-07,1,0,0.9939831
55000900130316,2021-05-08,1,0,0.9939831
55000900130316,2021-05-09,1,0,0.9939831
55000900130316,2021-05-10,1,0,0.9939831
55000900130316,2021-05-11,1,0,0.9939831
55000900130316,2021-05-12,1,0,0.9939831
55000900130316,2021-05-13,1,0,0.9939831
55000900130316,2021-05-14,1,0,0.9939831
55000900130316,2021-05-15,1,0,0.9939831
55000900130316,2021-05-16,1,0,0.9939831
55000900130316,2021-05-17,1,0,0.9939831
55000900130316,2021-05-18,1,0,0.9939831
55000900130316,2021-05-19,1,0,0.9939831
55000900130316,2021-05-20,1,0,0.9939831
55000900130316,2021-05-21,1,0,0.9939831
55000900130316,2021-05-22,1,0,0.9939831
55000900130316,2021-05-23,1,0,0.9939831
55000900130316,2021-05-24,1,0,0.9939831
55000900130316,2021-05-25,1,0,0.9939831
55000900130316,2021-05-26,1,0,0.9939831
55000900130316,2021-05-27,1,0,0.9939831
55000900130316,2021-05-28,1,0,0.9939831
55000900130316,2021-05-29,1,0,0.9939831
55000900130316,2021-05-30,1,0,0.9939831
55000900130316,2021-05-31,1,0,0.9939831
55000900130316,2021-06-01,1,0,0.9939831
55000900130316,2021-06-02,1,0,0.9939831
55000900130316,2021-06-03,1,0,0.9939831
55000900130316,2021-06-04,1,0,0.9939831
55000900130316,2021-06-05,1,0,0.9939831
55000900130316,2021-06-06,1,0,0.9939831
55000900130316,2021-06-07,1,0,0.9939831
55000900130316,2021-06-08,1,0,0.9939831
55000900130316,2021-06-09,1,0,0.9939831
55000900130316,2021-06-10,1,0,0.9939831
55000900130316,2021-06-11,1,0,0.9939831
55000900130316,2021-06-12,1,0,0.9939831
55000900130316,2021-06-13,1,0,0.9939831
55000900130316,2021-06-14,1,0,0.9939831
55000900130316,2021-06-15,1,0,0.9939831
55000900130316,2021-06-16,0,0,0.9939831
55000900130316,2021-06-17,0,0,0.9939831
55000900130316,2021-06-18,0,0,0.9939831
55000900130316,2021-06-19,0,0,0.28094706
55000900130316,2021-06-20,0,0,0.25728542
55000900130316,2021-06-21,0,0,0.17388716
55000900130316,2021-06-22,0,0,0.15219052
55000900130316,2021-06-23,0,0,0.13772671
55000900130316,2021-06-24,1,0,0.1294942
55000900130316,2021-06-25,1,0,0.121602185
55000900130316,2021-06-26,0,0,0.115452185
55000900130316,2021-06-27,0,0,0.47125846
55000900130316,2021-06-28,0,0,0.46589565
55000900130316,2021-06-29,0,0,0.23506235
55000900130316,2021-06-30,0,0,0.2403251
55000900130316,2021-07-01,0,0,0.20569877
55000900130316,2021-07-02,0,0,0.18953177
55000900130316,2021-07-03,0,0,0.17046049
55000900130316,2021-07-04,0,0,0.15910189
55000900130316,2021-07-05,0,0,0.1454821
55000900130316,2021-07-06,0,0,0.14057575
55000900130316,2021-07-07,0,0,0.13116127
55000900130316,2021-07-08,0,0,0.13058782
55000900130316,2021-07-09,0,0,0.123234354
55000900130316,2021-07-10,0,0,0.12536421
55000900130316,2021-07-11,0,0,0.118327975
55000900130316,2021-07-12,0,0,0.12273251
55000900130316,2021-07-13,0,0,0.11641266
55000900130316,2021-07-14,0,0,0.12447544
55000900130316,2021-07-15,0,0,0.12074568
55000900130316,2021-07-16,0,0,0.1302555
55000900130316,2021-07-17,0,0,0.12654349
55000900130316,2021-07-18,0,0,0.13145983
55000900130316,2021-07-19,0,0,0.13201731
55000900130316,2021-07-20,0,0,0.13257481
55000900130316,2021-07-21,0,0,0.13308647
55000900130316,2021-07-22,0,0,0.13331613
55000900130316,2021-07-23,0,0,0.13284557
55000900130316,2021-07-24,0,0,0.13217035
55000900130316,2021-07-25,0,0,0.12694547
55000900130316,2021-07-26,0,0,0.09670938
55000900130316,2021-07-27,0,0,0.09531652
55000900130316,2021-07-28,0,0,0.10282661
55000900130316,2021-07-29,0,0,0.10282661
55000900130316,2021-07-30,0,0,0.10282661
55000900130316,2021-07-31,0,0,0.10282661
55000900130316,2021-08-01,0,0,0.10282661
55000900130316,2021-08-02,0,0,0.10282661
55000900130316,2021-08-03,0,0,0.10282661
55000900130316,2021-08-04,0,0,0.10282661
55000900130316,2021-08-05,0,0,0.10282661
55000900130316,2021-08-06,0,0,0.10282661
55000900130316,2021-08-07,0,0,0.10282661
55000900130316,2021-08-08,0,0,0.10282661
55000900130316,2021-08-09,0,0,0.10282661
55000900130316,2021-08-10,0,0,0.10282661
55000900130316,2021-08-11,0,0,0.10282661
55000900130316,2021-08-12,0,0,0.10282661
55000900130316,2021-08-13,0,0,0.10282661
55000900130316,2021-08-14,0,0,0.10282661
55000900130316,2021-08-15,0,0,0.10282661
55000900130316,2021-08-16,0,0,0.10282661
55000900130316,2021-08-17,0,0,0.10282661
55000900130316,2021-08-18,0,0,0.10282661
55000900130316,2021-08-19,0,0,0.10282661
55000900130316,2021-08-20,0,0,0.10282661
55000900130316,2021-08-21,0,0,0.10282661
55000900130316,2021-08-22,0,0,0.10282661
55000900130316,2021-08-23,0,0,0.10282661
55000900130316,2021-08-24,0,0,0.10282661
55000900130316,2021-08-25,0,0,0.10282661
55000900130316,2021-08-26,0,0,0.10282661
55000900130316,2021-08-27,0,0,0.10282661
55000900130316,2021-08-28,0,0,0.10282661
55000900130316,2021-08-29,0,0,0.10282661
55000900130316,2021-08-30,0,0,0.10282661
55000900130316,2021-08-31,0,0,0.10282661
55000900130316,2021-09-01,0,0,0.10282661
55000900130316,2021-09-02,0,0,0.10282661
55000900130316,2021-09-03,0,0,0.10282661
55000900130316,2021-09-04,0,0,0.10282661
55000900130316,2021-09-05,0,0,0.10282661
55000900130316,2021-09-06,0,0,0.10282661
55000900130316,2021-09-07,0,0,0.10282661
55000900130316,2021-09-08,0,0,0.10282661
55000900130316,2021-09-09,0,0,0.10282661
55000900130316,2021-09-10,0,0,0.10282661
55000900130316,2021-09-11,0,0,0.10282661
55000900130316,2021-09-12,0,0,0.10282661
55000900130316,2021-09-13,0,0,0.10282661
55000900130316,2021-09-14,0,0,0.10282661
55000900130316,2021-09-15,0,0,0.10282661
55000900130316,2021-09-16,0,0,0.10282661
55000900130316,2021-09-17,0,0,0.10282661
55000900130316,2021-09-18,1,0,0.10282661
55000900130316,2021-09-19,1,0,0.10282661
55000900130316,2021-09-20,1,0,0.10282661
55000900130316,2021-09-21,0,0,0.43493262
55000900130316,2021-09-22,0,0,0.44825605
55000900130316,2021-09-23,0,0,0.46077034
55000900130316,2021-09-24,0,0,0.21606451
55000900130316,2021-09-25,0,0,0.22062396
55000900130316,2021-09-26,0,0,0.19304425
55000900130316,2021-09-27,1,0,0.1785042
55000900130316,2021-09-28,1,0,0.16670178
55000900130316,2021-09-29,1,0,0.1572928
55000900130316,2021-09-30,0,0,0.58964175
55000900130316,2021-10-01,0,0,0.5606288
55000900130316,2021-10-02,0,0,0.5867405
55000900130316,2021-10-03,0,0,0.23531464
55000900130316,2021-10-04,0,0,0.25019065
55000900130316,2021-10-05,0,0,0.2127055
55000900130316,2021-10-06,0,0,0.19678167
55000900130316,2021-10-07,0,0,0.18662843
55000900130316,2021-10-08,0,0,0.17889905
55000900130316,2021-10-09,0,0,0.17293318
55000900130316,2021-10-10,0,0,0.16828747
55000900130316,2021-10-11,0,0,0.1646533
55000900130316,2021-10-12,0,0,0.16175272
55000900130316,2021-10-13,0,0,0.15937291
55000900130316,2021-10-14,0,0,0.15736344
55000900130316,2021-10-15,0,0,0.155644
55000900130316,2021-10-16,0,0,0.15400039
55000900130316,2021-10-17,0,0,0.1522438
55000900130316,2021-10-18,0,0,0.15059204
55000900130316,2021-10-19,0,0,0.14899729
55000900130316,2021-10-20,0,0,0.12345322
55000900130316,2021-10-21,1,0,0.13381836
55000900130316,2021-10-22,1,0,0.13068633
55000900130316,2021-10-23,1,0,0.13495733
55000900130316,2021-10-24,1,0,0.6056769
55000900130316,2021-10-25,1,0,0.5876111
55000900130316,2021-10-26,1,0,0.6012911
55000900130316,2021-10-27,1,0,0.62374294
55000900130316,2021-10-28,1,0,0.65175337
55000900130316,2021-10-29,1,0,0.56732
55000900130316,2021-10-30,1,0,0.66329825
55000900130316,2021-10-31,1,0,0.71744365
55000900130316,2021-11-01,1,0,0.7434119
55000900130316,2021-11-02,1,0,0.7655317
55000900130316,2021-11-03,1,0,0.803316
55000900130316,2021-11-04,1,0,0.81338644
55000900130316,2021-11-05,1,0,0.85346025
55000900130316,2021-11-06,1,0,0.8665067
55000900130316,2021-11-07,1,0,0.9047303
55000900130316,2021-11-08,1,0,0.91222537
55000900130316,2021-11-09,1,0,0.9425976
55000900130316,2021-11-10,1,0,0.9483963
55000900130316,2021-11-11,1,0,0.9743293
55000900130316,2021-11-12,1,0,0.97728026
55000900130316,2021-11-13,1,0,0.9853955
55000900130316,2021-11-14,1,0,0.9874176
55000900130316,2021-11-15,1,0,0.98702115
55000900130316,2021-11-16,1,0,0.99045604
55000900130316,2021-11-17,1,0,0.9892691
55000900130316,2021-11-18,1,0,0.98971176
55000900130316,2021-11-19,1,0,0.99038565
55000900130316,2021-11-20,1,0,0.990159
55000900130316,2021-11-21,1,0,0.9921659
55000900130316,2021-11-22,1,0,0.9939831
55000900130316,2021-11-23,1,0,0.9939831
55000900130316,2021-11-24,1,0,0.9939831
55000900130316,2021-11-25,1,0,0.9939831
55000900130316,2021-11-26,1,0,0.9939831
55000900130316,2021-11-27,1,0,0.9939831
55000900130316,2021-11-28,1,0,0.9939831
55000900130316,2021-11-29,1,0,0.9939831
55000900130316,2021-11-30,1,0,0.9939831
55000900130316,2021-12-01,1,0,0.9939831
55000900130316,2021-12-02,1,0,0.9939831
55000900130316,2021-12-03,1,0,0.9939831
55000900130316,2021-12-04,1,0,0.9939831
55000900130316,2021-12-05,1,0,0.9939831
55000900130316,2021-12-06,1,0,0.9939831
55000900130316,2021-12-07,1,0,0.9939831
55000900130316,2021-12-08,1,0,0.9939831
55000900130316,2021-12-09,1,0,0.9939831
55000900130316,2021-12-10,1,0,0.9939831
55000900130316,2021-12-11,1,0,0.9939831
55000900130316,2021-12-12,1,0,0.9939831
55000900130316,2021-12-13,1,0,0.9939831
55000900130316,2021-12-14,1,0,0.9939831
55000900130316,2021-12-15,1,0,0.9939831
55000900130316,2021-12-16,1,0,0.9939831
55000900130316,2021-12-17,1,0,0.9939831
55000900130316,2021-12-18,1,0,0.9939831
55000900130316,2021-12-19,1,0,0.9939831
55000900130316,2021-12-20,1,0,0.9939831
55000900130316,2021-12-21,1,0,0.9939831
55000900130316,2021-12-22,1,0,0.9939831
55000900130316,2021-12-23,1,0,0.9939831
55000900130316,2021-12-24,1,0,0.9939831
55000900130316,2021-12-25,1,0,0.9939831
55000900130316,2021-12-26,1,0,0.9939831
55000900130316,2021-12-27,1,0,0.9939831
55000900130316,2021-12-28,1,0,0.9939831
55000900130316,2021-12-29,1,0,0.9939831
55000900130316,2021-12-30,1,0,0.9939831
55000900130316,2021-12-31,1,0,0.9939831
55000900130316,2022-01-01,1,0,0.9939831
55000900130316,2022-01-02,1,0,0.9939831
55000900130316,2022-01-03,1,0,0.9939831
55000900130316,2022-01-04,1,0,0.9939831
55000900130316,2022-01-05,1,0,0.9939831
55000900130316,2022-01-06,1,0,0.9939831
55000900130316,2022-01-07,1,0,0.9939831
55000900130316,2022-01-08,1,0,0.9939831
55000900130316,2022-01-09,1,0,0.9939831
55000900130316,2022-01-10,1,0,0.9939831
55000900130316,2022-01-11,1,0,0.9939831
55000900130316,2022-01-12,1,0,0.9939831
55000900130316,2022-01-13,1,0,0.9939831
55000900130316,2022-01-14,1,0,0.9939831
55000900130316,2022-01-15,1,0,0.9939831
55000900130316,2022-01-16,1,0,0.9939831
55000900130316,2022-01-17,1,0,0.9939831
55000900130316,2022-01-18,1,0,0.9939831
55000900130316,2022-01-19,1,0,0.9939831
55000900130316,2022-01-20,1,0,0.9939831
55000900130316,2022-01-21,1,0,0.9939831
55000900130316,2022-01-22,1,0,0.9939831
55000900130316,2022-01-23,1,0,0.9939831
55000900130316,2022-01-24,1,0,0.9939831
55000900130316,2022-01-25,1,0,0.9939831
55000900130316,2022-01-26,1,0,0.9939831
55000900130316,2022-01-27,1,0,0.9939831
55000900130316,2022-01-28,1,0,0.9939831
55000900130316,2022-01-29,1,0,0.9939831
55000900130316,2022-01-30,1,0,0.9939831
55000900130316,2022-01-31,1,0,0.9939831
55000900130316,2022-02-01,1,0,0.9939831
55000900130316,2022-02-02,1,0,0.9939831
55000900130316,2022-02-03,1,0,0.9939831
55000900130316,2022-02-04,1,0,0.9939831
55000900130316,2022-02-05,1,0,0.9939831
55000900130316,2022-02-06,1,0,0.9939831
55000900130316,2022-02-07,1,0,0.9939831
55000900130316,2022-02-08,1,0,0.9939831
55000900130316,2022-02-09,1,0,0.9939831
55000900130316,2022-02-10,1,0,0.9939831
55000900130316,2022-02-11,1,0,0.9939831
55000900130316,2022-02-12,1,0,0.9939831
55000900130316,2022-02-13,1,0,0.9939831
55000900130316,2022-02-14,1,0,0.9939831
55000900130316,2022-02-15,1,0,0.9939831
55000900130316,2022-02-16,1,0,0.9939831
55000900130316,2022-02-17,1,0,0.9939831
55000900130316,2022-02-18,1,0,0.9939831
55000900130316,2022-02-19,1,0,0.9939831
55000900130316,2022-02-20,1,0,0.9939831
55000900130316,2022-02-21,1,0,0.9939831
55000900130316,2022-02-22,1,0,0.9939831
55000900130316,2022-02-23,1,0,0.9939831
55000900130316,2022-02-24,1,0,0.9939831
55000900130316,2022-02-25,1,0,0.9939831
55000900130316,2022-02-26,1,0,0.9939831
55000900130316,2022-02-27,1,0,0.9939831
55000900130316,2022-02-28,1,0,0.9939831
55000900130316,2022-03-01,1,0,0.9939831
55000900130316,2022-03-02,1,0,0.9939831
55000900130316,2022-03-03,1,0,0.9939831
55000900130316,2022-03-04,1,0,0.9939831
55000900130316,2022-03-05,1,0,0.9939831
55000900130316,2022-03-06,1,0,0.9939831
55000900130316,2022-03-07,1,0,0.9939831
55000900130316,2022-03-08,1,0,0.9939831
55000900130316,2022-03-09,1,0,0.9939831
55000900130316,2022-03-10,1,0,0.9939831
55000900130316,2022-03-11,1,0,0.9939831
55000900130316,2022-03-12,1,0,0.9939831
55000900130316,2022-03-14,1,0,0.9939831
55000900130316,2022-03-15,1,0,0.9939831
55000900130316,2022-03-16,1,0,0.9939831
55000900130316,2022-03-17,1,0,0.9939831
55000900130316,2022-03-18,1,0,0.9939831
55000900130316,2022-03-19,1,0,0.9939831
55000900130316,2022-03-20,1,0,0.9939831
55000900130316,2022-03-21,1,0,0.9939831
55000900130316,2022-03-22,1,0,0.9939831
55000900130316,2022-03-23,1,0,0.9939831
55000900130316,2022-03-24,1,0,0.9939831
55000900130316,2022-03-25,1,0,0.9939831
55000900130316,2022-03-26,1,0,0.9939831
55000900130316,2022-03-27,1,0,0.9939831
55000900130316,2022-03-28,1,0,0.9939831
55000900130316,2022-03-29,1,0,0.9939831
55000900130316,2022-03-30,1,0,0.9939831
55000900130316,2022-03-31,1,0,0.9939831
55000900130316,2022-04-01,1,0,0.9939831
55000900130316,2022-04-02,1,0,0.9939831
55000900130316,2022-04-03,1,0,0.9939831
55000900130316,2022-04-04,1,0,0.9939831
55000900130316,2022-04-05,1,0,0.9939831
55000900130316,2022-04-06,1,0,0.9939831
55000900130316,2022-04-07,1,0,0.9939831
55000900130316,2022-04-08,1,0,0.9939831
55000900130316,2022-04-09,1,0,0.9939831
55000900130316,2022-04-10,1,0,0.9939831
55000900130316,2022-04-11,1,0,0.9939831
55000900130316,2022-04-12,1,0,0.9939831
55000900130316,2022-04-13,1,0,0.9939831
55000900130316,2022-04-14,1,0,0.9939831
55000900130316,2022-04-15,1,0,0.9939831
55000900130316,2022-04-16,1,0,0.9939831
55000900130316,2022-04-17,1,0,0.9939831
55000900130316,2022-04-18,1,0,0.9939831
55000900130316,2022-04-19,1,0,0.9939831
55000900130316,2022-04-20,1,0,0.9939831
55000900130316,2022-04-21,1,0,0.9939831
55000900130316,2022-04-22,1,0,0.9939831
55000900130316,2022-04-23,1,0,0.9939831
55000900130316,2022-04-24,1,0,0.9939831
55000900130316,2022-04-25,1,0,0.9939831
55000900130316,2022-04-26,1,0,0.9939831
55000900130316,2022-04-27,1,0,0.9939831
55000900130316,2022-04-28,1,0,0.9939831
55000900130316,2022-04-29,1,0,0.9939831
55000900130316,2022-04-30,1,0,0.9939831
55000900130316,2022-05-01,1,0,0.9939831
55000900130316,2022-05-02,1,0,0.9939831
55000900130316,2022-05-03,1,0,0.9939831
55000900130316,2022-05-04,1,0,0.9939831
55000900130316,2022-05-05,1,0,0.9939831
55000900130316,2022-05-06,1,0,0.9939831
55000900130316,2022-05-07,1,0,0.9939831
55000900130316,2022-05-08,1,0,0.9939831
55000900130316,2022-05-09,1,0,0.9939831
55000900130316,2022-05-10,1,0,0.9939831
55000900130316,2022-05-11,1,0,0.9939831
55000900130316,2022-05-12,1,0,0.9939831
55000900130316,2022-05-13,1,0,0.9939831
55000900130316,2022-05-14,1,0,0.9939831
55000900130316,2022-05-15,1,0,0.9939831
55000900130316,2022-05-16,1,0,0.9939831
55000900130316,2022-05-17,1,0,0.9939831
55000900130316,2022-05-18,1,0,0.9939831
55000900130316,2022-05-19,1,0,0.9939831
55000900130316,2022-05-20,1,0,0.9939831
55000900130316,2022-05-21,1,0,0.9939831
55000900130316,2022-05-22,1,0,0.9939831
55000900130316,2022-05-23,1,0,0.9939831
55000900130316,2022-05-24,1,0,0.9939831
55000900130316,2022-05-25,1,0,0.9939831
55000900130316,2022-05-26,1,0,0.9939831
55000900130316,2022-05-27,1,0,0.9939831
55000900130316,2022-05-28,1,0,0.9939831
55000900130316,2022-05-29,1,0,0.9939831
55000900130316,2022-05-30,1,0,0.9939831
55000900130316,2022-05-31,1,0,0.9939831
55000900130316,2022-06-01,1,0,0.9939831
55000900130316,2022-06-02,1,0,0.9939831
55000900130316,2022-06-03,1,0,0.9939831
55000900130316,2022-06-04,1,0,0.9939831
55000900130316,2022-06-05,1,0,0.9939831
55000900130316,2022-06-06,1,0,0.9939831
55000900130316,2022-06-07,1,0,0.9939831
55000900130316,2022-06-08,1,0,0.9939831
55000900130316,2022-06-09,1,0,0.9939831
55000900130316,2022-06-10,1,0,0.9939831
55000900130316,2022-06-11,1,0,0.9939831
55000900130316,2022-06-12,1,0,0.9939831
55000900130316,2022-06-13,1,0,0.9939831
55000900130316,2022-06-14,1,0,0.9939831
55000900130316,2022-06-15,1,0,0.9939831
55000900130316,2022-06-16,1,0,0.9939831
55000900130316,2022-06-17,1,0,0.9939831
55000900130316,2022-06-18,1,0,0.9939831
55000900130316,2022-06-19,1,0,0.9939831
55000900130316,2022-06-20,1,0,0.9939831
55000900130316,2022-06-21,1,0,0.9939831
55000900130316,2022-06-22,1,0,0.9939831
55000900130316,2022-06-23,1,0,0.9939831
55000900130316,2022-06-24,1,0,0.9939831
55000900130316,2022-06-25,1,0,0.9939831
55000900130316,2022-06-26,1,0,0.9939831
55000900130316,2022-06-29,1,0,0.9939831
55000900130316,2022-06-30,1,0,0.9939831
55000900130316,2022-07-01,1,0,0.9939831
55000900130316,2022-07-02,1,0,0.9939831
55000900130316,2022-07-03,1,0,0.9939831
55000900130316,2022-07-04,1,0,0.9939831
55000900130316,2022-07-05,1,0,0.9939831
55000900130316,2022-07-06,1,0,0.9939831
55000900130316,2022-07-07,1,0,0.9939831
55000900130316,2022-07-08,1,0,0.9939831
55000900130316,2022-07-09,1,0,0.9939831
55000900130316,2022-07-10,1,0,0.9939831
55000900130316,2022-07-11,1,0,0.9939831
55000900130316,2022-07-12,1,0,0.9939831
55000900130316,2022-07-13,1,0,0.9939831
55000900130316,2022-07-14,1,0,0.9939831
55000900130316,2022-07-15,1,0,0.9939831
55000900130316,2022-07-16,1,0,0.9939831
55000900130316,2022-07-17,1,0,0.9939831
55000900130316,2022-07-18,1,0,0.9939831
55000900130316,2022-07-19,1,0,0.9939831
55000900130316,2022-07-20,1,0,0.9939831
55000900130316,2022-07-21,1,0,0.9939831
55000900130316,2022-07-22,1,0,0.9939831
55000900130316,2022-07-23,1,0,0.9939831
55000900130316,2022-07-24,1,0,0.9939831
55000900130316,2022-07-25,1,0,0.9939831
55000900130316,2022-07-26,1,0,0.9939831
55000900130316,2022-07-27,1,0,0.9939831
55000900130316,2022-07-28,1,0,0.9939831
55000900130316,2022-07-29,1,0,0.9939831
55000900130316,2022-07-30,1,0,0.9939831
55000900130316,2022-07-31,1,0,0.9939831
55000900130316,2022-08-01,1,0,0.9939831
55000900130316,2022-08-02,1,0,0.9939831
55000900130316,2022-08-03,1,0,0.9939831
55000900130316,2022-08-04,1,0,0.9939831
55000900130316,2022-08-05,1,0,0.9939831
55000900130316,2022-08-06,1,0,0.9939831
55000900130316,2022-08-07,1,0,0.9939831
55000900130316,2022-08-08,1,0,0.9939831
55000900130316,2022-08-09,1,0,0.9939831
55000900130316,2022-08-10,1,0,0.9939831
55000900130316,2022-08-11,1,0,0.9939831
55000900130316,2022-08-12,1,0,0.9939831
55000900130316,2022-08-13,1,0,0.9939831
55000900130316,2022-08-14,1,0,0.9939831
55000900130316,2022-08-15,1,0,0.9939831
55000900130316,2022-08-16,1,0,0.9939831
55000900130316,2022-08-17,1,0,0.9939831
55000900130316,2022-08-18,1,0,0.9939831
55000900130316,2022-08-19,1,0,0.9939831
55000900130316,2022-08-20,1,0,0.9939831
55000900130316,2022-08-21,1,0,0.9939831
55000900130316,2022-08-22,1,0,0.9939831
55000900130316,2022-08-23,1,0,0.9939831
55000900130316,2022-08-24,1,0,0.9939831
55000900130316,2022-08-25,1,0,0.9939831
55000900130316,2022-08-26,0,0,0.9939831
55000900130316,2022-08-27,0,0,0.9939831
55000900130316,2022-08-28,0,0,0.9939831
55000900130316,2022-08-29,0,0,0.28094706
55000900130316,2022-08-30,0,0,0.25728542
55000900130316,2022-08-31,0,0,0.17388716
55000900130316,2022-09-01,0,0,0.15219052
55000900130316,2022-09-02,0,0,0.13772671
55000900130316,2022-09-03,0,0,0.1294942
55000900130316,2022-09-04,0,0,0.121602185
55000900130316,2022-09-05,0,0,0.115452185
55000900130316,2022-09-06,0,0,0.10917157
55000900130316,2022-09-07,0,0,0.106719136
55000900130316,2022-09-08,0,0,0.103183955
55000900130316,2022-09-09,0,0,0.10241859
55000900130316,2022-09-10,0,0,0.10001726
55000900130316,2022-09-11,0,0,0.10002403
55000900130316,2022-09-12,0,0,0.098257095
55000900130316,2022-09-13,0,0,0.098633274
55000900130316,2022-09-14,0,0,0.09722918
55000900130316,2022-09-15,0,0,0.09776283
55000900130316,2022-09-16,0,0,0.09652674
55000900130316,2022-09-17,0,0,0.09710703
55000900130316,2022-09-18,0,0,0.09588538
55000900130316,2022-09-19,0,0,0.096499056
55000900130316,2022-09-20,0,0,0.09515673
55000900130316,2022-09-21,1,0,0.09593654
55000900130316,2022-09-22,1,0,0.09457496
55000900130316,2022-09-23,0,0,0.09612409
55000900130316,2022-09-24,0,0,0.4244955
55000900130316,2022-09-25,0,0,0.46194556
55000900130316,2022-09-26,0,0,0.23783408
55000900130316,2022-09-27,0,0,0.2420335
55000900130316,2022-09-28,0,0,0.21194032
55000900130316,2022-09-29,0,0,0.19623274
55000900130316,2022-09-30,0,0,0.18195733
55000900130316,2022-10-01,0,0,0.16915223
55000900130316,2022-10-02,0,0,0.15871787
55000900130316,2022-10-03,0,0,0.15065628
55000900130316,2022-10-04,0,0,0.14458771
55000900130316,2022-10-05,0,0,0.1400469
55000900130316,2022-10-06,0,0,0.1366985
55000900130316,2022-10-07,0,0,0.1342637
55000900130316,2022-10-08,0,0,0.13253379
55000900130316,2022-10-09,0,0,0.13138892
55000900130316,2022-10-10,0,0,0.13068606
55000900130316,2022-10-11,0,0,0.13036716
55000900130316,2022-10-12,0,0,0.1303502
55000900130316,2022-10-13,0,0,0.13056903
55000900130316,2022-10-14,0,0,0.13096145
55000900130316,2022-10-15,0,0,0.13145983
55000900130316,2022-10-16,0,0,0.13201731
55000900130316,2022-10-17,0,0,0.13257481
55000900130316,2022-10-18,0,0,0.13308647
55000900130316,2022-10-19,0,0,0.13331613
55000900130316,2022-10-20,0,0,0.13284557
55000900130316,2022-10-21,1,0,0.13217035
55000900130316,2022-10-22,1,0,0.12694547
55000900130316,2022-10-23,1,0,0.09670938
55000900130316,2022-10-24,1,0,0.41977966
55000900130316,2022-10-25,1,0,0.44825605
55000900130316,2022-10-26,1,0,0.46077034
55000900130316,2022-10-27,1,0,0.49378744
55000900130316,2022-10-28,0,0,0.52706856
55000900130316,2022-10-29,0,0,0.57130986
55000900130316,2022-10-30,0,0,0.6484927
55000900130316,2022-10-31,0,0,0.30878988
55000900130316,2022-11-01,1,0,0.30050832
55000900130316,2022-11-02,1,0,0.24922724
55000900130316,2022-11-03,1,0,0.21606721
55000900130316,2022-11-04,1,0,0.66687495
55000900130316,2022-11-05,1,0,0.64891493
55000900130316,2022-11-06,1,0,0.6844158
55000900130316,2022-11-07,1,0,0.7355211
55000900130316,2022-11-08,1,0,0.790591
55000900130316,2022-11-09,1,0,0.81585824
55000900130316,2022-11-10,1,0,0.84485507
55000900130316,2022-11-11,1,0,0.84771174
55000900130316,2022-11-12,1,0,0.88373363
55000900130316,2022-11-13,1,0,0.8876772
55000900130316,2022-11-14,1,0,0.92017955
55000900130316,2022-11-15,1,0,0.92503685
55000900130316,2022-11-16,1,0,0.95205444
55000900130316,2022-11-17,1,0,0.9564552
55000900130316,2022-11-18,0,0,0.9722128
55000900130316,2022-11-19,0,0,0.97344494
55000900130316,2022-11-20,0,0,0.97842777
55000900130316,2022-11-21,0,0,0.42224458
55000900130316,2022-11-22,1,0,0.4064078
55000900130316,2022-11-23,1,0,0.29624936
55000900130316,2022-11-24,1,0,0.24161544
55000900130316,2022-11-25,1,0,0.67089516
55000900130316,2022-11-26,1,0,0.6635246
55000900130316,2022-11-27,1,0,0.6898096
55000900130316,2022-11-28,1,0,0.72782534
55000900130316,2022-11-29,1,0,0.7554193
55000900130316,2022-11-30,1,0,0.7795674
55000900130316,2022-12-01,1,0,0.7986918
55000900130316,2022-12-02,1,0,0.7916852
55000900130316,2022-12-03,1,0,0.75865996
55000900130316,2022-12-04,1,0,0.77019626
55000900130316,2022-12-05,1,0,0.7856353
55000900130316,2022-12-06,1,0,0.794541
55000900130316,2022-12-07,1,0,0.8138508
55000900130316,2022-12-08,1,0,0.8242466
55000900130316,2022-12-09,1,0,0.8425437
55000900130316,2022-12-10,1,0,0.8584878
55000900130316,2022-12-11,1,0,0.875954
55000900130316,2022-12-12,1,0,0.89439845
55000900130316,2022-12-13,1,0,0.9112061
55000900130316,2022-12-14,1,0,0.927598
55000900130316,2022-12-15,1,0,0.94362485
55000900130316,2022-12-16,1,0,0.95515865
55000900130316,2022-12-17,1,0,0.96993434
55000900130316,2022-12-18,1,0,0.9751061
55000900130316,2022-12-19,1,0,0.98601156
55000900130316,2022-12-20,1,0,0.98971176
55000900130316,2022-12-21,1,0,0.99038565
55000900130316,2022-12-22,1,0,0.990159
55000900130316,2022-12-23,1,0,0.9921659
55000900130316,2022-12-24,1,0,0.9939831
55000900130316,2022-12-25,1,0,0.9939831
55000900130316,2022-12-26,1,0,0.9939831
55000900130316,2022-12-27,1,0,0.9939831
55000900130316,2022-12-28,1,0,0.9939831
55000900130316,2022-12-29,1,0,0.9939831
55000900130316,2022-12-30,1,0,0.9939831
55000900130316,2022-12-31,1,0,0.9939831
55000900130316,2023-01-01,1,0,0.9939831
55000900130316,2023-01-02,1,0,0.9939831
55000900130316,2023-01-03,1,0,0.9939831
55000900130316,2023-01-04,1,0,0.9939831
55000900130316,2023-01-05,1,0,0.9939831
55000900130316,2023-01-06,1,0,0.9939831
55000900130316,2023-01-07,1,0,0.9939831
55000900130316,2023-01-08,1,0,0.9939831
55000900130316,2023-01-09,1,0,0.9939831
55000900130316,2023-01-10,1,0,0.9939831
55000900130316,2023-01-11,1,0,0.9939831
55000900130316,2023-01-12,1,0,0.9939831
55000900130316,2023-01-13,1,0,0.9939831
55000900130316,2023-01-14,1,0,0.9939831
55000900130316,2023-01-15,1,0,0.9939831
55000900130316,2023-01-16,1,0,0.9939831
55000900130316,2023-01-17,1,0,0.9939831
55000900130316,2023-01-18,1,0,0.9939831
55000900130316,2023-01-19,1,0,0.9939831
55000900130316,2023-01-20,1,0,0.9939831
55000900130316,2023-01-21,1,0,0.9939831
55000900130316,2023-01-22,1,0,0.9939831
55000900130316,2023-01-23,1,0,0.9939831
55000900130316,2023-01-24,1,0,0.9939831
55000900130316,2023-01-25,1,0,0.9939831
55000900130316,2023-01-26,1,0,0.9939831
55000900130316,2023-01-27,1,0,0.9939831
55000900130316,2023-01-28,1,0,0.9939831
55000900130316,2023-01-29,1,0,0.9939831
55000900130316,2023-01-30,1,0,0.9939831
55000900130316,2023-01-31,1,0,0.9939831
55000900130316,2023-02-01,1,0,0.9939831
55000900130316,2023-02-02,1,0,0.9939831
55000900130316,2023-02-03,1,0,0.9939831
55000900130316,2023-02-04,1,0,0.9939831
55000900130316,2023-02-05,1,0,0.9939831
55000900130316,2023-02-06,1,0,0.9939831
55000900130316,2023-02-07,1,0,0.9939831
55000900130316,2023-02-08,1,0,0.9939831
55000900130316,2023-02-09,1,0,0.9939831
55000900130316,2023-02-10,1,0,0.9939831
55000900130316,2023-02-11,1,0,0.9939831
55000900130316,2023-02-12,1,0,0.9939831
55000900130316,2023-02-13,1,0,0.9939831
55000900130316,2023-02-14,1,0,0.9939831
55000900130316,2023-02-15,1,0,0.9939831
55000900130316,2023-02-16,1,0,0.9939831
55000900130316,2023-02-17,1,0,0.9939831
55000900130316,2023-02-18,1,0,0.9939831
55000900130316,2023-02-19,1,0,0.9939831
55000900130316,2023-02-20,1,0,0.9939831
55000900130316,2023-02-21,1,0,0.9939831
55000900130316,2023-02-22,1,0,0.9939831
55000900130316,2023-02-23,1,0,0.9939831
55000900130316,2023-02-24,1,0,0.9939831
55000900130316,2023-02-25,1,0,0.9939831
55000900130316,2023-02-26,1,0,0.9939831
55000900130316,2023-02-27,1,0,0.9939831
55000900130316,2023-02-28,1,0,0.9939831
55000900130316,2023-03-01,1,0,0.9939831
55000900130316,2023-03-02,1,0,0.9939831
55000900130316,2023-03-03,1,0,0.9939831
55000900130316,2023-03-04,1,0,0.9939831
55000900130316,2023-03-05,1,0,0.9939831
55000900130316,2023-03-06,1,0,0.9939831
55000900130316,2023-03-07,1,0,0.9939831
55000900130316,2023-03-08,1,0,0.9939831
55000900130316,2023-03-09,1,0,0.9939831
55000900130316,2023-03-10,1,0,0.9939831
55000900130316,2023-03-11,1,0,0.9939831
55000900130316,2023-03-13,1,0,0.9939831
55000900130316,2023-03-14,1,0,0.9939831
55000900130316,2023-03-15,1,0,0.9939831
55000900130316,2023-03-16,1,0,0.9939831
55000900130316,2023-03-17,1,0,0.9939831
55000900130316,2023-03-18,1,0,0.9939831
55000900130316,2023-03-19,1,0,0.9939831
55000900130316,2023-03-20,1,0,0.9939831
55000900130316,2023-03-21,1,0,0.9939831
55000900130316,2023-03-22,1,0,0.9939831
55000900130316,2023-03-23,1,0,0.9939831
55000900130316,2023-03-24,1,0,0.9939831
55000900130316,2023-03-25,1,0,0.9939831
55000900130316,2023-03-26,1,0,0.9939831
55000900130316,2023-03-27,1,0,0.9939831
55000900130316,2023-03-28,1,0,0.9939831
55000900130316,2023-03-29,1,0,0.9939831
55000900130316,2023-03-30,1,0,0.9939831
55000900130316,2023-03-31,1,0,0.9939831
55000900130316,2023-04-01,1,0,0.9939831
55000900130316,2023-04-02,1,0,0.9939831
55000900130316,2023-04-03,1,0,0.9939831
55000900130316,2023-04-04,1,0,0.9939831
55000900130316,2023-04-05,1,0,0.9939831
55000900130316,2023-04-06,1,0,0.9939831
55000900130316,2023-04-07,1,0,0.9939831
55000900130316,2023-04-08,1,0,0.9939831
55000900130316,2023-04-09,1,0,0.9939831
55000900130316,2023-04-10,1,0,0.9939831
55000900130316,2023-04-11,1,0,0.9939831
55000900130316,2023-04-12,1,0,0.9939831
55000900130316,2023-04-13,1,0,0.9939831
55000900130316,2023-04-14,1,0,0.9939831
55000900130316,2023-04-15,1,0,0.9939831
55000900130316,2023-04-16,1,0,0.9939831
55000900130316,2023-04-17,1,0,0.9939831
55000900130316,2023-04-18,1,0,0.9939831
55000900130316,2023-04-19,1,0,0.9939831
55000900130316,2023-04-20,1,0,0.9939831
55000900131558,2020-09-29,1,8,0.99970204
55000900131558,2020-09-30,1,8,0.9997974
55000900131558,2020-10-01,1,8,0.9997955
55000900131558,2020-10-02,1,8,0.9997991
55000900131558,2020-10-03,1,8,0.99980384
55000900131558,2020-10-04,1,8,0.9998049
55000900131558,2020-10-05,1,8,0.99981076
55000900131558,2020-10-06,1,8,0.9998078
55000900131558,2020-10-07,1,8,0.9998053
55000900131558,2020-10-08,1,8,0.9998016
55000900131558,2020-10-09,1,8,0.99980825
55000900131558,2020-10-10,1,8,0.99980134
55000900131558,2020-10-11,1,8,0.9998122
55000900131558,2020-10-12,1,8,0.9998153
55000900131558,2020-10-13,1,8,0.99979085
55000900131558,2020-10-14,1,8,0.99978596
55000900131558,2020-10-15,1,8,0.999793
55000900131558,2020-10-16,1,8,0.9997838
55000900131558,2020-10-17,1,8,0.99972874
55000900131558,2020-10-18,1,8,0.99977607
55000900131558,2020-10-19,1,8,0.9997954
55000900131558,2020-10-20,1,0,0.9997961
55000900131558,2020-10-21,1,0,0.9997979
55000900133417,2020-09-29,1,0,0.99994147
55000900133417,2020-09-30,1,0,0.9999341
55000900133417,2020-10-01,1,0,0.9999269
55000900133417,2020-10-02,1,0,0.99992347
55000900133417,2020-10-03,1,0,0.999926
55000900133417,2020-10-04,1,0,0.99993074
55000900133417,2020-10-05,1,0,0.99993193
55000900133417,2020-10-06,1,0,0.9999242
55000900133417,2020-10-07,1,0,0.9999281
55000900133417,2020-10-08,1,0,0.9999335
55000900133417,2020-10-09,1,0,0.9999187
55000900133417,2020-10-10,1,0,0.99993145
55000900133417,2020-10-11,1,0,0.999928
55000900133417,2020-10-12,1,0,0.9999391
55000900133417,2020-10-13,1,0,0.99994695
55000900133417,2020-10-14,1,0,0.99994576
55000900133417,2020-10-15,1,0,0.99994564
55000900133417,2020-10-16,1,0,0.9999379
55000900133417,2020-10-17,1,0,0.9999349
55000900133417,2020-10-18,1,0,0.99992275
55000900133417,2020-10-19,1,0,0.9999211
55000900133417,2020-10-20,1,0,0.99992454
55000900133417,2020-10-21,1,0,0.99993145
55000900133417,2020-10-22,1,0,0.99992204
55000900133417,2020-10-23,1,0,0.99991333
55000900133417,2020-10-24,1,0,0.9999187
55000900133417,2020-10-25,1,0,0.9999225
55000900133417,2020-10-26,1,0,0.9999212
55000900133417,2020-10-27,1,0,0.9999261
55000900133417,2020-10-28,1,0,0.9999279
55000900133417,2020-10-29,1,0,0.9999089
55000900133417,2020-10-30,1,0,0.99992025
55000900133417,2020-10-31,1,0,0.9999305
55000900133417,2020-11-01,1,0,0.99993455
55000900133417,2020-11-02,1,0,0.9999509
55000900133417,2020-11-03,1,0,0.9999294
55000900133417,2020-11-04,1,0,0.9999093
55000900133417,2020-11-05,1,0,0.9999162
55000900133417,2020-11-06,1,0,0.99992704
55000900133417,2020-11-07,1,0,0.9999391
55000900133417,2020-11-08,1,0,0.9999181
55000900133417,2020-11-09,1,0,0.99989474
55000900133417,2020-11-10,1,0,0.999905
55000900133417,2020-11-11,1,0,0.9998952
55000900133417,2020-11-12,1,0,0.99985564
55000900133417,2020-11-13,1,0,0.999899
55000900133417,2020-11-14,1,0,0.9999032
55000900133417,2020-11-16,1,0,0.999918
55000900133417,2020-11-17,1,0,0.9999224
55000900133417,2020-11-18,1,0,0.9999263
55000900133417,2020-11-19,1,0,0.9999157
55000900133417,2020-11-20,1,0,0.99993014
55000900133417,2020-11-21,1,0,0.99992144
55000900133417,2020-11-22,1,0,0.99991286
55000900133417,2020-11-23,1,0,0.9999093
55000900133417,2020-11-24,1,0,0.9998932
55000900133417,2020-11-25,1,0,0.9999213
55000900133417,2020-11-26,1,0,0.99993587
55000900133417,2020-11-27,1,0,0.9999188
55000900133417,2020-11-28,1,0,0.99993145
55000900133417,2020-11-29,1,0,0.9999229
55000900133417,2020-11-30,1,0,0.99990726
55000900133417,2020-12-01,1,0,0.9998988
55000900167054,2020-09-29,1,8,0.9775622
55000900167054,2020-09-30,1,8,0.9680953
55000900167054,2020-10-01,1,8,0.97766554
55000900167054,2020-10-02,1,8,0.9765282
55000900167054,2020-10-03,1,8,0.9767546
55000900167054,2020-10-04,1,8,0.97548443
55000900167054,2020-10-05,1,8,0.977792
55000900167054,2020-10-06,1,8,0.97909296
55000900167054,2020-10-07,1,8,0.982611
55000900167054,2020-10-08,1,8,0.97966444
55000900167054,2020-10-09,1,8,0.9763051
55000900167054,2020-10-10,1,8,0.9832206
55000900167054,2020-10-11,1,8,0.97944105
55000900167054,2020-10-12,1,8,0.98177755
55000900167054,2020-10-13,1,8,0.990708
55000900167054,2020-10-14,1,8,0.99301803
55000900167054,2020-10-15,1,8,0.9828614
55000900167054,2020-10-16,1,8,0.9918573
55000900167054,2020-10-17,1,8,0.99099535
55000900167054,2020-10-18,1,8,0.9804464
55000900167054,2020-10-19,1,0,0.98356056
55000900167054,2020-10-20,1,0,0.98189235
55000900167055,2020-09-29,1,0,0.99997663
55000900167055,2020-09-30,1,0,0.9999783
55000900167055,2020-10-01,1,0,0.9999645
55000900167055,2020-10-02,1,0,0.99997365
55000900167055,2020-10-03,1,0,0.9999702
55000900167055,2020-10-04,1,0,0.9999709
55000900167055,2020-10-05,1,0,0.99997354
55000900167055,2020-10-06,1,0,0.9999734
55000900167055,2020-10-07,1,0,0.9999765
55000900167055,2020-10-08,1,0,0.9999666
55000900167055,2020-10-09,1,0,0.9999738
55000900167055,2020-10-10,1,0,0.999984
55000900167055,2020-10-11,1,0,0.9999856
55000900167055,2020-10-12,1,0,0.9999863
55000900167055,2020-10-13,1,0,0.99998343
55000900167055,2020-10-14,1,0,0.99998486
55000900167055,2020-10-15,1,0,0.99998534
55000900167055,2020-10-16,1,0,0.9999794
55000900167055,2020-10-17,1,0,0.999987
55000900167055,2020-10-18,1,0,0.9999862
55000900167055,2020-10-19,1,0,0.9999876
55000900167055,2020-10-20,1,0,0.9999877
55000900167055,2020-10-21,1,0,0.99998677
55000900167055,2020-10-22,1,0,0.99998736
55000900167055,2020-10-23,1,0,0.9999869
55000900167055,2020-10-24,1,0,0.9999871
55000900167055,2020-10-25,1,0,0.99998486
55000900167055,2020-10-26,1,0,0.9999865
55000900167055,2020-10-27,1,0,0.99998176
55000900167055,2020-10-28,1,0,0.99998283
55000900167055,2020-10-29,1,0,0.99998605
55000900167055,2020-10-30,1,0,0.9999858
55000900167055,2020-10-31,1,0,0.9999852
55000900167055,2020-11-01,1,0,0.9999875
55000900167055,2020-11-02,1,0,0.99998724
55000900167055,2020-11-03,1,0,0.99998736
55000900167055,2020-11-04,1,0,0.9999832
55000900167055,2020-11-05,1,0,0.9999832
55000900167055,2020-11-06,1,0,0.9999864
55000900167055,2020-11-07,1,0,0.9999869
55000900167055,2020-11-08,1,0,0.99998665
55000900167055,2020-11-09,1,0,0.9999865
55000900167055,2020-11-10,1,0,0.9999802
55000900167055,2020-11-11,1,0,0.99997795
55000900167055,2020-11-12,1,0,0.9999733
55000900167055,2020-11-13,1,0,0.9999708
55000900167055,2020-11-14,1,0,0.99998057
55000900167055,2020-11-16,1,0,0.99994755
55000900167055,2020-11-17,1,0,0.99996996
55000900167055,2020-11-18,1,0,0.99997234
55000900167055,2020-11-19,1,0,0.9999789
55000900167055,2020-11-20,1,0,0.99996805
55000900167055,2020-11-21,1,0,0.99996793
55000900167055,2020-11-22,1,0,0.9999765
55000900167055,2020-11-23,1,0,0.9999825
55000900167055,2020-11-24,1,0,0.9999784
55000900167055,2020-11-25,1,0,0.99997437
55000900167055,2020-11-26,1,0,0.99996936
55000900167055,2020-11-27,1,0,0.99997306
55000900167055,2020-11-28,1,0,0.99997234
55000900167055,2020-11-29,1,0,0.99998283
55000900167055,2020-11-30,1,0,0.9999809
55000900167692,2020-09-29,1,8,0.9998541
55000900167692,2020-09-30,1,8,0.9998266
55000900167692,2020-10-01,1,8,0.99985445
55000900167692,2020-10-02,1,8,0.99986136
55000900167692,2020-10-03,1,8,0.999845
55000900167692,2020-10-04,1,8,0.9998479
55000900167692,2020-10-05,1,8,0.9998399
55000900167692,2020-10-10,1,8,0.9998596
55000900167692,2020-10-11,1,8,0.99984574
55000900167692,2020-10-12,1,8,0.9998578
55000900167692,2020-10-13,1,8,0.99983394
55000900167692,2020-10-14,1,8,0.999866
55000900167692,2020-10-15,1,8,0.9999417
55000900167692,2020-10-16,1,8,0.9999318
55000900167692,2020-10-17,1,8,0.99995935
55000900167692,2020-10-18,1,0,0.999944
55000900167692,2020-10-19,1,0,0.9999579
55000900167704,2020-09-29,1,8,0.9998211
55000900167704,2020-09-30,1,8,0.9998336
55000900167704,2020-10-01,1,8,0.9998091
55000900167704,2020-10-02,1,8,0.99980277
55000900167704,2020-10-03,1,8,0.99981827
55000900167704,2020-10-04,1,8,0.9998254
55000900167704,2020-10-05,1,8,0.99983656
55000900167704,2020-10-06,1,8,0.9998368
55000900167704,2020-10-07,1,8,0.9998455
55000900167704,2020-10-08,1,8,0.9998306
55000900167704,2020-10-09,1,8,0.9998227
55000900167704,2020-10-10,1,8,0.9998423
55000900167704,2020-10-11,1,8,0.99984634
55000900167704,2020-10-12,1,8,0.9998479
55000900167704,2020-10-13,1,8,0.99980146
55000900167704,2020-10-14,1,8,0.9997812
55000900167704,2020-10-15,1,8,0.9997712
55000900167704,2020-10-16,1,8,0.99978465
55000900167704,2020-10-17,1,8,0.99983287
55000900167704,2020-10-18,1,8,0.99982625
55000900167704,2020-10-19,1,8,0.9998888
55000900167704,2020-10-20,1,8,0.99995565
55000900167704,2020-10-21,1,8,0.9999387
55000900167704,2020-10-22,0,0,0.9998541
55000900167704,2020-10-23,0,0,0.99987113
55000900167704,2020-10-24,0,0,0.9998287
55000900167704,2020-10-25,1,0,0.79332083
55000900167704,2020-10-26,1,0,0.62832016
55000900167704,2020-10-27,1,0,0.45166716
55000900167704,2020-10-28,1,0,0.54189163
55000900167704,2020-10-29,0,0,0.69228
55000900167704,2020-10-30,0,0,0.90037835
55000900167704,2020-10-31,0,0,0.9219458
55000900167704,2020-11-01,0,0,0.4563284
55000900167704,2020-11-02,0,0,0.5338284
55000900167704,2020-11-03,0,0,0.4572175
55000900167704,2020-11-04,0,0,0.17803936
55000900167704,2020-11-05,1,0,0.10497326
55000900167704,2020-11-06,1,0,0.39315048
55000900167704,2020-11-07,1,0,0.4342862
55000900167704,2020-11-08,0,0,0.81925935
55000900167704,2020-11-09,0,0,0.85681784
55000900167704,2020-11-10,1,0,0.97829205
55000900167704,2020-11-11,1,0,0.30225882
55000900167704,2020-11-12,1,0,0.44630778
55000900167704,2020-11-13,1,0,0.8416615
55000900167704,2020-11-14,1,0,0.7686538
55000900167704,2020-11-15,1,0,0.9823877
55000900167704,2020-11-16,1,0,0.9989324
55000900167704,2020-11-17,1,0,0.9998431
55000900167704,2020-11-18,1,0,0.9998416
55000900167704,2020-11-19,1,0,0.9997954
55000900167704,2020-11-20,1,0,0.9999038
55000900167704,2020-11-21,1,0,0.9999355
55000900167704,2020-11-22,1,0,0.9999187
55000900167704,2020-11-23,1,0,0.9998652
55000900167704,2020-11-24,1,0,0.99975306
55000900167704,2020-11-25,1,0,0.999876
55000900167704,2020-11-26,1,0,0.9998776
55000900167704,2020-11-27,1,0,0.99991524
55000900167704,2020-11-28,1,0,0.99992716
55000900167704,2020-11-29,1,0,0.99989545
55000900167704,2020-11-30,1,0,0.9997222
55000900167704,2020-12-01,1,0,0.9997191
55000900167704,2020-12-02,1,0,0.9995652
55000900167704,2020-12-03,1,0,0.9998741
55000900167704,2020-12-04,1,0,0.9999156
55000900167704,2020-12-05,1,0,0.9997712
55000900167704,2020-12-06,1,0,0.99971384
55000900167704,2020-12-07,1,0,0.9998859
55000900167704,2020-12-08,1,0,0.99982506
55000900167704,2020-12-09,1,0,0.99987185
55000900167704,2020-12-10,1,0,0.9998271
55000900167704,2020-12-11,1,0,0.99963975
55000900167704,2020-12-12,1,0,0.999816
55000900167704,2020-12-13,1,0,0.9999167
55000900167704,2020-12-14,1,0,0.9999335
55000900167704,2020-12-15,1,0,0.9999285
55000900167704,2020-12-16,1,0,0.99992573
55000900167704,2020-12-17,1,0,0.9998884
55000900167704,2020-12-18,1,0,0.99991095
55000900167704,2020-12-19,1,0,0.9999343
55000900167704,2020-12-20,1,0,0.9999232
55000900167704,2020-12-21,1,0,0.99993575
55000900167704,2020-12-22,1,0,0.9999348
55000900167704,2020-12-23,1,0,0.999918
55000900167704,2020-12-24,1,0,0.9999325
55000900167704,2020-12-25,1,0,0.9999212
55000900167704,2020-12-26,1,0,0.99991894
55000900167704,2020-12-27,1,0,0.9998801
55000900167704,2020-12-28,1,0,0.9999293
55000900167704,2020-12-29,1,0,0.99993324
55000900167704,2020-12-30,1,0,0.9999211
55000900167704,2020-12-31,1,0,0.9998704
55000900167704,2021-01-01,1,0,0.9998888
55000900167704,2021-01-02,1,0,0.99994123
55000900167704,2021-01-03,1,0,0.9999318
55000900167704,2021-01-04,1,0,0.99993587
55000900167704,2021-01-05,1,0,0.9999349
55000900167704,2021-01-06,1,0,0.99993587
55000900167704,2021-01-07,1,0,0.99993646
55000900167704,2021-01-08,1,0,0.9999368
55000900167704,2021-01-09,1,0,0.99993837
55000900167704,2021-01-10,1,0,0.99994063
55000900167704,2021-01-11,1,0,0.99994147
55000900167704,2021-01-12,1,0,0.99994266
55000900167704,2021-01-13,1,0,0.9999418
55000900167704,2021-01-14,1,0,0.9999429
55000900167704,2021-01-15,1,0,0.99994195
55000900167704,2021-01-16,1,0,0.9999424
55000900167704,2021-01-17,1,0,0.99994266
55000900167704,2021-01-18,1,0,0.9999428
55000900167704,2021-01-19,1,0,0.9999417
55000900167704,2021-01-20,1,0,0.99993813
55000900167704,2021-01-21,1,0,0.9999391
55000900167704,2021-01-22,1,0,0.99994135
55000900167704,2021-01-23,1,0,0.99994206
55000900167704,2021-01-24,1,0,0.9999428
55000900167704,2021-01-25,1,0,0.99994195
55000900167704,2021-01-26,1,0,0.9999429
55000900167704,2021-01-27,1,0,0.99994314
55000900167704,2021-01-28,1,0,0.9999416
55000900167704,2021-01-29,1,0,0.9999436
55000900167704,2021-01-30,1,0,0.99994314
55000900167704,2021-01-31,1,0,0.99994373
55000900167704,2021-02-01,1,0,0.99994576
55000900167704,2021-02-02,1,0,0.99994576
55000900167704,2021-02-03,1,0,0.99994576
55000900167704,2021-02-04,1,0,0.99994576
55000900167704,2021-02-05,1,0,0.99994576
55000900167704,2021-02-06,1,0,0.99994576
55000900167704,2021-02-07,1,0,0.99994576
55000900167704,2021-02-08,1,0,0.99994576
55000900167704,2021-02-09,1,0,0.99994576
55000900167704,2021-02-10,1,0,0.99994576
55000900167704,2021-02-11,1,0,0.99994576
55000900167704,2021-02-12,1,0,0.99994576
55000900167704,2021-02-13,1,0,0.99994576
55000900167704,2021-02-14,1,0,0.99994576
55000900167704,2021-02-15,1,0,0.99994576
55000900167704,2021-02-16,1,0,0.99994576
55000900167704,2021-02-17,1,0,0.99994576
55000900167704,2021-02-18,1,0,0.99994576
55000900167704,2021-02-19,1,0,0.99994576
55000900167704,2021-02-20,1,0,0.99994576
55000900167704,2021-02-21,1,0,0.99994576
55000900167704,2021-02-22,1,0,0.99994576
55000900167704,2021-02-23,1,0,0.99994576
55000900167704,2021-02-24,1,0,0.99994576
55000900167704,2021-02-25,1,0,0.99994576
55000900167704,2021-02-26,1,0,0.99994576
55000900167704,2021-02-27,1,0,0.99994576
55000900167704,2021-02-28,1,0,0.99994576
55000900167704,2021-03-01,1,0,0.99994576
55000900167704,2021-03-02,1,0,0.99994576
55000900167704,2021-03-03,1,0,0.99994576
55000900167704,2021-03-04,1,0,0.99994576
55000900167704,2021-03-05,1,0,0.99994576
55000900167704,2021-03-06,1,0,0.99994576
55000900167704,2021-03-07,1,0,0.99994576
55000900167704,2021-03-08,1,0,0.99994576
55000900167704,2021-03-09,1,0,0.99994576
55000900167704,2021-03-10,1,0,0.99994576
55000900167704,2021-03-11,1,0,0.99994576
55000900167704,2021-03-12,1,0,0.99994576
55000900167704,2021-03-13,1,0,0.99994576
55000900167704,2021-03-15,1,0,0.99994576
55000900167704,2021-03-16,1,0,0.99994576
55000900167704,2021-03-17,1,0,0.99994576
55000900167704,2021-03-18,1,0,0.99994576
55000900167704,2021-03-19,1,0,0.99994576
55000900167704,2021-03-20,1,0,0.99994576
55000900167704,2021-03-21,1,0,0.99994576
55000900167704,2021-03-22,1,0,0.99994576
55000900167704,2021-03-23,1,0,0.99994576
55000900167704,2021-03-24,1,0,0.99994576
55000900167704,2021-03-25,1,0,0.99994576
55000900167704,2021-03-26,1,0,0.99994576
55000900167704,2021-03-27,1,0,0.99994576
55000900167704,2021-03-28,1,0,0.99994576
55000900167704,2021-03-29,1,0,0.99994576
55000900167704,2021-03-30,1,0,0.99994576
55000900167704,2021-03-31,1,0,0.99994576
55000900167704,2021-04-01,1,0,0.99994576
55000900167704,2021-04-02,1,0,0.99994576
55000900167704,2021-04-03,1,0,0.99994576
55000900167704,2021-04-04,1,0,0.99994576
55000900167704,2021-04-05,1,0,0.99994576
55000900167704,2021-04-06,1,0,0.99994576
55000900167704,2021-04-07,1,0,0.99994576
55000900167704,2021-04-08,1,0,0.99994576
55000900167704,2021-04-09,1,0,0.99994576
55000900167704,2021-04-10,1,0,0.99994576
55000900167704,2021-04-11,1,0,0.99994576
55000900167704,2021-04-12,1,0,0.99994576
55000900167704,2021-04-13,1,0,0.99994576
55000900167704,2021-04-14,1,0,0.99994576
55000900167704,2021-04-15,1,0,0.99994576
55000900167704,2021-04-16,1,0,0.99994576
55000900167704,2021-04-17,1,0,0.99994576
55000900167704,2021-04-18,1,0,0.99994576
55000900167704,2021-04-19,1,0,0.99994576
55000900167704,2021-04-20,1,0,0.99994576
55000900167704,2021-04-21,1,0,0.99994576
55000900167704,2021-04-22,1,0,0.99994576
55000900167704,2021-04-23,1,0,0.99994576
55000900167704,2021-04-24,1,0,0.99994576
55000900167704,2021-04-25,1,0,0.99994576
55000900167704,2021-04-26,1,0,0.99994576
55000900167704,2021-04-27,1,0,0.99994576
55000900167704,2021-04-28,1,0,0.99994576
55000900167704,2021-04-29,1,0,0.99994576
55000900167704,2021-04-30,1,0,0.99994576
55000900167704,2021-05-01,1,0,0.99994576
55000900167704,2021-05-02,1,0,0.99994576
55000900167704,2021-05-03,1,0,0.99994576
55000900167704,2021-05-04,1,0,0.99994576
55000900167704,2021-05-05,1,0,0.99994576
55000900167704,2021-05-06,1,0,0.99994576
55000900167704,2021-05-07,1,0,0.99994576
55000900167704,2021-05-08,1,0,0.99994576
55000900167704,2021-05-09,1,0,0.99994576
55000900167704,2021-05-10,1,0,0.99994576
55000900167704,2021-05-11,1,0,0.99994576
55000900167704,2021-05-12,1,0,0.99994576
55000900167704,2021-05-13,1,0,0.99994576
55000900167704,2021-05-14,1,0,0.99994576
55000900167704,2021-05-15,1,0,0.99994576
55000900167704,2021-05-16,1,0,0.99994576
55000900167704,2021-05-17,1,0,0.99994576
55000900167704,2021-05-18,1,0,0.99994576
55000900167704,2021-05-19,1,0,0.99994576
55000900167704,2021-05-20,1,0,0.99994576
55000900167704,2021-05-21,1,0,0.99994576
55000900167704,2021-05-22,1,0,0.99994576
55000900167704,2021-05-23,1,0,0.99994576
55000900167704,2021-05-24,1,0,0.99994576
55000900167704,2021-05-25,1,0,0.99994576
55000900167704,2021-05-26,1,0,0.99994576
55000900167704,2021-05-27,1,0,0.99994576
55000900167704,2021-05-28,1,0,0.99994576
55000900167704,2021-05-29,1,0,0.99994576
55000900167704,2021-05-30,1,0,0.99994576
55000900167704,2021-05-31,1,0,0.99994576
55000900167704,2021-06-01,1,0,0.99994576
55000900167704,2021-06-02,1,0,0.99994576
55000900167704,2021-06-03,1,0,0.99994576
55000900167704,2021-06-04,1,0,0.99994576
55000900167704,2021-06-05,1,0,0.99994576
55000900167704,2021-06-06,1,0,0.99994576
55000900167704,2021-06-07,1,0,0.99994576
55000900167704,2021-06-08,1,0,0.99994576
55000900167704,2021-06-09,1,0,0.99994576
55000900167704,2021-06-10,1,0,0.99994576
55000900167704,2021-06-11,1,0,0.99994576
55000900167704,2021-06-12,1,0,0.99994576
55000900167704,2021-06-13,1,0,0.99994576
55000900167704,2021-06-14,1,0,0.99994576
55000900167704,2021-06-15,1,0,0.99994576
55000900167704,2021-06-16,1,0,0.99994576
55000900167704,2021-06-17,1,0,0.99994576
55000900167704,2021-06-18,1,0,0.99994576
55000900167704,2021-06-19,1,0,0.99994576
55000900167704,2021-06-20,1,0,0.99994576
55000900167704,2021-06-21,1,0,0.99994576
55000900167704,2021-06-22,1,0,0.99994576
55000900167704,2021-06-23,1,0,0.99994576
55000900167704,2021-06-24,1,0,0.99994576
55000900167704,2021-06-25,1,0,0.99994576
55000900167704,2021-06-26,1,0,0.99994576
55000900167704,2021-06-27,1,0,0.99994576
55000900167704,2021-06-28,1,0,0.99994576
55000900167704,2021-06-29,1,0,0.99994576
55000900167704,2021-06-30,1,0,0.99994576
55000900167704,2021-07-01,1,0,0.99994576
55000900167704,2021-07-02,1,0,0.99994576
55000900167704,2021-07-03,1,0,0.99994576
55000900167704,2021-07-04,1,0,0.99994576
55000900167704,2021-07-05,1,0,0.99994576
55000900167704,2021-07-06,1,0,0.99994576
55000900167704,2021-07-07,1,0,0.99994576
55000900167704,2021-07-08,1,0,0.99994576
55000900167704,2021-07-09,0,0,0.99994576
55000900167704,2021-07-10,0,0,0.99994576
55000900167704,2021-07-11,0,0,0.99994576
55000900167704,2021-07-12,0,0,0.9998124
55000900167704,2021-07-13,0,0,0.9991679
55000900167704,2021-07-14,0,0,0.9990006
55000900167704,2021-07-15,0,0,0.9950858
55000900167704,2021-07-16,0,0,0.99441457
55000900167704,2021-07-17,0,0,0.9938642
55000900167704,2021-07-18,0,0,0.9946239
55000900167704,2021-07-19,0,0,0.9925079
55000900167704,2021-07-20,0,0,0.98766476
55000900167704,2021-07-21,0,0,0.9825556
55000900167704,2021-07-22,0,0,0.92890847
55000900167704,2021-07-23,0,0,0.84164613
55000900167704,2021-07-24,0,0,0.8149656
55000900167704,2021-07-25,0,0,0.8079525
55000900167704,2021-07-26,0,0,0.8002067
55000900167704,2021-07-27,0,0,0.8050605
55000900167704,2021-07-28,0,0,0.80559784
55000900167704,2021-07-29,0,0,0.73326737
55000900167704,2021-07-30,0,0,0.5905444
55000900167704,2021-07-31,0,0,0.52750015
55000900167704,2021-08-01,0,0,0.5302866
55000900167704,2021-08-02,0,0,0.55530846
55000900167704,2021-08-03,0,0,0.5979401
55000900167704,2021-08-04,0,0,0.51334035
55000900167704,2021-08-05,0,0,0.5147224
55000900167704,2021-08-06,0,0,0.5484424
55000900167704,2021-08-07,0,0,0.4805836
55000900167704,2021-08-08,0,0,0.46175832
55000900167704,2021-08-09,0,0,0.4090534
55000900167704,2021-08-10,0,0,0.44574475
55000900167704,2021-08-11,0,0,0.44574475
55000900167704,2021-08-12,0,0,0.44574475
55000900167704,2021-08-13,0,0,0.44574475
55000900167704,2021-08-14,0,0,0.44574475
55000900167704,2021-08-15,0,0,0.44574475
55000900167704,2021-08-16,0,0,0.44574475
55000900167704,2021-08-17,0,0,0.44574475
55000900167704,2021-08-18,0,0,0.44574475
55000900167704,2021-08-20,0,0,0.44574475
55000900167704,2021-08-21,0,0,0.44574475
55000900167704,2021-08-22,0,0,0.44574475
55000900167704,2021-08-23,0,0,0.44574475
55000900167704,2021-08-24,0,0,0.44574475
55000900167704,2021-08-25,0,0,0.44574475
55000900167704,2021-08-26,0,0,0.44574475
55000900167704,2021-08-27,0,0,0.44574475
55000900167704,2021-08-28,0,0,0.44574475
55000900167704,2021-08-29,0,0,0.44574475
55000900167704,2021-08-30,0,0,0.44574475
55000900167704,2021-08-31,0,0,0.44574475
55000900167704,2021-09-01,0,0,0.44574475
55000900167704,2021-09-02,0,0,0.44574475
55000900167704,2021-09-03,0,0,0.44574475
55000900167704,2021-09-04,0,0,0.44574475
55000900167704,2021-09-05,0,0,0.44574475
55000900167704,2021-09-06,0,0,0.44574475
55000900167704,2021-09-07,0,0,0.44574475
55000900167704,2021-09-08,0,0,0.44574475
55000900167704,2021-09-09,0,0,0.44574475
55000900167704,2021-09-10,0,0,0.44574475
55000900167704,2021-09-11,0,0,0.44574475
55000900167704,2021-09-12,0,0,0.44574475
55000900167704,2021-09-13,0,0,0.44574475
55000900167704,2021-09-14,0,0,0.44574475
55000900167704,2021-09-15,0,0,0.44574475
55000900167704,2021-09-16,0,0,0.44574475
55000900167704,2021-09-17,0,0,0.44574475
55000900167704,2021-09-18,1,0,0.44574475
55000900167704,2021-09-19,1,0,0.44574475
55000900167704,2021-09-20,0,0,0.44574475
55000900167704,2021-09-21,0,0,0.85661536
55000900167704,2021-09-22,0,0,0.9807077
55000900167704,2021-09-23,0,0,0.610626
55000900167704,2021-09-24,0,0,0.5992909
55000900167704,2021-09-25,0,0,0.5352191
55000900167704,2021-09-26,0,0,0.50479877
55000900167704,2021-09-27,1,0,0.5077807
55000900167704,2021-09-28,1,0,0.50715804
55000900167704,2021-09-29,0,0,0.5068049
55000900167704,2021-09-30,0,0,0.8723564
55000900167704,2021-10-01,0,0,0.97917545
55000900167704,2021-10-02,0,0,0.6402416
55000900167704,2021-10-03,0,0,0.5371208
55000900167704,2021-10-04,0,0,0.5048691
55000900167704,2021-10-05,0,0,0.48618585
55000900167704,2021-10-06,0,0,0.4885829
55000900167704,2021-10-07,0,0,0.48792887
55000900167704,2021-10-08,0,0,0.4875125
55000900167704,2021-10-09,0,0,0.48697284
55000900167704,2021-10-10,0,0,0.48637986
55000900167704,2021-10-11,0,0,0.48582026
55000900167704,2021-10-12,0,0,0.48519528
55000900167704,2021-10-13,0,0,0.4845082
55000900167704,2021-10-14,0,0,0.48379123
55000900167704,2021-10-15,0,0,0.48318335
55000900167704,2021-10-16,0,0,0.48292354
55000900167704,2021-10-17,0,0,0.4794476
55000900167704,2021-10-18,0,0,0.46948177
55000900167704,2021-10-19,0,0,0.46897352
55000900167704,2021-10-21,0,0,0.49178323
55000900167704,2021-10-22,1,0,0.45763636
55000900167704,2021-10-23,1,0,0.48299152
55000900167704,2021-10-24,1,0,0.47673097
55000900167704,2021-10-25,1,0,0.8607051
55000900167704,2021-10-26,1,0,0.9790932
55000900167704,2021-10-27,1,0,0.9955674
55000900167704,2021-10-28,1,0,0.99826556
55000900167704,2021-10-29,1,0,0.9990336
55000900167704,2021-10-30,1,0,0.9995895
55000900167704,2021-10-31,1,0,0.99962735
55000900167704,2021-11-01,1,0,0.99964154
55000900167704,2021-11-02,1,0,0.99962926
55000900167704,2021-11-03,1,0,0.9996332
55000900167704,2021-11-04,1,0,0.99964476
55000900167704,2021-11-05,1,0,0.9996594
55000900167704,2021-11-06,1,0,0.99967337
55000900167704,2021-11-07,1,0,0.9996867
55000900167704,2021-11-08,1,0,0.99969923
55000900167704,2021-11-09,1,0,0.999711
55000900167704,2021-11-10,1,0,0.9997266
55000900167704,2021-11-11,1,0,0.99979585
55000900167704,2021-11-12,1,0,0.99987257
55000900167704,2021-11-13,1,0,0.9998926
55000900167704,2021-11-14,1,0,0.9999087
55000900167704,2021-11-15,1,0,0.99992156
55000900167704,2021-11-16,1,0,0.9999294
55000900167704,2021-11-17,1,0,0.999933
55000900167704,2021-11-18,1,0,0.9999342
55000900167704,2021-11-19,1,0,0.99993455
55000900167704,2021-11-20,1,0,0.9999348
55000900167704,2021-11-21,1,0,0.99993575
55000900167704,2021-11-22,1,0,0.99995744
55000900167704,2021-11-23,1,0,0.99994576
55000900167704,2021-11-24,1,0,0.99994576
55000900167704,2021-11-25,1,0,0.99994576
55000900167704,2021-11-26,1,0,0.99994576
55000900167704,2021-11-27,1,0,0.99994576
55000900167704,2021-11-28,1,0,0.99994576
55000900167704,2021-11-29,1,0,0.99994576
55000900167704,2021-11-30,1,0,0.99994576
55000900167704,2021-12-01,1,0,0.99994576
55000900167704,2021-12-02,1,0,0.99994576
55000900167704,2021-12-03,1,0,0.99994576
55000900167704,2021-12-04,1,0,0.99994576
55000900167704,2021-12-05,1,0,0.99994576
55000900167704,2021-12-06,1,0,0.99994576
55000900167704,2021-12-07,1,0,0.99994576
55000900167704,2021-12-08,1,0,0.99994576
55000900167704,2021-12-09,1,0,0.99994576
55000900167704,2021-12-10,1,0,0.99994576
55000900167704,2021-12-11,1,0,0.99994576
55000900167704,2021-12-12,1,0,0.99994576
55000900167704,2021-12-13,1,0,0.99994576
55000900167704,2021-12-14,1,0,0.99994576
55000900167704,2021-12-15,1,0,0.99994576
55000900167704,2021-12-16,1,0,0.99994576
55000900167704,2021-12-17,1,0,0.99994576
55000900167704,2021-12-18,1,0,0.99994576
55000900167704,2021-12-19,1,0,0.99994576
55000900167704,2021-12-20,1,0,0.99994576
55000900167704,2021-12-21,1,0,0.99994576
55000900167704,2021-12-22,1,0,0.99994576
55000900167704,2021-12-23,1,0,0.99994576
55000900167704,2021-12-24,1,0,0.99994576
55000900167704,2021-12-25,1,0,0.99994576
55000900167704,2021-12-26,1,0,0.99994576
55000900167704,2021-12-27,1,0,0.99994576
55000900167704,2021-12-28,1,0,0.99994576
55000900167704,2021-12-29,1,0,0.99994576
55000900167704,2021-12-30,1,0,0.99994576
55000900167704,2021-12-31,1,0,0.99994576
55000900167704,2022-01-01,1,0,0.99994576
55000900167704,2022-01-02,1,0,0.99994576
55000900167704,2022-01-03,1,0,0.99994576
55000900167704,2022-01-04,1,0,0.99994576
55000900167704,2022-01-05,1,0,0.99994576
55000900167704,2022-01-06,1,0,0.99994576
55000900167704,2022-01-07,1,0,0.99994576
55000900167704,2022-01-08,1,0,0.99994576
55000900167704,2022-01-09,1,0,0.99994576
55000900167704,2022-01-10,1,0,0.99994576
55000900167704,2022-01-11,1,0,0.99994576
55000900167704,2022-01-12,1,0,0.99994576
55000900167704,2022-01-13,1,0,0.99994576
55000900167704,2022-01-14,1,0,0.99994576
55000900167704,2022-01-15,1,0,0.99994576
55000900167704,2022-01-16,1,0,0.99994576
55000900167704,2022-01-17,1,0,0.99994576
55000900167704,2022-01-18,1,0,0.99994576
55000900167704,2022-01-19,1,0,0.99994576
55000900167704,2022-01-20,1,0,0.99994576
55000900167704,2022-01-21,1,0,0.99994576
55000900167704,2022-01-22,1,0,0.99994576
55000900167704,2022-01-23,1,0,0.99994576
55000900167704,2022-01-24,1,0,0.99994576
55000900167704,2022-01-25,1,0,0.99994576
55000900167704,2022-01-26,1,0,0.99994576
55000900167704,2022-01-27,1,0,0.99994576
55000900167704,2022-01-28,1,0,0.99994576
55000900167704,2022-01-29,1,0,0.99994576
55000900167704,2022-01-30,1,0,0.99994576
55000900167704,2022-01-31,1,0,0.99994576
55000900167704,2022-02-01,1,0,0.99994576
55000900167704,2022-02-02,1,0,0.99994576
55000900167704,2022-02-03,1,0,0.99994576
55000900167704,2022-02-04,1,0,0.99994576
55000900167704,2022-02-05,1,0,0.99994576
55000900167704,2022-02-06,1,0,0.99994576
55000900167704,2022-02-07,1,0,0.99994576
55000900167704,2022-02-08,1,0,0.99994576
55000900167704,2022-02-09,1,0,0.99994576
55000900167704,2022-02-10,1,0,0.99994576
55000900167704,2022-02-11,1,0,0.99994576
55000900167704,2022-02-12,1,0,0.99994576
55000900167704,2022-02-13,1,0,0.99994576
55000900167704,2022-02-14,1,0,0.99994576
55000900167704,2022-02-15,1,0,0.99994576
55000900167704,2022-02-16,1,0,0.99994576
55000900167704,2022-02-17,1,0,0.99994576
55000900167704,2022-02-18,1,0,0.99994576
55000900167704,2022-02-19,1,0,0.99994576
55000900167704,2022-02-20,1,0,0.99994576
55000900167704,2022-02-21,1,0,0.99994576
55000900167704,2022-02-22,1,0,0.99994576
55000900167704,2022-02-23,1,0,0.99994576
55000900167704,2022-02-24,1,0,0.99994576
55000900167704,2022-02-25,1,0,0.99994576
55000900167704,2022-02-26,1,0,0.99994576
55000900167704,2022-02-27,1,0,0.99994576
55000900167704,2022-02-28,1,0,0.99994576
55000900167704,2022-03-01,1,0,0.99994576
55000900167704,2022-03-02,1,0,0.99994576
55000900167704,2022-03-03,1,0,0.99994576
55000900167704,2022-03-04,1,0,0.99994576
55000900167704,2022-03-05,1,0,0.99994576
55000900167704,2022-03-06,1,0,0.99994576
55000900167704,2022-03-07,1,0,0.99994576
55000900167704,2022-03-08,1,0,0.99994576
55000900167704,2022-03-09,1,0,0.99994576
55000900167704,2022-03-10,1,0,0.99994576
55000900167704,2022-03-11,1,0,0.99994576
55000900167704,2022-03-12,1,0,0.99994576
55000900167704,2022-03-14,1,0,0.99994576
55000900167704,2022-03-15,1,0,0.99994576
55000900167704,2022-03-16,1,0,0.99994576
55000900167704,2022-03-17,1,0,0.99994576
55000900167704,2022-03-18,1,0,0.99994576
55000900167704,2022-03-19,1,0,0.99994576
55000900167704,2022-03-20,1,0,0.99994576
55000900167704,2022-03-21,1,0,0.99994576
55000900167704,2022-03-22,1,0,0.99994576
55000900167704,2022-03-23,1,0,0.99994576
55000900167704,2022-03-24,1,0,0.99994576
55000900167704,2022-03-25,1,0,0.99994576
55000900167704,2022-03-26,1,0,0.99994576
55000900167704,2022-03-27,1,0,0.99994576
55000900167704,2022-03-28,1,0,0.99994576
55000900167704,2022-03-29,1,0,0.99994576
55000900167704,2022-03-30,1,0,0.99994576
55000900167704,2022-03-31,1,0,0.99994576
55000900167704,2022-04-01,1,0,0.99994576
55000900167704,2022-04-02,1,0,0.99994576
55000900167704,2022-04-03,1,0,0.99994576
55000900167704,2022-04-04,1,0,0.99994576
55000900167704,2022-04-05,1,0,0.99994576
55000900167704,2022-04-06,1,0,0.99994576
55000900167704,2022-04-07,1,0,0.99994576
55000900167704,2022-04-08,1,0,0.99994576
55000900167704,2022-04-09,1,0,0.99994576
55000900167704,2022-04-10,1,0,0.99994576
55000900167704,2022-04-11,1,0,0.99994576
55000900167704,2022-04-12,1,0,0.99994576
55000900167704,2022-04-13,1,0,0.99994576
55000900167704,2022-04-14,1,0,0.99994576
55000900167704,2022-04-15,1,0,0.99994576
55000900167704,2022-04-16,1,0,0.99994576
55000900167704,2022-04-17,1,0,0.99994576
55000900167704,2022-04-18,1,0,0.99994576
55000900167704,2022-04-19,1,0,0.99994576
55000900167704,2022-04-20,1,0,0.99994576
55000900167704,2022-04-21,1,0,0.99994576
55000900167704,2022-04-22,1,0,0.99994576
55000900167704,2022-04-23,1,0,0.99994576
55000900167704,2022-04-24,1,0,0.99994576
55000900167704,2022-04-25,1,0,0.99994576
55000900167704,2022-04-26,1,0,0.99994576
55000900167704,2022-04-27,1,0,0.99994576
55000900167704,2022-04-28,1,0,0.99994576
55000900167704,2022-04-29,1,0,0.99994576
55000900167704,2022-04-30,1,0,0.99994576
55000900167704,2022-05-01,1,0,0.99994576
55000900167704,2022-05-02,1,0,0.99994576
55000900167704,2022-05-03,1,0,0.99994576
55000900167704,2022-05-04,1,0,0.99994576
55000900167704,2022-05-05,1,0,0.99994576
55000900167704,2022-05-06,1,0,0.99994576
55000900167704,2022-05-07,1,0,0.99994576
55000900167704,2022-05-08,1,0,0.99994576
55000900167704,2022-05-09,1,0,0.99994576
55000900167704,2022-05-10,1,0,0.99994576
55000900167704,2022-05-11,1,0,0.99994576
55000900167704,2022-05-12,1,0,0.99994576
55000900167704,2022-05-13,1,0,0.99994576
55000900167704,2022-05-14,1,0,0.99994576
55000900167704,2022-05-15,1,0,0.99994576
55000900167704,2022-05-16,1,0,0.99994576
55000900167704,2022-05-17,1,0,0.99994576
55000900167704,2022-05-18,1,0,0.99994576
55000900167704,2022-05-19,1,0,0.99994576
55000900167704,2022-05-20,1,0,0.99994576
55000900167704,2022-05-21,1,0,0.99994576
55000900167704,2022-05-22,1,0,0.99994576
55000900167704,2022-05-23,1,0,0.99994576
55000900167704,2022-05-24,1,0,0.99994576
55000900167704,2022-05-25,1,0,0.99994576
55000900167704,2022-05-26,1,0,0.99994576
55000900167704,2022-05-27,1,0,0.99994576
55000900167704,2022-05-28,1,0,0.99994576
55000900167704,2022-05-29,1,0,0.99994576
55000900167704,2022-05-30,1,0,0.99994576
55000900167704,2022-05-31,1,0,0.99994576
55000900167704,2022-06-01,1,0,0.99994576
55000900167704,2022-06-02,1,0,0.99994576
55000900167704,2022-06-03,1,0,0.99994576
55000900167704,2022-06-04,1,0,0.99994576
55000900167704,2022-06-05,1,0,0.99994576
55000900167704,2022-06-06,1,0,0.99994576
55000900167704,2022-06-07,1,0,0.99994576
55000900167704,2022-06-08,1,0,0.99994576
55000900167704,2022-06-09,1,0,0.99994576
55000900167704,2022-06-10,1,0,0.99994576
55000900167704,2022-06-11,1,0,0.99994576
55000900167704,2022-06-12,1,0,0.99994576
55000900167704,2022-06-13,1,0,0.99994576
55000900167704,2022-06-14,1,0,0.99994576
55000900167704,2022-06-15,1,0,0.99994576
55000900167704,2022-06-16,1,0,0.99994576
55000900167704,2022-06-17,1,0,0.99994576
55000900167704,2022-06-18,1,0,0.99994576
55000900167704,2022-06-19,1,0,0.99994576
55000900167704,2022-06-20,1,0,0.99994576
55000900167704,2022-06-21,1,0,0.99994576
55000900167704,2022-06-22,1,0,0.99994576
55000900167704,2022-06-23,1,0,0.99994576
55000900167704,2022-06-24,1,0,0.99994576
55000900167704,2022-06-25,1,0,0.99994576
55000900167704,2022-06-26,1,0,0.99994576
55000900167704,2022-06-27,1,0,0.99994576
55000900167704,2022-06-28,1,0,0.99994576
55000900167704,2022-06-29,1,0,0.99994576
55000900167704,2022-06-30,1,0,0.99994576
55000900167704,2022-07-01,1,0,0.99994576
55000900167704,2022-07-02,1,0,0.99994576
55000900167704,2022-07-03,1,0,0.99994576
55000900167704,2022-07-04,1,0,0.99994576
55000900167704,2022-07-05,1,0,0.99994576
55000900167704,2022-07-06,1,0,0.99994576
55000900167704,2022-07-07,1,0,0.99994576
55000900167704,2022-07-08,1,0,0.99994576
55000900167704,2022-07-09,1,0,0.99994576
55000900167704,2022-07-10,1,0,0.99994576
55000900167704,2022-07-11,1,0,0.99994576
55000900167704,2022-07-12,1,0,0.99994576
55000900167704,2022-07-13,1,0,0.99994576
55000900167704,2022-07-14,1,0,0.99994576
55000900167704,2022-07-15,1,0,0.99994576
55000900167704,2022-07-16,1,0,0.99994576
55000900167704,2022-07-17,1,0,0.99994576
55000900167704,2022-07-18,1,0,0.99994576
55000900167704,2022-07-19,1,0,0.99994576
55000900167704,2022-07-20,1,0,0.99994576
55000900167704,2022-07-21,1,0,0.99994576
55000900167704,2022-07-22,1,0,0.99994576
55000900167704,2022-07-23,1,0,0.99994576
55000900167704,2022-07-24,1,0,0.99994576
55000900167704,2022-07-25,1,0,0.99994576
55000900167704,2022-07-26,1,0,0.99994576
55000900167704,2022-07-27,1,0,0.99994576
55000900167704,2022-07-28,1,0,0.99994576
55000900167704,2022-07-29,1,0,0.99994576
55000900167704,2022-07-30,1,0,0.99994576
55000900167704,2022-07-31,1,0,0.99994576
55000900167704,2022-08-01,1,0,0.99994576
55000900167704,2022-08-02,1,0,0.99994576
55000900167704,2022-08-03,1,0,0.99994576
55000900167704,2022-08-04,1,0,0.99994576
55000900167704,2022-08-05,1,0,0.99994576
55000900167704,2022-08-06,1,0,0.99994576
55000900167704,2022-08-07,1,0,0.99994576
55000900167704,2022-08-08,1,0,0.99994576
55000900167704,2022-08-09,1,0,0.99994576
55000900167704,2022-08-10,1,0,0.99994576
55000900167704,2022-08-11,1,0,0.99994576
55000900167704,2022-08-12,1,0,0.99994576
55000900167704,2022-08-13,1,0,0.99994576
55000900167704,2022-08-14,1,0,0.99994576
55000900167704,2022-08-15,1,0,0.99994576
55000900167704,2022-08-16,1,0,0.99994576
55000900167704,2022-08-17,1,0,0.99994576
55000900167704,2022-08-18,1,0,0.99994576
55000900167704,2022-08-19,1,0,0.99994576
55000900167704,2022-08-20,1,0,0.99994576
55000900167704,2022-08-21,1,0,0.99994576
55000900167704,2022-08-22,1,0,0.99994576
55000900167704,2022-08-23,1,0,0.99994576
55000900167704,2022-08-24,1,0,0.99994576
55000900167704,2022-08-25,1,0,0.99994576
55000900167704,2022-08-26,1,0,0.99994576
55000900167704,2022-08-27,1,0,0.99994576
55000900167704,2022-08-28,1,0,0.99994576
55000900167704,2022-08-29,1,0,0.99994576
55000900167704,2022-08-30,1,0,0.99994576
55000900167704,2022-08-31,1,0,0.99994576
55000900167704,2022-09-01,1,0,0.99994576
55000900167704,2022-09-02,1,0,0.99994576
55000900167704,2022-09-03,1,0,0.99994576
55000900167704,2022-09-04,1,0,0.99994576
55000900167704,2022-09-05,0,0,0.99994576
55000900167704,2022-09-06,0,0,0.99994576
55000900167704,2022-09-07,0,0,0.99994576
55000900167704,2022-09-08,0,0,0.9998124
55000900167704,2022-09-09,0,0,0.9991679
55000900167704,2022-09-10,0,0,0.9990006
55000900167704,2022-09-11,0,0,0.9950858
55000900167704,2022-09-12,0,0,0.99441457
55000900167704,2022-09-13,0,0,0.9938642
55000900167704,2022-09-14,0,0,0.9946239
55000900167704,2022-09-15,0,0,0.9925079
55000900167704,2022-09-16,0,0,0.98766476
55000900167704,2022-09-17,0,0,0.9825556
55000900167704,2022-09-18,0,0,0.92890847
55000900167704,2022-09-19,0,0,0.84164613
55000900167704,2022-09-20,0,0,0.8149656
55000900167704,2022-09-21,0,0,0.8079525
55000900167704,2022-09-22,0,0,0.8002067
55000900167704,2022-09-23,0,0,0.8050605
55000900167704,2022-09-24,0,0,0.80559784
55000900167704,2022-09-25,0,0,0.73326737
55000900167704,2022-09-26,0,0,0.5905444
55000900167704,2022-09-27,0,0,0.52750015
55000900167704,2022-09-28,0,0,0.5302866
55000900167704,2022-09-29,0,0,0.55530846
55000900167704,2022-09-30,0,0,0.5979401
55000900167704,2022-10-01,0,0,0.51334035
55000900167704,2022-10-02,0,0,0.5147224
55000900167704,2022-10-03,0,0,0.5484424
55000900167704,2022-10-04,0,0,0.4805836
55000900167704,2022-10-05,0,0,0.46175832
55000900167704,2022-10-06,0,0,0.4090534
55000900167704,2022-10-07,0,0,0.44574475
55000900167704,2022-10-08,0,0,0.44574475
55000900167704,2022-10-09,0,0,0.44574475
55000900167704,2022-10-10,0,0,0.44574475
55000900167704,2022-10-11,0,0,0.44574475
55000900167704,2022-10-12,0,0,0.44574475
55000900167704,2022-10-13,0,0,0.44574475
55000900167704,2022-10-14,0,0,0.44574475
55000900167704,2022-10-15,0,0,0.44574475
55000900167704,2022-10-16,0,0,0.44574475
55000900167704,2022-10-17,0,0,0.44574475
55000900167704,2022-10-18,0,0,0.44574475
55000900167704,2022-10-19,0,0,0.44574475
55000900167704,2022-10-20,0,0,0.44574475
55000900167704,2022-10-21,0,0,0.44574475
55000900167704,2022-10-22,1,0,0.44574475
55000900167704,2022-10-23,0,0,0.44574475
55000900167704,2022-10-24,1,0,0.44574475
55000900167704,2022-10-25,1,0,0.85661536
55000900167704,2022-10-26,1,0,0.4537456
55000900167704,2022-10-27,0,0,0.7619637
55000900167704,2022-10-28,0,0,0.94314945
55000900167704,2022-10-29,0,0,0.9792787
55000900167704,2022-10-30,0,0,0.6610676
55000900167704,2022-10-31,0,0,0.57123554
55000900167704,2022-11-01,1,0,0.56267524
55000900167704,2022-11-02,0,0,0.51670235
55000900167704,2022-11-03,0,0,0.5169223
55000900167704,2022-11-04,1,0,0.8687207
55000900167704,2022-11-05,1,0,0.43887636
55000900167704,2022-11-06,1,0,0.52456325
55000900167704,2022-11-07,1,0,0.8601456
55000900167704,2022-11-08,1,0,0.96694803
55000900167704,2022-11-09,1,0,0.99301213
55000900167704,2022-11-10,1,0,0.99783856
55000900167704,2022-11-11,1,0,0.9993168
55000900167704,2022-11-12,1,0,0.99958426
55000900167704,2022-11-13,1,0,0.99962485
55000900167704,2022-11-14,1,0,0.99964845
55000900167704,2022-11-15,1,0,0.9996666
55000900167704,2022-11-16,1,0,0.9996823
55000900167704,2022-11-17,1,0,0.9996959
55000900167704,2022-11-18,1,0,0.99970835
55000900167704,2022-11-19,1,0,0.9997336
55000900167704,2022-11-20,1,0,0.9998394
55000900167704,2022-11-21,1,0,0.9998889
55000900167704,2022-11-22,1,0,0.9999144
55000900167704,2022-11-23,1,0,0.99992263
55000900167704,2022-11-24,1,0,0.99992883
55000900167704,2022-11-25,1,0,0.9999311
55000900167704,2022-11-26,1,0,0.9999318
55000900167704,2022-11-27,1,0,0.99993265
55000900167704,2022-11-28,1,0,0.9999287
55000900167704,2022-11-29,1,0,0.9999329
55000900167704,2022-11-30,1,0,0.9999343
55000900167704,2022-12-01,1,0,0.9999347
55000900167704,2022-12-02,1,0,0.99993694
55000900167704,2022-12-03,1,0,0.99993837
55000900167704,2022-12-04,1,0,0.99993575
55000900167704,2022-12-05,1,0,0.99995744
55000900167704,2022-12-06,1,0,0.99994576
55000900167704,2022-12-07,1,0,0.99994576
55000900167704,2022-12-08,1,0,0.99994576
55000900167704,2022-12-09,1,0,0.99994576
55000900167704,2022-12-10,1,0,0.99994576
55000900167704,2022-12-11,1,0,0.99994576
55000900167704,2022-12-12,1,0,0.99994576
55000900167704,2022-12-13,1,0,0.99994576
55000900167704,2022-12-14,1,0,0.99994576
55000900167704,2022-12-15,1,0,0.99994576
55000900167704,2022-12-16,1,0,0.99994576
55000900167704,2022-12-17,1,0,0.99994576
55000900167704,2022-12-18,1,0,0.99994576
55000900167704,2022-12-19,1,0,0.99994576
55000900167704,2022-12-20,1,0,0.99994576
55000900167704,2022-12-21,1,0,0.99994576
55000900167704,2022-12-22,1,0,0.99994576
55000900167704,2022-12-23,1,0,0.99994576
55000900167704,2022-12-24,1,0,0.99994576
55000900167704,2022-12-25,1,0,0.99994576
55000900167704,2022-12-26,1,0,0.99994576
55000900167704,2022-12-27,1,0,0.99994576
55000900167704,2022-12-28,1,0,0.99994576
55000900167704,2022-12-29,1,0,0.99994576
55000900167704,2022-12-30,1,0,0.99994576
55000900167704,2022-12-31,1,0,0.99994576
55000900167704,2023-01-01,1,0,0.99994576
55000900167704,2023-01-02,1,0,0.99994576
55000900167704,2023-01-03,1,0,0.99994576
55000900167704,2023-01-04,1,0,0.99994576
55000900167704,2023-01-05,1,0,0.99994576
55000900167704,2023-01-06,1,0,0.99994576
55000900167704,2023-01-07,1,0,0.99994576
55000900167704,2023-01-08,1,0,0.99994576
55000900167704,2023-01-09,1,0,0.99994576
55000900167704,2023-01-10,1,0,0.99994576
55000900167704,2023-01-11,1,0,0.99994576
55000900167704,2023-01-12,1,0,0.99994576
55000900167704,2023-01-13,1,0,0.99994576
55000900167704,2023-01-14,1,0,0.99994576
55000900167704,2023-01-15,1,0,0.99994576
55000900167704,2023-01-16,1,0,0.99994576
55000900167704,2023-01-17,1,0,0.99994576
55000900167704,2023-01-18,1,0,0.99994576
55000900167704,2023-01-19,1,0,0.99994576
55000900167704,2023-01-20,1,0,0.99994576
55000900167704,2023-01-21,1,0,0.99994576
55000900167704,2023-01-22,1,0,0.99994576
55000900167704,2023-01-23,1,0,0.99994576
55000900167704,2023-01-24,1,0,0.99994576
55000900167704,2023-01-25,1,0,0.99994576
55000900167704,2023-01-26,1,0,0.99994576
55000900167704,2023-01-27,1,0,0.99994576
55000900167704,2023-01-28,1,0,0.99994576
55000900167704,2023-01-29,1,0,0.99994576
55000900167704,2023-01-30,1,0,0.99994576
55000900167704,2023-01-31,1,0,0.99994576
55000900167704,2023-02-01,1,0,0.99994576
55000900167704,2023-02-02,1,0,0.99994576
55000900167704,2023-02-03,1,0,0.99994576
55000900167704,2023-02-04,1,0,0.99994576
55000900167704,2023-02-05,1,0,0.99994576
55000900167704,2023-02-06,1,0,0.99994576
55000900167704,2023-02-07,1,0,0.99994576
55000900167704,2023-02-08,1,0,0.99994576
55000900167704,2023-02-09,1,0,0.99994576
55000900167704,2023-02-10,1,0,0.99994576
55000900167704,2023-02-11,1,0,0.99994576
55000900167704,2023-02-12,1,0,0.99994576
55000900167704,2023-02-13,1,0,0.99994576
55000900167704,2023-02-14,1,0,0.99994576
55000900167704,2023-02-15,1,0,0.99994576
55000900167704,2023-02-16,1,0,0.99994576
55000900167704,2023-02-17,1,0,0.99994576
55000900167704,2023-02-18,1,0,0.99994576
55000900167704,2023-02-19,1,0,0.99994576
55000900167704,2023-02-20,1,0,0.99994576
55000900167704,2023-02-21,1,0,0.99994576
55000900167704,2023-02-22,1,0,0.99994576
55000900167704,2023-02-23,1,0,0.99994576
55000900167704,2023-02-24,1,0,0.99994576
55000900167704,2023-02-25,1,0,0.99994576
55000900167704,2023-02-26,1,0,0.99994576
55000900167704,2023-02-27,1,0,0.99994576
55000900167704,2023-02-28,1,0,0.99994576
55000900167704,2023-03-01,1,0,0.99994576
55000900167704,2023-03-02,1,0,0.99994576
55000900167704,2023-03-03,1,0,0.99994576
55000900167704,2023-03-04,1,0,0.99994576
55000900167704,2023-03-05,1,0,0.99994576
55000900167704,2023-03-06,1,0,0.99994576
55000900167704,2023-03-07,1,0,0.99994576
55000900167704,2023-03-08,1,0,0.99994576
55000900167704,2023-03-09,1,0,0.99994576
55000900167704,2023-03-10,1,0,0.99994576
55000900167704,2023-03-11,1,0,0.99994576
55000900167704,2023-03-13,1,0,0.99994576
55000900167704,2023-03-14,1,0,0.99994576
55000900167704,2023-03-15,1,0,0.99994576
55000900167704,2023-03-16,1,0,0.99994576
55000900167704,2023-03-17,1,0,0.99994576
55000900167704,2023-03-18,1,0,0.99994576
55000900167704,2023-03-19,1,0,0.99994576
55000900167704,2023-03-20,1,0,0.99994576
55000900167704,2023-03-21,1,0,0.99994576
55000900167704,2023-03-22,1,0,0.99994576
55000900167704,2023-03-23,1,0,0.99994576
55000900167704,2023-03-24,1,0,0.99994576
55000900167704,2023-03-25,1,0,0.99994576
55000900167704,2023-03-26,1,0,0.99994576
55000900167704,2023-03-27,1,0,0.99994576
55000900167704,2023-03-28,1,0,0.99994576
55000900167704,2023-03-29,1,0,0.99994576
55000900167704,2023-03-30,1,0,0.99994576
55000900167704,2023-03-31,1,0,0.99994576
55000900167704,2023-04-01,1,0,0.99994576
55000900167704,2023-04-02,1,0,0.99994576
55000900167704,2023-04-03,1,0,0.99994576
55000900167704,2023-04-04,1,0,0.99994576
55000900167704,2023-04-05,1,0,0.99994576
55000900167704,2023-04-06,1,0,0.99994576
55000900167704,2023-04-07,1,0,0.99994576
55000900167704,2023-04-08,1,0,0.99994576
55000900167704,2023-04-09,1,0,0.99994576
55000900167704,2023-04-10,1,0,0.99994576
55000900167704,2023-04-11,1,0,0.99994576
55000900167704,2023-04-12,1,0,0.99994576
55000900167704,2023-04-13,1,0,0.99994576
55000900167704,2023-04-14,1,0,0.99994576
55000900167704,2023-04-15,1,0,0.99994576
55000900167704,2023-04-16,1,0,0.99994576
55000900167704,2023-04-17,1,0,0.99994576
55000900167704,2023-04-18,1,0,0.99994576
55000900167704,2023-04-19,1,0,0.99994576
55000900167704,2023-04-20,1,0,0.99994576
55000900200040,2020-09-29,1,0,0.99997175
55000900200040,2020-09-30,1,0,0.9999753
55000900200040,2020-10-01,1,0,0.9999566
55000900200040,2020-10-02,1,0,0.9999504
55000900200040,2020-10-03,1,0,0.9999498
55000900200040,2020-10-04,1,0,0.9999541
55000900200040,2020-10-05,1,0,0.9999554
55000900200040,2020-10-06,1,0,0.9999585
55000900200040,2020-10-07,1,0,0.99997365
55000900200040,2020-10-08,1,0,0.9999578
55000900200040,2020-10-09,1,0,0.9999479
55000900200040,2020-10-10,1,0,0.9999757
55000900200040,2020-10-11,1,0,0.99997663
55000900200040,2020-10-12,1,0,0.99997807
55000900200040,2020-10-13,1,0,0.99997306
55000900200040,2020-10-14,1,0,0.9999794
55000900200040,2020-10-15,1,0,0.99998176
55000900200040,2020-10-16,1,0,0.99997056
55000900200040,2020-10-17,1,0,0.9999827
55000900200040,2020-10-18,1,0,0.9999784
55000900200040,2020-10-19,1,0,0.99998057
55000900200040,2020-10-20,1,0,0.9999825
55000900200040,2020-10-21,1,0,0.9999832
55000900200040,2020-10-22,1,0,0.99998367
55000900200040,2020-10-23,1,0,0.999984
55000900200040,2020-10-24,1,0,0.99998236
55000900200040,2020-10-25,1,0,0.9999789
55000900200040,2020-10-26,1,0,0.9999833
55000900200040,2020-10-27,1,0,0.99998057
55000900200040,2020-10-28,1,0,0.9999808
55000900200040,2020-10-29,1,0,0.9999721
55000900200040,2020-10-30,1,0,0.999982
55000900200040,2020-10-31,1,0,0.99997556
55000900200040,2020-11-01,1,0,0.99998367
55000900200040,2020-11-02,1,0,0.9999845
55000900200040,2020-11-03,1,0,0.99998283
55000900200040,2020-11-04,1,0,0.99997175
55000900200040,2020-11-05,1,0,0.9999703
55000900200040,2020-11-06,1,0,0.9999813
55000900200040,2020-11-07,1,0,0.9999844
55000900200040,2020-11-08,1,0,0.9999819
55000900200040,2020-11-09,1,0,0.99998593
55000900200040,2020-11-10,1,0,0.99997973
55000900200040,2020-11-11,1,0,0.99998283
55000900200040,2020-11-12,1,0,0.9999819
55000900200040,2020-11-13,1,0,0.99996996
55000900200040,2020-11-14,1,0,0.99998224
55000900200040,2020-11-15,1,0,0.9999722
55000900200040,2020-11-16,1,0,0.99996674
55000900200040,2020-11-17,1,0,0.9999678
55000900200040,2020-11-18,1,0,0.9999807
55000900200040,2020-11-19,1,0,0.9999815
55000900200040,2020-11-20,1,0,0.9999778
55000900200040,2020-11-21,1,0,0.99997056
55000900200040,2020-11-22,1,0,0.99998116
55000900200040,2020-11-23,1,0,0.99998486
55000900200040,2020-11-24,1,0,0.99998415
55000900200040,2020-11-25,1,0,0.9999825
55000900200040,2020-11-26,1,0,0.9999857
55000900200040,2020-11-27,1,0,0.9999871
55000900200040,2020-11-28,1,0,0.99998057
55000900200040,2020-11-29,1,0,0.99998736
55000900200040,2020-11-30,1,0,0.9999869
55000900200040,2020-12-01,1,0,0.99998474
55000900200040,2020-12-02,1,0,0.9999883
55000900200040,2020-12-03,1,0,0.9999862
55000900200040,2020-12-04,1,0,0.9999881
55000900200040,2020-12-05,1,0,0.9999865
55000900200040,2020-12-06,1,0,0.99998724
55000900200040,2020-12-07,1,0,0.9999846
55000900200040,2020-12-08,1,0,0.99998474
55000900200040,2020-12-09,1,0,0.99998546
55000900200040,2020-12-10,1,0,0.9999856
55000900200040,2020-12-11,1,0,0.9999856
55000900200040,2020-12-12,1,0,0.9999844
55000900200040,2020-12-13,1,0,0.9999832
55000900200040,2020-12-14,1,0,0.99998415
55000900200040,2020-12-15,1,0,0.9999865
55000900200040,2020-12-16,1,0,0.9999819
55000900200040,2020-12-17,1,0,0.9999838
55000900200040,2020-12-18,1,0,0.9999752
55000900200040,2020-12-19,1,0,0.9999784
55000900200040,2020-12-20,1,0,0.99998116
55000900200040,2020-12-21,1,0,0.9999807
55000900200040,2020-12-22,1,0,0.9999702
55000900200040,2020-12-23,1,0,0.99997115
55000900200040,2020-12-24,1,0,0.99997866
55000900200040,2020-12-25,1,0,0.9999807
55000900200040,2020-12-26,1,0,0.9999826
55000900200040,2020-12-27,1,0,0.99998295
55000900200040,2020-12-28,1,0,0.99998057
55000900200040,2020-12-29,1,0,0.999985
55000900200040,2020-12-30,1,0,0.99998605
55000900200040,2020-12-31,1,0,0.99998534
55000900200040,2021-01-01,1,0,0.99998426
55000900200040,2021-01-02,1,0,0.9999777
55000900200040,2021-01-03,1,0,0.99998665
55000900200040,2021-01-04,1,0,0.9999789
55000900200040,2021-01-05,1,0,0.99998355
55000900200040,2021-01-06,1,0,0.9999802
55000900200040,2021-01-07,1,0,0.9999815
55000900200040,2021-01-08,1,0,0.999979
55000900200040,2021-01-09,1,0,0.99998164
55000900200040,2021-01-10,1,0,0.9999752
55000900200040,2021-01-11,1,0,0.99998045
55000900200040,2021-01-12,1,0,0.9999765
55000900200040,2021-01-13,1,0,0.99997985
55000900200040,2021-01-14,1,0,0.9999752
55000900200040,2021-01-15,1,0,0.99998057
55000900200040,2021-01-16,1,0,0.9999753
55000900200040,2021-01-17,1,0,0.9999814
55000900200040,2021-01-18,1,0,0.99997556
55000900200040,2021-01-19,1,0,0.99998176
55000900200040,2021-01-20,1,0,0.9999765
55000900200040,2021-01-21,1,0,0.9999819
55000900200040,2021-01-22,1,0,0.9999752
55000900200040,2021-01-23,1,0,0.9999815
55000900200040,2021-01-24,1,0,0.99997795
55000900200040,2021-01-25,1,0,0.99998415
55000900200040,2021-01-26,1,0,0.9999763
55000900200040,2021-01-27,1,0,0.99998236
55000900200040,2021-01-28,1,0,0.9999764
55000900200040,2021-01-29,1,0,0.9999801
55000900200040,2021-01-30,1,0,0.9999788
55000900200040,2021-01-31,1,0,0.99997616
55000900200040,2021-02-01,1,0,0.9999764
55000900200040,2021-02-02,1,0,0.9999764
55000900200040,2021-02-03,1,0,0.9999764
55000900200040,2021-02-04,1,0,0.9999764
55000900200040,2021-02-05,1,0,0.9999764
55000900200040,2021-02-06,1,0,0.9999764
55000900200040,2021-02-07,1,0,0.9999764
55000900200040,2021-02-08,1,0,0.9999764
55000900200040,2021-02-09,1,0,0.9999764
55000900200040,2021-02-10,1,0,0.9999764
55000900200040,2021-02-11,1,0,0.9999764
55000900200040,2021-02-12,1,0,0.9999764
55000900200040,2021-02-13,1,0,0.9999764
55000900200040,2021-02-14,1,0,0.9999764
55000900200040,2021-02-15,1,0,0.9999764
55000900200040,2021-02-16,1,0,0.9999764
55000900200040,2021-02-17,1,0,0.9999764
55000900200040,2021-02-18,1,0,0.9999764
55000900200040,2021-02-19,1,0,0.9999764
55000900200040,2021-02-20,1,0,0.9999764
55000900200040,2021-02-21,1,0,0.9999764
55000900200040,2021-02-22,1,0,0.9999764
55000900200040,2021-02-23,1,0,0.9999764
55000900200040,2021-02-24,1,0,0.9999764
55000900200040,2021-02-25,1,0,0.9999764
55000900200040,2021-02-26,1,0,0.9999764
55000900200040,2021-02-27,1,0,0.9999764
55000900200040,2021-02-28,1,0,0.9999764
55000900200040,2021-03-01,1,0,0.9999764
55000900200040,2021-03-02,1,0,0.9999764
55000900200040,2021-03-03,1,0,0.9999764
55000900200040,2021-03-04,1,0,0.9999764
55000900200040,2021-03-05,1,0,0.9999764
55000900200040,2021-03-06,1,0,0.9999764
55000900200040,2021-03-07,1,0,0.9999764
55000900200040,2021-03-08,1,0,0.9999764
55000900200040,2021-03-09,1,0,0.9999764
55000900200040,2021-03-10,1,0,0.9999764
55000900200040,2021-03-11,1,0,0.9999764
55000900200040,2021-03-12,1,0,0.9999764
55000900200040,2021-03-13,1,0,0.9999764
55000900200040,2021-03-15,1,0,0.9999764
55000900200040,2021-03-16,1,0,0.9999764
55000900200040,2021-03-17,1,0,0.9999764
55000900200040,2021-03-18,1,0,0.9999764
55000900200040,2021-03-19,1,0,0.9999764
55000900200040,2021-03-20,1,0,0.9999764
55000900200040,2021-03-21,1,0,0.9999764
55000900200040,2021-03-22,1,0,0.9999764
55000900200040,2021-03-23,1,0,0.9999764
55000900200040,2021-03-24,1,0,0.9999764
55000900200040,2021-03-25,1,0,0.9999764
55000900200040,2021-03-26,1,0,0.9999764
55000900200040,2021-03-27,1,0,0.9999764
55000900200040,2021-03-28,1,0,0.9999764
55000900200040,2021-03-29,1,0,0.9999764
55000900200040,2021-03-30,1,0,0.9999764
55000900200040,2021-03-31,1,0,0.9999764
55000900200040,2021-04-01,1,0,0.9999764
55000900200040,2021-04-02,1,0,0.9999764
55000900200040,2021-04-03,1,0,0.9999764
55000900200040,2021-04-04,1,0,0.9999764
55000900200040,2021-04-05,1,0,0.9999764
55000900200040,2021-04-06,1,0,0.9999764
55000900200040,2021-04-07,1,0,0.9999764
55000900200040,2021-04-08,1,0,0.9999764
55000900200040,2021-04-09,1,0,0.9999764
55000900200040,2021-04-10,1,0,0.9999764
55000900200040,2021-04-11,1,0,0.9999764
55000900200040,2021-04-12,1,0,0.9999764
55000900200040,2021-04-13,1,0,0.9999764
55000900200040,2021-04-14,1,0,0.9999764
55000900200040,2021-04-15,1,0,0.9999764
55000900200040,2021-04-16,1,0,0.9999764
55000900200040,2021-04-17,1,0,0.9999764
55000900200040,2021-04-18,1,0,0.9999764
55000900200040,2021-04-19,1,0,0.9999764
55000900200040,2021-04-20,1,0,0.9999764
55000900200040,2021-04-21,1,0,0.9999764
55000900200040,2021-04-22,1,0,0.9999764
55000900200040,2021-04-23,1,0,0.9999764
55000900200040,2021-04-24,1,0,0.9999764
55000900200040,2021-04-25,1,0,0.9999764
55000900200040,2021-04-26,1,0,0.9999764
55000900200040,2021-04-27,1,0,0.9999764
55000900200040,2021-04-28,1,0,0.9999764
55000900200040,2021-04-29,1,0,0.9999764
55000900200040,2021-04-30,1,0,0.9999764
55000900200040,2021-05-01,1,0,0.9999764
55000900200040,2021-05-02,1,0,0.9999764
55000900200040,2021-05-03,1,0,0.9999764
55000900200040,2021-05-04,1,0,0.9999764
55000900200040,2021-05-05,1,0,0.9999764
55000900200040,2021-05-06,1,0,0.9999764
55000900200040,2021-05-07,1,0,0.9999764
55000900200040,2021-05-08,1,0,0.9999764
55000900200040,2021-05-09,1,0,0.9999764
55000900200040,2021-05-10,1,0,0.9999764
55000900200040,2021-05-11,1,0,0.9999764
55000900200040,2021-05-12,1,0,0.9999764
55000900200040,2021-05-13,1,0,0.9999764
55000900200040,2021-05-14,1,0,0.9999764
55000900200040,2021-05-15,1,0,0.9999764
55000900200040,2021-05-16,1,0,0.9999764
55000900200040,2021-05-17,1,0,0.9999764
55000900200040,2021-05-18,1,0,0.9999764
55000900200040,2021-05-19,1,0,0.9999764
55000900200040,2021-05-20,1,0,0.9999764
55000900200040,2021-05-21,1,0,0.9999764
55000900200040,2021-05-22,1,0,0.9999764
55000900200040,2021-05-23,1,0,0.9999764
55000900200040,2021-05-24,1,0,0.9999764
55000900200040,2021-05-27,1,0,0.9999764
55000900200040,2021-05-28,1,0,0.9999764
55000900200040,2021-05-29,1,0,0.9999764
55000900200040,2021-05-30,1,0,0.9999764
55000900200040,2021-05-31,1,0,0.9999764
55000900200040,2021-06-01,1,0,0.9999764
55000900200040,2021-06-02,1,0,0.9999764
55000900200040,2021-06-03,1,0,0.9999764
55000900200040,2021-06-04,1,0,0.9999764
55000900200040,2021-06-05,1,0,0.9999764
55000900200040,2021-06-06,1,0,0.9999764
55000900200040,2021-06-07,1,0,0.9999764
55000900200040,2021-06-08,1,0,0.9999764
55000900200040,2021-06-09,1,0,0.9999764
55000900200040,2021-06-10,1,0,0.9999764
55000900200040,2021-06-11,1,0,0.9999764
55000900200040,2021-06-12,1,0,0.9999764
55000900200040,2021-06-13,1,0,0.9999764
55000900200040,2021-06-14,1,0,0.9999764
55000900200040,2021-06-15,1,0,0.9999764
55000900200040,2021-06-16,1,0,0.9999764
55000900200040,2021-06-17,1,0,0.9999764
55000900200040,2021-06-18,1,0,0.9999764
55000900200040,2021-06-19,1,0,0.9999764
55000900200040,2021-06-20,1,0,0.9999764
55000900200040,2021-06-21,1,0,0.9999764
55000900200040,2021-06-22,1,0,0.9999764
55000900200040,2021-06-23,1,0,0.9999764
55000900200040,2021-06-24,1,0,0.9999764
55000900200040,2021-06-25,1,0,0.9999764
55000900200040,2021-06-26,1,0,0.9999764
55000900200040,2021-06-27,1,0,0.9999764
55000900200040,2021-06-28,1,0,0.9999764
55000900200040,2021-06-29,1,0,0.9999764
55000900200040,2021-06-30,1,0,0.9999764
55000900200040,2021-07-01,1,0,0.9999764
55000900200040,2021-07-02,1,0,0.9999764
55000900200040,2021-07-03,1,0,0.9999764
55000900200040,2021-07-04,1,0,0.9999764
55000900200040,2021-07-05,1,0,0.9999764
55000900200040,2021-07-06,1,0,0.9999764
55000900200040,2021-07-07,1,0,0.9999764
55000900200040,2021-07-08,1,0,0.9999764
55000900200040,2021-07-09,1,0,0.9999764
55000900200040,2021-07-10,1,0,0.9999764
55000900200040,2021-07-11,1,0,0.9999764
55000900200040,2021-07-12,1,0,0.9999764
55000900200040,2021-07-13,1,0,0.9999764
55000900200040,2021-07-14,1,0,0.9999764
55000900200040,2021-07-15,1,0,0.9999764
55000900200040,2021-07-16,1,0,0.9999764
55000900200040,2021-07-17,1,0,0.9999764
55000900200040,2021-07-18,1,0,0.9999764
55000900200040,2021-07-19,1,0,0.9999764
55000900200040,2021-07-20,1,0,0.9999764
55000900200040,2021-07-21,1,0,0.9999764
55000900200040,2021-07-22,1,0,0.9999764
55000900200040,2021-07-23,1,0,0.9999764
55000900200040,2021-07-24,1,0,0.9999764
55000900200040,2021-07-25,1,0,0.9999764
55000900200040,2021-07-26,1,0,0.9999764
55000900200040,2021-07-27,1,0,0.9999764
55000900200040,2021-07-28,1,0,0.9999764
55000900200040,2021-07-29,1,0,0.9999764
55000900200040,2021-07-30,1,0,0.9999764
55000900200040,2021-07-31,1,0,0.9999764
55000900200040,2021-08-01,1,0,0.9999764
55000900200040,2021-08-02,1,0,0.9999764
55000900200040,2021-08-03,1,0,0.9999764
55000900200040,2021-08-04,1,0,0.9999764
55000900200040,2021-08-05,1,0,0.9999764
55000900200040,2021-08-06,1,0,0.9999764
55000900200040,2021-08-07,1,0,0.9999764
55000900200040,2021-08-08,1,0,0.9999764
55000900200040,2021-08-09,1,0,0.9999764
55000900200040,2021-08-10,1,0,0.9999764
55000900200040,2021-08-11,1,0,0.9999764
55000900200040,2021-08-12,1,0,0.9999764
55000900200040,2021-08-13,1,0,0.9999764
55000900200040,2021-08-14,1,0,0.9999764
55000900200040,2021-08-15,1,0,0.9999764
55000900200040,2021-08-16,1,0,0.9999764
55000900200040,2021-08-17,1,0,0.9999764
55000900200040,2021-08-18,1,0,0.9999764
55000900200040,2021-08-19,1,0,0.9999764
55000900200040,2021-08-20,1,0,0.9999764
55000900200040,2021-08-21,1,0,0.9999764
55000900200040,2021-08-22,1,0,0.9999764
55000900200040,2021-08-23,1,0,0.9999764
55000900200040,2021-08-24,1,0,0.9999764
55000900200040,2021-08-25,1,0,0.9999764
55000900200040,2021-08-26,1,0,0.9999764
55000900200040,2021-08-27,1,0,0.9999764
55000900200040,2021-08-28,1,0,0.9999764
55000900200040,2021-08-29,1,0,0.9999764
55000900200040,2021-08-30,1,0,0.9999764
55000900200040,2021-08-31,1,0,0.9999764
55000900200040,2021-09-01,1,0,0.9999764
55000900200040,2021-09-02,1,0,0.9999764
55000900200040,2021-09-03,1,0,0.9999764
55000900200040,2021-09-04,1,0,0.9999764
55000900200040,2021-09-05,1,0,0.9999764
55000900200040,2021-09-06,1,0,0.9999764
55000900200040,2021-09-07,1,0,0.9999764
55000900200040,2021-09-08,1,0,0.9999764
55000900200040,2021-09-09,1,0,0.9999764
55000900200040,2021-09-10,1,0,0.9999764
55000900200040,2021-09-11,1,0,0.9999764
55000900200040,2021-09-12,1,0,0.9999764
55000900200040,2021-09-13,1,0,0.9999764
55000900200040,2021-09-14,1,0,0.9999764
55000900200040,2021-09-15,1,0,0.9999764
55000900200040,2021-09-16,1,0,0.9999764
55000900200040,2021-09-17,1,0,0.9999764
55000900200040,2021-09-18,1,0,0.9999764
55000900200040,2021-09-19,1,0,0.9999764
55000900200040,2021-09-20,1,0,0.9999764
55000900200040,2021-09-21,1,0,0.9999764
55000900200040,2021-09-22,1,0,0.9999764
55000900200040,2021-09-23,1,0,0.9999764
55000900200040,2021-09-24,1,0,0.9999764
55000900200040,2021-09-25,1,0,0.9999764
55000900200040,2021-09-26,1,0,0.9999764
55000900200040,2021-09-27,1,0,0.9999764
55000900200040,2021-09-28,1,0,0.9999764
55000900200040,2021-09-29,1,0,0.9999764
55000900200040,2021-09-30,1,0,0.9999764
55000900200040,2021-10-01,1,0,0.9999764
55000900200040,2021-10-02,1,0,0.9999764
55000900200040,2021-10-03,1,0,0.9999764
55000900200040,2021-10-04,1,0,0.9999764
55000900200040,2021-10-05,1,0,0.9999764
55000900200040,2021-10-06,1,0,0.9999764
55000900200040,2021-10-07,1,0,0.9999764
55000900200040,2021-10-08,1,0,0.9999764
55000900200040,2021-10-09,1,0,0.9999764
55000900200040,2021-10-10,1,0,0.9999764
55000900200040,2021-10-11,1,0,0.9999764
55000900200040,2021-10-12,1,0,0.9999764
55000900200040,2021-10-13,1,0,0.9999764
55000900200040,2021-10-14,1,0,0.9999764
55000900200040,2021-10-15,1,0,0.9999764
55000900200040,2021-10-16,1,0,0.9999764
55000900200040,2021-10-17,1,0,0.9999764
55000900200040,2021-10-18,1,0,0.9999764
55000900200040,2021-10-19,1,0,0.9999764
55000900200040,2021-10-20,1,0,0.9999764
55000900200040,2021-10-21,1,0,0.9999764
55000900200040,2021-10-22,1,0,0.9999764
55000900200040,2021-10-23,1,0,0.9999764
55000900200040,2021-10-24,1,0,0.9999764
55000900200040,2021-10-25,1,0,0.9999764
55000900200040,2021-10-26,1,0,0.9999764
55000900200040,2021-10-27,1,0,0.9999764
55000900200040,2021-10-28,1,0,0.9999764
55000900200040,2021-10-29,1,0,0.9999764
55000900200040,2021-10-30,1,0,0.9999764
55000900200040,2021-10-31,1,0,0.9999764
55000900200040,2021-11-01,1,0,0.9999764
55000900200040,2021-11-02,1,0,0.9999764
55000900200040,2021-11-03,1,0,0.9999764
55000900200040,2021-11-04,1,0,0.9999764
55000900200040,2021-11-05,1,0,0.9999764
55000900200040,2021-11-06,1,0,0.9999764
55000900200040,2021-11-07,1,0,0.9999764
55000900200040,2021-11-08,1,0,0.9999764
55000900200040,2021-11-09,1,0,0.9999764
55000900200040,2021-11-10,1,0,0.9999764
55000900200040,2021-11-11,1,0,0.9999764
55000900200040,2021-11-12,1,0,0.9999764
55000900200040,2021-11-13,1,0,0.9999764
55000900200040,2021-11-14,1,0,0.9999764
55000900200040,2021-11-15,1,0,0.9999764
55000900200040,2021-11-16,1,0,0.9999764
55000900200040,2021-11-17,1,0,0.9999764
55000900200040,2021-11-18,1,0,0.9999764
55000900200040,2021-11-19,1,0,0.9999764
55000900200040,2021-11-20,1,0,0.9999764
55000900200040,2021-11-21,1,0,0.9999764
55000900200040,2021-11-22,1,0,0.9999764
55000900200040,2021-11-23,1,0,0.9999764
55000900200040,2021-11-24,1,0,0.9999764
55000900200040,2021-11-25,1,0,0.9999764
55000900200040,2021-11-26,1,0,0.9999764
55000900200040,2021-11-27,1,0,0.9999764
55000900200040,2021-11-28,1,0,0.9999764
55000900200040,2021-11-29,1,0,0.9999764
55000900200040,2021-11-30,1,0,0.9999764
55000900200040,2021-12-01,1,0,0.9999764
55000900200040,2021-12-02,1,0,0.9999764
55000900200040,2021-12-03,1,0,0.9999764
55000900200040,2021-12-04,1,0,0.9999764
55000900200040,2021-12-05,1,0,0.9999764
55000900200040,2021-12-06,1,0,0.9999764
55000900200040,2021-12-07,1,0,0.9999764
55000900200040,2021-12-08,1,0,0.9999764
55000900200040,2021-12-09,1,0,0.9999764
55000900200040,2021-12-10,1,0,0.9999764
55000900200040,2021-12-11,1,0,0.9999764
55000900200040,2021-12-12,1,0,0.9999764
55000900200040,2021-12-13,1,0,0.9999764
55000900200040,2021-12-14,1,0,0.9999764
55000900200040,2021-12-15,1,0,0.9999764
55000900200040,2021-12-16,1,0,0.9999764
55000900200040,2021-12-17,1,0,0.9999764
55000900200040,2021-12-18,1,0,0.9999764
55000900200040,2021-12-19,1,0,0.9999764
55000900200040,2021-12-20,1,0,0.9999764
55000900200040,2021-12-21,1,0,0.9999764
55000900200040,2021-12-22,1,0,0.9999764
55000900200040,2021-12-23,1,0,0.9999764
55000900200040,2021-12-24,1,0,0.9999764
55000900200040,2021-12-25,1,0,0.9999764
55000900200040,2021-12-26,1,0,0.9999764
55000900200040,2021-12-27,1,0,0.9999764
55000900200040,2021-12-28,1,0,0.9999764
55000900200040,2021-12-29,1,0,0.9999764
55000900200040,2021-12-30,1,0,0.9999764
55000900200040,2021-12-31,1,0,0.9999764
55000900200040,2022-01-01,1,0,0.9999764
55000900200040,2022-01-02,1,0,0.9999764
55000900200040,2022-01-03,1,0,0.9999764
55000900200040,2022-01-04,1,0,0.9999764
55000900200040,2022-01-05,1,0,0.9999764
55000900200040,2022-01-06,1,0,0.9999764
55000900200040,2022-01-07,1,0,0.9999764
55000900200040,2022-01-08,1,0,0.9999764
55000900200040,2022-01-09,1,0,0.9999764
55000900200040,2022-01-10,1,0,0.9999764
55000900200040,2022-01-11,1,0,0.9999764
55000900200040,2022-01-12,1,0,0.9999764
55000900200040,2022-01-13,1,0,0.9999764
55000900200040,2022-01-14,1,0,0.9999764
55000900200040,2022-01-15,1,0,0.9999764
55000900200040,2022-01-16,1,0,0.9999764
55000900200040,2022-01-17,1,0,0.9999764
55000900200040,2022-01-18,1,0,0.9999764
55000900200040,2022-01-19,1,0,0.9999764
55000900200040,2022-01-20,1,0,0.9999764
55000900200040,2022-01-21,1,0,0.9999764
55000900200040,2022-01-22,1,0,0.9999764
55000900200040,2022-01-23,1,0,0.9999764
55000900200040,2022-01-24,1,0,0.9999764
55000900200040,2022-01-25,1,0,0.9999764
55000900200040,2022-01-26,1,0,0.9999764
55000900200040,2022-01-27,1,0,0.9999764
55000900200040,2022-01-28,1,0,0.9999764
55000900200040,2022-01-29,1,0,0.9999764
55000900200040,2022-01-30,1,0,0.9999764
55000900200040,2022-01-31,1,0,0.9999764
55000900200040,2022-02-01,1,0,0.9999764
55000900200040,2022-02-02,1,0,0.9999764
55000900200040,2022-02-03,1,0,0.9999764
55000900200040,2022-02-04,1,0,0.9999764
55000900200040,2022-02-05,1,0,0.9999764
55000900200040,2022-02-06,1,0,0.9999764
55000900200040,2022-02-07,1,0,0.9999764
55000900200040,2022-02-08,1,0,0.9999764
55000900200040,2022-02-09,1,0,0.9999764
55000900200040,2022-02-10,1,0,0.9999764
55000900200040,2022-02-11,1,0,0.9999764
55000900200040,2022-02-12,1,0,0.9999764
55000900200040,2022-02-13,1,0,0.9999764
55000900200040,2022-02-14,1,0,0.9999764
55000900200040,2022-02-15,1,0,0.9999764
55000900200040,2022-02-16,1,0,0.9999764
55000900200040,2022-02-17,1,0,0.9999764
55000900200040,2022-02-18,1,0,0.9999764
55000900200040,2022-02-19,1,0,0.9999764
55000900200040,2022-02-20,1,0,0.9999764
55000900200040,2022-02-21,1,0,0.9999764
55000900200040,2022-02-22,1,0,0.9999764
55000900200040,2022-02-23,1,0,0.9999764
55000900200040,2022-02-24,1,0,0.9999764
55000900200040,2022-02-25,1,0,0.9999764
55000900200040,2022-02-26,1,0,0.9999764
55000900200040,2022-02-27,1,0,0.9999764
55000900200040,2022-02-28,1,0,0.9999764
55000900200040,2022-03-01,1,0,0.9999764
55000900200040,2022-03-02,1,0,0.9999764
55000900200040,2022-03-03,1,0,0.9999764
55000900200040,2022-03-04,1,0,0.9999764
55000900200040,2022-03-05,1,0,0.9999764
55000900200040,2022-03-06,1,0,0.9999764
55000900200040,2022-03-07,1,0,0.9999764
55000900200040,2022-03-08,1,0,0.9999764
55000900200040,2022-03-09,1,0,0.9999764
55000900200040,2022-03-10,1,0,0.9999764
55000900200040,2022-03-11,1,0,0.9999764
55000900200040,2022-03-12,1,0,0.9999764
55000900200040,2022-03-14,1,0,0.9999764
55000900200040,2022-03-15,1,0,0.9999764
55000900200040,2022-03-16,1,0,0.9999764
55000900200040,2022-03-17,1,0,0.9999764
55000900200040,2022-03-18,1,0,0.9999764
55000900200040,2022-03-19,1,0,0.9999764
55000900200040,2022-03-20,1,0,0.9999764
55000900200040,2022-03-21,1,0,0.9999764
55000900200040,2022-03-22,1,0,0.9999764
55000900200040,2022-03-23,1,0,0.9999764
55000900200040,2022-03-24,1,0,0.9999764
55000900200040,2022-03-25,1,0,0.9999764
55000900200040,2022-03-26,1,0,0.9999764
55000900200040,2022-03-27,1,0,0.9999764
55000900200040,2022-03-28,1,0,0.9999764
55000900200040,2022-03-29,1,0,0.9999764
55000900200040,2022-03-30,1,0,0.9999764
55000900200040,2022-03-31,1,0,0.9999764
55000900200040,2022-04-01,1,0,0.9999764
55000900200040,2022-04-02,1,0,0.9999764
55000900200040,2022-04-03,1,0,0.9999764
55000900200040,2022-04-04,1,0,0.9999764
55000900200040,2022-04-05,1,0,0.9999764
55000900200040,2022-04-06,1,0,0.9999764
55000900200040,2022-04-07,1,0,0.9999764
55000900200040,2022-04-08,1,0,0.9999764
55000900200040,2022-04-09,1,0,0.9999764
55000900200040,2022-04-10,1,0,0.9999764
55000900200040,2022-04-11,1,0,0.9999764
55000900200040,2022-04-12,1,0,0.9999764
55000900200040,2022-04-13,1,0,0.9999764
55000900200040,2022-04-14,1,0,0.9999764
55000900200040,2022-04-15,1,0,0.9999764
55000900200040,2022-04-16,1,0,0.9999764
55000900200040,2022-04-17,1,0,0.9999764
55000900200040,2022-04-18,1,0,0.9999764
55000900200040,2022-04-19,1,0,0.9999764
55000900200040,2022-04-20,1,0,0.9999764
55000900200040,2022-04-21,1,0,0.9999764
55000900200040,2022-04-22,1,0,0.9999764
55000900200040,2022-04-23,1,0,0.9999764
55000900200040,2022-04-24,1,0,0.9999764
55000900200040,2022-04-25,1,0,0.9999764
55000900200040,2022-04-26,1,0,0.9999764
55000900200040,2022-04-27,1,0,0.9999764
55000900200040,2022-04-28,1,0,0.9999764
55000900200040,2022-04-29,1,0,0.9999764
55000900200040,2022-04-30,1,0,0.9999764
55000900200040,2022-05-01,1,0,0.9999764
55000900200040,2022-05-02,1,0,0.9999764
55000900200040,2022-05-03,1,0,0.9999764
55000900200040,2022-05-04,1,0,0.9999764
55000900200040,2022-05-05,1,0,0.9999764
55000900200040,2022-05-06,1,0,0.9999764
55000900200040,2022-05-07,1,0,0.9999764
55000900200040,2022-05-08,1,0,0.9999764
55000900200040,2022-05-09,1,0,0.9999764
55000900200040,2022-05-10,1,0,0.9999764
55000900200040,2022-05-11,1,0,0.9999764
55000900200040,2022-05-12,1,0,0.9999764
55000900200040,2022-05-13,1,0,0.9999764
55000900200040,2022-05-14,1,0,0.9999764
55000900200040,2022-05-15,1,0,0.9999764
55000900200040,2022-05-16,1,0,0.9999764
55000900200040,2022-05-17,1,0,0.9999764
55000900200040,2022-05-18,1,0,0.9999764
55000900200040,2022-05-19,1,0,0.9999764
55000900200040,2022-05-20,1,0,0.9999764
55000900200040,2022-05-21,1,0,0.9999764
55000900200040,2022-05-22,1,0,0.9999764
55000900200040,2022-05-23,1,0,0.9999764
55000900200040,2022-05-24,1,0,0.9999764
55000900200040,2022-05-25,1,0,0.9999764
55000900200040,2022-05-26,1,0,0.9999764
55000900200040,2022-05-27,1,0,0.9999764
55000900200040,2022-05-28,1,0,0.9999764
55000900200040,2022-05-29,1,0,0.9999764
55000900200040,2022-05-30,1,0,0.9999764
55000900200040,2022-05-31,1,0,0.9999764
55000900200040,2022-06-01,1,0,0.9999764
55000900200040,2022-06-02,1,0,0.9999764
55000900200040,2022-06-03,1,0,0.9999764
55000900200040,2022-06-04,1,0,0.9999764
55000900200040,2022-06-05,1,0,0.9999764
55000900200040,2022-06-06,1,0,0.9999764
55000900200040,2022-06-07,1,0,0.9999764
55000900200040,2022-06-08,1,0,0.9999764
55000900200040,2022-06-09,1,0,0.9999764
55000900200040,2022-06-10,1,0,0.9999764
55000900200040,2022-06-11,1,0,0.9999764
55000900200040,2022-06-12,1,0,0.9999764
55000900200040,2022-06-13,1,0,0.9999764
55000900200040,2022-06-14,1,0,0.9999764
55000900200040,2022-06-15,1,0,0.9999764
55000900200040,2022-06-16,1,0,0.9999764
55000900200040,2022-06-17,1,0,0.9999764
55000900200040,2022-06-18,1,0,0.9999764
55000900200040,2022-06-19,1,0,0.9999764
55000900200040,2022-06-20,1,0,0.9999764
55000900200040,2022-06-21,1,0,0.9999764
55000900200040,2022-06-22,1,0,0.9999764
55000900200040,2022-06-23,1,0,0.9999764
55000900200040,2022-06-24,1,0,0.9999764
55000900200040,2022-06-25,1,0,0.9999764
55000900200040,2022-06-26,1,0,0.9999764
55000900200040,2022-06-27,1,0,0.9999764
55000900200040,2022-06-28,1,0,0.9999764
55000900200040,2022-06-29,1,0,0.9999764
55000900200040,2022-06-30,1,0,0.9999764
55000900200040,2022-07-01,1,0,0.9999764
55000900200040,2022-07-02,1,0,0.9999764
55000900200040,2022-07-03,1,0,0.9999764
55000900200040,2022-07-04,1,0,0.9999764
55000900200040,2022-07-05,1,0,0.9999764
55000900200040,2022-07-06,1,0,0.9999764
55000900200040,2022-07-07,1,0,0.9999764
55000900200040,2022-07-08,1,0,0.9999764
55000900200040,2022-07-09,1,0,0.9999764
55000900200040,2022-07-10,1,0,0.9999764
55000900200040,2022-07-11,1,0,0.9999764
55000900200040,2022-07-12,1,0,0.9999764
55000900200040,2022-07-13,1,0,0.9999764
55000900200040,2022-07-14,1,0,0.9999764
55000900200040,2022-07-15,1,0,0.9999764
55000900200040,2022-07-16,1,0,0.9999764
55000900200040,2022-07-17,1,0,0.9999764
55000900200040,2022-07-18,1,0,0.9999764
55000900200040,2022-07-19,1,0,0.9999764
55000900200040,2022-07-20,1,0,0.9999764
55000900200040,2022-07-21,1,0,0.9999764
55000900200040,2022-07-22,1,0,0.9999764
55000900200040,2022-07-23,1,0,0.9999764
55000900200040,2022-07-24,1,0,0.9999764
55000900200040,2022-07-25,1,0,0.9999764
55000900200040,2022-07-26,1,0,0.9999764
55000900200040,2022-07-27,1,0,0.9999764
55000900200040,2022-07-28,1,0,0.9999764
55000900200040,2022-07-29,1,0,0.9999764
55000900200040,2022-07-30,1,0,0.9999764
55000900200040,2022-07-31,1,0,0.9999764
55000900200040,2022-08-01,1,0,0.9999764
55000900200040,2022-08-02,1,0,0.9999764
55000900200040,2022-08-03,1,0,0.9999764
55000900200040,2022-08-04,1,0,0.9999764
55000900200040,2022-08-05,1,0,0.9999764
55000900200040,2022-08-06,1,0,0.9999764
55000900200040,2022-08-07,1,0,0.9999764
55000900200040,2022-08-08,1,0,0.9999764
55000900200040,2022-08-09,1,0,0.9999764
55000900200040,2022-08-10,1,0,0.9999764
55000900200040,2022-08-11,1,0,0.9999764
55000900200040,2022-08-12,1,0,0.9999764
55000900200040,2022-08-13,1,0,0.9999764
55000900200040,2022-08-14,1,0,0.9999764
55000900200040,2022-08-15,1,0,0.9999764
55000900200040,2022-08-16,1,0,0.9999764
55000900200040,2022-08-17,1,0,0.9999764
55000900200040,2022-08-18,1,0,0.9999764
55000900200040,2022-08-19,1,0,0.9999764
55000900200040,2022-08-20,1,0,0.9999764
55000900200040,2022-08-21,1,0,0.9999764
55000900200040,2022-08-22,1,0,0.9999764
55000900200040,2022-08-23,1,0,0.9999764
55000900200040,2022-08-24,1,0,0.9999764
55000900200040,2022-08-25,1,0,0.9999764
55000900200040,2022-08-26,1,0,0.9999764
55000900200040,2022-08-27,1,0,0.9999764
55000900200040,2022-08-28,1,0,0.9999764
55000900200040,2022-08-29,1,0,0.9999764
55000900200040,2022-08-30,1,0,0.9999764
55000900200040,2022-08-31,1,0,0.9999764
55000900200040,2022-09-01,1,0,0.9999764
55000900200040,2022-09-02,1,0,0.9999764
55000900200040,2022-09-03,1,0,0.9999764
55000900200040,2022-09-04,1,0,0.9999764
55000900200040,2022-09-05,1,0,0.9999764
55000900200040,2022-09-06,1,0,0.9999764
55000900200040,2022-09-07,1,0,0.9999764
55000900200040,2022-09-08,1,0,0.9999764
55000900200040,2022-09-09,1,0,0.9999764
55000900200040,2022-09-10,1,0,0.9999764
55000900200040,2022-09-11,1,0,0.9999764
55000900200040,2022-09-12,1,0,0.9999764
55000900200040,2022-09-13,1,0,0.9999764
55000900200040,2022-09-14,1,0,0.9999764
55000900200040,2022-09-15,1,0,0.9999764
55000900200040,2022-09-16,1,0,0.9999764
55000900200040,2022-09-17,1,0,0.9999764
55000900200040,2022-09-18,1,0,0.9999764
55000900200040,2022-09-19,1,0,0.9999764
55000900200040,2022-09-20,1,0,0.9999764
55000900200040,2022-09-21,1,0,0.9999764
55000900200040,2022-09-22,1,0,0.9999764
55000900200040,2022-09-23,1,0,0.9999764
55000900200040,2022-09-24,1,0,0.9999764
55000900200040,2022-09-25,1,0,0.9999764
55000900200040,2022-09-26,1,0,0.9999764
55000900200040,2022-09-27,1,0,0.9999764
55000900200040,2022-09-28,1,0,0.9999764
55000900200040,2022-09-29,1,0,0.9999764
55000900200040,2022-09-30,1,0,0.9999764
55000900200040,2022-10-01,1,0,0.9999764
55000900200040,2022-10-02,1,0,0.9999764
55000900200040,2022-10-03,1,0,0.9999764
55000900200040,2022-10-04,1,0,0.9999764
55000900200040,2022-10-05,1,0,0.9999764
55000900200040,2022-10-06,1,0,0.9999764
55000900200040,2022-10-07,1,0,0.9999764
55000900200040,2022-10-08,1,0,0.9999764
55000900200040,2022-10-09,1,0,0.9999764
55000900200040,2022-10-10,1,0,0.9999764
55000900200040,2022-10-11,1,0,0.9999764
55000900200040,2022-10-12,1,0,0.9999764
55000900200040,2022-10-13,1,0,0.9999764
55000900200040,2022-10-14,1,0,0.9999764
55000900200040,2022-10-15,1,0,0.9999764
55000900200040,2022-10-16,1,0,0.9999764
55000900200040,2022-10-17,1,0,0.9999764
55000900200040,2022-10-18,1,0,0.9999764
55000900200040,2022-10-19,1,0,0.9999764
55000900200040,2022-10-20,1,0,0.9999764
55000900200040,2022-10-21,1,0,0.9999764
55000900200040,2022-10-22,1,0,0.9999764
55000900200040,2022-10-23,1,0,0.9999764
55000900200040,2022-10-24,1,0,0.9999764
55000900200040,2022-10-25,1,0,0.9999764
55000900200040,2022-10-26,1,0,0.9999764
55000900200040,2022-10-27,1,0,0.9999764
55000900200040,2022-10-28,1,0,0.9999764
55000900200040,2022-10-29,1,0,0.9999764
55000900200040,2022-10-30,1,0,0.9999764
55000900200040,2022-10-31,1,0,0.9999764
55000900200040,2022-11-01,1,0,0.9999764
55000900200040,2022-11-02,1,0,0.9999764
55000900200040,2022-11-03,1,0,0.9999764
55000900200040,2022-11-04,1,0,0.9999764
55000900200040,2022-11-05,1,0,0.9999764
55000900200040,2022-11-06,1,0,0.9999764
55000900200040,2022-11-07,1,0,0.9999764
55000900200040,2022-11-08,1,0,0.9999764
55000900200040,2022-11-09,1,0,0.9999764
55000900200040,2022-11-10,1,0,0.9999764
55000900200040,2022-11-11,1,0,0.9999764
55000900200040,2022-11-12,1,0,0.9999764
55000900200040,2022-11-13,1,0,0.9999764
55000900200040,2022-11-14,1,0,0.9999764
55000900200040,2022-11-15,1,0,0.9999764
55000900200040,2022-11-16,1,0,0.9999764
55000900200040,2022-11-17,1,0,0.9999764
55000900200040,2022-11-18,1,0,0.9999764
55000900200040,2022-11-19,1,0,0.9999764
55000900200040,2022-11-20,1,0,0.9999764
55000900200040,2022-11-21,1,0,0.9999764
55000900200040,2022-11-22,1,0,0.9999764
55000900200040,2022-11-23,1,0,0.9999764
55000900200040,2022-11-24,1,0,0.9999764
55000900200040,2022-11-25,1,0,0.9999764
55000900200040,2022-11-26,1,0,0.9999764
55000900200040,2022-11-27,1,0,0.9999764
55000900200040,2022-11-28,1,0,0.9999764
55000900200040,2022-11-29,1,0,0.9999764
55000900200040,2022-11-30,1,0,0.9999764
55000900200040,2022-12-01,1,0,0.9999764
55000900200040,2022-12-02,1,0,0.9999764
55000900200040,2022-12-03,1,0,0.9999764
55000900200040,2022-12-04,1,0,0.9999764
55000900200040,2022-12-05,1,0,0.9999764
55000900200040,2022-12-06,1,0,0.9999764
55000900200040,2022-12-07,1,0,0.9999764
55000900200040,2022-12-08,1,0,0.9999764
55000900200040,2022-12-09,1,0,0.9999764
55000900200040,2022-12-10,1,0,0.9999764
55000900200040,2022-12-11,1,0,0.9999764
55000900200040,2022-12-12,1,0,0.9999764
55000900200040,2022-12-13,1,0,0.9999764
55000900200040,2022-12-14,1,0,0.9999764
55000900200040,2022-12-15,1,0,0.9999764
55000900200040,2022-12-16,1,0,0.9999764
55000900200040,2022-12-17,1,0,0.9999764
55000900200040,2022-12-18,1,0,0.9999764
55000900200040,2022-12-19,1,0,0.9999764
55000900200040,2022-12-20,1,0,0.9999764
55000900200040,2022-12-21,1,0,0.9999764
55000900200040,2022-12-22,1,0,0.9999764
55000900200040,2022-12-23,1,0,0.9999764
55000900200040,2022-12-24,1,0,0.9999764
55000900200040,2022-12-25,1,0,0.9999764
55000900200040,2022-12-26,1,0,0.9999764
55000900200040,2022-12-27,1,0,0.9999764
55000900200040,2022-12-28,1,0,0.9999764
55000900200040,2022-12-29,1,0,0.9999764
55000900200040,2022-12-30,1,0,0.9999764
55000900200040,2022-12-31,1,0,0.9999764
55000900200040,2023-01-01,1,0,0.9999764
55000900200040,2023-01-02,1,0,0.9999764
55000900200040,2023-01-03,1,0,0.9999764
55000900200040,2023-01-04,1,0,0.9999764
55000900200040,2023-01-05,1,0,0.9999764
55000900200040,2023-01-06,1,0,0.9999764
55000900200040,2023-01-07,1,0,0.9999764
55000900200040,2023-01-08,1,0,0.9999764
55000900200040,2023-01-09,1,0,0.9999764
55000900200040,2023-01-10,1,0,0.9999764
55000900200040,2023-01-11,1,0,0.9999764
55000900200040,2023-01-12,1,0,0.9999764
55000900200040,2023-01-13,1,0,0.9999764
55000900200040,2023-01-14,1,0,0.9999764
55000900200040,2023-01-15,1,0,0.9999764
55000900200040,2023-01-16,1,0,0.9999764
55000900200040,2023-01-17,1,0,0.9999764
55000900200040,2023-01-18,1,0,0.9999764
55000900200040,2023-01-19,1,0,0.9999764
55000900200040,2023-01-20,1,0,0.9999764
55000900200040,2023-01-21,1,0,0.9999764
55000900200040,2023-01-22,1,0,0.9999764
55000900200040,2023-01-23,1,0,0.9999764
55000900200040,2023-01-24,1,0,0.9999764
55000900200040,2023-01-25,1,0,0.9999764
55000900200040,2023-01-26,1,0,0.9999764
55000900200040,2023-01-27,1,0,0.9999764
55000900200040,2023-01-28,1,0,0.9999764
55000900200040,2023-01-29,1,0,0.9999764
55000900200040,2023-01-30,1,0,0.9999764
55000900200040,2023-01-31,1,0,0.9999764
55000900200040,2023-02-01,1,0,0.9999764
55000900200040,2023-02-02,1,0,0.9999764
55000900200040,2023-02-03,1,0,0.9999764
55000900200040,2023-02-04,1,0,0.9999764
55000900200040,2023-02-05,1,0,0.9999764
55000900200040,2023-02-06,1,0,0.9999764
55000900200040,2023-02-07,1,0,0.9999764
55000900200040,2023-02-08,1,0,0.9999764
55000900200040,2023-02-09,1,0,0.9999764
55000900200040,2023-02-10,1,0,0.9999764
55000900200040,2023-02-11,1,0,0.9999764
55000900200040,2023-02-12,1,0,0.9999764
55000900200040,2023-02-13,1,0,0.9999764
55000900200040,2023-02-14,1,0,0.9999764
55000900200040,2023-02-15,1,0,0.9999764
55000900200040,2023-02-16,1,0,0.9999764
55000900200040,2023-02-17,1,0,0.9999764
55000900200040,2023-02-18,1,0,0.9999764
55000900200040,2023-02-19,1,0,0.9999764
55000900200040,2023-02-20,1,0,0.9999764
55000900200040,2023-02-21,1,0,0.9999764
55000900200040,2023-02-22,1,0,0.9999764
55000900200040,2023-02-23,1,0,0.9999764
55000900200040,2023-02-24,1,0,0.9999764
55000900200040,2023-02-25,1,0,0.9999764
55000900200040,2023-02-26,1,0,0.9999764
55000900200040,2023-02-27,1,0,0.9999764
55000900200040,2023-02-28,1,0,0.9999764
55000900200040,2023-03-01,1,0,0.9999764
55000900200040,2023-03-02,1,0,0.9999764
55000900200040,2023-03-03,1,0,0.9999764
55000900200040,2023-03-04,1,0,0.9999764
55000900200040,2023-03-05,1,0,0.9999764
55000900200040,2023-03-06,1,0,0.9999764
55000900200040,2023-03-07,1,0,0.9999764
55000900200040,2023-03-08,1,0,0.9999764
55000900200040,2023-03-09,1,0,0.9999764
55000900200040,2023-03-10,1,0,0.9999764
55000900200040,2023-03-11,1,0,0.9999764
55000900200040,2023-03-13,1,0,0.9999764
55000900200040,2023-03-14,1,0,0.9999764
55000900200040,2023-03-15,1,0,0.9999764
55000900200040,2023-03-16,1,0,0.9999764
55000900200040,2023-03-17,1,0,0.9999764
55000900200040,2023-03-18,1,0,0.9999764
55000900200040,2023-03-19,1,0,0.9999764
55000900200040,2023-03-20,1,0,0.9999764
55000900200040,2023-03-21,1,0,0.9999764
55000900200040,2023-03-22,1,0,0.9999764
55000900200040,2023-03-23,1,0,0.9999764
55000900200040,2023-03-24,1,0,0.9999764
55000900200040,2023-03-25,1,0,0.9999764
55000900200040,2023-03-26,1,0,0.9999764
55000900200040,2023-03-27,1,0,0.9999764
55000900200040,2023-03-28,1,0,0.9999764
55000900200040,2023-03-29,1,0,0.9999764
55000900200040,2023-03-30,1,0,0.9999764
55000900200040,2023-03-31,1,0,0.9999764
55000900200040,2023-04-01,1,0,0.9999764
55000900200040,2023-04-02,1,0,0.9999764
55000900200040,2023-04-03,1,0,0.9999764
55000900200040,2023-04-04,1,0,0.9999764
55000900200040,2023-04-05,1,0,0.9999764
55000900200040,2023-04-06,1,0,0.9999764
55000900200040,2023-04-07,1,0,0.9999764
55000900200040,2023-04-08,1,0,0.9999764
55000900200040,2023-04-09,1,0,0.9999764
55000900200040,2023-04-10,1,0,0.9999764
55000900200040,2023-04-11,1,0,0.9999764
55000900200040,2023-04-12,1,0,0.9999764
55000900200040,2023-04-13,1,0,0.9999764
55000900200040,2023-04-14,1,0,0.9999764
55000900200040,2023-04-15,1,0,0.9999764
55000900200040,2023-04-16,1,0,0.9999764
55000900200040,2023-04-17,1,0,0.9999764
55000900200040,2023-04-18,1,0,0.9999764
55000900200040,2023-04-19,1,0,0.9999764
55000900200040,2023-04-20,1,0,0.9999764
55000900201800,2020-09-29,1,8,0.9951468
55000900201800,2020-09-30,1,8,0.99510384
55000900201800,2020-10-01,1,8,0.99270695
55000900201800,2020-10-02,1,8,0.98945904
55000900201800,2020-10-03,1,8,0.9882598
55000900201800,2020-10-04,1,8,0.9849208
55000900201800,2020-10-05,1,8,0.9691469
55000900201800,2020-10-06,1,8,0.9746798
55000900201800,2020-10-07,1,8,0.97765964
55000900201800,2020-10-08,1,8,0.9823539
55000900201800,2020-10-09,1,8,0.9650954
55000900201800,2020-10-11,1,8,0.98117185
55000900201800,2020-10-12,1,8,0.9786115
55000900201800,2020-10-13,1,8,0.98370355
55000900201800,2020-10-14,1,8,0.99354446
55000900201800,2020-10-15,1,8,0.99334866
55000900201800,2020-10-16,1,8,0.98911524
55000900201800,2020-10-17,1,8,0.99082863
55000900201800,2020-10-18,1,8,0.99184227
55000900201800,2020-10-19,1,8,0.9869468
55000900201800,2020-10-20,1,0,0.9862954
55000900201800,2020-10-21,1,0,0.98283273
55000900201811,2020-09-29,1,8,0.99844617
55000900201811,2020-09-30,1,8,0.99884546
55000900201811,2020-10-01,1,8,0.99911183
55000900201811,2020-10-02,1,8,0.9992455
55000900201811,2020-10-03,1,8,0.99927133
55000900201811,2020-10-04,1,8,0.99936694
55000900201811,2020-10-05,1,8,0.9994099
55000900201811,2020-10-06,1,8,0.9994282
55000900201811,2020-10-07,1,8,0.9994437
55000900201811,2020-10-08,1,8,0.99944514
55000900201811,2020-10-09,1,8,0.9993542
55000900201811,2020-10-10,1,8,0.9993839
55000900201811,2020-10-11,1,8,0.9994686
55000900201811,2020-10-12,1,8,0.99940526
55000900201811,2020-10-13,1,8,0.9993191
55000900201811,2020-10-14,1,8,0.99972767
55000900201811,2020-10-15,1,8,0.9997873
55000900201811,2020-10-16,1,8,0.9997832
55000900201811,2020-10-17,1,8,0.99982834
55000900201811,2020-10-18,1,8,0.9998067
55000900201811,2020-10-19,1,8,0.9998293
55000900201811,2020-10-20,1,8,0.99979943
55000900201811,2020-10-21,1,8,0.99982613
55000900201811,2020-10-22,1,0,0.99980825
55000900201811,2020-10-23,1,0,0.99975234
55000900202948,2020-09-29,1,8,0.99983907
55000900202948,2020-09-30,1,8,0.9998568
55000900202948,2020-10-01,1,8,0.9998418
55000900202948,2020-10-02,1,8,0.9998299
55000900202948,2020-10-03,1,8,0.99982774
55000900202948,2020-10-04,1,8,0.99983597
55000900202948,2020-10-05,1,8,0.9998342
55000900202948,2020-10-06,1,8,0.9998435
55000900202948,2020-10-07,1,8,0.99985695
55000900202948,2020-10-08,1,8,0.9998549
55000900202948,2020-10-09,1,8,0.999853
55000900202948,2020-10-10,1,8,0.99985635
55000900202948,2020-10-11,1,8,0.99985325
55000900202948,2020-10-12,1,8,0.9998505
55000900202948,2020-10-13,1,8,0.99984586
55000900202948,2020-10-14,1,8,0.9998623
55000900202948,2020-10-15,1,8,0.999853
55000900202948,2020-10-16,1,8,0.9998673
55000900202948,2020-10-17,1,8,0.99984443
55000900202948,2020-10-18,1,8,0.999858
55000900202948,2020-10-19,1,8,0.99987173
55000900202948,2020-10-20,1,8,0.99987257
55000900202948,2020-10-21,1,0,0.9998503
55000900202948,2020-10-22,1,0,0.9998716
55000900233930,2020-09-29,1,8,0.999972
55000900233930,2020-09-30,1,8,0.999972
55000900233930,2020-10-01,1,8,0.999972
55000900233930,2020-10-02,1,8,0.999972
55000900233930,2020-10-03,1,8,0.999972
55000900233930,2020-10-04,1,8,0.999972
55000900233930,2020-10-05,1,8,0.999972
55000900233930,2020-10-06,1,8,0.999972
55000900233930,2020-10-07,1,8,0.999972
55000900233930,2020-10-08,1,8,0.999972
55000900233930,2020-10-09,1,8,0.999972
55000900233930,2020-10-10,1,8,0.999972
55000900233930,2020-10-11,1,8,0.999972
55000900233930,2020-10-12,1,8,0.999972
55000900233930,2020-10-13,1,8,0.999972
55000900233930,2020-10-14,1,8,0.999972
55000900233930,2020-10-15,1,8,0.999972
55000900233930,2020-10-16,1,8,0.999972
55000900233930,2020-10-17,1,8,0.999972
55000900233930,2020-10-18,1,8,0.999972
55000900233930,2020-10-19,1,8,0.999972
55000900233930,2020-10-20,1,8,0.999972
55000900233930,2020-10-21,1,8,0.999972
55000900233930,2020-10-22,1,8,0.999972
55000900233930,2020-10-23,1,8,0.999972
55000900233930,2020-10-24,1,8,0.999972
55000900233930,2020-10-25,1,8,0.999972
55000900233930,2020-10-26,1,0,0.99997234
55000900233930,2020-10-27,1,0,0.9999708
55000900234607,2020-09-29,1,0,0.99996734
55000900234607,2020-09-30,1,0,0.9999386
55000900234607,2020-10-01,1,0,0.9999428
55000900234607,2020-10-02,1,0,0.9999372
55000900234607,2020-10-03,1,0,0.9999374
55000900234607,2020-10-04,1,0,0.99993837
55000900234607,2020-10-05,1,0,0.9999362
55000900234607,2020-10-06,1,0,0.99993443
55000900234607,2020-10-07,1,0,0.99993634
55000900234607,2020-10-08,1,0,0.9999411
55000900234607,2020-10-09,1,0,0.9999366
55000900234607,2020-10-10,1,0,0.99993944
55000900234607,2020-10-11,1,0,0.9999398
55000900234607,2020-10-12,1,0,0.999941
55000900234607,2020-10-13,1,0,0.9999577
55000900234607,2020-10-14,1,0,0.99996555
55000900234607,2020-10-15,1,0,0.9999751
55000900234607,2020-10-16,1,0,0.9999652
55000900234607,2020-10-17,1,0,0.99995375
55000900234607,2020-10-18,1,0,0.9999502
55000900234607,2020-10-19,1,0,0.9999492
55000900234607,2020-10-20,1,0,0.99994993
55000900234607,2020-10-21,1,0,0.99996436
55000900234607,2020-10-22,1,0,0.9999473
55000900234607,2020-10-23,1,0,0.99996173
55000900234607,2020-10-24,1,0,0.9999727
55000900234607,2020-10-25,1,0,0.9999633
55000900234607,2020-10-26,1,0,0.9999559
55000900234607,2020-10-27,1,0,0.99997115
55000900234607,2020-10-28,1,0,0.99997497
55000900234607,2020-10-29,1,0,0.999951
55000900234607,2020-10-30,1,0,0.9999536
55000900234607,2020-10-31,1,0,0.99995875
55000900234607,2020-11-01,1,0,0.9999529
55000900234607,2020-11-02,1,0,0.9999659
55000900234607,2020-11-03,1,0,0.9999454
55000900234607,2020-11-04,1,0,0.99994814
55000900234607,2020-11-05,1,0,0.99993825
55000900234607,2020-11-06,1,0,0.99995124
55000900234607,2020-11-07,1,0,0.99996006
55000900234607,2020-11-08,1,0,0.99996877
55000900234607,2020-11-09,1,0,0.999979
55000900234607,2020-11-10,1,0,0.99998
55000900234607,2020-11-11,1,0,0.999977
55000900234607,2020-11-12,1,0,0.999974
55000900234607,2020-11-13,1,0,0.9999745
55000900234607,2020-11-14,1,0,0.99997985
55000900234607,2020-11-15,1,0,0.99998176
55000900234607,2020-11-16,1,0,0.99996126
55000900234607,2020-11-17,1,0,0.9999627
55000900234607,2020-11-18,1,0,0.99997675
55000900234607,2020-11-19,1,0,0.99998343
55000900234607,2020-11-20,1,0,0.99997854
55000900234607,2020-11-21,1,0,0.9999777
55000900234607,2020-11-22,1,0,0.99998415
55000900234607,2020-11-23,1,0,0.99997914
55000900234607,2020-11-24,1,0,0.9999634
55000900234607,2020-11-25,1,0,0.9999701
55000900234607,2020-11-26,1,0,0.9999777
55000900234607,2020-11-27,1,0,0.9999827
55000900234607,2020-11-28,1,0,0.99998415
55000900234607,2020-11-29,1,0,0.9999821
55000900234607,2020-11-30,1,0,0.99996257
55000900234607,2020-12-01,1,0,0.9999664
55000900234607,2020-12-02,1,0,0.9999558
55000900234607,2020-12-03,1,0,0.99997735
55000900234607,2020-12-04,1,0,0.9999758
55000900234607,2020-12-05,1,0,0.9999424
55000900234607,2020-12-06,1,0,0.99994457
55000900234607,2020-12-07,1,0,0.99993074
55000900234607,2020-12-08,1,0,0.9999385
55000900234607,2020-12-09,1,0,0.9999659
55000900234607,2020-12-10,1,0,0.9999398
55000900234607,2020-12-11,1,0,0.9999393
55000900234607,2020-12-12,1,0,0.9999541
55000900234607,2020-12-13,1,0,0.99997354
55000900234607,2020-12-14,1,0,0.9999778
55000900234607,2020-12-15,1,0,0.9999758
55000900234607,2020-12-16,1,0,0.99997675
55000900234607,2020-12-17,1,0,0.9999757
55000900234607,2020-12-18,1,0,0.99998295
55000900234607,2020-12-19,1,0,0.99998057
55000900234607,2020-12-20,1,0,0.99997854
55000900234607,2020-12-21,1,0,0.9999796
55000900234607,2020-12-22,1,0,0.9999732
55000900234607,2020-12-23,1,0,0.9999652
55000900234607,2020-12-24,1,0,0.99997985
55000900234607,2020-12-25,1,0,0.9999825
55000900234607,2020-12-26,1,0,0.9999745
55000900234607,2020-12-27,1,0,0.99994767
55000900234607,2020-12-28,1,0,0.9999788
55000900234607,2020-12-29,1,0,0.9999833
55000900234607,2020-12-30,1,0,0.9999721
55000900234607,2020-12-31,1,0,0.99995303
55000900234607,2021-01-01,1,0,0.9999378
55000900234607,2021-01-02,1,0,0.99996614
55000900234607,2021-01-03,1,0,0.999979
55000900234607,2021-01-04,1,0,0.9999831
55000900234607,2021-01-05,1,0,0.99998426
55000900234607,2021-01-06,1,0,0.99998486
55000900234607,2021-01-07,1,0,0.9999833
55000900234607,2021-01-08,1,0,0.9999856
55000900234607,2021-01-09,1,0,0.9999858
55000900234607,2021-01-10,1,0,0.99998534
55000900234607,2021-01-11,1,0,0.99998415
55000900234607,2021-01-12,1,0,0.9999839
55000900234607,2021-01-13,1,0,0.99998534
55000900234607,2021-01-14,1,0,0.99998355
55000900234607,2021-01-15,1,0,0.9999839
55000900234607,2021-01-16,1,0,0.9999838
55000900234607,2021-01-17,1,0,0.99998236
55000900234607,2021-01-18,1,0,0.9999838
55000900234607,2021-01-19,1,0,0.99998415
55000900234607,2021-01-20,1,0,0.9999831
55000900234607,2021-01-21,1,0,0.99998355
55000900234607,2021-01-22,1,0,0.9999826
55000900234607,2021-01-23,1,0,0.99998367
55000900234607,2021-01-24,1,0,0.9999862
55000900234607,2021-01-25,1,0,0.9999862
55000900234607,2021-01-26,1,0,0.99998426
55000900234607,2021-01-27,1,0,0.99998367
55000900234607,2021-01-28,1,0,0.9999862
55000900234607,2021-01-29,1,0,0.9999862
55000900234607,2021-01-30,1,0,0.9999858
55000900234607,2021-01-31,1,0,0.9999826
55000900234607,2021-02-01,1,0,0.99998367
55000900234607,2021-02-02,1,0,0.99998367
55000900234607,2021-02-03,1,0,0.99998367
55000900234607,2021-02-04,1,0,0.99998367
55000900234607,2021-02-05,1,0,0.99998367
55000900234607,2021-02-06,1,0,0.99998367
55000900234607,2021-02-07,1,0,0.99998367
55000900234607,2021-02-08,1,0,0.99998367
55000900234607,2021-02-09,1,0,0.99998367
55000900234607,2021-02-10,1,0,0.99998367
55000900234607,2021-02-11,1,0,0.99998367
55000900234607,2021-02-12,1,0,0.99998367
55000900234607,2021-02-13,1,0,0.99998367
55000900234607,2021-02-14,1,0,0.99998367
55000900234607,2021-02-15,1,0,0.99998367
55000900234607,2021-02-16,1,0,0.99998367
55000900234607,2021-02-17,1,0,0.99998367
55000900234607,2021-02-18,1,0,0.99998367
55000900234607,2021-02-19,1,0,0.99998367
55000900234607,2021-02-20,1,0,0.99998367
55000900234607,2021-02-21,1,0,0.99998367
55000900234607,2021-02-22,1,0,0.99998367
55000900234607,2021-02-23,1,0,0.99998367
55000900234607,2021-02-24,1,0,0.99998367
55000900234607,2021-02-25,1,0,0.99998367
55000900234607,2021-02-26,1,0,0.99998367
55000900234607,2021-02-27,1,0,0.99998367
55000900234607,2021-02-28,1,0,0.99998367
55000900234607,2021-03-01,1,0,0.99998367
55000900234607,2021-03-02,1,0,0.99998367
55000900234607,2021-03-03,1,0,0.99998367
55000900234607,2021-03-04,1,0,0.99998367
55000900234607,2021-03-05,1,0,0.99998367
55000900234607,2021-03-06,1,0,0.99998367
55000900234607,2021-03-07,1,0,0.99998367
55000900234607,2021-03-08,1,0,0.99998367
55000900234607,2021-03-09,1,0,0.99998367
55000900234607,2021-03-10,1,0,0.99998367
55000900234607,2021-03-11,1,0,0.99998367
55000900234607,2021-03-12,1,0,0.99998367
55000900234607,2021-03-13,1,0,0.99998367
55000900234607,2021-03-15,1,0,0.99998367
55000900234607,2021-03-16,1,0,0.99998367
55000900234607,2021-03-17,1,0,0.99998367
55000900234607,2021-03-18,1,0,0.99998367
55000900234607,2021-03-19,1,0,0.99998367
55000900234607,2021-03-20,1,0,0.99998367
55000900234607,2021-03-21,1,0,0.99998367
55000900234607,2021-03-22,1,0,0.99998367
55000900234607,2021-03-23,1,0,0.99998367
55000900234607,2021-03-24,1,0,0.99998367
55000900234607,2021-03-25,1,0,0.99998367
55000900234607,2021-03-26,1,0,0.99998367
55000900234607,2021-03-27,1,0,0.99998367
55000900234607,2021-03-28,1,0,0.99998367
55000900234607,2021-03-29,1,0,0.99998367
55000900234607,2021-03-30,1,0,0.99998367
55000900234607,2021-03-31,1,0,0.99998367
55000900234607,2021-04-01,1,0,0.99998367
55000900234607,2021-04-02,1,0,0.99998367
55000900234607,2021-04-03,1,0,0.99998367
55000900234607,2021-04-04,1,0,0.99998367
55000900234607,2021-04-05,1,0,0.99998367
55000900234607,2021-04-06,1,0,0.99998367
55000900234607,2021-04-07,1,0,0.99998367
55000900234607,2021-04-08,1,0,0.99998367
55000900234607,2021-04-09,1,0,0.99998367
55000900234607,2021-04-10,1,0,0.99998367
55000900234607,2021-04-11,1,0,0.99998367
55000900234607,2021-04-12,1,0,0.99998367
55000900234607,2021-04-13,1,0,0.99998367
55000900234607,2021-04-14,1,0,0.99998367
55000900234607,2021-04-15,1,0,0.99998367
55000900234607,2021-04-16,1,0,0.99998367
55000900234607,2021-04-17,1,0,0.99998367
55000900234607,2021-04-18,1,0,0.99998367
55000900234607,2021-04-19,1,0,0.99998367
55000900234607,2021-04-20,1,0,0.99998367
55000900234607,2021-04-21,1,0,0.99998367
55000900234607,2021-04-22,1,0,0.99998367
55000900234607,2021-04-23,1,0,0.99998367
55000900234607,2021-04-24,1,0,0.99998367
55000900234607,2021-04-25,1,0,0.99998367
55000900234607,2021-04-26,1,0,0.99998367
55000900234607,2021-04-27,1,0,0.99998367
55000900234607,2021-04-28,1,0,0.99998367
55000900234607,2021-04-29,1,0,0.99998367
55000900234607,2021-04-30,1,0,0.99998367
55000900234607,2021-05-01,1,0,0.99998367
55000900234607,2021-05-02,1,0,0.99998367
55000900234607,2021-05-03,1,0,0.99998367
55000900234607,2021-05-04,1,0,0.99998367
55000900234607,2021-05-05,1,0,0.99998367
55000900234607,2021-05-06,1,0,0.99998367
55000900234607,2021-05-07,1,0,0.99998367
55000900234607,2021-05-08,1,0,0.99998367
55000900234607,2021-05-09,1,0,0.99998367
55000900234607,2021-05-10,1,0,0.99998367
55000900234607,2021-05-11,1,0,0.99998367
55000900234607,2021-05-12,1,0,0.99998367
55000900234607,2021-05-13,1,0,0.99998367
55000900234607,2021-05-14,1,0,0.99998367
55000900234607,2021-05-15,1,0,0.99998367
55000900234607,2021-05-16,1,0,0.99998367
55000900234607,2021-05-17,1,0,0.99998367
55000900234607,2021-05-18,1,0,0.99998367
55000900234607,2021-05-19,1,0,0.99998367
55000900234607,2021-05-20,1,0,0.99998367
55000900234607,2021-05-21,1,0,0.99998367
55000900234607,2021-05-22,1,0,0.99998367
55000900234607,2021-05-23,1,0,0.99998367
55000900234607,2021-05-24,1,0,0.99998367
55000900234607,2021-05-25,1,0,0.99998367
55000900234607,2021-05-26,1,0,0.99998367
55000900234607,2021-05-27,1,0,0.99998367
55000900234607,2021-05-28,1,0,0.99998367
55000900234607,2021-05-29,1,0,0.99998367
55000900234607,2021-05-30,1,0,0.99998367
55000900234607,2021-05-31,1,0,0.99998367
55000900234607,2021-06-01,1,0,0.99998367
55000900234607,2021-06-02,1,0,0.99998367
55000900234607,2021-06-03,1,0,0.99998367
55000900234607,2021-06-04,1,0,0.99998367
55000900234607,2021-06-05,1,0,0.99998367
55000900234607,2021-06-06,1,0,0.99998367
55000900234607,2021-06-07,1,0,0.99998367
55000900234607,2021-06-08,1,0,0.99998367
55000900234607,2021-06-09,1,0,0.99998367
55000900234607,2021-06-10,1,0,0.99998367
55000900234607,2021-06-11,1,0,0.99998367
55000900234607,2021-06-12,1,0,0.99998367
55000900234607,2021-06-13,1,0,0.99998367
55000900234607,2021-06-14,1,0,0.99998367
55000900234607,2021-06-15,1,0,0.99998367
55000900234607,2021-06-16,1,0,0.99998367
55000900234607,2021-06-17,1,0,0.99998367
55000900234607,2021-06-18,1,0,0.99998367
55000900234607,2021-06-19,1,0,0.99998367
55000900234607,2021-06-20,1,0,0.99998367
55000900234607,2021-06-22,1,0,0.99998367
55000900234607,2021-06-23,1,0,0.99998367
55000900234607,2021-06-24,1,0,0.99998367
55000900234607,2021-06-25,1,0,0.99998367
55000900234607,2021-06-26,1,0,0.99998367
55000900234607,2021-06-27,1,0,0.99998367
55000900234607,2021-06-28,1,0,0.99998367
55000900234607,2021-06-29,1,0,0.99998367
55000900234607,2021-06-30,1,0,0.99998367
55000900234607,2021-07-01,1,0,0.99998367
55000900234607,2021-07-02,1,0,0.99998367
55000900234607,2021-07-03,1,0,0.99998367
55000900234607,2021-07-04,1,0,0.99998367
55000900234607,2021-07-05,1,0,0.99998367
55000900234607,2021-07-06,1,0,0.99998367
55000900234607,2021-07-07,1,0,0.99998367
55000900234607,2021-07-08,1,0,0.99998367
55000900234607,2021-07-09,1,0,0.99998367
55000900234607,2021-07-10,1,0,0.99998367
55000900234607,2021-07-11,1,0,0.99998367
55000900234607,2021-07-12,1,0,0.99998367
55000900234607,2021-07-13,1,0,0.99998367
55000900234607,2021-07-14,1,0,0.99998367
55000900234607,2021-07-15,1,0,0.99998367
55000900234607,2021-07-16,1,0,0.99998367
55000900234607,2021-07-17,1,0,0.99998367
55000900234607,2021-07-18,1,0,0.99998367
55000900234607,2021-07-19,1,0,0.99998367
55000900234607,2021-07-27,1,0,0.99998367
55000900234607,2021-07-28,1,0,0.99998367
55000900234607,2021-07-29,1,0,0.99998367
55000900234607,2021-07-30,1,0,0.99998367
55000900234607,2021-07-31,1,0,0.99998367
55000900234607,2021-08-01,1,0,0.99998367
55000900234607,2021-08-02,1,0,0.99998367
55000900234607,2021-08-03,1,0,0.99998367
55000900234607,2021-08-04,1,0,0.99998367
55000900234607,2021-08-05,1,0,0.99998367
55000900234607,2021-08-06,1,0,0.99998367
55000900234607,2021-08-07,1,0,0.99998367
55000900234607,2021-08-08,1,0,0.99998367
55000900234607,2021-08-09,1,0,0.99998367
55000900234607,2021-08-10,1,0,0.99998367
55000900234607,2021-08-11,1,0,0.99998367
55000900234607,2021-08-12,1,0,0.99998367
55000900234607,2021-08-13,1,0,0.99998367
55000900234607,2021-08-14,1,0,0.99998367
55000900234607,2021-08-15,1,0,0.99998367
55000900234607,2021-08-16,1,0,0.99998367
55000900234607,2021-08-17,1,0,0.99998367
55000900234607,2021-08-18,1,0,0.99998367
55000900234607,2021-08-19,1,0,0.99998367
55000900234607,2021-08-20,1,0,0.99998367
55000900234607,2021-08-21,1,0,0.99998367
55000900234607,2021-08-22,1,0,0.99998367
55000900234607,2021-08-23,1,0,0.99998367
55000900234607,2021-08-24,1,0,0.99998367
55000900234607,2021-08-25,1,0,0.99998367
55000900234607,2021-08-26,1,0,0.99998367
55000900234607,2021-08-27,1,0,0.99998367
55000900234607,2021-08-28,1,0,0.99998367
55000900234607,2021-08-29,1,0,0.99998367
55000900234607,2021-08-30,1,0,0.99998367
55000900234607,2021-08-31,1,0,0.99998367
55000900234607,2021-09-01,1,0,0.99998367
55000900234607,2021-09-02,1,0,0.99998367
55000900234607,2021-09-03,1,0,0.99998367
55000900234607,2021-09-04,1,0,0.99998367
55000900234607,2021-09-05,1,0,0.99998367
55000900234607,2021-09-06,1,0,0.99998367
55000900234607,2021-09-07,1,0,0.99998367
55000900234607,2021-09-08,1,0,0.99998367
55000900234607,2021-09-09,1,0,0.99998367
55000900234607,2021-09-10,1,0,0.99998367
55000900234607,2021-09-11,1,0,0.99998367
55000900234607,2021-09-12,1,0,0.99998367
55000900234607,2021-09-13,1,0,0.99998367
55000900234607,2021-09-14,1,0,0.99998367
55000900234607,2021-09-15,1,0,0.99998367
55000900234607,2021-09-16,1,0,0.99998367
55000900234607,2021-09-17,1,0,0.99998367
55000900234607,2021-09-18,1,0,0.99998367
55000900234607,2021-09-19,1,0,0.99998367
55000900234607,2021-09-20,1,0,0.99998367
55000900234607,2021-09-21,1,0,0.99998367
55000900234607,2021-09-22,1,0,0.99998367
55000900234607,2021-09-23,1,0,0.99998367
55000900234607,2021-09-24,1,0,0.99998367
55000900234607,2021-09-25,1,0,0.99998367
55000900234607,2021-09-26,1,0,0.99998367
55000900234607,2021-09-27,1,0,0.99998367
55000900234607,2021-09-28,1,0,0.99998367
55000900234607,2021-09-29,1,0,0.99998367
55000900234607,2021-09-30,1,0,0.99998367
55000900234607,2021-10-01,1,0,0.99998367
55000900234607,2021-10-02,1,0,0.99998367
55000900234607,2021-10-03,1,0,0.99998367
55000900234607,2021-10-04,1,0,0.99998367
55000900234607,2021-10-05,1,0,0.99998367
55000900234607,2021-10-06,1,0,0.99998367
55000900234607,2021-10-07,1,0,0.99998367
55000900234607,2021-10-08,1,0,0.99998367
55000900234607,2021-10-09,1,0,0.99998367
55000900234607,2021-10-10,1,0,0.99998367
55000900234607,2021-10-11,1,0,0.99998367
55000900234607,2021-10-12,1,0,0.99998367
55000900234607,2021-10-13,1,0,0.99998367
55000900234607,2021-10-14,1,0,0.99998367
55000900234607,2021-10-15,1,0,0.99998367
55000900234607,2021-10-16,1,0,0.99998367
55000900234607,2021-10-17,1,0,0.99998367
55000900234607,2021-10-18,1,0,0.99998367
55000900234607,2021-10-19,1,0,0.99998367
55000900234607,2021-10-20,1,0,0.99998367
55000900234607,2021-10-21,1,0,0.99998367
55000900234607,2021-10-22,1,0,0.99998367
55000900234607,2021-10-23,1,0,0.99998367
55000900234607,2021-10-24,1,0,0.99998367
55000900234607,2021-10-25,1,0,0.99998367
55000900234607,2021-10-26,1,0,0.99998367
55000900234607,2021-10-27,1,0,0.99998367
55000900234607,2021-10-28,1,0,0.99998367
55000900234607,2021-10-29,1,0,0.99998367
55000900234607,2021-10-30,1,0,0.99998367
55000900234607,2021-10-31,1,0,0.99998367
55000900234607,2021-11-01,1,0,0.99998367
55000900234607,2021-11-02,1,0,0.99998367
55000900234607,2021-11-03,1,0,0.99998367
55000900234607,2021-11-04,1,0,0.99998367
55000900234607,2021-11-05,1,0,0.99998367
55000900234607,2021-11-06,1,0,0.99998367
55000900234607,2021-11-07,1,0,0.99998367
55000900234607,2021-11-08,1,0,0.99998367
55000900234607,2021-11-09,1,0,0.99998367
55000900234607,2021-11-10,1,0,0.99998367
55000900234607,2021-11-11,1,0,0.99998367
55000900234607,2021-11-12,1,0,0.99998367
55000900234607,2021-11-13,1,0,0.99998367
55000900234607,2021-11-14,1,0,0.99998367
55000900234607,2021-11-15,1,0,0.99998367
55000900234607,2021-11-16,1,0,0.99998367
55000900234607,2021-11-17,1,0,0.99998367
55000900234607,2021-11-18,1,0,0.99998367
55000900234607,2021-11-19,1,0,0.99998367
55000900234607,2021-11-20,1,0,0.99998367
55000900234607,2021-11-21,1,0,0.99998367
55000900234607,2021-11-22,1,0,0.99998367
55000900234607,2021-11-23,1,0,0.99998367
55000900234607,2021-11-24,1,0,0.99998367
55000900234607,2021-11-25,1,0,0.99998367
55000900234607,2021-11-26,1,0,0.99998367
55000900234607,2021-11-27,1,0,0.99998367
55000900234607,2021-11-28,1,0,0.99998367
55000900234607,2021-11-29,1,0,0.99998367
55000900234607,2021-11-30,1,0,0.99998367
55000900234607,2021-12-01,1,0,0.99998367
55000900234607,2021-12-02,1,0,0.99998367
55000900234607,2021-12-03,1,0,0.99998367
55000900234607,2021-12-04,1,0,0.99998367
55000900234607,2021-12-05,1,0,0.99998367
55000900234607,2021-12-06,1,0,0.99998367
55000900234607,2021-12-07,1,0,0.99998367
55000900234607,2021-12-08,1,0,0.99998367
55000900234607,2021-12-09,1,0,0.99998367
55000900234607,2021-12-10,1,0,0.99998367
55000900234607,2021-12-11,1,0,0.99998367
55000900234607,2021-12-12,1,0,0.99998367
55000900234607,2021-12-13,1,0,0.99998367
55000900234607,2021-12-14,1,0,0.99998367
55000900234607,2021-12-15,1,0,0.99998367
55000900234607,2021-12-16,1,0,0.99998367
55000900234607,2021-12-17,1,0,0.99998367
55000900234607,2021-12-18,1,0,0.99998367
55000900234607,2021-12-19,1,0,0.99998367
55000900234607,2021-12-20,1,0,0.99998367
55000900234607,2021-12-21,1,0,0.99998367
55000900234607,2021-12-22,1,0,0.99998367
55000900234607,2021-12-23,1,0,0.99998367
55000900234607,2021-12-24,1,0,0.99998367
55000900234607,2021-12-25,1,0,0.99998367
55000900234607,2021-12-26,1,0,0.99998367
55000900234607,2021-12-27,1,0,0.99998367
55000900234607,2021-12-28,1,0,0.99998367
55000900234607,2021-12-29,1,0,0.99998367
55000900234607,2021-12-30,1,0,0.99998367
55000900234607,2021-12-31,1,0,0.99998367
55000900234607,2022-01-01,1,0,0.99998367
55000900234607,2022-01-02,1,0,0.99998367
55000900234607,2022-01-03,1,0,0.99998367
55000900234607,2022-01-04,1,0,0.99998367
55000900234607,2022-01-05,1,0,0.99998367
55000900234607,2022-01-06,1,0,0.99998367
55000900234607,2022-01-07,1,0,0.99998367
55000900234607,2022-01-08,1,0,0.99998367
55000900234607,2022-01-09,1,0,0.99998367
55000900234607,2022-01-10,1,0,0.99998367
55000900234607,2022-01-11,1,0,0.99998367
55000900234607,2022-01-12,1,0,0.99998367
55000900234607,2022-01-13,1,0,0.99998367
55000900234607,2022-01-14,1,0,0.99998367
55000900234607,2022-01-15,1,0,0.99998367
55000900234607,2022-01-16,1,0,0.99998367
55000900234607,2022-01-17,1,0,0.99998367
55000900234607,2022-01-18,1,0,0.99998367
55000900234607,2022-01-19,1,0,0.99998367
55000900234607,2022-01-20,1,0,0.99998367
55000900234607,2022-01-21,1,0,0.99998367
55000900234607,2022-01-22,1,0,0.99998367
55000900234607,2022-01-23,1,0,0.99998367
55000900234607,2022-01-24,1,0,0.99998367
55000900234607,2022-01-25,1,0,0.99998367
55000900234607,2022-01-26,1,0,0.99998367
55000900234607,2022-01-27,1,0,0.99998367
55000900234607,2022-01-28,1,0,0.99998367
55000900234607,2022-01-29,1,0,0.99998367
55000900234607,2022-01-30,1,0,0.99998367
55000900234607,2022-01-31,1,0,0.99998367
55000900234607,2022-02-01,1,0,0.99998367
55000900234607,2022-02-02,1,0,0.99998367
55000900234607,2022-02-03,1,0,0.99998367
55000900234607,2022-02-04,1,0,0.99998367
55000900234607,2022-02-05,1,0,0.99998367
55000900234607,2022-02-06,1,0,0.99998367
55000900234607,2022-02-07,1,0,0.99998367
55000900234607,2022-02-08,1,0,0.99998367
55000900234607,2022-02-09,1,0,0.99998367
55000900234607,2022-02-10,1,0,0.99998367
55000900234607,2022-02-11,1,0,0.99998367
55000900234607,2022-02-12,1,0,0.99998367
55000900234607,2022-02-13,1,0,0.99998367
55000900234607,2022-02-14,1,0,0.99998367
55000900234607,2022-02-15,1,0,0.99998367
55000900234607,2022-02-16,1,0,0.99998367
55000900234607,2022-02-17,1,0,0.99998367
55000900234607,2022-02-18,1,0,0.99998367
55000900234607,2022-02-19,1,0,0.99998367
55000900234607,2022-02-20,1,0,0.99998367
55000900234607,2022-02-21,1,0,0.99998367
55000900234607,2022-02-22,1,0,0.99998367
55000900234607,2022-02-23,1,0,0.99998367
55000900234607,2022-02-24,1,0,0.99998367
55000900234607,2022-02-25,1,0,0.99998367
55000900234607,2022-02-26,1,0,0.99998367
55000900234607,2022-02-27,1,0,0.99998367
55000900234607,2022-02-28,1,0,0.99998367
55000900234607,2022-03-01,1,0,0.99998367
55000900234607,2022-03-02,1,0,0.99998367
55000900234607,2022-03-03,1,0,0.99998367
55000900234607,2022-03-04,1,0,0.99998367
55000900234607,2022-03-05,1,0,0.99998367
55000900234607,2022-03-06,1,0,0.99998367
55000900234607,2022-03-07,1,0,0.99998367
55000900234607,2022-03-08,1,0,0.99998367
55000900234607,2022-03-09,1,0,0.99998367
55000900234607,2022-03-10,1,0,0.99998367
55000900234607,2022-03-11,1,0,0.99998367
55000900234607,2022-03-12,1,0,0.99998367
55000900234607,2022-03-14,1,0,0.99998367
55000900234607,2022-03-15,1,0,0.99998367
55000900234607,2022-03-16,1,0,0.99998367
55000900234607,2022-03-17,1,0,0.99998367
55000900234607,2022-03-18,1,0,0.99998367
55000900234607,2022-03-19,1,0,0.99998367
55000900234607,2022-03-20,1,0,0.99998367
55000900234607,2022-03-21,1,0,0.99998367
55000900234607,2022-03-22,1,0,0.99998367
55000900234607,2022-03-23,1,0,0.99998367
55000900234607,2022-03-24,1,0,0.99998367
55000900234607,2022-03-25,1,0,0.99998367
55000900234607,2022-03-26,1,0,0.99998367
55000900234607,2022-03-27,1,0,0.99998367
55000900234607,2022-03-28,1,0,0.99998367
55000900234607,2022-03-29,1,0,0.99998367
55000900234607,2022-03-30,1,0,0.99998367
55000900234607,2022-03-31,1,0,0.99998367
55000900234607,2022-04-01,1,0,0.99998367
55000900234607,2022-04-02,1,0,0.99998367
55000900234607,2022-04-03,1,0,0.99998367
55000900234607,2022-04-04,1,0,0.99998367
55000900234607,2022-04-05,1,0,0.99998367
55000900234607,2022-04-06,1,0,0.99998367
55000900234607,2022-04-07,1,0,0.99998367
55000900234607,2022-04-08,1,0,0.99998367
55000900234607,2022-04-09,1,0,0.99998367
55000900234607,2022-04-10,1,0,0.99998367
55000900234607,2022-04-11,1,0,0.99998367
55000900234607,2022-04-12,1,0,0.99998367
55000900234607,2022-04-13,1,0,0.99998367
55000900234607,2022-04-14,1,0,0.99998367
55000900234607,2022-04-15,1,0,0.99998367
55000900234607,2022-04-16,1,0,0.99998367
55000900234607,2022-04-17,1,0,0.99998367
55000900234607,2022-04-18,1,0,0.99998367
55000900234607,2022-04-19,1,0,0.99998367
55000900234607,2022-04-20,1,0,0.99998367
55000900234607,2022-04-21,1,0,0.99998367
55000900234607,2022-04-22,1,0,0.99998367
55000900234607,2022-04-23,1,0,0.99998367
55000900234607,2022-04-24,1,0,0.99998367
55000900234607,2022-04-25,1,0,0.99998367
55000900234607,2022-04-26,1,0,0.99998367
55000900234607,2022-04-27,1,0,0.99998367
55000900234607,2022-04-28,1,0,0.99998367
55000900234607,2022-04-29,1,0,0.99998367
55000900234607,2022-04-30,1,0,0.99998367
55000900234607,2022-05-01,1,0,0.99998367
55000900234607,2022-05-02,1,0,0.99998367
55000900234607,2022-05-03,1,0,0.99998367
55000900234607,2022-05-04,1,0,0.99998367
55000900234607,2022-05-05,1,0,0.99998367
55000900234607,2022-05-06,1,0,0.99998367
55000900234607,2022-05-07,1,0,0.99998367
55000900234607,2022-05-08,1,0,0.99998367
55000900234607,2022-05-09,1,0,0.99998367
55000900234607,2022-05-10,1,0,0.99998367
55000900234607,2022-05-11,1,0,0.99998367
55000900234607,2022-05-12,1,0,0.99998367
55000900234607,2022-05-13,1,0,0.99998367
55000900234607,2022-05-14,1,0,0.99998367
55000900234607,2022-05-15,1,0,0.99998367
55000900234607,2022-05-16,1,0,0.99998367
55000900234607,2022-05-17,1,0,0.99998367
55000900234607,2022-05-18,1,0,0.99998367
55000900234607,2022-05-19,1,0,0.99998367
55000900234607,2022-05-20,1,0,0.99998367
55000900234607,2022-05-21,1,0,0.99998367
55000900234607,2022-05-22,1,0,0.99998367
55000900234607,2022-05-23,1,0,0.99998367
55000900234607,2022-05-24,1,0,0.99998367
55000900234607,2022-05-25,1,0,0.99998367
55000900234607,2022-05-26,1,0,0.99998367
55000900234607,2022-05-27,1,0,0.99998367
55000900234607,2022-05-28,1,0,0.99998367
55000900234607,2022-05-29,1,0,0.99998367
55000900234607,2022-05-30,1,0,0.99998367
55000900234607,2022-05-31,1,0,0.99998367
55000900234607,2022-06-01,1,0,0.99998367
55000900234607,2022-06-02,1,0,0.99998367
55000900234607,2022-06-03,1,0,0.99998367
55000900234607,2022-06-04,1,0,0.99998367
55000900234607,2022-06-05,1,0,0.99998367
55000900234607,2022-06-06,1,0,0.99998367
55000900234607,2022-06-07,1,0,0.99998367
55000900234607,2022-06-08,1,0,0.99998367
55000900234607,2022-06-09,1,0,0.99998367
55000900234607,2022-06-10,1,0,0.99998367
55000900234607,2022-06-11,1,0,0.99998367
55000900234607,2022-06-12,1,0,0.99998367
55000900234607,2022-06-13,1,0,0.99998367
55000900234607,2022-06-14,1,0,0.99998367
55000900234607,2022-06-15,1,0,0.99998367
55000900234607,2022-06-16,1,0,0.99998367
55000900234607,2022-06-17,1,0,0.99998367
55000900234607,2022-06-18,1,0,0.99998367
55000900234607,2022-06-19,1,0,0.99998367
55000900234607,2022-06-20,1,0,0.99998367
55000900234607,2022-06-21,1,0,0.99998367
55000900234607,2022-06-22,1,0,0.99998367
55000900234607,2022-06-23,1,0,0.99998367
55000900234607,2022-06-24,1,0,0.99998367
55000900234607,2022-06-25,1,0,0.99998367
55000900234607,2022-06-26,1,0,0.99998367
55000900234607,2022-06-27,1,0,0.99998367
55000900234607,2022-06-28,1,0,0.99998367
55000900234607,2022-06-29,1,0,0.99998367
55000900234607,2022-06-30,1,0,0.99998367
55000900234607,2022-07-01,1,0,0.99998367
55000900234607,2022-07-02,1,0,0.99998367
55000900234607,2022-07-03,1,0,0.99998367
55000900234607,2022-07-04,1,0,0.99998367
55000900234607,2022-07-05,1,0,0.99998367
55000900234607,2022-07-06,1,0,0.99998367
55000900234607,2022-07-07,1,0,0.99998367
55000900234607,2022-07-08,1,0,0.99998367
55000900234607,2022-07-09,1,0,0.99998367
55000900234607,2022-07-10,1,0,0.99998367
55000900234607,2022-07-11,1,0,0.99998367
55000900234607,2022-07-12,1,0,0.99998367
55000900234607,2022-07-13,1,0,0.99998367
55000900234607,2022-07-14,1,0,0.99998367
55000900234607,2022-07-15,1,0,0.99998367
55000900234607,2022-07-16,1,0,0.99998367
55000900234607,2022-07-17,1,0,0.99998367
55000900234607,2022-07-18,1,0,0.99998367
55000900234607,2022-07-19,1,0,0.99998367
55000900234607,2022-07-20,1,0,0.99998367
55000900234607,2022-07-21,1,0,0.99998367
55000900234607,2022-07-22,1,0,0.99998367
55000900234607,2022-07-23,1,0,0.99998367
55000900234607,2022-07-24,1,0,0.99998367
55000900234607,2022-07-25,1,0,0.99998367
55000900234607,2022-07-26,1,0,0.99998367
55000900234607,2022-07-27,1,0,0.99998367
55000900234607,2022-07-28,1,0,0.99998367
55000900234607,2022-07-29,1,0,0.99998367
55000900234607,2022-07-30,1,0,0.99998367
55000900234607,2022-07-31,1,0,0.99998367
55000900234607,2022-08-01,1,0,0.99998367
55000900234607,2022-08-02,1,0,0.99998367
55000900234607,2022-08-03,1,0,0.99998367
55000900234607,2022-08-04,1,0,0.99998367
55000900234607,2022-08-05,1,0,0.99998367
55000900234607,2022-08-06,1,0,0.99998367
55000900234607,2022-08-07,1,0,0.99998367
55000900234607,2022-08-08,1,0,0.99998367
55000900234607,2022-08-09,1,0,0.99998367
55000900234607,2022-08-10,1,0,0.99998367
55000900234607,2022-08-11,1,0,0.99998367
55000900234607,2022-08-12,1,0,0.99998367
55000900234607,2022-08-13,1,0,0.99998367
55000900234607,2022-08-14,1,0,0.99998367
55000900234607,2022-08-15,1,0,0.99998367
55000900234607,2022-08-16,1,0,0.99998367
55000900234607,2022-08-17,1,0,0.99998367
55000900234607,2022-08-18,1,0,0.99998367
55000900234607,2022-08-19,1,0,0.99998367
55000900234607,2022-08-20,1,0,0.99998367
55000900234607,2022-08-21,1,0,0.99998367
55000900234607,2022-08-22,1,0,0.99998367
55000900234607,2022-08-23,1,0,0.99998367
55000900234607,2022-08-24,1,0,0.99998367
55000900234607,2022-08-25,1,0,0.99998367
55000900234607,2022-08-26,1,0,0.99998367
55000900234607,2022-08-27,1,0,0.99998367
55000900234607,2022-08-28,1,0,0.99998367
55000900234607,2022-08-29,1,0,0.99998367
55000900234607,2022-08-30,1,0,0.99998367
55000900234607,2022-08-31,1,0,0.99998367
55000900234607,2022-09-01,1,0,0.99998367
55000900234607,2022-09-02,1,0,0.99998367
55000900234607,2022-09-03,1,0,0.99998367
55000900234607,2022-09-04,1,0,0.99998367
55000900234607,2022-09-05,1,0,0.99998367
55000900234607,2022-09-06,1,0,0.99998367
55000900234607,2022-09-07,1,0,0.99998367
55000900234607,2022-09-08,1,0,0.99998367
55000900234607,2022-09-09,1,0,0.99998367
55000900234607,2022-09-10,1,0,0.99998367
55000900234607,2022-09-11,1,0,0.99998367
55000900234607,2022-09-12,1,0,0.99998367
55000900234607,2022-09-13,1,0,0.99998367
55000900234607,2022-09-14,1,0,0.99998367
55000900234607,2022-09-15,1,0,0.99998367
55000900234607,2022-09-16,1,0,0.99998367
55000900234607,2022-09-17,1,0,0.99998367
55000900234607,2022-09-18,1,0,0.99998367
55000900234607,2022-09-19,1,0,0.99998367
55000900234607,2022-09-20,1,0,0.99998367
55000900234607,2022-09-21,1,0,0.99998367
55000900234607,2022-09-22,1,0,0.99998367
55000900234607,2022-09-23,1,0,0.99998367
55000900234607,2022-09-24,1,0,0.99998367
55000900234607,2022-09-25,1,0,0.99998367
55000900234607,2022-09-26,1,0,0.99998367
55000900234607,2022-09-27,1,0,0.99998367
55000900234607,2022-09-28,1,0,0.99998367
55000900234607,2022-09-29,1,0,0.99998367
55000900234607,2022-09-30,1,0,0.99998367
55000900234607,2022-10-01,1,0,0.99998367
55000900234607,2022-10-02,1,0,0.99998367
55000900234607,2022-10-03,1,0,0.99998367
55000900234607,2022-10-04,1,0,0.99998367
55000900234607,2022-10-05,1,0,0.99998367
55000900234607,2022-10-06,1,0,0.99998367
55000900234607,2022-10-07,1,0,0.99998367
55000900234607,2022-10-08,1,0,0.99998367
55000900234607,2022-10-09,1,0,0.99998367
55000900234607,2022-10-10,1,0,0.99998367
55000900234607,2022-10-11,1,0,0.99998367
55000900234607,2022-10-12,1,0,0.99998367
55000900234607,2022-10-13,1,0,0.99998367
55000900234607,2022-10-14,1,0,0.99998367
55000900234607,2022-10-15,1,0,0.99998367
55000900234607,2022-10-16,1,0,0.99998367
55000900234607,2022-10-17,1,0,0.99998367
55000900234607,2022-10-18,1,0,0.99998367
55000900234607,2022-10-19,1,0,0.99998367
55000900234607,2022-10-20,1,0,0.99998367
55000900234607,2022-10-21,1,0,0.99998367
55000900234607,2022-10-22,1,0,0.99998367
55000900234607,2022-10-23,1,0,0.99998367
55000900234607,2022-10-24,1,0,0.99998367
55000900234607,2022-10-25,1,0,0.99998367
55000900234607,2022-10-26,1,0,0.99998367
55000900234607,2022-10-27,1,0,0.99998367
55000900234607,2022-10-28,1,0,0.99998367
55000900234607,2022-10-29,1,0,0.99998367
55000900234607,2022-10-30,1,0,0.99998367
55000900234607,2022-10-31,1,0,0.99998367
55000900234607,2022-11-01,1,0,0.99998367
55000900234607,2022-11-02,1,0,0.99998367
55000900234607,2022-11-03,1,0,0.99998367
55000900234607,2022-11-04,1,0,0.99998367
55000900234607,2022-11-05,1,0,0.99998367
55000900234607,2022-11-06,1,0,0.99998367
55000900234607,2022-11-07,1,0,0.99998367
55000900234607,2022-11-08,1,0,0.99998367
55000900234607,2022-11-09,1,0,0.99998367
55000900234607,2022-11-10,1,0,0.99998367
55000900234607,2022-11-11,1,0,0.99998367
55000900234607,2022-11-12,1,0,0.99998367
55000900234607,2022-11-13,1,0,0.99998367
55000900234607,2022-11-14,1,0,0.99998367
55000900234607,2022-11-15,1,0,0.99998367
55000900234607,2022-11-16,1,0,0.99998367
55000900234607,2022-11-17,1,0,0.99998367
55000900234607,2022-11-18,1,0,0.99998367
55000900234607,2022-11-19,1,0,0.99998367
55000900234607,2022-11-20,1,0,0.99998367
55000900234607,2022-11-21,1,0,0.99998367
55000900234607,2022-11-22,1,0,0.99998367
55000900234607,2022-11-23,1,0,0.99998367
55000900234607,2022-11-24,1,0,0.99998367
55000900234607,2022-11-25,1,0,0.99998367
55000900234607,2022-11-26,1,0,0.99998367
55000900234607,2022-11-27,1,0,0.99998367
55000900234607,2022-11-28,1,0,0.99998367
55000900234607,2022-11-29,1,0,0.99998367
55000900234607,2022-11-30,1,0,0.99998367
55000900234607,2022-12-01,1,0,0.99998367
55000900234607,2022-12-02,1,0,0.99998367
55000900234607,2022-12-03,1,0,0.99998367
55000900234607,2022-12-04,1,0,0.99998367
55000900234607,2022-12-05,1,0,0.99998367
55000900234607,2022-12-06,1,0,0.99998367
55000900234607,2022-12-07,1,0,0.99998367
55000900234607,2022-12-08,1,0,0.99998367
55000900234607,2022-12-09,1,0,0.99998367
55000900234607,2022-12-10,1,0,0.99998367
55000900234607,2022-12-11,1,0,0.99998367
55000900234607,2022-12-12,1,0,0.99998367
55000900234607,2022-12-13,1,0,0.99998367
55000900234607,2022-12-14,1,0,0.99998367
55000900234607,2022-12-15,1,0,0.99998367
55000900234607,2022-12-16,1,0,0.99998367
55000900234607,2022-12-17,1,0,0.99998367
55000900234607,2022-12-18,1,0,0.99998367
55000900234607,2022-12-19,1,0,0.99998367
55000900234607,2022-12-20,1,0,0.99998367
55000900234607,2022-12-21,1,0,0.99998367
55000900234607,2022-12-22,1,0,0.99998367
55000900234607,2022-12-23,1,0,0.99998367
55000900234607,2022-12-24,1,0,0.99998367
55000900234607,2022-12-25,1,0,0.99998367
55000900234607,2022-12-26,1,0,0.99998367
55000900234607,2022-12-27,1,0,0.99998367
55000900234607,2022-12-28,1,0,0.99998367
55000900234607,2022-12-29,1,0,0.99998367
55000900234607,2022-12-30,1,0,0.99998367
55000900234607,2022-12-31,1,0,0.99998367
55000900234607,2023-01-01,1,0,0.99998367
55000900234607,2023-01-02,1,0,0.99998367
55000900234607,2023-01-03,1,0,0.99998367
55000900234607,2023-01-04,1,0,0.99998367
55000900234607,2023-01-05,1,0,0.99998367
55000900234607,2023-01-06,1,0,0.99998367
55000900234607,2023-01-07,1,0,0.99998367
55000900234607,2023-01-08,1,0,0.99998367
55000900234607,2023-01-09,1,0,0.99998367
55000900234607,2023-01-10,1,0,0.99998367
55000900234607,2023-01-11,1,0,0.99998367
55000900234607,2023-01-12,1,0,0.99998367
55000900234607,2023-01-13,1,0,0.99998367
55000900234607,2023-01-14,1,0,0.99998367
55000900234607,2023-01-15,1,0,0.99998367
55000900234607,2023-01-16,1,0,0.99998367
55000900234607,2023-01-17,1,0,0.99998367
55000900234607,2023-01-18,1,0,0.99998367
55000900234607,2023-01-19,1,0,0.99998367
55000900234607,2023-01-20,1,0,0.99998367
55000900234607,2023-01-21,1,0,0.99998367
55000900234607,2023-01-22,1,0,0.99998367
55000900234607,2023-01-23,1,0,0.99998367
55000900234607,2023-01-24,1,0,0.99998367
55000900234607,2023-01-25,1,0,0.99998367
55000900234607,2023-01-26,1,0,0.99998367
55000900234607,2023-01-27,1,0,0.99998367
55000900234607,2023-01-28,1,0,0.99998367
55000900234607,2023-01-29,1,0,0.99998367
55000900234607,2023-01-30,1,0,0.99998367
55000900234607,2023-01-31,1,0,0.99998367
55000900234607,2023-02-01,1,0,0.99998367
55000900234607,2023-02-02,1,0,0.99998367
55000900234607,2023-02-03,1,0,0.99998367
55000900234607,2023-02-04,1,0,0.99998367
55000900234607,2023-02-05,1,0,0.99998367
55000900234607,2023-02-06,1,0,0.99998367
55000900234607,2023-02-07,1,0,0.99998367
55000900234607,2023-02-08,1,0,0.99998367
55000900234607,2023-02-09,1,0,0.99998367
55000900234607,2023-02-10,1,0,0.99998367
55000900234607,2023-02-11,1,0,0.99998367
55000900234607,2023-02-12,1,0,0.99998367
55000900234607,2023-02-14,1,0,0.99998367
55000900234607,2023-02-15,1,0,0.99998367
55000900234607,2023-02-16,1,0,0.99998367
55000900234607,2023-02-17,1,0,0.99998367
55000900234607,2023-02-18,1,0,0.99998367
55000900234607,2023-02-19,1,0,0.99998367
55000900234607,2023-02-20,1,0,0.99998367
55000900234607,2023-02-21,1,0,0.99998367
55000900234607,2023-02-22,1,0,0.99998367
55000900234607,2023-02-23,1,0,0.99998367
55000900234607,2023-02-24,1,0,0.99998367
55000900234607,2023-02-25,1,0,0.99998367
55000900234607,2023-02-26,1,0,0.99998367
55000900234607,2023-02-27,1,0,0.99998367
55000900234607,2023-02-28,1,0,0.99998367
55000900234607,2023-03-01,1,0,0.99998367
55000900234607,2023-03-02,1,0,0.99998367
55000900234607,2023-03-03,1,0,0.99998367
55000900234607,2023-03-04,1,0,0.99998367
55000900234607,2023-03-05,1,0,0.99998367
55000900234607,2023-03-06,1,0,0.99998367
55000900234607,2023-03-07,1,0,0.99998367
55000900234607,2023-03-08,1,0,0.99998367
55000900234607,2023-03-09,1,0,0.99998367
55000900234607,2023-03-10,1,0,0.99998367
55000900234607,2023-03-11,1,0,0.99998367
55000900234607,2023-03-13,1,0,0.99998367
55000900234607,2023-03-14,1,0,0.99998367
55000900234607,2023-03-15,1,0,0.99998367
55000900234607,2023-03-16,1,0,0.99998367
55000900234607,2023-03-17,1,0,0.99998367
55000900234607,2023-03-18,1,0,0.99998367
55000900234607,2023-03-19,1,0,0.99998367
55000900234607,2023-03-20,1,0,0.99998367
55000900234607,2023-03-21,1,0,0.99998367
55000900234607,2023-03-22,1,0,0.99998367
55000900234607,2023-03-23,1,0,0.99998367
55000900234607,2023-03-24,1,0,0.99998367
55000900234607,2023-03-25,1,0,0.99998367
55000900234607,2023-03-26,1,0,0.99998367
55000900234607,2023-03-27,1,0,0.99998367
55000900234607,2023-03-28,1,0,0.99998367
55000900234607,2023-03-29,1,0,0.99998367
55000900234607,2023-03-30,1,0,0.99998367
55000900234607,2023-03-31,1,0,0.99998367
55000900234607,2023-04-01,1,0,0.99998367
55000900234607,2023-04-02,1,0,0.99998367
55000900234607,2023-04-03,1,0,0.99998367
55000900234607,2023-04-04,1,0,0.99998367
55000900234607,2023-04-05,1,0,0.99998367
55000900234607,2023-04-06,1,0,0.99998367
55000900234607,2023-04-07,1,0,0.99998367
55000900234607,2023-04-08,1,0,0.99998367
55000900234607,2023-04-09,1,0,0.99998367
55000900234607,2023-04-10,1,0,0.99998367
55000900234607,2023-04-11,1,0,0.99998367
55000900234607,2023-04-12,1,0,0.99998367
55000900234607,2023-04-13,1,0,0.99998367
55000900234607,2023-04-14,1,0,0.99998367
55000900234607,2023-04-15,1,0,0.99998367
55000900234607,2023-04-16,1,0,0.99998367
55000900234607,2023-04-17,1,0,0.99998367
55000900234607,2023-04-18,1,0,0.99998367
55000900234607,2023-04-19,1,0,0.99998367
55000900234607,2023-04-20,1,0,0.99998367
55000900235848,2020-09-29,1,8,0.9997391
55000900235848,2020-09-30,1,8,0.99978524
55000900235848,2020-10-01,1,8,0.9998022
55000900235848,2020-10-02,1,8,0.99981064
55000900235848,2020-10-03,1,8,0.9998166
55000900235848,2020-10-04,1,8,0.99982375
55000900235848,2020-10-05,1,8,0.99982834
55000900235848,2020-10-06,1,8,0.9998234
55000900235848,2020-10-07,1,8,0.9998348
55000900235848,2020-10-08,1,8,0.99982685
55000900235848,2020-10-09,1,8,0.9998228
55000900235848,2020-10-10,1,8,0.999828
55000900235848,2020-10-11,1,8,0.9998417
55000900235848,2020-10-12,1,8,0.99983215
55000900235848,2020-10-13,1,8,0.9997898
55000900235848,2020-10-14,1,8,0.99975675
55000900235848,2020-10-15,1,8,0.9998197
55000900235848,2020-10-16,1,8,0.9997516
55000900235848,2020-10-17,1,8,0.9998336
55000900235848,2020-10-18,1,8,0.99982184
55000900235848,2020-10-19,1,0,0.9998099
55000900235848,2020-10-20,1,0,0.99977666
55000900236525,2020-09-29,1,8,0.9997086
55000900236525,2020-09-30,1,8,0.9998442
55000900236525,2020-10-01,1,8,0.99984026
55000900236525,2020-10-02,1,8,0.9998512
55000900236525,2020-10-03,1,8,0.99983907
55000900236525,2020-10-04,1,8,0.99982065
55000900236525,2020-10-05,1,8,0.9998405
55000900236525,2020-10-06,1,8,0.9998406
55000900236525,2020-10-07,1,8,0.9998418
55000900236525,2020-10-08,1,8,0.99995244
55000900236525,2020-10-09,1,8,0.99994814
55000900236525,2020-10-10,1,8,0.9999523
55000900236525,2020-10-11,1,8,0.9999347
55000900236525,2020-10-12,1,8,0.99994206
55000900236525,2020-10-13,1,8,0.999936
55000900236525,2020-10-14,1,8,0.9999424
55000900236525,2020-10-15,1,8,0.99993074
55000900236525,2020-10-16,1,8,0.9999485
55000900236525,2020-10-17,1,8,0.99993515
55000900236525,2020-10-18,1,0,0.99994695
55000900236525,2020-10-19,1,0,0.9998235
55000900237668,2020-09-29,0,8,0.020214656
55000900237668,2020-09-30,0,8,0.013688105
55000900237668,2020-10-01,0,8,0.01563689
55000900237668,2020-10-02,0,8,0.015719239
55000900237668,2020-10-03,0,8,0.028891396
55000900237668,2020-10-04,0,8,0.029735664
55000900237668,2020-10-05,0,8,0.034695588
55000900237668,2020-10-06,0,8,0.027408348
55000900237668,2020-10-07,0,8,0.02235455
55000900237668,2020-10-08,0,8,0.024034172
55000900237668,2020-10-09,0,8,0.018480446
55000900237668,2020-10-10,0,8,0.025828259
55000900237668,2020-10-11,1,8,0.021896632
55000900237668,2020-10-12,1,8,0.016965536
55000900237668,2020-10-13,1,8,0.017013557
55000900237668,2020-10-14,1,8,0.1727535
55000900237668,2020-10-15,1,8,0.42519063
55000900237668,2020-10-16,0,8,0.7218773
55000900237668,2020-10-17,0,8,0.5789804
55000900237668,2020-10-18,0,8,0.37433457
55000900237668,2020-10-19,0,8,0.054282904
55000900237668,2020-10-20,0,8,0.038248498
55000900237668,2020-10-21,0,8,0.06010184
55000900237668,2020-10-22,0,8,0.03293787
55000900237668,2020-10-23,0,8,0.03905153
55000900237668,2020-10-24,1,8,0.026562747
55000900237668,2020-10-25,0,8,0.02554364
55000900237668,2020-10-26,0,0,0.038031183
55000900237668,2020-10-27,0,0,0.05532929
55000900271029,2020-09-29,1,8,0.99989355
55000900271029,2020-09-30,1,8,0.99989927
55000900271029,2020-10-01,1,8,0.99989676
55000900271029,2020-10-02,1,8,0.9998808
55000900271029,2020-10-03,1,8,0.9998535
55000900271029,2020-10-04,1,8,0.99984515
55000900271029,2020-10-05,1,8,0.99982893
55000900271029,2020-10-06,1,8,0.99986017
55000900271029,2020-10-07,1,8,0.9998677
55000900271029,2020-10-08,1,8,0.9999585
55000900271029,2020-10-09,1,8,0.9999572
55000900271029,2020-10-10,1,8,0.999959
55000900271029,2020-10-11,1,8,0.9999571
55000900271029,2020-10-12,1,8,0.9999609
55000900271029,2020-10-13,1,8,0.99994814
55000900271029,2020-10-14,1,8,0.9999596
55000900271029,2020-10-15,1,8,0.9999578
55000900271029,2020-10-16,1,8,0.9999603
55000900271029,2020-10-17,1,8,0.99996233
55000900271029,2020-10-18,1,8,0.9999672
55000900271029,2020-10-19,1,8,0.9999696
55000900271029,2020-10-20,1,0,0.9999584
55000900271029,2020-10-21,1,0,0.99995697
55000900271031,2020-09-29,1,0,0.99895966
55000900271031,2020-09-30,1,0,0.9966157
55000900271031,2020-10-01,1,0,0.91023296
55000900271031,2020-10-02,1,0,0.89412993
55000900271031,2020-10-03,0,0,0.9006078
55000900271031,2020-10-04,0,0,0.8908458
55000900271031,2020-10-05,0,0,0.9067443
55000900271031,2020-10-06,0,0,0.2885738
55000900271031,2020-10-07,0,0,0.31446725
55000900271031,2020-10-08,0,0,0.22900088
55000900271031,2020-10-09,0,0,0.14773808
55000900271031,2020-10-10,1,0,0.24868634
55000900271031,2020-10-11,1,0,0.31832066
55000900271031,2020-10-12,1,0,0.3252083
55000900271031,2020-10-13,1,0,0.97650695
55000900271031,2020-10-14,1,0,0.9958521
55000900271031,2020-10-15,0,0,0.9967115
55000900271031,2020-10-16,0,0,0.9997601
55000900271031,2020-10-17,0,0,0.9998814
55000900271031,2020-10-18,0,0,0.7681359
55000900271031,2020-10-19,0,0,0.3459692
55000900271031,2020-10-20,0,0,0.37705302
55000900271031,2020-10-21,0,0,0.3298704
55000900271031,2020-10-22,0,0,0.32559162
55000900271031,2020-10-23,0,0,0.32476944
55000900271031,2020-10-24,0,0,0.33359775
55000900271031,2020-10-25,0,0,0.32143658
55000900271031,2020-10-26,0,0,0.31883377
55000900271031,2020-10-27,0,0,0.31929275
55000900271031,2020-10-29,1,0,0.33121997
55000900271031,2020-10-30,1,0,0.1818765
55000900271031,2020-10-31,1,0,0.24822386
55000900271031,2020-11-01,1,0,0.5161526
55000900271031,2020-11-02,1,0,0.60913587
55000900271031,2020-11-03,1,0,0.4642977
55000900271031,2020-11-04,1,0,0.52255064
55000900271031,2020-11-05,1,0,0.57401586
55000900271031,2020-11-06,1,0,0.7491173
55000900271031,2020-11-07,1,0,0.9285057
55000900271031,2020-11-08,1,0,0.9992974
55000900271031,2020-11-09,1,0,0.9998988
55000900271031,2020-11-10,1,0,0.9999442
55000900271031,2020-11-11,1,0,0.9999372
55000900271031,2020-11-12,1,0,0.9999335
55000900271031,2020-11-13,1,0,0.9999404
55000900271031,2020-11-14,1,0,0.99994266
55000900271031,2020-11-15,1,0,0.99994457
55000900271031,2020-11-16,1,0,0.9999211
55000900271031,2020-11-17,1,0,0.9999248
55000900271031,2020-11-18,1,0,0.99995005
55000900271031,2020-11-19,1,0,0.99994206
55000900271031,2020-11-20,1,0,0.99994504
55000900271031,2020-11-21,1,0,0.9999323
55000900271031,2020-11-22,1,0,0.9999511
55000900271031,2020-11-23,1,0,0.999949
55000900271031,2020-11-24,1,0,0.99994755
55000900271031,2020-11-25,1,0,0.9999509
55000900271031,2020-11-26,1,0,0.99994886
55000900271031,2020-11-27,1,0,0.9999528
55000900271031,2020-11-28,1,0,0.9999386
55000900271031,2020-11-29,1,0,0.99995184
55000900271031,2020-11-30,1,0,0.99994826
55000900271031,2020-12-01,1,0,0.9999478
55000900271031,2020-12-02,1,0,0.9999455
55000900271031,2020-12-03,1,0,0.9999434
55000900271031,2020-12-04,1,0,0.99995244
55000900271031,2020-12-05,1,0,0.9999417
55000900271031,2020-12-06,1,0,0.99994457
55000900271031,2020-12-07,1,0,0.9999443
55000900271031,2020-12-08,1,0,0.9999424
55000900271031,2020-12-09,1,0,0.9999509
55000900271031,2020-12-10,1,0,0.99994814
55000900271031,2020-12-11,1,0,0.9999387
55000900271031,2020-12-12,1,0,0.99994624
55000900271031,2020-12-13,1,0,0.9999511
55000900271031,2020-12-14,1,0,0.9999424
55000900271031,2020-12-15,1,0,0.999954
55000900271031,2020-12-16,1,0,0.9999411
55000900271031,2020-12-17,1,0,0.9999373
55000900271031,2020-12-18,1,0,0.9999385
55000900271031,2020-12-19,1,0,0.99993074
55000900271031,2020-12-20,1,0,0.9999442
55000900271031,2020-12-21,1,0,0.9999485
55000900271031,2020-12-22,1,0,0.9999354
55000900271031,2020-12-23,1,0,0.9999198
55000900271031,2020-12-24,1,0,0.9999465
55000900271031,2020-12-25,1,0,0.9999474
55000900271031,2020-12-26,1,0,0.9999502
55000900271031,2020-12-27,1,0,0.9999403
55000900271031,2020-12-28,1,0,0.9999523
55000900271031,2020-12-29,1,0,0.99994576
55000900271031,2020-12-30,1,0,0.999951
55000900271031,2020-12-31,1,0,0.9999397
55000900271031,2021-01-01,1,0,0.9999393
55000900271031,2021-01-02,1,0,0.9999312
55000900271031,2021-01-03,1,0,0.999951
55000900271031,2021-01-04,1,0,0.99994326
55000900271031,2021-01-05,1,0,0.9999486
55000900271031,2021-01-06,1,0,0.9999461
55000900271031,2021-01-07,1,0,0.99994767
55000900271031,2021-01-08,1,0,0.99994755
55000900271031,2021-01-09,1,0,0.9999484
55000900271031,2021-01-10,1,0,0.999949
55000900271031,2021-01-11,1,0,0.9999516
55000900271031,2021-01-12,1,0,0.99995303
55000900271031,2021-01-13,1,0,0.9999511
55000900271031,2021-01-14,1,0,0.99995375
55000900271031,2021-01-15,1,0,0.9999515
55000900271031,2021-01-16,1,0,0.999954
55000900271031,2021-01-17,1,0,0.9999552
55000900271031,2021-01-18,1,0,0.99995315
55000900271031,2021-01-19,1,0,0.99995244
55000900271031,2021-01-20,1,0,0.99995756
55000900271031,2021-01-21,1,0,0.9999572
55000900271031,2021-01-22,1,0,0.9999497
55000900271031,2021-01-23,1,0,0.9999484
55000900271031,2021-01-24,1,0,0.99994874
55000900271031,2021-01-25,1,0,0.9999491
55000900271031,2021-01-26,1,0,0.999949
55000900271031,2021-01-27,1,0,0.99994826
55000900271031,2021-01-28,1,0,0.9999486
55000900271031,2021-01-29,1,0,0.9999496
55000900271031,2021-01-30,1,0,0.9999498
55000900271031,2021-01-31,1,0,0.99995697
55000900271031,2021-02-01,1,0,0.9999553
55000900271031,2021-02-02,1,0,0.9999553
55000900271031,2021-02-03,1,0,0.9999553
55000900271031,2021-02-04,1,0,0.9999553
55000900271031,2021-02-05,1,0,0.9999553
55000900271031,2021-02-06,1,0,0.9999553
55000900271031,2021-02-07,1,0,0.9999553
55000900271031,2021-02-08,1,0,0.9999553
55000900271031,2021-02-09,1,0,0.9999553
55000900271031,2021-02-10,1,0,0.9999553
55000900271031,2021-02-11,1,0,0.9999553
55000900271031,2021-02-12,1,0,0.9999553
55000900271031,2021-02-13,1,0,0.9999553
55000900271031,2021-02-14,1,0,0.9999553
55000900271031,2021-02-15,1,0,0.9999553
55000900271031,2021-02-16,1,0,0.9999553
55000900271031,2021-02-17,1,0,0.9999553
55000900271031,2021-02-18,1,0,0.9999553
55000900271031,2021-02-19,1,0,0.9999553
55000900271031,2021-02-20,1,0,0.9999553
55000900271031,2021-02-21,1,0,0.9999553
55000900271031,2021-02-22,1,0,0.9999553
55000900271031,2021-02-23,1,0,0.9999553
55000900271031,2021-02-24,1,0,0.9999553
55000900271031,2021-02-25,1,0,0.9999553
55000900271031,2021-02-26,1,0,0.9999553
55000900271031,2021-02-27,1,0,0.9999553
55000900271031,2021-02-28,1,0,0.9999553
55000900271031,2021-03-01,1,0,0.9999553
55000900271031,2021-03-02,1,0,0.9999553
55000900271031,2021-03-03,1,0,0.9999553
55000900271031,2021-03-04,1,0,0.9999553
55000900271031,2021-03-05,1,0,0.9999553
55000900271031,2021-03-06,1,0,0.9999553
55000900271031,2021-03-07,1,0,0.9999553
55000900271031,2021-03-08,1,0,0.9999553
55000900271031,2021-03-09,1,0,0.9999553
55000900271031,2021-03-10,1,0,0.9999553
55000900271031,2021-03-11,1,0,0.9999553
55000900271031,2021-03-12,1,0,0.9999553
55000900271031,2021-03-13,1,0,0.9999553
55000900271031,2021-03-15,1,0,0.9999553
55000900271031,2021-03-16,1,0,0.9999553
55000900271031,2021-03-17,1,0,0.9999553
55000900271031,2021-03-18,1,0,0.9999553
55000900271031,2021-03-19,1,0,0.9999553
55000900271031,2021-03-20,1,0,0.9999553
55000900271031,2021-03-21,1,0,0.9999553
55000900271031,2021-03-22,1,0,0.9999553
55000900271031,2021-03-23,1,0,0.9999553
55000900271031,2021-03-24,1,0,0.9999553
55000900271031,2021-03-25,1,0,0.9999553
55000900271031,2021-03-26,1,0,0.9999553
55000900271031,2021-03-27,1,0,0.9999553
55000900271031,2021-03-28,1,0,0.9999553
55000900271031,2021-03-29,1,0,0.9999553
55000900271031,2021-03-30,1,0,0.9999553
55000900271031,2021-03-31,1,0,0.9999553
55000900271031,2021-04-01,1,0,0.9999553
55000900271031,2021-04-02,1,0,0.9999553
55000900271031,2021-04-03,1,0,0.9999553
55000900271031,2021-04-04,1,0,0.9999553
55000900271031,2021-04-05,1,0,0.9999553
55000900271031,2021-04-06,1,0,0.9999553
55000900271031,2021-04-07,1,0,0.9999553
55000900271031,2021-04-08,1,0,0.9999553
55000900271031,2021-04-09,1,0,0.9999553
55000900271031,2021-04-10,1,0,0.9999553
55000900271031,2021-04-11,1,0,0.9999553
55000900271031,2021-04-12,1,0,0.9999553
55000900271031,2021-04-13,1,0,0.9999553
55000900271031,2021-04-14,1,0,0.9999553
55000900271031,2021-04-15,1,0,0.9999553
55000900271031,2021-04-16,1,0,0.9999553
55000900271031,2021-04-17,1,0,0.9999553
55000900271031,2021-04-18,1,0,0.9999553
55000900271031,2021-04-19,1,0,0.9999553
55000900271031,2021-04-20,1,0,0.9999553
55000900271031,2021-04-21,1,0,0.9999553
55000900271031,2021-04-22,1,0,0.9999553
55000900271031,2021-04-23,1,0,0.9999553
55000900271031,2021-04-24,1,0,0.9999553
55000900271031,2021-04-25,1,0,0.9999553
55000900271031,2021-04-26,1,0,0.9999553
55000900271031,2021-04-27,1,0,0.9999553
55000900271031,2021-04-28,1,0,0.9999553
55000900271031,2021-04-29,1,0,0.9999553
55000900271031,2021-04-30,1,0,0.9999553
55000900271031,2021-05-01,1,0,0.9999553
55000900271031,2021-05-02,1,0,0.9999553
55000900271031,2021-05-03,1,0,0.9999553
55000900271031,2021-05-04,1,0,0.9999553
55000900271031,2021-05-05,1,0,0.9999553
55000900271031,2021-05-06,1,0,0.9999553
55000900271031,2021-05-07,1,0,0.9999553
55000900271031,2021-05-08,1,0,0.9999553
55000900271031,2021-05-09,1,0,0.9999553
55000900271031,2021-05-10,1,0,0.9999553
55000900271031,2021-05-11,1,0,0.9999553
55000900271031,2021-05-12,1,0,0.9999553
55000900271031,2021-05-13,1,0,0.9999553
55000900271031,2021-05-14,1,0,0.9999553
55000900271031,2021-05-15,1,0,0.9999553
55000900271031,2021-05-16,1,0,0.9999553
55000900271031,2021-05-17,1,0,0.9999553
55000900271031,2021-05-18,1,0,0.9999553
55000900271031,2021-05-19,1,0,0.9999553
55000900271031,2021-05-20,1,0,0.9999553
55000900271031,2021-05-21,1,0,0.9999553
55000900271031,2021-05-22,1,0,0.9999553
55000900271031,2021-05-23,1,0,0.9999553
55000900271031,2021-05-24,1,0,0.9999553
55000900271031,2021-05-25,1,0,0.9999553
55000900271031,2021-05-26,1,0,0.9999553
55000900271031,2021-05-27,1,0,0.9999553
55000900271031,2021-05-28,1,0,0.9999553
55000900271031,2021-05-29,1,0,0.9999553
55000900271031,2021-05-30,1,0,0.9999553
55000900271031,2021-05-31,1,0,0.9999553
55000900271031,2021-06-01,1,0,0.9999553
55000900271031,2021-06-02,1,0,0.9999553
55000900271031,2021-06-03,1,0,0.9999553
55000900271031,2021-06-04,1,0,0.9999553
55000900271031,2021-06-05,1,0,0.9999553
55000900271031,2021-06-06,1,0,0.9999553
55000900271031,2021-06-07,1,0,0.9999553
55000900271031,2021-06-08,1,0,0.9999553
55000900271031,2021-06-09,1,0,0.9999553
55000900271031,2021-06-10,1,0,0.9999553
55000900271031,2021-06-11,1,0,0.9999553
55000900271031,2021-06-12,1,0,0.9999553
55000900271031,2021-06-13,1,0,0.9999553
55000900271031,2021-06-14,1,0,0.9999553
55000900271031,2021-06-15,1,0,0.9999553
55000900271031,2021-06-16,1,0,0.9999553
55000900271031,2021-06-17,1,0,0.9999553
55000900271031,2021-06-18,1,0,0.9999553
55000900271031,2021-06-19,1,0,0.9999553
55000900271031,2021-06-20,1,0,0.9999553
55000900271031,2021-06-21,1,0,0.9999553
55000900271031,2021-06-22,1,0,0.9999553
55000900271031,2021-06-23,1,0,0.9999553
55000900271031,2021-06-24,1,0,0.9999553
55000900271031,2021-06-25,1,0,0.9999553
55000900271031,2021-06-26,1,0,0.9999553
55000900271031,2021-06-27,1,0,0.9999553
55000900271031,2021-06-28,1,0,0.9999553
55000900271031,2021-06-29,1,0,0.9999553
55000900271031,2021-06-30,1,0,0.9999553
55000900271031,2021-07-01,1,0,0.9999553
55000900271031,2021-07-02,1,0,0.9999553
55000900271031,2021-07-03,1,0,0.9999553
55000900271031,2021-07-04,1,0,0.9999553
55000900271031,2021-07-05,1,0,0.9999553
55000900271031,2021-07-06,1,0,0.9999553
55000900271031,2021-07-07,1,0,0.9999553
55000900271031,2021-07-08,1,0,0.9999553
55000900271031,2021-07-09,1,0,0.9999553
55000900271031,2021-07-10,1,0,0.9999553
55000900271031,2021-07-11,1,0,0.9999553
55000900271031,2021-07-12,1,0,0.9999553
55000900271031,2021-07-13,1,0,0.9999553
55000900271031,2021-07-14,1,0,0.9999553
55000900271031,2021-07-15,1,0,0.9999553
55000900271031,2021-07-16,1,0,0.9999553
55000900271031,2021-07-17,1,0,0.9999553
55000900271031,2021-07-18,1,0,0.9999553
55000900271031,2021-07-19,1,0,0.9999553
55000900271031,2021-07-20,1,0,0.9999553
55000900271031,2021-07-21,1,0,0.9999553
55000900271031,2021-07-22,1,0,0.9999553
55000900271031,2021-07-23,1,0,0.9999553
55000900271031,2021-07-24,1,0,0.9999553
55000900271031,2021-07-25,1,0,0.9999553
55000900271031,2021-07-26,1,0,0.9999553
55000900271031,2021-07-27,1,0,0.9999553
55000900271031,2021-07-28,1,0,0.9999553
55000900271031,2021-07-29,1,0,0.9999553
55000900271031,2021-07-30,1,0,0.9999553
55000900271031,2021-07-31,1,0,0.9999553
55000900271031,2021-08-01,1,0,0.9999553
55000900271031,2021-08-02,1,0,0.9999553
55000900271031,2021-08-03,0,0,0.9999553
55000900271031,2021-08-04,0,0,0.9999553
55000900271031,2021-08-05,0,0,0.9999553
55000900271031,2021-08-06,0,0,0.99987113
55000900271031,2021-08-07,0,0,0.9997844
55000900271031,2021-08-08,0,0,0.9997167
55000900271031,2021-08-09,0,0,0.99974686
55000900271031,2021-08-10,0,0,0.9997515
55000900271031,2021-08-11,0,0,0.9997665
55000900271031,2021-08-12,0,0,0.99976987
55000900271031,2021-08-13,0,0,0.99977607
55000900271031,2021-08-14,0,0,0.9997745
55000900271031,2021-08-15,0,0,0.99975234
55000900271031,2021-08-16,0,0,0.999731
55000900271031,2021-08-17,0,0,0.9997261
55000900271031,2021-08-18,0,0,0.99970716
55000900271031,2021-08-19,0,0,0.99910814
55000900271031,2021-08-20,0,0,0.9971106
55000900271031,2021-08-21,0,0,0.99689364
55000900271031,2021-08-22,0,0,0.99691534
55000900271031,2021-08-23,0,0,0.99690753
55000900271031,2021-08-24,0,0,0.9969125
55000900271031,2021-08-25,0,0,0.99693346
55000900271031,2021-08-26,0,0,0.99695945
55000900271031,2021-08-27,0,0,0.9970071
55000900271031,2021-08-28,0,0,0.99706846
55000900271031,2021-08-29,0,0,0.9971456
55000900271031,2021-08-30,0,0,0.9972326
55000900271031,2021-08-31,0,0,0.9973248
55000900271031,2021-09-01,0,0,0.9974427
55000900271031,2021-09-02,0,0,0.99750656
55000900271031,2021-09-03,0,0,0.997523
55000900271031,2021-09-04,0,0,0.49005324
55000900271031,2021-09-05,0,0,0.49005324
55000900271031,2021-09-06,0,0,0.49005324
55000900271031,2021-09-07,0,0,0.49005324
55000900271031,2021-09-08,0,0,0.49005324
55000900271031,2021-09-09,0,0,0.49005324
55000900271031,2021-09-10,0,0,0.49005324
55000900271031,2021-09-11,0,0,0.49005324
55000900271031,2021-09-12,0,0,0.49005324
55000900271031,2021-09-13,0,0,0.49005324
55000900271031,2021-09-14,0,0,0.49005324
55000900271031,2021-09-15,0,0,0.49005324
55000900271031,2021-09-16,0,0,0.49005324
55000900271031,2021-09-17,0,0,0.49005324
55000900271031,2021-09-18,1,0,0.49005324
55000900271031,2021-09-19,1,0,0.49005324
55000900271031,2021-09-20,1,0,0.49005324
55000900271031,2021-09-21,1,0,0.9268963
55000900271031,2021-09-22,1,0,0.9881761
55000900271031,2021-09-23,1,0,0.9963362
55000900271031,2021-09-24,1,0,0.99805945
55000900271031,2021-09-25,0,0,0.9986129
55000900271031,2021-09-26,0,0,0.9990871
55000900271031,2021-09-27,1,0,0.999432
55000900271031,2021-09-28,1,0,0.9944397
55000900271031,2021-09-29,1,0,0.8925764
55000900271031,2021-09-30,1,0,0.99192613
55000900271031,2021-10-01,1,0,0.9983012
55000900271031,2021-10-02,1,0,0.9992824
55000900271031,2021-10-03,1,0,0.99959844
55000900271031,2021-10-04,1,0,0.9997609
55000900271031,2021-10-05,1,0,0.99983823
55000900271031,2021-10-06,1,0,0.999861
55000900271031,2021-10-07,1,0,0.9998715
55000900271031,2021-10-08,1,0,0.9998882
55000900271031,2021-10-09,1,0,0.999926
55000900271031,2021-10-10,1,0,0.9999417
55000900271031,2021-10-11,1,0,0.9999486
55000900271031,2021-10-12,1,0,0.9999527
55000900271031,2021-10-13,1,0,0.9999505
55000900271031,2021-10-14,1,0,0.9999448
55000900271031,2021-10-15,1,0,0.99994445
55000900271031,2021-10-16,1,0,0.9999486
55000900271031,2021-10-17,1,0,0.99995816
55000900271031,2021-10-18,1,0,0.9999597
55000900271031,2021-10-19,1,0,0.9999627
55000900271031,2021-10-20,1,0,0.99995875
55000900271031,2021-10-21,1,0,0.9999591
55000900271031,2021-10-22,1,0,0.9999598
55000900271031,2021-10-23,1,0,0.99996126
55000900271031,2021-10-24,1,0,0.99996245
55000900271031,2021-10-25,1,0,0.99996257
55000900271031,2021-10-26,1,0,0.99996257
55000900271031,2021-10-27,1,0,0.9999548
55000900271031,2021-10-28,1,0,0.99996245
55000900271031,2021-10-29,1,0,0.9999553
55000900271031,2021-10-30,1,0,0.9999553
55000900271031,2021-10-31,1,0,0.9999553
55000900271031,2021-11-01,1,0,0.9999553
55000900271031,2021-11-02,1,0,0.9999553
55000900271031,2021-11-03,1,0,0.9999553
55000900271031,2021-11-04,1,0,0.9999553
55000900271031,2021-11-05,1,0,0.9999553
55000900271031,2021-11-06,1,0,0.9999553
55000900271031,2021-11-07,1,0,0.9999553
55000900271031,2021-11-08,1,0,0.9999553
55000900271031,2021-11-09,1,0,0.9999553
55000900271031,2021-11-10,1,0,0.9999553
55000900271031,2021-11-11,1,0,0.9999553
55000900271031,2021-11-12,1,0,0.9999553
55000900271031,2021-11-13,1,0,0.9999553
55000900271031,2021-11-14,1,0,0.9999553
55000900271031,2021-11-15,1,0,0.9999553
55000900271031,2021-11-16,1,0,0.9999553
55000900271031,2021-11-17,1,0,0.9999553
55000900271031,2021-11-18,1,0,0.9999553
55000900271031,2021-11-19,1,0,0.9999553
55000900271031,2021-11-20,1,0,0.9999553
55000900271031,2021-11-21,1,0,0.9999553
55000900271031,2021-11-22,1,0,0.9999553
55000900271031,2021-11-23,1,0,0.9999553
55000900271031,2021-11-24,1,0,0.9999553
55000900271031,2021-11-25,1,0,0.9999553
55000900271031,2021-11-26,1,0,0.9999553
55000900271031,2021-11-27,1,0,0.9999553
55000900271031,2021-11-28,1,0,0.9999553
55000900271031,2021-11-29,1,0,0.9999553
55000900271031,2021-11-30,1,0,0.9999553
55000900271031,2021-12-01,1,0,0.9999553
55000900271031,2021-12-02,1,0,0.9999553
55000900271031,2021-12-03,1,0,0.9999553
55000900271031,2021-12-04,1,0,0.9999553
55000900271031,2021-12-05,1,0,0.9999553
55000900271031,2021-12-06,1,0,0.9999553
55000900271031,2021-12-07,1,0,0.9999553
55000900271031,2021-12-08,1,0,0.9999553
55000900271031,2021-12-09,1,0,0.9999553
55000900271031,2021-12-10,1,0,0.9999553
55000900271031,2021-12-11,1,0,0.9999553
55000900271031,2021-12-12,1,0,0.9999553
55000900271031,2021-12-13,1,0,0.9999553
55000900271031,2021-12-14,1,0,0.9999553
55000900271031,2021-12-15,1,0,0.9999553
55000900271031,2021-12-16,1,0,0.9999553
55000900271031,2021-12-17,1,0,0.9999553
55000900271031,2021-12-18,1,0,0.9999553
55000900271031,2021-12-19,1,0,0.9999553
55000900271031,2021-12-20,1,0,0.9999553
55000900271031,2021-12-21,1,0,0.9999553
55000900271031,2021-12-22,1,0,0.9999553
55000900271031,2021-12-23,1,0,0.9999553
55000900271031,2021-12-24,1,0,0.9999553
55000900271031,2021-12-25,1,0,0.9999553
55000900271031,2021-12-26,1,0,0.9999553
55000900271031,2021-12-27,1,0,0.9999553
55000900271031,2021-12-28,1,0,0.9999553
55000900271031,2021-12-29,1,0,0.9999553
55000900271031,2021-12-30,1,0,0.9999553
55000900271031,2021-12-31,1,0,0.9999553
55000900271031,2022-01-01,1,0,0.9999553
55000900271031,2022-01-02,1,0,0.9999553
55000900271031,2022-01-03,1,0,0.9999553
55000900271031,2022-01-04,1,0,0.9999553
55000900271031,2022-01-05,1,0,0.9999553
55000900271031,2022-01-06,1,0,0.9999553
55000900271031,2022-01-07,1,0,0.9999553
55000900271031,2022-01-08,1,0,0.9999553
55000900271031,2022-01-09,1,0,0.9999553
55000900271031,2022-01-10,1,0,0.9999553
55000900271031,2022-01-11,1,0,0.9999553
55000900271031,2022-01-12,1,0,0.9999553
55000900271031,2022-01-13,1,0,0.9999553
55000900271031,2022-01-14,1,0,0.9999553
55000900271031,2022-01-15,1,0,0.9999553
55000900271031,2022-01-16,1,0,0.9999553
55000900271031,2022-01-17,1,0,0.9999553
55000900271031,2022-01-18,1,0,0.9999553
55000900271031,2022-01-19,1,0,0.9999553
55000900271031,2022-01-20,1,0,0.9999553
55000900271031,2022-01-21,1,0,0.9999553
55000900271031,2022-01-22,1,0,0.9999553
55000900271031,2022-01-23,1,0,0.9999553
55000900271031,2022-01-24,1,0,0.9999553
55000900271031,2022-01-25,1,0,0.9999553
55000900271031,2022-01-26,1,0,0.9999553
55000900271031,2022-01-27,1,0,0.9999553
55000900271031,2022-01-28,1,0,0.9999553
55000900271031,2022-01-29,1,0,0.9999553
55000900271031,2022-01-30,1,0,0.9999553
55000900271031,2022-01-31,1,0,0.9999553
55000900271031,2022-02-01,1,0,0.9999553
55000900271031,2022-02-02,1,0,0.9999553
55000900271031,2022-02-03,1,0,0.9999553
55000900271031,2022-02-04,1,0,0.9999553
55000900271031,2022-02-05,1,0,0.9999553
55000900271031,2022-02-06,1,0,0.9999553
55000900271031,2022-02-07,1,0,0.9999553
55000900271031,2022-02-08,1,0,0.9999553
55000900271031,2022-02-09,1,0,0.9999553
55000900271031,2022-02-10,1,0,0.9999553
55000900271031,2022-02-11,1,0,0.9999553
55000900271031,2022-02-12,1,0,0.9999553
55000900271031,2022-02-13,1,0,0.9999553
55000900271031,2022-02-14,1,0,0.9999553
55000900271031,2022-02-15,1,0,0.9999553
55000900271031,2022-02-16,1,0,0.9999553
55000900271031,2022-02-17,1,0,0.9999553
55000900271031,2022-02-18,1,0,0.9999553
55000900271031,2022-02-19,1,0,0.9999553
55000900271031,2022-02-20,1,0,0.9999553
55000900271031,2022-02-21,1,0,0.9999553
55000900271031,2022-02-22,1,0,0.9999553
55000900271031,2022-02-23,1,0,0.9999553
55000900271031,2022-02-24,1,0,0.9999553
55000900271031,2022-02-25,1,0,0.9999553
55000900271031,2022-02-26,1,0,0.9999553
55000900271031,2022-02-27,1,0,0.9999553
55000900271031,2022-02-28,1,0,0.9999553
55000900271031,2022-03-01,1,0,0.9999553
55000900271031,2022-03-02,1,0,0.9999553
55000900271031,2022-03-03,1,0,0.9999553
55000900271031,2022-03-04,1,0,0.9999553
55000900271031,2022-03-05,1,0,0.9999553
55000900271031,2022-03-06,1,0,0.9999553
55000900271031,2022-03-07,1,0,0.9999553
55000900271031,2022-03-08,1,0,0.9999553
55000900271031,2022-03-09,1,0,0.9999553
55000900271031,2022-03-10,1,0,0.9999553
55000900271031,2022-03-11,1,0,0.9999553
55000900271031,2022-03-12,1,0,0.9999553
55000900271031,2022-03-14,1,0,0.9999553
55000900271031,2022-03-15,1,0,0.9999553
55000900271031,2022-03-16,1,0,0.9999553
55000900271031,2022-03-17,1,0,0.9999553
55000900271031,2022-03-18,1,0,0.9999553
55000900271031,2022-03-19,1,0,0.9999553
55000900271031,2022-03-20,1,0,0.9999553
55000900271031,2022-03-21,1,0,0.9999553
55000900271031,2022-03-22,1,0,0.9999553
55000900271031,2022-03-23,1,0,0.9999553
55000900271031,2022-03-24,1,0,0.9999553
55000900271031,2022-03-25,1,0,0.9999553
55000900271031,2022-03-26,1,0,0.9999553
55000900271031,2022-03-27,1,0,0.9999553
55000900271031,2022-03-28,1,0,0.9999553
55000900271031,2022-03-29,1,0,0.9999553
55000900271031,2022-03-30,1,0,0.9999553
55000900271031,2022-03-31,1,0,0.9999553
55000900271031,2022-04-01,1,0,0.9999553
55000900271031,2022-04-02,1,0,0.9999553
55000900271031,2022-04-03,1,0,0.9999553
55000900271031,2022-04-04,1,0,0.9999553
55000900271031,2022-04-05,1,0,0.9999553
55000900271031,2022-04-06,1,0,0.9999553
55000900271031,2022-04-07,1,0,0.9999553
55000900271031,2022-04-08,1,0,0.9999553
55000900271031,2022-04-09,1,0,0.9999553
55000900271031,2022-04-10,1,0,0.9999553
55000900271031,2022-04-11,1,0,0.9999553
55000900271031,2022-04-12,1,0,0.9999553
55000900271031,2022-04-13,1,0,0.9999553
55000900271031,2022-04-14,1,0,0.9999553
55000900271031,2022-04-15,1,0,0.9999553
55000900271031,2022-04-16,1,0,0.9999553
55000900271031,2022-04-17,1,0,0.9999553
55000900271031,2022-04-18,1,0,0.9999553
55000900271031,2022-04-19,1,0,0.9999553
55000900271031,2022-04-20,1,0,0.9999553
55000900271031,2022-04-21,1,0,0.9999553
55000900271031,2022-04-22,1,0,0.9999553
55000900271031,2022-04-23,1,0,0.9999553
55000900271031,2022-04-24,1,0,0.9999553
55000900271031,2022-04-25,1,0,0.9999553
55000900271031,2022-04-26,1,0,0.9999553
55000900271031,2022-04-27,1,0,0.9999553
55000900271031,2022-04-28,1,0,0.9999553
55000900271031,2022-04-29,1,0,0.9999553
55000900271031,2022-04-30,1,0,0.9999553
55000900271031,2022-05-01,1,0,0.9999553
55000900271031,2022-05-02,1,0,0.9999553
55000900271031,2022-05-03,1,0,0.9999553
55000900271031,2022-05-04,1,0,0.9999553
55000900271031,2022-05-05,1,0,0.9999553
55000900271031,2022-05-06,1,0,0.9999553
55000900271031,2022-05-07,1,0,0.9999553
55000900271031,2022-05-08,1,0,0.9999553
55000900271031,2022-05-09,1,0,0.9999553
55000900271031,2022-05-10,1,0,0.9999553
55000900271031,2022-05-11,1,0,0.9999553
55000900271031,2022-05-12,1,0,0.9999553
55000900271031,2022-05-13,1,0,0.9999553
55000900271031,2022-05-14,1,0,0.9999553
55000900271031,2022-05-15,1,0,0.9999553
55000900271031,2022-05-16,1,0,0.9999553
55000900271031,2022-05-17,1,0,0.9999553
55000900271031,2022-05-18,1,0,0.9999553
55000900271031,2022-05-19,1,0,0.9999553
55000900271031,2022-05-20,1,0,0.9999553
55000900271031,2022-05-21,1,0,0.9999553
55000900271031,2022-05-22,1,0,0.9999553
55000900271031,2022-05-23,1,0,0.9999553
55000900271031,2022-05-24,1,0,0.9999553
55000900271031,2022-05-25,1,0,0.9999553
55000900271031,2022-05-26,1,0,0.9999553
55000900271031,2022-05-27,1,0,0.9999553
55000900271031,2022-05-28,1,0,0.9999553
55000900271031,2022-05-29,1,0,0.9999553
55000900271031,2022-05-30,1,0,0.9999553
55000900271031,2022-05-31,1,0,0.9999553
55000900271031,2022-06-01,1,0,0.9999553
55000900271031,2022-06-02,1,0,0.9999553
55000900271031,2022-06-03,1,0,0.9999553
55000900271031,2022-06-04,1,0,0.9999553
55000900271031,2022-06-05,1,0,0.9999553
55000900271031,2022-06-06,1,0,0.9999553
55000900271031,2022-06-07,1,0,0.9999553
55000900271031,2022-06-08,1,0,0.9999553
55000900271031,2022-06-09,1,0,0.9999553
55000900271031,2022-06-10,1,0,0.9999553
55000900271031,2022-06-11,1,0,0.9999553
55000900271031,2022-06-12,1,0,0.9999553
55000900271031,2022-06-13,1,0,0.9999553
55000900271031,2022-06-14,1,0,0.9999553
55000900271031,2022-06-15,1,0,0.9999553
55000900271031,2022-06-16,1,0,0.9999553
55000900271031,2022-06-17,1,0,0.9999553
55000900271031,2022-06-18,1,0,0.9999553
55000900271031,2022-06-19,1,0,0.9999553
55000900271031,2022-06-20,1,0,0.9999553
55000900271031,2022-06-21,1,0,0.9999553
55000900271031,2022-06-22,1,0,0.9999553
55000900271031,2022-06-23,1,0,0.9999553
55000900271031,2022-06-24,1,0,0.9999553
55000900271031,2022-06-25,1,0,0.9999553
55000900271031,2022-06-26,1,0,0.9999553
55000900271031,2022-06-27,1,0,0.9999553
55000900271031,2022-06-28,1,0,0.9999553
55000900271031,2022-06-29,1,0,0.9999553
55000900271031,2022-06-30,1,0,0.9999553
55000900271031,2022-07-01,1,0,0.9999553
55000900271031,2022-07-02,1,0,0.9999553
55000900271031,2022-07-03,1,0,0.9999553
55000900271031,2022-07-04,1,0,0.9999553
55000900271031,2022-07-05,1,0,0.9999553
55000900271031,2022-07-06,1,0,0.9999553
55000900271031,2022-07-07,1,0,0.9999553
55000900271031,2022-07-08,1,0,0.9999553
55000900271031,2022-07-09,1,0,0.9999553
55000900271031,2022-07-10,1,0,0.9999553
55000900271031,2022-07-11,1,0,0.9999553
55000900271031,2022-07-12,1,0,0.9999553
55000900271031,2022-07-13,1,0,0.9999553
55000900271031,2022-07-14,1,0,0.9999553
55000900271031,2022-07-15,1,0,0.9999553
55000900271031,2022-07-16,1,0,0.9999553
55000900271031,2022-07-17,1,0,0.9999553
55000900271031,2022-07-18,1,0,0.9999553
55000900271031,2022-07-19,1,0,0.9999553
55000900271031,2022-07-20,1,0,0.9999553
55000900271031,2022-07-21,1,0,0.9999553
55000900271031,2022-07-22,1,0,0.9999553
55000900271031,2022-07-23,1,0,0.9999553
55000900271031,2022-07-24,1,0,0.9999553
55000900271031,2022-07-25,1,0,0.9999553
55000900271031,2022-07-26,1,0,0.9999553
55000900271031,2022-07-27,1,0,0.9999553
55000900271031,2022-07-28,1,0,0.9999553
55000900271031,2022-07-29,1,0,0.9999553
55000900271031,2022-07-30,1,0,0.9999553
55000900271031,2022-07-31,1,0,0.9999553
55000900271031,2022-08-01,1,0,0.9999553
55000900271031,2022-08-02,1,0,0.9999553
55000900271031,2022-08-03,1,0,0.9999553
55000900271031,2022-08-04,1,0,0.9999553
55000900271031,2022-08-05,1,0,0.9999553
55000900271031,2022-08-06,1,0,0.9999553
55000900271031,2022-08-07,1,0,0.9999553
55000900271031,2022-08-08,1,0,0.9999553
55000900271031,2022-08-09,1,0,0.9999553
55000900271031,2022-08-10,1,0,0.9999553
55000900271031,2022-08-11,1,0,0.9999553
55000900271031,2022-08-12,1,0,0.9999553
55000900271031,2022-08-13,1,0,0.9999553
55000900271031,2022-08-14,1,0,0.9999553
55000900271031,2022-08-15,1,0,0.9999553
55000900271031,2022-08-16,1,0,0.9999553
55000900271031,2022-08-17,1,0,0.9999553
55000900271031,2022-08-18,1,0,0.9999553
55000900271031,2022-08-19,1,0,0.9999553
55000900271031,2022-08-20,1,0,0.9999553
55000900271031,2022-08-21,1,0,0.9999553
55000900271031,2022-08-22,1,0,0.9999553
55000900271031,2022-08-23,1,0,0.9999553
55000900271031,2022-08-24,1,0,0.9999553
55000900271031,2022-08-25,1,0,0.9999553
55000900271031,2022-08-26,1,0,0.9999553
55000900271031,2022-08-27,1,0,0.9999553
55000900271031,2022-08-28,1,0,0.9999553
55000900271031,2022-08-29,1,0,0.9999553
55000900271031,2022-08-30,1,0,0.9999553
55000900271031,2022-08-31,1,0,0.9999553
55000900271031,2022-09-01,1,0,0.9999553
55000900271031,2022-09-02,1,0,0.9999553
55000900271031,2022-09-03,1,0,0.9999553
55000900271031,2022-09-04,1,0,0.9999553
55000900271031,2022-09-05,1,0,0.9999553
55000900271031,2022-09-06,1,0,0.9999553
55000900271031,2022-09-07,1,0,0.9999553
55000900271031,2022-09-08,0,0,0.9999553
55000900271031,2022-09-09,1,0,0.9999553
55000900271031,2022-09-10,1,0,0.9999553
55000900271031,2022-09-11,1,0,0.99987113
55000900271031,2022-09-12,1,0,0.9999558
55000900271031,2022-09-13,1,0,0.9999558
55000900271031,2022-09-14,1,0,0.99995613
55000900271031,2022-09-15,0,0,0.99995637
55000900271031,2022-09-16,1,0,0.9999559
55000900271031,2022-09-17,1,0,0.99995625
55000900271031,2022-09-18,1,0,0.9998746
55000900271031,2022-09-19,1,0,0.99995613
55000900271031,2022-09-20,0,0,0.9999565
55000900271031,2022-09-21,1,0,0.9999567
55000900271031,2022-09-22,1,0,0.99995697
55000900271031,2022-09-23,1,0,0.99987817
55000900271031,2022-09-24,0,0,0.9999566
55000900271031,2022-09-25,0,0,0.9999571
55000900271031,2022-09-26,0,0,0.9999573
55000900271031,2022-09-27,0,0,0.9998803
55000900271031,2022-09-28,0,0,0.9997974
55000900271031,2022-09-29,1,0,0.9997354
55000900271031,2022-09-30,1,0,0.9997633
55000900271031,2022-10-01,1,0,0.9997595
55000900271031,2022-10-02,0,0,0.99996006
55000900271031,2022-10-03,0,0,0.99995995
55000900271031,2022-10-04,0,0,0.9999614
55000900271031,2022-10-05,0,0,0.9998771
55000900271031,2022-10-06,0,0,0.9997923
55000900271031,2022-10-07,0,0,0.9997272
55000900271031,2022-10-08,0,0,0.9997422
55000900271031,2022-10-09,0,0,0.99968886
55000900271031,2022-10-10,0,0,0.9974267
55000900271031,2022-10-11,0,0,0.99825186
55000900271031,2022-10-12,0,0,0.9973109
55000900271031,2022-10-13,0,0,0.99725467
55000900271031,2022-10-14,0,0,0.99731976
55000900271031,2022-10-15,0,0,0.99720085
55000900271031,2022-10-16,0,0,0.9970841
55000900271031,2022-10-17,0,0,0.997412
55000900271031,2022-10-18,0,0,0.99702626
55000900271031,2022-10-19,0,0,0.99710673
55000900271031,2022-10-20,0,0,0.99729353
55000900271031,2022-10-21,1,0,0.9973412
55000900271031,2022-10-22,1,0,0.99746037
55000900271031,2022-10-23,1,0,0.9974037
55000900271031,2022-10-24,1,0,0.9996489
55000900271031,2022-10-25,1,0,0.99966407
55000900271031,2022-10-26,1,0,0.9995276
55000900271031,2022-10-27,1,0,0.99980944
55000900271031,2022-10-28,1,0,0.9998528
55000900271031,2022-10-29,1,0,0.9993493
55000900271031,2022-10-30,1,0,0.9996723
55000900271031,2022-10-31,1,0,0.9996605
55000900271031,2022-11-01,1,0,0.999671
55000900271031,2022-11-02,1,0,0.9998777
55000900271031,2022-11-03,1,0,0.99978274
55000900271031,2022-11-04,1,0,0.9997719
55000900271031,2022-11-05,1,0,0.9997696
55000900271031,2022-11-06,1,0,0.99977785
55000900271031,2022-11-07,1,0,0.9997875
55000900271031,2022-11-08,1,0,0.99980444
55000900271031,2022-11-09,1,0,0.9998597
55000900271031,2022-11-10,1,0,0.9999187
55000900271031,2022-11-11,1,0,0.9999391
55000900271031,2022-11-12,1,0,0.9999397
55000900271031,2022-11-13,1,0,0.9999385
55000900271031,2022-11-14,1,0,0.99993765
55000900271031,2022-11-15,1,0,0.9999374
55000900271031,2022-11-16,1,0,0.99993813
55000900271031,2022-11-17,1,0,0.9999404
55000900271031,2022-11-18,1,0,0.9999511
55000900271031,2022-11-19,1,0,0.9999516
55000900271031,2022-11-20,1,0,0.9999548
55000900271031,2022-11-21,1,0,0.99996245
55000900271031,2022-11-22,1,0,0.9999553
55000900271031,2022-11-23,1,0,0.9999553
55000900271031,2022-11-24,1,0,0.9999553
55000900271031,2022-11-25,1,0,0.9999553
55000900271031,2022-11-26,1,0,0.9999553
55000900271031,2022-11-27,1,0,0.9999553
55000900271031,2022-11-28,1,0,0.9999553
55000900271031,2022-11-29,1,0,0.9999553
55000900271031,2022-11-30,1,0,0.9999553
55000900271031,2022-12-01,1,0,0.9999553
55000900271031,2022-12-02,1,0,0.9999553
55000900271031,2022-12-03,1,0,0.9999553
55000900271031,2022-12-04,1,0,0.9999553
55000900271031,2022-12-05,1,0,0.9999553
55000900271031,2022-12-06,1,0,0.9999553
55000900271031,2022-12-07,1,0,0.9999553
55000900271031,2022-12-08,1,0,0.9999553
55000900271031,2022-12-09,1,0,0.9999553
55000900271031,2022-12-10,1,0,0.9999553
55000900271031,2022-12-11,1,0,0.9999553
55000900271031,2022-12-12,1,0,0.9999553
55000900271031,2022-12-13,1,0,0.9999553
55000900271031,2022-12-14,1,0,0.9999553
55000900271031,2022-12-15,1,0,0.9999553
55000900271031,2022-12-16,1,0,0.9999553
55000900271031,2022-12-17,1,0,0.9999553
55000900271031,2022-12-18,1,0,0.9999553
55000900271031,2022-12-19,1,0,0.9999553
55000900271031,2022-12-20,1,0,0.9999553
55000900271031,2022-12-21,1,0,0.9999553
55000900271031,2022-12-22,1,0,0.9999553
55000900271031,2022-12-23,1,0,0.9999553
55000900271031,2022-12-24,1,0,0.9999553
55000900271031,2022-12-25,1,0,0.9999553
55000900271031,2022-12-26,1,0,0.9999553
55000900271031,2022-12-27,1,0,0.9999553
55000900271031,2022-12-28,1,0,0.9999553
55000900271031,2022-12-29,1,0,0.9999553
55000900271031,2022-12-30,1,0,0.9999553
55000900271031,2022-12-31,1,0,0.9999553
55000900271031,2023-01-01,1,0,0.9999553
55000900271031,2023-01-02,1,0,0.9999553
55000900271031,2023-01-03,1,0,0.9999553
55000900271031,2023-01-26,1,0,0.9999553
55000900271031,2023-01-27,1,0,0.9999553
55000900271031,2023-01-28,1,0,0.9999553
55000900271031,2023-01-29,1,0,0.9999553
55000900271031,2023-01-30,1,0,0.9999553
55000900271031,2023-01-31,1,0,0.9999553
55000900271031,2023-02-01,1,0,0.9999553
55000900271031,2023-02-02,1,0,0.9999553
55000900271031,2023-02-03,1,0,0.9999553
55000900271031,2023-02-04,1,0,0.9999553
55000900271031,2023-02-05,1,0,0.9999553
55000900271031,2023-02-06,1,0,0.9999553
55000900271031,2023-02-07,1,0,0.9999553
55000900271031,2023-02-08,1,0,0.9999553
55000900271031,2023-02-09,1,0,0.9999553
55000900271031,2023-02-10,1,0,0.9999553
55000900271031,2023-02-11,1,0,0.9999553
55000900271031,2023-02-12,1,0,0.9999553
55000900271031,2023-02-13,1,0,0.9999553
55000900271031,2023-02-14,1,0,0.9999553
55000900271031,2023-02-15,1,0,0.9999553
55000900271031,2023-02-16,1,0,0.9999553
55000900271031,2023-02-17,1,0,0.9999553
55000900271031,2023-02-18,1,0,0.9999553
55000900271031,2023-02-19,1,0,0.9999553
55000900271031,2023-02-20,1,0,0.9999553
55000900271031,2023-02-21,1,0,0.9999553
55000900271031,2023-02-22,1,0,0.9999553
55000900271031,2023-02-23,1,0,0.9999553
55000900271031,2023-02-24,1,0,0.9999553
55000900271031,2023-02-25,1,0,0.9999553
55000900271031,2023-02-26,1,0,0.9999553
55000900271031,2023-02-27,1,0,0.9999553
55000900271031,2023-02-28,1,0,0.9999553
55000900271031,2023-03-01,1,0,0.9999553
55000900271031,2023-03-02,1,0,0.9999553
55000900271031,2023-03-03,1,0,0.9999553
55000900271031,2023-03-04,1,0,0.9999553
55000900271031,2023-03-05,1,0,0.9999553
55000900271031,2023-03-06,1,0,0.9999553
55000900271031,2023-03-07,1,0,0.9999553
55000900271031,2023-03-08,1,0,0.9999553
55000900271031,2023-03-09,1,0,0.9999553
55000900271031,2023-03-10,1,0,0.9999553
55000900271031,2023-03-11,1,0,0.9999553
55000900271031,2023-03-13,1,0,0.9999553
55000900271031,2023-03-14,1,0,0.9999553
55000900271031,2023-03-15,1,0,0.9999553
55000900271031,2023-03-16,1,0,0.9999553
55000900271031,2023-03-17,1,0,0.9999553
55000900271031,2023-03-18,1,0,0.9999553
55000900271031,2023-03-19,1,0,0.9999553
55000900271031,2023-03-20,1,0,0.9999553
55000900271031,2023-03-21,1,0,0.9999553
55000900271031,2023-03-22,1,0,0.9999553
55000900271031,2023-03-23,1,0,0.9999553
55000900271031,2023-03-24,1,0,0.9999553
55000900271031,2023-03-25,1,0,0.9999553
55000900271031,2023-03-26,1,0,0.9999553
55000900271031,2023-03-27,1,0,0.9999553
55000900271031,2023-03-28,1,0,0.9999553
55000900271031,2023-03-29,1,0,0.9999553
55000900271031,2023-03-30,1,0,0.9999553
55000900271031,2023-03-31,1,0,0.9999553
55000900271031,2023-04-01,1,0,0.9999553
55000900271031,2023-04-02,1,0,0.9999553
55000900271031,2023-04-03,1,0,0.9999553
55000900271031,2023-04-04,1,0,0.9999553
55000900271031,2023-04-05,1,0,0.9999553
55000900271031,2023-04-06,1,0,0.9999553
55000900271031,2023-04-07,1,0,0.9999553
55000900271031,2023-04-08,1,0,0.9999553
55000900271031,2023-04-09,1,0,0.9999553
55000900271031,2023-04-10,1,0,0.9999553
55000900271031,2023-04-11,1,0,0.9999553
55000900271031,2023-04-12,1,0,0.9999553
55000900271031,2023-04-13,1,0,0.9999553
55000900271031,2023-04-14,1,0,0.9999553
55000900271031,2023-04-15,1,0,0.9999553
55000900271031,2023-04-16,1,0,0.9999553
55000900271031,2023-04-17,1,0,0.9999553
55000900271031,2023-04-18,1,0,0.9999553
55000900271031,2023-04-19,1,0,0.9999553
55000900271031,2023-04-20,1,0,0.9999553
55000900271635,2020-09-29,1,8,0.99736124
55000900271635,2020-09-30,1,8,0.9841951
55000900271635,2020-10-01,1,8,0.98260707
55000900271635,2020-10-02,1,8,0.99432606
55000900271635,2020-10-03,1,8,0.9960295
55000900271635,2020-10-04,1,8,0.99628013
55000900271635,2020-10-05,1,8,0.9917161
55000900271635,2020-10-06,1,8,0.9835828
55000900271635,2020-10-07,1,8,0.9789378
55000900271635,2020-10-08,1,8,0.9805565
55000900271635,2020-10-09,1,8,0.9797004
55000900271635,2020-10-10,1,8,0.9832097
55000900271635,2020-10-11,1,8,0.9760705
55000900271635,2020-10-12,1,8,0.9764089
55000900271635,2020-10-13,1,8,0.9943915
55000900271635,2020-10-14,1,8,0.99535924
55000900271635,2020-10-15,1,8,0.98640084
55000900271635,2020-10-16,1,8,0.99575436
55000900271635,2020-10-17,1,8,0.98675597
55000900271635,2020-10-18,1,8,0.97985363
55000900271635,2020-10-19,1,8,0.97231096
55000900271635,2020-10-20,1,0,0.9780277
55000900271635,2020-10-21,1,0,0.9764915
55000900272209,2020-09-29,1,8,0.999841
55000900272209,2020-09-30,1,8,0.99985445
55000900272209,2020-10-01,1,8,0.99985075
55000900272209,2020-10-02,1,8,0.99986446
55000900272209,2020-10-03,1,8,0.9998442
55000900272209,2020-10-04,1,8,0.9998405
55000900272209,2020-10-05,1,8,0.99982065
55000900272209,2020-10-06,1,8,0.9998258
55000900272209,2020-10-07,1,8,0.99981827
55000900272209,2020-10-08,1,8,0.99983275
55000900272209,2020-10-09,1,8,0.99987066
55000900272209,2020-10-10,1,8,0.99995697
55000900272209,2020-10-11,1,8,0.99994564
55000900272209,2020-10-12,1,8,0.9999521
55000900272209,2020-10-13,1,8,0.9999331
55000900272209,2020-10-14,1,8,0.9999471
55000900272209,2020-10-15,1,8,0.99995005
55000900272209,2020-10-16,1,8,0.9999441
55000900272209,2020-10-17,1,8,0.9999584
55000900272209,2020-10-18,1,0,0.99996257
55000900272209,2020-10-19,1,0,0.9999658
55000900272714,2020-09-29,1,8,0.9998404
55000900272714,2020-09-30,1,8,0.9998579
55000900272714,2020-10-01,1,8,0.9998518
55000900272714,2020-10-02,1,8,0.9998833
55000900272714,2020-10-03,1,8,0.999843
55000900272714,2020-10-04,1,8,0.9998872
55000900272714,2020-10-05,1,8,0.999949
55000900272714,2020-10-06,1,8,0.99995327
55000900272714,2020-10-07,1,8,0.99995446
55000900272714,2020-10-08,1,8,0.99988914
55000900272714,2020-10-09,1,8,0.99988234
55000900272714,2020-10-10,1,8,0.9999554
55000900272714,2020-10-11,1,8,0.9998447
55000900272714,2020-10-12,1,8,0.99986005
55000900272714,2020-10-13,1,8,0.99991643
55000900272714,2020-10-14,1,8,0.9999449
55000900272714,2020-10-15,1,8,0.999949
55000900272714,2020-10-16,1,8,0.99995327
55000900272714,2020-10-17,1,8,0.99995327
55000900272714,2020-10-18,1,8,0.9999565
55000900272714,2020-10-19,1,0,0.99994564
55000900272714,2020-10-20,1,0,0.9999409
