site_id,target_date,true_wetdry,label_is_hobo,pred_wetdry_prob
55000900029021,2020-09-11,1,9,0.9992054
55000900029021,2020-09-12,1,9,0.9986118
55000900029021,2020-09-13,1,9,0.99864346
55000900029021,2020-09-14,1,9,0.99911207
55000900029021,2020-09-15,1,9,0.99906725
55000900029021,2020-09-16,1,9,0.99899036
55000900029021,2020-09-17,1,9,0.99913687
55000900029021,2020-09-18,1,9,0.99963725
55000900029021,2020-09-19,1,9,0.9997043
55000900029021,2020-09-20,1,9,0.9997762
55000900029021,2020-09-21,1,9,0.9999447
55000900029021,2020-09-22,1,9,0.9999578
55000900029021,2020-09-23,1,9,0.9999417
55000900029021,2020-09-24,1,9,0.99993086
55000900029021,2020-09-25,1,9,0.9999701
55000900029021,2020-09-26,1,9,0.99998534
55000900029021,2020-09-27,1,9,0.9999888
55000900029021,2020-09-28,1,9,0.99998915
55000900029021,2020-09-29,1,9,0.9999894
55000900029021,2020-09-30,1,9,0.9999895
55000900029021,2020-10-01,1,9,0.99998856
55000900029021,2020-10-02,1,9,0.9999814
55000900029021,2020-10-03,1,9,0.99995804
55000900029021,2020-10-04,1,9,0.99992716
55000900029021,2020-10-05,1,9,0.9999329
55000900029021,2020-10-06,1,9,0.999959
55000900029021,2020-10-07,1,9,0.9999629
55000900029021,2020-10-08,1,9,0.9999373
55000900029021,2020-10-09,1,9,0.99970514
55000900029021,2020-10-10,1,9,0.99987674
55000900029021,2020-10-11,1,9,0.99994457
55000900029021,2020-10-12,1,9,0.9999703
55000900029021,2020-10-13,1,9,0.9999888
55000900029021,2020-10-14,1,9,0.9999894
55000900029021,2020-10-15,1,9,0.9999895
55000900029021,2020-10-16,1,9,0.99998987
55000900029021,2020-10-17,1,9,0.99998987
55000900029021,2020-10-18,1,9,0.99998987
55000900029021,2020-10-19,1,9,0.99999
55000900029021,2020-10-20,1,9,0.99999
55000900029021,2020-10-21,1,0,0.9999889
55000900029021,2020-10-22,1,0,0.99998534
55000900029021,2020-10-23,1,0,0.99998474
55000900029021,2020-10-24,1,0,0.9999893
55000900029021,2020-10-25,1,0,0.99998796
55000900029021,2020-10-26,1,0,0.9999876
55000900029021,2020-10-27,1,0,0.99998975
55000900029021,2020-10-28,1,0,0.99999
55000900029021,2020-10-29,0,0,0.9999751
55000900029021,2020-10-30,1,0,0.9999567
55000900029021,2020-10-31,1,0,0.99986255
55000900029021,2020-11-01,1,0,0.98262745
55000900029021,2020-11-02,0,0,0.9999527
55000900029021,2020-11-03,0,0,0.99993825
55000900029021,2020-11-04,0,0,0.9997266
55000900029021,2020-11-05,1,0,0.94106495
55000900029021,2020-11-06,1,0,0.6503727
55000900029021,2020-11-07,1,0,0.5545841
55000900029021,2020-11-08,1,0,0.99421364
55000900029021,2020-11-09,1,0,0.99925727
55000900029021,2020-11-10,1,0,0.9999032
55000900029021,2020-11-11,1,0,0.99986494
55000900029021,2020-11-12,1,0,0.99980336
55000900029021,2020-11-13,1,0,0.9998481
55000900029021,2020-11-14,1,0,0.99985003
55000900029021,2020-11-15,1,0,0.99987006
55000900029021,2020-11-16,1,0,0.999928
55000900029021,2020-11-17,1,0,0.9999509
55000900029021,2020-11-18,1,0,0.99995327
55000900029021,2020-11-19,1,0,0.9998222
55000900029021,2020-11-20,1,0,0.9998784
55000900029021,2020-11-21,1,0,0.99989605
55000900029021,2020-11-22,1,0,0.9999118
55000900029021,2020-11-23,1,0,0.9996339
55000900029021,2020-11-24,1,0,0.99870336
55000900029021,2020-11-25,1,0,0.99806136
55000900029021,2020-11-26,1,0,0.9994048
55000900029021,2020-11-27,1,0,0.9997578
55000900029021,2020-11-28,1,0,0.9998429
55000900029021,2020-11-29,1,0,0.99967265
55000900029021,2020-11-30,1,0,0.9987074
55000900029021,2020-12-01,1,0,0.99816763
55000900029021,2020-12-02,1,0,0.9969168
55000900029021,2020-12-03,1,0,0.9995733
55000900029021,2020-12-04,1,0,0.99899
55000900029021,2020-12-05,1,0,0.99769324
55000900029021,2020-12-06,1,0,0.9977048
55000900029021,2020-12-07,1,0,0.9999131
55000900029021,2020-12-08,1,0,0.9999136
55000900029021,2020-12-09,1,0,0.9999691
55000900029021,2020-12-10,1,0,0.9999479
55000900029021,2020-12-11,1,0,0.99993193
55000900029021,2020-12-12,1,0,0.9999714
55000900029021,2020-12-13,1,0,0.9999752
55000900029021,2020-12-14,1,0,0.99997747
55000900029021,2020-12-15,1,0,0.9999745
55000900029021,2020-12-16,1,0,0.99997914
55000900029021,2020-12-17,1,0,0.9999666
55000900029021,2020-12-18,1,0,0.9999752
55000900029021,2020-12-19,1,0,0.9999801
55000900029021,2020-12-20,1,0,0.9999801
55000900029021,2020-12-21,1,0,0.99997723
55000900029021,2020-12-22,1,0,0.9999789
55000900029021,2020-12-23,1,0,0.9999813
55000900029021,2020-12-24,1,0,0.9999831
55000900029021,2020-12-25,1,0,0.99998367
55000900029021,2020-12-26,1,0,0.9999757
55000900029021,2020-12-27,1,0,0.99995995
55000900029021,2020-12-28,1,0,0.99998057
55000900029021,2020-12-29,1,0,0.99997747
55000900029021,2020-12-30,1,0,0.9999622
55000900029021,2020-12-31,1,0,0.9999281
55000900029021,2021-01-01,1,0,0.99995327
55000900029021,2021-01-02,1,0,0.99998
55000900029021,2021-01-03,1,0,0.9999782
55000900029021,2021-01-04,1,0,0.99997854
55000900029021,2021-01-05,1,0,0.99997807
55000900029021,2021-01-06,1,0,0.9999783
55000900029021,2021-01-07,1,0,0.99998283
55000900029021,2021-01-08,1,0,0.9999777
55000900029021,2021-01-09,1,0,0.9999777
55000900029021,2021-01-10,1,0,0.9999808
55000900029021,2021-01-11,1,0,0.99998283
55000900029021,2021-01-12,1,0,0.9999819
55000900029021,2021-01-13,1,0,0.99998224
55000900029021,2021-01-14,1,0,0.9999808
55000900029021,2021-01-15,1,0,0.9999827
55000900029021,2021-01-16,1,0,0.99998164
55000900029021,2021-01-17,1,0,0.99998367
55000900029021,2021-01-18,1,0,0.9999808
55000900029021,2021-01-19,1,0,0.99998236
55000900029021,2021-01-20,1,0,0.99998355
55000900029021,2021-01-21,1,0,0.99998164
55000900029021,2021-01-22,1,0,0.9999807
55000900029021,2021-01-23,1,0,0.9999789
55000900029021,2021-01-24,1,0,0.9999784
55000900029021,2021-01-25,1,0,0.9999758
55000900029021,2021-01-26,1,0,0.99997973
55000900029021,2021-01-27,1,0,0.999979
55000900029021,2021-01-28,1,0,0.9999802
55000900029021,2021-01-29,1,0,0.9999809
55000900029021,2021-01-30,1,0,0.999982
55000900029021,2021-01-31,1,0,0.99998534
55000900029021,2021-02-01,1,0,0.9999832
55000900029021,2021-02-02,1,0,0.9999832
55000900029021,2021-02-03,1,0,0.9999832
55000900029021,2021-02-04,1,0,0.9999832
55000900029021,2021-02-05,1,0,0.9999832
55000900029021,2021-02-06,1,0,0.9999832
55000900029021,2021-02-07,1,0,0.9999832
55000900029021,2021-02-08,1,0,0.9999832
55000900029021,2021-02-09,1,0,0.9999832
55000900029021,2021-02-10,1,0,0.9999832
55000900029021,2021-02-11,1,0,0.9999832
55000900029021,2021-02-12,1,0,0.9999832
55000900029021,2021-02-13,1,0,0.9999832
55000900029021,2021-02-14,1,0,0.9999832
55000900029021,2021-02-15,1,0,0.9999832
55000900029021,2021-02-16,1,0,0.9999832
55000900029021,2021-02-17,1,0,0.9999832
55000900029021,2021-02-18,1,0,0.9999832
55000900029021,2021-02-19,1,0,0.9999832
55000900029021,2021-02-20,1,0,0.9999832
55000900029021,2021-02-21,1,0,0.9999832
55000900029021,2021-02-22,1,0,0.9999832
55000900029021,2021-02-23,1,0,0.9999832
55000900029021,2021-02-24,1,0,0.9999832
55000900029021,2021-02-25,1,0,0.9999832
55000900029021,2021-02-26,1,0,0.9999832
55000900029021,2021-02-27,1,0,0.9999832
55000900029021,2021-02-28,1,0,0.9999832
55000900029021,2021-03-01,1,0,0.9999832
55000900029021,2021-03-02,1,0,0.9999832
55000900029021,2021-03-03,1,0,0.9999832
55000900029021,2021-03-04,1,0,0.9999832
55000900029021,2021-03-05,1,0,0.9999832
55000900029021,2021-03-06,1,0,0.9999832
55000900029021,2021-03-07,1,0,0.9999832
55000900029021,2021-03-08,1,0,0.9999832
55000900029021,2021-03-09,1,0,0.9999832
55000900029021,2021-03-10,1,0,0.9999832
55000900029021,2021-03-11,1,0,0.9999832
55000900029021,2021-03-12,1,0,0.9999832
55000900029021,2021-03-13,1,0,0.9999832
55000900029021,2021-03-15,1,0,0.9999832
55000900029021,2021-03-16,1,0,0.9999832
55000900029021,2021-03-17,1,0,0.9999832
55000900029021,2021-03-18,1,0,0.9999832
55000900029021,2021-03-19,1,0,0.9999832
55000900029021,2021-03-20,1,0,0.9999832
55000900029021,2021-03-21,1,0,0.9999832
55000900029021,2021-03-22,1,0,0.9999832
55000900029021,2021-03-23,1,0,0.9999832
55000900029021,2021-03-24,1,0,0.9999832
55000900029021,2021-03-25,1,0,0.9999832
55000900029021,2021-03-26,1,0,0.9999832
55000900029021,2021-03-27,1,0,0.9999832
55000900029021,2021-03-28,1,0,0.9999832
55000900029021,2021-03-29,1,0,0.9999832
55000900029021,2021-03-30,1,0,0.9999832
55000900029021,2021-03-31,1,0,0.9999832
55000900029021,2021-04-01,1,0,0.9999832
55000900029021,2021-04-02,1,0,0.9999832
55000900029021,2021-04-03,1,0,0.9999832
55000900029021,2021-04-04,1,0,0.9999832
55000900029021,2021-04-05,1,0,0.9999832
55000900029021,2021-04-06,1,0,0.9999832
55000900029021,2021-04-07,1,0,0.9999832
55000900029021,2021-04-08,1,0,0.9999832
55000900029021,2021-04-09,1,0,0.9999832
55000900029021,2021-04-10,1,0,0.9999832
55000900029021,2021-04-11,1,0,0.9999832
55000900029021,2021-04-12,1,0,0.9999832
55000900029021,2021-04-13,1,0,0.9999832
55000900029021,2021-04-14,1,0,0.9999832
55000900029021,2021-04-15,1,0,0.9999832
55000900029021,2021-04-16,1,0,0.9999832
55000900029021,2021-04-17,1,0,0.9999832
55000900029021,2021-04-18,1,0,0.9999832
55000900029021,2021-04-19,1,0,0.9999832
55000900029021,2021-04-20,1,0,0.9999832
55000900029021,2021-04-21,1,0,0.9999832
55000900029021,2021-04-22,1,0,0.9999832
55000900029021,2021-04-23,1,0,0.9999832
55000900029021,2021-04-24,1,0,0.9999832
55000900029021,2021-04-25,1,0,0.9999832
55000900029021,2021-04-26,1,0,0.9999832
55000900029021,2021-04-27,1,0,0.9999832
55000900029021,2021-04-28,1,0,0.9999832
55000900029021,2021-04-29,1,0,0.9999832
55000900029021,2021-04-30,1,0,0.9999832
55000900029021,2021-05-01,1,0,0.9999832
55000900029021,2021-05-02,1,0,0.9999832
55000900029021,2021-05-03,1,0,0.9999832
55000900029021,2021-05-04,1,0,0.9999832
55000900029021,2021-05-05,1,0,0.9999832
55000900029021,2021-05-06,1,0,0.9999832
55000900029021,2021-05-07,1,0,0.9999832
55000900029021,2021-05-08,1,0,0.9999832
55000900029021,2021-05-09,1,0,0.9999832
55000900029021,2021-05-10,1,0,0.9999832
55000900029021,2021-05-11,1,0,0.9999832
55000900029021,2021-05-12,1,0,0.9999832
55000900029021,2021-05-13,1,0,0.9999832
55000900029021,2021-05-14,1,0,0.9999832
55000900029021,2021-05-15,1,0,0.9999832
55000900029021,2021-05-16,1,0,0.9999832
55000900029021,2021-05-17,1,0,0.9999832
55000900029021,2021-05-18,1,0,0.9999832
55000900029021,2021-05-19,1,0,0.9999832
55000900029021,2021-05-20,1,0,0.9999832
55000900029021,2021-05-21,1,0,0.9999832
55000900029021,2021-05-22,1,0,0.9999832
55000900029021,2021-05-23,1,0,0.9999832
55000900029021,2021-05-24,1,0,0.9999832
55000900029021,2021-05-25,1,0,0.9999832
55000900029021,2021-05-26,1,0,0.9999832
55000900029021,2021-05-27,1,0,0.9999832
55000900029021,2021-05-28,1,0,0.9999832
55000900029021,2021-05-29,1,0,0.9999832
55000900029021,2021-05-30,1,0,0.9999832
55000900029021,2021-05-31,1,0,0.9999832
55000900029021,2021-06-01,1,0,0.9999832
55000900029021,2021-06-02,1,0,0.9999832
55000900029021,2021-06-03,1,0,0.9999832
55000900029021,2021-06-04,1,0,0.9999832
55000900029021,2021-06-05,1,0,0.9999832
55000900029021,2021-06-06,1,0,0.9999832
55000900029021,2021-06-07,1,0,0.9999832
55000900029021,2021-06-08,1,0,0.9999832
55000900029021,2021-06-09,1,0,0.9999832
55000900029021,2021-06-10,1,0,0.9999832
55000900029021,2021-06-11,1,0,0.9999832
55000900029021,2021-06-12,1,0,0.9999832
55000900029021,2021-06-13,1,0,0.9999832
55000900029021,2021-06-14,1,0,0.9999832
55000900029021,2021-06-15,1,0,0.9999832
55000900029021,2021-06-16,1,0,0.9999832
55000900029021,2021-06-17,1,0,0.9999832
55000900029021,2021-06-18,1,0,0.9999832
55000900029021,2021-06-19,1,0,0.9999832
55000900029021,2021-06-20,1,0,0.9999832
55000900029021,2021-06-21,1,0,0.9999832
55000900029021,2021-06-22,1,0,0.9999832
55000900029021,2021-06-23,1,0,0.9999832
55000900029021,2021-06-24,1,0,0.9999832
55000900029021,2021-06-25,1,0,0.9999832
55000900029021,2021-06-26,1,0,0.9999832
55000900029021,2021-06-27,1,0,0.9999832
55000900029021,2021-06-28,1,0,0.9999832
55000900029021,2021-06-29,1,0,0.9999832
55000900029021,2021-06-30,1,0,0.9999832
55000900029021,2021-07-01,1,0,0.9999832
55000900029021,2021-07-02,1,0,0.9999832
55000900029021,2021-07-03,1,0,0.9999832
55000900029021,2021-07-04,1,0,0.9999832
55000900029021,2021-07-05,1,0,0.9999832
55000900029021,2021-07-06,1,0,0.9999832
55000900029021,2021-07-07,1,0,0.9999832
55000900029021,2021-07-08,1,0,0.9999832
55000900029021,2021-07-09,1,0,0.9999832
55000900029021,2021-07-10,1,0,0.9999832
55000900029021,2021-07-11,1,0,0.9999832
55000900029021,2021-07-12,1,0,0.9999832
55000900029021,2021-07-13,1,0,0.9999832
55000900029021,2021-07-14,1,0,0.9999832
55000900029021,2021-07-15,1,0,0.9999832
55000900029021,2021-07-16,1,0,0.9999832
55000900029021,2021-07-17,1,0,0.9999832
55000900029021,2021-07-18,1,0,0.9999832
55000900029021,2021-07-19,1,0,0.9999832
55000900029021,2021-07-20,1,0,0.9999832
55000900029021,2021-07-21,1,0,0.9999832
55000900029021,2021-07-22,1,0,0.9999832
55000900029021,2021-07-23,1,0,0.9999832
55000900029021,2021-07-24,1,0,0.9999832
55000900029021,2021-07-25,0,0,0.9999832
55000900029021,2021-07-26,1,0,0.9999832
55000900029021,2021-07-27,1,0,0.9999832
55000900029021,2021-07-28,0,0,0.9999757
55000900029021,2021-07-29,0,0,0.999985
55000900029021,2021-07-30,0,0,0.9999851
55000900029021,2021-07-31,0,0,0.9999809
55000900029021,2021-08-01,0,0,0.9999635
55000900029021,2021-08-02,0,0,0.99995744
55000900029021,2021-08-03,0,0,0.9999436
55000900029021,2021-08-04,0,0,0.9998666
55000900029021,2021-08-05,0,0,0.9995802
55000900029021,2021-08-06,0,0,0.9993843
55000900029021,2021-08-07,0,0,0.9993512
55000900029021,2021-08-08,0,0,0.9993318
55000900029021,2021-08-09,0,0,0.9993173
55000900029021,2021-08-10,0,0,0.99930704
55000900029021,2021-08-11,0,0,0.99929917
55000900029021,2021-08-12,0,0,0.99929357
55000900029021,2021-08-13,0,0,0.99928844
55000900029021,2021-08-14,0,0,0.9992841
55000900029021,2021-08-15,0,0,0.9992803
55000900029021,2021-08-16,0,0,0.99927574
55000900029021,2021-08-17,0,0,0.9992719
55000900029021,2021-08-18,0,0,0.9992675
55000900029021,2021-08-19,0,0,0.999263
55000900029021,2021-08-20,0,0,0.99925846
55000900029021,2021-08-21,0,0,0.9992537
55000900029021,2021-08-22,0,0,0.9992487
55000900029021,2021-08-23,0,0,0.99924785
55000900029021,2021-08-24,0,0,0.9992538
55000900029021,2021-08-25,0,0,0.9992441
55000900029021,2021-08-26,0,0,0.9983346
55000900029021,2021-08-27,0,0,0.9992118
55000900029021,2021-08-28,0,0,0.9991918
55000900029021,2021-08-29,0,0,0.99779654
55000900029021,2021-08-30,0,0,0.99779654
55000900029021,2021-08-31,0,0,0.99779654
55000900029021,2021-09-01,0,0,0.99779654
55000900029021,2021-09-02,0,0,0.99779654
55000900029021,2021-09-03,0,0,0.99779654
55000900029021,2021-09-04,0,0,0.99779654
55000900029021,2021-09-05,0,0,0.99779654
55000900029021,2021-09-06,0,0,0.99779654
55000900029021,2021-09-07,0,0,0.99779654
55000900029021,2021-09-08,0,0,0.99779654
55000900029021,2021-09-09,0,0,0.99779654
55000900029021,2021-09-10,0,0,0.99779654
55000900029021,2021-09-11,0,0,0.99779654
55000900029021,2021-09-12,0,0,0.99779654
55000900029021,2021-09-13,0,0,0.99779654
55000900029021,2021-09-14,0,0,0.99779654
55000900029021,2021-09-15,0,0,0.99779654
55000900029021,2021-09-16,0,0,0.99779654
55000900029021,2021-09-17,0,0,0.99779654
55000900029021,2021-09-18,1,0,0.99779654
55000900029021,2021-09-19,1,0,0.99779654
55000900029021,2021-09-20,1,0,0.99779654
55000900029021,2021-09-21,0,0,0.9998242
55000900029021,2021-09-22,0,0,0.9999528
55000900029021,2021-09-23,0,0,0.9999695
55000900029021,2021-09-24,0,0,0.9999089
55000900029021,2021-09-25,0,0,0.9993476
55000900029021,2021-09-26,0,0,0.99883515
55000900029021,2021-09-27,1,0,0.99848807
55000900029021,2021-09-28,1,0,0.99842936
55000900029021,2021-09-29,1,0,0.9983542
55000900029021,2021-09-30,1,0,0.9998579
55000900029021,2021-10-01,1,0,0.9999529
55000900029021,2021-10-02,0,0,0.9999707
55000900029021,2021-10-03,0,0,0.99997425
55000900029021,2021-10-04,0,0,0.9999753
55000900029021,2021-10-05,0,0,0.9999459
55000900029021,2021-10-06,0,0,0.99966145
55000900029021,2021-10-07,0,0,0.9989587
55000900029021,2021-10-08,0,0,0.9985464
55000900029021,2021-10-09,0,0,0.99859005
55000900029021,2021-10-10,1,0,0.9984586
55000900029021,2021-10-11,1,0,0.99850935
55000900029021,2021-10-12,1,0,0.9984825
55000900029021,2021-10-13,0,0,0.9998667
55000900029021,2021-10-14,1,0,0.99995255
55000900029021,2021-10-15,1,0,0.99997103
55000900029021,2021-10-16,0,0,0.99992156
55000900029021,2021-10-17,1,0,0.9999666
55000900029021,2021-10-18,1,0,0.9999746
55000900029021,2021-10-19,1,0,0.9999409
55000900029021,2021-10-20,1,0,0.99998546
55000900029021,2021-10-21,1,0,0.9999857
55000900029021,2021-10-22,1,0,0.9999858
55000900029021,2021-10-23,1,0,0.99997604
55000900029021,2021-10-24,1,0,0.99997604
55000900029021,2021-10-25,1,0,0.9999759
55000900029021,2021-10-26,1,0,0.99997556
55000900029021,2021-10-27,1,0,0.99997497
55000900029021,2021-10-28,1,0,0.9999746
55000900029021,2021-10-29,1,0,0.9999851
55000900029021,2021-10-30,1,0,0.9999846
55000900029021,2021-10-31,1,0,0.99998426
55000900029021,2021-11-01,1,0,0.999984
55000900029021,2021-11-02,1,0,0.9999839
55000900029021,2021-11-03,1,0,0.9999635
55000900029021,2021-11-04,1,0,0.99996305
55000900029021,2021-11-05,1,0,0.9999629
55000900029021,2021-11-06,1,0,0.9999628
55000900029021,2021-11-07,1,0,0.9999628
55000900029021,2021-11-08,1,0,0.99996305
55000900029021,2021-11-09,1,0,0.9999646
55000900029021,2021-11-10,1,0,0.99996555
55000900029021,2021-11-11,1,0,0.9999832
55000900029021,2021-11-12,1,0,0.9999833
55000900029021,2021-11-13,1,0,0.9999833
55000900029021,2021-11-14,1,0,0.9999654
55000900029021,2021-11-15,1,0,0.9999833
55000900029021,2021-11-16,1,0,0.9999833
55000900029021,2021-11-17,1,0,0.9999651
55000900029021,2021-11-18,1,0,0.9999832
55000900029021,2021-11-19,1,0,0.9999832
55000900029021,2021-11-20,1,0,0.9999832
55000900029021,2021-11-21,1,0,0.9999832
55000900029021,2021-11-22,1,0,0.9999832
55000900029021,2021-11-23,1,0,0.9999832
55000900029021,2021-11-24,1,0,0.9999832
55000900029021,2021-11-25,1,0,0.9999832
55000900029021,2021-11-26,1,0,0.9999832
55000900029021,2021-11-27,1,0,0.9999832
55000900029021,2021-11-28,1,0,0.9999832
55000900029021,2021-11-29,1,0,0.9999832
55000900029021,2021-11-30,1,0,0.9999832
55000900029021,2021-12-01,1,0,0.9999832
55000900029021,2021-12-02,1,0,0.9999832
55000900029021,2021-12-03,1,0,0.9999832
55000900029021,2021-12-04,1,0,0.9999832
55000900029021,2021-12-05,1,0,0.9999832
55000900029021,2021-12-06,1,0,0.9999832
55000900029021,2021-12-07,1,0,0.9999832
55000900029021,2021-12-08,1,0,0.9999832
55000900029021,2021-12-09,1,0,0.9999832
55000900029021,2021-12-10,1,0,0.9999832
55000900029021,2021-12-11,1,0,0.9999832
55000900029021,2021-12-12,1,0,0.9999832
55000900029021,2021-12-13,1,0,0.9999832
55000900029021,2021-12-14,1,0,0.9999832
55000900029021,2021-12-15,1,0,0.9999832
55000900029021,2021-12-16,1,0,0.9999832
55000900029021,2021-12-17,1,0,0.9999832
55000900029021,2021-12-18,1,0,0.9999832
55000900029021,2021-12-19,1,0,0.9999832
55000900029021,2021-12-20,1,0,0.9999832
55000900029021,2021-12-21,1,0,0.9999832
55000900029021,2021-12-22,1,0,0.9999832
55000900029021,2021-12-23,1,0,0.9999832
55000900029021,2021-12-24,1,0,0.9999832
55000900029021,2021-12-25,1,0,0.9999832
55000900029021,2021-12-26,1,0,0.9999832
55000900029021,2021-12-27,1,0,0.9999832
55000900029021,2021-12-28,1,0,0.9999832
55000900029021,2021-12-29,1,0,0.9999832
55000900029021,2021-12-30,1,0,0.9999832
55000900029021,2021-12-31,1,0,0.9999832
55000900029021,2022-01-01,1,0,0.9999832
55000900029021,2022-01-02,1,0,0.9999832
55000900029021,2022-01-03,1,0,0.9999832
55000900029021,2022-01-04,1,0,0.9999832
55000900029021,2022-01-05,1,0,0.9999832
55000900029021,2022-01-06,1,0,0.9999832
55000900029021,2022-01-07,1,0,0.9999832
55000900029021,2022-01-08,1,0,0.9999832
55000900029021,2022-01-09,1,0,0.9999832
55000900029021,2022-01-10,1,0,0.9999832
55000900029021,2022-01-11,1,0,0.9999832
55000900029021,2022-01-12,1,0,0.9999832
55000900029021,2022-01-13,1,0,0.9999832
55000900029021,2022-01-14,1,0,0.9999832
55000900029021,2022-01-15,1,0,0.9999832
55000900029021,2022-01-16,1,0,0.9999832
55000900029021,2022-01-17,1,0,0.9999832
55000900029021,2022-01-18,1,0,0.9999832
55000900029021,2022-01-19,1,0,0.9999832
55000900029021,2022-01-20,1,0,0.9999832
55000900029021,2022-01-21,1,0,0.9999832
55000900029021,2022-01-22,1,0,0.9999832
55000900029021,2022-01-23,1,0,0.9999832
55000900029021,2022-01-24,1,0,0.9999832
55000900029021,2022-01-25,1,0,0.9999832
55000900029021,2022-01-26,1,0,0.9999832
55000900029021,2022-01-27,1,0,0.9999832
55000900029021,2022-01-28,1,0,0.9999832
55000900029021,2022-01-29,1,0,0.9999832
55000900029021,2022-01-30,1,0,0.9999832
55000900029021,2022-01-31,1,0,0.9999832
55000900029021,2022-02-01,1,0,0.9999832
55000900029021,2022-02-02,1,0,0.9999832
55000900029021,2022-02-03,1,0,0.9999832
55000900029021,2022-02-04,1,0,0.9999832
55000900029021,2022-02-05,1,0,0.9999832
55000900029021,2022-02-06,1,0,0.9999832
55000900029021,2022-02-07,1,0,0.9999832
55000900029021,2022-02-08,1,0,0.9999832
55000900029021,2022-02-09,1,0,0.9999832
55000900029021,2022-02-10,1,0,0.9999832
55000900029021,2022-02-11,1,0,0.9999832
55000900029021,2022-02-12,1,0,0.9999832
55000900029021,2022-02-13,1,0,0.9999832
55000900029021,2022-02-14,1,0,0.9999832
55000900029021,2022-02-15,1,0,0.9999832
55000900029021,2022-02-16,1,0,0.9999832
55000900029021,2022-02-17,1,0,0.9999832
55000900029021,2022-02-18,1,0,0.9999832
55000900029021,2022-02-19,1,0,0.9999832
55000900029021,2022-02-20,1,0,0.9999832
55000900029021,2022-02-21,1,0,0.9999832
55000900029021,2022-02-22,1,0,0.9999832
55000900029021,2022-02-23,1,0,0.9999832
55000900029021,2022-02-24,1,0,0.9999832
55000900029021,2022-02-25,1,0,0.9999832
55000900029021,2022-02-26,1,0,0.9999832
55000900029021,2022-02-27,1,0,0.9999832
55000900029021,2022-02-28,1,0,0.9999832
55000900029021,2022-03-01,1,0,0.9999832
55000900029021,2022-03-02,1,0,0.9999832
55000900029021,2022-03-03,1,0,0.9999832
55000900029021,2022-03-04,1,0,0.9999832
55000900029021,2022-03-05,1,0,0.9999832
55000900029021,2022-03-06,1,0,0.9999832
55000900029021,2022-03-07,1,0,0.9999832
55000900029021,2022-03-08,1,0,0.9999832
55000900029021,2022-03-09,1,0,0.9999832
55000900029021,2022-03-10,1,0,0.9999832
55000900029021,2022-03-11,1,0,0.9999832
55000900029021,2022-03-12,1,0,0.9999832
55000900029021,2022-03-14,1,0,0.9999832
55000900029021,2022-03-15,1,0,0.9999832
55000900029021,2022-03-16,1,0,0.9999832
55000900029021,2022-03-17,1,0,0.9999832
55000900029021,2022-03-18,1,0,0.9999832
55000900029021,2022-03-19,1,0,0.9999832
55000900029021,2022-03-20,1,0,0.9999832
55000900029021,2022-03-21,1,0,0.9999832
55000900029021,2022-03-22,1,0,0.9999832
55000900029021,2022-03-23,1,0,0.9999832
55000900029021,2022-03-24,1,0,0.9999832
55000900029021,2022-03-25,1,0,0.9999832
55000900029021,2022-03-26,1,0,0.9999832
55000900029021,2022-03-27,1,0,0.9999832
55000900029021,2022-03-28,1,0,0.9999832
55000900029021,2022-03-29,1,0,0.9999832
55000900029021,2022-03-30,1,0,0.9999832
55000900029021,2022-03-31,1,0,0.9999832
55000900029021,2022-04-01,1,0,0.9999832
55000900029021,2022-04-02,1,0,0.9999832
55000900029021,2022-04-03,1,0,0.9999832
55000900029021,2022-04-04,1,0,0.9999832
55000900029021,2022-04-05,1,0,0.9999832
55000900029021,2022-04-06,1,0,0.9999832
55000900029021,2022-04-07,1,0,0.9999832
55000900029021,2022-04-08,1,0,0.9999832
55000900029021,2022-04-09,1,0,0.9999832
55000900029021,2022-04-10,1,0,0.9999832
55000900029021,2022-04-11,1,0,0.9999832
55000900029021,2022-04-12,1,0,0.9999832
55000900029021,2022-04-13,1,0,0.9999832
55000900029021,2022-04-14,1,0,0.9999832
55000900029021,2022-04-15,1,0,0.9999832
55000900029021,2022-04-16,1,0,0.9999832
55000900029021,2022-04-17,1,0,0.9999832
55000900029021,2022-04-18,1,0,0.9999832
55000900029021,2022-04-19,1,0,0.9999832
55000900029021,2022-04-20,1,0,0.9999832
55000900029021,2022-04-21,1,0,0.9999832
55000900029021,2022-04-22,1,0,0.9999832
55000900029021,2022-04-23,1,0,0.9999832
55000900029021,2022-04-24,1,0,0.9999832
55000900029021,2022-04-25,1,0,0.9999832
55000900029021,2022-04-26,1,0,0.9999832
55000900029021,2022-04-27,1,0,0.9999832
55000900029021,2022-04-28,1,0,0.9999832
55000900029021,2022-04-29,1,0,0.9999832
55000900029021,2022-04-30,1,0,0.9999832
55000900029021,2022-05-01,1,0,0.9999832
55000900029021,2022-05-02,1,0,0.9999832
55000900029021,2022-05-03,1,0,0.9999832
55000900029021,2022-05-04,1,0,0.9999832
55000900029021,2022-05-05,1,0,0.9999832
55000900029021,2022-05-06,1,0,0.9999832
55000900029021,2022-05-07,1,0,0.9999832
55000900029021,2022-05-08,1,0,0.9999832
55000900029021,2022-05-09,1,0,0.9999832
55000900029021,2022-05-10,1,0,0.9999832
55000900029021,2022-05-11,1,0,0.9999832
55000900029021,2022-05-12,1,0,0.9999832
55000900029021,2022-05-13,1,0,0.9999832
55000900029021,2022-05-14,1,0,0.9999832
55000900029021,2022-05-15,1,0,0.9999832
55000900029021,2022-05-16,1,0,0.9999832
55000900029021,2022-05-17,1,0,0.9999832
55000900029021,2022-05-18,1,0,0.9999832
55000900029021,2022-05-19,1,0,0.9999832
55000900029021,2022-05-20,1,0,0.9999832
55000900029021,2022-05-21,1,0,0.9999832
55000900029021,2022-05-22,1,0,0.9999832
55000900029021,2022-05-23,1,0,0.9999832
55000900029021,2022-05-24,1,0,0.9999832
55000900029021,2022-05-25,1,0,0.9999832
55000900029021,2022-05-26,1,0,0.9999832
55000900029021,2022-05-27,1,0,0.9999832
55000900029021,2022-05-28,1,0,0.9999832
55000900029021,2022-05-29,1,0,0.9999832
55000900029021,2022-05-30,1,0,0.9999832
55000900029021,2022-05-31,1,0,0.9999832
55000900029021,2022-06-01,1,0,0.9999832
55000900029021,2022-06-02,1,0,0.9999832
55000900029021,2022-06-03,1,0,0.9999832
55000900029021,2022-06-04,1,0,0.9999832
55000900029021,2022-06-05,1,0,0.9999832
55000900029021,2022-06-06,1,0,0.9999832
55000900029021,2022-06-07,1,0,0.9999832
55000900029021,2022-06-08,1,0,0.9999832
55000900029021,2022-06-09,1,0,0.9999832
55000900029021,2022-06-10,1,0,0.9999832
55000900029021,2022-06-11,1,0,0.9999832
55000900029021,2022-06-12,1,0,0.9999832
55000900029021,2022-06-13,1,0,0.9999832
55000900029021,2022-06-14,1,0,0.9999832
55000900029021,2022-06-15,1,0,0.9999832
55000900029021,2022-06-16,1,0,0.9999832
55000900029021,2022-06-17,1,0,0.9999832
55000900029021,2022-06-18,1,0,0.9999832
55000900029021,2022-06-19,1,0,0.9999832
55000900029021,2022-06-20,1,0,0.9999832
55000900029021,2022-06-21,1,0,0.9999832
55000900029021,2022-06-22,1,0,0.9999832
55000900029021,2022-06-23,1,0,0.9999832
55000900029021,2022-06-24,1,0,0.9999832
55000900029021,2022-06-25,1,0,0.9999832
55000900029021,2022-06-26,1,0,0.9999832
55000900029021,2022-06-27,1,0,0.9999832
55000900029021,2022-06-28,1,0,0.9999832
55000900029021,2022-06-29,1,0,0.9999832
55000900029021,2022-06-30,1,0,0.9999832
55000900029021,2022-07-01,1,0,0.9999832
55000900029021,2022-07-02,1,0,0.9999832
55000900029021,2022-07-03,1,0,0.9999832
55000900029021,2022-07-04,1,0,0.9999832
55000900029021,2022-07-05,1,0,0.9999832
55000900029021,2022-07-06,1,0,0.9999832
55000900029021,2022-07-07,1,0,0.9999832
55000900029021,2022-07-08,1,0,0.9999832
55000900029021,2022-07-09,1,0,0.9999832
55000900029021,2022-07-10,1,0,0.9999832
55000900029021,2022-07-11,1,0,0.9999832
55000900029021,2022-07-12,1,0,0.9999832
55000900029021,2022-07-13,1,0,0.9999832
55000900029021,2022-07-14,1,0,0.9999832
55000900029021,2022-07-15,1,0,0.9999832
55000900029021,2022-07-16,1,0,0.9999832
55000900029021,2022-07-17,1,0,0.9999832
55000900029021,2022-07-18,1,0,0.9999832
55000900029021,2022-07-19,1,0,0.9999832
55000900029021,2022-07-20,1,0,0.9999832
55000900029021,2022-07-21,1,0,0.9999832
55000900029021,2022-07-22,1,0,0.9999832
55000900029021,2022-07-23,1,0,0.9999832
55000900029021,2022-07-24,1,0,0.9999832
55000900029021,2022-07-25,1,0,0.9999832
55000900029021,2022-07-26,1,0,0.9999832
55000900029021,2022-07-27,1,0,0.9999832
55000900029021,2022-07-28,1,0,0.9999832
55000900029021,2022-07-29,1,0,0.9999832
55000900029021,2022-07-30,1,0,0.9999832
55000900029021,2022-07-31,1,0,0.9999832
55000900029021,2022-08-01,1,0,0.9999832
55000900029021,2022-08-02,1,0,0.9999832
55000900029021,2022-08-03,1,0,0.9999832
55000900029021,2022-08-04,1,0,0.9999832
55000900029021,2022-08-05,1,0,0.9999832
55000900029021,2022-08-06,1,0,0.9999832
55000900029021,2022-08-07,1,0,0.9999832
55000900029021,2022-08-08,1,0,0.9999832
55000900029021,2022-08-09,1,0,0.9999832
55000900029021,2022-08-10,1,0,0.9999832
55000900029021,2022-08-11,1,0,0.9999832
55000900029021,2022-08-12,1,0,0.9999832
55000900029021,2022-08-13,1,0,0.9999832
55000900029021,2022-08-14,1,0,0.9999832
55000900029021,2022-08-15,1,0,0.9999832
55000900029021,2022-08-16,1,0,0.9999832
55000900029021,2022-08-17,1,0,0.9999832
55000900029021,2022-08-18,1,0,0.9999832
55000900029021,2022-08-19,1,0,0.9999832
55000900029021,2022-08-20,1,0,0.9999832
55000900029021,2022-08-21,1,0,0.9999832
55000900029021,2022-08-22,1,0,0.9999832
55000900029021,2022-08-23,1,0,0.9999832
55000900029021,2022-08-24,1,0,0.9999832
55000900029021,2022-08-25,1,0,0.9999832
55000900029021,2022-08-26,1,0,0.9999832
55000900029021,2022-08-27,1,0,0.9999832
55000900029021,2022-08-28,1,0,0.9999832
55000900029021,2022-08-29,1,0,0.9999832
55000900029021,2022-08-30,1,0,0.9999832
55000900029021,2022-08-31,1,0,0.9999832
55000900029021,2022-09-01,1,0,0.9999832
55000900029021,2022-09-02,1,0,0.9999832
55000900029021,2022-09-03,1,0,0.9999832
55000900029021,2022-09-04,1,0,0.9999832
55000900029021,2022-09-05,1,0,0.9999832
55000900029021,2022-09-06,1,0,0.9999832
55000900029021,2022-09-07,1,0,0.9999832
55000900029021,2022-09-08,1,0,0.9999832
55000900029021,2022-09-09,1,0,0.9999832
55000900029021,2022-09-10,1,0,0.9999832
55000900029021,2022-09-11,1,0,0.9999832
55000900029021,2022-09-12,1,0,0.9999832
55000900029021,2022-09-13,1,0,0.9999832
55000900029021,2022-09-14,1,0,0.9999832
55000900029021,2022-09-15,1,0,0.9999832
55000900029021,2022-09-16,1,0,0.9999832
55000900029021,2022-09-17,1,0,0.9999832
55000900029021,2022-09-18,1,0,0.9999832
55000900029021,2022-09-19,1,0,0.9999832
55000900029021,2022-09-20,1,0,0.9999832
55000900029021,2022-09-21,1,0,0.9999832
55000900029021,2022-09-22,1,0,0.9999832
55000900029021,2022-09-23,1,0,0.9999832
55000900029021,2022-09-24,1,0,0.9999832
55000900029021,2022-09-25,1,0,0.9999832
55000900029021,2022-09-26,1,0,0.9999832
55000900029021,2022-09-27,1,0,0.9999832
55000900029021,2022-09-28,1,0,0.9999832
55000900029021,2022-09-29,1,0,0.9999832
55000900029021,2022-09-30,1,0,0.9999832
55000900029021,2022-10-01,1,0,0.9999832
55000900029021,2022-10-02,0,0,0.9999832
55000900029021,2022-10-03,0,0,0.9999832
55000900029021,2022-10-04,0,0,0.9999832
55000900029021,2022-10-05,0,0,0.9999757
55000900029021,2022-10-06,0,0,0.99996185
55000900029021,2022-10-07,1,0,0.9999566
55000900029021,2022-10-08,1,0,0.9999449
55000900029021,2022-10-09,0,0,0.9999052
55000900029021,2022-10-10,0,0,0.9999838
55000900029021,2022-10-11,0,0,0.9999856
55000900029021,2022-10-12,0,0,0.99997854
55000900029021,2022-10-13,0,0,0.9998833
55000900029021,2022-10-14,0,0,0.9996087
55000900029021,2022-10-15,0,0,0.99939144
55000900029021,2022-10-16,0,0,0.9993567
55000900029021,2022-10-17,0,0,0.99933726
55000900029021,2022-10-18,0,0,0.99932325
55000900029021,2022-10-19,0,0,0.9993112
55000900029021,2022-10-20,0,0,0.999302
55000900029021,2022-10-21,1,0,0.9992949
55000900029021,2022-10-22,1,0,0.99928963
55000900029021,2022-10-23,1,0,0.9992859
55000900029021,2022-10-24,1,0,0.9999378
55000900029021,2022-10-25,1,0,0.9999665
55000900029021,2022-10-26,1,0,0.9999821
55000900029021,2022-10-27,1,0,0.9999851
55000900029021,2022-10-28,1,0,0.9999856
55000900029021,2022-10-29,1,0,0.9999857
55000900029021,2022-10-30,1,0,0.9999857
55000900029021,2022-10-31,1,0,0.9999857
55000900029021,2022-11-01,1,0,0.9999857
55000900029021,2022-11-02,1,0,0.9999857
55000900029021,2022-11-03,1,0,0.9999745
55000900029021,2022-11-04,1,0,0.99997306
55000900029021,2022-11-05,1,0,0.9999708
55000900029021,2022-11-06,1,0,0.9999685
55000900029021,2022-11-07,1,0,0.9999683
55000900029021,2022-11-08,1,0,0.9999838
55000900029021,2022-11-09,1,0,0.99998367
55000900029021,2022-11-10,1,0,0.9999633
55000900029021,2022-11-11,1,0,0.9999629
55000900029021,2022-11-12,1,0,0.9999627
55000900029021,2022-11-13,1,0,0.9999627
55000900029021,2022-11-14,1,0,0.9999627
55000900029021,2022-11-15,1,0,0.9999627
55000900029021,2022-11-16,1,0,0.9999627
55000900029021,2022-11-17,1,0,0.9999628
55000900029021,2022-11-18,1,0,0.9999628
55000900029021,2022-11-19,1,0,0.99996305
55000900029021,2022-11-20,1,0,0.99996436
55000900029021,2022-11-21,1,0,0.9999651
55000900029021,2022-11-22,1,0,0.9999832
55000900029021,2022-11-23,1,0,0.9999832
55000900029021,2022-11-24,1,0,0.9999832
55000900029021,2022-11-25,1,0,0.9999832
55000900029021,2022-11-26,1,0,0.9999832
55000900029021,2022-11-27,1,0,0.9999832
55000900029021,2022-11-28,1,0,0.9999832
55000900029021,2022-11-29,1,0,0.9999832
55000900029021,2022-11-30,1,0,0.9999832
55000900029021,2022-12-01,1,0,0.9999832
55000900029021,2022-12-02,1,0,0.9999832
55000900029021,2022-12-03,1,0,0.9999832
55000900029021,2022-12-04,1,0,0.9999832
55000900029021,2022-12-05,1,0,0.9999832
55000900029021,2022-12-06,1,0,0.9999832
55000900029021,2022-12-07,1,0,0.9999832
55000900029021,2022-12-08,1,0,0.9999832
55000900029021,2022-12-09,1,0,0.9999832
55000900029021,2022-12-10,1,0,0.9999832
55000900029021,2022-12-11,1,0,0.9999832
55000900029021,2022-12-12,1,0,0.9999832
55000900029021,2022-12-13,1,0,0.9999832
55000900029021,2022-12-14,1,0,0.9999832
55000900029021,2022-12-15,1,0,0.9999832
55000900029021,2022-12-16,1,0,0.9999832
55000900029021,2022-12-17,1,0,0.9999832
55000900029021,2022-12-18,1,0,0.9999832
55000900029021,2022-12-19,1,0,0.9999832
55000900029021,2022-12-20,1,0,0.9999832
55000900029021,2022-12-21,1,0,0.9999832
55000900029021,2022-12-22,1,0,0.9999832
55000900029021,2022-12-23,1,0,0.9999832
55000900029021,2022-12-24,1,0,0.9999832
55000900029021,2022-12-25,1,0,0.9999832
55000900029021,2022-12-26,1,0,0.9999832
55000900029021,2022-12-27,1,0,0.9999832
55000900029021,2022-12-28,1,0,0.9999832
55000900029021,2022-12-29,1,0,0.9999832
55000900029021,2022-12-30,1,0,0.9999832
55000900029021,2022-12-31,1,0,0.9999832
55000900029021,2023-01-01,1,0,0.9999832
55000900029021,2023-01-02,1,0,0.9999832
55000900029021,2023-01-03,1,0,0.9999832
55000900029021,2023-01-04,1,0,0.9999832
55000900029021,2023-01-05,1,0,0.9999832
55000900029021,2023-01-06,1,0,0.9999832
55000900029021,2023-01-07,1,0,0.9999832
55000900029021,2023-01-08,1,0,0.9999832
55000900029021,2023-01-09,1,0,0.9999832
55000900029021,2023-01-10,1,0,0.9999832
55000900029021,2023-01-11,1,0,0.9999832
55000900029021,2023-01-12,1,0,0.9999832
55000900029021,2023-01-13,1,0,0.9999832
55000900029021,2023-01-14,1,0,0.9999832
55000900029021,2023-01-15,1,0,0.9999832
55000900029021,2023-01-16,1,0,0.9999832
55000900029021,2023-01-17,1,0,0.9999832
55000900029021,2023-01-18,1,0,0.9999832
55000900029021,2023-01-19,1,0,0.9999832
55000900029021,2023-01-20,1,0,0.9999832
55000900029021,2023-01-21,1,0,0.9999832
55000900029021,2023-01-22,1,0,0.9999832
55000900029021,2023-01-23,1,0,0.9999832
55000900029021,2023-01-24,1,0,0.9999832
55000900029021,2023-01-25,1,0,0.9999832
55000900029021,2023-01-26,1,0,0.9999832
55000900029021,2023-01-27,1,0,0.9999832
55000900029021,2023-01-28,1,0,0.9999832
55000900029021,2023-01-29,1,0,0.9999832
55000900029021,2023-01-30,1,0,0.9999832
55000900029021,2023-01-31,1,0,0.9999832
55000900029021,2023-02-01,1,0,0.9999832
55000900029021,2023-02-02,1,0,0.9999832
55000900029021,2023-02-03,1,0,0.9999832
55000900029021,2023-02-04,1,0,0.9999832
55000900029021,2023-02-05,1,0,0.9999832
55000900029021,2023-02-06,1,0,0.9999832
55000900029021,2023-02-07,1,0,0.9999832
55000900029021,2023-02-08,1,0,0.9999832
55000900029021,2023-02-09,1,0,0.9999832
55000900029021,2023-02-10,1,0,0.9999832
55000900029021,2023-02-11,1,0,0.9999832
55000900029021,2023-02-12,1,0,0.9999832
55000900029021,2023-02-13,1,0,0.9999832
55000900029021,2023-02-14,1,0,0.9999832
55000900029021,2023-02-15,1,0,0.9999832
55000900029021,2023-02-16,1,0,0.9999832
55000900029021,2023-02-17,1,0,0.9999832
55000900029021,2023-02-18,1,0,0.9999832
55000900029021,2023-02-19,1,0,0.9999832
55000900029021,2023-02-20,1,0,0.9999832
55000900029021,2023-02-21,1,0,0.9999832
55000900029021,2023-02-22,1,0,0.9999832
55000900029021,2023-02-23,1,0,0.9999832
55000900029021,2023-02-24,1,0,0.9999832
55000900029021,2023-02-25,1,0,0.9999832
55000900029021,2023-02-26,1,0,0.9999832
55000900029021,2023-02-27,1,0,0.9999832
55000900029021,2023-02-28,1,0,0.9999832
55000900029021,2023-03-01,1,0,0.9999832
55000900029021,2023-03-02,1,0,0.9999832
55000900029021,2023-03-03,1,0,0.9999832
55000900029021,2023-03-04,1,0,0.9999832
55000900029021,2023-03-05,1,0,0.9999832
55000900029021,2023-03-06,1,0,0.9999832
55000900029021,2023-03-07,1,0,0.9999832
55000900029021,2023-03-08,1,0,0.9999832
55000900029021,2023-03-09,1,0,0.9999832
55000900029021,2023-03-10,1,0,0.9999832
55000900029021,2023-03-11,1,0,0.9999832
55000900029021,2023-03-13,1,0,0.9999832
55000900029021,2023-03-14,1,0,0.9999832
55000900029021,2023-03-15,1,0,0.9999832
55000900029021,2023-03-16,1,0,0.9999832
55000900029021,2023-03-17,1,0,0.9999832
55000900029021,2023-03-18,1,0,0.9999832
55000900029021,2023-03-19,1,0,0.9999832
55000900029021,2023-03-20,1,0,0.9999832
55000900029021,2023-03-21,1,0,0.9999832
55000900029021,2023-03-22,1,0,0.9999832
55000900029021,2023-03-23,1,0,0.9999832
55000900029021,2023-03-24,1,0,0.9999832
55000900029021,2023-03-25,1,0,0.9999832
55000900029021,2023-03-26,1,0,0.9999832
55000900029021,2023-03-27,1,0,0.9999832
55000900029021,2023-03-28,1,0,0.9999832
55000900029021,2023-03-29,1,0,0.9999832
55000900029021,2023-03-30,1,0,0.9999832
55000900029021,2023-03-31,1,0,0.9999832
55000900029021,2023-04-01,1,0,0.9999832
55000900029021,2023-04-02,1,0,0.9999832
55000900029021,2023-04-03,1,0,0.9999832
55000900029021,2023-04-04,1,0,0.9999832
55000900029021,2023-04-05,1,0,0.9999832
55000900029021,2023-04-06,1,0,0.9999832
55000900029021,2023-04-07,1,0,0.9999832
55000900029021,2023-04-08,1,0,0.9999832
55000900029021,2023-04-09,1,0,0.9999832
55000900029021,2023-04-10,1,0,0.9999832
55000900029021,2023-04-11,1,0,0.9999832
55000900029021,2023-04-12,1,0,0.9999832
55000900029021,2023-04-13,1,0,0.9999832
55000900029021,2023-04-14,1,0,0.9999832
55000900029021,2023-04-15,1,0,0.9999832
55000900029021,2023-04-16,1,0,0.9999832
55000900029021,2023-04-17,1,0,0.9999832
55000900029021,2023-04-18,1,0,0.9999832
55000900029021,2023-04-19,1,0,0.9999832
55000900029021,2023-04-20,1,0,0.9999832
55000900029608,2020-09-11,1,0,0.9997452
55000900029608,2020-09-12,1,0,0.99968886
55000900029608,2020-09-13,1,0,0.9998005
55000900029608,2020-09-14,1,0,0.99990594
55000900029608,2020-09-15,1,0,0.99992526
55000900029608,2020-09-16,1,0,0.9999031
55000900029608,2020-09-17,1,0,0.9999064
55000900029608,2020-09-18,1,0,0.9998996
55000900029608,2020-09-19,1,0,0.99991405
55000900029608,2020-09-20,1,0,0.9999261
55000900029608,2020-09-21,1,0,0.9999571
55000900029608,2020-09-22,1,0,0.99997294
55000900029608,2020-09-23,1,0,0.9999795
55000900029608,2020-09-24,1,0,0.9999609
55000900029608,2020-09-25,1,0,0.99996483
55000900029608,2020-09-26,1,0,0.99998534
55000900029608,2020-09-27,1,0,0.99998736
55000900029608,2020-09-28,1,0,0.99998975
55000900029608,2020-09-29,1,0,0.9999902
55000900029608,2020-09-30,1,0,0.99999
55000900029608,2020-10-01,1,0,0.99999
55000900029608,2020-10-02,1,0,0.99998856
55000900029608,2020-10-03,1,0,0.999987
55000900029608,2020-10-04,1,0,0.9999845
55000900029608,2020-10-05,1,0,0.99998343
55000900029608,2020-10-06,1,0,0.99998283
55000900029608,2020-10-07,1,0,0.9999838
55000900029608,2020-10-08,1,0,0.9999777
55000900029608,2020-10-09,1,0,0.9999695
55000900029608,2020-10-10,1,0,0.9999826
55000900029608,2020-10-11,1,0,0.9999844
55000900029608,2020-10-12,1,0,0.99998605
55000900029608,2020-10-13,1,0,0.9999896
55000900029608,2020-10-14,1,0,0.99999
55000900029608,2020-10-15,1,0,0.99999034
55000900029608,2020-10-16,1,0,0.9999901
55000900029608,2020-10-17,1,0,0.9999902
55000900029608,2020-10-18,1,0,0.99999
55000900029608,2020-10-19,1,0,0.99999046
55000900029608,2020-10-20,1,0,0.99999046
55000900029608,2020-10-21,1,0,0.9999906
55000900029608,2020-10-22,1,0,0.9999906
55000900029608,2020-10-23,1,0,0.99999034
55000900029608,2020-10-24,1,0,0.99999034
55000900029608,2020-10-25,1,0,0.9999901
55000900029608,2020-10-26,1,0,0.9999901
55000900029608,2020-10-27,1,0,0.9999902
55000900029608,2020-10-28,1,0,0.99999
55000900029608,2020-10-29,1,0,0.99998987
55000900029608,2020-10-30,1,0,0.99998987
55000900029608,2020-10-31,1,0,0.9999906
55000900029608,2020-11-01,1,0,0.99999046
55000900029608,2020-11-02,1,0,0.99999046
55000900029608,2020-11-03,1,0,0.9999902
55000900029608,2020-11-04,1,0,0.9999907
55000900029608,2020-11-05,1,0,0.99999034
55000900029608,2020-11-06,1,0,0.9999906
55000900029608,2020-11-07,1,0,0.9999906
55000900029608,2020-11-08,1,0,0.9999901
55000900029608,2020-11-09,1,0,0.9999902
55000900029608,2020-11-10,1,0,0.9999901
55000900029608,2020-11-11,1,0,0.9999901
55000900029608,2020-11-12,1,0,0.9999901
55000900029608,2020-11-13,1,0,0.99999
55000900029608,2020-11-14,1,0,0.9999902
55000900029608,2020-11-15,1,0,0.9999901
55000900029608,2020-11-16,1,0,0.99999
55000900029608,2020-11-17,1,0,0.99999
55000900029608,2020-11-18,1,0,0.9999902
55000900029608,2020-11-19,1,0,0.9999902
55000900029608,2020-11-20,1,0,0.9999901
55000900029608,2020-11-21,1,0,0.99999
55000900029608,2020-11-22,1,0,0.9999901
55000900029608,2020-11-23,1,0,0.99999
55000900029608,2020-11-24,1,0,0.99999
55000900029608,2020-11-25,1,0,0.99999
55000900029608,2020-11-26,1,0,0.9999901
55000900029608,2020-11-27,1,0,0.9999901
55000900029608,2020-11-28,1,0,0.99999
55000900029608,2020-11-29,1,0,0.9999901
55000900029608,2020-11-30,1,0,0.99999
55000900029608,2020-12-01,1,0,0.99998987
55000900029608,2020-12-02,1,0,0.99999
55000900029608,2020-12-03,1,0,0.9999901
55000900029608,2020-12-04,1,0,0.99999
55000900029608,2020-12-05,1,0,0.99999
55000900029608,2020-12-06,1,0,0.99998987
55000900029608,2020-12-07,1,0,0.99999
55000900029608,2020-12-08,1,0,0.99999
55000900029608,2020-12-09,1,0,0.9999901
55000900029608,2020-12-10,1,0,0.99999
55000900029608,2020-12-11,1,0,0.99999
55000900029608,2020-12-12,1,0,0.9999901
55000900029608,2020-12-13,1,0,0.99999
55000900029608,2020-12-14,1,0,0.99999
55000900029608,2020-12-15,1,0,0.99999
55000900029608,2020-12-16,1,0,0.99999
55000900029608,2020-12-17,1,0,0.9999901
55000900029608,2020-12-18,1,0,0.9999901
55000900029608,2020-12-19,1,0,0.99999
55000900029608,2020-12-20,1,0,0.9999901
55000900029608,2020-12-21,1,0,0.9999901
55000900029608,2020-12-22,1,0,0.99999
55000900029608,2020-12-23,1,0,0.99999
55000900029608,2020-12-24,1,0,0.9999901
55000900029608,2020-12-25,1,0,0.9999901
55000900029608,2020-12-26,1,0,0.99999
55000900029608,2020-12-27,1,0,0.99998987
55000900029608,2020-12-28,1,0,0.99999
55000900029608,2020-12-29,1,0,0.9999901
55000900029608,2020-12-30,1,0,0.99999
55000900029608,2020-12-31,1,0,0.99999
55000900029608,2021-01-01,1,0,0.99998987
55000900029608,2021-01-02,1,0,0.99999
55000900029608,2021-01-03,1,0,0.9999901
55000900029608,2021-01-04,1,0,0.9999901
55000900029608,2021-01-05,1,0,0.9999901
55000900029608,2021-01-06,1,0,0.9999901
55000900029608,2021-01-07,1,0,0.9999901
55000900029608,2021-01-08,1,0,0.9999901
55000900029608,2021-01-09,1,0,0.9999901
55000900029608,2021-01-10,1,0,0.9999901
55000900029608,2021-01-11,1,0,0.9999901
55000900029608,2021-01-12,1,0,0.9999901
55000900029608,2021-01-13,1,0,0.9999901
55000900029608,2021-01-14,1,0,0.9999901
55000900029608,2021-01-15,1,0,0.9999901
55000900029608,2021-01-16,1,0,0.9999901
55000900029608,2021-01-17,1,0,0.9999901
55000900029608,2021-01-18,1,0,0.9999901
55000900029608,2021-01-19,1,0,0.9999901
55000900029608,2021-01-20,1,0,0.9999901
55000900029608,2021-01-21,1,0,0.9999901
55000900029608,2021-01-22,1,0,0.9999901
55000900029608,2021-01-23,1,0,0.9999902
55000900029608,2021-01-24,1,0,0.99999046
55000900029608,2021-01-25,1,0,0.99999046
55000900029608,2021-01-26,1,0,0.99999034
55000900029608,2021-01-27,1,0,0.99999034
55000900029608,2021-01-28,1,0,0.99999034
55000900029608,2021-01-29,1,0,0.99999034
55000900029608,2021-01-30,1,0,0.99999034
55000900029608,2021-01-31,1,0,0.99999034
55000900029608,2021-02-01,1,0,0.9999902
55000900029608,2021-02-02,1,0,0.9999902
55000900029608,2021-02-03,1,0,0.9999902
55000900029608,2021-02-04,1,0,0.9999902
55000900029608,2021-02-05,1,0,0.9999902
55000900029608,2021-02-06,1,0,0.9999902
55000900029608,2021-02-07,1,0,0.9999902
55000900029608,2021-02-08,1,0,0.9999902
55000900029608,2021-02-09,1,0,0.9999902
55000900029608,2021-02-10,1,0,0.9999902
55000900029608,2021-02-11,1,0,0.9999902
55000900029608,2021-02-12,1,0,0.9999902
55000900029608,2021-02-13,1,0,0.9999902
55000900029608,2021-02-14,1,0,0.9999902
55000900029608,2021-02-15,1,0,0.9999902
55000900029608,2021-02-16,1,0,0.9999902
55000900029608,2021-02-17,1,0,0.9999902
55000900029608,2021-02-18,1,0,0.9999902
55000900029608,2021-02-19,1,0,0.9999902
55000900029608,2021-02-20,1,0,0.9999902
55000900029608,2021-02-21,1,0,0.9999902
55000900029608,2021-02-22,1,0,0.9999902
55000900029608,2021-02-23,1,0,0.9999902
55000900029608,2021-02-24,1,0,0.9999902
55000900029608,2021-02-25,1,0,0.9999902
55000900029608,2021-02-26,1,0,0.9999902
55000900029608,2021-02-27,1,0,0.9999902
55000900029608,2021-02-28,1,0,0.9999902
55000900029608,2021-03-01,1,0,0.9999902
55000900029608,2021-03-02,1,0,0.9999902
55000900029608,2021-03-03,1,0,0.9999902
55000900029608,2021-03-04,1,0,0.9999902
55000900029608,2021-03-05,1,0,0.9999902
55000900029608,2021-03-06,1,0,0.9999902
55000900029608,2021-03-07,1,0,0.9999902
55000900029608,2021-03-08,1,0,0.9999902
55000900029608,2021-03-09,1,0,0.9999902
55000900029608,2021-03-10,1,0,0.9999902
55000900029608,2021-03-11,1,0,0.9999902
55000900029608,2021-03-12,1,0,0.9999902
55000900029608,2021-03-13,1,0,0.9999902
55000900029608,2021-03-15,1,0,0.9999902
55000900029608,2021-03-16,1,0,0.9999902
55000900029608,2021-03-17,1,0,0.9999902
55000900029608,2021-03-18,1,0,0.9999902
55000900029608,2021-03-19,1,0,0.9999902
55000900029608,2021-03-20,1,0,0.9999902
55000900029608,2021-03-21,1,0,0.9999902
55000900029608,2021-03-22,1,0,0.9999902
55000900029608,2021-03-23,1,0,0.9999902
55000900029608,2021-03-24,1,0,0.9999902
55000900029608,2021-03-25,1,0,0.9999902
55000900029608,2021-03-26,1,0,0.9999902
55000900029608,2021-03-27,1,0,0.9999902
55000900029608,2021-03-28,1,0,0.9999902
55000900029608,2021-03-29,1,0,0.9999902
55000900029608,2021-03-30,1,0,0.9999902
55000900029608,2021-03-31,1,0,0.9999902
55000900029608,2021-04-01,1,0,0.9999902
55000900029608,2021-04-02,1,0,0.9999902
55000900029608,2021-04-03,1,0,0.9999902
55000900029608,2021-04-04,1,0,0.9999902
55000900029608,2021-04-05,1,0,0.9999902
55000900029608,2021-04-06,1,0,0.9999902
55000900029608,2021-04-07,1,0,0.9999902
55000900029608,2021-04-08,1,0,0.9999902
55000900029608,2021-04-09,1,0,0.9999902
55000900029608,2021-04-10,1,0,0.9999902
55000900029608,2021-04-11,1,0,0.9999902
55000900029608,2021-04-12,1,0,0.9999902
55000900029608,2021-04-13,1,0,0.9999902
55000900029608,2021-04-14,1,0,0.9999902
55000900029608,2021-04-15,1,0,0.9999902
55000900029608,2021-04-16,1,0,0.9999902
55000900029608,2021-04-17,1,0,0.9999902
55000900029608,2021-04-18,1,0,0.9999902
55000900029608,2021-04-19,1,0,0.9999902
55000900029608,2021-04-20,1,0,0.9999902
55000900029608,2021-04-21,1,0,0.9999902
55000900029608,2021-04-22,1,0,0.9999902
55000900029608,2021-04-23,1,0,0.9999902
55000900029608,2021-04-24,1,0,0.9999902
55000900029608,2021-04-25,1,0,0.9999902
55000900029608,2021-04-26,1,0,0.9999902
55000900029608,2021-04-27,1,0,0.9999902
55000900029608,2021-04-28,1,0,0.9999902
55000900029608,2021-04-29,1,0,0.9999902
55000900029608,2021-04-30,1,0,0.9999902
55000900029608,2021-05-01,1,0,0.9999902
55000900029608,2021-05-02,1,0,0.9999902
55000900029608,2021-05-03,1,0,0.9999902
55000900029608,2021-05-04,1,0,0.9999902
55000900029608,2021-05-05,1,0,0.9999902
55000900029608,2021-05-06,1,0,0.9999902
55000900029608,2021-05-07,1,0,0.9999902
55000900029608,2021-05-08,1,0,0.9999902
55000900029608,2021-05-09,1,0,0.9999902
55000900029608,2021-05-10,1,0,0.9999902
55000900029608,2021-05-11,1,0,0.9999902
55000900029608,2021-05-12,1,0,0.9999902
55000900029608,2021-05-13,1,0,0.9999902
55000900029608,2021-05-14,1,0,0.9999902
55000900029608,2021-05-15,1,0,0.9999902
55000900029608,2021-05-16,1,0,0.9999902
55000900029608,2021-05-17,1,0,0.9999902
55000900029608,2021-05-18,1,0,0.9999902
55000900029608,2021-05-19,1,0,0.9999902
55000900029608,2021-05-20,1,0,0.9999902
55000900029608,2021-05-21,1,0,0.9999902
55000900029608,2021-05-22,1,0,0.9999902
55000900029608,2021-05-23,1,0,0.9999902
55000900029608,2021-05-24,1,0,0.9999902
55000900029608,2021-05-25,1,0,0.9999902
55000900029608,2021-05-26,1,0,0.9999902
55000900029608,2021-05-27,1,0,0.9999902
55000900029608,2021-05-28,1,0,0.9999902
55000900029608,2021-05-29,1,0,0.9999902
55000900029608,2021-05-30,1,0,0.9999902
55000900029608,2021-05-31,1,0,0.9999902
55000900029608,2021-06-01,1,0,0.9999902
55000900029608,2021-06-02,1,0,0.9999902
55000900029608,2021-06-03,1,0,0.9999902
55000900029608,2021-06-04,1,0,0.9999902
55000900029608,2021-06-05,1,0,0.9999902
55000900029608,2021-06-06,1,0,0.9999902
55000900029608,2021-06-07,1,0,0.9999902
55000900029608,2021-06-08,1,0,0.9999902
55000900029608,2021-06-09,1,0,0.9999902
55000900029608,2021-06-10,1,0,0.9999902
55000900029608,2021-06-11,1,0,0.9999902
55000900029608,2021-06-12,1,0,0.9999902
55000900029608,2021-06-13,1,0,0.9999902
55000900029608,2021-06-14,1,0,0.9999902
55000900029608,2021-06-15,1,0,0.9999902
55000900029608,2021-06-16,1,0,0.9999902
55000900029608,2021-06-17,1,0,0.9999902
55000900029608,2021-06-18,1,0,0.9999902
55000900029608,2021-06-19,1,0,0.9999902
55000900029608,2021-06-20,1,0,0.9999902
55000900029608,2021-06-21,1,0,0.9999902
55000900029608,2021-06-22,1,0,0.9999902
55000900029608,2021-06-23,1,0,0.9999902
55000900029608,2021-06-24,1,0,0.9999902
55000900029608,2021-06-25,1,0,0.9999902
55000900029608,2021-06-26,1,0,0.9999902
55000900029608,2021-06-27,1,0,0.9999902
55000900029608,2021-06-28,1,0,0.9999902
55000900029608,2021-06-29,1,0,0.9999902
55000900029608,2021-06-30,1,0,0.9999902
55000900029608,2021-07-01,1,0,0.9999902
55000900029608,2021-07-02,1,0,0.9999902
55000900029608,2021-07-03,1,0,0.9999902
55000900029608,2021-07-04,1,0,0.9999902
55000900029608,2021-07-05,1,0,0.9999902
55000900029608,2021-07-06,1,0,0.9999902
55000900029608,2021-07-07,1,0,0.9999902
55000900029608,2021-07-08,1,0,0.9999902
55000900029608,2021-07-09,1,0,0.9999902
55000900029608,2021-07-10,1,0,0.9999902
55000900029608,2021-07-11,1,0,0.9999902
55000900029608,2021-07-12,1,0,0.9999902
55000900029608,2021-07-13,1,0,0.9999902
55000900029608,2021-07-14,1,0,0.9999902
55000900029608,2021-07-15,1,0,0.9999902
55000900029608,2021-07-16,1,0,0.9999902
55000900029608,2021-07-17,1,0,0.9999902
55000900029608,2021-07-18,1,0,0.9999902
55000900029608,2021-07-19,1,0,0.9999902
55000900029608,2021-07-20,1,0,0.9999902
55000900029608,2021-07-21,1,0,0.9999902
55000900029608,2021-07-22,1,0,0.9999902
55000900029608,2021-07-23,1,0,0.9999902
55000900029608,2021-07-24,1,0,0.9999902
55000900029608,2021-07-25,1,0,0.9999902
55000900029608,2021-07-26,1,0,0.9999902
55000900029608,2021-07-27,1,0,0.9999902
55000900029608,2021-07-28,1,0,0.9999902
55000900029608,2021-07-29,1,0,0.9999902
55000900029608,2021-07-30,1,0,0.9999902
55000900029608,2021-07-31,1,0,0.9999902
55000900029608,2021-08-01,1,0,0.9999902
55000900029608,2021-08-02,1,0,0.9999902
55000900029608,2021-08-03,1,0,0.9999902
55000900029608,2021-08-04,1,0,0.9999902
55000900029608,2021-08-05,1,0,0.9999902
55000900029608,2021-08-06,1,0,0.9999902
55000900029608,2021-08-07,1,0,0.9999902
55000900029608,2021-08-08,1,0,0.9999902
55000900029608,2021-08-09,1,0,0.9999902
55000900029608,2021-08-10,1,0,0.9999902
55000900029608,2021-08-11,1,0,0.9999902
55000900029608,2021-08-12,1,0,0.9999902
55000900029608,2021-08-13,1,0,0.9999902
55000900029608,2021-08-14,1,0,0.9999902
55000900029608,2021-08-15,1,0,0.9999902
55000900029608,2021-08-16,1,0,0.9999902
55000900029608,2021-08-17,1,0,0.9999902
55000900029608,2021-08-18,1,0,0.9999902
55000900029608,2021-08-19,1,0,0.9999902
55000900029608,2021-08-20,1,0,0.9999902
55000900029608,2021-08-21,1,0,0.9999902
55000900029608,2021-08-22,1,0,0.9999902
55000900029608,2021-08-23,1,0,0.9999902
55000900029608,2021-08-24,1,0,0.9999902
55000900029608,2021-08-25,1,0,0.9999902
55000900029608,2021-08-26,1,0,0.9999902
55000900029608,2021-08-27,1,0,0.9999902
55000900029608,2021-08-28,1,0,0.9999902
55000900029608,2021-08-29,1,0,0.9999902
55000900029608,2021-08-30,1,0,0.9999902
55000900029608,2021-08-31,1,0,0.9999902
55000900029608,2021-09-01,1,0,0.9999902
55000900029608,2021-09-02,1,0,0.9999902
55000900029608,2021-09-03,1,0,0.9999902
55000900029608,2021-09-04,1,0,0.9999902
55000900029608,2021-09-05,1,0,0.9999902
55000900029608,2021-09-06,1,0,0.9999902
55000900029608,2021-09-07,1,0,0.9999902
55000900029608,2021-09-08,1,0,0.9999902
55000900029608,2021-09-09,1,0,0.9999902
55000900029608,2021-09-10,1,0,0.9999902
55000900029608,2021-09-11,1,0,0.9999902
55000900029608,2021-09-12,1,0,0.9999902
55000900029608,2021-09-13,1,0,0.9999902
55000900029608,2021-09-14,1,0,0.9999902
55000900029608,2021-09-15,1,0,0.9999902
55000900029608,2021-09-16,1,0,0.9999902
55000900029608,2021-09-17,1,0,0.9999902
55000900029608,2021-09-18,1,0,0.9999902
55000900029608,2021-09-19,1,0,0.9999902
55000900029608,2021-09-20,1,0,0.9999902
55000900029608,2021-09-21,1,0,0.9999902
55000900029608,2021-09-22,1,0,0.9999902
55000900029608,2021-09-23,1,0,0.9999902
55000900029608,2021-09-24,1,0,0.9999902
55000900029608,2021-09-25,1,0,0.9999902
55000900029608,2021-09-26,1,0,0.9999902
55000900029608,2021-09-27,1,0,0.9999902
55000900029608,2021-09-28,1,0,0.9999902
55000900029608,2021-09-29,1,0,0.9999902
55000900029608,2021-09-30,1,0,0.9999902
55000900029608,2021-10-01,1,0,0.9999902
55000900029608,2021-10-02,1,0,0.9999902
55000900029608,2021-10-03,1,0,0.9999902
55000900029608,2021-10-04,1,0,0.9999902
55000900029608,2021-10-05,1,0,0.9999902
55000900029608,2021-10-06,1,0,0.9999902
55000900029608,2021-10-07,1,0,0.9999902
55000900029608,2021-10-08,1,0,0.9999902
55000900029608,2021-10-09,1,0,0.9999902
55000900029608,2021-10-10,1,0,0.9999902
55000900029608,2021-10-11,1,0,0.9999902
55000900029608,2021-10-12,1,0,0.9999902
55000900029608,2021-10-13,1,0,0.9999902
55000900029608,2021-10-14,1,0,0.9999902
55000900029608,2021-10-15,1,0,0.9999902
55000900029608,2021-10-16,1,0,0.9999902
55000900029608,2021-10-17,1,0,0.9999902
55000900029608,2021-10-18,1,0,0.9999902
55000900029608,2021-10-19,1,0,0.9999902
55000900029608,2021-10-20,1,0,0.9999902
55000900029608,2021-10-21,1,0,0.9999902
55000900029608,2021-10-22,1,0,0.9999902
55000900029608,2021-10-23,1,0,0.9999902
55000900029608,2021-10-24,1,0,0.9999902
55000900029608,2021-10-25,1,0,0.9999902
55000900029608,2021-10-26,1,0,0.9999902
55000900029608,2021-10-27,1,0,0.9999902
55000900029608,2021-10-28,1,0,0.9999902
55000900029608,2021-10-29,1,0,0.9999902
55000900029608,2021-10-30,1,0,0.9999902
55000900029608,2021-10-31,1,0,0.9999902
55000900029608,2021-11-01,1,0,0.9999902
55000900029608,2021-11-02,1,0,0.9999902
55000900029608,2021-11-03,1,0,0.9999902
55000900029608,2021-11-04,1,0,0.9999902
55000900029608,2021-11-05,1,0,0.9999902
55000900029608,2021-11-06,1,0,0.9999902
55000900029608,2021-11-07,1,0,0.9999902
55000900029608,2021-11-08,1,0,0.9999902
55000900029608,2021-11-09,1,0,0.9999902
55000900029608,2021-11-10,1,0,0.9999902
55000900029608,2021-11-11,1,0,0.9999902
55000900029608,2021-11-12,1,0,0.9999902
55000900029608,2021-11-13,1,0,0.9999902
55000900029608,2021-11-14,1,0,0.9999902
55000900029608,2021-11-15,1,0,0.9999902
55000900029608,2021-11-16,1,0,0.9999902
55000900029608,2021-11-17,1,0,0.9999902
55000900029608,2021-11-18,1,0,0.9999902
55000900029608,2021-11-19,1,0,0.9999902
55000900029608,2021-11-20,1,0,0.9999902
55000900029608,2021-11-21,1,0,0.9999902
55000900029608,2021-11-22,1,0,0.9999902
55000900029608,2021-11-23,1,0,0.9999902
55000900029608,2021-11-24,1,0,0.9999902
55000900029608,2021-11-25,1,0,0.9999902
55000900029608,2021-11-26,1,0,0.9999902
55000900029608,2021-11-27,1,0,0.9999902
55000900029608,2021-11-28,1,0,0.9999902
55000900029608,2021-11-29,1,0,0.9999902
55000900029608,2021-11-30,1,0,0.9999902
55000900029608,2021-12-01,1,0,0.9999902
55000900029608,2021-12-02,1,0,0.9999902
55000900029608,2021-12-03,1,0,0.9999902
55000900029608,2021-12-04,1,0,0.9999902
55000900029608,2021-12-05,1,0,0.9999902
55000900029608,2021-12-06,1,0,0.9999902
55000900029608,2021-12-07,1,0,0.9999902
55000900029608,2021-12-08,1,0,0.9999902
55000900029608,2021-12-09,1,0,0.9999902
55000900029608,2021-12-10,1,0,0.9999902
55000900029608,2021-12-11,1,0,0.9999902
55000900029608,2021-12-12,1,0,0.9999902
55000900029608,2021-12-13,1,0,0.9999902
55000900029608,2021-12-14,1,0,0.9999902
55000900029608,2021-12-15,1,0,0.9999902
55000900029608,2021-12-16,1,0,0.9999902
55000900029608,2021-12-17,1,0,0.9999902
55000900029608,2021-12-18,1,0,0.9999902
55000900029608,2021-12-19,1,0,0.9999902
55000900029608,2021-12-20,1,0,0.9999902
55000900029608,2021-12-21,1,0,0.9999902
55000900029608,2021-12-22,1,0,0.9999902
55000900029608,2021-12-23,1,0,0.9999902
55000900029608,2021-12-24,1,0,0.9999902
55000900029608,2021-12-25,1,0,0.9999902
55000900029608,2021-12-26,1,0,0.9999902
55000900029608,2021-12-27,1,0,0.9999902
55000900029608,2021-12-28,1,0,0.9999902
55000900029608,2021-12-29,1,0,0.9999902
55000900029608,2021-12-30,1,0,0.9999902
55000900029608,2021-12-31,1,0,0.9999902
55000900029608,2022-01-01,1,0,0.9999902
55000900029608,2022-01-02,1,0,0.9999902
55000900029608,2022-01-03,1,0,0.9999902
55000900029608,2022-01-04,1,0,0.9999902
55000900029608,2022-01-05,1,0,0.9999902
55000900029608,2022-01-06,1,0,0.9999902
55000900029608,2022-01-07,1,0,0.9999902
55000900029608,2022-01-08,1,0,0.9999902
55000900029608,2022-01-09,1,0,0.9999902
55000900029608,2022-01-10,1,0,0.9999902
55000900029608,2022-01-11,1,0,0.9999902
55000900029608,2022-01-12,1,0,0.9999902
55000900029608,2022-01-13,1,0,0.9999902
55000900029608,2022-01-14,1,0,0.9999902
55000900029608,2022-01-15,1,0,0.9999902
55000900029608,2022-01-16,1,0,0.9999902
55000900029608,2022-01-17,1,0,0.9999902
55000900029608,2022-01-18,1,0,0.9999902
55000900029608,2022-01-19,1,0,0.9999902
55000900029608,2022-01-20,1,0,0.9999902
55000900029608,2022-01-21,1,0,0.9999902
55000900029608,2022-01-22,1,0,0.9999902
55000900029608,2022-01-23,1,0,0.9999902
55000900029608,2022-01-24,1,0,0.9999902
55000900029608,2022-01-25,1,0,0.9999902
55000900029608,2022-01-26,1,0,0.9999902
55000900029608,2022-01-27,1,0,0.9999902
55000900029608,2022-01-28,1,0,0.9999902
55000900029608,2022-01-29,1,0,0.9999902
55000900029608,2022-01-30,1,0,0.9999902
55000900029608,2022-01-31,1,0,0.9999902
55000900029608,2022-02-01,1,0,0.9999902
55000900029608,2022-02-02,1,0,0.9999902
55000900029608,2022-02-03,1,0,0.9999902
55000900029608,2022-02-04,1,0,0.9999902
55000900029608,2022-02-05,1,0,0.9999902
55000900029608,2022-02-06,1,0,0.9999902
55000900029608,2022-02-07,1,0,0.9999902
55000900029608,2022-02-08,1,0,0.9999902
55000900029608,2022-02-09,1,0,0.9999902
55000900029608,2022-02-10,1,0,0.9999902
55000900029608,2022-02-11,1,0,0.9999902
55000900029608,2022-02-12,1,0,0.9999902
55000900029608,2022-02-13,1,0,0.9999902
55000900029608,2022-02-14,1,0,0.9999902
55000900029608,2022-02-15,1,0,0.9999902
55000900029608,2022-02-16,1,0,0.9999902
55000900029608,2022-02-17,1,0,0.9999902
55000900029608,2022-02-18,1,0,0.9999902
55000900029608,2022-02-19,1,0,0.9999902
55000900029608,2022-02-20,1,0,0.9999902
55000900029608,2022-02-21,1,0,0.9999902
55000900029608,2022-02-22,1,0,0.9999902
55000900029608,2022-02-23,1,0,0.9999902
55000900029608,2022-02-24,1,0,0.9999902
55000900029608,2022-02-25,1,0,0.9999902
55000900029608,2022-02-26,1,0,0.9999902
55000900029608,2022-02-27,1,0,0.9999902
55000900029608,2022-02-28,1,0,0.9999902
55000900029608,2022-03-01,1,0,0.9999902
55000900029608,2022-03-02,1,0,0.9999902
55000900029608,2022-03-03,1,0,0.9999902
55000900029608,2022-03-04,1,0,0.9999902
55000900029608,2022-03-05,1,0,0.9999902
55000900029608,2022-03-06,1,0,0.9999902
55000900029608,2022-03-07,1,0,0.9999902
55000900029608,2022-03-08,1,0,0.9999902
55000900029608,2022-03-09,1,0,0.9999902
55000900029608,2022-03-10,1,0,0.9999902
55000900029608,2022-03-11,1,0,0.9999902
55000900029608,2022-03-12,1,0,0.9999902
55000900029608,2022-03-14,1,0,0.9999902
55000900029608,2022-03-15,1,0,0.9999902
55000900029608,2022-03-16,1,0,0.9999902
55000900029608,2022-03-17,1,0,0.9999902
55000900029608,2022-03-18,1,0,0.9999902
55000900029608,2022-03-19,1,0,0.9999902
55000900029608,2022-03-20,1,0,0.9999902
55000900029608,2022-03-21,1,0,0.9999902
55000900029608,2022-03-22,1,0,0.9999902
55000900029608,2022-03-23,1,0,0.9999902
55000900029608,2022-03-24,1,0,0.9999902
55000900029608,2022-03-25,1,0,0.9999902
55000900029608,2022-03-26,1,0,0.9999902
55000900029608,2022-03-27,1,0,0.9999902
55000900029608,2022-03-28,1,0,0.9999902
55000900029608,2022-03-29,1,0,0.9999902
55000900029608,2022-03-30,1,0,0.9999902
55000900029608,2022-03-31,1,0,0.9999902
55000900029608,2022-04-01,1,0,0.9999902
55000900029608,2022-04-02,1,0,0.9999902
55000900029608,2022-04-03,1,0,0.9999902
55000900029608,2022-04-04,1,0,0.9999902
55000900029608,2022-04-05,1,0,0.9999902
55000900029608,2022-04-06,1,0,0.9999902
55000900029608,2022-04-07,1,0,0.9999902
55000900029608,2022-04-08,1,0,0.9999902
55000900029608,2022-04-09,1,0,0.9999902
55000900029608,2022-04-10,1,0,0.9999902
55000900029608,2022-04-11,1,0,0.9999902
55000900029608,2022-04-12,1,0,0.9999902
55000900029608,2022-04-13,1,0,0.9999902
55000900029608,2022-04-14,1,0,0.9999902
55000900029608,2022-04-15,1,0,0.9999902
55000900029608,2022-04-16,1,0,0.9999902
55000900029608,2022-04-17,1,0,0.9999902
55000900029608,2022-04-18,1,0,0.9999902
55000900029608,2022-04-19,1,0,0.9999902
55000900029608,2022-04-20,1,0,0.9999902
55000900029608,2022-04-21,1,0,0.9999902
55000900029608,2022-04-22,1,0,0.9999902
55000900029608,2022-04-23,1,0,0.9999902
55000900029608,2022-04-24,1,0,0.9999902
55000900029608,2022-04-25,1,0,0.9999902
55000900029608,2022-04-26,1,0,0.9999902
55000900029608,2022-04-27,1,0,0.9999902
55000900029608,2022-04-28,1,0,0.9999902
55000900029608,2022-04-29,1,0,0.9999902
55000900029608,2022-04-30,1,0,0.9999902
55000900029608,2022-05-01,1,0,0.9999902
55000900029608,2022-05-02,1,0,0.9999902
55000900029608,2022-05-03,1,0,0.9999902
55000900029608,2022-05-04,1,0,0.9999902
55000900029608,2022-05-05,1,0,0.9999902
55000900029608,2022-05-06,1,0,0.9999902
55000900029608,2022-05-07,1,0,0.9999902
55000900029608,2022-05-08,1,0,0.9999902
55000900029608,2022-05-09,1,0,0.9999902
55000900029608,2022-05-10,1,0,0.9999902
55000900029608,2022-05-11,1,0,0.9999902
55000900029608,2022-05-12,1,0,0.9999902
55000900029608,2022-05-13,1,0,0.9999902
55000900029608,2022-05-14,1,0,0.9999902
55000900029608,2022-05-15,1,0,0.9999902
55000900029608,2022-05-16,1,0,0.9999902
55000900029608,2022-05-17,1,0,0.9999902
55000900029608,2022-05-18,1,0,0.9999902
55000900029608,2022-05-19,1,0,0.9999902
55000900029608,2022-05-20,1,0,0.9999902
55000900029608,2022-05-21,1,0,0.9999902
55000900029608,2022-05-22,1,0,0.9999902
55000900029608,2022-05-23,1,0,0.9999902
55000900029608,2022-05-24,1,0,0.9999902
55000900029608,2022-05-25,1,0,0.9999902
55000900029608,2022-05-26,1,0,0.9999902
55000900029608,2022-05-27,1,0,0.9999902
55000900029608,2022-05-28,1,0,0.9999902
55000900029608,2022-05-29,1,0,0.9999902
55000900029608,2022-05-30,1,0,0.9999902
55000900029608,2022-05-31,1,0,0.9999902
55000900029608,2022-06-01,1,0,0.9999902
55000900029608,2022-06-02,1,0,0.9999902
55000900029608,2022-06-03,1,0,0.9999902
55000900029608,2022-06-04,1,0,0.9999902
55000900029608,2022-06-05,1,0,0.9999902
55000900029608,2022-06-06,1,0,0.9999902
55000900029608,2022-06-07,1,0,0.9999902
55000900029608,2022-06-08,1,0,0.9999902
55000900029608,2022-06-09,1,0,0.9999902
55000900029608,2022-06-10,1,0,0.9999902
55000900029608,2022-06-11,1,0,0.9999902
55000900029608,2022-06-12,1,0,0.9999902
55000900029608,2022-06-13,1,0,0.9999902
55000900029608,2022-06-14,1,0,0.9999902
55000900029608,2022-06-15,1,0,0.9999902
55000900029608,2022-06-16,1,0,0.9999902
55000900029608,2022-06-17,1,0,0.9999902
55000900029608,2022-06-18,1,0,0.9999902
55000900029608,2022-06-19,1,0,0.9999902
55000900029608,2022-06-20,1,0,0.9999902
55000900029608,2022-06-21,1,0,0.9999902
55000900029608,2022-06-22,1,0,0.9999902
55000900029608,2022-06-23,1,0,0.9999902
55000900029608,2022-06-24,1,0,0.9999902
55000900029608,2022-06-25,1,0,0.9999902
55000900029608,2022-06-26,1,0,0.9999902
55000900029608,2022-06-27,1,0,0.9999902
55000900029608,2022-06-28,1,0,0.9999902
55000900029608,2022-06-29,1,0,0.9999902
55000900029608,2022-06-30,1,0,0.9999902
55000900029608,2022-07-01,1,0,0.9999902
55000900029608,2022-07-02,1,0,0.9999902
55000900029608,2022-07-03,1,0,0.9999902
55000900029608,2022-07-04,1,0,0.9999902
55000900029608,2022-07-05,1,0,0.9999902
55000900029608,2022-07-06,1,0,0.9999902
55000900029608,2022-07-07,1,0,0.9999902
55000900029608,2022-07-08,1,0,0.9999902
55000900029608,2022-07-09,1,0,0.9999902
55000900029608,2022-07-10,1,0,0.9999902
55000900029608,2022-07-11,1,0,0.9999902
55000900029608,2022-07-12,1,0,0.9999902
55000900029608,2022-07-13,1,0,0.9999902
55000900029608,2022-07-14,1,0,0.9999902
55000900029608,2022-07-15,1,0,0.9999902
55000900029608,2022-07-16,1,0,0.9999902
55000900029608,2022-07-17,1,0,0.9999902
55000900029608,2022-07-18,1,0,0.9999902
55000900029608,2022-07-19,1,0,0.9999902
55000900029608,2022-07-20,1,0,0.9999902
55000900029608,2022-07-21,1,0,0.9999902
55000900029608,2022-07-22,1,0,0.9999902
55000900029608,2022-07-23,1,0,0.9999902
55000900029608,2022-07-24,1,0,0.9999902
55000900029608,2022-07-25,1,0,0.9999902
55000900029608,2022-07-26,1,0,0.9999902
55000900029608,2022-07-27,1,0,0.9999902
55000900029608,2022-07-28,1,0,0.9999902
55000900029608,2022-07-29,1,0,0.9999902
55000900029608,2022-07-30,1,0,0.9999902
55000900029608,2022-07-31,1,0,0.9999902
55000900029608,2022-08-01,1,0,0.9999902
55000900029608,2022-08-02,1,0,0.9999902
55000900029608,2022-08-03,1,0,0.9999902
55000900029608,2022-08-04,1,0,0.9999902
55000900029608,2022-08-05,1,0,0.9999902
55000900029608,2022-08-06,1,0,0.9999902
55000900029608,2022-08-07,1,0,0.9999902
55000900029608,2022-08-08,1,0,0.9999902
55000900029608,2022-08-09,1,0,0.9999902
55000900029608,2022-08-10,1,0,0.9999902
55000900029608,2022-08-11,1,0,0.9999902
55000900029608,2022-08-12,1,0,0.9999902
55000900029608,2022-08-13,1,0,0.9999902
55000900029608,2022-08-14,1,0,0.9999902
55000900029608,2022-08-15,1,0,0.9999902
55000900029608,2022-08-16,1,0,0.9999902
55000900029608,2022-08-17,1,0,0.9999902
55000900029608,2022-08-18,1,0,0.9999902
55000900029608,2022-08-19,1,0,0.9999902
55000900029608,2022-08-20,1,0,0.9999902
55000900029608,2022-08-21,1,0,0.9999902
55000900029608,2022-08-22,1,0,0.9999902
55000900029608,2022-08-23,1,0,0.9999902
55000900029608,2022-08-24,1,0,0.9999902
55000900029608,2022-08-25,1,0,0.9999902
55000900029608,2022-08-26,1,0,0.9999902
55000900029608,2022-08-27,1,0,0.9999902
55000900029608,2022-08-28,1,0,0.9999902
55000900029608,2022-08-29,1,0,0.9999902
55000900029608,2022-08-30,1,0,0.9999902
55000900029608,2022-08-31,1,0,0.9999902
55000900029608,2022-09-01,1,0,0.9999902
55000900029608,2022-09-02,1,0,0.9999902
55000900029608,2022-09-03,1,0,0.9999902
55000900029608,2022-09-04,1,0,0.9999902
55000900029608,2022-09-05,1,0,0.9999902
55000900029608,2022-09-06,1,0,0.9999902
55000900029608,2022-09-07,1,0,0.9999902
55000900029608,2022-09-08,1,0,0.9999902
55000900029608,2022-09-09,1,0,0.9999902
55000900029608,2022-09-10,1,0,0.9999902
55000900029608,2022-09-11,1,0,0.9999902
55000900029608,2022-09-12,1,0,0.9999902
55000900029608,2022-09-13,1,0,0.9999902
55000900029608,2022-09-14,1,0,0.9999902
55000900029608,2022-09-15,1,0,0.9999902
55000900029608,2022-09-16,1,0,0.9999902
55000900029608,2022-09-17,1,0,0.9999902
55000900029608,2022-09-18,1,0,0.9999902
55000900029608,2022-09-19,1,0,0.9999902
55000900029608,2022-09-20,1,0,0.9999902
55000900029608,2022-09-21,1,0,0.9999902
55000900029608,2022-09-22,1,0,0.9999902
55000900029608,2022-09-23,1,0,0.9999902
55000900029608,2022-09-24,1,0,0.9999902
55000900029608,2022-09-25,1,0,0.9999902
55000900029608,2022-09-26,1,0,0.9999902
55000900029608,2022-09-27,1,0,0.9999902
55000900029608,2022-09-28,1,0,0.9999902
55000900029608,2022-09-29,1,0,0.9999902
55000900029608,2022-09-30,1,0,0.9999902
55000900029608,2022-10-01,1,0,0.9999902
55000900029608,2022-10-02,1,0,0.9999902
55000900029608,2022-10-03,1,0,0.9999902
55000900029608,2022-10-04,1,0,0.9999902
55000900029608,2022-10-05,1,0,0.9999902
55000900029608,2022-10-06,1,0,0.9999902
55000900029608,2022-10-07,1,0,0.9999902
55000900029608,2022-10-08,1,0,0.9999902
55000900029608,2022-10-09,1,0,0.9999902
55000900029608,2022-10-10,1,0,0.9999902
55000900029608,2022-10-11,1,0,0.9999902
55000900029608,2022-10-12,1,0,0.9999902
55000900029608,2022-10-13,1,0,0.9999902
55000900029608,2022-10-14,1,0,0.9999902
55000900029608,2022-10-15,1,0,0.9999902
55000900029608,2022-10-16,1,0,0.9999902
55000900029608,2022-10-17,1,0,0.9999902
55000900029608,2022-10-18,1,0,0.9999902
55000900029608,2022-10-19,1,0,0.9999902
55000900029608,2022-10-20,1,0,0.9999902
55000900029608,2022-10-21,1,0,0.9999902
55000900029608,2022-10-22,1,0,0.9999902
55000900029608,2022-10-23,1,0,0.9999902
55000900029608,2022-10-24,1,0,0.9999902
55000900029608,2022-10-25,1,0,0.9999902
55000900029608,2022-10-26,1,0,0.9999902
55000900029608,2022-10-27,1,0,0.9999902
55000900029608,2022-10-28,1,0,0.9999902
55000900029608,2022-10-29,1,0,0.9999902
55000900029608,2022-10-30,1,0,0.9999902
55000900029608,2022-10-31,1,0,0.9999902
55000900029608,2022-11-01,1,0,0.9999902
55000900029608,2022-11-02,1,0,0.9999902
55000900029608,2022-11-03,1,0,0.9999902
55000900029608,2022-11-04,1,0,0.9999902
55000900029608,2022-11-05,1,0,0.9999902
55000900029608,2022-11-06,1,0,0.9999902
55000900029608,2022-11-07,1,0,0.9999902
55000900029608,2022-11-08,1,0,0.9999902
55000900029608,2022-11-09,1,0,0.9999902
55000900029608,2022-11-10,1,0,0.9999902
55000900029608,2022-11-11,1,0,0.9999902
55000900029608,2022-11-12,1,0,0.9999902
55000900029608,2022-11-13,1,0,0.9999902
55000900029608,2022-11-14,1,0,0.9999902
55000900029608,2022-11-15,1,0,0.9999902
55000900029608,2022-11-16,1,0,0.9999902
55000900029608,2022-11-17,1,0,0.9999902
55000900029608,2022-11-18,1,0,0.9999902
55000900029608,2022-11-19,1,0,0.9999902
55000900029608,2022-11-20,1,0,0.9999902
55000900029608,2022-11-21,1,0,0.9999902
55000900029608,2022-11-22,1,0,0.9999902
55000900029608,2022-11-23,1,0,0.9999902
55000900029608,2022-11-24,1,0,0.9999902
55000900029608,2022-11-25,1,0,0.9999902
55000900029608,2022-11-26,1,0,0.9999902
55000900029608,2022-11-27,1,0,0.9999902
55000900029608,2022-11-28,1,0,0.9999902
55000900029608,2022-11-29,1,0,0.9999902
55000900029608,2022-11-30,1,0,0.9999902
55000900029608,2022-12-01,1,0,0.9999902
55000900029608,2022-12-02,1,0,0.9999902
55000900029608,2022-12-03,1,0,0.9999902
55000900029608,2022-12-04,1,0,0.9999902
55000900029608,2022-12-05,1,0,0.9999902
55000900029608,2022-12-06,1,0,0.9999902
55000900029608,2022-12-07,1,0,0.9999902
55000900029608,2022-12-08,1,0,0.9999902
55000900029608,2022-12-09,1,0,0.9999902
55000900029608,2022-12-10,1,0,0.9999902
55000900029608,2022-12-11,1,0,0.9999902
55000900029608,2022-12-12,1,0,0.9999902
55000900029608,2022-12-13,1,0,0.9999902
55000900029608,2022-12-14,1,0,0.9999902
55000900029608,2022-12-15,1,0,0.9999902
55000900029608,2022-12-16,1,0,0.9999902
55000900029608,2022-12-17,1,0,0.9999902
55000900029608,2022-12-18,1,0,0.9999902
55000900029608,2022-12-19,1,0,0.9999902
55000900029608,2022-12-20,1,0,0.9999902
55000900029608,2022-12-21,1,0,0.9999902
55000900029608,2022-12-22,1,0,0.9999902
55000900029608,2022-12-23,1,0,0.9999902
55000900029608,2022-12-24,1,0,0.9999902
55000900029608,2022-12-25,1,0,0.9999902
55000900029608,2022-12-26,1,0,0.9999902
55000900029608,2022-12-27,1,0,0.9999902
55000900029608,2022-12-28,1,0,0.9999902
55000900029608,2022-12-29,1,0,0.9999902
55000900029608,2022-12-30,1,0,0.9999902
55000900029608,2022-12-31,1,0,0.9999902
55000900029608,2023-01-01,1,0,0.9999902
55000900029608,2023-01-02,1,0,0.9999902
55000900029608,2023-01-03,1,0,0.9999902
55000900029608,2023-01-04,1,0,0.9999902
55000900029608,2023-01-05,1,0,0.9999902
55000900029608,2023-01-06,1,0,0.9999902
55000900029608,2023-01-07,1,0,0.9999902
55000900029608,2023-01-08,1,0,0.9999902
55000900029608,2023-01-09,1,0,0.9999902
55000900029608,2023-01-10,1,0,0.9999902
55000900029608,2023-01-11,1,0,0.9999902
55000900029608,2023-01-12,1,0,0.9999902
55000900029608,2023-01-13,1,0,0.9999902
55000900029608,2023-01-14,1,0,0.9999902
55000900029608,2023-01-15,1,0,0.9999902
55000900029608,2023-01-16,1,0,0.9999902
55000900029608,2023-01-17,1,0,0.9999902
55000900029608,2023-01-18,1,0,0.9999902
55000900029608,2023-01-19,1,0,0.9999902
55000900029608,2023-01-20,1,0,0.9999902
55000900029608,2023-01-21,1,0,0.9999902
55000900029608,2023-01-22,1,0,0.9999902
55000900029608,2023-01-23,1,0,0.9999902
55000900029608,2023-01-24,1,0,0.9999902
55000900029608,2023-01-25,1,0,0.9999902
55000900029608,2023-01-26,1,0,0.9999902
55000900029608,2023-01-27,1,0,0.9999902
55000900029608,2023-01-28,1,0,0.9999902
55000900029608,2023-01-29,1,0,0.9999902
55000900029608,2023-01-30,1,0,0.9999902
55000900029608,2023-01-31,1,0,0.9999902
55000900029608,2023-02-01,1,0,0.9999902
55000900029608,2023-02-02,1,0,0.9999902
55000900029608,2023-02-03,1,0,0.9999902
55000900029608,2023-02-04,1,0,0.9999902
55000900029608,2023-02-05,1,0,0.9999902
55000900029608,2023-02-06,1,0,0.9999902
55000900029608,2023-02-07,1,0,0.9999902
55000900029608,2023-02-08,1,0,0.9999902
55000900029608,2023-02-09,1,0,0.9999902
55000900029608,2023-02-10,1,0,0.9999902
55000900029608,2023-02-11,1,0,0.9999902
55000900029608,2023-02-12,1,0,0.9999902
55000900029608,2023-02-13,1,0,0.9999902
55000900029608,2023-02-14,1,0,0.9999902
55000900029608,2023-02-15,1,0,0.9999902
55000900029608,2023-02-16,1,0,0.9999902
55000900029608,2023-02-17,1,0,0.9999902
55000900029608,2023-02-18,1,0,0.9999902
55000900029608,2023-02-19,1,0,0.9999902
55000900029608,2023-02-20,1,0,0.9999902
55000900029608,2023-02-21,1,0,0.9999902
55000900029608,2023-02-22,1,0,0.9999902
55000900029608,2023-02-23,1,0,0.9999902
55000900029608,2023-02-24,1,0,0.9999902
55000900029608,2023-02-25,1,0,0.9999902
55000900029608,2023-02-26,1,0,0.9999902
55000900029608,2023-02-27,1,0,0.9999902
55000900029608,2023-02-28,1,0,0.9999902
55000900029608,2023-03-01,1,0,0.9999902
55000900029608,2023-03-02,1,0,0.9999902
55000900029608,2023-03-03,1,0,0.9999902
55000900029608,2023-03-04,1,0,0.9999902
55000900029608,2023-03-05,1,0,0.9999902
55000900029608,2023-03-06,1,0,0.9999902
55000900029608,2023-03-07,1,0,0.9999902
55000900029608,2023-03-08,1,0,0.9999902
55000900029608,2023-03-09,1,0,0.9999902
55000900029608,2023-03-10,1,0,0.9999902
55000900029608,2023-03-11,1,0,0.9999902
55000900029608,2023-03-13,1,0,0.9999902
55000900029608,2023-03-14,1,0,0.9999902
55000900029608,2023-03-15,1,0,0.9999902
55000900029608,2023-03-16,1,0,0.9999902
55000900029608,2023-03-17,1,0,0.9999902
55000900029608,2023-03-18,1,0,0.9999902
55000900029608,2023-03-19,1,0,0.9999902
55000900029608,2023-03-20,1,0,0.9999902
55000900029608,2023-03-21,1,0,0.9999902
55000900029608,2023-03-22,1,0,0.9999902
55000900029608,2023-03-23,1,0,0.9999902
55000900029608,2023-03-24,1,0,0.9999902
55000900029608,2023-03-25,1,0,0.9999902
55000900029608,2023-03-26,1,0,0.9999902
55000900029608,2023-03-27,1,0,0.9999902
55000900029608,2023-03-28,1,0,0.9999902
55000900029608,2023-03-29,1,0,0.9999902
55000900029608,2023-03-30,1,0,0.9999902
55000900029608,2023-03-31,1,0,0.9999902
55000900029608,2023-04-01,1,0,0.9999902
55000900029608,2023-04-02,1,0,0.9999902
55000900029608,2023-04-03,1,0,0.9999902
55000900029608,2023-04-04,1,0,0.9999902
55000900029608,2023-04-05,1,0,0.9999902
55000900029608,2023-04-06,1,0,0.9999902
55000900029608,2023-04-07,1,0,0.9999902
55000900029608,2023-04-08,1,0,0.9999902
55000900029608,2023-04-09,1,0,0.9999902
55000900029608,2023-04-10,1,0,0.9999902
55000900029608,2023-04-11,1,0,0.9999902
55000900029608,2023-04-12,1,0,0.9999902
55000900029608,2023-04-13,1,0,0.9999902
55000900029608,2023-04-14,1,0,0.9999902
55000900029608,2023-04-15,1,0,0.9999902
55000900029608,2023-04-16,1,0,0.9999902
55000900029608,2023-04-17,1,0,0.9999902
55000900029608,2023-04-18,1,0,0.9999902
55000900029608,2023-04-19,1,0,0.9999902
55000900029608,2023-04-20,1,0,0.9999902
55000900030173,2020-09-11,1,9,0.9989405
55000900030173,2020-09-12,1,9,0.9986916
55000900030173,2020-09-13,1,9,0.9981963
55000900030173,2020-09-14,1,9,0.99822766
55000900030173,2020-09-15,1,9,0.99866307
55000900030173,2020-09-16,1,9,0.99881375
55000900030173,2020-09-17,1,9,0.9989506
55000900030173,2020-09-18,1,9,0.9991053
55000900030173,2020-09-19,1,9,0.9994425
55000900030173,2020-09-20,1,9,0.99967825
55000900030173,2020-09-21,1,9,0.9999032
55000900030173,2020-09-22,1,9,0.99996316
55000900030173,2020-09-23,1,9,0.9999523
55000900030173,2020-09-24,1,9,0.9999434
55000900030173,2020-09-25,1,9,0.9999622
55000900030173,2020-09-26,1,9,0.99998355
55000900030173,2020-09-27,1,9,0.99998605
55000900030173,2020-09-28,1,9,0.9999882
55000900030173,2020-09-29,1,9,0.9999894
55000900030173,2020-09-30,1,9,0.9999894
55000900030173,2020-10-01,1,9,0.9999881
55000900030173,2020-10-02,1,9,0.9999858
55000900030173,2020-10-03,1,9,0.99998355
55000900030173,2020-10-04,1,9,0.9999826
55000900030173,2020-10-05,1,9,0.9999851
55000900030173,2020-10-06,1,9,0.9999875
55000900030173,2020-10-07,1,9,0.99998665
55000900030173,2020-10-08,1,9,0.99998474
55000900030173,2020-10-09,1,9,0.99998236
55000900030173,2020-10-10,1,9,0.99998593
55000900030173,2020-10-11,1,9,0.99998546
55000900030173,2020-10-12,1,9,0.99998605
55000900030173,2020-10-13,1,9,0.9999889
55000900030173,2020-10-14,1,9,0.9999896
55000900030173,2020-10-15,1,9,0.99998975
55000900030173,2020-10-16,1,9,0.99998975
55000900030173,2020-10-17,1,9,0.99999
55000900030173,2020-10-18,1,9,0.9999888
55000900030173,2020-10-19,1,9,0.9999888
55000900030173,2020-10-20,1,9,0.9999889
55000900030173,2020-10-21,1,0,0.9999882
55000900030173,2020-10-22,1,0,0.9999856
55000900061097,2020-09-11,1,0,0.99997723
55000900061097,2020-09-12,1,0,0.99997246
55000900061097,2020-09-13,1,0,0.9999751
55000900061097,2020-09-14,1,0,0.9999765
55000900061097,2020-09-15,1,0,0.99997294
55000900061097,2020-09-16,1,0,0.99997437
55000900061097,2020-09-17,1,0,0.9999825
55000900061097,2020-09-18,1,0,0.99998474
55000900061097,2020-09-19,1,0,0.9999876
55000900061097,2020-09-20,1,0,0.9999882
55000900061097,2020-09-21,1,0,0.99998903
55000900061097,2020-09-22,1,0,0.99998546
55000900061097,2020-09-23,1,0,0.99998856
55000900061097,2020-09-24,1,0,0.9999889
55000900061097,2020-09-25,1,0,0.9999887
55000900061097,2020-09-26,1,0,0.99998987
55000900061097,2020-09-27,1,0,0.99998844
55000900061097,2020-09-28,1,0,0.9999896
55000900061097,2020-09-29,1,0,0.99999
55000900061097,2020-09-30,1,0,0.9999895
55000900061097,2020-10-01,1,0,0.99998987
55000900061097,2020-10-02,1,0,0.9999895
55000900061097,2020-10-03,1,0,0.9999895
55000900061097,2020-10-04,1,0,0.9999893
55000900061097,2020-10-05,1,0,0.9999894
55000900061097,2020-10-06,1,0,0.99999034
55000900061097,2020-10-07,1,0,0.99999034
55000900061097,2020-10-08,1,0,0.99998987
55000900061097,2020-10-09,1,0,0.9999901
55000900061097,2020-10-10,1,0,0.9999901
55000900061097,2020-10-11,1,0,0.99998975
55000900061097,2020-10-12,1,0,0.99999
55000900061097,2020-10-13,1,0,0.99999
55000900061097,2020-10-14,1,0,0.99998987
55000900061097,2020-10-15,1,0,0.9999902
55000900061097,2020-10-16,1,0,0.9999901
55000900061097,2020-10-17,1,0,0.99999034
55000900061097,2020-10-18,1,0,0.9999901
55000900061097,2020-10-19,1,0,0.99999
55000900061097,2020-10-20,1,0,0.9999901
55000900061097,2020-10-21,1,0,0.9999902
55000900061097,2020-10-22,1,0,0.9999902
55000900061097,2020-10-23,1,0,0.9999901
55000900061097,2020-10-24,1,0,0.99999
55000900061097,2020-10-25,1,0,0.99999
55000900061097,2020-10-26,1,0,0.9999901
55000900061097,2020-10-27,1,0,0.9999902
55000900061097,2020-10-28,1,0,0.9999901
55000900061097,2020-10-29,1,0,0.9999894
55000900061097,2020-10-30,1,0,0.99998987
55000900061097,2020-10-31,1,0,0.9999895
55000900061097,2020-11-01,1,0,0.99998975
55000900061097,2020-11-02,1,0,0.99999
55000900061097,2020-11-03,1,0,0.9999901
55000900061097,2020-11-04,1,0,0.9999894
55000900061097,2020-11-05,1,0,0.99999
55000900061097,2020-11-06,1,0,0.99999
55000900061097,2020-11-07,1,0,0.99999034
55000900061097,2020-11-08,1,0,0.99998987
55000900061097,2020-11-09,1,0,0.9999901
55000900061097,2020-11-10,1,0,0.99999
55000900061097,2020-11-11,1,0,0.9999901
55000900061097,2020-11-12,1,0,0.9999901
55000900061097,2020-11-13,1,0,0.9999901
55000900061097,2020-11-14,1,0,0.9999902
55000900061097,2020-11-15,1,0,0.99999
55000900061097,2020-11-16,1,0,0.9999902
55000900061097,2020-11-17,1,0,0.9999902
55000900061097,2020-11-18,1,0,0.9999901
55000900061097,2020-11-19,1,0,0.9999902
55000900061097,2020-11-20,1,0,0.9999901
55000900061097,2020-11-21,1,0,0.9999901
55000900061097,2020-11-22,1,0,0.9999901
55000900061097,2020-11-23,1,0,0.9999902
55000900061097,2020-11-24,1,0,0.9999901
55000900061097,2020-11-25,1,0,0.9999901
55000900061097,2020-11-26,1,0,0.9999901
55000900061097,2020-11-27,1,0,0.9999901
55000900061097,2020-11-28,1,0,0.9999901
55000900061097,2020-11-29,1,0,0.9999901
55000900061097,2020-11-30,1,0,0.9999901
55000900061097,2020-12-01,1,0,0.9999901
55000900061097,2020-12-02,1,0,0.9999901
55000900061097,2020-12-03,1,0,0.99998987
55000900061097,2020-12-04,1,0,0.99999
55000900061097,2020-12-05,1,0,0.9999894
55000900061097,2020-12-06,1,0,0.9999896
55000900061097,2020-12-07,1,0,0.9999896
55000900061097,2020-12-08,1,0,0.99998975
55000900061097,2020-12-09,1,0,0.99999
55000900061097,2020-12-10,1,0,0.99998975
55000900061097,2020-12-11,1,0,0.99998975
55000900061097,2020-12-12,1,0,0.9999896
55000900061097,2020-12-13,1,0,0.99998975
55000900061097,2020-12-14,1,0,0.99998975
55000900061097,2020-12-15,1,0,0.9999895
55000900061097,2020-12-16,1,0,0.9999893
55000900061097,2020-12-17,1,0,0.99999
55000900061097,2020-12-18,1,0,0.99998987
55000900061097,2020-12-19,1,0,0.99998987
55000900061097,2020-12-20,1,0,0.9999896
55000900061097,2020-12-21,1,0,0.99999
55000900061097,2020-12-22,1,0,0.9999902
55000900061097,2020-12-23,1,0,0.9999902
55000900061097,2020-12-24,1,0,0.9999902
55000900061097,2020-12-25,1,0,0.99999
55000900061097,2020-12-26,1,0,0.99998975
55000900061097,2020-12-27,1,0,0.99998903
55000900061097,2020-12-28,1,0,0.99998975
55000900061097,2020-12-29,1,0,0.9999901
55000900061097,2020-12-30,1,0,0.99999
55000900061097,2020-12-31,1,0,0.9999893
55000900061097,2021-01-01,1,0,0.9999895
55000900061097,2021-01-02,1,0,0.99998987
55000900061097,2021-01-03,1,0,0.99999
55000900061097,2021-01-04,1,0,0.9999901
55000900061097,2021-01-05,1,0,0.9999901
55000900061097,2021-01-06,1,0,0.9999901
55000900061097,2021-01-07,1,0,0.9999901
55000900061097,2021-01-08,1,0,0.9999901
55000900061097,2021-01-09,1,0,0.9999901
55000900061097,2021-01-10,1,0,0.99999
55000900061097,2021-01-11,1,0,0.99999
55000900061097,2021-01-12,1,0,0.99999
55000900061097,2021-01-13,1,0,0.99999
55000900061097,2021-01-14,1,0,0.99999
55000900061097,2021-01-15,1,0,0.99999
55000900061097,2021-01-16,1,0,0.99999
55000900061097,2021-01-17,1,0,0.99999
55000900061097,2021-01-18,1,0,0.99999
55000900061097,2021-01-19,1,0,0.99999
55000900061097,2021-01-20,1,0,0.99998987
55000900061097,2021-01-21,1,0,0.9999896
55000900061097,2021-01-22,1,0,0.99998975
55000900061097,2021-01-23,1,0,0.99999
55000900061097,2021-01-24,1,0,0.99999
55000900061097,2021-01-25,1,0,0.99999
55000900061097,2021-01-26,1,0,0.99999
55000900061097,2021-01-27,1,0,0.99999
55000900061097,2021-01-28,1,0,0.99998987
55000900061097,2021-01-29,1,0,0.9999896
55000900061097,2021-01-30,1,0,0.99998856
55000900061097,2021-01-31,1,0,0.99998856
55000900061097,2021-02-01,1,0,0.9999888
55000900061097,2021-02-02,1,0,0.9999888
55000900061097,2021-02-03,1,0,0.9999888
55000900061097,2021-02-04,1,0,0.9999888
55000900061097,2021-02-05,1,0,0.9999888
55000900061097,2021-02-06,1,0,0.9999888
55000900061097,2021-02-07,1,0,0.9999888
55000900061097,2021-02-08,1,0,0.9999888
55000900061097,2021-02-09,1,0,0.9999888
55000900061097,2021-02-10,1,0,0.9999888
55000900061097,2021-02-11,1,0,0.9999888
55000900061097,2021-02-12,1,0,0.9999888
55000900061097,2021-02-13,1,0,0.9999888
55000900061097,2021-02-14,1,0,0.9999888
55000900061097,2021-02-15,1,0,0.9999888
55000900061097,2021-02-16,1,0,0.9999888
55000900061097,2021-02-17,1,0,0.9999888
55000900061097,2021-02-18,1,0,0.9999888
55000900061097,2021-02-19,1,0,0.9999888
55000900061097,2021-02-20,1,0,0.9999888
55000900061097,2021-02-21,1,0,0.9999888
55000900061097,2021-02-22,1,0,0.9999888
55000900061097,2021-02-23,1,0,0.9999888
55000900061097,2021-02-24,1,0,0.9999888
55000900061097,2021-02-25,1,0,0.9999888
55000900061097,2021-02-26,1,0,0.9999888
55000900061097,2021-02-27,1,0,0.9999888
55000900061097,2021-02-28,1,0,0.9999888
55000900061097,2021-03-01,1,0,0.9999888
55000900061097,2021-03-02,1,0,0.9999888
55000900061097,2021-03-03,1,0,0.9999888
55000900061097,2021-03-04,1,0,0.9999888
55000900061097,2021-03-05,1,0,0.9999888
55000900061097,2021-03-06,1,0,0.9999888
55000900061097,2021-03-07,1,0,0.9999888
55000900061097,2021-03-08,1,0,0.9999888
55000900061097,2021-03-09,1,0,0.9999888
55000900061097,2021-03-10,1,0,0.9999888
55000900061097,2021-03-11,1,0,0.9999888
55000900061097,2021-03-12,1,0,0.9999888
55000900061097,2021-03-13,1,0,0.9999888
55000900061097,2021-03-14,1,0,0.9999888
55000900061097,2021-03-15,1,0,0.9999888
55000900061097,2021-03-16,1,0,0.9999888
55000900061097,2021-03-17,1,0,0.9999888
55000900061097,2021-03-18,1,0,0.9999888
55000900061097,2021-03-19,1,0,0.9999888
55000900061097,2021-03-20,1,0,0.9999888
55000900061097,2021-03-21,1,0,0.9999888
55000900061097,2021-03-22,1,0,0.9999888
55000900061097,2021-03-23,1,0,0.9999888
55000900061097,2021-03-24,1,0,0.9999888
55000900061097,2021-03-25,1,0,0.9999888
55000900061097,2021-03-26,1,0,0.9999888
55000900061097,2021-03-27,1,0,0.9999888
55000900061097,2021-03-28,1,0,0.9999888
55000900061097,2021-03-29,1,0,0.9999888
55000900061097,2021-03-30,1,0,0.9999888
55000900061097,2021-03-31,1,0,0.9999888
55000900061097,2021-04-01,1,0,0.9999888
55000900061097,2021-04-02,1,0,0.9999888
55000900061097,2021-04-03,1,0,0.9999888
55000900061097,2021-04-04,1,0,0.9999888
55000900061097,2021-04-05,1,0,0.9999888
55000900061097,2021-04-06,1,0,0.9999888
55000900061097,2021-04-07,1,0,0.9999888
55000900061097,2021-04-08,1,0,0.9999888
55000900061097,2021-04-09,1,0,0.9999888
55000900061097,2021-04-10,1,0,0.9999888
55000900061097,2021-04-11,1,0,0.9999888
55000900061097,2021-04-12,1,0,0.9999888
55000900061097,2021-04-13,1,0,0.9999888
55000900061097,2021-04-14,1,0,0.9999888
55000900061097,2021-04-15,1,0,0.9999888
55000900061097,2021-04-16,1,0,0.9999888
55000900061097,2021-04-17,1,0,0.9999888
55000900061097,2021-04-18,1,0,0.9999888
55000900061097,2021-04-19,1,0,0.9999888
55000900061097,2021-04-20,1,0,0.9999888
55000900061097,2021-04-21,1,0,0.9999888
55000900061097,2021-04-22,1,0,0.9999888
55000900061097,2021-04-23,1,0,0.9999888
55000900061097,2021-04-24,1,0,0.9999888
55000900061097,2021-04-25,1,0,0.9999888
55000900061097,2021-04-26,1,0,0.9999888
55000900061097,2021-04-27,1,0,0.9999888
55000900061097,2021-04-28,1,0,0.9999888
55000900061097,2021-04-29,1,0,0.9999888
55000900061097,2021-04-30,1,0,0.9999888
55000900061097,2021-05-01,1,0,0.9999888
55000900061097,2021-05-02,1,0,0.9999888
55000900061097,2021-05-03,1,0,0.9999888
55000900061097,2021-05-04,1,0,0.9999888
55000900061097,2021-05-05,1,0,0.9999888
55000900061097,2021-05-06,1,0,0.9999888
55000900061097,2021-05-07,1,0,0.9999888
55000900061097,2021-05-08,1,0,0.9999888
55000900061097,2021-05-09,1,0,0.9999888
55000900061097,2021-05-10,1,0,0.9999888
55000900061097,2021-05-11,1,0,0.9999888
55000900061097,2021-05-12,1,0,0.9999888
55000900061097,2021-05-13,1,0,0.9999888
55000900061097,2021-05-14,1,0,0.9999888
55000900061097,2021-05-15,1,0,0.9999888
55000900061097,2021-05-16,1,0,0.9999888
55000900061097,2021-05-17,1,0,0.9999888
55000900061097,2021-05-18,1,0,0.9999888
55000900061097,2021-05-19,1,0,0.9999888
55000900061097,2021-05-20,1,0,0.9999888
55000900061097,2021-05-21,1,0,0.9999888
55000900061097,2021-05-22,1,0,0.9999888
55000900061097,2021-05-23,1,0,0.9999888
55000900061097,2021-05-24,1,0,0.9999888
55000900061097,2021-05-25,1,0,0.9999888
55000900061097,2021-05-26,1,0,0.9999888
55000900061097,2021-05-27,1,0,0.9999888
55000900061097,2021-05-28,1,0,0.9999888
55000900061097,2021-05-29,1,0,0.9999888
55000900061097,2021-05-30,1,0,0.9999888
55000900061097,2021-05-31,1,0,0.9999888
55000900061097,2021-06-01,1,0,0.9999888
55000900061097,2021-06-02,1,0,0.9999888
55000900061097,2021-06-03,1,0,0.9999888
55000900061097,2021-06-04,1,0,0.9999888
55000900061097,2021-06-05,1,0,0.9999888
55000900061097,2021-06-06,1,0,0.9999888
55000900061097,2021-06-07,1,0,0.9999888
55000900061097,2021-06-08,1,0,0.9999888
55000900061097,2021-06-09,1,0,0.9999888
55000900061097,2021-06-10,1,0,0.9999888
55000900061097,2021-06-11,1,0,0.9999888
55000900061097,2021-06-12,1,0,0.9999888
55000900061097,2021-06-13,1,0,0.9999888
55000900061097,2021-06-14,1,0,0.9999888
55000900061097,2021-06-15,1,0,0.9999888
55000900061097,2021-06-16,1,0,0.9999888
55000900061097,2021-06-17,1,0,0.9999888
55000900061097,2021-06-18,1,0,0.9999888
55000900061097,2021-06-19,1,0,0.9999888
55000900061097,2021-06-20,1,0,0.9999888
55000900061097,2021-06-21,1,0,0.9999888
55000900061097,2021-06-22,1,0,0.9999888
55000900061097,2021-06-23,1,0,0.9999888
55000900061097,2021-06-24,1,0,0.9999888
55000900061097,2021-06-25,1,0,0.9999888
55000900061097,2021-06-26,1,0,0.9999888
55000900061097,2021-06-27,1,0,0.9999888
55000900061097,2021-06-28,1,0,0.9999888
55000900061097,2021-06-29,1,0,0.9999888
55000900061097,2021-06-30,1,0,0.9999888
55000900061097,2021-07-01,1,0,0.9999888
55000900061097,2021-07-02,1,0,0.9999888
55000900061097,2021-07-03,1,0,0.9999888
55000900061097,2021-07-04,1,0,0.9999888
55000900061097,2021-07-05,1,0,0.9999888
55000900061097,2021-07-06,1,0,0.9999888
55000900061097,2021-07-07,1,0,0.9999888
55000900061097,2021-07-08,1,0,0.9999888
55000900061097,2021-07-09,1,0,0.9999888
55000900061097,2021-07-10,1,0,0.9999888
55000900061097,2021-07-11,1,0,0.9999888
55000900061097,2021-07-12,1,0,0.9999888
55000900061097,2021-07-13,1,0,0.9999888
55000900061097,2021-07-14,1,0,0.9999888
55000900061097,2021-07-15,1,0,0.9999888
55000900061097,2021-07-16,1,0,0.9999888
55000900061097,2021-07-17,1,0,0.9999888
55000900061097,2021-07-18,1,0,0.9999888
55000900061097,2021-07-19,1,0,0.9999888
55000900061097,2021-07-20,1,0,0.9999888
55000900061097,2021-07-21,1,0,0.9999888
55000900061097,2021-07-22,1,0,0.9999888
55000900061097,2021-07-23,1,0,0.9999888
55000900061097,2021-07-24,1,0,0.9999888
55000900061097,2021-07-25,1,0,0.9999888
55000900061097,2021-07-26,1,0,0.9999888
55000900061097,2021-07-27,1,0,0.9999888
55000900061097,2021-07-28,1,0,0.9999888
55000900061097,2021-07-29,1,0,0.9999888
55000900061097,2021-07-30,1,0,0.9999888
55000900061097,2021-07-31,1,0,0.9999888
55000900061097,2021-08-01,1,0,0.9999888
55000900061097,2021-08-02,1,0,0.9999888
55000900061097,2021-08-03,1,0,0.9999888
55000900061097,2021-08-04,1,0,0.9999888
55000900061097,2021-08-05,1,0,0.9999888
55000900061097,2021-08-06,1,0,0.9999888
55000900061097,2021-08-07,1,0,0.9999888
55000900061097,2021-08-08,1,0,0.9999888
55000900061097,2021-08-09,1,0,0.9999888
55000900061097,2021-08-10,1,0,0.9999888
55000900061097,2021-08-11,1,0,0.9999888
55000900061097,2021-08-12,1,0,0.9999888
55000900061097,2021-08-13,1,0,0.9999888
55000900061097,2021-08-14,1,0,0.9999888
55000900061097,2021-08-15,1,0,0.9999888
55000900061097,2021-08-16,1,0,0.9999888
55000900061097,2021-08-17,1,0,0.9999888
55000900061097,2021-08-18,1,0,0.9999888
55000900061097,2021-08-19,1,0,0.9999888
55000900061097,2021-08-20,1,0,0.9999888
55000900061097,2021-08-21,1,0,0.9999888
55000900061097,2021-08-22,1,0,0.9999888
55000900061097,2021-08-23,1,0,0.9999888
55000900061097,2021-08-24,1,0,0.9999888
55000900061097,2021-08-25,1,0,0.9999888
55000900061097,2021-08-26,1,0,0.9999888
55000900061097,2021-08-27,1,0,0.9999888
55000900061097,2021-08-28,1,0,0.9999888
55000900061097,2021-08-29,1,0,0.9999888
55000900061097,2021-08-30,1,0,0.9999888
55000900061097,2021-08-31,1,0,0.9999888
55000900061097,2021-09-01,1,0,0.9999888
55000900061097,2021-09-02,1,0,0.9999888
55000900061097,2021-09-03,1,0,0.9999888
55000900061097,2021-09-04,1,0,0.9999888
55000900061097,2021-09-05,1,0,0.9999888
55000900061097,2021-09-06,1,0,0.9999888
55000900061097,2021-09-07,1,0,0.9999888
55000900061097,2021-09-08,1,0,0.9999888
55000900061097,2021-09-09,1,0,0.9999888
55000900061097,2021-09-10,1,0,0.9999888
55000900061097,2021-09-11,1,0,0.9999888
55000900061097,2021-09-12,1,0,0.9999888
55000900061097,2021-09-13,1,0,0.9999888
55000900061097,2021-09-14,1,0,0.9999888
55000900061097,2021-09-15,1,0,0.9999888
55000900061097,2021-09-16,1,0,0.9999888
55000900061097,2021-09-17,1,0,0.9999888
55000900061097,2021-09-18,1,0,0.9999888
55000900061097,2021-09-19,1,0,0.9999888
55000900061097,2021-09-20,1,0,0.9999888
55000900061097,2021-09-21,1,0,0.9999888
55000900061097,2021-09-22,1,0,0.9999888
55000900061097,2021-09-23,1,0,0.9999888
55000900061097,2021-09-24,1,0,0.9999888
55000900061097,2021-09-25,1,0,0.9999888
55000900061097,2021-09-26,1,0,0.9999888
55000900061097,2021-09-27,1,0,0.9999888
55000900061097,2021-09-28,1,0,0.9999888
55000900061097,2021-09-29,1,0,0.9999888
55000900061097,2021-09-30,1,0,0.9999888
55000900061097,2021-10-01,1,0,0.9999888
55000900061097,2021-10-02,1,0,0.9999888
55000900061097,2021-10-03,1,0,0.9999888
55000900061097,2021-10-04,1,0,0.9999888
55000900061097,2021-10-05,1,0,0.9999888
55000900061097,2021-10-06,1,0,0.9999888
55000900061097,2021-10-07,1,0,0.9999888
55000900061097,2021-10-08,1,0,0.9999888
55000900061097,2021-10-09,1,0,0.9999888
55000900061097,2021-10-10,1,0,0.9999888
55000900061097,2021-10-11,1,0,0.9999888
55000900061097,2021-10-12,1,0,0.9999888
55000900061097,2021-10-13,1,0,0.9999888
55000900061097,2021-10-14,1,0,0.9999888
55000900061097,2021-10-15,1,0,0.9999888
55000900061097,2021-10-16,1,0,0.9999888
55000900061097,2021-10-17,1,0,0.9999888
55000900061097,2021-10-18,1,0,0.9999888
55000900061097,2021-10-19,1,0,0.9999888
55000900061097,2021-10-20,1,0,0.9999888
55000900061097,2021-10-21,1,0,0.9999888
55000900061097,2021-10-22,1,0,0.9999888
55000900061097,2021-10-23,1,0,0.9999888
55000900061097,2021-10-24,1,0,0.9999888
55000900061097,2021-10-25,1,0,0.9999888
55000900061097,2021-10-26,1,0,0.9999888
55000900061097,2021-10-27,1,0,0.9999888
55000900061097,2021-10-28,1,0,0.9999888
55000900061097,2021-10-29,1,0,0.9999888
55000900061097,2021-10-30,1,0,0.9999888
55000900061097,2021-10-31,1,0,0.9999888
55000900061097,2021-11-01,1,0,0.9999888
55000900061097,2021-11-02,1,0,0.9999888
55000900061097,2021-11-03,1,0,0.9999888
55000900061097,2021-11-04,1,0,0.9999888
55000900061097,2021-11-05,1,0,0.9999888
55000900061097,2021-11-06,1,0,0.9999888
55000900061097,2021-11-07,1,0,0.9999888
55000900061097,2021-11-08,1,0,0.9999888
55000900061097,2021-11-09,1,0,0.9999888
55000900061097,2021-11-10,1,0,0.9999888
55000900061097,2021-11-11,1,0,0.9999888
55000900061097,2021-11-12,1,0,0.9999888
55000900061097,2021-11-13,1,0,0.9999888
55000900061097,2021-11-14,1,0,0.9999888
55000900061097,2021-11-15,1,0,0.9999888
55000900061097,2021-11-16,1,0,0.9999888
55000900061097,2021-11-17,1,0,0.9999888
55000900061097,2021-11-18,1,0,0.9999888
55000900061097,2021-11-19,1,0,0.9999888
55000900061097,2021-11-20,1,0,0.9999888
55000900061097,2021-11-21,1,0,0.9999888
55000900061097,2021-11-22,1,0,0.9999888
55000900061097,2021-11-23,1,0,0.9999888
55000900061097,2021-11-24,1,0,0.9999888
55000900061097,2021-11-25,1,0,0.9999888
55000900061097,2021-11-26,1,0,0.9999888
55000900061097,2021-11-27,1,0,0.9999888
55000900061097,2021-11-28,1,0,0.9999888
55000900061097,2021-11-29,1,0,0.9999888
55000900061097,2021-11-30,1,0,0.9999888
55000900061097,2021-12-01,1,0,0.9999888
55000900061097,2021-12-02,1,0,0.9999888
55000900061097,2021-12-03,1,0,0.9999888
55000900061097,2021-12-04,1,0,0.9999888
55000900061097,2021-12-05,1,0,0.9999888
55000900061097,2021-12-06,1,0,0.9999888
55000900061097,2021-12-07,1,0,0.9999888
55000900061097,2021-12-08,1,0,0.9999888
55000900061097,2021-12-09,1,0,0.9999888
55000900061097,2021-12-10,1,0,0.9999888
55000900061097,2021-12-11,1,0,0.9999888
55000900061097,2021-12-12,1,0,0.9999888
55000900061097,2021-12-13,1,0,0.9999888
55000900061097,2021-12-14,1,0,0.9999888
55000900061097,2021-12-15,1,0,0.9999888
55000900061097,2021-12-16,1,0,0.9999888
55000900061097,2021-12-17,1,0,0.9999888
55000900061097,2021-12-18,1,0,0.9999888
55000900061097,2021-12-19,1,0,0.9999888
55000900061097,2021-12-20,1,0,0.9999888
55000900061097,2021-12-21,1,0,0.9999888
55000900061097,2021-12-22,1,0,0.9999888
55000900061097,2021-12-23,1,0,0.9999888
55000900061097,2021-12-24,1,0,0.9999888
55000900061097,2021-12-25,1,0,0.9999888
55000900061097,2021-12-26,1,0,0.9999888
55000900061097,2021-12-27,1,0,0.9999888
55000900061097,2021-12-28,1,0,0.9999888
55000900061097,2021-12-29,1,0,0.9999888
55000900061097,2021-12-30,1,0,0.9999888
55000900061097,2021-12-31,1,0,0.9999888
55000900061097,2022-01-01,1,0,0.9999888
55000900061097,2022-01-02,1,0,0.9999888
55000900061097,2022-01-03,1,0,0.9999888
55000900061097,2022-01-04,1,0,0.9999888
55000900061097,2022-01-05,1,0,0.9999888
55000900061097,2022-01-06,1,0,0.9999888
55000900061097,2022-01-07,1,0,0.9999888
55000900061097,2022-01-08,1,0,0.9999888
55000900061097,2022-01-09,1,0,0.9999888
55000900061097,2022-01-10,1,0,0.9999888
55000900061097,2022-01-11,1,0,0.9999888
55000900061097,2022-01-12,1,0,0.9999888
55000900061097,2022-01-13,1,0,0.9999888
55000900061097,2022-01-14,1,0,0.9999888
55000900061097,2022-01-15,1,0,0.9999888
55000900061097,2022-01-16,1,0,0.9999888
55000900061097,2022-01-17,1,0,0.9999888
55000900061097,2022-01-18,1,0,0.9999888
55000900061097,2022-01-19,1,0,0.9999888
55000900061097,2022-01-20,1,0,0.9999888
55000900061097,2022-01-21,1,0,0.9999888
55000900061097,2022-01-22,1,0,0.9999888
55000900061097,2022-01-23,1,0,0.9999888
55000900061097,2022-01-24,1,0,0.9999888
55000900061097,2022-01-25,1,0,0.9999888
55000900061097,2022-01-26,1,0,0.9999888
55000900061097,2022-01-27,1,0,0.9999888
55000900061097,2022-01-28,1,0,0.9999888
55000900061097,2022-01-29,1,0,0.9999888
55000900061097,2022-01-30,1,0,0.9999888
55000900061097,2022-01-31,1,0,0.9999888
55000900061097,2022-02-01,1,0,0.9999888
55000900061097,2022-02-02,1,0,0.9999888
55000900061097,2022-02-03,1,0,0.9999888
55000900061097,2022-02-04,1,0,0.9999888
55000900061097,2022-02-05,1,0,0.9999888
55000900061097,2022-02-06,1,0,0.9999888
55000900061097,2022-02-07,1,0,0.9999888
55000900061097,2022-02-08,1,0,0.9999888
55000900061097,2022-02-09,1,0,0.9999888
55000900061097,2022-02-10,1,0,0.9999888
55000900061097,2022-02-11,1,0,0.9999888
55000900061097,2022-02-12,1,0,0.9999888
55000900061097,2022-02-13,1,0,0.9999888
55000900061097,2022-02-14,1,0,0.9999888
55000900061097,2022-02-15,1,0,0.9999888
55000900061097,2022-02-16,1,0,0.9999888
55000900061097,2022-02-17,1,0,0.9999888
55000900061097,2022-02-18,1,0,0.9999888
55000900061097,2022-02-19,1,0,0.9999888
55000900061097,2022-02-20,1,0,0.9999888
55000900061097,2022-02-21,1,0,0.9999888
55000900061097,2022-02-22,1,0,0.9999888
55000900061097,2022-02-23,1,0,0.9999888
55000900061097,2022-02-24,1,0,0.9999888
55000900061097,2022-02-25,1,0,0.9999888
55000900061097,2022-02-26,1,0,0.9999888
55000900061097,2022-02-27,1,0,0.9999888
55000900061097,2022-02-28,1,0,0.9999888
55000900061097,2022-03-01,1,0,0.9999888
55000900061097,2022-03-02,1,0,0.9999888
55000900061097,2022-03-03,1,0,0.9999888
55000900061097,2022-03-04,1,0,0.9999888
55000900061097,2022-03-05,1,0,0.9999888
55000900061097,2022-03-06,1,0,0.9999888
55000900061097,2022-03-07,1,0,0.9999888
55000900061097,2022-03-08,1,0,0.9999888
55000900061097,2022-03-09,1,0,0.9999888
55000900061097,2022-03-10,1,0,0.9999888
55000900061097,2022-03-11,1,0,0.9999888
55000900061097,2022-03-12,1,0,0.9999888
55000900061097,2022-03-13,1,0,0.9999888
55000900061097,2022-03-14,1,0,0.9999888
55000900061097,2022-03-15,1,0,0.9999888
55000900061097,2022-03-16,1,0,0.9999888
55000900061097,2022-03-17,1,0,0.9999888
55000900061097,2022-03-18,1,0,0.9999888
55000900061097,2022-03-19,1,0,0.9999888
55000900061097,2022-03-20,1,0,0.9999888
55000900061097,2022-03-21,1,0,0.9999888
55000900061097,2022-03-22,1,0,0.9999888
55000900061097,2022-03-23,1,0,0.9999888
55000900061097,2022-03-24,1,0,0.9999888
55000900061097,2022-03-25,1,0,0.9999888
55000900061097,2022-03-26,1,0,0.9999888
55000900061097,2022-03-27,1,0,0.9999888
55000900061097,2022-03-28,1,0,0.9999888
55000900061097,2022-03-29,1,0,0.9999888
55000900061097,2022-03-30,1,0,0.9999888
55000900061097,2022-03-31,1,0,0.9999888
55000900061097,2022-04-01,1,0,0.9999888
55000900061097,2022-04-02,1,0,0.9999888
55000900061097,2022-04-03,1,0,0.9999888
55000900061097,2022-04-04,1,0,0.9999888
55000900061097,2022-04-05,1,0,0.9999888
55000900061097,2022-04-06,1,0,0.9999888
55000900061097,2022-04-07,1,0,0.9999888
55000900061097,2022-04-08,1,0,0.9999888
55000900061097,2022-04-09,1,0,0.9999888
55000900061097,2022-04-10,1,0,0.9999888
55000900061097,2022-04-11,1,0,0.9999888
55000900061097,2022-04-12,1,0,0.9999888
55000900061097,2022-04-13,1,0,0.9999888
55000900061097,2022-04-14,1,0,0.9999888
55000900061097,2022-04-15,1,0,0.9999888
55000900061097,2022-04-16,1,0,0.9999888
55000900061097,2022-04-17,1,0,0.9999888
55000900061097,2022-04-18,1,0,0.9999888
55000900061097,2022-04-19,1,0,0.9999888
55000900061097,2022-04-20,1,0,0.9999888
55000900061097,2022-04-21,1,0,0.9999888
55000900061097,2022-04-22,1,0,0.9999888
55000900061097,2022-04-23,1,0,0.9999888
55000900061097,2022-04-24,1,0,0.9999888
55000900061097,2022-04-25,1,0,0.9999888
55000900061097,2022-04-26,1,0,0.9999888
55000900061097,2022-04-27,1,0,0.9999888
55000900061097,2022-04-28,1,0,0.9999888
55000900061097,2022-04-29,1,0,0.9999888
55000900061097,2022-04-30,1,0,0.9999888
55000900061097,2022-05-01,1,0,0.9999888
55000900061097,2022-05-02,1,0,0.9999888
55000900061097,2022-05-03,1,0,0.9999888
55000900061097,2022-05-04,1,0,0.9999888
55000900061097,2022-05-05,1,0,0.9999888
55000900061097,2022-05-06,1,0,0.9999888
55000900061097,2022-05-07,1,0,0.9999888
55000900061097,2022-05-08,1,0,0.9999888
55000900061097,2022-05-09,1,0,0.9999888
55000900061097,2022-05-10,1,0,0.9999888
55000900061097,2022-05-11,1,0,0.9999888
55000900061097,2022-05-12,1,0,0.9999888
55000900061097,2022-05-13,1,0,0.9999888
55000900061097,2022-05-14,1,0,0.9999888
55000900061097,2022-05-15,1,0,0.9999888
55000900061097,2022-05-16,1,0,0.9999888
55000900061097,2022-05-17,1,0,0.9999888
55000900061097,2022-05-18,1,0,0.9999888
55000900061097,2022-05-19,1,0,0.9999888
55000900061097,2022-05-20,1,0,0.9999888
55000900061097,2022-05-21,1,0,0.9999888
55000900061097,2022-05-22,1,0,0.9999888
55000900061097,2022-05-23,1,0,0.9999888
55000900061097,2022-05-24,1,0,0.9999888
55000900061097,2022-05-25,1,0,0.9999888
55000900061097,2022-05-26,1,0,0.9999888
55000900061097,2022-05-27,1,0,0.9999888
55000900061097,2022-05-28,1,0,0.9999888
55000900061097,2022-05-29,1,0,0.9999888
55000900061097,2022-05-30,1,0,0.9999888
55000900061097,2022-05-31,1,0,0.9999888
55000900061097,2022-06-01,1,0,0.9999888
55000900061097,2022-06-02,1,0,0.9999888
55000900061097,2022-06-03,1,0,0.9999888
55000900061097,2022-06-04,1,0,0.9999888
55000900061097,2022-06-05,1,0,0.9999888
55000900061097,2022-06-06,1,0,0.9999888
55000900061097,2022-06-07,1,0,0.9999888
55000900061097,2022-06-08,1,0,0.9999888
55000900061097,2022-06-09,1,0,0.9999888
55000900061097,2022-06-10,1,0,0.9999888
55000900061097,2022-06-11,1,0,0.9999888
55000900061097,2022-06-12,1,0,0.9999888
55000900061097,2022-06-13,1,0,0.9999888
55000900061097,2022-06-14,1,0,0.9999888
55000900061097,2022-06-15,1,0,0.9999888
55000900061097,2022-06-16,1,0,0.9999888
55000900061097,2022-06-17,1,0,0.9999888
55000900061097,2022-06-18,1,0,0.9999888
55000900061097,2022-06-19,1,0,0.9999888
55000900061097,2022-06-20,1,0,0.9999888
55000900061097,2022-06-21,1,0,0.9999888
55000900061097,2022-06-22,1,0,0.9999888
55000900061097,2022-06-23,1,0,0.9999888
55000900061097,2022-06-24,1,0,0.9999888
55000900061097,2022-06-25,1,0,0.9999888
55000900061097,2022-06-26,1,0,0.9999888
55000900061097,2022-06-27,1,0,0.9999888
55000900061097,2022-06-28,1,0,0.9999888
55000900061097,2022-06-29,1,0,0.9999888
55000900061097,2022-06-30,1,0,0.9999888
55000900061097,2022-07-01,1,0,0.9999888
55000900061097,2022-07-02,1,0,0.9999888
55000900061097,2022-07-03,1,0,0.9999888
55000900061097,2022-07-04,1,0,0.9999888
55000900061097,2022-07-05,1,0,0.9999888
55000900061097,2022-07-06,1,0,0.9999888
55000900061097,2022-07-07,1,0,0.9999888
55000900061097,2022-07-08,1,0,0.9999888
55000900061097,2022-07-09,1,0,0.9999888
55000900061097,2022-07-10,1,0,0.9999888
55000900061097,2022-07-11,1,0,0.9999888
55000900061097,2022-07-12,1,0,0.9999888
55000900061097,2022-07-13,1,0,0.9999888
55000900061097,2022-07-14,1,0,0.9999888
55000900061097,2022-07-15,1,0,0.9999888
55000900061097,2022-07-16,1,0,0.9999888
55000900061097,2022-07-17,1,0,0.9999888
55000900061097,2022-07-18,1,0,0.9999888
55000900061097,2022-07-19,1,0,0.9999888
55000900061097,2022-07-20,1,0,0.9999888
55000900061097,2022-07-21,1,0,0.9999888
55000900061097,2022-07-22,1,0,0.9999888
55000900061097,2022-07-23,1,0,0.9999888
55000900061097,2022-07-24,1,0,0.9999888
55000900061097,2022-07-25,1,0,0.9999888
55000900061097,2022-07-26,1,0,0.9999888
55000900061097,2022-07-27,1,0,0.9999888
55000900061097,2022-07-28,1,0,0.9999888
55000900061097,2022-07-29,1,0,0.9999888
55000900061097,2022-07-30,1,0,0.9999888
55000900061097,2022-07-31,1,0,0.9999888
55000900061097,2022-08-01,1,0,0.9999888
55000900061097,2022-08-02,1,0,0.9999888
55000900061097,2022-08-03,1,0,0.9999888
55000900061097,2022-08-04,1,0,0.9999888
55000900061097,2022-08-05,1,0,0.9999888
55000900061097,2022-08-06,1,0,0.9999888
55000900061097,2022-08-07,1,0,0.9999888
55000900061097,2022-08-08,1,0,0.9999888
55000900061097,2022-08-09,1,0,0.9999888
55000900061097,2022-08-10,1,0,0.9999888
55000900061097,2022-08-11,1,0,0.9999888
55000900061097,2022-08-12,1,0,0.9999888
55000900061097,2022-08-13,1,0,0.9999888
55000900061097,2022-08-14,1,0,0.9999888
55000900061097,2022-08-15,1,0,0.9999888
55000900061097,2022-08-16,1,0,0.9999888
55000900061097,2022-08-17,1,0,0.9999888
55000900061097,2022-08-18,1,0,0.9999888
55000900061097,2022-08-19,1,0,0.9999888
55000900061097,2022-08-20,1,0,0.9999888
55000900061097,2022-08-21,1,0,0.9999888
55000900061097,2022-08-22,1,0,0.9999888
55000900061097,2022-08-23,1,0,0.9999888
55000900061097,2022-08-24,1,0,0.9999888
55000900061097,2022-08-25,1,0,0.9999888
55000900061097,2022-08-26,1,0,0.9999888
55000900061097,2022-08-27,1,0,0.9999888
55000900061097,2022-08-28,1,0,0.9999888
55000900061097,2022-08-29,1,0,0.9999888
55000900061097,2022-08-30,1,0,0.9999888
55000900061097,2022-08-31,1,0,0.9999888
55000900061097,2022-09-01,1,0,0.9999888
55000900061097,2022-09-02,1,0,0.9999888
55000900061097,2022-09-03,1,0,0.9999888
55000900061097,2022-09-04,1,0,0.9999888
55000900061097,2022-09-05,1,0,0.9999888
55000900061097,2022-09-06,1,0,0.9999888
55000900061097,2022-09-07,1,0,0.9999888
55000900061097,2022-09-08,1,0,0.9999888
55000900061097,2022-09-09,1,0,0.9999888
55000900061097,2022-09-10,1,0,0.9999888
55000900061097,2022-09-11,1,0,0.9999888
55000900061097,2022-09-12,1,0,0.9999888
55000900061097,2022-09-13,1,0,0.9999888
55000900061097,2022-09-14,1,0,0.9999888
55000900061097,2022-09-15,1,0,0.9999888
55000900061097,2022-09-16,1,0,0.9999888
55000900061097,2022-09-17,1,0,0.9999888
55000900061097,2022-09-18,1,0,0.9999888
55000900061097,2022-09-19,1,0,0.9999888
55000900061097,2022-09-20,1,0,0.9999888
55000900061097,2022-09-21,1,0,0.9999888
55000900061097,2022-09-22,1,0,0.9999888
55000900061097,2022-09-23,1,0,0.9999888
55000900061097,2022-09-24,1,0,0.9999888
55000900061097,2022-09-25,1,0,0.9999888
55000900061097,2022-09-26,1,0,0.9999888
55000900061097,2022-09-27,1,0,0.9999888
55000900061097,2022-09-28,1,0,0.9999888
55000900061097,2022-09-29,1,0,0.9999888
55000900061097,2022-09-30,1,0,0.9999888
55000900061097,2022-10-01,1,0,0.9999888
55000900061097,2022-10-02,1,0,0.9999888
55000900061097,2022-10-03,1,0,0.9999888
55000900061097,2022-10-04,1,0,0.9999888
55000900061097,2022-10-05,1,0,0.9999888
55000900061097,2022-10-06,1,0,0.9999888
55000900061097,2022-10-07,1,0,0.9999888
55000900061097,2022-10-08,1,0,0.9999888
55000900061097,2022-10-09,1,0,0.9999888
55000900061097,2022-10-10,1,0,0.9999888
55000900061097,2022-10-11,1,0,0.9999888
55000900061097,2022-10-12,1,0,0.9999888
55000900061097,2022-10-13,1,0,0.9999888
55000900061097,2022-10-14,1,0,0.9999888
55000900061097,2022-10-15,1,0,0.9999888
55000900061097,2022-10-16,1,0,0.9999888
55000900061097,2022-10-17,1,0,0.9999888
55000900061097,2022-10-18,1,0,0.9999888
55000900061097,2022-10-19,1,0,0.9999888
55000900061097,2022-10-20,1,0,0.9999888
55000900061097,2022-10-21,1,0,0.9999888
55000900061097,2022-10-22,1,0,0.9999888
55000900061097,2022-10-23,1,0,0.9999888
55000900061097,2022-10-24,1,0,0.9999888
55000900061097,2022-10-25,1,0,0.9999888
55000900061097,2022-10-26,1,0,0.9999888
55000900061097,2022-10-27,1,0,0.9999888
55000900061097,2022-10-28,1,0,0.9999888
55000900061097,2022-10-29,1,0,0.9999888
55000900061097,2022-10-30,1,0,0.9999888
55000900061097,2022-10-31,1,0,0.9999888
55000900061097,2022-11-01,1,0,0.9999888
55000900061097,2022-11-02,1,0,0.9999888
55000900061097,2022-11-03,1,0,0.9999888
55000900061097,2022-11-04,1,0,0.9999888
55000900061097,2022-11-05,1,0,0.9999888
55000900061097,2022-11-06,1,0,0.9999888
55000900061097,2022-11-07,1,0,0.9999888
55000900061097,2022-11-08,1,0,0.9999888
55000900061097,2022-11-09,1,0,0.9999888
55000900061097,2022-11-10,1,0,0.9999888
55000900061097,2022-11-11,1,0,0.9999888
55000900061097,2022-11-12,1,0,0.9999888
55000900061097,2022-11-13,1,0,0.9999888
55000900061097,2022-11-14,1,0,0.9999888
55000900061097,2022-11-15,1,0,0.9999888
55000900061097,2022-11-16,1,0,0.9999888
55000900061097,2022-11-17,1,0,0.9999888
55000900061097,2022-11-18,1,0,0.9999888
55000900061097,2022-11-19,1,0,0.9999888
55000900061097,2022-11-20,1,0,0.9999888
55000900061097,2022-11-21,1,0,0.9999888
55000900061097,2022-11-22,1,0,0.9999888
55000900061097,2022-11-23,1,0,0.9999888
55000900061097,2022-11-24,1,0,0.9999888
55000900061097,2022-11-25,1,0,0.9999888
55000900061097,2022-11-26,1,0,0.9999888
55000900061097,2022-11-27,1,0,0.9999888
55000900061097,2022-11-28,1,0,0.9999888
55000900061097,2022-11-29,1,0,0.9999888
55000900061097,2022-11-30,1,0,0.9999888
55000900061097,2022-12-01,1,0,0.9999888
55000900061097,2022-12-02,1,0,0.9999888
55000900061097,2022-12-03,1,0,0.9999888
55000900061097,2022-12-04,1,0,0.9999888
55000900061097,2022-12-05,1,0,0.9999888
55000900061097,2022-12-06,1,0,0.9999888
55000900061097,2022-12-07,1,0,0.9999888
55000900061097,2022-12-08,1,0,0.9999888
55000900061097,2022-12-09,1,0,0.9999888
55000900061097,2022-12-10,1,0,0.9999888
55000900061097,2022-12-11,1,0,0.9999888
55000900061097,2022-12-12,1,0,0.9999888
55000900061097,2022-12-13,1,0,0.9999888
55000900061097,2022-12-14,1,0,0.9999888
55000900061097,2022-12-15,1,0,0.9999888
55000900061097,2022-12-16,1,0,0.9999888
55000900061097,2022-12-17,1,0,0.9999888
55000900061097,2022-12-18,1,0,0.9999888
55000900061097,2022-12-19,1,0,0.9999888
55000900061097,2022-12-20,1,0,0.9999888
55000900061097,2022-12-21,1,0,0.9999888
55000900061097,2022-12-22,1,0,0.9999888
55000900061097,2022-12-23,1,0,0.9999888
55000900061097,2022-12-24,1,0,0.9999888
55000900061097,2022-12-25,1,0,0.9999888
55000900061097,2022-12-26,1,0,0.9999888
55000900061097,2022-12-27,1,0,0.9999888
55000900061097,2022-12-28,1,0,0.9999888
55000900061097,2022-12-29,1,0,0.9999888
55000900061097,2022-12-30,1,0,0.9999888
55000900061097,2022-12-31,1,0,0.9999888
55000900061097,2023-01-01,1,0,0.9999888
55000900061097,2023-01-02,1,0,0.9999888
55000900061097,2023-01-03,1,0,0.9999888
55000900061097,2023-01-04,1,0,0.9999888
55000900061097,2023-01-05,1,0,0.9999888
55000900061097,2023-01-06,1,0,0.9999888
55000900061097,2023-01-07,1,0,0.9999888
55000900061097,2023-01-08,1,0,0.9999888
55000900061097,2023-01-09,1,0,0.9999888
55000900061097,2023-01-10,1,0,0.9999888
55000900061097,2023-01-11,1,0,0.9999888
55000900061097,2023-01-12,1,0,0.9999888
55000900061097,2023-01-13,1,0,0.9999888
55000900061097,2023-01-14,1,0,0.9999888
55000900061097,2023-01-15,1,0,0.9999888
55000900061097,2023-01-16,1,0,0.9999888
55000900061097,2023-01-17,1,0,0.9999888
55000900061097,2023-01-18,1,0,0.9999888
55000900061097,2023-01-19,1,0,0.9999888
55000900061097,2023-01-20,1,0,0.9999888
55000900061097,2023-01-21,1,0,0.9999888
55000900061097,2023-01-22,1,0,0.9999888
55000900061097,2023-01-23,1,0,0.9999888
55000900061097,2023-01-24,1,0,0.9999888
55000900061097,2023-01-25,1,0,0.9999888
55000900061097,2023-01-26,1,0,0.9999888
55000900061097,2023-01-27,1,0,0.9999888
55000900061097,2023-01-28,1,0,0.9999888
55000900061097,2023-01-29,1,0,0.9999888
55000900061097,2023-01-30,1,0,0.9999888
55000900061097,2023-01-31,1,0,0.9999888
55000900061097,2023-02-01,1,0,0.9999888
55000900061097,2023-02-02,1,0,0.9999888
55000900061097,2023-02-03,1,0,0.9999888
55000900061097,2023-02-04,1,0,0.9999888
55000900061097,2023-02-05,1,0,0.9999888
55000900061097,2023-02-06,1,0,0.9999888
55000900061097,2023-02-07,1,0,0.9999888
55000900061097,2023-02-08,1,0,0.9999888
55000900061097,2023-02-09,1,0,0.9999888
55000900061097,2023-02-10,1,0,0.9999888
55000900061097,2023-02-11,1,0,0.9999888
55000900061097,2023-02-12,1,0,0.9999888
55000900061097,2023-02-13,1,0,0.9999888
55000900061097,2023-02-14,1,0,0.9999888
55000900061097,2023-02-15,1,0,0.9999888
55000900061097,2023-02-16,1,0,0.9999888
55000900061097,2023-02-17,1,0,0.9999888
55000900061097,2023-02-18,1,0,0.9999888
55000900061097,2023-02-19,1,0,0.9999888
55000900061097,2023-02-20,1,0,0.9999888
55000900061097,2023-02-21,1,0,0.9999888
55000900061097,2023-02-22,1,0,0.9999888
55000900061097,2023-02-23,1,0,0.9999888
55000900061097,2023-02-24,1,0,0.9999888
55000900061097,2023-02-25,1,0,0.9999888
55000900061097,2023-02-26,1,0,0.9999888
55000900061097,2023-02-27,1,0,0.9999888
55000900061097,2023-02-28,1,0,0.9999888
55000900061097,2023-03-01,1,0,0.9999888
55000900061097,2023-03-02,1,0,0.9999888
55000900061097,2023-03-03,1,0,0.9999888
55000900061097,2023-03-04,1,0,0.9999888
55000900061097,2023-03-05,1,0,0.9999888
55000900061097,2023-03-06,1,0,0.9999888
55000900061097,2023-03-07,1,0,0.9999888
55000900061097,2023-03-08,1,0,0.9999888
55000900061097,2023-03-09,1,0,0.9999888
55000900061097,2023-03-10,1,0,0.9999888
55000900061097,2023-03-11,1,0,0.9999888
55000900061097,2023-03-12,1,0,0.9999888
55000900061097,2023-03-13,1,0,0.9999888
55000900061097,2023-03-14,1,0,0.9999888
55000900061097,2023-03-15,1,0,0.9999888
55000900061097,2023-03-16,1,0,0.9999888
55000900061097,2023-03-17,1,0,0.9999888
55000900061097,2023-03-18,1,0,0.9999888
55000900061097,2023-03-19,1,0,0.9999888
55000900061097,2023-03-20,1,0,0.9999888
55000900061097,2023-03-21,1,0,0.9999888
55000900061097,2023-03-22,1,0,0.9999888
55000900061097,2023-03-23,1,0,0.9999888
55000900061097,2023-03-24,1,0,0.9999888
55000900061097,2023-03-25,1,0,0.9999888
55000900061097,2023-03-26,1,0,0.9999888
55000900061097,2023-03-27,1,0,0.9999888
55000900061097,2023-03-28,1,0,0.9999888
55000900061097,2023-03-29,1,0,0.9999888
55000900061097,2023-03-30,1,0,0.9999888
55000900061097,2023-03-31,1,0,0.9999888
55000900061097,2023-04-01,1,0,0.9999888
55000900061097,2023-04-02,1,0,0.9999888
55000900061097,2023-04-03,1,0,0.9999888
55000900061097,2023-04-04,1,0,0.9999888
55000900061097,2023-04-05,1,0,0.9999888
55000900061097,2023-04-06,1,0,0.9999888
55000900061097,2023-04-07,1,0,0.9999888
55000900061097,2023-04-08,1,0,0.9999888
55000900061097,2023-04-09,1,0,0.9999888
55000900061097,2023-04-10,1,0,0.9999888
55000900061097,2023-04-11,1,0,0.9999888
55000900061097,2023-04-12,1,0,0.9999888
55000900061097,2023-04-13,1,0,0.9999888
55000900061097,2023-04-14,1,0,0.9999888
55000900061097,2023-04-15,1,0,0.9999888
55000900061097,2023-04-16,1,0,0.9999888
55000900061097,2023-04-17,1,0,0.9999888
55000900061097,2023-04-18,1,0,0.9999888
55000900061097,2023-04-19,1,0,0.9999888
55000900061097,2023-04-20,1,0,0.9999888
55000900061097,2023-04-21,1,0,0.9999888
55000900061097,2023-04-22,1,0,0.9999888
55000900061097,2023-04-23,1,0,0.9999888
55000900061097,2023-04-24,1,0,0.9999888
55000900061097,2023-04-25,1,0,0.9999888
55000900061097,2023-04-26,1,0,0.9999888
55000900061097,2023-04-27,1,0,0.9999888
55000900061097,2023-04-28,1,0,0.9999888
55000900061097,2023-04-29,1,0,0.9999888
55000900061097,2023-04-30,1,0,0.9999888
55000900061097,2023-05-01,1,0,0.9999888
55000900061097,2023-05-02,1,0,0.9999888
55000900061097,2023-05-03,1,0,0.9999888
55000900061097,2023-05-04,1,0,0.9999888
55000900061097,2023-05-05,1,0,0.9999888
55000900061097,2023-05-06,1,0,0.9999888
55000900061097,2023-05-07,1,0,0.9999888
55000900061097,2023-05-08,1,0,0.9999888
55000900061097,2023-05-09,1,0,0.9999888
55000900061097,2023-05-10,1,0,0.9999888
55000900061097,2023-05-11,1,0,0.9999888
55000900061097,2023-05-12,1,0,0.9999888
55000900061097,2023-05-13,1,0,0.9999888
55000900061097,2023-05-14,1,0,0.9999888
55000900061097,2023-05-15,1,0,0.9999888
55000900061097,2023-05-16,1,0,0.9999888
55000900061097,2023-05-17,1,0,0.9999888
55000900061097,2023-05-18,1,0,0.9999888
55000900061097,2023-05-19,1,0,0.9999888
55000900061097,2023-05-20,1,0,0.9999888
55000900061097,2023-05-21,1,0,0.9999888
55000900061097,2023-05-22,1,0,0.9999888
55000900061097,2023-05-23,1,0,0.9999888
55000900061097,2023-05-24,1,0,0.9999888
55000900061097,2023-05-25,1,0,0.9999888
55000900061097,2023-05-26,1,0,0.9999888
55000900061097,2023-05-27,1,0,0.9999888
55000900061097,2023-05-28,1,0,0.9999888
55000900061097,2023-05-29,1,0,0.9999888
55000900061097,2023-05-30,1,0,0.9999888
55000900061097,2023-05-31,1,0,0.9999888
55000900061097,2023-06-01,1,0,0.9999888
55000900061097,2023-06-02,1,0,0.9999888
55000900061097,2023-06-03,1,0,0.9999888
55000900061097,2023-06-04,1,0,0.9999888
55000900061097,2023-06-05,1,0,0.9999888
55000900061097,2023-06-06,1,0,0.9999888
55000900061097,2023-06-07,1,0,0.9999888
55000900061097,2023-06-08,1,0,0.9999888
55000900061097,2023-06-09,1,0,0.9999888
55000900061097,2023-06-10,1,0,0.9999888
55000900061097,2023-06-11,1,0,0.9999888
55000900061097,2023-06-12,1,0,0.9999888
55000900061097,2023-06-13,1,0,0.9999888
55000900061097,2023-06-14,1,0,0.9999888
55000900061097,2023-06-15,1,0,0.9999888
55000900061097,2023-06-16,1,0,0.9999888
55000900061097,2023-06-17,1,0,0.9999888
55000900061097,2023-06-18,1,0,0.9999888
55000900061097,2023-06-19,1,0,0.9999888
55000900061097,2023-06-20,1,0,0.9999888
55000900061097,2023-06-21,1,0,0.9999888
55000900061097,2023-06-22,1,0,0.9999888
55000900061097,2023-06-23,1,0,0.9999888
55000900061097,2023-06-24,1,0,0.9999888
55000900061097,2023-06-25,1,0,0.9999888
55000900095919,2020-09-11,0,0,0.15388106
55000900095919,2020-09-12,0,0,0.15388106
55000900095919,2020-09-13,0,0,0.15388106
55000900095919,2020-09-14,0,0,0.15388106
55000900095919,2020-09-20,1,0,0.15388106
55000900095919,2020-09-21,1,0,0.15388106
55000900095919,2020-09-22,0,0,0.15388106
55000900095919,2020-09-23,1,0,0.5482272
55000900095919,2020-09-24,1,0,0.599592
55000900095919,2020-09-25,1,0,0.2904229
55000900095919,2020-09-26,1,0,0.6161721
55000900095919,2020-09-27,1,0,0.7062377
55000900095919,2020-09-28,1,0,0.8126118
55000900095919,2020-09-29,1,0,0.84484065
55000900095919,2020-09-30,0,0,0.86050236
55000900095919,2020-10-01,0,0,0.8698635
55000900095919,2020-10-02,0,0,0.86958486
55000900095919,2020-10-03,0,0,0.33580306
55000900095919,2020-10-04,0,0,0.35920924
55000900095919,2020-10-05,0,0,0.3256427
55000900095919,2020-10-06,0,0,0.28157395
55000900095919,2020-10-07,0,0,0.2512012
55000900095919,2020-10-08,0,0,0.23328745
55000900095919,2020-10-09,0,0,0.22413966
55000900095919,2020-10-10,1,0,0.21923381
55000900095919,2020-10-11,1,0,0.21633454
55000900095919,2020-10-12,1,0,0.21443558
55000900095919,2020-10-13,1,0,0.60509825
55000900095919,2020-10-14,1,0,0.60387903
55000900095919,2020-10-15,1,0,0.7472168
55000900095919,2020-10-16,1,0,0.8197592
55000900095919,2020-10-17,1,0,0.8439272
55000900095919,2020-10-18,0,0,0.85743177
55000900095919,2020-10-19,0,0,0.86185294
55000900095919,2020-10-20,0,0,0.8615419
55000900095919,2020-10-21,0,0,0.33352134
55000900095919,2020-10-22,0,0,0.34093207
55000900095919,2020-10-23,0,0,0.31579977
55000900095919,2020-10-24,1,0,0.2722748
55000900095919,2020-10-25,0,0,0.24490824
55000900095919,2020-10-26,0,0,0.23114365
55000900095919,2020-10-27,0,0,0.626776
55000900095919,2020-10-28,0,0,0.26851204
55000900095919,2020-10-29,0,0,0.22203988
55000900095919,2020-10-30,0,0,0.2163691
55000900095919,2020-10-31,0,0,0.21374206
55000900095919,2020-11-01,0,0,0.21209064
55000900095919,2020-11-02,0,0,0.21054196
55000900095919,2020-11-03,0,0,0.20933858
55000900095919,2020-11-04,0,0,0.20831954
55000900095919,2020-11-05,1,0,0.20739663
55000900095919,2020-11-06,1,0,0.20652854
55000900095919,2020-11-07,1,0,0.2056886
55000900095919,2020-11-08,1,0,0.5953073
55000900095919,2020-11-09,1,0,0.59878784
55000900095919,2020-11-10,1,0,0.7244904
55000900095919,2020-11-11,1,0,0.80740976
55000900095919,2020-11-12,1,0,0.83463556
55000900095919,2020-11-13,1,0,0.8470688
55000900095919,2020-11-14,1,0,0.8572989
55000900095919,2020-11-15,1,0,0.8660895
55000900095919,2020-11-16,1,0,0.869967
55000900095919,2020-11-17,1,0,0.86837494
55000900095919,2020-11-18,1,0,0.86389446
55000900095919,2020-11-19,1,0,0.8606704
55000900095919,2020-11-20,1,0,0.86413354
55000900095919,2020-11-21,1,0,0.86826116
55000900095919,2020-11-22,1,0,0.8729053
55000900095919,2020-11-23,1,0,0.877924
55000900095919,2020-11-24,1,0,0.8832703
55000900095919,2020-11-25,1,0,0.8810338
55000900095919,2020-11-26,1,0,0.88560134
55000900095919,2020-11-27,1,0,0.8901949
55000900095919,2020-11-28,1,0,0.894338
55000900095919,2020-11-29,1,0,0.89798963
55000900095919,2020-11-30,1,0,0.901178
55000900095919,2020-12-01,1,0,0.9039662
55000900095919,2020-12-03,1,0,0.90638447
55000900095919,2020-12-04,1,0,0.90855134
55000900095919,2020-12-05,1,0,0.90171397
55000900095919,2020-12-06,1,0,0.8538207
55000900095919,2020-12-07,1,0,0.87303096
55000900095919,2020-12-08,1,0,0.9752601
55000900095919,2020-12-09,1,0,0.9752601
55000900095919,2020-12-10,1,0,0.9752601
55000900095919,2020-12-11,1,0,0.9752601
55000900095919,2020-12-12,1,0,0.9752601
55000900095919,2020-12-13,1,0,0.9752601
55000900095919,2020-12-14,1,0,0.9752601
55000900095919,2020-12-15,1,0,0.9752601
55000900095919,2020-12-16,1,0,0.9752601
55000900095919,2020-12-17,1,0,0.9752601
55000900095919,2020-12-18,1,0,0.9752601
55000900095919,2020-12-19,1,0,0.9752601
55000900095919,2020-12-20,1,0,0.9752601
55000900095919,2020-12-21,1,0,0.9752601
55000900095919,2020-12-22,1,0,0.9752601
55000900095919,2020-12-23,1,0,0.9752601
55000900095919,2020-12-24,1,0,0.9752601
55000900095919,2020-12-25,1,0,0.9752601
55000900095919,2020-12-26,1,0,0.9752601
55000900095919,2020-12-27,1,0,0.9752601
55000900095919,2020-12-28,1,0,0.9752601
55000900095919,2020-12-29,1,0,0.9752601
55000900095919,2020-12-30,1,0,0.9752601
55000900095919,2020-12-31,1,0,0.9752601
55000900095919,2021-01-01,1,0,0.9752601
55000900095919,2021-01-02,1,0,0.9752601
55000900095919,2021-01-03,1,0,0.9752601
55000900095919,2021-01-04,1,0,0.9752601
55000900095919,2021-01-05,1,0,0.9752601
55000900095919,2021-01-06,1,0,0.9752601
55000900095919,2021-01-07,1,0,0.9752601
55000900095919,2021-01-08,1,0,0.9752601
55000900095919,2021-01-09,1,0,0.9752601
55000900095919,2021-01-10,1,0,0.9752601
55000900095919,2021-01-11,1,0,0.9752601
55000900095919,2021-01-12,1,0,0.9752601
55000900095919,2021-01-13,1,0,0.9752601
55000900095919,2021-01-14,1,0,0.9752601
55000900095919,2021-01-15,1,0,0.9752601
55000900095919,2021-01-16,1,0,0.9752601
55000900095919,2021-01-17,1,0,0.9752601
55000900095919,2021-01-18,1,0,0.9752601
55000900095919,2021-01-19,1,0,0.9752601
55000900095919,2021-01-20,1,0,0.9752601
55000900095919,2021-01-21,1,0,0.9752601
55000900095919,2021-01-22,1,0,0.9752601
55000900095919,2021-01-23,1,0,0.9752601
55000900095919,2021-01-24,1,0,0.9752601
55000900095919,2021-01-25,1,0,0.9752601
55000900095919,2021-01-26,1,0,0.9752601
55000900095919,2021-01-27,1,0,0.9752601
55000900095919,2021-01-28,1,0,0.9752601
55000900095919,2021-01-29,1,0,0.9752601
55000900095919,2021-01-30,1,0,0.9752601
55000900095919,2021-01-31,1,0,0.9752601
55000900095919,2021-02-01,1,0,0.9752601
55000900095919,2021-02-02,1,0,0.9752601
55000900095919,2021-02-03,1,0,0.9752601
55000900095919,2021-02-04,1,0,0.9752601
55000900095919,2021-02-05,1,0,0.9752601
55000900095919,2021-02-06,1,0,0.9752601
55000900095919,2021-02-07,1,0,0.9752601
55000900095919,2021-02-08,1,0,0.9752601
55000900095919,2021-02-09,1,0,0.9752601
55000900095919,2021-02-10,1,0,0.9752601
55000900095919,2021-02-11,1,0,0.9752601
55000900095919,2021-02-12,1,0,0.9752601
55000900095919,2021-02-13,1,0,0.9752601
55000900095919,2021-02-14,1,0,0.9752601
55000900095919,2021-02-15,1,0,0.9752601
55000900095919,2021-02-16,1,0,0.9752601
55000900095919,2021-02-17,1,0,0.9752601
55000900095919,2021-02-18,1,0,0.9752601
55000900095919,2021-02-19,1,0,0.9752601
55000900095919,2021-02-20,1,0,0.9752601
55000900095919,2021-02-21,1,0,0.9752601
55000900095919,2021-02-22,1,0,0.9752601
55000900095919,2021-02-23,1,0,0.9752601
55000900095919,2021-02-24,1,0,0.9752601
55000900095919,2021-02-25,1,0,0.9752601
55000900095919,2021-02-26,1,0,0.9752601
55000900095919,2021-02-27,1,0,0.9752601
55000900095919,2021-02-28,1,0,0.9752601
55000900095919,2021-03-01,1,0,0.9752601
55000900095919,2021-03-02,1,0,0.9752601
55000900095919,2021-03-03,1,0,0.9752601
55000900095919,2021-03-04,1,0,0.9752601
55000900095919,2021-03-05,1,0,0.9752601
55000900095919,2021-03-06,1,0,0.9752601
55000900095919,2021-03-07,1,0,0.9752601
55000900095919,2021-03-08,1,0,0.9752601
55000900095919,2021-03-09,1,0,0.9752601
55000900095919,2021-03-10,1,0,0.9752601
55000900095919,2021-03-11,1,0,0.9752601
55000900095919,2021-03-12,1,0,0.9752601
55000900095919,2021-03-13,1,0,0.9752601
55000900095919,2021-03-15,1,0,0.9752601
55000900095919,2021-03-16,1,0,0.9752601
55000900095919,2021-03-17,1,0,0.9752601
55000900095919,2021-03-18,1,0,0.9752601
55000900095919,2021-03-19,1,0,0.9752601
55000900095919,2021-03-20,1,0,0.9752601
55000900095919,2021-03-21,1,0,0.9752601
55000900095919,2021-03-22,1,0,0.9752601
55000900095919,2021-03-23,1,0,0.9752601
55000900095919,2021-03-24,1,0,0.9752601
55000900095919,2021-03-25,1,0,0.9752601
55000900095919,2021-03-26,1,0,0.9752601
55000900095919,2021-03-27,1,0,0.9752601
55000900095919,2021-03-28,1,0,0.9752601
55000900095919,2021-03-29,1,0,0.9752601
55000900095919,2021-03-30,1,0,0.9752601
55000900095919,2021-03-31,1,0,0.9752601
55000900095919,2021-04-01,1,0,0.9752601
55000900095919,2021-04-02,1,0,0.9752601
55000900095919,2021-04-03,1,0,0.9752601
55000900095919,2021-04-04,1,0,0.9752601
55000900095919,2021-04-05,1,0,0.9752601
55000900095919,2021-04-06,1,0,0.9752601
55000900095919,2021-04-07,1,0,0.9752601
55000900095919,2021-04-08,1,0,0.9752601
55000900095919,2021-04-09,1,0,0.9752601
55000900095919,2021-04-10,1,0,0.9752601
55000900095919,2021-04-11,1,0,0.9752601
55000900095919,2021-04-12,1,0,0.9752601
55000900095919,2021-04-13,1,0,0.9752601
55000900095919,2021-04-14,1,0,0.9752601
55000900095919,2021-04-15,1,0,0.9752601
55000900095919,2021-04-16,1,0,0.9752601
55000900095919,2021-04-17,1,0,0.9752601
55000900095919,2021-04-18,1,0,0.9752601
55000900095919,2021-04-19,1,0,0.9752601
55000900095919,2021-04-20,1,0,0.9752601
55000900095919,2021-04-21,1,0,0.9752601
55000900095919,2021-04-22,1,0,0.9752601
55000900095919,2021-04-23,1,0,0.9752601
55000900095919,2021-04-24,1,0,0.9752601
55000900095919,2021-04-25,1,0,0.9752601
55000900095919,2021-04-26,1,0,0.9752601
55000900095919,2021-04-27,1,0,0.9752601
55000900095919,2021-04-28,1,0,0.9752601
55000900095919,2021-04-29,1,0,0.9752601
55000900095919,2021-04-30,1,0,0.9752601
55000900095919,2021-05-01,1,0,0.9752601
55000900095919,2021-05-02,1,0,0.9752601
55000900095919,2021-05-03,1,0,0.9752601
55000900095919,2021-05-04,1,0,0.9752601
55000900095919,2021-05-05,1,0,0.9752601
55000900095919,2021-05-06,1,0,0.9752601
55000900095919,2021-05-07,1,0,0.9752601
55000900095919,2021-05-08,1,0,0.9752601
55000900095919,2021-05-09,1,0,0.9752601
55000900095919,2021-05-10,1,0,0.9752601
55000900095919,2021-05-11,1,0,0.9752601
55000900095919,2021-05-12,1,0,0.9752601
55000900095919,2021-05-13,1,0,0.9752601
55000900095919,2021-05-14,1,0,0.9752601
55000900095919,2021-05-15,1,0,0.9752601
55000900095919,2021-05-16,1,0,0.9752601
55000900095919,2021-05-17,1,0,0.9752601
55000900095919,2021-05-18,1,0,0.9752601
55000900095919,2021-05-19,1,0,0.9752601
55000900095919,2021-05-20,1,0,0.9752601
55000900095919,2021-05-21,1,0,0.9752601
55000900095919,2021-05-22,1,0,0.9752601
55000900095919,2021-05-23,1,0,0.9752601
55000900095919,2021-05-24,1,0,0.9752601
55000900095919,2021-05-26,1,0,0.9752601
55000900095919,2021-05-27,1,0,0.9752601
55000900095919,2021-05-28,1,0,0.9752601
55000900095919,2021-05-29,1,0,0.9752601
55000900095919,2021-05-30,1,0,0.9752601
55000900095919,2021-05-31,1,0,0.9752601
55000900095919,2021-06-01,1,0,0.9752601
55000900095919,2021-06-02,1,0,0.9752601
55000900095919,2021-06-03,1,0,0.9752601
55000900095919,2021-06-04,1,0,0.9752601
55000900095919,2021-06-05,1,0,0.9752601
55000900095919,2021-06-06,1,0,0.9752601
55000900095919,2021-06-07,1,0,0.9752601
55000900095919,2021-06-08,1,0,0.9752601
55000900095919,2021-06-09,1,0,0.9752601
55000900095919,2021-06-10,1,0,0.9752601
55000900095919,2021-06-11,1,0,0.9752601
55000900095919,2021-06-12,1,0,0.9752601
55000900095919,2021-06-13,1,0,0.9752601
55000900095919,2021-06-14,1,0,0.9752601
55000900095919,2021-06-15,1,0,0.9752601
55000900095919,2021-06-16,1,0,0.9752601
55000900095919,2021-06-17,1,0,0.9752601
55000900095919,2021-06-18,1,0,0.9752601
55000900095919,2021-06-19,1,0,0.9752601
55000900095919,2021-06-20,1,0,0.9752601
55000900095919,2021-06-21,1,0,0.9752601
55000900095919,2021-06-22,1,0,0.9752601
55000900095919,2021-06-23,1,0,0.9752601
55000900095919,2021-06-24,1,0,0.9752601
55000900095919,2021-06-25,1,0,0.9752601
55000900095919,2021-06-26,1,0,0.9752601
55000900095919,2021-06-27,1,0,0.9752601
55000900095919,2021-06-28,1,0,0.9752601
55000900095919,2021-06-29,1,0,0.9752601
55000900095919,2021-06-30,1,0,0.9752601
55000900095919,2021-07-01,1,0,0.9752601
55000900095919,2021-07-02,1,0,0.9752601
55000900095919,2021-07-03,1,0,0.9752601
55000900095919,2021-07-04,1,0,0.9752601
55000900095919,2021-07-05,1,0,0.9752601
55000900095919,2021-07-06,1,0,0.9752601
55000900095919,2021-07-07,1,0,0.9752601
55000900095919,2021-07-08,1,0,0.9752601
55000900095919,2021-07-09,1,0,0.9752601
55000900095919,2021-07-10,1,0,0.9752601
55000900095919,2021-07-11,1,0,0.9752601
55000900095919,2021-07-12,1,0,0.9752601
55000900095919,2021-07-13,1,0,0.9752601
55000900095919,2021-07-14,1,0,0.9752601
55000900095919,2021-07-15,1,0,0.9752601
55000900095919,2021-07-16,1,0,0.9752601
55000900095919,2021-07-17,1,0,0.9752601
55000900095919,2021-07-18,1,0,0.9752601
55000900095919,2021-07-19,1,0,0.9752601
55000900095919,2021-07-20,1,0,0.9752601
55000900095919,2021-07-21,1,0,0.9752601
55000900095919,2021-07-22,1,0,0.9752601
55000900095919,2021-07-23,1,0,0.9752601
55000900095919,2021-07-24,1,0,0.9752601
55000900095919,2021-07-25,1,0,0.9752601
55000900095919,2021-07-26,1,0,0.9752601
55000900095919,2021-07-27,1,0,0.9752601
55000900095919,2021-07-28,1,0,0.9752601
55000900095919,2021-07-29,1,0,0.9752601
55000900095919,2021-07-30,1,0,0.9752601
55000900095919,2021-07-31,1,0,0.9752601
55000900095919,2021-08-01,1,0,0.9752601
55000900095919,2021-08-02,1,0,0.9752601
55000900095919,2021-08-03,1,0,0.9752601
55000900095919,2021-08-04,1,0,0.9752601
55000900095919,2021-08-05,1,0,0.9752601
55000900095919,2021-08-06,1,0,0.9752601
55000900095919,2021-08-07,1,0,0.9752601
55000900095919,2021-08-08,0,0,0.9752601
55000900095919,2021-08-09,0,0,0.9752601
55000900095919,2021-08-10,0,0,0.9752601
55000900095919,2021-08-11,0,0,0.39614534
55000900095919,2021-08-12,0,0,0.2663758
55000900095919,2021-08-13,0,0,0.25360918
55000900095919,2021-08-14,0,0,0.21982725
55000900095919,2021-08-15,0,0,0.18390512
55000900095919,2021-08-16,0,0,0.1594038
55000900095919,2021-08-17,0,0,0.1434246
55000900095919,2021-08-19,0,0,0.13308133
55000900095919,2021-08-20,0,0,0.1261456
55000900095919,2021-08-21,0,0,0.12142006
55000900095919,2021-08-22,0,0,0.1181613
55000900095919,2021-08-23,0,0,0.11588427
55000900095919,2021-08-24,0,0,0.11431602
55000900095919,2021-08-25,0,0,0.113232404
55000900095919,2021-08-26,0,0,0.1125154
55000900095919,2021-08-27,0,0,0.112073906
55000900095919,2021-08-28,0,0,0.11186319
55000900095919,2021-08-29,0,0,0.111839995
55000900095919,2021-08-30,0,0,0.11198988
55000900095919,2021-08-31,0,0,0.112310626
55000900095919,2021-09-01,0,0,0.11284464
55000900095919,2021-09-02,0,0,0.113634154
55000900095919,2021-09-03,0,0,0.11483952
55000900095919,2021-09-04,0,0,0.11717543
55000900095919,2021-09-05,0,0,0.122085474
55000900095919,2021-09-06,0,0,0.13120317
55000900095919,2021-09-07,0,0,0.14923166
55000900095919,2021-09-08,0,0,0.19089997
55000900095919,2021-09-09,0,0,0.16157189
55000900095919,2021-09-10,0,0,0.15388106
55000900095919,2021-09-11,0,0,0.15388106
55000900095919,2021-09-12,0,0,0.15388106
55000900095919,2021-09-13,0,0,0.15388106
55000900095919,2021-09-14,0,0,0.15388106
55000900095919,2021-09-15,0,0,0.15388106
55000900095919,2021-09-16,0,0,0.15388106
55000900095919,2021-09-17,0,0,0.15388106
55000900095919,2021-09-18,1,0,0.15388106
55000900095919,2021-09-19,1,0,0.15388106
55000900095919,2021-09-20,1,0,0.15388106
55000900095919,2021-09-21,1,0,0.5482272
55000900095919,2021-09-22,1,0,0.599592
55000900095919,2021-09-23,1,0,0.6159148
55000900095919,2021-09-24,1,0,0.7382016
55000900095919,2021-09-25,1,0,0.8150348
55000900095919,2021-09-26,1,0,0.83968943
55000900095919,2021-09-27,1,0,0.85388446
55000900095919,2021-09-28,1,0,0.85915035
55000900095919,2021-09-29,1,0,0.8564896
55000900095919,2021-09-30,1,0,0.85229284
55000900095919,2021-10-01,1,0,0.8508044
55000900095919,2021-10-02,1,0,0.8529749
55000900095919,2021-10-03,1,0,0.85656923
55000900095919,2021-10-04,1,0,0.86074567
55000900095919,2021-10-05,1,0,0.86539155
55000900095919,2021-10-06,1,0,0.8703755
55000900095919,2021-10-07,1,0,0.8755238
55000900095919,2021-10-08,1,0,0.8806652
55000900095919,2021-10-09,1,0,0.88560134
55000900095919,2021-10-10,1,0,0.8901949
55000900095919,2021-10-11,1,0,0.894338
55000900095919,2021-10-12,1,0,0.89798963
55000900095919,2021-10-13,1,0,0.901178
55000900095919,2021-10-14,1,0,0.9039662
55000900095919,2021-10-15,1,0,0.90638447
55000900095919,2021-10-16,1,0,0.90855134
55000900095919,2021-10-17,1,0,0.90171397
55000900095919,2021-10-18,1,0,0.8538207
55000900095919,2021-10-19,1,0,0.87303096
55000900095919,2021-10-20,1,0,0.9752601
55000900095919,2021-10-21,1,0,0.9752601
55000900095919,2021-10-22,1,0,0.9752601
55000900095919,2021-10-23,1,0,0.9752601
55000900095919,2021-10-24,1,0,0.9752601
55000900095919,2021-10-25,1,0,0.9752601
55000900095919,2021-10-26,1,0,0.9752601
55000900095919,2021-10-27,1,0,0.9752601
55000900095919,2021-10-28,1,0,0.9752601
55000900095919,2021-10-29,1,0,0.9752601
55000900095919,2021-10-30,1,0,0.9752601
55000900095919,2021-10-31,1,0,0.9752601
55000900095919,2021-11-01,1,0,0.9752601
55000900095919,2021-11-02,1,0,0.9752601
55000900095919,2021-11-03,1,0,0.9752601
55000900095919,2021-11-04,1,0,0.9752601
55000900095919,2021-11-05,1,0,0.9752601
55000900095919,2021-11-06,1,0,0.9752601
55000900095919,2021-11-07,1,0,0.9752601
55000900095919,2021-11-08,1,0,0.9752601
55000900095919,2021-11-09,1,0,0.9752601
55000900095919,2021-11-10,1,0,0.9752601
55000900095919,2021-11-11,1,0,0.9752601
55000900095919,2021-11-12,1,0,0.9752601
55000900095919,2021-11-13,1,0,0.9752601
55000900095919,2021-11-14,1,0,0.9752601
55000900095919,2021-11-15,1,0,0.9752601
55000900095919,2021-11-16,1,0,0.9752601
55000900095919,2021-11-17,1,0,0.9752601
55000900095919,2021-11-18,1,0,0.9752601
55000900095919,2021-11-19,1,0,0.9752601
55000900095919,2021-11-20,1,0,0.9752601
55000900095919,2021-11-21,1,0,0.9752601
55000900095919,2021-11-22,1,0,0.9752601
55000900095919,2021-11-23,1,0,0.9752601
55000900095919,2021-11-24,1,0,0.9752601
55000900095919,2021-11-25,1,0,0.9752601
55000900095919,2021-11-26,1,0,0.9752601
55000900095919,2021-11-27,1,0,0.9752601
55000900095919,2021-11-28,1,0,0.9752601
55000900095919,2021-11-29,1,0,0.9752601
55000900095919,2021-11-30,1,0,0.9752601
55000900095919,2021-12-01,1,0,0.9752601
55000900095919,2021-12-02,1,0,0.9752601
55000900095919,2021-12-03,1,0,0.9752601
55000900095919,2021-12-04,1,0,0.9752601
55000900095919,2021-12-05,1,0,0.9752601
55000900095919,2021-12-06,1,0,0.9752601
55000900095919,2021-12-07,1,0,0.9752601
55000900095919,2021-12-08,1,0,0.9752601
55000900095919,2021-12-09,1,0,0.9752601
55000900095919,2021-12-10,1,0,0.9752601
55000900095919,2021-12-11,1,0,0.9752601
55000900095919,2021-12-12,1,0,0.9752601
55000900095919,2021-12-13,1,0,0.9752601
55000900095919,2021-12-14,1,0,0.9752601
55000900095919,2021-12-15,1,0,0.9752601
55000900095919,2021-12-16,1,0,0.9752601
55000900095919,2021-12-17,1,0,0.9752601
55000900095919,2021-12-18,1,0,0.9752601
55000900095919,2021-12-19,1,0,0.9752601
55000900095919,2021-12-20,1,0,0.9752601
55000900095919,2021-12-21,1,0,0.9752601
55000900095919,2021-12-22,1,0,0.9752601
55000900095919,2021-12-23,1,0,0.9752601
55000900095919,2021-12-24,1,0,0.9752601
55000900095919,2021-12-25,1,0,0.9752601
55000900095919,2021-12-26,1,0,0.9752601
55000900095919,2021-12-27,1,0,0.9752601
55000900095919,2021-12-28,1,0,0.9752601
55000900095919,2021-12-29,1,0,0.9752601
55000900095919,2021-12-30,1,0,0.9752601
55000900095919,2021-12-31,1,0,0.9752601
55000900095919,2022-01-01,1,0,0.9752601
55000900095919,2022-01-02,1,0,0.9752601
55000900095919,2022-01-03,1,0,0.9752601
55000900095919,2022-01-04,1,0,0.9752601
55000900095919,2022-01-05,1,0,0.9752601
55000900095919,2022-01-06,1,0,0.9752601
55000900095919,2022-01-07,1,0,0.9752601
55000900095919,2022-01-08,1,0,0.9752601
55000900095919,2022-01-09,1,0,0.9752601
55000900095919,2022-01-10,1,0,0.9752601
55000900095919,2022-01-11,1,0,0.9752601
55000900095919,2022-01-12,1,0,0.9752601
55000900095919,2022-01-13,1,0,0.9752601
55000900095919,2022-01-14,1,0,0.9752601
55000900095919,2022-01-15,1,0,0.9752601
55000900095919,2022-01-16,1,0,0.9752601
55000900095919,2022-01-17,1,0,0.9752601
55000900095919,2022-01-18,1,0,0.9752601
55000900095919,2022-01-19,1,0,0.9752601
55000900095919,2022-01-20,1,0,0.9752601
55000900095919,2022-01-21,1,0,0.9752601
55000900095919,2022-01-22,1,0,0.9752601
55000900095919,2022-01-23,1,0,0.9752601
55000900095919,2022-01-24,1,0,0.9752601
55000900095919,2022-01-25,1,0,0.9752601
55000900095919,2022-01-26,1,0,0.9752601
55000900095919,2022-01-27,1,0,0.9752601
55000900095919,2022-01-28,1,0,0.9752601
55000900095919,2022-01-29,1,0,0.9752601
55000900095919,2022-01-30,1,0,0.9752601
55000900095919,2022-01-31,1,0,0.9752601
55000900095919,2022-02-01,1,0,0.9752601
55000900095919,2022-02-02,1,0,0.9752601
55000900095919,2022-02-03,1,0,0.9752601
55000900095919,2022-02-04,1,0,0.9752601
55000900095919,2022-02-05,1,0,0.9752601
55000900095919,2022-02-06,1,0,0.9752601
55000900095919,2022-02-07,1,0,0.9752601
55000900095919,2022-02-08,1,0,0.9752601
55000900095919,2022-02-09,1,0,0.9752601
55000900095919,2022-02-10,1,0,0.9752601
55000900095919,2022-02-11,1,0,0.9752601
55000900095919,2022-02-12,1,0,0.9752601
55000900095919,2022-02-13,1,0,0.9752601
55000900095919,2022-02-14,1,0,0.9752601
55000900095919,2022-02-15,1,0,0.9752601
55000900095919,2022-02-16,1,0,0.9752601
55000900095919,2022-02-17,1,0,0.9752601
55000900095919,2022-02-18,1,0,0.9752601
55000900095919,2022-02-19,1,0,0.9752601
55000900095919,2022-02-20,1,0,0.9752601
55000900095919,2022-02-21,1,0,0.9752601
55000900095919,2022-02-22,1,0,0.9752601
55000900095919,2022-02-23,1,0,0.9752601
55000900095919,2022-02-24,1,0,0.9752601
55000900095919,2022-02-25,1,0,0.9752601
55000900095919,2022-02-26,1,0,0.9752601
55000900095919,2022-02-27,1,0,0.9752601
55000900095919,2022-02-28,1,0,0.9752601
55000900095919,2022-03-01,1,0,0.9752601
55000900095919,2022-03-02,1,0,0.9752601
55000900095919,2022-03-03,1,0,0.9752601
55000900095919,2022-03-04,1,0,0.9752601
55000900095919,2022-03-05,1,0,0.9752601
55000900095919,2022-03-06,1,0,0.9752601
55000900095919,2022-03-07,1,0,0.9752601
55000900095919,2022-03-08,1,0,0.9752601
55000900095919,2022-03-09,1,0,0.9752601
55000900095919,2022-03-10,1,0,0.9752601
55000900095919,2022-03-11,1,0,0.9752601
55000900095919,2022-03-12,1,0,0.9752601
55000900095919,2022-03-14,1,0,0.9752601
55000900095919,2022-03-15,1,0,0.9752601
55000900095919,2022-03-16,1,0,0.9752601
55000900095919,2022-03-17,1,0,0.9752601
55000900095919,2022-03-18,1,0,0.9752601
55000900095919,2022-03-19,1,0,0.9752601
55000900095919,2022-03-20,1,0,0.9752601
55000900095919,2022-03-21,1,0,0.9752601
55000900095919,2022-03-22,1,0,0.9752601
55000900095919,2022-03-23,1,0,0.9752601
55000900095919,2022-03-24,1,0,0.9752601
55000900095919,2022-03-25,1,0,0.9752601
55000900095919,2022-03-26,1,0,0.9752601
55000900095919,2022-03-27,1,0,0.9752601
55000900095919,2022-03-28,1,0,0.9752601
55000900095919,2022-03-29,1,0,0.9752601
55000900095919,2022-03-30,1,0,0.9752601
55000900095919,2022-03-31,1,0,0.9752601
55000900095919,2022-04-01,1,0,0.9752601
55000900095919,2022-04-02,1,0,0.9752601
55000900095919,2022-04-03,1,0,0.9752601
55000900095919,2022-04-04,1,0,0.9752601
55000900095919,2022-04-05,1,0,0.9752601
55000900095919,2022-04-06,1,0,0.9752601
55000900095919,2022-04-07,1,0,0.9752601
55000900095919,2022-04-08,1,0,0.9752601
55000900095919,2022-04-09,1,0,0.9752601
55000900095919,2022-04-10,1,0,0.9752601
55000900095919,2022-04-11,1,0,0.9752601
55000900095919,2022-04-12,1,0,0.9752601
55000900095919,2022-04-13,1,0,0.9752601
55000900095919,2022-04-14,1,0,0.9752601
55000900095919,2022-04-15,1,0,0.9752601
55000900095919,2022-04-16,1,0,0.9752601
55000900095919,2022-04-17,1,0,0.9752601
55000900095919,2022-04-18,1,0,0.9752601
55000900095919,2022-04-19,1,0,0.9752601
55000900095919,2022-04-20,1,0,0.9752601
55000900095919,2022-04-21,1,0,0.9752601
55000900095919,2022-04-22,1,0,0.9752601
55000900095919,2022-04-23,1,0,0.9752601
55000900095919,2022-04-24,1,0,0.9752601
55000900095919,2022-04-25,1,0,0.9752601
55000900095919,2022-04-26,1,0,0.9752601
55000900095919,2022-04-27,1,0,0.9752601
55000900095919,2022-04-28,1,0,0.9752601
55000900095919,2022-04-29,1,0,0.9752601
55000900095919,2022-04-30,1,0,0.9752601
55000900095919,2022-05-01,1,0,0.9752601
55000900095919,2022-05-02,1,0,0.9752601
55000900095919,2022-05-03,1,0,0.9752601
55000900095919,2022-05-04,1,0,0.9752601
55000900095919,2022-05-05,1,0,0.9752601
55000900095919,2022-05-06,1,0,0.9752601
55000900095919,2022-05-07,1,0,0.9752601
55000900095919,2022-05-08,1,0,0.9752601
55000900095919,2022-05-09,1,0,0.9752601
55000900095919,2022-05-10,1,0,0.9752601
55000900095919,2022-05-11,1,0,0.9752601
55000900095919,2022-05-12,1,0,0.9752601
55000900095919,2022-05-13,1,0,0.9752601
55000900095919,2022-05-14,1,0,0.9752601
55000900095919,2022-05-15,1,0,0.9752601
55000900095919,2022-05-16,1,0,0.9752601
55000900095919,2022-05-17,1,0,0.9752601
55000900095919,2022-05-18,1,0,0.9752601
55000900095919,2022-05-19,1,0,0.9752601
55000900095919,2022-05-20,1,0,0.9752601
55000900095919,2022-05-21,1,0,0.9752601
55000900095919,2022-05-22,1,0,0.9752601
55000900095919,2022-05-23,1,0,0.9752601
55000900095919,2022-05-24,1,0,0.9752601
55000900095919,2022-05-25,1,0,0.9752601
55000900095919,2022-05-26,1,0,0.9752601
55000900095919,2022-05-27,1,0,0.9752601
55000900095919,2022-05-28,1,0,0.9752601
55000900095919,2022-05-29,1,0,0.9752601
55000900095919,2022-05-30,1,0,0.9752601
55000900095919,2022-05-31,1,0,0.9752601
55000900095919,2022-06-01,1,0,0.9752601
55000900095919,2022-06-02,1,0,0.9752601
55000900095919,2022-06-03,1,0,0.9752601
55000900095919,2022-06-04,1,0,0.9752601
55000900095919,2022-06-05,1,0,0.9752601
55000900095919,2022-06-06,1,0,0.9752601
55000900095919,2022-06-07,1,0,0.9752601
55000900095919,2022-06-08,1,0,0.9752601
55000900095919,2022-06-09,1,0,0.9752601
55000900095919,2022-06-10,1,0,0.9752601
55000900095919,2022-06-11,1,0,0.9752601
55000900095919,2022-06-12,1,0,0.9752601
55000900095919,2022-06-13,1,0,0.9752601
55000900095919,2022-06-14,1,0,0.9752601
55000900095919,2022-06-15,1,0,0.9752601
55000900095919,2022-06-16,1,0,0.9752601
55000900095919,2022-06-17,1,0,0.9752601
55000900095919,2022-06-18,1,0,0.9752601
55000900095919,2022-06-19,1,0,0.9752601
55000900095919,2022-06-20,1,0,0.9752601
55000900095919,2022-06-21,1,0,0.9752601
55000900095919,2022-06-22,1,0,0.9752601
55000900095919,2022-06-23,1,0,0.9752601
55000900095919,2022-06-24,1,0,0.9752601
55000900095919,2022-06-25,1,0,0.9752601
55000900095919,2022-06-26,1,0,0.9752601
55000900095919,2022-06-27,1,0,0.9752601
55000900095919,2022-06-28,1,0,0.9752601
55000900095919,2022-06-29,1,0,0.9752601
55000900095919,2022-06-30,1,0,0.9752601
55000900095919,2022-07-01,1,0,0.9752601
55000900095919,2022-07-02,1,0,0.9752601
55000900095919,2022-07-03,1,0,0.9752601
55000900095919,2022-07-04,1,0,0.9752601
55000900095919,2022-07-05,1,0,0.9752601
55000900095919,2022-07-06,1,0,0.9752601
55000900095919,2022-07-07,1,0,0.9752601
55000900095919,2022-07-08,1,0,0.9752601
55000900095919,2022-07-09,1,0,0.9752601
55000900095919,2022-07-10,1,0,0.9752601
55000900095919,2022-07-11,1,0,0.9752601
55000900095919,2022-07-12,1,0,0.9752601
55000900095919,2022-07-13,1,0,0.9752601
55000900095919,2022-07-14,1,0,0.9752601
55000900095919,2022-07-15,1,0,0.9752601
55000900095919,2022-07-16,1,0,0.9752601
55000900095919,2022-07-17,1,0,0.9752601
55000900095919,2022-07-18,1,0,0.9752601
55000900095919,2022-07-19,1,0,0.9752601
55000900095919,2022-07-20,1,0,0.9752601
55000900095919,2022-07-21,1,0,0.9752601
55000900095919,2022-07-22,1,0,0.9752601
55000900095919,2022-07-23,1,0,0.9752601
55000900095919,2022-07-24,1,0,0.9752601
55000900095919,2022-07-25,1,0,0.9752601
55000900095919,2022-07-26,1,0,0.9752601
55000900095919,2022-07-27,1,0,0.9752601
55000900095919,2022-07-28,1,0,0.9752601
55000900095919,2022-07-29,1,0,0.9752601
55000900095919,2022-07-30,1,0,0.9752601
55000900095919,2022-07-31,1,0,0.9752601
55000900095919,2022-08-01,1,0,0.9752601
55000900095919,2022-08-02,1,0,0.9752601
55000900095919,2022-08-03,1,0,0.9752601
55000900095919,2022-08-04,1,0,0.9752601
55000900095919,2022-08-05,1,0,0.9752601
55000900095919,2022-08-06,1,0,0.9752601
55000900095919,2022-08-07,1,0,0.9752601
55000900095919,2022-08-08,1,0,0.9752601
55000900095919,2022-08-09,1,0,0.9752601
55000900095919,2022-08-10,1,0,0.9752601
55000900095919,2022-08-11,1,0,0.9752601
55000900095919,2022-08-12,1,0,0.9752601
55000900095919,2022-08-13,1,0,0.9752601
55000900095919,2022-08-14,1,0,0.9752601
55000900095919,2022-08-15,1,0,0.9752601
55000900095919,2022-08-16,1,0,0.9752601
55000900095919,2022-08-17,1,0,0.9752601
55000900095919,2022-08-18,1,0,0.9752601
55000900095919,2022-08-19,1,0,0.9752601
55000900095919,2022-08-20,1,0,0.9752601
55000900095919,2022-08-21,1,0,0.9752601
55000900095919,2022-08-22,1,0,0.9752601
55000900095919,2022-08-23,1,0,0.9752601
55000900095919,2022-08-24,1,0,0.9752601
55000900095919,2022-08-25,1,0,0.9752601
55000900095919,2022-08-26,1,0,0.9752601
55000900095919,2022-08-27,1,0,0.9752601
55000900095919,2022-08-28,1,0,0.9752601
55000900095919,2022-08-29,1,0,0.9752601
55000900095919,2022-08-30,1,0,0.9752601
55000900095919,2022-08-31,1,0,0.9752601
55000900095919,2022-09-01,1,0,0.9752601
55000900095919,2022-09-02,1,0,0.9752601
55000900095919,2022-09-03,1,0,0.9752601
55000900095919,2022-09-04,1,0,0.9752601
55000900095919,2022-09-05,1,0,0.9752601
55000900095919,2022-09-06,1,0,0.9752601
55000900095919,2022-09-07,1,0,0.9752601
55000900095919,2022-09-08,1,0,0.9752601
55000900095919,2022-09-09,1,0,0.9752601
55000900095919,2022-09-10,1,0,0.9752601
55000900095919,2022-09-11,1,0,0.9752601
55000900095919,2022-09-12,1,0,0.9752601
55000900095919,2022-09-13,1,0,0.9752601
55000900095919,2022-09-14,1,0,0.9752601
55000900095919,2022-09-15,1,0,0.9752601
55000900095919,2022-09-16,1,0,0.9752601
55000900095919,2022-09-17,1,0,0.9752601
55000900095919,2022-09-18,1,0,0.9752601
55000900095919,2022-09-19,1,0,0.9752601
55000900095919,2022-09-20,1,0,0.9752601
55000900095919,2022-09-21,1,0,0.9752601
55000900095919,2022-09-22,1,0,0.9752601
55000900095919,2022-09-23,1,0,0.9752601
55000900095919,2022-09-24,1,0,0.9752601
55000900095919,2022-09-25,1,0,0.9752601
55000900095919,2022-09-26,1,0,0.9752601
55000900095919,2022-09-27,1,0,0.9752601
55000900095919,2022-09-28,1,0,0.9752601
55000900095919,2022-09-29,1,0,0.9752601
55000900095919,2022-09-30,1,0,0.9752601
55000900095919,2022-10-01,1,0,0.9752601
55000900095919,2022-10-02,1,0,0.9752601
55000900095919,2022-10-03,1,0,0.9752601
55000900095919,2022-10-04,1,0,0.9752601
55000900095919,2022-10-05,1,0,0.9752601
55000900095919,2022-10-06,1,0,0.9752601
55000900095919,2022-10-07,1,0,0.9752601
55000900095919,2022-10-08,1,0,0.9752601
55000900095919,2022-10-09,1,0,0.9752601
55000900095919,2022-10-10,1,0,0.9752601
55000900095919,2022-10-11,1,0,0.9752601
55000900095919,2022-10-12,1,0,0.9752601
55000900095919,2022-10-13,1,0,0.9752601
55000900095919,2022-10-14,1,0,0.9752601
55000900095919,2022-10-15,1,0,0.9752601
55000900095919,2022-10-16,1,0,0.9752601
55000900095919,2022-10-17,1,0,0.9752601
55000900095919,2022-10-18,1,0,0.9752601
55000900095919,2022-10-19,1,0,0.9752601
55000900095919,2022-10-20,1,0,0.9752601
55000900095919,2022-10-21,1,0,0.9752601
55000900095919,2022-10-22,1,0,0.9752601
55000900095919,2022-10-23,1,0,0.9752601
55000900095919,2022-10-24,1,0,0.9752601
55000900095919,2022-10-25,1,0,0.9752601
55000900095919,2022-10-26,1,0,0.9752601
55000900095919,2022-10-27,1,0,0.9752601
55000900095919,2022-10-28,1,0,0.9752601
55000900095919,2022-10-29,1,0,0.9752601
55000900095919,2022-10-30,1,0,0.9752601
55000900095919,2022-10-31,1,0,0.9752601
55000900095919,2022-11-01,1,0,0.9752601
55000900095919,2022-11-02,1,0,0.9752601
55000900095919,2022-11-03,1,0,0.9752601
55000900095919,2022-11-04,1,0,0.9752601
55000900095919,2022-11-05,1,0,0.9752601
55000900095919,2022-11-06,1,0,0.9752601
55000900095919,2022-11-07,1,0,0.9752601
55000900095919,2022-11-08,1,0,0.9752601
55000900095919,2022-11-09,1,0,0.9752601
55000900095919,2022-11-10,1,0,0.9752601
55000900095919,2022-11-11,1,0,0.9752601
55000900095919,2022-11-12,1,0,0.9752601
55000900095919,2022-11-13,1,0,0.9752601
55000900095919,2022-11-14,1,0,0.9752601
55000900095919,2022-11-15,1,0,0.9752601
55000900095919,2022-11-16,1,0,0.9752601
55000900095919,2022-11-17,1,0,0.9752601
55000900095919,2022-11-18,1,0,0.9752601
55000900095919,2022-11-19,1,0,0.9752601
55000900095919,2022-11-20,1,0,0.9752601
55000900095919,2022-11-21,1,0,0.9752601
55000900095919,2022-11-22,1,0,0.9752601
55000900095919,2022-11-23,1,0,0.9752601
55000900095919,2022-11-24,1,0,0.9752601
55000900095919,2022-11-25,1,0,0.9752601
55000900095919,2022-11-26,1,0,0.9752601
55000900095919,2022-11-27,1,0,0.9752601
55000900095919,2022-11-28,1,0,0.9752601
55000900095919,2022-11-29,1,0,0.9752601
55000900095919,2022-11-30,1,0,0.9752601
55000900095919,2022-12-01,1,0,0.9752601
55000900095919,2022-12-02,1,0,0.9752601
55000900095919,2022-12-03,1,0,0.9752601
55000900095919,2022-12-04,1,0,0.9752601
55000900095919,2022-12-05,1,0,0.9752601
55000900095919,2022-12-06,1,0,0.9752601
55000900095919,2022-12-07,1,0,0.9752601
55000900095919,2022-12-08,1,0,0.9752601
55000900095919,2022-12-09,1,0,0.9752601
55000900095919,2022-12-10,1,0,0.9752601
55000900095919,2022-12-11,1,0,0.9752601
55000900095919,2022-12-12,1,0,0.9752601
55000900095919,2022-12-13,1,0,0.9752601
55000900095919,2022-12-14,1,0,0.9752601
55000900095919,2022-12-15,1,0,0.9752601
55000900095919,2022-12-16,1,0,0.9752601
55000900095919,2022-12-17,1,0,0.9752601
55000900095919,2022-12-18,1,0,0.9752601
55000900095919,2022-12-19,1,0,0.9752601
55000900095919,2022-12-20,1,0,0.9752601
55000900095919,2022-12-21,1,0,0.9752601
55000900095919,2022-12-22,1,0,0.9752601
55000900095919,2022-12-23,1,0,0.9752601
55000900095919,2022-12-24,1,0,0.9752601
55000900095919,2022-12-25,1,0,0.9752601
55000900095919,2022-12-26,1,0,0.9752601
55000900095919,2022-12-27,1,0,0.9752601
55000900095919,2022-12-28,1,0,0.9752601
55000900095919,2022-12-29,1,0,0.9752601
55000900095919,2022-12-30,1,0,0.9752601
55000900095919,2022-12-31,1,0,0.9752601
55000900095919,2023-01-01,1,0,0.9752601
55000900095919,2023-01-02,1,0,0.9752601
55000900095919,2023-01-03,1,0,0.9752601
55000900095919,2023-01-04,1,0,0.9752601
55000900095919,2023-01-05,1,0,0.9752601
55000900095919,2023-01-06,1,0,0.9752601
55000900095919,2023-01-07,1,0,0.9752601
55000900095919,2023-01-08,1,0,0.9752601
55000900095919,2023-01-09,1,0,0.9752601
55000900095919,2023-01-10,1,0,0.9752601
55000900095919,2023-01-11,1,0,0.9752601
55000900095919,2023-01-12,1,0,0.9752601
55000900095919,2023-01-13,1,0,0.9752601
55000900095919,2023-01-14,1,0,0.9752601
55000900095919,2023-01-15,1,0,0.9752601
55000900095919,2023-01-16,1,0,0.9752601
55000900095919,2023-01-17,1,0,0.9752601
55000900095919,2023-01-18,1,0,0.9752601
55000900095919,2023-01-19,1,0,0.9752601
55000900095919,2023-01-20,1,0,0.9752601
55000900095919,2023-01-21,1,0,0.9752601
55000900095919,2023-01-22,1,0,0.9752601
55000900096564,2020-09-11,1,9,0.9945532
55000900096564,2020-09-12,1,9,0.9883782
55000900096564,2020-09-13,1,9,0.9913936
55000900096564,2020-09-14,1,9,0.9934285
55000900096564,2020-09-15,1,9,0.994603
55000900096564,2020-09-16,1,9,0.98965734
55000900096564,2020-09-17,1,9,0.99057263
55000900096564,2020-09-20,1,9,0.9903847
55000900096564,2020-09-21,1,9,0.9953458
55000900096564,2020-09-22,1,9,0.9983695
55000900096564,2020-09-27,1,9,0.9979044
55000900096564,2020-09-28,1,9,0.99798465
55000900096564,2020-09-29,1,9,0.99810743
55000900096564,2020-09-30,1,9,0.997719
55000900096564,2020-10-01,1,9,0.9975575
55000900096564,2020-10-02,1,9,0.99635327
55000900096564,2020-10-03,1,9,0.9938101
55000900096564,2020-10-04,1,9,0.99265844
55000900096564,2020-10-05,1,9,0.9915024
55000900096564,2020-10-06,1,9,0.9921118
55000900096564,2020-10-07,1,9,0.99256295
55000900096564,2020-10-08,1,9,0.9927174
55000900096564,2020-10-09,1,9,0.99186194
55000900096564,2020-10-11,1,9,0.99118185
55000900096564,2020-10-13,0,9,0.9937587
55000900096564,2020-10-15,1,9,0.9970071
55000900096564,2020-10-16,1,9,0.9999074
55000900096564,2020-10-17,1,9,0.9999846
55000900096564,2020-10-18,1,9,0.99998796
55000900096564,2020-10-19,1,9,0.99998844
55000900096564,2020-10-20,1,9,0.9999888
55000900096564,2020-10-22,1,9,0.9999888
55000900096564,2020-10-25,1,9,0.99998915
55000900096564,2020-10-23,1,0,0.9999889
55000900096564,2020-10-25,1,0,0.99998915
55000900097164,2020-09-11,0,9,0.036731746
55000900097164,2020-09-12,0,9,0.059196614
55000900097164,2020-09-13,0,9,0.037422873
55000900097164,2020-09-14,0,9,0.027433027
55000900097164,2020-09-15,0,9,0.024124058
55000900097164,2020-09-16,0,9,0.023607025
55000900097164,2020-09-17,0,9,0.024672696
55000900097164,2020-09-18,0,9,0.02287218
55000900097164,2020-09-19,0,9,0.026695224
55000900097164,2020-09-20,0,9,0.022651732
55000900097164,2020-09-21,0,9,0.15553711
55000900097164,2020-09-22,0,9,0.47525048
55000900097164,2020-09-23,0,9,0.6302405
55000900097164,2020-09-24,0,9,0.8842851
55000900097164,2020-09-25,0,9,0.8241421
55000900097164,2020-09-26,0,9,0.96396595
55000900097164,2020-09-27,0,9,0.8839705
55000900097164,2020-09-28,0,9,0.9952702
55000900097164,2020-09-29,0,9,0.9961196
55000900097164,2020-09-30,0,9,0.97575945
55000900097164,2020-10-01,0,9,0.7882531
55000900097164,2020-10-02,0,9,0.4820875
55000900097164,2020-10-03,0,9,0.38876024
55000900097164,2020-10-04,0,9,0.325803
55000900097164,2020-10-05,0,9,0.33124614
55000900097164,2020-10-06,0,9,0.3368037
55000900097164,2020-10-07,0,9,0.24804379
55000900097164,2020-10-08,0,9,0.1611801
55000900097164,2020-10-09,0,9,0.07404362
55000900097164,2020-10-11,1,9,0.38779444
55000900097164,2020-10-12,1,9,0.81030995
55000900097164,2020-10-13,1,9,0.95898914
55000900097164,2020-10-14,1,9,0.9936494
55000900097164,2020-10-15,1,9,0.9975623
55000900097164,2020-10-16,1,9,0.99346524
55000900097164,2020-10-17,1,9,0.9993536
55000900097164,2020-10-18,1,9,0.9964349
55000900097164,2020-10-19,1,9,0.9958942
55000900097164,2020-10-20,1,0,0.99987936
55000900097164,2020-10-21,1,0,0.99995553
55000900097169,2020-09-11,0,9,0.0027214421
55000900097169,2020-09-12,0,9,0.0032254388
55000900097169,2020-09-13,0,9,0.003264483
55000900097169,2020-09-14,0,9,0.006029552
55000900097169,2020-09-15,0,9,0.004480151
55000900097169,2020-09-16,0,9,0.004297547
55000900097169,2020-09-17,0,9,0.004440196
55000900097169,2020-09-18,0,9,0.0044358764
55000900097169,2020-09-19,0,9,0.0043532313
55000900097169,2020-09-20,0,9,0.0046371184
55000900097169,2020-09-21,0,9,0.010555258
55000900097169,2020-09-22,0,9,0.015820047
55000900097169,2020-09-23,0,9,0.021491347
55000900097169,2020-09-24,0,9,0.018810388
55000900097169,2020-09-25,0,9,0.009797981
55000900097169,2020-09-26,0,9,0.038725436
55000900097169,2020-09-27,0,9,0.04073462
55000900097169,2020-09-28,0,9,0.04302174
55000900097169,2020-09-29,0,9,0.04633411
55000900097169,2020-09-30,0,9,0.026423207
55000900097169,2020-10-01,0,9,0.008790344
55000900097169,2020-10-02,0,9,0.005314012
55000900097169,2020-10-03,0,9,0.009890124
55000900097169,2020-10-04,0,9,0.008215018
55000900097169,2020-10-05,0,9,0.0066611962
55000900097169,2020-10-06,0,9,0.00956846
55000900097169,2020-10-07,0,9,0.005768699
55000900097169,2020-10-08,0,9,0.004551577
55000900097169,2020-10-09,0,9,0.0040233782
55000900097169,2020-10-10,1,9,0.0045048697
55000900097169,2020-10-11,1,9,0.0039815097
55000900097169,2020-10-12,1,9,0.0040077018
55000900097169,2020-10-13,1,9,0.009367636
55000900097169,2020-10-14,1,9,0.021646298
55000900097169,2020-10-15,1,9,0.028135335
55000900097169,2020-10-16,0,9,0.056337763
55000900097169,2020-10-17,0,9,0.0939029
55000900097169,2020-10-18,0,9,0.04739642
55000900097169,2020-10-19,0,9,0.024268225
55000900097169,2020-10-20,0,0,0.02181246
55000900097169,2020-10-21,0,0,0.017888177
55000900097170,2020-09-11,0,9,0.16123906
55000900097170,2020-09-12,0,9,0.49808925
55000900097170,2020-09-13,0,9,0.77971715
55000900097170,2020-09-14,0,9,0.745983
55000900097170,2020-09-15,0,9,0.5875292
55000900097170,2020-09-16,0,9,0.50375354
55000900097170,2020-09-17,0,9,0.5237235
55000900097170,2020-09-18,0,9,0.4667278
55000900097170,2020-09-19,0,9,0.41106072
55000900097170,2020-09-20,0,9,0.10854425
55000900097170,2020-09-21,0,9,0.06975729
55000900097170,2020-09-22,0,9,0.06347384
55000900097170,2020-09-23,0,9,0.05654858
55000900097170,2020-09-24,0,9,0.055496115
55000900097170,2020-09-26,0,9,0.046404067
55000900097170,2020-09-27,0,9,0.04529112
55000900097170,2020-09-28,0,9,0.084258445
55000900097170,2020-09-29,0,9,0.099339716
55000900097170,2020-09-30,0,9,0.07294501
55000900097170,2020-10-01,0,9,0.07618483
55000900097170,2020-10-02,0,9,0.03664048
55000900097170,2020-10-03,0,9,0.04053237
55000900097170,2020-10-04,0,9,0.03255874
55000900097170,2020-10-05,0,9,0.032574978
55000900097170,2020-10-06,0,9,0.028852478
55000900097170,2020-10-07,0,9,0.02921329
55000900097170,2020-10-08,0,9,0.029654197
55000900097170,2020-10-09,0,9,0.032069933
55000900097170,2020-10-10,0,9,0.03012219
55000900097170,2020-10-11,0,9,0.036881737
55000900097170,2020-10-12,0,9,0.044350147
55000900097170,2020-10-13,1,9,0.49139938
55000900097170,2020-10-14,0,9,0.84510833
55000900097170,2020-10-15,0,9,0.93055487
55000900097170,2020-10-16,0,9,0.9964258
55000900097170,2020-10-17,0,9,0.9725767
55000900097170,2020-10-18,0,9,0.7311488
55000900097170,2020-10-19,0,9,0.30206734
55000900097170,2020-10-20,0,9,0.33750883
55000900097170,2020-10-21,0,9,0.5781311
55000900097170,2020-10-22,0,9,0.2717204
55000900097170,2020-10-23,0,9,0.37892997
55000900097170,2020-10-24,0,9,0.7723679
55000900097170,2020-10-25,1,9,0.6108531
55000900097170,2020-10-26,0,9,0.61284655
55000900097170,2020-10-27,0,0,0.7785038
55000900097170,2020-10-28,0,0,0.9635337
55000900098500,2020-09-11,1,0,0.9583898
55000900098500,2020-09-12,1,0,0.9514382
55000900098500,2020-09-13,1,0,0.95474106
55000900098500,2020-09-14,1,0,0.9723498
55000900098500,2020-09-15,1,0,0.98249704
55000900098500,2020-09-16,1,0,0.98121464
55000900098500,2020-09-17,1,0,0.98027027
55000900098500,2020-09-18,1,0,0.9789779
55000900098500,2020-09-19,1,0,0.983736
55000900098500,2020-09-20,1,0,0.99084806
55000900098500,2020-09-21,1,0,0.99377865
55000900098500,2020-09-22,1,0,0.9944669
55000900098500,2020-09-23,1,0,0.9952426
55000900098500,2020-09-24,1,0,0.99690837
55000900098500,2020-09-25,1,0,0.9975076
55000900098500,2020-09-26,1,0,0.99977213
55000900098500,2020-09-27,1,0,0.99962604
55000900098500,2020-09-28,1,0,0.99995625
55000900098500,2020-09-29,1,0,0.9999542
55000900098500,2020-09-30,1,0,0.99994123
55000900098500,2020-10-01,1,0,0.9994209
55000900098500,2020-10-02,1,0,0.9973688
55000900098500,2020-10-03,1,0,0.9981249
55000900098500,2020-10-04,1,0,0.9984145
55000900098500,2020-10-05,1,0,0.9988136
55000900098500,2020-10-06,1,0,0.99901783
55000900098500,2020-10-07,1,0,0.99927586
55000900098500,2020-10-08,1,0,0.9981269
55000900098500,2020-10-09,1,0,0.996349
55000900098500,2020-10-10,1,0,0.9986879
55000900098500,2020-10-11,1,0,0.9996371
55000900098500,2020-10-12,1,0,0.9994468
55000900098500,2020-10-13,1,0,0.99997723
55000900098500,2020-10-14,1,0,0.9999851
55000900098500,2020-10-15,1,0,0.99998415
55000900098500,2020-10-16,1,0,0.9999858
55000900098500,2020-10-17,1,0,0.9999838
55000900098500,2020-10-18,1,0,0.99997556
55000900098500,2020-10-19,1,0,0.9999659
55000900098500,2020-10-20,1,0,0.9999691
55000900098500,2020-10-21,1,0,0.9999784
55000900098500,2020-10-22,1,0,0.99998045
55000900098500,2020-10-23,1,0,0.9999809
55000900098500,2020-10-24,1,0,0.99998295
55000900098500,2020-10-25,1,0,0.99998283
55000900098500,2020-10-26,1,0,0.99997926
55000900098500,2020-10-27,1,0,0.9999845
55000900098500,2020-10-28,1,0,0.99998593
55000900098500,2020-10-29,1,0,0.9999715
55000900098500,2020-10-30,1,0,0.99995625
55000900098500,2020-10-31,1,0,0.9997981
55000900098500,2020-11-01,1,0,0.9995963
55000900098500,2020-11-02,1,0,0.99997807
55000900098500,2020-11-03,1,0,0.99995303
55000900098500,2020-11-04,1,0,0.9996946
55000900098500,2020-11-05,1,0,0.99910456
55000900098500,2020-11-06,1,0,0.99951196
55000900098500,2020-11-07,1,0,0.9999362
55000900098500,2020-11-08,1,0,0.9999825
55000900098500,2020-11-09,1,0,0.99998486
55000900098500,2020-11-10,1,0,0.9999862
55000900098500,2020-11-11,1,0,0.99998343
55000900098500,2020-11-12,1,0,0.9999838
55000900098500,2020-11-13,1,0,0.99998426
55000900098500,2020-11-14,1,0,0.999985
55000900098500,2020-11-15,1,0,0.9999827
55000900098500,2020-11-16,1,0,0.9999865
55000900098500,2020-11-17,1,0,0.9999871
55000900098500,2020-11-18,1,0,0.9999852
55000900098500,2020-11-19,1,0,0.99998236
55000900098500,2020-11-20,1,0,0.9999845
55000900098500,2020-11-21,1,0,0.9999856
55000900098500,2020-11-22,1,0,0.9999851
55000900098500,2020-11-23,1,0,0.99998164
55000900098500,2020-11-24,1,0,0.9999763
55000900098500,2020-11-25,1,0,0.9999802
55000900098500,2020-11-26,1,0,0.999985
55000900098500,2020-11-27,1,0,0.99998057
55000900098500,2020-11-28,1,0,0.99998045
55000900098500,2020-11-29,1,0,0.9999765
55000900098500,2020-11-30,1,0,0.999856
55000900098500,2020-12-01,1,0,0.9998795
55000900099610,2020-09-11,1,9,0.9996214
55000900099610,2020-09-12,1,9,0.999443
55000900099610,2020-09-13,1,9,0.9995258
55000900099610,2020-09-14,1,9,0.999519
55000900099610,2020-09-15,1,9,0.99955004
55000900099610,2020-09-16,1,9,0.9995523
55000900099610,2020-09-17,1,9,0.9995598
55000900099610,2020-09-18,1,9,0.9995548
55000900099610,2020-09-19,1,9,0.99947876
55000900099610,2020-09-20,1,9,0.9997737
55000900099610,2020-09-21,1,9,0.999943
55000900099610,2020-09-22,1,9,0.9999254
55000900099610,2020-09-24,1,9,0.9998572
55000900099610,2020-09-25,1,9,0.9998872
55000900099610,2020-09-26,1,9,0.9999056
55000900099610,2020-09-27,1,9,0.99996054
55000900099610,2020-09-28,1,9,0.9999889
55000900099610,2020-09-29,1,9,0.9999896
55000900099610,2020-09-30,1,9,0.9999887
55000900099610,2020-10-01,1,9,0.9999865
55000900099610,2020-10-02,1,9,0.99998426
55000900099610,2020-10-03,1,9,0.9999716
55000900099610,2020-10-04,1,9,0.9999336
55000900099610,2020-10-05,1,9,0.99991536
55000900099610,2020-10-06,1,9,0.9999225
55000900099610,2020-10-07,1,9,0.9999701
55000900099610,2020-10-08,1,9,0.99997103
55000900099610,2020-10-09,1,9,0.9999223
55000900099610,2020-10-10,1,9,0.99995375
55000900099610,2020-10-11,1,9,0.9999454
55000900099610,2020-10-12,1,9,0.99994564
55000900099610,2020-10-13,1,9,0.9999896
55000900099610,2020-10-14,1,9,0.9999902
55000900099610,2020-10-15,1,9,0.99999034
55000900099610,2020-10-16,1,9,0.99999046
55000900099610,2020-10-17,1,9,0.99999046
55000900099610,2020-10-18,1,0,0.9999902
55000900099610,2020-10-19,1,0,0.9999865
55000900100137,2020-09-11,0,9,0.03960142
55000900100137,2020-09-12,0,9,0.039327744
55000900100137,2020-09-13,0,9,0.040738784
55000900100137,2020-09-14,0,9,0.0414389
55000900100137,2020-09-15,0,9,0.041244216
55000900100137,2020-09-16,0,9,0.041066844
55000900100137,2020-09-17,0,9,0.041147754
55000900100137,2020-09-18,0,9,0.041272156
55000900100137,2020-09-19,0,9,0.041312933
55000900100137,2020-09-20,0,9,0.04125583
55000900100137,2020-09-21,0,9,0.04921313
55000900100137,2020-09-22,0,9,0.047046322
55000900100137,2020-09-23,0,9,0.04129083
55000900100137,2020-09-24,0,9,0.042002518
55000900100137,2020-09-25,0,9,0.042540766
55000900100137,2020-09-26,0,9,0.054005213
55000900100137,2020-09-27,0,9,0.047334373
55000900100137,2020-09-28,0,9,0.046867043
55000900100137,2020-09-29,0,9,0.033503097
55000900100137,2020-09-30,0,9,0.040700685
55000900100137,2020-10-01,0,9,0.040696356
55000900100137,2020-10-02,0,9,0.04109299
55000900100137,2020-10-03,0,9,0.041509762
55000900100137,2020-10-04,0,9,0.04146382
55000900100137,2020-10-05,0,9,0.04172509
55000900100137,2020-10-06,0,9,0.041865326
55000900100137,2020-10-07,0,9,0.041938063
55000900100137,2020-10-08,0,9,0.04163138
55000900100137,2020-10-09,0,9,0.041276027
55000900100137,2020-10-10,0,9,0.042026836
55000900100137,2020-10-11,1,9,0.04267537
55000900100137,2020-10-12,1,9,0.042102337
55000900100137,2020-10-13,1,9,0.055022504
55000900100137,2020-10-14,1,9,0.06294255
55000900100137,2020-10-16,0,9,0.050615124
55000900100137,2020-10-17,0,9,0.06120157
55000900100137,2020-10-18,0,9,0.041796073
55000900100137,2020-10-19,0,0,0.07941238
55000900100137,2020-10-20,0,0,0.047963034
55000900130309,2020-09-11,1,0,0.9867906
55000900130309,2020-09-12,1,0,0.98498636
55000900130309,2020-09-13,1,0,0.98777395
55000900130309,2020-09-14,1,0,0.9915822
55000900130309,2020-09-15,1,0,0.9930148
55000900130309,2020-09-16,1,0,0.9922661
55000900130309,2020-09-17,1,0,0.99181867
55000900130309,2020-09-18,1,0,0.9925281
55000900130309,2020-09-19,1,0,0.9914385
55000900130309,2020-09-20,1,0,0.9926791
55000900130309,2020-09-21,1,0,0.99013394
55000900130309,2020-09-22,1,0,0.9872317
55000900130309,2020-09-23,1,0,0.9898107
55000900130309,2020-09-24,1,0,0.99147207
55000900130309,2020-09-25,1,0,0.9917755
55000900130309,2020-09-26,1,0,0.9982322
55000900130309,2020-09-27,1,0,0.9974928
55000900130309,2020-09-28,1,0,0.9999844
55000900130309,2020-09-29,1,0,0.9999882
55000900130309,2020-09-30,1,0,0.9999895
55000900130309,2020-10-01,1,0,0.99998426
55000900130309,2020-10-02,1,0,0.9999304
55000900130309,2020-10-03,1,0,0.99979967
55000900130309,2020-10-04,1,0,0.99933165
55000900130309,2020-10-05,1,0,0.99900717
55000900130309,2020-10-06,1,0,0.9988527
55000900130309,2020-10-07,1,0,0.9987663
55000900130309,2020-10-08,1,0,0.9986413
55000900130309,2020-10-09,1,0,0.9986035
55000900130309,2020-10-10,1,0,0.9985335
55000900130309,2020-10-11,1,0,0.99848264
55000900130309,2020-10-12,1,0,0.99885285
55000900130309,2020-10-13,1,0,0.9999863
55000900130309,2020-10-14,1,0,0.9999888
55000900130309,2020-10-15,1,0,0.9999894
55000900130309,2020-10-16,1,0,0.99998975
55000900130309,2020-10-17,1,0,0.9999896
55000900130309,2020-10-18,1,0,0.99998987
55000900130309,2020-10-19,1,0,0.99999
55000900130309,2020-10-20,1,0,0.99998975
55000900130309,2020-10-21,1,0,0.99998975
55000900130309,2020-10-22,1,0,0.99998975
55000900130309,2020-10-23,1,0,0.99998987
55000900130309,2020-10-24,1,0,0.9999894
55000900130309,2020-10-25,1,0,0.99998987
55000900130309,2020-10-26,1,0,0.9999894
55000900130309,2020-10-27,1,0,0.9999894
55000900130309,2020-10-28,1,0,0.99998987
55000900130309,2020-10-29,1,0,0.9999902
55000900130309,2020-10-30,1,0,0.99998987
55000900130309,2020-10-31,1,0,0.99999046
55000900130309,2020-11-01,1,0,0.9999896
55000900130309,2020-11-02,1,0,0.99998915
55000900130309,2020-11-03,1,0,0.99998987
55000900130309,2020-11-04,1,0,0.99999046
55000900130309,2020-11-05,1,0,0.9999881
55000900130309,2020-11-06,1,0,0.99998844
55000900130309,2020-11-07,1,0,0.99998915
55000900130309,2020-11-08,1,0,0.99998903
55000900130309,2020-11-09,1,0,0.99998903
55000900130309,2020-11-10,1,0,0.99998903
55000900130309,2020-11-11,1,0,0.99998915
55000900130309,2020-11-12,1,0,0.9999893
55000900130309,2020-11-13,1,0,0.99998987
55000900130309,2020-11-14,1,0,0.9999893
55000900130309,2020-11-15,1,0,0.9999896
55000900130309,2020-11-16,1,0,0.99998975
55000900130309,2020-11-17,1,0,0.99998975
55000900130309,2020-11-18,1,0,0.9999896
55000900130309,2020-11-19,1,0,0.9999893
55000900130309,2020-11-20,1,0,0.99998975
55000900130309,2020-11-21,1,0,0.99998987
55000900130309,2020-11-22,1,0,0.9999894
55000900130309,2020-11-23,1,0,0.99998915
55000900130309,2020-11-24,1,0,0.9999893
55000900130309,2020-11-25,1,0,0.9999893
55000900130309,2020-11-26,1,0,0.99998915
55000900130309,2020-11-27,1,0,0.99998915
55000900130309,2020-11-28,1,0,0.9999893
55000900130309,2020-11-29,1,0,0.99998915
55000900130309,2020-11-30,1,0,0.9999893
55000900130309,2020-12-01,1,0,0.99998915
55000900130309,2020-12-03,1,0,0.9999894
55000900130309,2020-12-04,1,0,0.9999893
55000900130309,2020-12-05,1,0,0.9999893
55000900130309,2020-12-06,1,0,0.99998915
55000900130309,2020-12-07,1,0,0.9999893
55000900130309,2020-12-08,1,0,0.9999893
55000900130309,2020-12-09,1,0,0.99998915
55000900130309,2020-12-10,1,0,0.9999893
55000900130309,2020-12-11,1,0,0.9999893
55000900130309,2020-12-12,1,0,0.99998903
55000900130309,2020-12-13,1,0,0.99998915
55000900130309,2020-12-14,1,0,0.99998915
55000900130309,2020-12-15,1,0,0.99998903
55000900130309,2020-12-16,1,0,0.99998915
55000900130309,2020-12-18,1,0,0.99998903
55000900130309,2020-12-19,1,0,0.99998915
55000900130309,2020-12-20,1,0,0.9999895
55000900130309,2020-12-21,1,0,0.9999894
55000900130309,2020-12-22,1,0,0.99998975
55000900130309,2020-12-23,1,0,0.99998987
55000900130309,2020-12-24,1,0,0.99998975
55000900130309,2020-12-25,1,0,0.99998915
55000900130309,2020-12-26,1,0,0.99998915
55000900130309,2020-12-27,1,0,0.9999896
55000900130309,2020-12-28,1,0,0.9999894
55000900130309,2020-12-29,1,0,0.99998915
55000900130309,2020-12-30,1,0,0.99998915
55000900130309,2020-12-31,1,0,0.9999895
55000900130309,2021-01-01,1,0,0.9999893
55000900130309,2021-01-02,1,0,0.9999896
55000900130309,2021-01-03,1,0,0.9999895
55000900130309,2021-01-04,1,0,0.9999894
55000900130309,2021-01-05,1,0,0.9999893
55000900130309,2021-01-06,1,0,0.9999893
55000900130309,2021-01-07,1,0,0.9999893
55000900130309,2021-01-08,1,0,0.99998915
55000900130309,2021-01-09,1,0,0.9999893
55000900130309,2021-01-10,1,0,0.9999893
55000900130309,2021-01-11,1,0,0.9999893
55000900130309,2021-01-12,1,0,0.9999894
55000900130309,2021-01-13,1,0,0.9999893
55000900130309,2021-01-14,1,0,0.9999894
55000900130309,2021-01-15,1,0,0.9999894
55000900130309,2021-01-16,1,0,0.9999894
55000900130309,2021-01-17,1,0,0.9999894
55000900130309,2021-01-18,1,0,0.9999894
55000900130309,2021-01-19,1,0,0.9999894
55000900130309,2021-01-20,1,0,0.9999894
55000900130309,2021-01-21,1,0,0.9999894
55000900130309,2021-01-22,1,0,0.9999893
55000900130309,2021-01-23,1,0,0.99998915
55000900130309,2021-01-24,1,0,0.9999893
55000900130309,2021-01-25,1,0,0.9999893
55000900130309,2021-01-26,1,0,0.9999893
55000900130309,2021-01-27,1,0,0.9999893
55000900130309,2021-01-28,1,0,0.9999894
55000900130309,2021-01-29,1,0,0.9999893
55000900130309,2021-01-30,1,0,0.9999893
55000900130309,2021-01-31,1,0,0.99998903
55000900130309,2021-02-01,1,0,0.9999889
55000900130309,2021-02-02,1,0,0.9999889
55000900130309,2021-02-03,1,0,0.9999889
55000900130309,2021-02-04,1,0,0.9999889
55000900130309,2021-02-05,1,0,0.9999889
55000900130309,2021-02-06,1,0,0.9999889
55000900130309,2021-02-07,1,0,0.9999889
55000900130309,2021-02-08,1,0,0.9999889
55000900130309,2021-02-09,1,0,0.9999889
55000900130309,2021-02-10,1,0,0.9999889
55000900130309,2021-02-11,1,0,0.9999889
55000900130309,2021-02-12,1,0,0.9999889
55000900130309,2021-02-13,1,0,0.9999889
55000900130309,2021-02-14,1,0,0.9999889
55000900130309,2021-02-15,1,0,0.9999889
55000900130309,2021-02-16,1,0,0.9999889
55000900130309,2021-02-17,1,0,0.9999889
55000900130309,2021-02-18,1,0,0.9999889
55000900130309,2021-02-19,1,0,0.9999889
55000900130309,2021-02-20,1,0,0.9999889
55000900130309,2021-02-21,1,0,0.9999889
55000900130309,2021-02-22,1,0,0.9999889
55000900130309,2021-02-23,1,0,0.9999889
55000900130309,2021-02-24,1,0,0.9999889
55000900130309,2021-02-25,1,0,0.9999889
55000900130309,2021-02-26,1,0,0.9999889
55000900130309,2021-02-27,1,0,0.9999889
55000900130309,2021-02-28,1,0,0.9999889
55000900130309,2021-03-01,1,0,0.9999889
55000900130309,2021-03-02,1,0,0.9999889
55000900130309,2021-03-03,1,0,0.9999889
55000900130309,2021-03-04,1,0,0.9999889
55000900130309,2021-03-05,1,0,0.9999889
55000900130309,2021-03-06,1,0,0.9999889
55000900130309,2021-03-07,1,0,0.9999889
55000900130309,2021-03-08,1,0,0.9999889
55000900130309,2021-03-09,1,0,0.9999889
55000900130309,2021-03-10,1,0,0.9999889
55000900130309,2021-03-11,1,0,0.9999889
55000900130309,2021-03-12,1,0,0.9999889
55000900130309,2021-03-13,1,0,0.9999889
55000900130309,2021-03-15,1,0,0.9999889
55000900130309,2021-03-16,1,0,0.9999889
55000900130309,2021-03-17,1,0,0.9999889
55000900130309,2021-03-18,1,0,0.9999889
55000900130309,2021-03-19,1,0,0.9999889
55000900130309,2021-03-20,1,0,0.9999889
55000900130309,2021-03-21,1,0,0.9999889
55000900130309,2021-03-22,1,0,0.9999889
55000900130309,2021-03-23,1,0,0.9999889
55000900130309,2021-03-24,1,0,0.9999889
55000900130309,2021-03-25,1,0,0.9999889
55000900130309,2021-03-26,1,0,0.9999889
55000900130309,2021-03-27,1,0,0.9999889
55000900130309,2021-03-28,1,0,0.9999889
55000900130309,2021-03-29,1,0,0.9999889
55000900130309,2021-03-30,1,0,0.9999889
55000900130309,2021-03-31,1,0,0.9999889
55000900130309,2021-04-01,1,0,0.9999889
55000900130309,2021-04-02,1,0,0.9999889
55000900130309,2021-04-03,1,0,0.9999889
55000900130309,2021-04-04,1,0,0.9999889
55000900130309,2021-04-05,1,0,0.9999889
55000900130309,2021-04-06,1,0,0.9999889
55000900130309,2021-04-07,1,0,0.9999889
55000900130309,2021-04-08,1,0,0.9999889
55000900130309,2021-04-09,1,0,0.9999889
55000900130309,2021-04-10,1,0,0.9999889
55000900130309,2021-04-11,1,0,0.9999889
55000900130309,2021-04-12,1,0,0.9999889
55000900130309,2021-04-13,1,0,0.9999889
55000900130309,2021-04-14,1,0,0.9999889
55000900130309,2021-04-15,1,0,0.9999889
55000900130309,2021-04-16,1,0,0.9999889
55000900130309,2021-04-17,1,0,0.9999889
55000900130309,2021-04-18,1,0,0.9999889
55000900130309,2021-04-19,1,0,0.9999889
55000900130309,2021-04-20,1,0,0.9999889
55000900130309,2021-04-21,1,0,0.9999889
55000900130309,2021-04-22,1,0,0.9999889
55000900130309,2021-04-23,1,0,0.9999889
55000900130309,2021-04-24,1,0,0.9999889
55000900130309,2021-04-25,1,0,0.9999889
55000900130309,2021-04-26,1,0,0.9999889
55000900130309,2021-04-27,1,0,0.9999889
55000900130309,2021-04-28,1,0,0.9999889
55000900130309,2021-04-29,1,0,0.9999889
55000900130309,2021-04-30,1,0,0.9999889
55000900130309,2021-05-01,1,0,0.9999889
55000900130309,2021-05-02,1,0,0.9999889
55000900130309,2021-05-03,1,0,0.9999889
55000900130309,2021-05-04,1,0,0.9999889
55000900130309,2021-05-05,1,0,0.9999889
55000900130309,2021-05-06,1,0,0.9999889
55000900130309,2021-05-07,1,0,0.9999889
55000900130309,2021-05-08,1,0,0.9999889
55000900130309,2021-05-09,1,0,0.9999889
55000900130309,2021-05-10,1,0,0.9999889
55000900130309,2021-05-11,1,0,0.9999889
55000900130309,2021-05-12,1,0,0.9999889
55000900130309,2021-05-13,1,0,0.9999889
55000900130309,2021-05-14,1,0,0.9999889
55000900130309,2021-05-15,1,0,0.9999889
55000900130309,2021-05-16,1,0,0.9999889
55000900130309,2021-05-17,1,0,0.9999889
55000900130309,2021-05-18,1,0,0.9999889
55000900130309,2021-05-19,1,0,0.9999889
55000900130309,2021-05-20,1,0,0.9999889
55000900130309,2021-05-21,1,0,0.9999889
55000900130309,2021-05-22,1,0,0.9999889
55000900130309,2021-05-23,1,0,0.9999889
55000900130309,2021-05-24,1,0,0.9999889
55000900130309,2021-05-25,1,0,0.9999889
55000900130309,2021-05-26,1,0,0.9999889
55000900130309,2021-05-27,1,0,0.9999889
55000900130309,2021-05-28,1,0,0.9999889
55000900130309,2021-05-29,1,0,0.9999889
55000900130309,2021-05-30,1,0,0.9999889
55000900130309,2021-05-31,1,0,0.9999889
55000900130309,2021-06-01,1,0,0.9999889
55000900130309,2021-06-02,1,0,0.9999889
55000900130309,2021-06-03,1,0,0.9999889
55000900130309,2021-06-04,1,0,0.9999889
55000900130309,2021-06-05,1,0,0.9999889
55000900130309,2021-06-06,1,0,0.9999889
55000900130309,2021-06-07,1,0,0.9999889
55000900130309,2021-06-08,1,0,0.9999889
55000900130309,2021-06-09,1,0,0.9999889
55000900130309,2021-06-10,1,0,0.9999889
55000900130309,2021-06-11,1,0,0.9999889
55000900130309,2021-06-12,1,0,0.9999889
55000900130309,2021-06-13,1,0,0.9999889
55000900130309,2021-06-14,1,0,0.9999889
55000900130309,2021-06-15,1,0,0.9999889
55000900130309,2021-06-16,1,0,0.9999889
55000900130309,2021-06-17,1,0,0.9999889
55000900130309,2021-06-18,1,0,0.9999889
55000900130309,2021-06-19,1,0,0.9999889
55000900130309,2021-06-20,1,0,0.9999889
55000900130309,2021-06-21,1,0,0.9999889
55000900130309,2021-06-22,1,0,0.9999889
55000900130309,2021-06-23,1,0,0.9999889
55000900130309,2021-06-24,1,0,0.9999889
55000900130309,2021-06-25,1,0,0.9999889
55000900130309,2021-06-26,1,0,0.9999889
55000900130309,2021-06-27,1,0,0.9999889
55000900130309,2021-06-28,1,0,0.9999889
55000900130309,2021-06-29,1,0,0.9999889
55000900130309,2021-06-30,1,0,0.9999889
55000900130309,2021-07-01,1,0,0.9999889
55000900130309,2021-07-02,1,0,0.9999889
55000900130309,2021-07-03,1,0,0.9999889
55000900130309,2021-07-04,1,0,0.9999889
55000900130309,2021-07-05,1,0,0.9999889
55000900130309,2021-07-06,1,0,0.9999889
55000900130309,2021-07-07,1,0,0.9999889
55000900130309,2021-07-08,1,0,0.9999889
55000900130309,2021-07-09,1,0,0.9999889
55000900130309,2021-07-10,1,0,0.9999889
55000900130309,2021-07-11,1,0,0.9999889
55000900130309,2021-07-12,1,0,0.9999889
55000900130309,2021-07-13,1,0,0.9999889
55000900130309,2021-07-14,1,0,0.9999889
55000900130309,2021-07-15,1,0,0.9999889
55000900130309,2021-07-16,1,0,0.9999889
55000900130309,2021-07-20,1,0,0.9999889
55000900130309,2021-07-21,1,0,0.9999889
55000900130309,2021-07-22,1,0,0.9999889
55000900130309,2021-07-23,1,0,0.9999889
55000900130309,2021-07-24,1,0,0.9999889
55000900130309,2021-07-25,1,0,0.9999889
55000900130309,2021-07-26,1,0,0.9999889
55000900130309,2021-07-27,1,0,0.9999889
55000900130309,2021-07-28,1,0,0.9999889
55000900130309,2021-07-29,1,0,0.9999889
55000900130309,2021-07-30,1,0,0.9999889
55000900130309,2021-07-31,1,0,0.9999889
55000900130309,2021-08-01,1,0,0.9999889
55000900130309,2021-08-02,1,0,0.9999889
55000900130309,2021-08-03,1,0,0.9999889
55000900130309,2021-08-04,1,0,0.9999889
55000900130309,2021-08-05,1,0,0.9999889
55000900130309,2021-08-06,1,0,0.9999889
55000900130309,2021-08-07,1,0,0.9999889
55000900130309,2021-08-08,1,0,0.9999889
55000900130309,2021-08-09,1,0,0.9999889
55000900130309,2021-08-10,1,0,0.9999889
55000900130309,2021-08-11,1,0,0.9999889
55000900130309,2021-08-12,1,0,0.9999889
55000900130309,2021-08-13,1,0,0.9999889
55000900130309,2021-08-14,1,0,0.9999889
55000900130309,2021-08-15,1,0,0.9999889
55000900130309,2021-08-16,1,0,0.9999889
55000900130309,2021-08-25,1,0,0.9999889
55000900130309,2021-08-26,1,0,0.9999889
55000900130309,2021-08-27,1,0,0.9999889
55000900130309,2021-08-28,1,0,0.9999889
55000900130309,2021-08-29,1,0,0.9999889
55000900130309,2021-08-30,1,0,0.9999889
55000900130309,2021-08-31,1,0,0.9999889
55000900130309,2021-09-01,1,0,0.9999889
55000900130309,2021-09-02,1,0,0.9999889
55000900130309,2021-09-03,1,0,0.9999889
55000900130309,2021-09-04,1,0,0.9999889
55000900130309,2021-09-05,1,0,0.9999889
55000900130309,2021-09-06,1,0,0.9999889
55000900130309,2021-09-07,1,0,0.9999889
55000900130309,2021-09-08,1,0,0.9999889
55000900130309,2021-09-09,1,0,0.9999889
55000900130309,2021-09-10,1,0,0.9999889
55000900130309,2021-09-11,1,0,0.9999889
55000900130309,2021-09-12,1,0,0.9999889
55000900130309,2021-09-13,1,0,0.9999889
55000900130309,2021-09-14,1,0,0.9999889
55000900130309,2021-09-15,1,0,0.9999889
55000900130309,2021-09-16,1,0,0.9999889
55000900130309,2021-09-17,1,0,0.9999889
55000900130309,2021-09-18,1,0,0.9999889
55000900130309,2021-09-19,1,0,0.9999889
55000900130309,2021-09-20,1,0,0.9999889
55000900130309,2021-09-21,1,0,0.9999889
55000900130309,2021-09-22,1,0,0.9999889
55000900130309,2021-09-23,1,0,0.9999889
55000900130309,2021-09-24,1,0,0.9999889
55000900130309,2021-09-25,1,0,0.9999889
55000900130309,2021-09-26,1,0,0.9999889
55000900130309,2021-09-27,1,0,0.9999889
55000900130309,2021-09-28,1,0,0.9999889
55000900130309,2021-09-29,1,0,0.9999889
55000900130309,2021-09-30,1,0,0.9999889
55000900130309,2021-10-01,1,0,0.9999889
55000900130309,2021-10-02,1,0,0.9999889
55000900130309,2021-10-03,1,0,0.9999889
55000900130309,2021-10-04,1,0,0.9999889
55000900130309,2021-10-05,1,0,0.9999889
55000900130309,2021-10-06,1,0,0.9999889
55000900130309,2021-10-07,1,0,0.9999889
55000900130309,2021-10-08,1,0,0.9999889
55000900130309,2021-10-09,1,0,0.9999889
55000900130309,2021-10-10,1,0,0.9999889
55000900130309,2021-10-11,1,0,0.9999889
55000900130309,2021-10-12,1,0,0.9999889
55000900130309,2021-10-13,1,0,0.9999889
55000900130309,2021-10-14,1,0,0.9999889
55000900130309,2021-10-15,1,0,0.9999889
55000900130309,2021-10-16,1,0,0.9999889
55000900130309,2021-10-17,1,0,0.9999889
55000900130309,2021-10-18,1,0,0.9999889
55000900130309,2021-10-19,1,0,0.9999889
55000900130309,2021-10-20,1,0,0.9999889
55000900130309,2021-10-21,1,0,0.9999889
55000900130309,2021-10-22,1,0,0.9999889
55000900130309,2021-10-23,1,0,0.9999889
55000900130309,2021-10-24,1,0,0.9999889
55000900130309,2021-10-25,1,0,0.9999889
55000900130309,2021-10-26,1,0,0.9999889
55000900130309,2021-10-27,1,0,0.9999889
55000900130309,2021-10-28,1,0,0.9999889
55000900130309,2021-10-29,1,0,0.9999889
55000900130309,2021-10-30,1,0,0.9999889
55000900130309,2021-10-31,1,0,0.9999889
55000900130309,2021-11-01,1,0,0.9999889
55000900130309,2021-11-02,1,0,0.9999889
55000900130309,2021-11-03,1,0,0.9999889
55000900130309,2021-11-04,1,0,0.9999889
55000900130309,2021-11-05,1,0,0.9999889
55000900130309,2021-11-06,1,0,0.9999889
55000900130309,2021-11-07,1,0,0.9999889
55000900130309,2021-11-08,1,0,0.9999889
55000900130309,2021-11-09,1,0,0.9999889
55000900130309,2021-11-10,1,0,0.9999889
55000900130309,2021-11-11,1,0,0.9999889
55000900130309,2021-11-12,1,0,0.9999889
55000900130309,2021-11-13,1,0,0.9999889
55000900130309,2021-11-14,1,0,0.9999889
55000900130309,2021-11-15,1,0,0.9999889
55000900130309,2021-11-16,1,0,0.9999889
55000900130309,2021-11-17,1,0,0.9999889
55000900130309,2021-11-18,1,0,0.9999889
55000900130309,2021-11-19,1,0,0.9999889
55000900130309,2021-11-20,1,0,0.9999889
55000900130309,2021-11-21,1,0,0.9999889
55000900130309,2021-11-22,1,0,0.9999889
55000900130309,2021-11-23,1,0,0.9999889
55000900130309,2021-11-24,1,0,0.9999889
55000900130309,2021-11-25,1,0,0.9999889
55000900130309,2021-11-26,1,0,0.9999889
55000900130309,2021-11-27,1,0,0.9999889
55000900130309,2021-11-28,1,0,0.9999889
55000900130309,2021-11-29,1,0,0.9999889
55000900130309,2021-11-30,1,0,0.9999889
55000900130309,2021-12-01,1,0,0.9999889
55000900130309,2021-12-02,1,0,0.9999889
55000900130309,2021-12-03,1,0,0.9999889
55000900130309,2021-12-04,1,0,0.9999889
55000900130309,2021-12-05,1,0,0.9999889
55000900130309,2021-12-06,1,0,0.9999889
55000900130309,2021-12-07,1,0,0.9999889
55000900130309,2021-12-08,1,0,0.9999889
55000900130309,2021-12-09,1,0,0.9999889
55000900130309,2021-12-10,1,0,0.9999889
55000900130309,2021-12-11,1,0,0.9999889
55000900130309,2021-12-12,1,0,0.9999889
55000900130309,2021-12-13,1,0,0.9999889
55000900130309,2021-12-14,1,0,0.9999889
55000900130309,2021-12-15,1,0,0.9999889
55000900130309,2021-12-16,1,0,0.9999889
55000900130309,2021-12-17,1,0,0.9999889
55000900130309,2021-12-18,1,0,0.9999889
55000900130309,2021-12-19,1,0,0.9999889
55000900130309,2021-12-20,1,0,0.9999889
55000900130309,2021-12-21,1,0,0.9999889
55000900130309,2021-12-22,1,0,0.9999889
55000900130309,2021-12-23,1,0,0.9999889
55000900130309,2021-12-24,1,0,0.9999889
55000900130309,2021-12-25,1,0,0.9999889
55000900130309,2021-12-26,1,0,0.9999889
55000900130309,2021-12-27,1,0,0.9999889
55000900130309,2021-12-28,1,0,0.9999889
55000900130309,2021-12-29,1,0,0.9999889
55000900130309,2021-12-30,1,0,0.9999889
55000900130309,2021-12-31,1,0,0.9999889
55000900130309,2022-01-01,1,0,0.9999889
55000900130309,2022-01-02,1,0,0.9999889
55000900130309,2022-01-03,1,0,0.9999889
55000900130309,2022-01-04,1,0,0.9999889
55000900130309,2022-01-05,1,0,0.9999889
55000900130309,2022-01-06,1,0,0.9999889
55000900130309,2022-01-07,1,0,0.9999889
55000900130309,2022-01-08,1,0,0.9999889
55000900130309,2022-01-09,1,0,0.9999889
55000900130309,2022-01-10,1,0,0.9999889
55000900130309,2022-01-11,1,0,0.9999889
55000900130309,2022-01-12,1,0,0.9999889
55000900130309,2022-01-13,1,0,0.9999889
55000900130309,2022-01-14,1,0,0.9999889
55000900130309,2022-01-15,1,0,0.9999889
55000900130309,2022-01-16,1,0,0.9999889
55000900130309,2022-01-17,1,0,0.9999889
55000900130309,2022-01-18,1,0,0.9999889
55000900130309,2022-01-19,1,0,0.9999889
55000900130309,2022-01-20,1,0,0.9999889
55000900130309,2022-01-21,1,0,0.9999889
55000900130309,2022-01-22,1,0,0.9999889
55000900130309,2022-01-23,1,0,0.9999889
55000900130309,2022-01-24,1,0,0.9999889
55000900130309,2022-01-25,1,0,0.9999889
55000900130309,2022-01-26,1,0,0.9999889
55000900130309,2022-01-27,1,0,0.9999889
55000900130309,2022-01-28,1,0,0.9999889
55000900130309,2022-01-29,1,0,0.9999889
55000900130309,2022-01-30,1,0,0.9999889
55000900130309,2022-01-31,1,0,0.9999889
55000900130309,2022-02-01,1,0,0.9999889
55000900130309,2022-02-02,1,0,0.9999889
55000900130309,2022-02-03,1,0,0.9999889
55000900130309,2022-02-04,1,0,0.9999889
55000900130309,2022-02-05,1,0,0.9999889
55000900130309,2022-02-06,1,0,0.9999889
55000900130309,2022-02-07,1,0,0.9999889
55000900130309,2022-02-08,1,0,0.9999889
55000900130309,2022-02-09,1,0,0.9999889
55000900130309,2022-02-10,1,0,0.9999889
55000900130309,2022-02-11,1,0,0.9999889
55000900130309,2022-02-12,1,0,0.9999889
55000900130309,2022-02-13,1,0,0.9999889
55000900130309,2022-02-14,1,0,0.9999889
55000900130309,2022-02-15,1,0,0.9999889
55000900130309,2022-02-16,1,0,0.9999889
55000900130309,2022-02-17,1,0,0.9999889
55000900130309,2022-02-18,1,0,0.9999889
55000900130309,2022-02-19,1,0,0.9999889
55000900130309,2022-02-20,1,0,0.9999889
55000900130309,2022-02-21,1,0,0.9999889
55000900130309,2022-02-22,1,0,0.9999889
55000900130309,2022-02-23,1,0,0.9999889
55000900130309,2022-02-24,1,0,0.9999889
55000900130309,2022-02-25,1,0,0.9999889
55000900130309,2022-02-26,1,0,0.9999889
55000900130309,2022-02-27,1,0,0.9999889
55000900130309,2022-02-28,1,0,0.9999889
55000900130309,2022-03-01,1,0,0.9999889
55000900130309,2022-03-02,1,0,0.9999889
55000900130309,2022-03-03,1,0,0.9999889
55000900130309,2022-03-04,1,0,0.9999889
55000900130309,2022-03-05,1,0,0.9999889
55000900130309,2022-03-06,1,0,0.9999889
55000900130309,2022-03-07,1,0,0.9999889
55000900130309,2022-03-08,1,0,0.9999889
55000900130309,2022-03-09,1,0,0.9999889
55000900130309,2022-03-10,1,0,0.9999889
55000900130309,2022-03-11,1,0,0.9999889
55000900130309,2022-03-12,1,0,0.9999889
55000900130309,2022-03-14,1,0,0.9999889
55000900130309,2022-03-15,1,0,0.9999889
55000900130309,2022-03-16,1,0,0.9999889
55000900130309,2022-03-17,1,0,0.9999889
55000900130309,2022-03-18,1,0,0.9999889
55000900130309,2022-03-19,1,0,0.9999889
55000900130309,2022-03-20,1,0,0.9999889
55000900130309,2022-03-21,1,0,0.9999889
55000900130309,2022-03-22,1,0,0.9999889
55000900130309,2022-03-23,1,0,0.9999889
55000900130309,2022-03-24,1,0,0.9999889
55000900130309,2022-03-25,1,0,0.9999889
55000900130309,2022-03-26,1,0,0.9999889
55000900130309,2022-03-27,1,0,0.9999889
55000900130309,2022-03-28,1,0,0.9999889
55000900130309,2022-03-29,1,0,0.9999889
55000900130309,2022-03-30,1,0,0.9999889
55000900130309,2022-03-31,1,0,0.9999889
55000900130309,2022-04-01,1,0,0.9999889
55000900130309,2022-04-02,1,0,0.9999889
55000900130309,2022-04-03,1,0,0.9999889
55000900130309,2022-04-04,1,0,0.9999889
55000900130309,2022-04-05,1,0,0.9999889
55000900130309,2022-04-06,1,0,0.9999889
55000900130309,2022-04-07,1,0,0.9999889
55000900130309,2022-04-08,1,0,0.9999889
55000900130309,2022-04-09,1,0,0.9999889
55000900130309,2022-04-10,1,0,0.9999889
55000900130309,2022-04-11,1,0,0.9999889
55000900130309,2022-04-12,1,0,0.9999889
55000900130309,2022-04-13,1,0,0.9999889
55000900130309,2022-04-14,1,0,0.9999889
55000900130309,2022-04-15,1,0,0.9999889
55000900130309,2022-04-16,1,0,0.9999889
55000900130309,2022-04-17,1,0,0.9999889
55000900130309,2022-04-18,1,0,0.9999889
55000900130309,2022-04-19,1,0,0.9999889
55000900130309,2022-04-20,1,0,0.9999889
55000900130309,2022-04-21,1,0,0.9999889
55000900130309,2022-04-22,1,0,0.9999889
55000900130309,2022-04-23,1,0,0.9999889
55000900130309,2022-04-24,1,0,0.9999889
55000900130309,2022-04-25,1,0,0.9999889
55000900130309,2022-04-26,1,0,0.9999889
55000900130309,2022-04-27,1,0,0.9999889
55000900130309,2022-04-28,1,0,0.9999889
55000900130309,2022-04-29,1,0,0.9999889
55000900130309,2022-04-30,1,0,0.9999889
55000900130309,2022-05-01,1,0,0.9999889
55000900130309,2022-05-02,1,0,0.9999889
55000900130309,2022-05-03,1,0,0.9999889
55000900130309,2022-05-04,1,0,0.9999889
55000900130309,2022-05-05,1,0,0.9999889
55000900130309,2022-05-06,1,0,0.9999889
55000900130309,2022-05-07,1,0,0.9999889
55000900130309,2022-05-08,1,0,0.9999889
55000900130309,2022-05-09,1,0,0.9999889
55000900130309,2022-05-10,1,0,0.9999889
55000900130309,2022-05-11,1,0,0.9999889
55000900130309,2022-05-12,1,0,0.9999889
55000900130309,2022-05-13,1,0,0.9999889
55000900130309,2022-05-14,1,0,0.9999889
55000900130309,2022-05-15,1,0,0.9999889
55000900130309,2022-05-16,1,0,0.9999889
55000900130309,2022-05-17,1,0,0.9999889
55000900130309,2022-05-18,1,0,0.9999889
55000900130309,2022-05-19,1,0,0.9999889
55000900130309,2022-05-20,1,0,0.9999889
55000900130309,2022-05-21,1,0,0.9999889
55000900130309,2022-05-22,1,0,0.9999889
55000900130309,2022-05-23,1,0,0.9999889
55000900130309,2022-05-24,1,0,0.9999889
55000900130309,2022-05-25,1,0,0.9999889
55000900130309,2022-05-26,1,0,0.9999889
55000900130309,2022-05-27,1,0,0.9999889
55000900130309,2022-05-28,1,0,0.9999889
55000900130309,2022-05-29,1,0,0.9999889
55000900130309,2022-05-30,1,0,0.9999889
55000900130309,2022-05-31,1,0,0.9999889
55000900130309,2022-06-01,1,0,0.9999889
55000900130309,2022-06-02,1,0,0.9999889
55000900130309,2022-06-03,1,0,0.9999889
55000900130309,2022-06-04,1,0,0.9999889
55000900130309,2022-06-05,1,0,0.9999889
55000900130309,2022-06-06,1,0,0.9999889
55000900130309,2022-06-07,1,0,0.9999889
55000900130309,2022-06-08,1,0,0.9999889
55000900130309,2022-06-09,1,0,0.9999889
55000900130309,2022-06-10,1,0,0.9999889
55000900130309,2022-06-11,1,0,0.9999889
55000900130309,2022-06-12,1,0,0.9999889
55000900130309,2022-06-13,1,0,0.9999889
55000900130309,2022-06-14,1,0,0.9999889
55000900130309,2022-06-15,1,0,0.9999889
55000900130309,2022-06-16,1,0,0.9999889
55000900130309,2022-06-17,1,0,0.9999889
55000900130309,2022-06-18,1,0,0.9999889
55000900130309,2022-06-19,1,0,0.9999889
55000900130309,2022-06-20,1,0,0.9999889
55000900130309,2022-06-21,1,0,0.9999889
55000900130309,2022-06-22,1,0,0.9999889
55000900130309,2022-06-23,1,0,0.9999889
55000900130309,2022-06-24,1,0,0.9999889
55000900130309,2022-06-25,1,0,0.9999889
55000900130309,2022-06-26,1,0,0.9999889
55000900130309,2022-06-27,1,0,0.9999889
55000900130309,2022-06-28,1,0,0.9999889
55000900130309,2022-06-29,1,0,0.9999889
55000900130309,2022-06-30,1,0,0.9999889
55000900130309,2022-07-01,1,0,0.9999889
55000900130309,2022-07-02,1,0,0.9999889
55000900130309,2022-07-03,1,0,0.9999889
55000900130309,2022-07-04,1,0,0.9999889
55000900130309,2022-07-05,1,0,0.9999889
55000900130309,2022-07-06,1,0,0.9999889
55000900130309,2022-07-07,1,0,0.9999889
55000900130309,2022-07-08,1,0,0.9999889
55000900130309,2022-07-09,1,0,0.9999889
55000900130309,2022-07-10,1,0,0.9999889
55000900130309,2022-07-11,1,0,0.9999889
55000900130309,2022-07-12,1,0,0.9999889
55000900130309,2022-07-13,1,0,0.9999889
55000900130309,2022-07-14,1,0,0.9999889
55000900130309,2022-07-15,1,0,0.9999889
55000900130309,2022-07-16,1,0,0.9999889
55000900130309,2022-07-17,1,0,0.9999889
55000900130309,2022-07-18,1,0,0.9999889
55000900130309,2022-07-19,1,0,0.9999889
55000900130309,2022-07-20,1,0,0.9999889
55000900130309,2022-07-21,1,0,0.9999889
55000900130309,2022-07-22,1,0,0.9999889
55000900130309,2022-07-23,1,0,0.9999889
55000900130309,2022-07-24,1,0,0.9999889
55000900130309,2022-07-25,1,0,0.9999889
55000900130309,2022-07-26,1,0,0.9999889
55000900130309,2022-07-27,1,0,0.9999889
55000900130309,2022-07-28,1,0,0.9999889
55000900130309,2022-07-29,1,0,0.9999889
55000900130309,2022-07-30,1,0,0.9999889
55000900130309,2022-07-31,1,0,0.9999889
55000900130309,2022-08-01,1,0,0.9999889
55000900130309,2022-08-02,1,0,0.9999889
55000900130309,2022-08-03,1,0,0.9999889
55000900130309,2022-08-04,1,0,0.9999889
55000900130309,2022-08-05,1,0,0.9999889
55000900130309,2022-08-06,1,0,0.9999889
55000900130309,2022-08-07,1,0,0.9999889
55000900130309,2022-08-08,1,0,0.9999889
55000900130309,2022-08-09,1,0,0.9999889
55000900130309,2022-08-10,1,0,0.9999889
55000900130309,2022-08-11,1,0,0.9999889
55000900130309,2022-08-12,1,0,0.9999889
55000900130309,2022-08-13,1,0,0.9999889
55000900130309,2022-08-14,1,0,0.9999889
55000900130309,2022-08-15,1,0,0.9999889
55000900130309,2022-08-16,1,0,0.9999889
55000900130309,2022-08-17,1,0,0.9999889
55000900130309,2022-08-18,1,0,0.9999889
55000900130309,2022-08-19,1,0,0.9999889
55000900130309,2022-08-20,1,0,0.9999889
55000900130309,2022-08-21,1,0,0.9999889
55000900130309,2022-08-22,1,0,0.9999889
55000900130309,2022-08-23,1,0,0.9999889
55000900130309,2022-08-24,1,0,0.9999889
55000900130309,2022-08-25,1,0,0.9999889
55000900130309,2022-08-26,1,0,0.9999889
55000900130309,2022-08-27,1,0,0.9999889
55000900130309,2022-08-28,1,0,0.9999889
55000900130309,2022-08-29,1,0,0.9999889
55000900130309,2022-08-30,1,0,0.9999889
55000900130309,2022-08-31,1,0,0.9999889
55000900130309,2022-09-01,1,0,0.9999889
55000900130309,2022-09-02,1,0,0.9999889
55000900130309,2022-09-03,1,0,0.9999889
55000900130309,2022-09-04,1,0,0.9999889
55000900130309,2022-09-05,1,0,0.9999889
55000900130309,2022-09-06,1,0,0.9999889
55000900130309,2022-09-07,1,0,0.9999889
55000900130309,2022-09-08,1,0,0.9999889
55000900130309,2022-09-09,1,0,0.9999889
55000900130309,2022-09-10,1,0,0.9999889
55000900130309,2022-09-11,1,0,0.9999889
55000900130309,2022-09-12,1,0,0.9999889
55000900130309,2022-09-13,1,0,0.9999889
55000900130309,2022-09-14,1,0,0.9999889
55000900130309,2022-09-15,1,0,0.9999889
55000900130309,2022-09-16,1,0,0.9999889
55000900130309,2022-09-17,1,0,0.9999889
55000900130309,2022-09-18,1,0,0.9999889
55000900130309,2022-09-19,1,0,0.9999889
55000900130309,2022-09-20,1,0,0.9999889
55000900130309,2022-09-21,1,0,0.9999889
55000900130309,2022-09-22,1,0,0.9999889
55000900130309,2022-09-23,1,0,0.9999889
55000900130309,2022-09-24,1,0,0.9999889
55000900130309,2022-09-25,1,0,0.9999889
55000900130309,2022-09-26,1,0,0.9999889
55000900130309,2022-09-27,1,0,0.9999889
55000900130309,2022-09-28,1,0,0.9999889
55000900130309,2022-09-29,1,0,0.9999889
55000900130309,2022-09-30,1,0,0.9999889
55000900130309,2022-10-01,1,0,0.9999889
55000900130309,2022-10-02,1,0,0.9999889
55000900130309,2022-10-03,1,0,0.9999889
55000900130309,2022-10-04,1,0,0.9999889
55000900130309,2022-10-05,1,0,0.9999889
55000900130309,2022-10-06,1,0,0.9999889
55000900130309,2022-10-07,1,0,0.9999889
55000900130309,2022-10-08,1,0,0.9999889
55000900130309,2022-10-09,1,0,0.9999889
55000900130309,2022-10-10,1,0,0.9999889
55000900130309,2022-10-11,1,0,0.9999889
55000900130309,2022-10-12,1,0,0.9999889
55000900130309,2022-10-13,1,0,0.9999889
55000900130309,2022-10-14,1,0,0.9999889
55000900130309,2022-10-15,1,0,0.9999889
55000900130309,2022-10-16,1,0,0.9999889
55000900130309,2022-10-17,1,0,0.9999889
55000900130309,2022-10-18,1,0,0.9999889
55000900130309,2022-10-19,1,0,0.9999889
55000900130309,2022-10-20,1,0,0.9999889
55000900130309,2022-10-21,1,0,0.9999889
55000900130309,2022-10-22,1,0,0.9999889
55000900130309,2022-10-23,1,0,0.9999889
55000900130309,2022-10-24,1,0,0.9999889
55000900130309,2022-10-25,1,0,0.9999889
55000900130309,2022-10-26,1,0,0.9999889
55000900130309,2022-10-27,1,0,0.9999889
55000900130309,2022-10-28,1,0,0.9999889
55000900130309,2022-10-29,1,0,0.9999889
55000900130309,2022-10-30,1,0,0.9999889
55000900130309,2022-10-31,1,0,0.9999889
55000900130309,2022-11-01,1,0,0.9999889
55000900130309,2022-11-02,1,0,0.9999889
55000900130309,2022-11-03,1,0,0.9999889
55000900130309,2022-11-04,1,0,0.9999889
55000900130309,2022-11-05,1,0,0.9999889
55000900130309,2022-11-06,1,0,0.9999889
55000900130309,2022-11-07,1,0,0.9999889
55000900130309,2022-11-08,1,0,0.9999889
55000900130309,2022-11-09,1,0,0.9999889
55000900130309,2022-11-10,1,0,0.9999889
55000900130309,2022-11-11,1,0,0.9999889
55000900130309,2022-11-12,1,0,0.9999889
55000900130309,2022-11-13,1,0,0.9999889
55000900130309,2022-11-14,1,0,0.9999889
55000900130309,2022-11-15,1,0,0.9999889
55000900130309,2022-11-16,1,0,0.9999889
55000900130309,2022-11-17,1,0,0.9999889
55000900130309,2022-11-18,1,0,0.9999889
55000900130309,2022-11-19,1,0,0.9999889
55000900130309,2022-11-20,1,0,0.9999889
55000900130309,2022-11-21,1,0,0.9999889
55000900130309,2022-11-22,1,0,0.9999889
55000900130309,2022-11-23,1,0,0.9999889
55000900130309,2022-11-24,1,0,0.9999889
55000900130309,2022-11-25,1,0,0.9999889
55000900130309,2022-11-26,1,0,0.9999889
55000900130309,2022-11-27,1,0,0.9999889
55000900130309,2022-11-28,1,0,0.9999889
55000900130309,2022-11-29,1,0,0.9999889
55000900130309,2022-11-30,1,0,0.9999889
55000900130309,2022-12-01,1,0,0.9999889
55000900130309,2022-12-02,1,0,0.9999889
55000900130309,2022-12-03,1,0,0.9999889
55000900130309,2022-12-04,1,0,0.9999889
55000900130309,2022-12-05,1,0,0.9999889
55000900130309,2022-12-06,1,0,0.9999889
55000900130309,2022-12-07,1,0,0.9999889
55000900130309,2022-12-08,1,0,0.9999889
55000900130309,2022-12-09,1,0,0.9999889
55000900130309,2022-12-10,1,0,0.9999889
55000900130309,2022-12-11,1,0,0.9999889
55000900130309,2022-12-12,1,0,0.9999889
55000900130309,2022-12-13,1,0,0.9999889
55000900130309,2022-12-14,1,0,0.9999889
55000900130309,2022-12-15,1,0,0.9999889
55000900130309,2022-12-16,1,0,0.9999889
55000900130309,2022-12-17,1,0,0.9999889
55000900130309,2022-12-18,1,0,0.9999889
55000900130309,2022-12-19,1,0,0.9999889
55000900130309,2022-12-20,1,0,0.9999889
55000900130309,2022-12-21,1,0,0.9999889
55000900130309,2022-12-22,1,0,0.9999889
55000900130309,2022-12-23,1,0,0.9999889
55000900130309,2022-12-24,1,0,0.9999889
55000900130309,2022-12-25,1,0,0.9999889
55000900130309,2022-12-26,1,0,0.9999889
55000900130309,2022-12-27,1,0,0.9999889
55000900130309,2022-12-28,1,0,0.9999889
55000900130309,2022-12-29,1,0,0.9999889
55000900130309,2022-12-30,1,0,0.9999889
55000900130309,2022-12-31,1,0,0.9999889
55000900130309,2023-01-01,1,0,0.9999889
55000900130309,2023-01-02,1,0,0.9999889
55000900130309,2023-01-03,1,0,0.9999889
55000900130309,2023-01-04,1,0,0.9999889
55000900130309,2023-01-05,1,0,0.9999889
55000900130309,2023-01-06,1,0,0.9999889
55000900130309,2023-01-07,1,0,0.9999889
55000900130309,2023-01-08,1,0,0.9999889
55000900130309,2023-01-09,1,0,0.9999889
55000900130309,2023-01-10,1,0,0.9999889
55000900130309,2023-01-11,1,0,0.9999889
55000900130309,2023-01-12,1,0,0.9999889
55000900130309,2023-01-13,1,0,0.9999889
55000900130309,2023-01-14,1,0,0.9999889
55000900130309,2023-01-15,1,0,0.9999889
55000900130309,2023-01-16,1,0,0.9999889
55000900130309,2023-01-17,1,0,0.9999889
55000900130309,2023-01-18,1,0,0.9999889
55000900130309,2023-01-19,1,0,0.9999889
55000900130309,2023-01-20,1,0,0.9999889
55000900130309,2023-01-21,1,0,0.9999889
55000900130309,2023-01-22,1,0,0.9999889
55000900130309,2023-01-23,1,0,0.9999889
55000900130309,2023-01-24,1,0,0.9999889
55000900130309,2023-01-25,1,0,0.9999889
55000900130309,2023-01-26,1,0,0.9999889
55000900130309,2023-01-27,1,0,0.9999889
55000900130309,2023-01-28,1,0,0.9999889
55000900130309,2023-01-29,1,0,0.9999889
55000900130309,2023-01-30,1,0,0.9999889
55000900130309,2023-01-31,1,0,0.9999889
55000900130309,2023-02-01,1,0,0.9999889
55000900130309,2023-02-02,1,0,0.9999889
55000900130309,2023-02-03,1,0,0.9999889
55000900130309,2023-02-04,1,0,0.9999889
55000900130309,2023-02-05,1,0,0.9999889
55000900130309,2023-02-06,1,0,0.9999889
55000900130309,2023-02-07,1,0,0.9999889
55000900130309,2023-02-08,1,0,0.9999889
55000900130309,2023-02-09,1,0,0.9999889
55000900130309,2023-02-10,1,0,0.9999889
55000900130309,2023-02-11,1,0,0.9999889
55000900130309,2023-02-12,1,0,0.9999889
55000900130309,2023-02-13,1,0,0.9999889
55000900130309,2023-02-14,1,0,0.9999889
55000900130309,2023-02-15,1,0,0.9999889
55000900130309,2023-02-16,1,0,0.9999889
55000900130309,2023-02-17,1,0,0.9999889
55000900130309,2023-02-18,1,0,0.9999889
55000900130309,2023-02-19,1,0,0.9999889
55000900130309,2023-02-20,1,0,0.9999889
55000900130309,2023-02-21,1,0,0.9999889
55000900130309,2023-02-22,1,0,0.9999889
55000900130309,2023-02-23,1,0,0.9999889
55000900130309,2023-02-24,1,0,0.9999889
55000900130309,2023-02-25,1,0,0.9999889
55000900130309,2023-02-26,1,0,0.9999889
55000900130309,2023-02-27,1,0,0.9999889
55000900130309,2023-02-28,1,0,0.9999889
55000900130309,2023-03-01,1,0,0.9999889
55000900130309,2023-03-02,1,0,0.9999889
55000900130309,2023-03-03,1,0,0.9999889
55000900130309,2023-03-04,1,0,0.9999889
55000900130309,2023-03-05,1,0,0.9999889
55000900130309,2023-03-06,1,0,0.9999889
55000900130309,2023-03-07,1,0,0.9999889
55000900130309,2023-03-08,1,0,0.9999889
55000900130309,2023-03-09,1,0,0.9999889
55000900130309,2023-03-10,1,0,0.9999889
55000900130309,2023-03-11,1,0,0.9999889
55000900130309,2023-03-13,1,0,0.9999889
55000900130309,2023-03-14,1,0,0.9999889
55000900130309,2023-03-15,1,0,0.9999889
55000900130309,2023-03-16,1,0,0.9999889
55000900130309,2023-03-17,1,0,0.9999889
55000900130309,2023-03-18,1,0,0.9999889
55000900130309,2023-03-19,1,0,0.9999889
55000900130309,2023-03-20,1,0,0.9999889
55000900130309,2023-03-21,1,0,0.9999889
55000900130309,2023-03-22,1,0,0.9999889
55000900130309,2023-03-23,1,0,0.9999889
55000900130309,2023-03-24,1,0,0.9999889
55000900130309,2023-03-25,1,0,0.9999889
55000900130309,2023-03-26,1,0,0.9999889
55000900130309,2023-03-27,1,0,0.9999889
55000900130309,2023-03-28,1,0,0.9999889
55000900130309,2023-03-29,1,0,0.9999889
55000900130309,2023-03-30,1,0,0.9999889
55000900130309,2023-03-31,1,0,0.9999889
55000900130309,2023-04-01,1,0,0.9999889
55000900130309,2023-04-02,1,0,0.9999889
55000900130309,2023-04-03,1,0,0.9999889
55000900130309,2023-04-04,1,0,0.9999889
55000900130309,2023-04-05,1,0,0.9999889
55000900130309,2023-04-06,1,0,0.9999889
55000900130309,2023-04-07,1,0,0.9999889
55000900130309,2023-04-08,1,0,0.9999889
55000900130309,2023-04-09,1,0,0.9999889
55000900130309,2023-04-10,1,0,0.9999889
55000900130309,2023-04-11,1,0,0.9999889
55000900130309,2023-04-12,1,0,0.9999889
55000900130309,2023-04-13,1,0,0.9999889
55000900130309,2023-04-14,1,0,0.9999889
55000900130309,2023-04-15,1,0,0.9999889
55000900130309,2023-04-16,1,0,0.9999889
55000900130309,2023-04-17,1,0,0.9999889
55000900130309,2023-04-18,1,0,0.9999889
55000900130309,2023-04-19,1,0,0.9999889
55000900130309,2023-04-20,1,0,0.9999889
55000900130316,2020-09-11,0,0,0.17157456
55000900130316,2020-09-12,0,0,0.17157456
55000900130316,2020-09-13,0,0,0.17157456
55000900130316,2020-09-14,0,0,0.17157456
55000900130316,2020-09-15,0,0,0.17157456
55000900130316,2020-09-16,0,0,0.17157456
55000900130316,2020-09-17,0,0,0.17157456
55000900130316,2020-09-18,0,0,0.17157456
55000900130316,2020-09-19,1,0,0.17157456
55000900130316,2020-09-20,0,0,0.17157456
55000900130316,2020-09-21,0,0,0.17157456
55000900130316,2020-09-22,0,0,0.5772551
55000900130316,2020-09-23,0,0,0.2294824
55000900130316,2020-09-24,1,0,0.19153076
55000900130316,2020-09-25,1,0,0.1890253
55000900130316,2020-09-26,1,0,0.18876913
55000900130316,2020-09-27,0,0,0.5926782
55000900130316,2020-09-28,0,0,0.60262465
55000900130316,2020-09-29,0,0,0.6278972
55000900130316,2020-09-30,0,0,0.3471747
55000900130316,2020-10-01,0,0,0.3273235
55000900130316,2020-10-02,0,0,0.25148723
55000900130316,2020-10-03,0,0,0.23160759
55000900130316,2020-10-04,0,0,0.22404565
55000900130316,2020-10-05,0,0,0.2193596
55000900130316,2020-10-06,0,0,0.2164026
55000900130316,2020-10-07,0,0,0.21439423
55000900130316,2020-10-08,0,0,0.21291782
55000900130316,2020-10-09,0,0,0.21176432
55000900130316,2020-10-10,1,0,0.21080564
55000900130316,2020-10-11,1,0,0.20996602
55000900130316,2020-10-12,1,0,0.20920248
55000900130316,2020-10-13,1,0,0.6113924
55000900130316,2020-10-14,1,0,0.60033584
55000900130316,2020-10-15,1,0,0.64117235
55000900130316,2020-10-16,1,0,0.7655251
55000900130316,2020-10-17,0,0,0.84207475
55000900130316,2020-10-18,0,0,0.87689626
55000900130316,2020-10-19,0,0,0.88308704
55000900130316,2020-10-20,0,0,0.33478215
55000900130316,2020-10-21,0,0,0.33726454
55000900130316,2020-10-22,0,0,0.32739773
55000900130316,2020-10-23,0,0,0.3050571
55000900130316,2020-10-24,0,0,0.27588516
55000900130316,2020-10-25,0,0,0.24762763
55000900130316,2020-10-26,0,0,0.22887523
55000900130316,2020-10-27,0,0,0.22263509
55000900130316,2020-10-28,0,0,0.21963601
55000900130316,2020-10-29,0,0,0.21714926
55000900130316,2020-10-30,0,0,0.21541943
55000900130316,2020-10-31,0,0,0.21412368
55000900130316,2020-11-01,0,0,0.21305938
55000900130316,2020-11-02,0,0,0.21213764
55000900130316,2020-11-03,0,0,0.2113255
55000900130316,2020-11-04,0,0,0.21061228
55000900130316,2020-11-05,1,0,0.21002808
55000900130316,2020-11-06,1,0,0.209625
55000900130316,2020-11-07,1,0,0.20950177
55000900130316,2020-11-08,1,0,0.61348295
55000900130316,2020-11-09,1,0,0.5965872
55000900130316,2020-11-10,1,0,0.63694984
55000900130316,2020-11-11,1,0,0.74644256
55000900130316,2020-11-12,1,0,0.81213087
55000900130316,2020-11-13,1,0,0.85286546
55000900130316,2020-11-14,1,0,0.87785494
55000900130316,2020-11-15,1,0,0.88634336
55000900130316,2020-11-16,1,0,0.8791679
55000900130316,2020-11-17,1,0,0.8694897
55000900130316,2020-11-18,1,0,0.8735428
55000900130316,2020-11-19,1,0,0.88890827
55000900130316,2020-11-20,1,0,0.902791
55000900130316,2020-11-21,1,0,0.9124817
55000900130316,2020-11-22,1,0,0.9187978
55000900130316,2020-11-23,1,0,0.92308
55000900130316,2020-11-24,1,0,0.92616564
55000900130316,2020-11-25,1,0,0.92851794
55000900130316,2020-11-26,1,0,0.9303519
55000900130316,2020-11-27,1,0,0.93182385
55000900130316,2020-11-28,1,0,0.9330536
55000900130316,2020-11-29,1,0,0.9340648
55000900130316,2020-11-30,1,0,0.9349586
55000900130316,2020-12-01,1,0,0.9356745
55000900130316,2020-12-02,1,0,0.93612766
55000900130316,2020-12-03,1,0,0.9360162
55000900130316,2020-12-04,1,0,0.92520255
55000900130316,2020-12-05,1,0,0.8918616
55000900130316,2020-12-06,1,0,0.9122036
55000900130316,2020-12-07,1,0,0.97875667
55000900130316,2020-12-08,1,0,0.97875667
55000900130316,2020-12-09,1,0,0.97875667
55000900130316,2020-12-10,1,0,0.97875667
55000900130316,2020-12-11,1,0,0.97875667
55000900130316,2020-12-12,1,0,0.97875667
55000900130316,2020-12-13,1,0,0.97875667
55000900130316,2020-12-14,1,0,0.97875667
55000900130316,2020-12-15,1,0,0.97875667
55000900130316,2020-12-16,1,0,0.97875667
55000900130316,2020-12-17,1,0,0.97875667
55000900130316,2020-12-18,1,0,0.97875667
55000900130316,2020-12-19,1,0,0.97875667
55000900130316,2020-12-20,1,0,0.97875667
55000900130316,2020-12-21,1,0,0.97875667
55000900130316,2020-12-22,1,0,0.97875667
55000900130316,2020-12-23,1,0,0.97875667
55000900130316,2020-12-24,1,0,0.97875667
55000900130316,2020-12-25,1,0,0.97875667
55000900130316,2020-12-26,1,0,0.97875667
55000900130316,2020-12-27,1,0,0.97875667
55000900130316,2020-12-28,1,0,0.97875667
55000900130316,2020-12-29,1,0,0.97875667
55000900130316,2020-12-30,1,0,0.97875667
55000900130316,2020-12-31,1,0,0.97875667
55000900130316,2021-01-01,1,0,0.97875667
55000900130316,2021-01-02,1,0,0.97875667
55000900130316,2021-01-03,1,0,0.97875667
55000900130316,2021-01-04,1,0,0.97875667
55000900130316,2021-01-05,1,0,0.97875667
55000900130316,2021-01-06,1,0,0.97875667
55000900130316,2021-01-07,1,0,0.97875667
55000900130316,2021-01-08,1,0,0.97875667
55000900130316,2021-01-09,1,0,0.97875667
55000900130316,2021-01-10,1,0,0.97875667
55000900130316,2021-01-11,1,0,0.97875667
55000900130316,2021-01-12,1,0,0.97875667
55000900130316,2021-01-13,1,0,0.97875667
55000900130316,2021-01-14,1,0,0.97875667
55000900130316,2021-01-15,1,0,0.97875667
55000900130316,2021-01-16,1,0,0.97875667
55000900130316,2021-01-17,1,0,0.97875667
55000900130316,2021-01-18,1,0,0.97875667
55000900130316,2021-01-19,1,0,0.97875667
55000900130316,2021-01-20,1,0,0.97875667
55000900130316,2021-01-21,1,0,0.97875667
55000900130316,2021-01-22,1,0,0.97875667
55000900130316,2021-01-23,1,0,0.97875667
55000900130316,2021-01-24,1,0,0.97875667
55000900130316,2021-01-25,1,0,0.97875667
55000900130316,2021-01-26,1,0,0.97875667
55000900130316,2021-01-27,1,0,0.97875667
55000900130316,2021-01-28,1,0,0.97875667
55000900130316,2021-01-29,1,0,0.97875667
55000900130316,2021-01-30,1,0,0.97875667
55000900130316,2021-01-31,1,0,0.97875667
55000900130316,2021-02-01,1,0,0.97875667
55000900130316,2021-02-02,1,0,0.97875667
55000900130316,2021-02-03,1,0,0.97875667
55000900130316,2021-02-04,1,0,0.97875667
55000900130316,2021-02-05,1,0,0.97875667
55000900130316,2021-02-06,1,0,0.97875667
55000900130316,2021-02-07,1,0,0.97875667
55000900130316,2021-02-08,1,0,0.97875667
55000900130316,2021-02-09,1,0,0.97875667
55000900130316,2021-02-10,1,0,0.97875667
55000900130316,2021-02-11,1,0,0.97875667
55000900130316,2021-02-12,1,0,0.97875667
55000900130316,2021-02-13,1,0,0.97875667
55000900130316,2021-02-14,1,0,0.97875667
55000900130316,2021-02-15,1,0,0.97875667
55000900130316,2021-02-16,1,0,0.97875667
55000900130316,2021-02-17,1,0,0.97875667
55000900130316,2021-02-18,1,0,0.97875667
55000900130316,2021-02-19,1,0,0.97875667
55000900130316,2021-02-20,1,0,0.97875667
55000900130316,2021-02-21,1,0,0.97875667
55000900130316,2021-02-22,1,0,0.97875667
55000900130316,2021-02-23,1,0,0.97875667
55000900130316,2021-02-24,1,0,0.97875667
55000900130316,2021-02-25,1,0,0.97875667
55000900130316,2021-02-26,1,0,0.97875667
55000900130316,2021-02-27,1,0,0.97875667
55000900130316,2021-02-28,1,0,0.97875667
55000900130316,2021-03-01,1,0,0.97875667
55000900130316,2021-03-02,1,0,0.97875667
55000900130316,2021-03-03,1,0,0.97875667
55000900130316,2021-03-04,1,0,0.97875667
55000900130316,2021-03-05,1,0,0.97875667
55000900130316,2021-03-06,1,0,0.97875667
55000900130316,2021-03-07,1,0,0.97875667
55000900130316,2021-03-08,1,0,0.97875667
55000900130316,2021-03-09,1,0,0.97875667
55000900130316,2021-03-10,1,0,0.97875667
55000900130316,2021-03-11,1,0,0.97875667
55000900130316,2021-03-12,1,0,0.97875667
55000900130316,2021-03-13,1,0,0.97875667
55000900130316,2021-03-15,1,0,0.97875667
55000900130316,2021-03-16,1,0,0.97875667
55000900130316,2021-03-17,1,0,0.97875667
55000900130316,2021-03-18,1,0,0.97875667
55000900130316,2021-03-19,1,0,0.97875667
55000900130316,2021-03-20,1,0,0.97875667
55000900130316,2021-03-21,1,0,0.97875667
55000900130316,2021-03-22,1,0,0.97875667
55000900130316,2021-03-23,1,0,0.97875667
55000900130316,2021-03-24,1,0,0.97875667
55000900130316,2021-03-25,1,0,0.97875667
55000900130316,2021-03-26,1,0,0.97875667
55000900130316,2021-03-27,1,0,0.97875667
55000900130316,2021-03-28,1,0,0.97875667
55000900130316,2021-03-29,1,0,0.97875667
55000900130316,2021-03-30,1,0,0.97875667
55000900130316,2021-03-31,1,0,0.97875667
55000900130316,2021-04-01,1,0,0.97875667
55000900130316,2021-04-02,1,0,0.97875667
55000900130316,2021-04-03,1,0,0.97875667
55000900130316,2021-04-04,1,0,0.97875667
55000900130316,2021-04-05,1,0,0.97875667
55000900130316,2021-04-06,1,0,0.97875667
55000900130316,2021-04-07,1,0,0.97875667
55000900130316,2021-04-08,1,0,0.97875667
55000900130316,2021-04-09,1,0,0.97875667
55000900130316,2021-04-10,1,0,0.97875667
55000900130316,2021-04-11,1,0,0.97875667
55000900130316,2021-04-12,1,0,0.97875667
55000900130316,2021-04-13,1,0,0.97875667
55000900130316,2021-04-14,1,0,0.97875667
55000900130316,2021-04-15,1,0,0.97875667
55000900130316,2021-04-16,1,0,0.97875667
55000900130316,2021-04-17,1,0,0.97875667
55000900130316,2021-04-18,1,0,0.97875667
55000900130316,2021-04-19,1,0,0.97875667
55000900130316,2021-04-20,1,0,0.97875667
55000900130316,2021-04-21,1,0,0.97875667
55000900130316,2021-04-22,1,0,0.97875667
55000900130316,2021-04-23,1,0,0.97875667
55000900130316,2021-04-24,1,0,0.97875667
55000900130316,2021-04-25,1,0,0.97875667
55000900130316,2021-04-26,1,0,0.97875667
55000900130316,2021-04-27,1,0,0.97875667
55000900130316,2021-04-28,1,0,0.97875667
55000900130316,2021-04-29,1,0,0.97875667
55000900130316,2021-04-30,1,0,0.97875667
55000900130316,2021-05-01,1,0,0.97875667
55000900130316,2021-05-02,1,0,0.97875667
55000900130316,2021-05-03,1,0,0.97875667
55000900130316,2021-05-04,1,0,0.97875667
55000900130316,2021-05-05,1,0,0.97875667
55000900130316,2021-05-06,1,0,0.97875667
55000900130316,2021-05-07,1,0,0.97875667
55000900130316,2021-05-08,1,0,0.97875667
55000900130316,2021-05-09,1,0,0.97875667
55000900130316,2021-05-10,1,0,0.97875667
55000900130316,2021-05-11,1,0,0.97875667
55000900130316,2021-05-12,1,0,0.97875667
55000900130316,2021-05-13,1,0,0.97875667
55000900130316,2021-05-14,1,0,0.97875667
55000900130316,2021-05-15,1,0,0.97875667
55000900130316,2021-05-16,1,0,0.97875667
55000900130316,2021-05-17,1,0,0.97875667
55000900130316,2021-05-18,1,0,0.97875667
55000900130316,2021-05-19,1,0,0.97875667
55000900130316,2021-05-20,1,0,0.97875667
55000900130316,2021-05-21,1,0,0.97875667
55000900130316,2021-05-22,1,0,0.97875667
55000900130316,2021-05-23,1,0,0.97875667
55000900130316,2021-05-24,1,0,0.97875667
55000900130316,2021-05-25,1,0,0.97875667
55000900130316,2021-05-26,1,0,0.97875667
55000900130316,2021-05-27,1,0,0.97875667
55000900130316,2021-05-28,1,0,0.97875667
55000900130316,2021-05-29,1,0,0.97875667
55000900130316,2021-05-30,1,0,0.97875667
55000900130316,2021-05-31,1,0,0.97875667
55000900130316,2021-06-01,1,0,0.97875667
55000900130316,2021-06-02,1,0,0.97875667
55000900130316,2021-06-03,1,0,0.97875667
55000900130316,2021-06-04,1,0,0.97875667
55000900130316,2021-06-05,1,0,0.97875667
55000900130316,2021-06-06,1,0,0.97875667
55000900130316,2021-06-07,1,0,0.97875667
55000900130316,2021-06-08,1,0,0.97875667
55000900130316,2021-06-09,1,0,0.97875667
55000900130316,2021-06-10,1,0,0.97875667
55000900130316,2021-06-11,1,0,0.97875667
55000900130316,2021-06-12,1,0,0.97875667
55000900130316,2021-06-13,1,0,0.97875667
55000900130316,2021-06-14,1,0,0.97875667
55000900130316,2021-06-15,1,0,0.97875667
55000900130316,2021-06-16,0,0,0.97875667
55000900130316,2021-06-17,0,0,0.97875667
55000900130316,2021-06-18,0,0,0.97875667
55000900130316,2021-06-19,0,0,0.40423656
55000900130316,2021-06-20,0,0,0.2577001
55000900130316,2021-06-21,0,0,0.28930402
55000900130316,2021-06-22,0,0,0.2377394
55000900130316,2021-06-23,0,0,0.19659972
55000900130316,2021-06-24,1,0,0.16836447
55000900130316,2021-06-25,1,0,0.15097094
55000900130316,2021-06-26,0,0,0.14034782
55000900130316,2021-06-27,0,0,0.5751903
55000900130316,2021-06-28,0,0,0.59835285
55000900130316,2021-06-29,0,0,0.34086072
55000900130316,2021-06-30,0,0,0.29126102
55000900130316,2021-07-01,0,0,0.24122334
55000900130316,2021-07-02,0,0,0.22688225
55000900130316,2021-07-03,0,0,0.21973917
55000900130316,2021-07-04,0,0,0.21570374
55000900130316,2021-07-05,0,0,0.21327157
55000900130316,2021-07-06,0,0,0.21164852
55000900130316,2021-07-07,0,0,0.21043868
55000900130316,2021-07-08,0,0,0.20945917
55000900130316,2021-07-09,0,0,0.20860861
55000900130316,2021-07-10,0,0,0.20784152
55000900130316,2021-07-11,0,0,0.20714012
55000900130316,2021-07-12,0,0,0.20652062
55000900130316,2021-07-13,0,0,0.20595042
55000900130316,2021-07-14,0,0,0.2053461
55000900130316,2021-07-15,0,0,0.20469457
55000900130316,2021-07-16,0,0,0.20398727
55000900130316,2021-07-17,0,0,0.20294257
55000900130316,2021-07-18,0,0,0.20152843
55000900130316,2021-07-19,0,0,0.20104367
55000900130316,2021-07-20,0,0,0.20063728
55000900130316,2021-07-21,0,0,0.20033358
55000900130316,2021-07-22,0,0,0.20013478
55000900130316,2021-07-23,0,0,0.19999842
55000900130316,2021-07-24,0,0,0.19973296
55000900130316,2021-07-25,0,0,0.20042889
55000900130316,2021-07-26,0,0,0.23272015
55000900130316,2021-07-27,0,0,0.19520098
55000900130316,2021-07-28,0,0,0.17157456
55000900130316,2021-07-29,0,0,0.17157456
55000900130316,2021-07-30,0,0,0.17157456
55000900130316,2021-07-31,0,0,0.17157456
55000900130316,2021-08-01,0,0,0.17157456
55000900130316,2021-08-02,0,0,0.17157456
55000900130316,2021-08-03,0,0,0.17157456
55000900130316,2021-08-04,0,0,0.17157456
55000900130316,2021-08-05,0,0,0.17157456
55000900130316,2021-08-06,0,0,0.17157456
55000900130316,2021-08-07,0,0,0.17157456
55000900130316,2021-08-08,0,0,0.17157456
55000900130316,2021-08-09,0,0,0.17157456
55000900130316,2021-08-10,0,0,0.17157456
55000900130316,2021-08-11,0,0,0.17157456
55000900130316,2021-08-12,0,0,0.17157456
55000900130316,2021-08-13,0,0,0.17157456
55000900130316,2021-08-14,0,0,0.17157456
55000900130316,2021-08-15,0,0,0.17157456
55000900130316,2021-08-16,0,0,0.17157456
55000900130316,2021-08-17,0,0,0.17157456
55000900130316,2021-08-18,0,0,0.17157456
55000900130316,2021-08-19,0,0,0.17157456
55000900130316,2021-08-20,0,0,0.17157456
55000900130316,2021-08-21,0,0,0.17157456
55000900130316,2021-08-22,0,0,0.17157456
55000900130316,2021-08-23,0,0,0.17157456
55000900130316,2021-08-24,0,0,0.17157456
55000900130316,2021-08-25,0,0,0.17157456
55000900130316,2021-08-26,0,0,0.17157456
55000900130316,2021-08-27,0,0,0.17157456
55000900130316,2021-08-28,0,0,0.17157456
55000900130316,2021-08-29,0,0,0.17157456
55000900130316,2021-08-30,0,0,0.17157456
55000900130316,2021-08-31,0,0,0.17157456
55000900130316,2021-09-01,0,0,0.17157456
55000900130316,2021-09-02,0,0,0.17157456
55000900130316,2021-09-03,0,0,0.17157456
55000900130316,2021-09-04,0,0,0.17157456
55000900130316,2021-09-05,0,0,0.17157456
55000900130316,2021-09-06,0,0,0.17157456
55000900130316,2021-09-07,0,0,0.17157456
55000900130316,2021-09-08,0,0,0.17157456
55000900130316,2021-09-09,0,0,0.17157456
55000900130316,2021-09-10,0,0,0.17157456
55000900130316,2021-09-11,0,0,0.17157456
55000900130316,2021-09-12,0,0,0.17157456
55000900130316,2021-09-13,0,0,0.17157456
55000900130316,2021-09-14,0,0,0.17157456
55000900130316,2021-09-15,0,0,0.17157456
55000900130316,2021-09-16,0,0,0.17157456
55000900130316,2021-09-17,0,0,0.17157456
55000900130316,2021-09-18,1,0,0.17157456
55000900130316,2021-09-19,1,0,0.17157456
55000900130316,2021-09-20,1,0,0.17157456
55000900130316,2021-09-21,0,0,0.5772551
55000900130316,2021-09-22,0,0,0.6005089
55000900130316,2021-09-23,0,0,0.6203535
55000900130316,2021-09-24,0,0,0.34392905
55000900130316,2021-09-25,0,0,0.30286133
55000900130316,2021-09-26,0,0,0.23356478
55000900130316,2021-09-27,1,0,0.22087355
55000900130316,2021-09-28,1,0,0.21730883
55000900130316,2021-09-29,1,0,0.21529125
55000900130316,2021-09-30,0,0,0.6180809
55000900130316,2021-10-01,0,0,0.6051173
55000900130316,2021-10-02,0,0,0.6947156
55000900130316,2021-10-03,0,0,0.39757338
55000900130316,2021-10-04,0,0,0.37333572
55000900130316,2021-10-05,0,0,0.31862956
55000900130316,2021-10-06,0,0,0.2847126
55000900130316,2021-10-07,0,0,0.25626624
55000900130316,2021-10-08,0,0,0.23523062
55000900130316,2021-10-09,0,0,0.22456099
55000900130316,2021-10-10,0,0,0.21892215
55000900130316,2021-10-11,0,0,0.21567428
55000900130316,2021-10-12,0,0,0.21360095
55000900130316,2021-10-13,0,0,0.21213889
55000900130316,2021-10-14,0,0,0.21099518
55000900130316,2021-10-15,0,0,0.21002574
55000900130316,2021-10-16,0,0,0.20914954
55000900130316,2021-10-17,0,0,0.20832832
55000900130316,2021-10-18,0,0,0.20755088
55000900130316,2021-10-19,0,0,0.20680645
55000900130316,2021-10-20,0,0,0.2059264
55000900130316,2021-10-21,1,0,0.20520788
55000900130316,2021-10-22,1,0,0.20452099
55000900130316,2021-10-23,1,0,0.20376854
55000900130316,2021-10-24,1,0,0.6063058
55000900130316,2021-10-25,1,0,0.5994228
55000900130316,2021-10-26,1,0,0.62259316
55000900130316,2021-10-27,1,0,0.7437811
55000900130316,2021-10-28,1,0,0.8405425
55000900130316,2021-10-29,1,0,0.86711526
55000900130316,2021-10-30,1,0,0.8870959
55000900130316,2021-10-31,1,0,0.8762917
55000900130316,2021-11-01,1,0,0.87121546
55000900130316,2021-11-02,1,0,0.8677659
55000900130316,2021-11-03,1,0,0.8735428
55000900130316,2021-11-04,1,0,0.88890827
55000900130316,2021-11-05,1,0,0.902791
55000900130316,2021-11-06,1,0,0.9124817
55000900130316,2021-11-07,1,0,0.9187978
55000900130316,2021-11-08,1,0,0.92308
55000900130316,2021-11-09,1,0,0.92616564
55000900130316,2021-11-10,1,0,0.92851794
55000900130316,2021-11-11,1,0,0.9303519
55000900130316,2021-11-12,1,0,0.93182385
55000900130316,2021-11-13,1,0,0.9330536
55000900130316,2021-11-14,1,0,0.9340648
55000900130316,2021-11-15,1,0,0.9349586
55000900130316,2021-11-16,1,0,0.9356745
55000900130316,2021-11-17,1,0,0.93612766
55000900130316,2021-11-18,1,0,0.9360162
55000900130316,2021-11-19,1,0,0.92520255
55000900130316,2021-11-20,1,0,0.8918616
55000900130316,2021-11-21,1,0,0.9122036
55000900130316,2021-11-22,1,0,0.97875667
55000900130316,2021-11-23,1,0,0.97875667
55000900130316,2021-11-24,1,0,0.97875667
55000900130316,2021-11-25,1,0,0.97875667
55000900130316,2021-11-26,1,0,0.97875667
55000900130316,2021-11-27,1,0,0.97875667
55000900130316,2021-11-28,1,0,0.97875667
55000900130316,2021-11-29,1,0,0.97875667
55000900130316,2021-11-30,1,0,0.97875667
55000900130316,2021-12-01,1,0,0.97875667
55000900130316,2021-12-02,1,0,0.97875667
55000900130316,2021-12-03,1,0,0.97875667
55000900130316,2021-12-04,1,0,0.97875667
55000900130316,2021-12-05,1,0,0.97875667
55000900130316,2021-12-06,1,0,0.97875667
55000900130316,2021-12-07,1,0,0.97875667
55000900130316,2021-12-08,1,0,0.97875667
55000900130316,2021-12-09,1,0,0.97875667
55000900130316,2021-12-10,1,0,0.97875667
55000900130316,2021-12-11,1,0,0.97875667
55000900130316,2021-12-12,1,0,0.97875667
55000900130316,2021-12-13,1,0,0.97875667
55000900130316,2021-12-14,1,0,0.97875667
55000900130316,2021-12-15,1,0,0.97875667
55000900130316,2021-12-16,1,0,0.97875667
55000900130316,2021-12-17,1,0,0.97875667
55000900130316,2021-12-18,1,0,0.97875667
55000900130316,2021-12-19,1,0,0.97875667
55000900130316,2021-12-20,1,0,0.97875667
55000900130316,2021-12-21,1,0,0.97875667
55000900130316,2021-12-22,1,0,0.97875667
55000900130316,2021-12-23,1,0,0.97875667
55000900130316,2021-12-24,1,0,0.97875667
55000900130316,2021-12-25,1,0,0.97875667
55000900130316,2021-12-26,1,0,0.97875667
55000900130316,2021-12-27,1,0,0.97875667
55000900130316,2021-12-28,1,0,0.97875667
55000900130316,2021-12-29,1,0,0.97875667
55000900130316,2021-12-30,1,0,0.97875667
55000900130316,2021-12-31,1,0,0.97875667
55000900130316,2022-01-01,1,0,0.97875667
55000900130316,2022-01-02,1,0,0.97875667
55000900130316,2022-01-03,1,0,0.97875667
55000900130316,2022-01-04,1,0,0.97875667
55000900130316,2022-01-05,1,0,0.97875667
55000900130316,2022-01-06,1,0,0.97875667
55000900130316,2022-01-07,1,0,0.97875667
55000900130316,2022-01-08,1,0,0.97875667
55000900130316,2022-01-09,1,0,0.97875667
55000900130316,2022-01-10,1,0,0.97875667
55000900130316,2022-01-11,1,0,0.97875667
55000900130316,2022-01-12,1,0,0.97875667
55000900130316,2022-01-13,1,0,0.97875667
55000900130316,2022-01-14,1,0,0.97875667
55000900130316,2022-01-15,1,0,0.97875667
55000900130316,2022-01-16,1,0,0.97875667
55000900130316,2022-01-17,1,0,0.97875667
55000900130316,2022-01-18,1,0,0.97875667
55000900130316,2022-01-19,1,0,0.97875667
55000900130316,2022-01-20,1,0,0.97875667
55000900130316,2022-01-21,1,0,0.97875667
55000900130316,2022-01-22,1,0,0.97875667
55000900130316,2022-01-23,1,0,0.97875667
55000900130316,2022-01-24,1,0,0.97875667
55000900130316,2022-01-25,1,0,0.97875667
55000900130316,2022-01-26,1,0,0.97875667
55000900130316,2022-01-27,1,0,0.97875667
55000900130316,2022-01-28,1,0,0.97875667
55000900130316,2022-01-29,1,0,0.97875667
55000900130316,2022-01-30,1,0,0.97875667
55000900130316,2022-01-31,1,0,0.97875667
55000900130316,2022-02-01,1,0,0.97875667
55000900130316,2022-02-02,1,0,0.97875667
55000900130316,2022-02-03,1,0,0.97875667
55000900130316,2022-02-04,1,0,0.97875667
55000900130316,2022-02-05,1,0,0.97875667
55000900130316,2022-02-06,1,0,0.97875667
55000900130316,2022-02-07,1,0,0.97875667
55000900130316,2022-02-08,1,0,0.97875667
55000900130316,2022-02-09,1,0,0.97875667
55000900130316,2022-02-10,1,0,0.97875667
55000900130316,2022-02-11,1,0,0.97875667
55000900130316,2022-02-12,1,0,0.97875667
55000900130316,2022-02-13,1,0,0.97875667
55000900130316,2022-02-14,1,0,0.97875667
55000900130316,2022-02-15,1,0,0.97875667
55000900130316,2022-02-16,1,0,0.97875667
55000900130316,2022-02-17,1,0,0.97875667
55000900130316,2022-02-18,1,0,0.97875667
55000900130316,2022-02-19,1,0,0.97875667
55000900130316,2022-02-20,1,0,0.97875667
55000900130316,2022-02-21,1,0,0.97875667
55000900130316,2022-02-22,1,0,0.97875667
55000900130316,2022-02-23,1,0,0.97875667
55000900130316,2022-02-24,1,0,0.97875667
55000900130316,2022-02-25,1,0,0.97875667
55000900130316,2022-02-26,1,0,0.97875667
55000900130316,2022-02-27,1,0,0.97875667
55000900130316,2022-02-28,1,0,0.97875667
55000900130316,2022-03-01,1,0,0.97875667
55000900130316,2022-03-02,1,0,0.97875667
55000900130316,2022-03-03,1,0,0.97875667
55000900130316,2022-03-04,1,0,0.97875667
55000900130316,2022-03-05,1,0,0.97875667
55000900130316,2022-03-06,1,0,0.97875667
55000900130316,2022-03-07,1,0,0.97875667
55000900130316,2022-03-08,1,0,0.97875667
55000900130316,2022-03-09,1,0,0.97875667
55000900130316,2022-03-10,1,0,0.97875667
55000900130316,2022-03-11,1,0,0.97875667
55000900130316,2022-03-12,1,0,0.97875667
55000900130316,2022-03-14,1,0,0.97875667
55000900130316,2022-03-15,1,0,0.97875667
55000900130316,2022-03-16,1,0,0.97875667
55000900130316,2022-03-17,1,0,0.97875667
55000900130316,2022-03-18,1,0,0.97875667
55000900130316,2022-03-19,1,0,0.97875667
55000900130316,2022-03-20,1,0,0.97875667
55000900130316,2022-03-21,1,0,0.97875667
55000900130316,2022-03-22,1,0,0.97875667
55000900130316,2022-03-23,1,0,0.97875667
55000900130316,2022-03-24,1,0,0.97875667
55000900130316,2022-03-25,1,0,0.97875667
55000900130316,2022-03-26,1,0,0.97875667
55000900130316,2022-03-27,1,0,0.97875667
55000900130316,2022-03-28,1,0,0.97875667
55000900130316,2022-03-29,1,0,0.97875667
55000900130316,2022-03-30,1,0,0.97875667
55000900130316,2022-03-31,1,0,0.97875667
55000900130316,2022-04-01,1,0,0.97875667
55000900130316,2022-04-02,1,0,0.97875667
55000900130316,2022-04-03,1,0,0.97875667
55000900130316,2022-04-04,1,0,0.97875667
55000900130316,2022-04-05,1,0,0.97875667
55000900130316,2022-04-06,1,0,0.97875667
55000900130316,2022-04-07,1,0,0.97875667
55000900130316,2022-04-08,1,0,0.97875667
55000900130316,2022-04-09,1,0,0.97875667
55000900130316,2022-04-10,1,0,0.97875667
55000900130316,2022-04-11,1,0,0.97875667
55000900130316,2022-04-12,1,0,0.97875667
55000900130316,2022-04-13,1,0,0.97875667
55000900130316,2022-04-14,1,0,0.97875667
55000900130316,2022-04-15,1,0,0.97875667
55000900130316,2022-04-16,1,0,0.97875667
55000900130316,2022-04-17,1,0,0.97875667
55000900130316,2022-04-18,1,0,0.97875667
55000900130316,2022-04-19,1,0,0.97875667
55000900130316,2022-04-20,1,0,0.97875667
55000900130316,2022-04-21,1,0,0.97875667
55000900130316,2022-04-22,1,0,0.97875667
55000900130316,2022-04-23,1,0,0.97875667
55000900130316,2022-04-24,1,0,0.97875667
55000900130316,2022-04-25,1,0,0.97875667
55000900130316,2022-04-26,1,0,0.97875667
55000900130316,2022-04-27,1,0,0.97875667
55000900130316,2022-04-28,1,0,0.97875667
55000900130316,2022-04-29,1,0,0.97875667
55000900130316,2022-04-30,1,0,0.97875667
55000900130316,2022-05-01,1,0,0.97875667
55000900130316,2022-05-02,1,0,0.97875667
55000900130316,2022-05-03,1,0,0.97875667
55000900130316,2022-05-04,1,0,0.97875667
55000900130316,2022-05-05,1,0,0.97875667
55000900130316,2022-05-06,1,0,0.97875667
55000900130316,2022-05-07,1,0,0.97875667
55000900130316,2022-05-08,1,0,0.97875667
55000900130316,2022-05-09,1,0,0.97875667
55000900130316,2022-05-10,1,0,0.97875667
55000900130316,2022-05-11,1,0,0.97875667
55000900130316,2022-05-12,1,0,0.97875667
55000900130316,2022-05-13,1,0,0.97875667
55000900130316,2022-05-14,1,0,0.97875667
55000900130316,2022-05-15,1,0,0.97875667
55000900130316,2022-05-16,1,0,0.97875667
55000900130316,2022-05-17,1,0,0.97875667
55000900130316,2022-05-18,1,0,0.97875667
55000900130316,2022-05-19,1,0,0.97875667
55000900130316,2022-05-20,1,0,0.97875667
55000900130316,2022-05-21,1,0,0.97875667
55000900130316,2022-05-22,1,0,0.97875667
55000900130316,2022-05-23,1,0,0.97875667
55000900130316,2022-05-24,1,0,0.97875667
55000900130316,2022-05-25,1,0,0.97875667
55000900130316,2022-05-26,1,0,0.97875667
55000900130316,2022-05-27,1,0,0.97875667
55000900130316,2022-05-28,1,0,0.97875667
55000900130316,2022-05-29,1,0,0.97875667
55000900130316,2022-05-30,1,0,0.97875667
55000900130316,2022-05-31,1,0,0.97875667
55000900130316,2022-06-01,1,0,0.97875667
55000900130316,2022-06-02,1,0,0.97875667
55000900130316,2022-06-03,1,0,0.97875667
55000900130316,2022-06-04,1,0,0.97875667
55000900130316,2022-06-05,1,0,0.97875667
55000900130316,2022-06-06,1,0,0.97875667
55000900130316,2022-06-07,1,0,0.97875667
55000900130316,2022-06-08,1,0,0.97875667
55000900130316,2022-06-09,1,0,0.97875667
55000900130316,2022-06-10,1,0,0.97875667
55000900130316,2022-06-11,1,0,0.97875667
55000900130316,2022-06-12,1,0,0.97875667
55000900130316,2022-06-13,1,0,0.97875667
55000900130316,2022-06-14,1,0,0.97875667
55000900130316,2022-06-15,1,0,0.97875667
55000900130316,2022-06-16,1,0,0.97875667
55000900130316,2022-06-17,1,0,0.97875667
55000900130316,2022-06-18,1,0,0.97875667
55000900130316,2022-06-19,1,0,0.97875667
55000900130316,2022-06-20,1,0,0.97875667
55000900130316,2022-06-21,1,0,0.97875667
55000900130316,2022-06-22,1,0,0.97875667
55000900130316,2022-06-23,1,0,0.97875667
55000900130316,2022-06-24,1,0,0.97875667
55000900130316,2022-06-25,1,0,0.97875667
55000900130316,2022-06-26,1,0,0.97875667
55000900130316,2022-06-29,1,0,0.97875667
55000900130316,2022-06-30,1,0,0.97875667
55000900130316,2022-07-01,1,0,0.97875667
55000900130316,2022-07-02,1,0,0.97875667
55000900130316,2022-07-03,1,0,0.97875667
55000900130316,2022-07-04,1,0,0.97875667
55000900130316,2022-07-05,1,0,0.97875667
55000900130316,2022-07-06,1,0,0.97875667
55000900130316,2022-07-07,1,0,0.97875667
55000900130316,2022-07-08,1,0,0.97875667
55000900130316,2022-07-09,1,0,0.97875667
55000900130316,2022-07-10,1,0,0.97875667
55000900130316,2022-07-11,1,0,0.97875667
55000900130316,2022-07-12,1,0,0.97875667
55000900130316,2022-07-13,1,0,0.97875667
55000900130316,2022-07-14,1,0,0.97875667
55000900130316,2022-07-15,1,0,0.97875667
55000900130316,2022-07-16,1,0,0.97875667
55000900130316,2022-07-17,1,0,0.97875667
55000900130316,2022-07-18,1,0,0.97875667
55000900130316,2022-07-19,1,0,0.97875667
55000900130316,2022-07-20,1,0,0.97875667
55000900130316,2022-07-21,1,0,0.97875667
55000900130316,2022-07-22,1,0,0.97875667
55000900130316,2022-07-23,1,0,0.97875667
55000900130316,2022-07-24,1,0,0.97875667
55000900130316,2022-07-25,1,0,0.97875667
55000900130316,2022-07-26,1,0,0.97875667
55000900130316,2022-07-27,1,0,0.97875667
55000900130316,2022-07-28,1,0,0.97875667
55000900130316,2022-07-29,1,0,0.97875667
55000900130316,2022-07-30,1,0,0.97875667
55000900130316,2022-07-31,1,0,0.97875667
55000900130316,2022-08-01,1,0,0.97875667
55000900130316,2022-08-02,1,0,0.97875667
55000900130316,2022-08-03,1,0,0.97875667
55000900130316,2022-08-04,1,0,0.97875667
55000900130316,2022-08-05,1,0,0.97875667
55000900130316,2022-08-06,1,0,0.97875667
55000900130316,2022-08-07,1,0,0.97875667
55000900130316,2022-08-08,1,0,0.97875667
55000900130316,2022-08-09,1,0,0.97875667
55000900130316,2022-08-10,1,0,0.97875667
55000900130316,2022-08-11,1,0,0.97875667
55000900130316,2022-08-12,1,0,0.97875667
55000900130316,2022-08-13,1,0,0.97875667
55000900130316,2022-08-14,1,0,0.97875667
55000900130316,2022-08-15,1,0,0.97875667
55000900130316,2022-08-16,1,0,0.97875667
55000900130316,2022-08-17,1,0,0.97875667
55000900130316,2022-08-18,1,0,0.97875667
55000900130316,2022-08-19,1,0,0.97875667
55000900130316,2022-08-20,1,0,0.97875667
55000900130316,2022-08-21,1,0,0.97875667
55000900130316,2022-08-22,1,0,0.97875667
55000900130316,2022-08-23,1,0,0.97875667
55000900130316,2022-08-24,1,0,0.97875667
55000900130316,2022-08-25,1,0,0.97875667
55000900130316,2022-08-26,0,0,0.97875667
55000900130316,2022-08-27,0,0,0.97875667
55000900130316,2022-08-28,0,0,0.97875667
55000900130316,2022-08-29,0,0,0.40423656
55000900130316,2022-08-30,0,0,0.2577001
55000900130316,2022-08-31,0,0,0.28930402
55000900130316,2022-09-01,0,0,0.2377394
55000900130316,2022-09-02,0,0,0.19659972
55000900130316,2022-09-03,0,0,0.16836447
55000900130316,2022-09-04,0,0,0.15097094
55000900130316,2022-09-05,0,0,0.14034782
55000900130316,2022-09-06,0,0,0.13324568
55000900130316,2022-09-07,0,0,0.12834314
55000900130316,2022-09-08,0,0,0.12488202
55000900130316,2022-09-09,0,0,0.122423485
55000900130316,2022-09-10,0,0,0.12067375
55000900130316,2022-09-11,0,0,0.11946745
55000900130316,2022-09-12,0,0,0.11869031
55000900130316,2022-09-13,0,0,0.118286304
55000900130316,2022-09-14,0,0,0.11821974
55000900130316,2022-09-15,0,0,0.11854154
55000900130316,2022-09-16,0,0,0.11930096
55000900130316,2022-09-17,0,0,0.12061898
55000900130316,2022-09-18,0,0,0.12271961
55000900130316,2022-09-19,0,0,0.12595057
55000900130316,2022-09-20,0,0,0.13147059
55000900130316,2022-09-21,1,0,0.1431739
55000900130316,2022-09-22,1,0,0.16473427
55000900130316,2022-09-23,0,0,0.1921306
55000900130316,2022-09-24,0,0,0.61910474
55000900130316,2022-09-25,0,0,0.5974546
55000900130316,2022-09-26,0,0,0.30053926
55000900130316,2022-09-27,0,0,0.22654505
55000900130316,2022-09-28,0,0,0.2153936
55000900130316,2022-09-29,0,0,0.2130722
55000900130316,2022-09-30,0,0,0.21188499
55000900130316,2022-10-01,0,0,0.21100177
55000900130316,2022-10-02,0,0,0.21020472
55000900130316,2022-10-03,0,0,0.20944393
55000900130316,2022-10-04,0,0,0.20870528
55000900130316,2022-10-05,0,0,0.20797858
55000900130316,2022-10-06,0,0,0.20726365
55000900130316,2022-10-07,0,0,0.20656247
55000900130316,2022-10-08,0,0,0.20587246
55000900130316,2022-10-09,0,0,0.20519705
55000900130316,2022-10-10,0,0,0.20453337
55000900130316,2022-10-11,0,0,0.20388559
55000900130316,2022-10-12,0,0,0.20325491
55000900130316,2022-10-13,0,0,0.20264821
55000900130316,2022-10-14,0,0,0.20206927
55000900130316,2022-10-15,0,0,0.20152843
55000900130316,2022-10-16,0,0,0.20104367
55000900130316,2022-10-17,0,0,0.20063728
55000900130316,2022-10-18,0,0,0.20033358
55000900130316,2022-10-19,0,0,0.20013478
55000900130316,2022-10-20,0,0,0.19999842
55000900130316,2022-10-21,1,0,0.19973296
55000900130316,2022-10-22,1,0,0.20042889
55000900130316,2022-10-23,1,0,0.23272015
55000900130316,2022-10-24,1,0,0.59913397
55000900130316,2022-10-25,1,0,0.6005089
55000900130316,2022-10-26,1,0,0.6203535
55000900130316,2022-10-27,1,0,0.6724776
55000900130316,2022-10-28,0,0,0.79950553
55000900130316,2022-10-29,0,0,0.8656678
55000900130316,2022-10-30,0,0,0.87911034
55000900130316,2022-10-31,0,0,0.3479863
55000900130316,2022-11-01,1,0,0.356291
55000900130316,2022-11-02,1,0,0.33408517
55000900130316,2022-11-03,1,0,0.30458546
55000900130316,2022-11-04,1,0,0.71787894
55000900130316,2022-11-05,1,0,0.70842737
55000900130316,2022-11-06,1,0,0.77514976
55000900130316,2022-11-07,1,0,0.833735
55000900130316,2022-11-08,1,0,0.8681563
55000900130316,2022-11-09,1,0,0.87317485
55000900130316,2022-11-10,1,0,0.8676004
55000900130316,2022-11-11,1,0,0.8596751
55000900130316,2022-11-12,1,0,0.85406756
55000900130316,2022-11-13,1,0,0.860444
55000900130316,2022-11-14,1,0,0.8712837
55000900130316,2022-11-15,1,0,0.8807634
55000900130316,2022-11-16,1,0,0.88747305
55000900130316,2022-11-17,1,0,0.8918681
55000900130316,2022-11-18,0,0,0.89455765
55000900130316,2022-11-19,0,0,0.894408
55000900130316,2022-11-20,0,0,0.8879613
55000900130316,2022-11-21,0,0,0.32108104
55000900130316,2022-11-22,1,0,0.33806503
55000900130316,2022-11-23,1,0,0.3272601
55000900130316,2022-11-24,1,0,0.30627695
55000900130316,2022-11-25,1,0,0.7202801
55000900130316,2022-11-26,1,0,0.68712544
55000900130316,2022-11-27,1,0,0.7448629
55000900130316,2022-11-28,1,0,0.79916316
55000900130316,2022-11-29,1,0,0.843178
55000900130316,2022-11-30,1,0,0.86582196
55000900130316,2022-12-01,1,0,0.86333495
55000900130316,2022-12-02,1,0,0.861989
55000900130316,2022-12-03,1,0,0.8398908
55000900130316,2022-12-04,1,0,0.8417391
55000900130316,2022-12-05,1,0,0.84479594
55000900130316,2022-12-06,1,0,0.84865636
55000900130316,2022-12-07,1,0,0.8528805
55000900130316,2022-12-08,1,0,0.8571188
55000900130316,2022-12-09,1,0,0.86105764
55000900130316,2022-12-10,1,0,0.8646066
55000900130316,2022-12-11,1,0,0.86771494
55000900130316,2022-12-12,1,0,0.87029076
55000900130316,2022-12-13,1,0,0.872433
55000900130316,2022-12-14,1,0,0.87474597
55000900130316,2022-12-15,1,0,0.8780784
55000900130316,2022-12-16,1,0,0.883088
55000900130316,2022-12-17,1,0,0.89165545
55000900130316,2022-12-18,1,0,0.9031112
55000900130316,2022-12-19,1,0,0.9127172
55000900130316,2022-12-20,1,0,0.9360162
55000900130316,2022-12-21,1,0,0.92520255
55000900130316,2022-12-22,1,0,0.8918616
55000900130316,2022-12-23,1,0,0.9122036
55000900130316,2022-12-24,1,0,0.97875667
55000900130316,2022-12-25,1,0,0.97875667
55000900130316,2022-12-26,1,0,0.97875667
55000900130316,2022-12-27,1,0,0.97875667
55000900130316,2022-12-28,1,0,0.97875667
55000900130316,2022-12-29,1,0,0.97875667
55000900130316,2022-12-30,1,0,0.97875667
55000900130316,2022-12-31,1,0,0.97875667
55000900130316,2023-01-01,1,0,0.97875667
55000900130316,2023-01-02,1,0,0.97875667
55000900130316,2023-01-03,1,0,0.97875667
55000900130316,2023-01-04,1,0,0.97875667
55000900130316,2023-01-05,1,0,0.97875667
55000900130316,2023-01-06,1,0,0.97875667
55000900130316,2023-01-07,1,0,0.97875667
55000900130316,2023-01-08,1,0,0.97875667
55000900130316,2023-01-09,1,0,0.97875667
55000900130316,2023-01-10,1,0,0.97875667
55000900130316,2023-01-11,1,0,0.97875667
55000900130316,2023-01-12,1,0,0.97875667
55000900130316,2023-01-13,1,0,0.97875667
55000900130316,2023-01-14,1,0,0.97875667
55000900130316,2023-01-15,1,0,0.97875667
55000900130316,2023-01-16,1,0,0.97875667
55000900130316,2023-01-17,1,0,0.97875667
55000900130316,2023-01-18,1,0,0.97875667
55000900130316,2023-01-19,1,0,0.97875667
55000900130316,2023-01-20,1,0,0.97875667
55000900130316,2023-01-21,1,0,0.97875667
55000900130316,2023-01-22,1,0,0.97875667
55000900130316,2023-01-23,1,0,0.97875667
55000900130316,2023-01-24,1,0,0.97875667
55000900130316,2023-01-25,1,0,0.97875667
55000900130316,2023-01-26,1,0,0.97875667
55000900130316,2023-01-27,1,0,0.97875667
55000900130316,2023-01-28,1,0,0.97875667
55000900130316,2023-01-29,1,0,0.97875667
55000900130316,2023-01-30,1,0,0.97875667
55000900130316,2023-01-31,1,0,0.97875667
55000900130316,2023-02-01,1,0,0.97875667
55000900130316,2023-02-02,1,0,0.97875667
55000900130316,2023-02-03,1,0,0.97875667
55000900130316,2023-02-04,1,0,0.97875667
55000900130316,2023-02-05,1,0,0.97875667
55000900130316,2023-02-06,1,0,0.97875667
55000900130316,2023-02-07,1,0,0.97875667
55000900130316,2023-02-08,1,0,0.97875667
55000900130316,2023-02-09,1,0,0.97875667
55000900130316,2023-02-10,1,0,0.97875667
55000900130316,2023-02-11,1,0,0.97875667
55000900130316,2023-02-12,1,0,0.97875667
55000900130316,2023-02-13,1,0,0.97875667
55000900130316,2023-02-14,1,0,0.97875667
55000900130316,2023-02-15,1,0,0.97875667
55000900130316,2023-02-16,1,0,0.97875667
55000900130316,2023-02-17,1,0,0.97875667
55000900130316,2023-02-18,1,0,0.97875667
55000900130316,2023-02-19,1,0,0.97875667
55000900130316,2023-02-20,1,0,0.97875667
55000900130316,2023-02-21,1,0,0.97875667
55000900130316,2023-02-22,1,0,0.97875667
55000900130316,2023-02-23,1,0,0.97875667
55000900130316,2023-02-24,1,0,0.97875667
55000900130316,2023-02-25,1,0,0.97875667
55000900130316,2023-02-26,1,0,0.97875667
55000900130316,2023-02-27,1,0,0.97875667
55000900130316,2023-02-28,1,0,0.97875667
55000900130316,2023-03-01,1,0,0.97875667
55000900130316,2023-03-02,1,0,0.97875667
55000900130316,2023-03-03,1,0,0.97875667
55000900130316,2023-03-04,1,0,0.97875667
55000900130316,2023-03-05,1,0,0.97875667
55000900130316,2023-03-06,1,0,0.97875667
55000900130316,2023-03-07,1,0,0.97875667
55000900130316,2023-03-08,1,0,0.97875667
55000900130316,2023-03-09,1,0,0.97875667
55000900130316,2023-03-10,1,0,0.97875667
55000900130316,2023-03-11,1,0,0.97875667
55000900130316,2023-03-13,1,0,0.97875667
55000900130316,2023-03-14,1,0,0.97875667
55000900130316,2023-03-15,1,0,0.97875667
55000900130316,2023-03-16,1,0,0.97875667
55000900130316,2023-03-17,1,0,0.97875667
55000900130316,2023-03-18,1,0,0.97875667
55000900130316,2023-03-19,1,0,0.97875667
55000900130316,2023-03-20,1,0,0.97875667
55000900130316,2023-03-21,1,0,0.97875667
55000900130316,2023-03-22,1,0,0.97875667
55000900130316,2023-03-23,1,0,0.97875667
55000900130316,2023-03-24,1,0,0.97875667
55000900130316,2023-03-25,1,0,0.97875667
55000900130316,2023-03-26,1,0,0.97875667
55000900130316,2023-03-27,1,0,0.97875667
55000900130316,2023-03-28,1,0,0.97875667
55000900130316,2023-03-29,1,0,0.97875667
55000900130316,2023-03-30,1,0,0.97875667
55000900130316,2023-03-31,1,0,0.97875667
55000900130316,2023-04-01,1,0,0.97875667
55000900130316,2023-04-02,1,0,0.97875667
55000900130316,2023-04-03,1,0,0.97875667
55000900130316,2023-04-04,1,0,0.97875667
55000900130316,2023-04-05,1,0,0.97875667
55000900130316,2023-04-06,1,0,0.97875667
55000900130316,2023-04-07,1,0,0.97875667
55000900130316,2023-04-08,1,0,0.97875667
55000900130316,2023-04-09,1,0,0.97875667
55000900130316,2023-04-10,1,0,0.97875667
55000900130316,2023-04-11,1,0,0.97875667
55000900130316,2023-04-12,1,0,0.97875667
55000900130316,2023-04-13,1,0,0.97875667
55000900130316,2023-04-14,1,0,0.97875667
55000900130316,2023-04-15,1,0,0.97875667
55000900130316,2023-04-16,1,0,0.97875667
55000900130316,2023-04-17,1,0,0.97875667
55000900130316,2023-04-18,1,0,0.97875667
55000900130316,2023-04-19,1,0,0.97875667
55000900130316,2023-04-20,1,0,0.97875667
55000900131558,2020-09-11,1,9,0.99348915
55000900131558,2020-09-12,1,9,0.9895494
55000900131558,2020-09-13,1,9,0.9901552
55000900131558,2020-09-14,1,9,0.9989279
55000900131558,2020-09-15,1,9,0.9995522
55000900131558,2020-09-16,1,9,0.9997414
55000900131558,2020-09-17,1,9,0.9998247
55000900131558,2020-09-18,1,9,0.99987936
55000900131558,2020-09-19,1,9,0.99988294
55000900131558,2020-09-20,1,9,0.99997044
55000900131558,2020-09-21,1,9,0.99998593
55000900131558,2020-09-22,1,9,0.9999871
55000900131558,2020-09-23,1,9,0.99998236
55000900131558,2020-09-24,1,9,0.9999807
55000900131558,2020-09-25,1,9,0.9999796
55000900131558,2020-09-26,1,9,0.9999856
55000900131558,2020-09-27,1,9,0.99998856
55000900131558,2020-09-28,1,9,0.9999896
55000900131558,2020-09-29,1,9,0.9999901
55000900131558,2020-09-30,1,9,0.9999901
55000900131558,2020-10-01,1,9,0.9999889
55000900131558,2020-10-02,1,9,0.99997425
55000900131558,2020-10-03,1,9,0.99993634
55000900131558,2020-10-04,1,9,0.99990773
55000900131558,2020-10-05,1,9,0.99993515
55000900131558,2020-10-06,1,9,0.9999689
55000900131558,2020-10-07,1,9,0.99998057
55000900131558,2020-10-08,1,9,0.99997747
55000900131558,2020-10-09,1,9,0.9999324
55000900131558,2020-10-10,1,9,0.99997365
55000900131558,2020-10-11,1,9,0.99998415
55000900131558,2020-10-12,1,9,0.9999831
55000900131558,2020-10-13,1,9,0.9999882
55000900131558,2020-10-14,1,9,0.99999046
55000900131558,2020-10-15,1,9,0.99999046
55000900131558,2020-10-16,1,9,0.9999906
55000900131558,2020-10-17,1,9,0.99999046
55000900131558,2020-10-18,1,9,0.99999046
55000900131558,2020-10-19,1,9,0.99999046
55000900131558,2020-10-20,1,0,0.99998987
55000900131558,2020-10-21,1,0,0.9999888
55000900133417,2020-09-11,1,0,0.999863
55000900133417,2020-09-12,1,0,0.99980074
55000900133417,2020-09-13,1,0,0.9997222
55000900133417,2020-09-14,1,0,0.99972993
55000900133417,2020-09-15,1,0,0.9998093
55000900133417,2020-09-16,1,0,0.9996202
55000900133417,2020-09-17,1,0,0.9997924
55000900133417,2020-09-18,1,0,0.999746
55000900133417,2020-09-19,1,0,0.9997651
55000900133417,2020-09-20,1,0,0.99979275
55000900133417,2020-09-21,1,0,0.9999144
55000900133417,2020-09-22,1,0,0.9999236
55000900133417,2020-09-23,1,0,0.99982375
55000900133417,2020-09-24,1,0,0.99983704
55000900133417,2020-09-25,1,0,0.99988294
55000900133417,2020-09-26,1,0,0.99993694
55000900133417,2020-09-27,1,0,0.9999559
55000900133417,2020-09-28,1,0,0.9999782
55000900133417,2020-09-29,1,0,0.9999583
55000900133417,2020-09-30,1,0,0.99990594
55000900133417,2020-10-01,1,0,0.999931
55000900133417,2020-10-02,1,0,0.9998691
55000900133417,2020-10-03,1,0,0.9998994
55000900133417,2020-10-04,1,0,0.9998914
55000900133417,2020-10-05,1,0,0.9998536
55000900133417,2020-10-06,1,0,0.9998746
55000900133417,2020-10-07,1,0,0.9999075
55000900133417,2020-10-08,1,0,0.99991715
55000900133417,2020-10-09,1,0,0.99990606
55000900133417,2020-10-10,1,0,0.9999181
55000900133417,2020-10-11,1,0,0.9999496
55000900133417,2020-10-12,1,0,0.9999535
55000900133417,2020-10-13,1,0,0.99997985
55000900133417,2020-10-14,1,0,0.9999825
55000900133417,2020-10-15,1,0,0.9999832
55000900133417,2020-10-16,1,0,0.999985
55000900133417,2020-10-17,1,0,0.99998534
55000900133417,2020-10-18,1,0,0.99998045
55000900133417,2020-10-19,1,0,0.99997926
55000900133417,2020-10-20,1,0,0.99997497
55000900133417,2020-10-21,1,0,0.9999763
55000900133417,2020-10-22,1,0,0.99997795
55000900133417,2020-10-23,1,0,0.99997544
55000900133417,2020-10-24,1,0,0.9999789
55000900133417,2020-10-25,1,0,0.9999733
55000900133417,2020-10-26,1,0,0.9999672
55000900133417,2020-10-27,1,0,0.999977
55000900133417,2020-10-28,1,0,0.99998116
55000900133417,2020-10-29,1,0,0.99997044
55000900133417,2020-10-30,1,0,0.99995434
55000900133417,2020-10-31,1,0,0.9999132
55000900133417,2020-11-01,1,0,0.99990547
55000900133417,2020-11-02,1,0,0.9999746
55000900133417,2020-11-03,1,0,0.9999722
55000900133417,2020-11-04,1,0,0.99995065
55000900133417,2020-11-05,1,0,0.9999386
55000900133417,2020-11-06,1,0,0.99995744
55000900133417,2020-11-07,1,0,0.99997616
55000900133417,2020-11-08,1,0,0.9999807
55000900133417,2020-11-09,1,0,0.99998474
55000900133417,2020-11-10,1,0,0.9999839
55000900133417,2020-11-11,1,0,0.99998236
55000900133417,2020-11-12,1,0,0.99998426
55000900133417,2020-11-13,1,0,0.9999802
55000900133417,2020-11-14,1,0,0.9999846
55000900133417,2020-11-16,1,0,0.999982
55000900133417,2020-11-17,1,0,0.99998724
55000900133417,2020-11-18,1,0,0.9999876
55000900133417,2020-11-19,1,0,0.99998724
55000900133417,2020-11-20,1,0,0.9999864
55000900133417,2020-11-21,1,0,0.9999876
55000900133417,2020-11-22,1,0,0.99998784
55000900133417,2020-11-23,1,0,0.9999869
55000900133417,2020-11-24,1,0,0.99998677
55000900133417,2020-11-25,1,0,0.9999869
55000900133417,2020-11-26,1,0,0.9999865
55000900133417,2020-11-27,1,0,0.9999865
55000900133417,2020-11-28,1,0,0.9999882
55000900133417,2020-11-29,1,0,0.9999887
55000900133417,2020-11-30,1,0,0.9999857
55000900133417,2020-12-01,1,0,0.9999857
55000900167054,2020-09-11,1,9,0.9933339
55000900167054,2020-09-12,1,9,0.9933258
55000900167054,2020-09-13,1,9,0.991812
55000900167054,2020-09-14,1,9,0.9925563
55000900167054,2020-09-15,1,9,0.9914396
55000900167054,2020-09-16,1,9,0.98095864
55000900167054,2020-09-17,1,9,0.9887869
55000900167054,2020-09-18,1,9,0.990602
55000900167054,2020-09-19,1,9,0.99196637
55000900167054,2020-09-20,1,9,0.99704295
55000900167054,2020-09-21,1,9,0.9991721
55000900167054,2020-09-22,1,9,0.9994165
55000900167054,2020-09-23,1,9,0.9992176
55000900167054,2020-09-24,1,9,0.9989963
55000900167054,2020-09-25,1,9,0.999511
55000900167054,2020-09-26,1,9,0.99991274
55000900167054,2020-09-27,1,9,0.9999238
55000900167054,2020-09-28,1,9,0.9999604
55000900167054,2020-09-29,1,9,0.9999728
55000900167054,2020-09-30,1,9,0.99994886
55000900167054,2020-10-01,1,9,0.9997603
55000900167054,2020-10-02,1,9,0.9994261
55000900167054,2020-10-03,1,9,0.99940825
55000900167054,2020-10-04,1,9,0.9993742
55000900167054,2020-10-05,1,9,0.99931526
55000900167054,2020-10-06,1,9,0.99942064
55000900167054,2020-10-07,1,9,0.9995009
55000900167054,2020-10-08,1,9,0.99948066
55000900167054,2020-10-09,1,9,0.9995634
55000900167054,2020-10-10,1,9,0.999579
55000900167054,2020-10-11,1,9,0.99968123
55000900167054,2020-10-12,1,9,0.9999168
55000900167054,2020-10-13,1,9,0.9999801
55000900167054,2020-10-14,1,9,0.9999869
55000900167054,2020-10-15,1,9,0.99998796
55000900167054,2020-10-16,1,9,0.9999881
55000900167054,2020-10-17,1,9,0.99998724
55000900167054,2020-10-18,1,9,0.9999876
55000900167054,2020-10-19,1,0,0.99998546
55000900167054,2020-10-20,1,0,0.9999852
55000900167055,2020-09-11,1,0,0.99993
55000900167055,2020-09-12,1,0,0.9999274
55000900167055,2020-09-13,1,0,0.9999467
55000900167055,2020-09-14,1,0,0.99994755
55000900167055,2020-09-15,1,0,0.9999386
55000900167055,2020-09-16,1,0,0.99992895
55000900167055,2020-09-17,1,0,0.9999329
55000900167055,2020-09-18,1,0,0.99993324
55000900167055,2020-09-19,1,0,0.9999491
55000900167055,2020-09-20,1,0,0.9999634
55000900167055,2020-09-21,1,0,0.9999696
55000900167055,2020-09-22,1,0,0.9999727
55000900167055,2020-09-23,1,0,0.99997556
55000900167055,2020-09-24,1,0,0.9999751
55000900167055,2020-09-25,1,0,0.9999738
55000900167055,2020-09-26,1,0,0.9999865
55000900167055,2020-09-27,1,0,0.99998665
55000900167055,2020-09-28,1,0,0.9999871
55000900167055,2020-09-29,1,0,0.9999864
55000900167055,2020-09-30,1,0,0.9999893
55000900167055,2020-10-01,1,0,0.9999852
55000900167055,2020-10-02,1,0,0.9999844
55000900167055,2020-10-03,1,0,0.9999839
55000900167055,2020-10-04,1,0,0.9999801
55000900167055,2020-10-05,1,0,0.9999802
55000900167055,2020-10-06,1,0,0.9999839
55000900167055,2020-10-07,1,0,0.9999851
55000900167055,2020-10-08,1,0,0.9999813
55000900167055,2020-10-09,1,0,0.9999819
55000900167055,2020-10-10,1,0,0.99997985
55000900167055,2020-10-11,1,0,0.99998355
55000900167055,2020-10-12,1,0,0.99998593
55000900167055,2020-10-13,1,0,0.9999865
55000900167055,2020-10-14,1,0,0.99998724
55000900167055,2020-10-15,1,0,0.99998724
55000900167055,2020-10-16,1,0,0.99998796
55000900167055,2020-10-17,1,0,0.99998903
55000900167055,2020-10-18,1,0,0.9999894
55000900167055,2020-10-19,1,0,0.9999893
55000900167055,2020-10-20,1,0,0.9999875
55000900167055,2020-10-21,1,0,0.9999875
55000900167055,2020-10-22,1,0,0.9999889
55000900167055,2020-10-23,1,0,0.99998915
55000900167055,2020-10-24,1,0,0.99998903
55000900167055,2020-10-25,1,0,0.9999876
55000900167055,2020-10-26,1,0,0.999987
55000900167055,2020-10-27,1,0,0.9999889
55000900167055,2020-10-28,1,0,0.99998665
55000900167055,2020-10-29,1,0,0.99998856
55000900167055,2020-10-30,1,0,0.999987
55000900167055,2020-10-31,1,0,0.999987
55000900167055,2020-11-01,1,0,0.999987
55000900167055,2020-11-02,1,0,0.9999869
55000900167055,2020-11-03,1,0,0.9999871
55000900167055,2020-11-04,1,0,0.99998736
55000900167055,2020-11-05,1,0,0.99998605
55000900167055,2020-11-06,1,0,0.9999893
55000900167055,2020-11-07,1,0,0.99998975
55000900167055,2020-11-08,1,0,0.9999894
55000900167055,2020-11-09,1,0,0.9999901
55000900167055,2020-11-10,1,0,0.9997553
55000900167055,2020-11-11,1,0,0.99811745
55000900167055,2020-11-12,1,0,0.99967706
55000900167055,2020-11-13,1,0,0.9999722
55000900167055,2020-11-14,1,0,0.9993436
55000900167055,2020-11-16,1,0,0.99998903
55000900167055,2020-11-17,1,0,0.99998987
55000900167055,2020-11-18,1,0,0.99999
55000900167055,2020-11-19,1,0,0.99983037
55000900167055,2020-11-20,1,0,0.9998785
55000900167055,2020-11-21,1,0,0.99988496
55000900167055,2020-11-22,1,0,0.9998373
55000900167055,2020-11-23,1,0,0.9980021
55000900167055,2020-11-24,1,0,0.9999757
55000900167055,2020-11-25,1,0,0.9994881
55000900167055,2020-11-26,1,0,0.99980813
55000900167055,2020-11-27,1,0,0.9999845
55000900167055,2020-11-28,1,0,0.9998919
55000900167055,2020-11-29,1,0,0.99999046
55000900167055,2020-11-30,1,0,0.99999046
55000900167692,2020-09-11,1,9,0.99962974
55000900167692,2020-09-12,1,9,0.99904174
55000900167692,2020-09-13,1,9,0.9991027
55000900167692,2020-09-14,1,9,0.99885213
55000900167692,2020-09-15,1,9,0.99949014
55000900167692,2020-09-16,1,9,0.99957174
55000900167692,2020-09-17,1,9,0.999694
55000900167692,2020-09-19,1,9,0.9997482
55000900167692,2020-09-20,1,9,0.9997528
55000900167692,2020-09-21,1,9,0.99993694
55000900167692,2020-09-22,1,9,0.99997604
55000900167692,2020-09-23,1,9,0.9999602
55000900167692,2020-09-24,1,9,0.99997175
55000900167692,2020-09-25,1,9,0.9999678
55000900167692,2020-09-26,1,9,0.99998474
55000900167692,2020-09-27,1,9,0.9999877
55000900167692,2020-09-28,1,9,0.99998975
55000900167692,2020-09-29,1,9,0.99999
55000900167692,2020-09-30,1,9,0.99999034
55000900167692,2020-10-01,1,9,0.9999896
55000900167692,2020-10-02,1,9,0.99998415
55000900167692,2020-10-03,1,9,0.9999788
55000900167692,2020-10-04,1,9,0.9999654
55000900167692,2020-10-05,1,9,0.9999695
55000900167692,2020-10-10,1,9,0.9999796
55000900167692,2020-10-11,1,9,0.99998343
55000900167692,2020-10-12,1,9,0.9999795
55000900167692,2020-10-13,1,9,0.99999
55000900167692,2020-10-14,1,9,0.9999902
55000900167692,2020-10-15,1,9,0.99999034
55000900167692,2020-10-16,1,9,0.99999034
55000900167692,2020-10-17,1,9,0.9999902
55000900167692,2020-10-18,1,0,0.99998856
55000900167692,2020-10-19,1,0,0.999987
55000900167704,2020-09-11,1,9,0.9988965
55000900167704,2020-09-12,1,9,0.9981116
55000900167704,2020-09-13,1,9,0.9978694
55000900167704,2020-09-14,1,9,0.998175
55000900167704,2020-09-15,1,9,0.9983681
55000900167704,2020-09-16,1,9,0.99842924
55000900167704,2020-09-17,1,9,0.9986596
55000900167704,2020-09-18,1,9,0.9993749
55000900167704,2020-09-19,1,9,0.9994134
55000900167704,2020-09-20,1,9,0.99966073
55000900167704,2020-09-21,1,9,0.99982446
55000900167704,2020-09-22,1,9,0.99988496
55000900167704,2020-09-23,1,9,0.99975246
55000900167704,2020-09-24,1,9,0.99976426
55000900167704,2020-09-25,1,9,0.99985933
55000900167704,2020-09-26,1,9,0.9999629
55000900167704,2020-09-27,1,9,0.9999852
55000900167704,2020-09-28,1,9,0.9999888
55000900167704,2020-09-29,1,9,0.9999893
55000900167704,2020-09-30,1,9,0.99998903
55000900167704,2020-10-01,1,9,0.999985
55000900167704,2020-10-02,1,9,0.9999821
55000900167704,2020-10-03,1,9,0.9999788
55000900167704,2020-10-04,1,9,0.99997103
55000900167704,2020-10-05,1,9,0.9999703
55000900167704,2020-10-06,1,9,0.99997795
55000900167704,2020-10-07,1,9,0.99998033
55000900167704,2020-10-08,1,9,0.99997234
55000900167704,2020-10-09,1,9,0.99994314
55000900167704,2020-10-10,1,9,0.9999696
55000900167704,2020-10-11,1,9,0.99998045
55000900167704,2020-10-12,1,9,0.9999844
55000900167704,2020-10-13,1,9,0.9999889
55000900167704,2020-10-14,1,9,0.9999895
55000900167704,2020-10-15,1,9,0.9999896
55000900167704,2020-10-16,1,9,0.99998975
55000900167704,2020-10-17,1,9,0.99998987
55000900167704,2020-10-18,1,9,0.99998987
55000900167704,2020-10-19,1,9,0.9999894
55000900167704,2020-10-20,1,9,0.99998903
55000900167704,2020-10-21,1,9,0.9999895
55000900167704,2020-10-22,0,0,0.9999894
55000900167704,2020-10-23,0,0,0.99998856
55000900167704,2020-10-24,0,0,0.99998915
55000900167704,2020-10-25,1,0,0.99974614
55000900167704,2020-10-26,1,0,0.9996136
55000900167704,2020-10-27,1,0,0.99958175
55000900167704,2020-10-28,1,0,0.9999881
55000900167704,2020-10-29,0,0,0.9999845
55000900167704,2020-10-30,0,0,0.9999809
55000900167704,2020-10-31,0,0,0.9999653
55000900167704,2020-11-01,0,0,0.9764864
55000900167704,2020-11-02,0,0,0.84532195
55000900167704,2020-11-03,0,0,0.58006364
55000900167704,2020-11-04,0,0,0.20592059
55000900167704,2020-11-05,1,0,0.14648512
55000900167704,2020-11-06,1,0,0.27284116
55000900167704,2020-11-07,1,0,0.33347973
55000900167704,2020-11-08,0,0,0.8224638
55000900167704,2020-11-09,0,0,0.8591728
55000900167704,2020-11-10,1,0,0.9408639
55000900167704,2020-11-11,1,0,0.7583006
55000900167704,2020-11-12,1,0,0.7507897
55000900167704,2020-11-13,1,0,0.9934634
55000900167704,2020-11-14,1,0,0.9524626
55000900167704,2020-11-15,1,0,0.99171406
55000900167704,2020-11-16,1,0,0.99951947
55000900167704,2020-11-17,1,0,0.999845
55000900167704,2020-11-18,1,0,0.99980265
55000900167704,2020-11-19,1,0,0.9991053
55000900167704,2020-11-20,1,0,0.99959046
55000900167704,2020-11-21,1,0,0.99981123
55000900167704,2020-11-22,1,0,0.99971396
55000900167704,2020-11-23,1,0,0.9984548
55000900167704,2020-11-24,1,0,0.99753284
55000900167704,2020-11-25,1,0,0.99716526
55000900167704,2020-11-26,1,0,0.99814045
55000900167704,2020-11-27,1,0,0.99934095
55000900167704,2020-11-28,1,0,0.9997025
55000900167704,2020-11-29,1,0,0.9987884
55000900167704,2020-11-30,1,0,0.9974023
55000900167704,2020-12-01,1,0,0.9960486
55000900167704,2020-12-02,1,0,0.9961767
55000900167704,2020-12-03,1,0,0.999231
55000900167704,2020-12-04,1,0,0.9976361
55000900167704,2020-12-05,1,0,0.9971921
55000900167704,2020-12-06,1,0,0.99673694
55000900167704,2020-12-07,1,0,0.99941945
55000900167704,2020-12-08,1,0,0.9986488
55000900167704,2020-12-09,1,0,0.99906975
55000900167704,2020-12-10,1,0,0.9967776
55000900167704,2020-12-11,1,0,0.9965198
55000900167704,2020-12-12,1,0,0.9999752
55000900167704,2020-12-13,1,0,0.9999777
55000900167704,2020-12-14,1,0,0.9999794
55000900167704,2020-12-15,1,0,0.9999757
55000900167704,2020-12-16,1,0,0.9999794
55000900167704,2020-12-17,1,0,0.99993706
55000900167704,2020-12-18,1,0,0.9999722
55000900167704,2020-12-19,1,0,0.9999782
55000900167704,2020-12-20,1,0,0.9999784
55000900167704,2020-12-21,1,0,0.99996054
55000900167704,2020-12-22,1,0,0.9999783
55000900167704,2020-12-23,1,0,0.99998474
55000900167704,2020-12-24,1,0,0.9999845
55000900167704,2020-12-25,1,0,0.9999726
55000900167704,2020-12-26,1,0,0.9999579
55000900167704,2020-12-27,1,0,0.9999503
55000900167704,2020-12-28,1,0,0.99997735
55000900167704,2020-12-29,1,0,0.9999759
55000900167704,2020-12-30,1,0,0.999951
55000900167704,2020-12-31,1,0,0.99995923
55000900167704,2021-01-01,1,0,0.99996316
55000900167704,2021-01-02,1,0,0.99998236
55000900167704,2021-01-03,1,0,0.9999776
55000900167704,2021-01-04,1,0,0.9999764
55000900167704,2021-01-05,1,0,0.99997914
55000900167704,2021-01-06,1,0,0.9999808
55000900167704,2021-01-07,1,0,0.99997854
55000900167704,2021-01-08,1,0,0.9999778
55000900167704,2021-01-09,1,0,0.9999796
55000900167704,2021-01-10,1,0,0.9999777
55000900167704,2021-01-11,1,0,0.99998116
55000900167704,2021-01-12,1,0,0.9999776
55000900167704,2021-01-13,1,0,0.9999784
55000900167704,2021-01-14,1,0,0.9999777
55000900167704,2021-01-15,1,0,0.9999782
55000900167704,2021-01-16,1,0,0.99997914
55000900167704,2021-01-17,1,0,0.99998
55000900167704,2021-01-18,1,0,0.99997723
55000900167704,2021-01-19,1,0,0.99998116
55000900167704,2021-01-20,1,0,0.99998283
55000900167704,2021-01-21,1,0,0.99998105
55000900167704,2021-01-22,1,0,0.9999807
55000900167704,2021-01-23,1,0,0.99997544
55000900167704,2021-01-24,1,0,0.99997604
55000900167704,2021-01-25,1,0,0.9999745
55000900167704,2021-01-26,1,0,0.99997747
55000900167704,2021-01-27,1,0,0.99996316
55000900167704,2021-01-28,1,0,0.99997056
55000900167704,2021-01-29,1,0,0.9999436
55000900167704,2021-01-30,1,0,0.99994826
55000900167704,2021-01-31,1,0,0.9999771
55000900167704,2021-02-01,1,0,0.9999565
55000900167704,2021-02-02,1,0,0.9999565
55000900167704,2021-02-03,1,0,0.9999565
55000900167704,2021-02-04,1,0,0.9999565
55000900167704,2021-02-05,1,0,0.9999565
55000900167704,2021-02-06,1,0,0.9999565
55000900167704,2021-02-07,1,0,0.9999565
55000900167704,2021-02-08,1,0,0.9999565
55000900167704,2021-02-09,1,0,0.9999565
55000900167704,2021-02-10,1,0,0.9999565
55000900167704,2021-02-11,1,0,0.9999565
55000900167704,2021-02-12,1,0,0.9999565
55000900167704,2021-02-13,1,0,0.9999565
55000900167704,2021-02-14,1,0,0.9999565
55000900167704,2021-02-15,1,0,0.9999565
55000900167704,2021-02-16,1,0,0.9999565
55000900167704,2021-02-17,1,0,0.9999565
55000900167704,2021-02-18,1,0,0.9999565
55000900167704,2021-02-19,1,0,0.9999565
55000900167704,2021-02-20,1,0,0.9999565
55000900167704,2021-02-21,1,0,0.9999565
55000900167704,2021-02-22,1,0,0.9999565
55000900167704,2021-02-23,1,0,0.9999565
55000900167704,2021-02-24,1,0,0.9999565
55000900167704,2021-02-25,1,0,0.9999565
55000900167704,2021-02-26,1,0,0.9999565
55000900167704,2021-02-27,1,0,0.9999565
55000900167704,2021-02-28,1,0,0.9999565
55000900167704,2021-03-01,1,0,0.9999565
55000900167704,2021-03-02,1,0,0.9999565
55000900167704,2021-03-03,1,0,0.9999565
55000900167704,2021-03-04,1,0,0.9999565
55000900167704,2021-03-05,1,0,0.9999565
55000900167704,2021-03-06,1,0,0.9999565
55000900167704,2021-03-07,1,0,0.9999565
55000900167704,2021-03-08,1,0,0.9999565
55000900167704,2021-03-09,1,0,0.9999565
55000900167704,2021-03-10,1,0,0.9999565
55000900167704,2021-03-11,1,0,0.9999565
55000900167704,2021-03-12,1,0,0.9999565
55000900167704,2021-03-13,1,0,0.9999565
55000900167704,2021-03-15,1,0,0.9999565
55000900167704,2021-03-16,1,0,0.9999565
55000900167704,2021-03-17,1,0,0.9999565
55000900167704,2021-03-18,1,0,0.9999565
55000900167704,2021-03-19,1,0,0.9999565
55000900167704,2021-03-20,1,0,0.9999565
55000900167704,2021-03-21,1,0,0.9999565
55000900167704,2021-03-22,1,0,0.9999565
55000900167704,2021-03-23,1,0,0.9999565
55000900167704,2021-03-24,1,0,0.9999565
55000900167704,2021-03-25,1,0,0.9999565
55000900167704,2021-03-26,1,0,0.9999565
55000900167704,2021-03-27,1,0,0.9999565
55000900167704,2021-03-28,1,0,0.9999565
55000900167704,2021-03-29,1,0,0.9999565
55000900167704,2021-03-30,1,0,0.9999565
55000900167704,2021-03-31,1,0,0.9999565
55000900167704,2021-04-01,1,0,0.9999565
55000900167704,2021-04-02,1,0,0.9999565
55000900167704,2021-04-03,1,0,0.9999565
55000900167704,2021-04-04,1,0,0.9999565
55000900167704,2021-04-05,1,0,0.9999565
55000900167704,2021-04-06,1,0,0.9999565
55000900167704,2021-04-07,1,0,0.9999565
55000900167704,2021-04-08,1,0,0.9999565
55000900167704,2021-04-09,1,0,0.9999565
55000900167704,2021-04-10,1,0,0.9999565
55000900167704,2021-04-11,1,0,0.9999565
55000900167704,2021-04-12,1,0,0.9999565
55000900167704,2021-04-13,1,0,0.9999565
55000900167704,2021-04-14,1,0,0.9999565
55000900167704,2021-04-15,1,0,0.9999565
55000900167704,2021-04-16,1,0,0.9999565
55000900167704,2021-04-17,1,0,0.9999565
55000900167704,2021-04-18,1,0,0.9999565
55000900167704,2021-04-19,1,0,0.9999565
55000900167704,2021-04-20,1,0,0.9999565
55000900167704,2021-04-21,1,0,0.9999565
55000900167704,2021-04-22,1,0,0.9999565
55000900167704,2021-04-23,1,0,0.9999565
55000900167704,2021-04-24,1,0,0.9999565
55000900167704,2021-04-25,1,0,0.9999565
55000900167704,2021-04-26,1,0,0.9999565
55000900167704,2021-04-27,1,0,0.9999565
55000900167704,2021-04-28,1,0,0.9999565
55000900167704,2021-04-29,1,0,0.9999565
55000900167704,2021-04-30,1,0,0.9999565
55000900167704,2021-05-01,1,0,0.9999565
55000900167704,2021-05-02,1,0,0.9999565
55000900167704,2021-05-03,1,0,0.9999565
55000900167704,2021-05-04,1,0,0.9999565
55000900167704,2021-05-05,1,0,0.9999565
55000900167704,2021-05-06,1,0,0.9999565
55000900167704,2021-05-07,1,0,0.9999565
55000900167704,2021-05-08,1,0,0.9999565
55000900167704,2021-05-09,1,0,0.9999565
55000900167704,2021-05-10,1,0,0.9999565
55000900167704,2021-05-11,1,0,0.9999565
55000900167704,2021-05-12,1,0,0.9999565
55000900167704,2021-05-13,1,0,0.9999565
55000900167704,2021-05-14,1,0,0.9999565
55000900167704,2021-05-15,1,0,0.9999565
55000900167704,2021-05-16,1,0,0.9999565
55000900167704,2021-05-17,1,0,0.9999565
55000900167704,2021-05-18,1,0,0.9999565
55000900167704,2021-05-19,1,0,0.9999565
55000900167704,2021-05-20,1,0,0.9999565
55000900167704,2021-05-21,1,0,0.9999565
55000900167704,2021-05-22,1,0,0.9999565
55000900167704,2021-05-23,1,0,0.9999565
55000900167704,2021-05-24,1,0,0.9999565
55000900167704,2021-05-25,1,0,0.9999565
55000900167704,2021-05-26,1,0,0.9999565
55000900167704,2021-05-27,1,0,0.9999565
55000900167704,2021-05-28,1,0,0.9999565
55000900167704,2021-05-29,1,0,0.9999565
55000900167704,2021-05-30,1,0,0.9999565
55000900167704,2021-05-31,1,0,0.9999565
55000900167704,2021-06-01,1,0,0.9999565
55000900167704,2021-06-02,1,0,0.9999565
55000900167704,2021-06-03,1,0,0.9999565
55000900167704,2021-06-04,1,0,0.9999565
55000900167704,2021-06-05,1,0,0.9999565
55000900167704,2021-06-06,1,0,0.9999565
55000900167704,2021-06-07,1,0,0.9999565
55000900167704,2021-06-08,1,0,0.9999565
55000900167704,2021-06-09,1,0,0.9999565
55000900167704,2021-06-10,1,0,0.9999565
55000900167704,2021-06-11,1,0,0.9999565
55000900167704,2021-06-12,1,0,0.9999565
55000900167704,2021-06-13,1,0,0.9999565
55000900167704,2021-06-14,1,0,0.9999565
55000900167704,2021-06-15,1,0,0.9999565
55000900167704,2021-06-16,1,0,0.9999565
55000900167704,2021-06-17,1,0,0.9999565
55000900167704,2021-06-18,1,0,0.9999565
55000900167704,2021-06-19,1,0,0.9999565
55000900167704,2021-06-20,1,0,0.9999565
55000900167704,2021-06-21,1,0,0.9999565
55000900167704,2021-06-22,1,0,0.9999565
55000900167704,2021-06-23,1,0,0.9999565
55000900167704,2021-06-24,1,0,0.9999565
55000900167704,2021-06-25,1,0,0.9999565
55000900167704,2021-06-26,1,0,0.9999565
55000900167704,2021-06-27,1,0,0.9999565
55000900167704,2021-06-28,1,0,0.9999565
55000900167704,2021-06-29,1,0,0.9999565
55000900167704,2021-06-30,1,0,0.9999565
55000900167704,2021-07-01,1,0,0.9999565
55000900167704,2021-07-02,1,0,0.9999565
55000900167704,2021-07-03,1,0,0.9999565
55000900167704,2021-07-04,1,0,0.9999565
55000900167704,2021-07-05,1,0,0.9999565
55000900167704,2021-07-06,1,0,0.9999565
55000900167704,2021-07-07,1,0,0.9999565
55000900167704,2021-07-08,1,0,0.9999565
55000900167704,2021-07-09,0,0,0.9999565
55000900167704,2021-07-10,0,0,0.9999565
55000900167704,2021-07-11,0,0,0.9999565
55000900167704,2021-07-12,0,0,0.99979943
55000900167704,2021-07-13,0,0,0.9984971
55000900167704,2021-07-14,0,0,0.99336135
55000900167704,2021-07-15,0,0,0.9958358
55000900167704,2021-07-16,0,0,0.9959312
55000900167704,2021-07-17,0,0,0.9962573
55000900167704,2021-07-18,0,0,0.9962121
55000900167704,2021-07-19,0,0,0.9962842
55000900167704,2021-07-20,0,0,0.9962941
55000900167704,2021-07-21,0,0,0.9963354
55000900167704,2021-07-22,0,0,0.9963516
55000900167704,2021-07-23,0,0,0.9963865
55000900167704,2021-07-24,0,0,0.99641174
55000900167704,2021-07-25,0,0,0.996615
55000900167704,2021-07-26,0,0,0.9976599
55000900167704,2021-07-27,0,0,0.9975841
55000900167704,2021-07-28,0,0,0.99749833
55000900167704,2021-07-29,0,0,0.99741757
55000900167704,2021-07-30,0,0,0.99733424
55000900167704,2021-07-31,0,0,0.99722445
55000900167704,2021-08-01,0,0,0.997081
55000900167704,2021-08-02,0,0,0.99690044
55000900167704,2021-08-03,0,0,0.9966815
55000900167704,2021-08-04,0,0,0.9964198
55000900167704,2021-08-05,0,0,0.99609274
55000900167704,2021-08-06,0,0,0.99565977
55000900167704,2021-08-07,0,0,0.9949443
55000900167704,2021-08-08,0,0,0.9923395
55000900167704,2021-08-09,0,0,0.97217065
55000900167704,2021-08-10,0,0,0.9298304
55000900167704,2021-08-11,0,0,0.9298304
55000900167704,2021-08-12,0,0,0.9298304
55000900167704,2021-08-13,0,0,0.9298304
55000900167704,2021-08-14,0,0,0.9298304
55000900167704,2021-08-15,0,0,0.9298304
55000900167704,2021-08-16,0,0,0.9298304
55000900167704,2021-08-17,0,0,0.9298304
55000900167704,2021-08-18,0,0,0.9298304
55000900167704,2021-08-20,0,0,0.9298304
55000900167704,2021-08-21,0,0,0.9298304
55000900167704,2021-08-22,0,0,0.9298304
55000900167704,2021-08-23,0,0,0.9298304
55000900167704,2021-08-24,0,0,0.9298304
55000900167704,2021-08-25,0,0,0.9298304
55000900167704,2021-08-26,0,0,0.9298304
55000900167704,2021-08-27,0,0,0.9298304
55000900167704,2021-08-28,0,0,0.9298304
55000900167704,2021-08-29,0,0,0.9298304
55000900167704,2021-08-30,0,0,0.9298304
55000900167704,2021-08-31,0,0,0.9298304
55000900167704,2021-09-01,0,0,0.9298304
55000900167704,2021-09-02,0,0,0.9298304
55000900167704,2021-09-03,0,0,0.9298304
55000900167704,2021-09-04,0,0,0.9298304
55000900167704,2021-09-05,0,0,0.9298304
55000900167704,2021-09-06,0,0,0.9298304
55000900167704,2021-09-07,0,0,0.9298304
55000900167704,2021-09-08,0,0,0.9298304
55000900167704,2021-09-09,0,0,0.9298304
55000900167704,2021-09-10,0,0,0.9298304
55000900167704,2021-09-11,0,0,0.9298304
55000900167704,2021-09-12,0,0,0.9298304
55000900167704,2021-09-13,0,0,0.9298304
55000900167704,2021-09-14,0,0,0.9298304
55000900167704,2021-09-15,0,0,0.9298304
55000900167704,2021-09-16,0,0,0.9298304
55000900167704,2021-09-17,0,0,0.9298304
55000900167704,2021-09-18,1,0,0.9298304
55000900167704,2021-09-19,1,0,0.9298304
55000900167704,2021-09-20,0,0,0.9298304
55000900167704,2021-09-21,0,0,0.991744
55000900167704,2021-09-22,0,0,0.99835664
55000900167704,2021-09-23,0,0,0.96166724
55000900167704,2021-09-24,0,0,0.9288456
55000900167704,2021-09-25,0,0,0.9272429
55000900167704,2021-09-26,0,0,0.93332446
55000900167704,2021-09-27,1,0,0.9326239
55000900167704,2021-09-28,1,0,0.93264633
55000900167704,2021-09-29,0,0,0.93257993
55000900167704,2021-09-30,0,0,0.9924332
55000900167704,2021-10-01,0,0,0.997115
55000900167704,2021-10-02,0,0,0.95987064
55000900167704,2021-10-03,0,0,0.92222345
55000900167704,2021-10-04,0,0,0.9254007
55000900167704,2021-10-05,0,0,0.93288094
55000900167704,2021-10-06,0,0,0.9323636
55000900167704,2021-10-07,0,0,0.932112
55000900167704,2021-10-08,0,0,0.93214244
55000900167704,2021-10-09,0,0,0.9320589
55000900167704,2021-10-10,0,0,0.9319864
55000900167704,2021-10-11,0,0,0.9319812
55000900167704,2021-10-12,0,0,0.9320249
55000900167704,2021-10-13,0,0,0.9320895
55000900167704,2021-10-14,0,0,0.9322193
55000900167704,2021-10-15,0,0,0.9323936
55000900167704,2021-10-16,0,0,0.9326567
55000900167704,2021-10-17,0,0,0.93312687
55000900167704,2021-10-18,0,0,0.9345736
55000900167704,2021-10-19,0,0,0.94421613
55000900167704,2021-10-21,0,0,0.9934947
55000900167704,2021-10-22,1,0,0.97619075
55000900167704,2021-10-23,1,0,0.9317461
55000900167704,2021-10-24,1,0,0.93193513
55000900167704,2021-10-25,1,0,0.99234337
55000900167704,2021-10-26,1,0,0.9984621
55000900167704,2021-10-27,1,0,0.99851876
55000900167704,2021-10-28,1,0,0.9988393
55000900167704,2021-10-29,1,0,0.9995123
55000900167704,2021-10-30,1,0,0.9999651
55000900167704,2021-10-31,1,0,0.9999281
55000900167704,2021-11-01,1,0,0.9988399
55000900167704,2021-11-02,1,0,0.99882895
55000900167704,2021-11-03,1,0,0.9988133
55000900167704,2021-11-04,1,0,0.9987955
55000900167704,2021-11-05,1,0,0.99877614
55000900167704,2021-11-06,1,0,0.9987551
55000900167704,2021-11-07,1,0,0.9987311
55000900167704,2021-11-08,1,0,0.998703
55000900167704,2021-11-09,1,0,0.99866843
55000900167704,2021-11-10,1,0,0.9986255
55000900167704,2021-11-11,1,0,0.9985703
55000900167704,2021-11-12,1,0,0.9985002
55000900167704,2021-11-13,1,0,0.9984168
55000900167704,2021-11-14,1,0,0.9983279
55000900167704,2021-11-15,1,0,0.9982408
55000900167704,2021-11-16,1,0,0.998159
55000900167704,2021-11-17,1,0,0.998083
55000900167704,2021-11-18,1,0,0.9980202
55000900167704,2021-11-19,1,0,0.9979804
55000900167704,2021-11-20,1,0,0.9979886
55000900167704,2021-11-21,1,0,0.9983644
55000900167704,2021-11-22,1,0,0.999315
55000900167704,2021-11-23,1,0,0.9999565
55000900167704,2021-11-24,1,0,0.9999565
55000900167704,2021-11-25,1,0,0.9999565
55000900167704,2021-11-26,1,0,0.9999565
55000900167704,2021-11-27,1,0,0.9999565
55000900167704,2021-11-28,1,0,0.9999565
55000900167704,2021-11-29,1,0,0.9999565
55000900167704,2021-11-30,1,0,0.9999565
55000900167704,2021-12-01,1,0,0.9999565
55000900167704,2021-12-02,1,0,0.9999565
55000900167704,2021-12-03,1,0,0.9999565
55000900167704,2021-12-04,1,0,0.9999565
55000900167704,2021-12-05,1,0,0.9999565
55000900167704,2021-12-06,1,0,0.9999565
55000900167704,2021-12-07,1,0,0.9999565
55000900167704,2021-12-08,1,0,0.9999565
55000900167704,2021-12-09,1,0,0.9999565
55000900167704,2021-12-10,1,0,0.9999565
55000900167704,2021-12-11,1,0,0.9999565
55000900167704,2021-12-12,1,0,0.9999565
55000900167704,2021-12-13,1,0,0.9999565
55000900167704,2021-12-14,1,0,0.9999565
55000900167704,2021-12-15,1,0,0.9999565
55000900167704,2021-12-16,1,0,0.9999565
55000900167704,2021-12-17,1,0,0.9999565
55000900167704,2021-12-18,1,0,0.9999565
55000900167704,2021-12-19,1,0,0.9999565
55000900167704,2021-12-20,1,0,0.9999565
55000900167704,2021-12-21,1,0,0.9999565
55000900167704,2021-12-22,1,0,0.9999565
55000900167704,2021-12-23,1,0,0.9999565
55000900167704,2021-12-24,1,0,0.9999565
55000900167704,2021-12-25,1,0,0.9999565
55000900167704,2021-12-26,1,0,0.9999565
55000900167704,2021-12-27,1,0,0.9999565
55000900167704,2021-12-28,1,0,0.9999565
55000900167704,2021-12-29,1,0,0.9999565
55000900167704,2021-12-30,1,0,0.9999565
55000900167704,2021-12-31,1,0,0.9999565
55000900167704,2022-01-01,1,0,0.9999565
55000900167704,2022-01-02,1,0,0.9999565
55000900167704,2022-01-03,1,0,0.9999565
55000900167704,2022-01-04,1,0,0.9999565
55000900167704,2022-01-05,1,0,0.9999565
55000900167704,2022-01-06,1,0,0.9999565
55000900167704,2022-01-07,1,0,0.9999565
55000900167704,2022-01-08,1,0,0.9999565
55000900167704,2022-01-09,1,0,0.9999565
55000900167704,2022-01-10,1,0,0.9999565
55000900167704,2022-01-11,1,0,0.9999565
55000900167704,2022-01-12,1,0,0.9999565
55000900167704,2022-01-13,1,0,0.9999565
55000900167704,2022-01-14,1,0,0.9999565
55000900167704,2022-01-15,1,0,0.9999565
55000900167704,2022-01-16,1,0,0.9999565
55000900167704,2022-01-17,1,0,0.9999565
55000900167704,2022-01-18,1,0,0.9999565
55000900167704,2022-01-19,1,0,0.9999565
55000900167704,2022-01-20,1,0,0.9999565
55000900167704,2022-01-21,1,0,0.9999565
55000900167704,2022-01-22,1,0,0.9999565
55000900167704,2022-01-23,1,0,0.9999565
55000900167704,2022-01-24,1,0,0.9999565
55000900167704,2022-01-25,1,0,0.9999565
55000900167704,2022-01-26,1,0,0.9999565
55000900167704,2022-01-27,1,0,0.9999565
55000900167704,2022-01-28,1,0,0.9999565
55000900167704,2022-01-29,1,0,0.9999565
55000900167704,2022-01-30,1,0,0.9999565
55000900167704,2022-01-31,1,0,0.9999565
55000900167704,2022-02-01,1,0,0.9999565
55000900167704,2022-02-02,1,0,0.9999565
55000900167704,2022-02-03,1,0,0.9999565
55000900167704,2022-02-04,1,0,0.9999565
55000900167704,2022-02-05,1,0,0.9999565
55000900167704,2022-02-06,1,0,0.9999565
55000900167704,2022-02-07,1,0,0.9999565
55000900167704,2022-02-08,1,0,0.9999565
55000900167704,2022-02-09,1,0,0.9999565
55000900167704,2022-02-10,1,0,0.9999565
55000900167704,2022-02-11,1,0,0.9999565
55000900167704,2022-02-12,1,0,0.9999565
55000900167704,2022-02-13,1,0,0.9999565
55000900167704,2022-02-14,1,0,0.9999565
55000900167704,2022-02-15,1,0,0.9999565
55000900167704,2022-02-16,1,0,0.9999565
55000900167704,2022-02-17,1,0,0.9999565
55000900167704,2022-02-18,1,0,0.9999565
55000900167704,2022-02-19,1,0,0.9999565
55000900167704,2022-02-20,1,0,0.9999565
55000900167704,2022-02-21,1,0,0.9999565
55000900167704,2022-02-22,1,0,0.9999565
55000900167704,2022-02-23,1,0,0.9999565
55000900167704,2022-02-24,1,0,0.9999565
55000900167704,2022-02-25,1,0,0.9999565
55000900167704,2022-02-26,1,0,0.9999565
55000900167704,2022-02-27,1,0,0.9999565
55000900167704,2022-02-28,1,0,0.9999565
55000900167704,2022-03-01,1,0,0.9999565
55000900167704,2022-03-02,1,0,0.9999565
55000900167704,2022-03-03,1,0,0.9999565
55000900167704,2022-03-04,1,0,0.9999565
55000900167704,2022-03-05,1,0,0.9999565
55000900167704,2022-03-06,1,0,0.9999565
55000900167704,2022-03-07,1,0,0.9999565
55000900167704,2022-03-08,1,0,0.9999565
55000900167704,2022-03-09,1,0,0.9999565
55000900167704,2022-03-10,1,0,0.9999565
55000900167704,2022-03-11,1,0,0.9999565
55000900167704,2022-03-12,1,0,0.9999565
55000900167704,2022-03-14,1,0,0.9999565
55000900167704,2022-03-15,1,0,0.9999565
55000900167704,2022-03-16,1,0,0.9999565
55000900167704,2022-03-17,1,0,0.9999565
55000900167704,2022-03-18,1,0,0.9999565
55000900167704,2022-03-19,1,0,0.9999565
55000900167704,2022-03-20,1,0,0.9999565
55000900167704,2022-03-21,1,0,0.9999565
55000900167704,2022-03-22,1,0,0.9999565
55000900167704,2022-03-23,1,0,0.9999565
55000900167704,2022-03-24,1,0,0.9999565
55000900167704,2022-03-25,1,0,0.9999565
55000900167704,2022-03-26,1,0,0.9999565
55000900167704,2022-03-27,1,0,0.9999565
55000900167704,2022-03-28,1,0,0.9999565
55000900167704,2022-03-29,1,0,0.9999565
55000900167704,2022-03-30,1,0,0.9999565
55000900167704,2022-03-31,1,0,0.9999565
55000900167704,2022-04-01,1,0,0.9999565
55000900167704,2022-04-02,1,0,0.9999565
55000900167704,2022-04-03,1,0,0.9999565
55000900167704,2022-04-04,1,0,0.9999565
55000900167704,2022-04-05,1,0,0.9999565
55000900167704,2022-04-06,1,0,0.9999565
55000900167704,2022-04-07,1,0,0.9999565
55000900167704,2022-04-08,1,0,0.9999565
55000900167704,2022-04-09,1,0,0.9999565
55000900167704,2022-04-10,1,0,0.9999565
55000900167704,2022-04-11,1,0,0.9999565
55000900167704,2022-04-12,1,0,0.9999565
55000900167704,2022-04-13,1,0,0.9999565
55000900167704,2022-04-14,1,0,0.9999565
55000900167704,2022-04-15,1,0,0.9999565
55000900167704,2022-04-16,1,0,0.9999565
55000900167704,2022-04-17,1,0,0.9999565
55000900167704,2022-04-18,1,0,0.9999565
55000900167704,2022-04-19,1,0,0.9999565
55000900167704,2022-04-20,1,0,0.9999565
55000900167704,2022-04-21,1,0,0.9999565
55000900167704,2022-04-22,1,0,0.9999565
55000900167704,2022-04-23,1,0,0.9999565
55000900167704,2022-04-24,1,0,0.9999565
55000900167704,2022-04-25,1,0,0.9999565
55000900167704,2022-04-26,1,0,0.9999565
55000900167704,2022-04-27,1,0,0.9999565
55000900167704,2022-04-28,1,0,0.9999565
55000900167704,2022-04-29,1,0,0.9999565
55000900167704,2022-04-30,1,0,0.9999565
55000900167704,2022-05-01,1,0,0.9999565
55000900167704,2022-05-02,1,0,0.9999565
55000900167704,2022-05-03,1,0,0.9999565
55000900167704,2022-05-04,1,0,0.9999565
55000900167704,2022-05-05,1,0,0.9999565
55000900167704,2022-05-06,1,0,0.9999565
55000900167704,2022-05-07,1,0,0.9999565
55000900167704,2022-05-08,1,0,0.9999565
55000900167704,2022-05-09,1,0,0.9999565
55000900167704,2022-05-10,1,0,0.9999565
55000900167704,2022-05-11,1,0,0.9999565
55000900167704,2022-05-12,1,0,0.9999565
55000900167704,2022-05-13,1,0,0.9999565
55000900167704,2022-05-14,1,0,0.9999565
55000900167704,2022-05-15,1,0,0.9999565
55000900167704,2022-05-16,1,0,0.9999565
55000900167704,2022-05-17,1,0,0.9999565
55000900167704,2022-05-18,1,0,0.9999565
55000900167704,2022-05-19,1,0,0.9999565
55000900167704,2022-05-20,1,0,0.9999565
55000900167704,2022-05-21,1,0,0.9999565
55000900167704,2022-05-22,1,0,0.9999565
55000900167704,2022-05-23,1,0,0.9999565
55000900167704,2022-05-24,1,0,0.9999565
55000900167704,2022-05-25,1,0,0.9999565
55000900167704,2022-05-26,1,0,0.9999565
55000900167704,2022-05-27,1,0,0.9999565
55000900167704,2022-05-28,1,0,0.9999565
55000900167704,2022-05-29,1,0,0.9999565
55000900167704,2022-05-30,1,0,0.9999565
55000900167704,2022-05-31,1,0,0.9999565
55000900167704,2022-06-01,1,0,0.9999565
55000900167704,2022-06-02,1,0,0.9999565
55000900167704,2022-06-03,1,0,0.9999565
55000900167704,2022-06-04,1,0,0.9999565
55000900167704,2022-06-05,1,0,0.9999565
55000900167704,2022-06-06,1,0,0.9999565
55000900167704,2022-06-07,1,0,0.9999565
55000900167704,2022-06-08,1,0,0.9999565
55000900167704,2022-06-09,1,0,0.9999565
55000900167704,2022-06-10,1,0,0.9999565
55000900167704,2022-06-11,1,0,0.9999565
55000900167704,2022-06-12,1,0,0.9999565
55000900167704,2022-06-13,1,0,0.9999565
55000900167704,2022-06-14,1,0,0.9999565
55000900167704,2022-06-15,1,0,0.9999565
55000900167704,2022-06-16,1,0,0.9999565
55000900167704,2022-06-17,1,0,0.9999565
55000900167704,2022-06-18,1,0,0.9999565
55000900167704,2022-06-19,1,0,0.9999565
55000900167704,2022-06-20,1,0,0.9999565
55000900167704,2022-06-21,1,0,0.9999565
55000900167704,2022-06-22,1,0,0.9999565
55000900167704,2022-06-23,1,0,0.9999565
55000900167704,2022-06-24,1,0,0.9999565
55000900167704,2022-06-25,1,0,0.9999565
55000900167704,2022-06-26,1,0,0.9999565
55000900167704,2022-06-27,1,0,0.9999565
55000900167704,2022-06-28,1,0,0.9999565
55000900167704,2022-06-29,1,0,0.9999565
55000900167704,2022-06-30,1,0,0.9999565
55000900167704,2022-07-01,1,0,0.9999565
55000900167704,2022-07-02,1,0,0.9999565
55000900167704,2022-07-03,1,0,0.9999565
55000900167704,2022-07-04,1,0,0.9999565
55000900167704,2022-07-05,1,0,0.9999565
55000900167704,2022-07-06,1,0,0.9999565
55000900167704,2022-07-07,1,0,0.9999565
55000900167704,2022-07-08,1,0,0.9999565
55000900167704,2022-07-09,1,0,0.9999565
55000900167704,2022-07-10,1,0,0.9999565
55000900167704,2022-07-11,1,0,0.9999565
55000900167704,2022-07-12,1,0,0.9999565
55000900167704,2022-07-13,1,0,0.9999565
55000900167704,2022-07-14,1,0,0.9999565
55000900167704,2022-07-15,1,0,0.9999565
55000900167704,2022-07-16,1,0,0.9999565
55000900167704,2022-07-17,1,0,0.9999565
55000900167704,2022-07-18,1,0,0.9999565
55000900167704,2022-07-19,1,0,0.9999565
55000900167704,2022-07-20,1,0,0.9999565
55000900167704,2022-07-21,1,0,0.9999565
55000900167704,2022-07-22,1,0,0.9999565
55000900167704,2022-07-23,1,0,0.9999565
55000900167704,2022-07-24,1,0,0.9999565
55000900167704,2022-07-25,1,0,0.9999565
55000900167704,2022-07-26,1,0,0.9999565
55000900167704,2022-07-27,1,0,0.9999565
55000900167704,2022-07-28,1,0,0.9999565
55000900167704,2022-07-29,1,0,0.9999565
55000900167704,2022-07-30,1,0,0.9999565
55000900167704,2022-07-31,1,0,0.9999565
55000900167704,2022-08-01,1,0,0.9999565
55000900167704,2022-08-02,1,0,0.9999565
55000900167704,2022-08-03,1,0,0.9999565
55000900167704,2022-08-04,1,0,0.9999565
55000900167704,2022-08-05,1,0,0.9999565
55000900167704,2022-08-06,1,0,0.9999565
55000900167704,2022-08-07,1,0,0.9999565
55000900167704,2022-08-08,1,0,0.9999565
55000900167704,2022-08-09,1,0,0.9999565
55000900167704,2022-08-10,1,0,0.9999565
55000900167704,2022-08-11,1,0,0.9999565
55000900167704,2022-08-12,1,0,0.9999565
55000900167704,2022-08-13,1,0,0.9999565
55000900167704,2022-08-14,1,0,0.9999565
55000900167704,2022-08-15,1,0,0.9999565
55000900167704,2022-08-16,1,0,0.9999565
55000900167704,2022-08-17,1,0,0.9999565
55000900167704,2022-08-18,1,0,0.9999565
55000900167704,2022-08-19,1,0,0.9999565
55000900167704,2022-08-20,1,0,0.9999565
55000900167704,2022-08-21,1,0,0.9999565
55000900167704,2022-08-22,1,0,0.9999565
55000900167704,2022-08-23,1,0,0.9999565
55000900167704,2022-08-24,1,0,0.9999565
55000900167704,2022-08-25,1,0,0.9999565
55000900167704,2022-08-26,1,0,0.9999565
55000900167704,2022-08-27,1,0,0.9999565
55000900167704,2022-08-28,1,0,0.9999565
55000900167704,2022-08-29,1,0,0.9999565
55000900167704,2022-08-30,1,0,0.9999565
55000900167704,2022-08-31,1,0,0.9999565
55000900167704,2022-09-01,1,0,0.9999565
55000900167704,2022-09-02,1,0,0.9999565
55000900167704,2022-09-03,1,0,0.9999565
55000900167704,2022-09-04,1,0,0.9999565
55000900167704,2022-09-05,0,0,0.9999565
55000900167704,2022-09-06,0,0,0.9999565
55000900167704,2022-09-07,0,0,0.9999565
55000900167704,2022-09-08,0,0,0.99979943
55000900167704,2022-09-09,0,0,0.9984971
55000900167704,2022-09-10,0,0,0.99336135
55000900167704,2022-09-11,0,0,0.9958358
55000900167704,2022-09-12,0,0,0.9959312
55000900167704,2022-09-13,0,0,0.9962573
55000900167704,2022-09-14,0,0,0.9962121
55000900167704,2022-09-15,0,0,0.9962842
55000900167704,2022-09-16,0,0,0.9962941
55000900167704,2022-09-17,0,0,0.9963354
55000900167704,2022-09-18,0,0,0.9963516
55000900167704,2022-09-19,0,0,0.9963865
55000900167704,2022-09-20,0,0,0.99641174
55000900167704,2022-09-21,0,0,0.996615
55000900167704,2022-09-22,0,0,0.9976599
55000900167704,2022-09-23,0,0,0.9975841
55000900167704,2022-09-24,0,0,0.99749833
55000900167704,2022-09-25,0,0,0.99741757
55000900167704,2022-09-26,0,0,0.99733424
55000900167704,2022-09-27,0,0,0.99722445
55000900167704,2022-09-28,0,0,0.997081
55000900167704,2022-09-29,0,0,0.99690044
55000900167704,2022-09-30,0,0,0.9966815
55000900167704,2022-10-01,0,0,0.9964198
55000900167704,2022-10-02,0,0,0.99609274
55000900167704,2022-10-03,0,0,0.99565977
55000900167704,2022-10-04,0,0,0.9949443
55000900167704,2022-10-05,0,0,0.9923395
55000900167704,2022-10-06,0,0,0.97217065
55000900167704,2022-10-07,0,0,0.9298304
55000900167704,2022-10-08,0,0,0.9298304
55000900167704,2022-10-09,0,0,0.9298304
55000900167704,2022-10-10,0,0,0.9298304
55000900167704,2022-10-11,0,0,0.9298304
55000900167704,2022-10-12,0,0,0.9298304
55000900167704,2022-10-13,0,0,0.9298304
55000900167704,2022-10-14,0,0,0.9298304
55000900167704,2022-10-15,0,0,0.9298304
55000900167704,2022-10-16,0,0,0.9298304
55000900167704,2022-10-17,0,0,0.9298304
55000900167704,2022-10-18,0,0,0.9298304
55000900167704,2022-10-19,0,0,0.9298304
55000900167704,2022-10-20,0,0,0.9298304
55000900167704,2022-10-21,0,0,0.9298304
55000900167704,2022-10-22,1,0,0.9298304
55000900167704,2022-10-23,0,0,0.9298304
55000900167704,2022-10-24,1,0,0.9298304
55000900167704,2022-10-25,1,0,0.991744
55000900167704,2022-10-26,1,0,0.95899165
55000900167704,2022-10-27,0,0,0.99429435
55000900167704,2022-10-28,0,0,0.9980611
55000900167704,2022-10-29,0,0,0.9980716
55000900167704,2022-10-30,0,0,0.9832224
55000900167704,2022-10-31,0,0,0.96648693
55000900167704,2022-11-01,1,0,0.94507694
55000900167704,2022-11-02,0,0,0.9272267
55000900167704,2022-11-03,0,0,0.93130875
55000900167704,2022-11-04,1,0,0.99259174
55000900167704,2022-11-05,1,0,0.966233
55000900167704,2022-11-06,1,0,0.930577
55000900167704,2022-11-07,1,0,0.99356645
55000900167704,2022-11-08,1,0,0.9971349
55000900167704,2022-11-09,1,0,0.99810237
55000900167704,2022-11-10,1,0,0.9986374
55000900167704,2022-11-11,1,0,0.9988171
55000900167704,2022-11-12,1,0,0.99886876
55000900167704,2022-11-13,1,0,0.9988777
55000900167704,2022-11-14,1,0,0.99887234
55000900167704,2022-11-15,1,0,0.99886084
55000900167704,2022-11-16,1,0,0.99884665
55000900167704,2022-11-17,1,0,0.9988304
55000900167704,2022-11-18,1,0,0.99881446
55000900167704,2022-11-19,1,0,0.9988035
55000900167704,2022-11-20,1,0,0.9988217
55000900167704,2022-11-21,1,0,0.99905366
55000900167704,2022-11-22,1,0,0.99985933
55000900167704,2022-11-23,1,0,0.9999701
55000900167704,2022-11-24,1,0,0.99984133
55000900167704,2022-11-25,1,0,0.99996984
55000900167704,2022-11-26,1,0,0.9999676
55000900167704,2022-11-27,1,0,0.99994123
55000900167704,2022-11-28,1,0,0.9984072
55000900167704,2022-11-29,1,0,0.99827325
55000900167704,2022-11-30,1,0,0.998198
55000900167704,2022-12-01,1,0,0.9985044
55000900167704,2022-12-02,1,0,0.99951553
55000900167704,2022-12-03,1,0,0.99996316
55000900167704,2022-12-04,1,0,0.9983644
55000900167704,2022-12-05,1,0,0.999315
55000900167704,2022-12-06,1,0,0.9999565
55000900167704,2022-12-07,1,0,0.9999565
55000900167704,2022-12-08,1,0,0.9999565
55000900167704,2022-12-09,1,0,0.9999565
55000900167704,2022-12-10,1,0,0.9999565
55000900167704,2022-12-11,1,0,0.9999565
55000900167704,2022-12-12,1,0,0.9999565
55000900167704,2022-12-13,1,0,0.9999565
55000900167704,2022-12-14,1,0,0.9999565
55000900167704,2022-12-15,1,0,0.9999565
55000900167704,2022-12-16,1,0,0.9999565
55000900167704,2022-12-17,1,0,0.9999565
55000900167704,2022-12-18,1,0,0.9999565
55000900167704,2022-12-19,1,0,0.9999565
55000900167704,2022-12-20,1,0,0.9999565
55000900167704,2022-12-21,1,0,0.9999565
55000900167704,2022-12-22,1,0,0.9999565
55000900167704,2022-12-23,1,0,0.9999565
55000900167704,2022-12-24,1,0,0.9999565
55000900167704,2022-12-25,1,0,0.9999565
55000900167704,2022-12-26,1,0,0.9999565
55000900167704,2022-12-27,1,0,0.9999565
55000900167704,2022-12-28,1,0,0.9999565
55000900167704,2022-12-29,1,0,0.9999565
55000900167704,2022-12-30,1,0,0.9999565
55000900167704,2022-12-31,1,0,0.9999565
55000900167704,2023-01-01,1,0,0.9999565
55000900167704,2023-01-02,1,0,0.9999565
55000900167704,2023-01-03,1,0,0.9999565
55000900167704,2023-01-04,1,0,0.9999565
55000900167704,2023-01-05,1,0,0.9999565
55000900167704,2023-01-06,1,0,0.9999565
55000900167704,2023-01-07,1,0,0.9999565
55000900167704,2023-01-08,1,0,0.9999565
55000900167704,2023-01-09,1,0,0.9999565
55000900167704,2023-01-10,1,0,0.9999565
55000900167704,2023-01-11,1,0,0.9999565
55000900167704,2023-01-12,1,0,0.9999565
55000900167704,2023-01-13,1,0,0.9999565
55000900167704,2023-01-14,1,0,0.9999565
55000900167704,2023-01-15,1,0,0.9999565
55000900167704,2023-01-16,1,0,0.9999565
55000900167704,2023-01-17,1,0,0.9999565
55000900167704,2023-01-18,1,0,0.9999565
55000900167704,2023-01-19,1,0,0.9999565
55000900167704,2023-01-20,1,0,0.9999565
55000900167704,2023-01-21,1,0,0.9999565
55000900167704,2023-01-22,1,0,0.9999565
55000900167704,2023-01-23,1,0,0.9999565
55000900167704,2023-01-24,1,0,0.9999565
55000900167704,2023-01-25,1,0,0.9999565
55000900167704,2023-01-26,1,0,0.9999565
55000900167704,2023-01-27,1,0,0.9999565
55000900167704,2023-01-28,1,0,0.9999565
55000900167704,2023-01-29,1,0,0.9999565
55000900167704,2023-01-30,1,0,0.9999565
55000900167704,2023-01-31,1,0,0.9999565
55000900167704,2023-02-01,1,0,0.9999565
55000900167704,2023-02-02,1,0,0.9999565
55000900167704,2023-02-03,1,0,0.9999565
55000900167704,2023-02-04,1,0,0.9999565
55000900167704,2023-02-05,1,0,0.9999565
55000900167704,2023-02-06,1,0,0.9999565
55000900167704,2023-02-07,1,0,0.9999565
55000900167704,2023-02-08,1,0,0.9999565
55000900167704,2023-02-09,1,0,0.9999565
55000900167704,2023-02-10,1,0,0.9999565
55000900167704,2023-02-11,1,0,0.9999565
55000900167704,2023-02-12,1,0,0.9999565
55000900167704,2023-02-13,1,0,0.9999565
55000900167704,2023-02-14,1,0,0.9999565
55000900167704,2023-02-15,1,0,0.9999565
55000900167704,2023-02-16,1,0,0.9999565
55000900167704,2023-02-17,1,0,0.9999565
55000900167704,2023-02-18,1,0,0.9999565
55000900167704,2023-02-19,1,0,0.9999565
55000900167704,2023-02-20,1,0,0.9999565
55000900167704,2023-02-21,1,0,0.9999565
55000900167704,2023-02-22,1,0,0.9999565
55000900167704,2023-02-23,1,0,0.9999565
55000900167704,2023-02-24,1,0,0.9999565
55000900167704,2023-02-25,1,0,0.9999565
55000900167704,2023-02-26,1,0,0.9999565
55000900167704,2023-02-27,1,0,0.9999565
55000900167704,2023-02-28,1,0,0.9999565
55000900167704,2023-03-01,1,0,0.9999565
55000900167704,2023-03-02,1,0,0.9999565
55000900167704,2023-03-03,1,0,0.9999565
55000900167704,2023-03-04,1,0,0.9999565
55000900167704,2023-03-05,1,0,0.9999565
55000900167704,2023-03-06,1,0,0.9999565
55000900167704,2023-03-07,1,0,0.9999565
55000900167704,2023-03-08,1,0,0.9999565
55000900167704,2023-03-09,1,0,0.9999565
55000900167704,2023-03-10,1,0,0.9999565
55000900167704,2023-03-11,1,0,0.9999565
55000900167704,2023-03-13,1,0,0.9999565
55000900167704,2023-03-14,1,0,0.9999565
55000900167704,2023-03-15,1,0,0.9999565
55000900167704,2023-03-16,1,0,0.9999565
55000900167704,2023-03-17,1,0,0.9999565
55000900167704,2023-03-18,1,0,0.9999565
55000900167704,2023-03-19,1,0,0.9999565
55000900167704,2023-03-20,1,0,0.9999565
55000900167704,2023-03-21,1,0,0.9999565
55000900167704,2023-03-22,1,0,0.9999565
55000900167704,2023-03-23,1,0,0.9999565
55000900167704,2023-03-24,1,0,0.9999565
55000900167704,2023-03-25,1,0,0.9999565
55000900167704,2023-03-26,1,0,0.9999565
55000900167704,2023-03-27,1,0,0.9999565
55000900167704,2023-03-28,1,0,0.9999565
55000900167704,2023-03-29,1,0,0.9999565
55000900167704,2023-03-30,1,0,0.9999565
55000900167704,2023-03-31,1,0,0.9999565
55000900167704,2023-04-01,1,0,0.9999565
55000900167704,2023-04-02,1,0,0.9999565
55000900167704,2023-04-03,1,0,0.9999565
55000900167704,2023-04-04,1,0,0.9999565
55000900167704,2023-04-05,1,0,0.9999565
55000900167704,2023-04-06,1,0,0.9999565
55000900167704,2023-04-07,1,0,0.9999565
55000900167704,2023-04-08,1,0,0.9999565
55000900167704,2023-04-09,1,0,0.9999565
55000900167704,2023-04-10,1,0,0.9999565
55000900167704,2023-04-11,1,0,0.9999565
55000900167704,2023-04-12,1,0,0.9999565
55000900167704,2023-04-13,1,0,0.9999565
55000900167704,2023-04-14,1,0,0.9999565
55000900167704,2023-04-15,1,0,0.9999565
55000900167704,2023-04-16,1,0,0.9999565
55000900167704,2023-04-17,1,0,0.9999565
55000900167704,2023-04-18,1,0,0.9999565
55000900167704,2023-04-19,1,0,0.9999565
55000900167704,2023-04-20,1,0,0.9999565
55000900200040,2020-09-11,1,0,0.9998715
55000900200040,2020-09-12,1,0,0.9998443
55000900200040,2020-09-13,1,0,0.9999255
55000900200040,2020-09-14,1,0,0.9999467
55000900200040,2020-09-15,1,0,0.99994063
55000900200040,2020-09-16,1,0,0.99994075
55000900200040,2020-09-17,1,0,0.9999434
55000900200040,2020-09-18,1,0,0.9999479
55000900200040,2020-09-19,1,0,0.9999491
55000900200040,2020-09-20,1,0,0.99995244
55000900200040,2020-09-21,1,0,0.9999591
55000900200040,2020-09-22,1,0,0.9999646
55000900200040,2020-09-23,1,0,0.9999567
55000900200040,2020-09-24,1,0,0.99995506
55000900200040,2020-09-25,1,0,0.9999542
55000900200040,2020-09-26,1,0,0.9999839
55000900200040,2020-09-27,1,0,0.9999862
55000900200040,2020-09-28,1,0,0.9999871
55000900200040,2020-09-29,1,0,0.9999869
55000900200040,2020-09-30,1,0,0.9999876
55000900200040,2020-10-01,1,0,0.9999831
55000900200040,2020-10-02,1,0,0.99998176
55000900200040,2020-10-03,1,0,0.999979
55000900200040,2020-10-04,1,0,0.9999765
55000900200040,2020-10-05,1,0,0.99997866
55000900200040,2020-10-06,1,0,0.9999807
55000900200040,2020-10-07,1,0,0.99998176
55000900200040,2020-10-08,1,0,0.99997663
55000900200040,2020-10-09,1,0,0.9999678
55000900200040,2020-10-10,1,0,0.9999813
55000900200040,2020-10-11,1,0,0.999982
55000900200040,2020-10-12,1,0,0.99998236
55000900200040,2020-10-13,1,0,0.99998724
55000900200040,2020-10-14,1,0,0.9999895
55000900200040,2020-10-15,1,0,0.99999
55000900200040,2020-10-16,1,0,0.9999901
55000900200040,2020-10-17,1,0,0.9999902
55000900200040,2020-10-18,1,0,0.99999046
55000900200040,2020-10-19,1,0,0.99999046
55000900200040,2020-10-20,1,0,0.99999046
55000900200040,2020-10-21,1,0,0.99999046
55000900200040,2020-10-22,1,0,0.99999034
55000900200040,2020-10-23,1,0,0.99999034
55000900200040,2020-10-24,1,0,0.99999034
55000900200040,2020-10-25,1,0,0.9999901
55000900200040,2020-10-26,1,0,0.9999902
55000900200040,2020-10-27,1,0,0.99999046
55000900200040,2020-10-28,1,0,0.9999901
55000900200040,2020-10-29,1,0,0.99999034
55000900200040,2020-10-30,1,0,0.99999
55000900200040,2020-10-31,1,0,0.99999034
55000900200040,2020-11-01,1,0,0.99999046
55000900200040,2020-11-02,1,0,0.9999906
55000900200040,2020-11-03,1,0,0.99999046
55000900200040,2020-11-04,1,0,0.9999907
55000900200040,2020-11-05,1,0,0.99998975
55000900200040,2020-11-06,1,0,0.9999896
55000900200040,2020-11-07,1,0,0.9999906
55000900200040,2020-11-08,1,0,0.99999046
55000900200040,2020-11-09,1,0,0.99999034
55000900200040,2020-11-10,1,0,0.9999902
55000900200040,2020-11-11,1,0,0.99999034
55000900200040,2020-11-12,1,0,0.9999902
55000900200040,2020-11-13,1,0,0.99999
55000900200040,2020-11-14,1,0,0.9999901
55000900200040,2020-11-15,1,0,0.99999
55000900200040,2020-11-16,1,0,0.99999
55000900200040,2020-11-17,1,0,0.99998987
55000900200040,2020-11-18,1,0,0.9999901
55000900200040,2020-11-19,1,0,0.9999902
55000900200040,2020-11-20,1,0,0.99999
55000900200040,2020-11-21,1,0,0.99999
55000900200040,2020-11-22,1,0,0.9999901
55000900200040,2020-11-23,1,0,0.9999901
55000900200040,2020-11-24,1,0,0.9999902
55000900200040,2020-11-25,1,0,0.9999901
55000900200040,2020-11-26,1,0,0.9999901
55000900200040,2020-11-27,1,0,0.9999901
55000900200040,2020-11-28,1,0,0.9999901
55000900200040,2020-11-29,1,0,0.99999
55000900200040,2020-11-30,1,0,0.9999902
55000900200040,2020-12-01,1,0,0.9999902
55000900200040,2020-12-02,1,0,0.9999901
55000900200040,2020-12-03,1,0,0.9999901
55000900200040,2020-12-04,1,0,0.9999901
55000900200040,2020-12-05,1,0,0.9999901
55000900200040,2020-12-06,1,0,0.9999901
55000900200040,2020-12-07,1,0,0.9999902
55000900200040,2020-12-08,1,0,0.9999901
55000900200040,2020-12-09,1,0,0.99999
55000900200040,2020-12-10,1,0,0.99999034
55000900200040,2020-12-11,1,0,0.9999902
55000900200040,2020-12-12,1,0,0.99999
55000900200040,2020-12-13,1,0,0.99999
55000900200040,2020-12-14,1,0,0.99999
55000900200040,2020-12-15,1,0,0.99999
55000900200040,2020-12-16,1,0,0.99999
55000900200040,2020-12-17,1,0,0.99999
55000900200040,2020-12-18,1,0,0.99999
55000900200040,2020-12-19,1,0,0.99999
55000900200040,2020-12-20,1,0,0.99999
55000900200040,2020-12-21,1,0,0.9999901
55000900200040,2020-12-22,1,0,0.99999
55000900200040,2020-12-23,1,0,0.99998975
55000900200040,2020-12-24,1,0,0.9999901
55000900200040,2020-12-25,1,0,0.99999
55000900200040,2020-12-26,1,0,0.99999
55000900200040,2020-12-27,1,0,0.9999901
55000900200040,2020-12-28,1,0,0.99999
55000900200040,2020-12-29,1,0,0.9999901
55000900200040,2020-12-30,1,0,0.9999901
55000900200040,2020-12-31,1,0,0.9999901
55000900200040,2021-01-01,1,0,0.9999901
55000900200040,2021-01-02,1,0,0.99999
55000900200040,2021-01-03,1,0,0.9999901
55000900200040,2021-01-04,1,0,0.9999901
55000900200040,2021-01-05,1,0,0.9999901
55000900200040,2021-01-06,1,0,0.9999901
55000900200040,2021-01-07,1,0,0.9999901
55000900200040,2021-01-08,1,0,0.99999
55000900200040,2021-01-09,1,0,0.99999
55000900200040,2021-01-10,1,0,0.99999
55000900200040,2021-01-11,1,0,0.99999
55000900200040,2021-01-12,1,0,0.99999
55000900200040,2021-01-13,1,0,0.99999
55000900200040,2021-01-14,1,0,0.99999
55000900200040,2021-01-15,1,0,0.99999
55000900200040,2021-01-16,1,0,0.99999
55000900200040,2021-01-17,1,0,0.99999
55000900200040,2021-01-18,1,0,0.99999
55000900200040,2021-01-19,1,0,0.99999
55000900200040,2021-01-20,1,0,0.99999
55000900200040,2021-01-21,1,0,0.99999
55000900200040,2021-01-22,1,0,0.99999
55000900200040,2021-01-23,1,0,0.99999
55000900200040,2021-01-24,1,0,0.99999
55000900200040,2021-01-25,1,0,0.9999901
55000900200040,2021-01-26,1,0,0.99999
55000900200040,2021-01-27,1,0,0.9999901
55000900200040,2021-01-28,1,0,0.99998903
55000900200040,2021-01-29,1,0,0.9999888
55000900200040,2021-01-30,1,0,0.9999894
55000900200040,2021-01-31,1,0,0.99999
55000900200040,2021-02-01,1,0,0.99998987
55000900200040,2021-02-02,1,0,0.99998987
55000900200040,2021-02-03,1,0,0.99998987
55000900200040,2021-02-04,1,0,0.99998987
55000900200040,2021-02-05,1,0,0.99998987
55000900200040,2021-02-06,1,0,0.99998987
55000900200040,2021-02-07,1,0,0.99998987
55000900200040,2021-02-08,1,0,0.99998987
55000900200040,2021-02-09,1,0,0.99998987
55000900200040,2021-02-10,1,0,0.99998987
55000900200040,2021-02-11,1,0,0.99998987
55000900200040,2021-02-12,1,0,0.99998987
55000900200040,2021-02-13,1,0,0.99998987
55000900200040,2021-02-14,1,0,0.99998987
55000900200040,2021-02-15,1,0,0.99998987
55000900200040,2021-02-16,1,0,0.99998987
55000900200040,2021-02-17,1,0,0.99998987
55000900200040,2021-02-18,1,0,0.99998987
55000900200040,2021-02-19,1,0,0.99998987
55000900200040,2021-02-20,1,0,0.99998987
55000900200040,2021-02-21,1,0,0.99998987
55000900200040,2021-02-22,1,0,0.99998987
55000900200040,2021-02-23,1,0,0.99998987
55000900200040,2021-02-24,1,0,0.99998987
55000900200040,2021-02-25,1,0,0.99998987
55000900200040,2021-02-26,1,0,0.99998987
55000900200040,2021-02-27,1,0,0.99998987
55000900200040,2021-02-28,1,0,0.99998987
55000900200040,2021-03-01,1,0,0.99998987
55000900200040,2021-03-02,1,0,0.99998987
55000900200040,2021-03-03,1,0,0.99998987
55000900200040,2021-03-04,1,0,0.99998987
55000900200040,2021-03-05,1,0,0.99998987
55000900200040,2021-03-06,1,0,0.99998987
55000900200040,2021-03-07,1,0,0.99998987
55000900200040,2021-03-08,1,0,0.99998987
55000900200040,2021-03-09,1,0,0.99998987
55000900200040,2021-03-10,1,0,0.99998987
55000900200040,2021-03-11,1,0,0.99998987
55000900200040,2021-03-12,1,0,0.99998987
55000900200040,2021-03-13,1,0,0.99998987
55000900200040,2021-03-15,1,0,0.99998987
55000900200040,2021-03-16,1,0,0.99998987
55000900200040,2021-03-17,1,0,0.99998987
55000900200040,2021-03-18,1,0,0.99998987
55000900200040,2021-03-19,1,0,0.99998987
55000900200040,2021-03-20,1,0,0.99998987
55000900200040,2021-03-21,1,0,0.99998987
55000900200040,2021-03-22,1,0,0.99998987
55000900200040,2021-03-23,1,0,0.99998987
55000900200040,2021-03-24,1,0,0.99998987
55000900200040,2021-03-25,1,0,0.99998987
55000900200040,2021-03-26,1,0,0.99998987
55000900200040,2021-03-27,1,0,0.99998987
55000900200040,2021-03-28,1,0,0.99998987
55000900200040,2021-03-29,1,0,0.99998987
55000900200040,2021-03-30,1,0,0.99998987
55000900200040,2021-03-31,1,0,0.99998987
55000900200040,2021-04-01,1,0,0.99998987
55000900200040,2021-04-02,1,0,0.99998987
55000900200040,2021-04-03,1,0,0.99998987
55000900200040,2021-04-04,1,0,0.99998987
55000900200040,2021-04-05,1,0,0.99998987
55000900200040,2021-04-06,1,0,0.99998987
55000900200040,2021-04-07,1,0,0.99998987
55000900200040,2021-04-08,1,0,0.99998987
55000900200040,2021-04-09,1,0,0.99998987
55000900200040,2021-04-10,1,0,0.99998987
55000900200040,2021-04-11,1,0,0.99998987
55000900200040,2021-04-12,1,0,0.99998987
55000900200040,2021-04-13,1,0,0.99998987
55000900200040,2021-04-14,1,0,0.99998987
55000900200040,2021-04-15,1,0,0.99998987
55000900200040,2021-04-16,1,0,0.99998987
55000900200040,2021-04-17,1,0,0.99998987
55000900200040,2021-04-18,1,0,0.99998987
55000900200040,2021-04-19,1,0,0.99998987
55000900200040,2021-04-20,1,0,0.99998987
55000900200040,2021-04-21,1,0,0.99998987
55000900200040,2021-04-22,1,0,0.99998987
55000900200040,2021-04-23,1,0,0.99998987
55000900200040,2021-04-24,1,0,0.99998987
55000900200040,2021-04-25,1,0,0.99998987
55000900200040,2021-04-26,1,0,0.99998987
55000900200040,2021-04-27,1,0,0.99998987
55000900200040,2021-04-28,1,0,0.99998987
55000900200040,2021-04-29,1,0,0.99998987
55000900200040,2021-04-30,1,0,0.99998987
55000900200040,2021-05-01,1,0,0.99998987
55000900200040,2021-05-02,1,0,0.99998987
55000900200040,2021-05-03,1,0,0.99998987
55000900200040,2021-05-04,1,0,0.99998987
55000900200040,2021-05-05,1,0,0.99998987
55000900200040,2021-05-06,1,0,0.99998987
55000900200040,2021-05-07,1,0,0.99998987
55000900200040,2021-05-08,1,0,0.99998987
55000900200040,2021-05-09,1,0,0.99998987
55000900200040,2021-05-10,1,0,0.99998987
55000900200040,2021-05-11,1,0,0.99998987
55000900200040,2021-05-12,1,0,0.99998987
55000900200040,2021-05-13,1,0,0.99998987
55000900200040,2021-05-14,1,0,0.99998987
55000900200040,2021-05-15,1,0,0.99998987
55000900200040,2021-05-16,1,0,0.99998987
55000900200040,2021-05-17,1,0,0.99998987
55000900200040,2021-05-18,1,0,0.99998987
55000900200040,2021-05-19,1,0,0.99998987
55000900200040,2021-05-20,1,0,0.99998987
55000900200040,2021-05-21,1,0,0.99998987
55000900200040,2021-05-22,1,0,0.99998987
55000900200040,2021-05-23,1,0,0.99998987
55000900200040,2021-05-24,1,0,0.99998987
55000900200040,2021-05-27,1,0,0.99998987
55000900200040,2021-05-28,1,0,0.99998987
55000900200040,2021-05-29,1,0,0.99998987
55000900200040,2021-05-30,1,0,0.99998987
55000900200040,2021-05-31,1,0,0.99998987
55000900200040,2021-06-01,1,0,0.99998987
55000900200040,2021-06-02,1,0,0.99998987
55000900200040,2021-06-03,1,0,0.99998987
55000900200040,2021-06-04,1,0,0.99998987
55000900200040,2021-06-05,1,0,0.99998987
55000900200040,2021-06-06,1,0,0.99998987
55000900200040,2021-06-07,1,0,0.99998987
55000900200040,2021-06-08,1,0,0.99998987
55000900200040,2021-06-09,1,0,0.99998987
55000900200040,2021-06-10,1,0,0.99998987
55000900200040,2021-06-11,1,0,0.99998987
55000900200040,2021-06-12,1,0,0.99998987
55000900200040,2021-06-13,1,0,0.99998987
55000900200040,2021-06-14,1,0,0.99998987
55000900200040,2021-06-15,1,0,0.99998987
55000900200040,2021-06-16,1,0,0.99998987
55000900200040,2021-06-17,1,0,0.99998987
55000900200040,2021-06-18,1,0,0.99998987
55000900200040,2021-06-19,1,0,0.99998987
55000900200040,2021-06-20,1,0,0.99998987
55000900200040,2021-06-21,1,0,0.99998987
55000900200040,2021-06-22,1,0,0.99998987
55000900200040,2021-06-23,1,0,0.99998987
55000900200040,2021-06-24,1,0,0.99998987
55000900200040,2021-06-25,1,0,0.99998987
55000900200040,2021-06-26,1,0,0.99998987
55000900200040,2021-06-27,1,0,0.99998987
55000900200040,2021-06-28,1,0,0.99998987
55000900200040,2021-06-29,1,0,0.99998987
55000900200040,2021-06-30,1,0,0.99998987
55000900200040,2021-07-01,1,0,0.99998987
55000900200040,2021-07-02,1,0,0.99998987
55000900200040,2021-07-03,1,0,0.99998987
55000900200040,2021-07-04,1,0,0.99998987
55000900200040,2021-07-05,1,0,0.99998987
55000900200040,2021-07-06,1,0,0.99998987
55000900200040,2021-07-07,1,0,0.99998987
55000900200040,2021-07-08,1,0,0.99998987
55000900200040,2021-07-09,1,0,0.99998987
55000900200040,2021-07-10,1,0,0.99998987
55000900200040,2021-07-11,1,0,0.99998987
55000900200040,2021-07-12,1,0,0.99998987
55000900200040,2021-07-13,1,0,0.99998987
55000900200040,2021-07-14,1,0,0.99998987
55000900200040,2021-07-15,1,0,0.99998987
55000900200040,2021-07-16,1,0,0.99998987
55000900200040,2021-07-17,1,0,0.99998987
55000900200040,2021-07-18,1,0,0.99998987
55000900200040,2021-07-19,1,0,0.99998987
55000900200040,2021-07-20,1,0,0.99998987
55000900200040,2021-07-21,1,0,0.99998987
55000900200040,2021-07-22,1,0,0.99998987
55000900200040,2021-07-23,1,0,0.99998987
55000900200040,2021-07-24,1,0,0.99998987
55000900200040,2021-07-25,1,0,0.99998987
55000900200040,2021-07-26,1,0,0.99998987
55000900200040,2021-07-27,1,0,0.99998987
55000900200040,2021-07-28,1,0,0.99998987
55000900200040,2021-07-29,1,0,0.99998987
55000900200040,2021-07-30,1,0,0.99998987
55000900200040,2021-07-31,1,0,0.99998987
55000900200040,2021-08-01,1,0,0.99998987
55000900200040,2021-08-02,1,0,0.99998987
55000900200040,2021-08-03,1,0,0.99998987
55000900200040,2021-08-04,1,0,0.99998987
55000900200040,2021-08-05,1,0,0.99998987
55000900200040,2021-08-06,1,0,0.99998987
55000900200040,2021-08-07,1,0,0.99998987
55000900200040,2021-08-08,1,0,0.99998987
55000900200040,2021-08-09,1,0,0.99998987
55000900200040,2021-08-10,1,0,0.99998987
55000900200040,2021-08-11,1,0,0.99998987
55000900200040,2021-08-12,1,0,0.99998987
55000900200040,2021-08-13,1,0,0.99998987
55000900200040,2021-08-14,1,0,0.99998987
55000900200040,2021-08-15,1,0,0.99998987
55000900200040,2021-08-16,1,0,0.99998987
55000900200040,2021-08-17,1,0,0.99998987
55000900200040,2021-08-18,1,0,0.99998987
55000900200040,2021-08-19,1,0,0.99998987
55000900200040,2021-08-20,1,0,0.99998987
55000900200040,2021-08-21,1,0,0.99998987
55000900200040,2021-08-22,1,0,0.99998987
55000900200040,2021-08-23,1,0,0.99998987
55000900200040,2021-08-24,1,0,0.99998987
55000900200040,2021-08-25,1,0,0.99998987
55000900200040,2021-08-26,1,0,0.99998987
55000900200040,2021-08-27,1,0,0.99998987
55000900200040,2021-08-28,1,0,0.99998987
55000900200040,2021-08-29,1,0,0.99998987
55000900200040,2021-08-30,1,0,0.99998987
55000900200040,2021-08-31,1,0,0.99998987
55000900200040,2021-09-01,1,0,0.99998987
55000900200040,2021-09-02,1,0,0.99998987
55000900200040,2021-09-03,1,0,0.99998987
55000900200040,2021-09-04,1,0,0.99998987
55000900200040,2021-09-05,1,0,0.99998987
55000900200040,2021-09-06,1,0,0.99998987
55000900200040,2021-09-07,1,0,0.99998987
55000900200040,2021-09-08,1,0,0.99998987
55000900200040,2021-09-09,1,0,0.99998987
55000900200040,2021-09-10,1,0,0.99998987
55000900200040,2021-09-11,1,0,0.99998987
55000900200040,2021-09-12,1,0,0.99998987
55000900200040,2021-09-13,1,0,0.99998987
55000900200040,2021-09-14,1,0,0.99998987
55000900200040,2021-09-15,1,0,0.99998987
55000900200040,2021-09-16,1,0,0.99998987
55000900200040,2021-09-17,1,0,0.99998987
55000900200040,2021-09-18,1,0,0.99998987
55000900200040,2021-09-19,1,0,0.99998987
55000900200040,2021-09-20,1,0,0.99998987
55000900200040,2021-09-21,1,0,0.99998987
55000900200040,2021-09-22,1,0,0.99998987
55000900200040,2021-09-23,1,0,0.99998987
55000900200040,2021-09-24,1,0,0.99998987
55000900200040,2021-09-25,1,0,0.99998987
55000900200040,2021-09-26,1,0,0.99998987
55000900200040,2021-09-27,1,0,0.99998987
55000900200040,2021-09-28,1,0,0.99998987
55000900200040,2021-09-29,1,0,0.99998987
55000900200040,2021-09-30,1,0,0.99998987
55000900200040,2021-10-01,1,0,0.99998987
55000900200040,2021-10-02,1,0,0.99998987
55000900200040,2021-10-03,1,0,0.99998987
55000900200040,2021-10-04,1,0,0.99998987
55000900200040,2021-10-05,1,0,0.99998987
55000900200040,2021-10-06,1,0,0.99998987
55000900200040,2021-10-07,1,0,0.99998987
55000900200040,2021-10-08,1,0,0.99998987
55000900200040,2021-10-09,1,0,0.99998987
55000900200040,2021-10-10,1,0,0.99998987
55000900200040,2021-10-11,1,0,0.99998987
55000900200040,2021-10-12,1,0,0.99998987
55000900200040,2021-10-13,1,0,0.99998987
55000900200040,2021-10-14,1,0,0.99998987
55000900200040,2021-10-15,1,0,0.99998987
55000900200040,2021-10-16,1,0,0.99998987
55000900200040,2021-10-17,1,0,0.99998987
55000900200040,2021-10-18,1,0,0.99998987
55000900200040,2021-10-19,1,0,0.99998987
55000900200040,2021-10-20,1,0,0.99998987
55000900200040,2021-10-21,1,0,0.99998987
55000900200040,2021-10-22,1,0,0.99998987
55000900200040,2021-10-23,1,0,0.99998987
55000900200040,2021-10-24,1,0,0.99998987
55000900200040,2021-10-25,1,0,0.99998987
55000900200040,2021-10-26,1,0,0.99998987
55000900200040,2021-10-27,1,0,0.99998987
55000900200040,2021-10-28,1,0,0.99998987
55000900200040,2021-10-29,1,0,0.99998987
55000900200040,2021-10-30,1,0,0.99998987
55000900200040,2021-10-31,1,0,0.99998987
55000900200040,2021-11-01,1,0,0.99998987
55000900200040,2021-11-02,1,0,0.99998987
55000900200040,2021-11-03,1,0,0.99998987
55000900200040,2021-11-04,1,0,0.99998987
55000900200040,2021-11-05,1,0,0.99998987
55000900200040,2021-11-06,1,0,0.99998987
55000900200040,2021-11-07,1,0,0.99998987
55000900200040,2021-11-08,1,0,0.99998987
55000900200040,2021-11-09,1,0,0.99998987
55000900200040,2021-11-10,1,0,0.99998987
55000900200040,2021-11-11,1,0,0.99998987
55000900200040,2021-11-12,1,0,0.99998987
55000900200040,2021-11-13,1,0,0.99998987
55000900200040,2021-11-14,1,0,0.99998987
55000900200040,2021-11-15,1,0,0.99998987
55000900200040,2021-11-16,1,0,0.99998987
55000900200040,2021-11-17,1,0,0.99998987
55000900200040,2021-11-18,1,0,0.99998987
55000900200040,2021-11-19,1,0,0.99998987
55000900200040,2021-11-20,1,0,0.99998987
55000900200040,2021-11-21,1,0,0.99998987
55000900200040,2021-11-22,1,0,0.99998987
55000900200040,2021-11-23,1,0,0.99998987
55000900200040,2021-11-24,1,0,0.99998987
55000900200040,2021-11-25,1,0,0.99998987
55000900200040,2021-11-26,1,0,0.99998987
55000900200040,2021-11-27,1,0,0.99998987
55000900200040,2021-11-28,1,0,0.99998987
55000900200040,2021-11-29,1,0,0.99998987
55000900200040,2021-11-30,1,0,0.99998987
55000900200040,2021-12-01,1,0,0.99998987
55000900200040,2021-12-02,1,0,0.99998987
55000900200040,2021-12-03,1,0,0.99998987
55000900200040,2021-12-04,1,0,0.99998987
55000900200040,2021-12-05,1,0,0.99998987
55000900200040,2021-12-06,1,0,0.99998987
55000900200040,2021-12-07,1,0,0.99998987
55000900200040,2021-12-08,1,0,0.99998987
55000900200040,2021-12-09,1,0,0.99998987
55000900200040,2021-12-10,1,0,0.99998987
55000900200040,2021-12-11,1,0,0.99998987
55000900200040,2021-12-12,1,0,0.99998987
55000900200040,2021-12-13,1,0,0.99998987
55000900200040,2021-12-14,1,0,0.99998987
55000900200040,2021-12-15,1,0,0.99998987
55000900200040,2021-12-16,1,0,0.99998987
55000900200040,2021-12-17,1,0,0.99998987
55000900200040,2021-12-18,1,0,0.99998987
55000900200040,2021-12-19,1,0,0.99998987
55000900200040,2021-12-20,1,0,0.99998987
55000900200040,2021-12-21,1,0,0.99998987
55000900200040,2021-12-22,1,0,0.99998987
55000900200040,2021-12-23,1,0,0.99998987
55000900200040,2021-12-24,1,0,0.99998987
55000900200040,2021-12-25,1,0,0.99998987
55000900200040,2021-12-26,1,0,0.99998987
55000900200040,2021-12-27,1,0,0.99998987
55000900200040,2021-12-28,1,0,0.99998987
55000900200040,2021-12-29,1,0,0.99998987
55000900200040,2021-12-30,1,0,0.99998987
55000900200040,2021-12-31,1,0,0.99998987
55000900200040,2022-01-01,1,0,0.99998987
55000900200040,2022-01-02,1,0,0.99998987
55000900200040,2022-01-03,1,0,0.99998987
55000900200040,2022-01-04,1,0,0.99998987
55000900200040,2022-01-05,1,0,0.99998987
55000900200040,2022-01-06,1,0,0.99998987
55000900200040,2022-01-07,1,0,0.99998987
55000900200040,2022-01-08,1,0,0.99998987
55000900200040,2022-01-09,1,0,0.99998987
55000900200040,2022-01-10,1,0,0.99998987
55000900200040,2022-01-11,1,0,0.99998987
55000900200040,2022-01-12,1,0,0.99998987
55000900200040,2022-01-13,1,0,0.99998987
55000900200040,2022-01-14,1,0,0.99998987
55000900200040,2022-01-15,1,0,0.99998987
55000900200040,2022-01-16,1,0,0.99998987
55000900200040,2022-01-17,1,0,0.99998987
55000900200040,2022-01-18,1,0,0.99998987
55000900200040,2022-01-19,1,0,0.99998987
55000900200040,2022-01-20,1,0,0.99998987
55000900200040,2022-01-21,1,0,0.99998987
55000900200040,2022-01-22,1,0,0.99998987
55000900200040,2022-01-23,1,0,0.99998987
55000900200040,2022-01-24,1,0,0.99998987
55000900200040,2022-01-25,1,0,0.99998987
55000900200040,2022-01-26,1,0,0.99998987
55000900200040,2022-01-27,1,0,0.99998987
55000900200040,2022-01-28,1,0,0.99998987
55000900200040,2022-01-29,1,0,0.99998987
55000900200040,2022-01-30,1,0,0.99998987
55000900200040,2022-01-31,1,0,0.99998987
55000900200040,2022-02-01,1,0,0.99998987
55000900200040,2022-02-02,1,0,0.99998987
55000900200040,2022-02-03,1,0,0.99998987
55000900200040,2022-02-04,1,0,0.99998987
55000900200040,2022-02-05,1,0,0.99998987
55000900200040,2022-02-06,1,0,0.99998987
55000900200040,2022-02-07,1,0,0.99998987
55000900200040,2022-02-08,1,0,0.99998987
55000900200040,2022-02-09,1,0,0.99998987
55000900200040,2022-02-10,1,0,0.99998987
55000900200040,2022-02-11,1,0,0.99998987
55000900200040,2022-02-12,1,0,0.99998987
55000900200040,2022-02-13,1,0,0.99998987
55000900200040,2022-02-14,1,0,0.99998987
55000900200040,2022-02-15,1,0,0.99998987
55000900200040,2022-02-16,1,0,0.99998987
55000900200040,2022-02-17,1,0,0.99998987
55000900200040,2022-02-18,1,0,0.99998987
55000900200040,2022-02-19,1,0,0.99998987
55000900200040,2022-02-20,1,0,0.99998987
55000900200040,2022-02-21,1,0,0.99998987
55000900200040,2022-02-22,1,0,0.99998987
55000900200040,2022-02-23,1,0,0.99998987
55000900200040,2022-02-24,1,0,0.99998987
55000900200040,2022-02-25,1,0,0.99998987
55000900200040,2022-02-26,1,0,0.99998987
55000900200040,2022-02-27,1,0,0.99998987
55000900200040,2022-02-28,1,0,0.99998987
55000900200040,2022-03-01,1,0,0.99998987
55000900200040,2022-03-02,1,0,0.99998987
55000900200040,2022-03-03,1,0,0.99998987
55000900200040,2022-03-04,1,0,0.99998987
55000900200040,2022-03-05,1,0,0.99998987
55000900200040,2022-03-06,1,0,0.99998987
55000900200040,2022-03-07,1,0,0.99998987
55000900200040,2022-03-08,1,0,0.99998987
55000900200040,2022-03-09,1,0,0.99998987
55000900200040,2022-03-10,1,0,0.99998987
55000900200040,2022-03-11,1,0,0.99998987
55000900200040,2022-03-12,1,0,0.99998987
55000900200040,2022-03-14,1,0,0.99998987
55000900200040,2022-03-15,1,0,0.99998987
55000900200040,2022-03-16,1,0,0.99998987
55000900200040,2022-03-17,1,0,0.99998987
55000900200040,2022-03-18,1,0,0.99998987
55000900200040,2022-03-19,1,0,0.99998987
55000900200040,2022-03-20,1,0,0.99998987
55000900200040,2022-03-21,1,0,0.99998987
55000900200040,2022-03-22,1,0,0.99998987
55000900200040,2022-03-23,1,0,0.99998987
55000900200040,2022-03-24,1,0,0.99998987
55000900200040,2022-03-25,1,0,0.99998987
55000900200040,2022-03-26,1,0,0.99998987
55000900200040,2022-03-27,1,0,0.99998987
55000900200040,2022-03-28,1,0,0.99998987
55000900200040,2022-03-29,1,0,0.99998987
55000900200040,2022-03-30,1,0,0.99998987
55000900200040,2022-03-31,1,0,0.99998987
55000900200040,2022-04-01,1,0,0.99998987
55000900200040,2022-04-02,1,0,0.99998987
55000900200040,2022-04-03,1,0,0.99998987
55000900200040,2022-04-04,1,0,0.99998987
55000900200040,2022-04-05,1,0,0.99998987
55000900200040,2022-04-06,1,0,0.99998987
55000900200040,2022-04-07,1,0,0.99998987
55000900200040,2022-04-08,1,0,0.99998987
55000900200040,2022-04-09,1,0,0.99998987
55000900200040,2022-04-10,1,0,0.99998987
55000900200040,2022-04-11,1,0,0.99998987
55000900200040,2022-04-12,1,0,0.99998987
55000900200040,2022-04-13,1,0,0.99998987
55000900200040,2022-04-14,1,0,0.99998987
55000900200040,2022-04-15,1,0,0.99998987
55000900200040,2022-04-16,1,0,0.99998987
55000900200040,2022-04-17,1,0,0.99998987
55000900200040,2022-04-18,1,0,0.99998987
55000900200040,2022-04-19,1,0,0.99998987
55000900200040,2022-04-20,1,0,0.99998987
55000900200040,2022-04-21,1,0,0.99998987
55000900200040,2022-04-22,1,0,0.99998987
55000900200040,2022-04-23,1,0,0.99998987
55000900200040,2022-04-24,1,0,0.99998987
55000900200040,2022-04-25,1,0,0.99998987
55000900200040,2022-04-26,1,0,0.99998987
55000900200040,2022-04-27,1,0,0.99998987
55000900200040,2022-04-28,1,0,0.99998987
55000900200040,2022-04-29,1,0,0.99998987
55000900200040,2022-04-30,1,0,0.99998987
55000900200040,2022-05-01,1,0,0.99998987
55000900200040,2022-05-02,1,0,0.99998987
55000900200040,2022-05-03,1,0,0.99998987
55000900200040,2022-05-04,1,0,0.99998987
55000900200040,2022-05-05,1,0,0.99998987
55000900200040,2022-05-06,1,0,0.99998987
55000900200040,2022-05-07,1,0,0.99998987
55000900200040,2022-05-08,1,0,0.99998987
55000900200040,2022-05-09,1,0,0.99998987
55000900200040,2022-05-10,1,0,0.99998987
55000900200040,2022-05-11,1,0,0.99998987
55000900200040,2022-05-12,1,0,0.99998987
55000900200040,2022-05-13,1,0,0.99998987
55000900200040,2022-05-14,1,0,0.99998987
55000900200040,2022-05-15,1,0,0.99998987
55000900200040,2022-05-16,1,0,0.99998987
55000900200040,2022-05-17,1,0,0.99998987
55000900200040,2022-05-18,1,0,0.99998987
55000900200040,2022-05-19,1,0,0.99998987
55000900200040,2022-05-20,1,0,0.99998987
55000900200040,2022-05-21,1,0,0.99998987
55000900200040,2022-05-22,1,0,0.99998987
55000900200040,2022-05-23,1,0,0.99998987
55000900200040,2022-05-24,1,0,0.99998987
55000900200040,2022-05-25,1,0,0.99998987
55000900200040,2022-05-26,1,0,0.99998987
55000900200040,2022-05-27,1,0,0.99998987
55000900200040,2022-05-28,1,0,0.99998987
55000900200040,2022-05-29,1,0,0.99998987
55000900200040,2022-05-30,1,0,0.99998987
55000900200040,2022-05-31,1,0,0.99998987
55000900200040,2022-06-01,1,0,0.99998987
55000900200040,2022-06-02,1,0,0.99998987
55000900200040,2022-06-03,1,0,0.99998987
55000900200040,2022-06-04,1,0,0.99998987
55000900200040,2022-06-05,1,0,0.99998987
55000900200040,2022-06-06,1,0,0.99998987
55000900200040,2022-06-07,1,0,0.99998987
55000900200040,2022-06-08,1,0,0.99998987
55000900200040,2022-06-09,1,0,0.99998987
55000900200040,2022-06-10,1,0,0.99998987
55000900200040,2022-06-11,1,0,0.99998987
55000900200040,2022-06-12,1,0,0.99998987
55000900200040,2022-06-13,1,0,0.99998987
55000900200040,2022-06-14,1,0,0.99998987
55000900200040,2022-06-15,1,0,0.99998987
55000900200040,2022-06-16,1,0,0.99998987
55000900200040,2022-06-17,1,0,0.99998987
55000900200040,2022-06-18,1,0,0.99998987
55000900200040,2022-06-19,1,0,0.99998987
55000900200040,2022-06-20,1,0,0.99998987
55000900200040,2022-06-21,1,0,0.99998987
55000900200040,2022-06-22,1,0,0.99998987
55000900200040,2022-06-23,1,0,0.99998987
55000900200040,2022-06-24,1,0,0.99998987
55000900200040,2022-06-25,1,0,0.99998987
55000900200040,2022-06-26,1,0,0.99998987
55000900200040,2022-06-27,1,0,0.99998987
55000900200040,2022-06-28,1,0,0.99998987
55000900200040,2022-06-29,1,0,0.99998987
55000900200040,2022-06-30,1,0,0.99998987
55000900200040,2022-07-01,1,0,0.99998987
55000900200040,2022-07-02,1,0,0.99998987
55000900200040,2022-07-03,1,0,0.99998987
55000900200040,2022-07-04,1,0,0.99998987
55000900200040,2022-07-05,1,0,0.99998987
55000900200040,2022-07-06,1,0,0.99998987
55000900200040,2022-07-07,1,0,0.99998987
55000900200040,2022-07-08,1,0,0.99998987
55000900200040,2022-07-09,1,0,0.99998987
55000900200040,2022-07-10,1,0,0.99998987
55000900200040,2022-07-11,1,0,0.99998987
55000900200040,2022-07-12,1,0,0.99998987
55000900200040,2022-07-13,1,0,0.99998987
55000900200040,2022-07-14,1,0,0.99998987
55000900200040,2022-07-15,1,0,0.99998987
55000900200040,2022-07-16,1,0,0.99998987
55000900200040,2022-07-17,1,0,0.99998987
55000900200040,2022-07-18,1,0,0.99998987
55000900200040,2022-07-19,1,0,0.99998987
55000900200040,2022-07-20,1,0,0.99998987
55000900200040,2022-07-21,1,0,0.99998987
55000900200040,2022-07-22,1,0,0.99998987
55000900200040,2022-07-23,1,0,0.99998987
55000900200040,2022-07-24,1,0,0.99998987
55000900200040,2022-07-25,1,0,0.99998987
55000900200040,2022-07-26,1,0,0.99998987
55000900200040,2022-07-27,1,0,0.99998987
55000900200040,2022-07-28,1,0,0.99998987
55000900200040,2022-07-29,1,0,0.99998987
55000900200040,2022-07-30,1,0,0.99998987
55000900200040,2022-07-31,1,0,0.99998987
55000900200040,2022-08-01,1,0,0.99998987
55000900200040,2022-08-02,1,0,0.99998987
55000900200040,2022-08-03,1,0,0.99998987
55000900200040,2022-08-04,1,0,0.99998987
55000900200040,2022-08-05,1,0,0.99998987
55000900200040,2022-08-06,1,0,0.99998987
55000900200040,2022-08-07,1,0,0.99998987
55000900200040,2022-08-08,1,0,0.99998987
55000900200040,2022-08-09,1,0,0.99998987
55000900200040,2022-08-10,1,0,0.99998987
55000900200040,2022-08-11,1,0,0.99998987
55000900200040,2022-08-12,1,0,0.99998987
55000900200040,2022-08-13,1,0,0.99998987
55000900200040,2022-08-14,1,0,0.99998987
55000900200040,2022-08-15,1,0,0.99998987
55000900200040,2022-08-16,1,0,0.99998987
55000900200040,2022-08-17,1,0,0.99998987
55000900200040,2022-08-18,1,0,0.99998987
55000900200040,2022-08-19,1,0,0.99998987
55000900200040,2022-08-20,1,0,0.99998987
55000900200040,2022-08-21,1,0,0.99998987
55000900200040,2022-08-22,1,0,0.99998987
55000900200040,2022-08-23,1,0,0.99998987
55000900200040,2022-08-24,1,0,0.99998987
55000900200040,2022-08-25,1,0,0.99998987
55000900200040,2022-08-26,1,0,0.99998987
55000900200040,2022-08-27,1,0,0.99998987
55000900200040,2022-08-28,1,0,0.99998987
55000900200040,2022-08-29,1,0,0.99998987
55000900200040,2022-08-30,1,0,0.99998987
55000900200040,2022-08-31,1,0,0.99998987
55000900200040,2022-09-01,1,0,0.99998987
55000900200040,2022-09-02,1,0,0.99998987
55000900200040,2022-09-03,1,0,0.99998987
55000900200040,2022-09-04,1,0,0.99998987
55000900200040,2022-09-05,1,0,0.99998987
55000900200040,2022-09-06,1,0,0.99998987
55000900200040,2022-09-07,1,0,0.99998987
55000900200040,2022-09-08,1,0,0.99998987
55000900200040,2022-09-09,1,0,0.99998987
55000900200040,2022-09-10,1,0,0.99998987
55000900200040,2022-09-11,1,0,0.99998987
55000900200040,2022-09-12,1,0,0.99998987
55000900200040,2022-09-13,1,0,0.99998987
55000900200040,2022-09-14,1,0,0.99998987
55000900200040,2022-09-15,1,0,0.99998987
55000900200040,2022-09-16,1,0,0.99998987
55000900200040,2022-09-17,1,0,0.99998987
55000900200040,2022-09-18,1,0,0.99998987
55000900200040,2022-09-19,1,0,0.99998987
55000900200040,2022-09-20,1,0,0.99998987
55000900200040,2022-09-21,1,0,0.99998987
55000900200040,2022-09-22,1,0,0.99998987
55000900200040,2022-09-23,1,0,0.99998987
55000900200040,2022-09-24,1,0,0.99998987
55000900200040,2022-09-25,1,0,0.99998987
55000900200040,2022-09-26,1,0,0.99998987
55000900200040,2022-09-27,1,0,0.99998987
55000900200040,2022-09-28,1,0,0.99998987
55000900200040,2022-09-29,1,0,0.99998987
55000900200040,2022-09-30,1,0,0.99998987
55000900200040,2022-10-01,1,0,0.99998987
55000900200040,2022-10-02,1,0,0.99998987
55000900200040,2022-10-03,1,0,0.99998987
55000900200040,2022-10-04,1,0,0.99998987
55000900200040,2022-10-05,1,0,0.99998987
55000900200040,2022-10-06,1,0,0.99998987
55000900200040,2022-10-07,1,0,0.99998987
55000900200040,2022-10-08,1,0,0.99998987
55000900200040,2022-10-09,1,0,0.99998987
55000900200040,2022-10-10,1,0,0.99998987
55000900200040,2022-10-11,1,0,0.99998987
55000900200040,2022-10-12,1,0,0.99998987
55000900200040,2022-10-13,1,0,0.99998987
55000900200040,2022-10-14,1,0,0.99998987
55000900200040,2022-10-15,1,0,0.99998987
55000900200040,2022-10-16,1,0,0.99998987
55000900200040,2022-10-17,1,0,0.99998987
55000900200040,2022-10-18,1,0,0.99998987
55000900200040,2022-10-19,1,0,0.99998987
55000900200040,2022-10-20,1,0,0.99998987
55000900200040,2022-10-21,1,0,0.99998987
55000900200040,2022-10-22,1,0,0.99998987
55000900200040,2022-10-23,1,0,0.99998987
55000900200040,2022-10-24,1,0,0.99998987
55000900200040,2022-10-25,1,0,0.99998987
55000900200040,2022-10-26,1,0,0.99998987
55000900200040,2022-10-27,1,0,0.99998987
55000900200040,2022-10-28,1,0,0.99998987
55000900200040,2022-10-29,1,0,0.99998987
55000900200040,2022-10-30,1,0,0.99998987
55000900200040,2022-10-31,1,0,0.99998987
55000900200040,2022-11-01,1,0,0.99998987
55000900200040,2022-11-02,1,0,0.99998987
55000900200040,2022-11-03,1,0,0.99998987
55000900200040,2022-11-04,1,0,0.99998987
55000900200040,2022-11-05,1,0,0.99998987
55000900200040,2022-11-06,1,0,0.99998987
55000900200040,2022-11-07,1,0,0.99998987
55000900200040,2022-11-08,1,0,0.99998987
55000900200040,2022-11-09,1,0,0.99998987
55000900200040,2022-11-10,1,0,0.99998987
55000900200040,2022-11-11,1,0,0.99998987
55000900200040,2022-11-12,1,0,0.99998987
55000900200040,2022-11-13,1,0,0.99998987
55000900200040,2022-11-14,1,0,0.99998987
55000900200040,2022-11-15,1,0,0.99998987
55000900200040,2022-11-16,1,0,0.99998987
55000900200040,2022-11-17,1,0,0.99998987
55000900200040,2022-11-18,1,0,0.99998987
55000900200040,2022-11-19,1,0,0.99998987
55000900200040,2022-11-20,1,0,0.99998987
55000900200040,2022-11-21,1,0,0.99998987
55000900200040,2022-11-22,1,0,0.99998987
55000900200040,2022-11-23,1,0,0.99998987
55000900200040,2022-11-24,1,0,0.99998987
55000900200040,2022-11-25,1,0,0.99998987
55000900200040,2022-11-26,1,0,0.99998987
55000900200040,2022-11-27,1,0,0.99998987
55000900200040,2022-11-28,1,0,0.99998987
55000900200040,2022-11-29,1,0,0.99998987
55000900200040,2022-11-30,1,0,0.99998987
55000900200040,2022-12-01,1,0,0.99998987
55000900200040,2022-12-02,1,0,0.99998987
55000900200040,2022-12-03,1,0,0.99998987
55000900200040,2022-12-04,1,0,0.99998987
55000900200040,2022-12-05,1,0,0.99998987
55000900200040,2022-12-06,1,0,0.99998987
55000900200040,2022-12-07,1,0,0.99998987
55000900200040,2022-12-08,1,0,0.99998987
55000900200040,2022-12-09,1,0,0.99998987
55000900200040,2022-12-10,1,0,0.99998987
55000900200040,2022-12-11,1,0,0.99998987
55000900200040,2022-12-12,1,0,0.99998987
55000900200040,2022-12-13,1,0,0.99998987
55000900200040,2022-12-14,1,0,0.99998987
55000900200040,2022-12-15,1,0,0.99998987
55000900200040,2022-12-16,1,0,0.99998987
55000900200040,2022-12-17,1,0,0.99998987
55000900200040,2022-12-18,1,0,0.99998987
55000900200040,2022-12-19,1,0,0.99998987
55000900200040,2022-12-20,1,0,0.99998987
55000900200040,2022-12-21,1,0,0.99998987
55000900200040,2022-12-22,1,0,0.99998987
55000900200040,2022-12-23,1,0,0.99998987
55000900200040,2022-12-24,1,0,0.99998987
55000900200040,2022-12-25,1,0,0.99998987
55000900200040,2022-12-26,1,0,0.99998987
55000900200040,2022-12-27,1,0,0.99998987
55000900200040,2022-12-28,1,0,0.99998987
55000900200040,2022-12-29,1,0,0.99998987
55000900200040,2022-12-30,1,0,0.99998987
55000900200040,2022-12-31,1,0,0.99998987
55000900200040,2023-01-01,1,0,0.99998987
55000900200040,2023-01-02,1,0,0.99998987
55000900200040,2023-01-03,1,0,0.99998987
55000900200040,2023-01-04,1,0,0.99998987
55000900200040,2023-01-05,1,0,0.99998987
55000900200040,2023-01-06,1,0,0.99998987
55000900200040,2023-01-07,1,0,0.99998987
55000900200040,2023-01-08,1,0,0.99998987
55000900200040,2023-01-09,1,0,0.99998987
55000900200040,2023-01-10,1,0,0.99998987
55000900200040,2023-01-11,1,0,0.99998987
55000900200040,2023-01-12,1,0,0.99998987
55000900200040,2023-01-13,1,0,0.99998987
55000900200040,2023-01-14,1,0,0.99998987
55000900200040,2023-01-15,1,0,0.99998987
55000900200040,2023-01-16,1,0,0.99998987
55000900200040,2023-01-17,1,0,0.99998987
55000900200040,2023-01-18,1,0,0.99998987
55000900200040,2023-01-19,1,0,0.99998987
55000900200040,2023-01-20,1,0,0.99998987
55000900200040,2023-01-21,1,0,0.99998987
55000900200040,2023-01-22,1,0,0.99998987
55000900200040,2023-01-23,1,0,0.99998987
55000900200040,2023-01-24,1,0,0.99998987
55000900200040,2023-01-25,1,0,0.99998987
55000900200040,2023-01-26,1,0,0.99998987
55000900200040,2023-01-27,1,0,0.99998987
55000900200040,2023-01-28,1,0,0.99998987
55000900200040,2023-01-29,1,0,0.99998987
55000900200040,2023-01-30,1,0,0.99998987
55000900200040,2023-01-31,1,0,0.99998987
55000900200040,2023-02-01,1,0,0.99998987
55000900200040,2023-02-02,1,0,0.99998987
55000900200040,2023-02-03,1,0,0.99998987
55000900200040,2023-02-04,1,0,0.99998987
55000900200040,2023-02-05,1,0,0.99998987
55000900200040,2023-02-06,1,0,0.99998987
55000900200040,2023-02-07,1,0,0.99998987
55000900200040,2023-02-08,1,0,0.99998987
55000900200040,2023-02-09,1,0,0.99998987
55000900200040,2023-02-10,1,0,0.99998987
55000900200040,2023-02-11,1,0,0.99998987
55000900200040,2023-02-12,1,0,0.99998987
55000900200040,2023-02-13,1,0,0.99998987
55000900200040,2023-02-14,1,0,0.99998987
55000900200040,2023-02-15,1,0,0.99998987
55000900200040,2023-02-16,1,0,0.99998987
55000900200040,2023-02-17,1,0,0.99998987
55000900200040,2023-02-18,1,0,0.99998987
55000900200040,2023-02-19,1,0,0.99998987
55000900200040,2023-02-20,1,0,0.99998987
55000900200040,2023-02-21,1,0,0.99998987
55000900200040,2023-02-22,1,0,0.99998987
55000900200040,2023-02-23,1,0,0.99998987
55000900200040,2023-02-24,1,0,0.99998987
55000900200040,2023-02-25,1,0,0.99998987
55000900200040,2023-02-26,1,0,0.99998987
55000900200040,2023-02-27,1,0,0.99998987
55000900200040,2023-02-28,1,0,0.99998987
55000900200040,2023-03-01,1,0,0.99998987
55000900200040,2023-03-02,1,0,0.99998987
55000900200040,2023-03-03,1,0,0.99998987
55000900200040,2023-03-04,1,0,0.99998987
55000900200040,2023-03-05,1,0,0.99998987
55000900200040,2023-03-06,1,0,0.99998987
55000900200040,2023-03-07,1,0,0.99998987
55000900200040,2023-03-08,1,0,0.99998987
55000900200040,2023-03-09,1,0,0.99998987
55000900200040,2023-03-10,1,0,0.99998987
55000900200040,2023-03-11,1,0,0.99998987
55000900200040,2023-03-13,1,0,0.99998987
55000900200040,2023-03-14,1,0,0.99998987
55000900200040,2023-03-15,1,0,0.99998987
55000900200040,2023-03-16,1,0,0.99998987
55000900200040,2023-03-17,1,0,0.99998987
55000900200040,2023-03-18,1,0,0.99998987
55000900200040,2023-03-19,1,0,0.99998987
55000900200040,2023-03-20,1,0,0.99998987
55000900200040,2023-03-21,1,0,0.99998987
55000900200040,2023-03-22,1,0,0.99998987
55000900200040,2023-03-23,1,0,0.99998987
55000900200040,2023-03-24,1,0,0.99998987
55000900200040,2023-03-25,1,0,0.99998987
55000900200040,2023-03-26,1,0,0.99998987
55000900200040,2023-03-27,1,0,0.99998987
55000900200040,2023-03-28,1,0,0.99998987
55000900200040,2023-03-29,1,0,0.99998987
55000900200040,2023-03-30,1,0,0.99998987
55000900200040,2023-03-31,1,0,0.99998987
55000900200040,2023-04-01,1,0,0.99998987
55000900200040,2023-04-02,1,0,0.99998987
55000900200040,2023-04-03,1,0,0.99998987
55000900200040,2023-04-04,1,0,0.99998987
55000900200040,2023-04-05,1,0,0.99998987
55000900200040,2023-04-06,1,0,0.99998987
55000900200040,2023-04-07,1,0,0.99998987
55000900200040,2023-04-08,1,0,0.99998987
55000900200040,2023-04-09,1,0,0.99998987
55000900200040,2023-04-10,1,0,0.99998987
55000900200040,2023-04-11,1,0,0.99998987
55000900200040,2023-04-12,1,0,0.99998987
55000900200040,2023-04-13,1,0,0.99998987
55000900200040,2023-04-14,1,0,0.99998987
55000900200040,2023-04-15,1,0,0.99998987
55000900200040,2023-04-16,1,0,0.99998987
55000900200040,2023-04-17,1,0,0.99998987
55000900200040,2023-04-18,1,0,0.99998987
55000900200040,2023-04-19,1,0,0.99998987
55000900200040,2023-04-20,1,0,0.99998987
55000900201800,2020-09-11,1,9,0.99431205
55000900201800,2020-09-12,1,9,0.9934715
55000900201800,2020-09-13,1,9,0.9931855
55000900201800,2020-09-14,1,9,0.9934957
55000900201800,2020-09-15,1,9,0.99327564
55000900201800,2020-09-16,1,9,0.99245065
55000900201800,2020-09-17,1,9,0.9919918
55000900201800,2020-09-18,1,9,0.9880094
55000900201800,2020-09-19,1,9,0.9916569
55000900201800,2020-09-20,1,9,0.99333256
55000900201800,2020-09-21,1,9,0.99819475
55000900201800,2020-09-22,1,9,0.99906546
55000900201800,2020-09-23,1,9,0.99818724
55000900201800,2020-09-24,1,9,0.998287
55000900201800,2020-09-25,1,9,0.9983759
55000900201800,2020-09-26,1,9,0.9994405
55000900201800,2020-09-27,1,9,0.9995295
55000900201800,2020-09-28,1,9,0.9999484
55000900201800,2020-09-29,1,9,0.99995613
55000900201800,2020-09-30,1,9,0.9999255
55000900201800,2020-10-01,1,9,0.99960786
55000900201800,2020-10-02,1,9,0.9988187
55000900201800,2020-10-03,1,9,0.9984804
55000900201800,2020-10-04,1,9,0.99678016
55000900201800,2020-10-05,1,9,0.9951225
55000900201800,2020-10-06,1,9,0.99530244
55000900201800,2020-10-07,1,9,0.99636614
55000900201800,2020-10-08,1,9,0.9962637
55000900201800,2020-10-09,1,9,0.9956067
55000900201800,2020-10-11,1,9,0.9952179
55000900201800,2020-10-12,1,9,0.99688476
55000900201800,2020-10-13,1,9,0.998895
55000900201800,2020-10-14,1,9,0.99990153
55000900201800,2020-10-15,1,9,0.9999423
55000900201800,2020-10-16,1,9,0.99997795
55000900201800,2020-10-17,1,9,0.9999497
55000900201800,2020-10-18,1,9,0.9999546
55000900201800,2020-10-19,1,9,0.9999244
55000900201800,2020-10-20,1,0,0.9998883
55000900201800,2020-10-21,1,0,0.9998362
55000900201811,2020-09-11,1,9,0.9984754
55000900201811,2020-09-12,1,9,0.99809164
55000900201811,2020-09-13,1,9,0.99808335
55000900201811,2020-09-14,1,9,0.9980641
55000900201811,2020-09-15,1,9,0.99857235
55000900201811,2020-09-16,1,9,0.99822587
55000900201811,2020-09-17,1,9,0.9986817
55000900201811,2020-09-18,1,9,0.99892277
55000900201811,2020-09-19,1,9,0.9991953
55000900201811,2020-09-20,1,9,0.9996774
55000900201811,2020-09-21,1,9,0.99995244
55000900201811,2020-09-22,1,9,0.9999726
55000900201811,2020-09-23,1,9,0.9999583
55000900201811,2020-09-24,1,9,0.99997354
55000900201811,2020-09-25,1,9,0.9999827
55000900201811,2020-09-26,1,9,0.99998903
55000900201811,2020-09-27,1,9,0.9999882
55000900201811,2020-09-28,1,9,0.9999895
55000900201811,2020-09-29,1,9,0.99998915
55000900201811,2020-09-30,1,9,0.9999887
55000900201811,2020-10-01,1,9,0.9999819
55000900201811,2020-10-02,1,9,0.9999449
55000900201811,2020-10-03,1,9,0.99976236
55000900201811,2020-10-04,1,9,0.999708
55000900201811,2020-10-05,1,9,0.9997068
55000900201811,2020-10-06,1,9,0.99989724
55000900201811,2020-10-07,1,9,0.99995995
55000900201811,2020-10-08,1,9,0.9999248
55000900201811,2020-10-09,1,9,0.9998319
55000900201811,2020-10-10,1,9,0.99990404
55000900201811,2020-10-11,1,9,0.99997675
55000900201811,2020-10-12,1,9,0.999984
55000900201811,2020-10-13,1,9,0.99998903
55000900201811,2020-10-14,1,9,0.9999896
55000900201811,2020-10-15,1,9,0.99998975
55000900201811,2020-10-16,1,9,0.99998975
55000900201811,2020-10-17,1,9,0.99998987
55000900201811,2020-10-18,1,9,0.9999894
55000900201811,2020-10-19,1,9,0.9999883
55000900201811,2020-10-20,1,9,0.99998724
55000900201811,2020-10-21,1,9,0.99998796
55000900201811,2020-10-22,1,0,0.9999887
55000900201811,2020-10-23,1,0,0.9999881
55000900202948,2020-09-11,1,9,0.9998996
55000900202948,2020-09-12,1,9,0.9998803
55000900202948,2020-09-13,1,9,0.9999043
55000900202948,2020-09-14,1,9,0.999923
55000900202948,2020-09-15,1,9,0.9999206
55000900202948,2020-09-16,1,9,0.9999293
55000900202948,2020-09-17,1,9,0.9999267
55000900202948,2020-09-18,1,9,0.9999373
55000900202948,2020-09-19,1,9,0.9999548
55000900202948,2020-09-20,1,9,0.9999707
55000900202948,2020-09-21,1,9,0.99998665
55000900202948,2020-09-22,1,9,0.99998844
55000900202948,2020-09-23,1,9,0.9999838
55000900202948,2020-09-24,1,9,0.9999839
55000900202948,2020-09-25,1,9,0.9999858
55000900202948,2020-09-26,1,9,0.9999888
55000900202948,2020-09-27,1,9,0.9999895
55000900202948,2020-09-28,1,9,0.99999
55000900202948,2020-09-29,1,9,0.9999901
55000900202948,2020-09-30,1,9,0.99999034
55000900202948,2020-10-01,1,9,0.99998856
55000900202948,2020-10-02,1,9,0.9999864
55000900202948,2020-10-03,1,9,0.9999863
55000900202948,2020-10-04,1,9,0.99998605
55000900202948,2020-10-05,1,9,0.9999875
55000900202948,2020-10-06,1,9,0.99998796
55000900202948,2020-10-07,1,9,0.9999881
55000900202948,2020-10-08,1,9,0.99998605
55000900202948,2020-10-09,1,9,0.99998486
55000900202948,2020-10-10,1,9,0.99998796
55000900202948,2020-10-11,1,9,0.9999882
55000900202948,2020-10-12,1,9,0.9999881
55000900202948,2020-10-13,1,9,0.9999902
55000900202948,2020-10-14,1,9,0.99999046
55000900202948,2020-10-15,1,9,0.99999046
55000900202948,2020-10-16,1,9,0.99999046
55000900202948,2020-10-17,1,9,0.99999034
55000900202948,2020-10-18,1,9,0.99998915
55000900202948,2020-10-19,1,9,0.9999887
55000900202948,2020-10-20,1,9,0.9999889
55000900202948,2020-10-21,1,0,0.99998856
55000900202948,2020-10-22,1,0,0.99998856
55000900233930,2020-09-11,1,9,0.99998915
55000900233930,2020-09-12,1,9,0.99998915
55000900233930,2020-09-13,1,9,0.99998915
55000900233930,2020-09-14,1,9,0.99998915
55000900233930,2020-09-15,1,9,0.99998915
55000900233930,2020-09-16,1,9,0.99998915
55000900233930,2020-09-17,1,9,0.99998915
55000900233930,2020-09-18,1,9,0.99998915
55000900233930,2020-09-19,1,9,0.99998915
55000900233930,2020-09-20,1,9,0.99998915
55000900233930,2020-09-21,1,9,0.99998915
55000900233930,2020-09-22,1,9,0.99998915
55000900233930,2020-09-23,1,9,0.99998915
55000900233930,2020-09-24,1,9,0.99998915
55000900233930,2020-09-25,1,9,0.99998915
55000900233930,2020-09-26,1,9,0.99998915
55000900233930,2020-09-27,1,9,0.99998915
55000900233930,2020-09-28,1,9,0.99998915
55000900233930,2020-09-29,1,9,0.99998915
55000900233930,2020-09-30,1,9,0.99998915
55000900233930,2020-10-01,1,9,0.99998915
55000900233930,2020-10-02,1,9,0.99998915
55000900233930,2020-10-03,1,9,0.99998915
55000900233930,2020-10-04,1,9,0.99998915
55000900233930,2020-10-05,1,9,0.99998915
55000900233930,2020-10-06,1,9,0.99998915
55000900233930,2020-10-07,1,9,0.99998915
55000900233930,2020-10-08,1,9,0.99998915
55000900233930,2020-10-09,1,9,0.99998915
55000900233930,2020-10-10,1,9,0.99998915
55000900233930,2020-10-11,1,9,0.99998915
55000900233930,2020-10-12,1,9,0.99998915
55000900233930,2020-10-13,1,9,0.99998915
55000900233930,2020-10-14,1,9,0.99998915
55000900233930,2020-10-15,1,9,0.99998915
55000900233930,2020-10-16,1,9,0.99998915
55000900233930,2020-10-17,1,9,0.99998915
55000900233930,2020-10-18,1,9,0.99998915
55000900233930,2020-10-19,1,9,0.99998915
55000900233930,2020-10-20,1,9,0.99998915
55000900233930,2020-10-21,1,9,0.99998915
55000900233930,2020-10-22,1,9,0.99998915
55000900233930,2020-10-23,1,9,0.99998915
55000900233930,2020-10-24,1,9,0.99998915
55000900233930,2020-10-25,1,9,0.99998915
55000900233930,2020-10-26,1,0,0.99999
55000900233930,2020-10-27,1,0,0.9999901
55000900234607,2020-09-11,1,0,0.98356485
55000900234607,2020-09-12,1,0,0.97302306
55000900234607,2020-09-13,1,0,0.97047734
55000900234607,2020-09-14,1,0,0.9883334
55000900234607,2020-09-15,1,0,0.9903058
55000900234607,2020-09-16,1,0,0.9899193
55000900234607,2020-09-17,1,0,0.99007446
55000900234607,2020-09-18,1,0,0.9906978
55000900234607,2020-09-19,1,0,0.9898662
55000900234607,2020-09-20,1,0,0.9941461
55000900234607,2020-09-21,1,0,0.9912708
55000900234607,2020-09-22,1,0,0.9863398
55000900234607,2020-09-23,1,0,0.9860145
55000900234607,2020-09-24,1,0,0.9854548
55000900234607,2020-09-25,1,0,0.98574096
55000900234607,2020-09-26,1,0,0.9997652
55000900234607,2020-09-27,1,0,0.99978393
55000900234607,2020-09-28,1,0,0.9999832
55000900234607,2020-09-29,1,0,0.9999813
55000900234607,2020-09-30,1,0,0.9999678
55000900234607,2020-10-01,1,0,0.9999224
55000900234607,2020-10-02,1,0,0.99971455
55000900234607,2020-10-03,1,0,0.99898654
55000900234607,2020-10-04,1,0,0.9987249
55000900234607,2020-10-05,1,0,0.9983571
55000900234607,2020-10-06,1,0,0.9981681
55000900234607,2020-10-07,1,0,0.9981652
55000900234607,2020-10-08,1,0,0.99792945
55000900234607,2020-10-09,1,0,0.9979444
55000900234607,2020-10-10,1,0,0.9978504
55000900234607,2020-10-11,1,0,0.99795204
55000900234607,2020-10-12,1,0,0.99817693
55000900234607,2020-10-13,1,0,0.9999881
55000900234607,2020-10-14,1,0,0.99998915
55000900234607,2020-10-15,1,0,0.9999895
55000900234607,2020-10-16,1,0,0.99998975
55000900234607,2020-10-17,1,0,0.9999896
55000900234607,2020-10-18,1,0,0.99999046
55000900234607,2020-10-19,1,0,0.9999877
55000900234607,2020-10-20,1,0,0.9999871
55000900234607,2020-10-21,1,0,0.99998724
55000900234607,2020-10-22,1,0,0.9999857
55000900234607,2020-10-23,1,0,0.9999844
55000900234607,2020-10-24,1,0,0.9999875
55000900234607,2020-10-25,1,0,0.99998724
55000900234607,2020-10-26,1,0,0.99998903
55000900234607,2020-10-27,1,0,0.99998915
55000900234607,2020-10-28,1,0,0.99998987
55000900234607,2020-10-29,1,0,0.99999046
55000900234607,2020-10-30,1,0,0.9999893
55000900234607,2020-10-31,1,0,0.9999858
55000900234607,2020-11-01,1,0,0.99998367
55000900234607,2020-11-02,1,0,0.99998736
55000900234607,2020-11-03,1,0,0.9999833
55000900234607,2020-11-04,1,0,0.9999764
55000900234607,2020-11-05,1,0,0.9999505
55000900234607,2020-11-06,1,0,0.9999472
55000900234607,2020-11-07,1,0,0.9999082
55000900234607,2020-11-08,1,0,0.9999887
55000900234607,2020-11-09,1,0,0.99998903
55000900234607,2020-11-10,1,0,0.9999893
55000900234607,2020-11-11,1,0,0.99998975
55000900234607,2020-11-12,1,0,0.99998987
55000900234607,2020-11-13,1,0,0.99998975
55000900234607,2020-11-14,1,0,0.99998975
55000900234607,2020-11-15,1,0,0.9999895
55000900234607,2020-11-16,1,0,0.99998975
55000900234607,2020-11-17,1,0,0.99998987
55000900234607,2020-11-18,1,0,0.99998975
55000900234607,2020-11-19,1,0,0.9999895
55000900234607,2020-11-20,1,0,0.99998987
55000900234607,2020-11-21,1,0,0.99998975
55000900234607,2020-11-22,1,0,0.99998975
55000900234607,2020-11-23,1,0,0.99998975
55000900234607,2020-11-24,1,0,0.99998987
55000900234607,2020-11-25,1,0,0.99999
55000900234607,2020-11-26,1,0,0.9999895
55000900234607,2020-11-27,1,0,0.99998975
55000900234607,2020-11-28,1,0,0.9999896
55000900234607,2020-11-29,1,0,0.9999895
55000900234607,2020-11-30,1,0,0.99998987
55000900234607,2020-12-01,1,0,0.99998975
55000900234607,2020-12-02,1,0,0.9999901
55000900234607,2020-12-03,1,0,0.99998975
55000900234607,2020-12-04,1,0,0.99998987
55000900234607,2020-12-05,1,0,0.99999
55000900234607,2020-12-06,1,0,0.99998987
55000900234607,2020-12-07,1,0,0.9999901
55000900234607,2020-12-08,1,0,0.9999902
55000900234607,2020-12-09,1,0,0.9999893
55000900234607,2020-12-10,1,0,0.9999896
55000900234607,2020-12-11,1,0,0.99998987
55000900234607,2020-12-12,1,0,0.99998915
55000900234607,2020-12-13,1,0,0.9999895
55000900234607,2020-12-14,1,0,0.9999894
55000900234607,2020-12-15,1,0,0.9999896
55000900234607,2020-12-16,1,0,0.9999894
55000900234607,2020-12-17,1,0,0.9999894
55000900234607,2020-12-18,1,0,0.9999896
55000900234607,2020-12-19,1,0,0.99998975
55000900234607,2020-12-20,1,0,0.9999896
55000900234607,2020-12-21,1,0,0.99998975
55000900234607,2020-12-22,1,0,0.99998987
55000900234607,2020-12-23,1,0,0.99998987
55000900234607,2020-12-24,1,0,0.99998975
55000900234607,2020-12-25,1,0,0.9999896
55000900234607,2020-12-26,1,0,0.99998987
55000900234607,2020-12-27,1,0,0.99999034
55000900234607,2020-12-28,1,0,0.99998975
55000900234607,2020-12-29,1,0,0.9999896
55000900234607,2020-12-30,1,0,0.99998987
55000900234607,2020-12-31,1,0,0.99999
55000900234607,2021-01-01,1,0,0.99998987
55000900234607,2021-01-02,1,0,0.99998987
55000900234607,2021-01-03,1,0,0.99998975
55000900234607,2021-01-04,1,0,0.99998975
55000900234607,2021-01-05,1,0,0.9999896
55000900234607,2021-01-06,1,0,0.9999896
55000900234607,2021-01-07,1,0,0.9999896
55000900234607,2021-01-08,1,0,0.9999896
55000900234607,2021-01-09,1,0,0.9999896
55000900234607,2021-01-10,1,0,0.9999896
55000900234607,2021-01-11,1,0,0.9999896
55000900234607,2021-01-12,1,0,0.9999896
55000900234607,2021-01-13,1,0,0.9999896
55000900234607,2021-01-14,1,0,0.9999896
55000900234607,2021-01-15,1,0,0.9999896
55000900234607,2021-01-16,1,0,0.9999896
55000900234607,2021-01-17,1,0,0.9999896
55000900234607,2021-01-18,1,0,0.9999896
55000900234607,2021-01-19,1,0,0.9999896
55000900234607,2021-01-20,1,0,0.9999896
55000900234607,2021-01-21,1,0,0.9999896
55000900234607,2021-01-22,1,0,0.9999896
55000900234607,2021-01-23,1,0,0.9999896
55000900234607,2021-01-24,1,0,0.9999895
55000900234607,2021-01-25,1,0,0.9999893
55000900234607,2021-01-26,1,0,0.9999894
55000900234607,2021-01-27,1,0,0.9999894
55000900234607,2021-01-28,1,0,0.99998915
55000900234607,2021-01-29,1,0,0.9999888
55000900234607,2021-01-30,1,0,0.99998915
55000900234607,2021-01-31,1,0,0.9999895
55000900234607,2021-02-01,1,0,0.9999895
55000900234607,2021-02-02,1,0,0.9999895
55000900234607,2021-02-03,1,0,0.9999895
55000900234607,2021-02-04,1,0,0.9999895
55000900234607,2021-02-05,1,0,0.9999895
55000900234607,2021-02-06,1,0,0.9999895
55000900234607,2021-02-07,1,0,0.9999895
55000900234607,2021-02-08,1,0,0.9999895
55000900234607,2021-02-09,1,0,0.9999895
55000900234607,2021-02-10,1,0,0.9999895
55000900234607,2021-02-11,1,0,0.9999895
55000900234607,2021-02-12,1,0,0.9999895
55000900234607,2021-02-13,1,0,0.9999895
55000900234607,2021-02-14,1,0,0.9999895
55000900234607,2021-02-15,1,0,0.9999895
55000900234607,2021-02-16,1,0,0.9999895
55000900234607,2021-02-17,1,0,0.9999895
55000900234607,2021-02-18,1,0,0.9999895
55000900234607,2021-02-19,1,0,0.9999895
55000900234607,2021-02-20,1,0,0.9999895
55000900234607,2021-02-21,1,0,0.9999895
55000900234607,2021-02-22,1,0,0.9999895
55000900234607,2021-02-23,1,0,0.9999895
55000900234607,2021-02-24,1,0,0.9999895
55000900234607,2021-02-25,1,0,0.9999895
55000900234607,2021-02-26,1,0,0.9999895
55000900234607,2021-02-27,1,0,0.9999895
55000900234607,2021-02-28,1,0,0.9999895
55000900234607,2021-03-01,1,0,0.9999895
55000900234607,2021-03-02,1,0,0.9999895
55000900234607,2021-03-03,1,0,0.9999895
55000900234607,2021-03-04,1,0,0.9999895
55000900234607,2021-03-05,1,0,0.9999895
55000900234607,2021-03-06,1,0,0.9999895
55000900234607,2021-03-07,1,0,0.9999895
55000900234607,2021-03-08,1,0,0.9999895
55000900234607,2021-03-09,1,0,0.9999895
55000900234607,2021-03-10,1,0,0.9999895
55000900234607,2021-03-11,1,0,0.9999895
55000900234607,2021-03-12,1,0,0.9999895
55000900234607,2021-03-13,1,0,0.9999895
55000900234607,2021-03-15,1,0,0.9999895
55000900234607,2021-03-16,1,0,0.9999895
55000900234607,2021-03-17,1,0,0.9999895
55000900234607,2021-03-18,1,0,0.9999895
55000900234607,2021-03-19,1,0,0.9999895
55000900234607,2021-03-20,1,0,0.9999895
55000900234607,2021-03-21,1,0,0.9999895
55000900234607,2021-03-22,1,0,0.9999895
55000900234607,2021-03-23,1,0,0.9999895
55000900234607,2021-03-24,1,0,0.9999895
55000900234607,2021-03-25,1,0,0.9999895
55000900234607,2021-03-26,1,0,0.9999895
55000900234607,2021-03-27,1,0,0.9999895
55000900234607,2021-03-28,1,0,0.9999895
55000900234607,2021-03-29,1,0,0.9999895
55000900234607,2021-03-30,1,0,0.9999895
55000900234607,2021-03-31,1,0,0.9999895
55000900234607,2021-04-01,1,0,0.9999895
55000900234607,2021-04-02,1,0,0.9999895
55000900234607,2021-04-03,1,0,0.9999895
55000900234607,2021-04-04,1,0,0.9999895
55000900234607,2021-04-05,1,0,0.9999895
55000900234607,2021-04-06,1,0,0.9999895
55000900234607,2021-04-07,1,0,0.9999895
55000900234607,2021-04-08,1,0,0.9999895
55000900234607,2021-04-09,1,0,0.9999895
55000900234607,2021-04-10,1,0,0.9999895
55000900234607,2021-04-11,1,0,0.9999895
55000900234607,2021-04-12,1,0,0.9999895
55000900234607,2021-04-13,1,0,0.9999895
55000900234607,2021-04-14,1,0,0.9999895
55000900234607,2021-04-15,1,0,0.9999895
55000900234607,2021-04-16,1,0,0.9999895
55000900234607,2021-04-17,1,0,0.9999895
55000900234607,2021-04-18,1,0,0.9999895
55000900234607,2021-04-19,1,0,0.9999895
55000900234607,2021-04-20,1,0,0.9999895
55000900234607,2021-04-21,1,0,0.9999895
55000900234607,2021-04-22,1,0,0.9999895
55000900234607,2021-04-23,1,0,0.9999895
55000900234607,2021-04-24,1,0,0.9999895
55000900234607,2021-04-25,1,0,0.9999895
55000900234607,2021-04-26,1,0,0.9999895
55000900234607,2021-04-27,1,0,0.9999895
55000900234607,2021-04-28,1,0,0.9999895
55000900234607,2021-04-29,1,0,0.9999895
55000900234607,2021-04-30,1,0,0.9999895
55000900234607,2021-05-01,1,0,0.9999895
55000900234607,2021-05-02,1,0,0.9999895
55000900234607,2021-05-03,1,0,0.9999895
55000900234607,2021-05-04,1,0,0.9999895
55000900234607,2021-05-05,1,0,0.9999895
55000900234607,2021-05-06,1,0,0.9999895
55000900234607,2021-05-07,1,0,0.9999895
55000900234607,2021-05-08,1,0,0.9999895
55000900234607,2021-05-09,1,0,0.9999895
55000900234607,2021-05-10,1,0,0.9999895
55000900234607,2021-05-11,1,0,0.9999895
55000900234607,2021-05-12,1,0,0.9999895
55000900234607,2021-05-13,1,0,0.9999895
55000900234607,2021-05-14,1,0,0.9999895
55000900234607,2021-05-15,1,0,0.9999895
55000900234607,2021-05-16,1,0,0.9999895
55000900234607,2021-05-17,1,0,0.9999895
55000900234607,2021-05-18,1,0,0.9999895
55000900234607,2021-05-19,1,0,0.9999895
55000900234607,2021-05-20,1,0,0.9999895
55000900234607,2021-05-21,1,0,0.9999895
55000900234607,2021-05-22,1,0,0.9999895
55000900234607,2021-05-23,1,0,0.9999895
55000900234607,2021-05-24,1,0,0.9999895
55000900234607,2021-05-25,1,0,0.9999895
55000900234607,2021-05-26,1,0,0.9999895
55000900234607,2021-05-27,1,0,0.9999895
55000900234607,2021-05-28,1,0,0.9999895
55000900234607,2021-05-29,1,0,0.9999895
55000900234607,2021-05-30,1,0,0.9999895
55000900234607,2021-05-31,1,0,0.9999895
55000900234607,2021-06-01,1,0,0.9999895
55000900234607,2021-06-02,1,0,0.9999895
55000900234607,2021-06-03,1,0,0.9999895
55000900234607,2021-06-04,1,0,0.9999895
55000900234607,2021-06-05,1,0,0.9999895
55000900234607,2021-06-06,1,0,0.9999895
55000900234607,2021-06-07,1,0,0.9999895
55000900234607,2021-06-08,1,0,0.9999895
55000900234607,2021-06-09,1,0,0.9999895
55000900234607,2021-06-10,1,0,0.9999895
55000900234607,2021-06-11,1,0,0.9999895
55000900234607,2021-06-12,1,0,0.9999895
55000900234607,2021-06-13,1,0,0.9999895
55000900234607,2021-06-14,1,0,0.9999895
55000900234607,2021-06-15,1,0,0.9999895
55000900234607,2021-06-16,1,0,0.9999895
55000900234607,2021-06-17,1,0,0.9999895
55000900234607,2021-06-18,1,0,0.9999895
55000900234607,2021-06-19,1,0,0.9999895
55000900234607,2021-06-20,1,0,0.9999895
55000900234607,2021-06-22,1,0,0.9999895
55000900234607,2021-06-23,1,0,0.9999895
55000900234607,2021-06-24,1,0,0.9999895
55000900234607,2021-06-25,1,0,0.9999895
55000900234607,2021-06-26,1,0,0.9999895
55000900234607,2021-06-27,1,0,0.9999895
55000900234607,2021-06-28,1,0,0.9999895
55000900234607,2021-06-29,1,0,0.9999895
55000900234607,2021-06-30,1,0,0.9999895
55000900234607,2021-07-01,1,0,0.9999895
55000900234607,2021-07-02,1,0,0.9999895
55000900234607,2021-07-03,1,0,0.9999895
55000900234607,2021-07-04,1,0,0.9999895
55000900234607,2021-07-05,1,0,0.9999895
55000900234607,2021-07-06,1,0,0.9999895
55000900234607,2021-07-07,1,0,0.9999895
55000900234607,2021-07-08,1,0,0.9999895
55000900234607,2021-07-09,1,0,0.9999895
55000900234607,2021-07-10,1,0,0.9999895
55000900234607,2021-07-11,1,0,0.9999895
55000900234607,2021-07-12,1,0,0.9999895
55000900234607,2021-07-13,1,0,0.9999895
55000900234607,2021-07-14,1,0,0.9999895
55000900234607,2021-07-15,1,0,0.9999895
55000900234607,2021-07-16,1,0,0.9999895
55000900234607,2021-07-17,1,0,0.9999895
55000900234607,2021-07-18,1,0,0.9999895
55000900234607,2021-07-19,1,0,0.9999895
55000900234607,2021-07-27,1,0,0.9999895
55000900234607,2021-07-28,1,0,0.9999895
55000900234607,2021-07-29,1,0,0.9999895
55000900234607,2021-07-30,1,0,0.9999895
55000900234607,2021-07-31,1,0,0.9999895
55000900234607,2021-08-01,1,0,0.9999895
55000900234607,2021-08-02,1,0,0.9999895
55000900234607,2021-08-03,1,0,0.9999895
55000900234607,2021-08-04,1,0,0.9999895
55000900234607,2021-08-05,1,0,0.9999895
55000900234607,2021-08-06,1,0,0.9999895
55000900234607,2021-08-07,1,0,0.9999895
55000900234607,2021-08-08,1,0,0.9999895
55000900234607,2021-08-09,1,0,0.9999895
55000900234607,2021-08-10,1,0,0.9999895
55000900234607,2021-08-11,1,0,0.9999895
55000900234607,2021-08-12,1,0,0.9999895
55000900234607,2021-08-13,1,0,0.9999895
55000900234607,2021-08-14,1,0,0.9999895
55000900234607,2021-08-15,1,0,0.9999895
55000900234607,2021-08-16,1,0,0.9999895
55000900234607,2021-08-17,1,0,0.9999895
55000900234607,2021-08-18,1,0,0.9999895
55000900234607,2021-08-19,1,0,0.9999895
55000900234607,2021-08-20,1,0,0.9999895
55000900234607,2021-08-21,1,0,0.9999895
55000900234607,2021-08-22,1,0,0.9999895
55000900234607,2021-08-23,1,0,0.9999895
55000900234607,2021-08-24,1,0,0.9999895
55000900234607,2021-08-25,1,0,0.9999895
55000900234607,2021-08-26,1,0,0.9999895
55000900234607,2021-08-27,1,0,0.9999895
55000900234607,2021-08-28,1,0,0.9999895
55000900234607,2021-08-29,1,0,0.9999895
55000900234607,2021-08-30,1,0,0.9999895
55000900234607,2021-08-31,1,0,0.9999895
55000900234607,2021-09-01,1,0,0.9999895
55000900234607,2021-09-02,1,0,0.9999895
55000900234607,2021-09-03,1,0,0.9999895
55000900234607,2021-09-04,1,0,0.9999895
55000900234607,2021-09-05,1,0,0.9999895
55000900234607,2021-09-06,1,0,0.9999895
55000900234607,2021-09-07,1,0,0.9999895
55000900234607,2021-09-08,1,0,0.9999895
55000900234607,2021-09-09,1,0,0.9999895
55000900234607,2021-09-10,1,0,0.9999895
55000900234607,2021-09-11,1,0,0.9999895
55000900234607,2021-09-12,1,0,0.9999895
55000900234607,2021-09-13,1,0,0.9999895
55000900234607,2021-09-14,1,0,0.9999895
55000900234607,2021-09-15,1,0,0.9999895
55000900234607,2021-09-16,1,0,0.9999895
55000900234607,2021-09-17,1,0,0.9999895
55000900234607,2021-09-18,1,0,0.9999895
55000900234607,2021-09-19,1,0,0.9999895
55000900234607,2021-09-20,1,0,0.9999895
55000900234607,2021-09-21,1,0,0.9999895
55000900234607,2021-09-22,1,0,0.9999895
55000900234607,2021-09-23,1,0,0.9999895
55000900234607,2021-09-24,1,0,0.9999895
55000900234607,2021-09-25,1,0,0.9999895
55000900234607,2021-09-26,1,0,0.9999895
55000900234607,2021-09-27,1,0,0.9999895
55000900234607,2021-09-28,1,0,0.9999895
55000900234607,2021-09-29,1,0,0.9999895
55000900234607,2021-09-30,1,0,0.9999895
55000900234607,2021-10-01,1,0,0.9999895
55000900234607,2021-10-02,1,0,0.9999895
55000900234607,2021-10-03,1,0,0.9999895
55000900234607,2021-10-04,1,0,0.9999895
55000900234607,2021-10-05,1,0,0.9999895
55000900234607,2021-10-06,1,0,0.9999895
55000900234607,2021-10-07,1,0,0.9999895
55000900234607,2021-10-08,1,0,0.9999895
55000900234607,2021-10-09,1,0,0.9999895
55000900234607,2021-10-10,1,0,0.9999895
55000900234607,2021-10-11,1,0,0.9999895
55000900234607,2021-10-12,1,0,0.9999895
55000900234607,2021-10-13,1,0,0.9999895
55000900234607,2021-10-14,1,0,0.9999895
55000900234607,2021-10-15,1,0,0.9999895
55000900234607,2021-10-16,1,0,0.9999895
55000900234607,2021-10-17,1,0,0.9999895
55000900234607,2021-10-18,1,0,0.9999895
55000900234607,2021-10-19,1,0,0.9999895
55000900234607,2021-10-20,1,0,0.9999895
55000900234607,2021-10-21,1,0,0.9999895
55000900234607,2021-10-22,1,0,0.9999895
55000900234607,2021-10-23,1,0,0.9999895
55000900234607,2021-10-24,1,0,0.9999895
55000900234607,2021-10-25,1,0,0.9999895
55000900234607,2021-10-26,1,0,0.9999895
55000900234607,2021-10-27,1,0,0.9999895
55000900234607,2021-10-28,1,0,0.9999895
55000900234607,2021-10-29,1,0,0.9999895
55000900234607,2021-10-30,1,0,0.9999895
55000900234607,2021-10-31,1,0,0.9999895
55000900234607,2021-11-01,1,0,0.9999895
55000900234607,2021-11-02,1,0,0.9999895
55000900234607,2021-11-03,1,0,0.9999895
55000900234607,2021-11-04,1,0,0.9999895
55000900234607,2021-11-05,1,0,0.9999895
55000900234607,2021-11-06,1,0,0.9999895
55000900234607,2021-11-07,1,0,0.9999895
55000900234607,2021-11-08,1,0,0.9999895
55000900234607,2021-11-09,1,0,0.9999895
55000900234607,2021-11-10,1,0,0.9999895
55000900234607,2021-11-11,1,0,0.9999895
55000900234607,2021-11-12,1,0,0.9999895
55000900234607,2021-11-13,1,0,0.9999895
55000900234607,2021-11-14,1,0,0.9999895
55000900234607,2021-11-15,1,0,0.9999895
55000900234607,2021-11-16,1,0,0.9999895
55000900234607,2021-11-17,1,0,0.9999895
55000900234607,2021-11-18,1,0,0.9999895
55000900234607,2021-11-19,1,0,0.9999895
55000900234607,2021-11-20,1,0,0.9999895
55000900234607,2021-11-21,1,0,0.9999895
55000900234607,2021-11-22,1,0,0.9999895
55000900234607,2021-11-23,1,0,0.9999895
55000900234607,2021-11-24,1,0,0.9999895
55000900234607,2021-11-25,1,0,0.9999895
55000900234607,2021-11-26,1,0,0.9999895
55000900234607,2021-11-27,1,0,0.9999895
55000900234607,2021-11-28,1,0,0.9999895
55000900234607,2021-11-29,1,0,0.9999895
55000900234607,2021-11-30,1,0,0.9999895
55000900234607,2021-12-01,1,0,0.9999895
55000900234607,2021-12-02,1,0,0.9999895
55000900234607,2021-12-03,1,0,0.9999895
55000900234607,2021-12-04,1,0,0.9999895
55000900234607,2021-12-05,1,0,0.9999895
55000900234607,2021-12-06,1,0,0.9999895
55000900234607,2021-12-07,1,0,0.9999895
55000900234607,2021-12-08,1,0,0.9999895
55000900234607,2021-12-09,1,0,0.9999895
55000900234607,2021-12-10,1,0,0.9999895
55000900234607,2021-12-11,1,0,0.9999895
55000900234607,2021-12-12,1,0,0.9999895
55000900234607,2021-12-13,1,0,0.9999895
55000900234607,2021-12-14,1,0,0.9999895
55000900234607,2021-12-15,1,0,0.9999895
55000900234607,2021-12-16,1,0,0.9999895
55000900234607,2021-12-17,1,0,0.9999895
55000900234607,2021-12-18,1,0,0.9999895
55000900234607,2021-12-19,1,0,0.9999895
55000900234607,2021-12-20,1,0,0.9999895
55000900234607,2021-12-21,1,0,0.9999895
55000900234607,2021-12-22,1,0,0.9999895
55000900234607,2021-12-23,1,0,0.9999895
55000900234607,2021-12-24,1,0,0.9999895
55000900234607,2021-12-25,1,0,0.9999895
55000900234607,2021-12-26,1,0,0.9999895
55000900234607,2021-12-27,1,0,0.9999895
55000900234607,2021-12-28,1,0,0.9999895
55000900234607,2021-12-29,1,0,0.9999895
55000900234607,2021-12-30,1,0,0.9999895
55000900234607,2021-12-31,1,0,0.9999895
55000900234607,2022-01-01,1,0,0.9999895
55000900234607,2022-01-02,1,0,0.9999895
55000900234607,2022-01-03,1,0,0.9999895
55000900234607,2022-01-04,1,0,0.9999895
55000900234607,2022-01-05,1,0,0.9999895
55000900234607,2022-01-06,1,0,0.9999895
55000900234607,2022-01-07,1,0,0.9999895
55000900234607,2022-01-08,1,0,0.9999895
55000900234607,2022-01-09,1,0,0.9999895
55000900234607,2022-01-10,1,0,0.9999895
55000900234607,2022-01-11,1,0,0.9999895
55000900234607,2022-01-12,1,0,0.9999895
55000900234607,2022-01-13,1,0,0.9999895
55000900234607,2022-01-14,1,0,0.9999895
55000900234607,2022-01-15,1,0,0.9999895
55000900234607,2022-01-16,1,0,0.9999895
55000900234607,2022-01-17,1,0,0.9999895
55000900234607,2022-01-18,1,0,0.9999895
55000900234607,2022-01-19,1,0,0.9999895
55000900234607,2022-01-20,1,0,0.9999895
55000900234607,2022-01-21,1,0,0.9999895
55000900234607,2022-01-22,1,0,0.9999895
55000900234607,2022-01-23,1,0,0.9999895
55000900234607,2022-01-24,1,0,0.9999895
55000900234607,2022-01-25,1,0,0.9999895
55000900234607,2022-01-26,1,0,0.9999895
55000900234607,2022-01-27,1,0,0.9999895
55000900234607,2022-01-28,1,0,0.9999895
55000900234607,2022-01-29,1,0,0.9999895
55000900234607,2022-01-30,1,0,0.9999895
55000900234607,2022-01-31,1,0,0.9999895
55000900234607,2022-02-01,1,0,0.9999895
55000900234607,2022-02-02,1,0,0.9999895
55000900234607,2022-02-03,1,0,0.9999895
55000900234607,2022-02-04,1,0,0.9999895
55000900234607,2022-02-05,1,0,0.9999895
55000900234607,2022-02-06,1,0,0.9999895
55000900234607,2022-02-07,1,0,0.9999895
55000900234607,2022-02-08,1,0,0.9999895
55000900234607,2022-02-09,1,0,0.9999895
55000900234607,2022-02-10,1,0,0.9999895
55000900234607,2022-02-11,1,0,0.9999895
55000900234607,2022-02-12,1,0,0.9999895
55000900234607,2022-02-13,1,0,0.9999895
55000900234607,2022-02-14,1,0,0.9999895
55000900234607,2022-02-15,1,0,0.9999895
55000900234607,2022-02-16,1,0,0.9999895
55000900234607,2022-02-17,1,0,0.9999895
55000900234607,2022-02-18,1,0,0.9999895
55000900234607,2022-02-19,1,0,0.9999895
55000900234607,2022-02-20,1,0,0.9999895
55000900234607,2022-02-21,1,0,0.9999895
55000900234607,2022-02-22,1,0,0.9999895
55000900234607,2022-02-23,1,0,0.9999895
55000900234607,2022-02-24,1,0,0.9999895
55000900234607,2022-02-25,1,0,0.9999895
55000900234607,2022-02-26,1,0,0.9999895
55000900234607,2022-02-27,1,0,0.9999895
55000900234607,2022-02-28,1,0,0.9999895
55000900234607,2022-03-01,1,0,0.9999895
55000900234607,2022-03-02,1,0,0.9999895
55000900234607,2022-03-03,1,0,0.9999895
55000900234607,2022-03-04,1,0,0.9999895
55000900234607,2022-03-05,1,0,0.9999895
55000900234607,2022-03-06,1,0,0.9999895
55000900234607,2022-03-07,1,0,0.9999895
55000900234607,2022-03-08,1,0,0.9999895
55000900234607,2022-03-09,1,0,0.9999895
55000900234607,2022-03-10,1,0,0.9999895
55000900234607,2022-03-11,1,0,0.9999895
55000900234607,2022-03-12,1,0,0.9999895
55000900234607,2022-03-14,1,0,0.9999895
55000900234607,2022-03-15,1,0,0.9999895
55000900234607,2022-03-16,1,0,0.9999895
55000900234607,2022-03-17,1,0,0.9999895
55000900234607,2022-03-18,1,0,0.9999895
55000900234607,2022-03-19,1,0,0.9999895
55000900234607,2022-03-20,1,0,0.9999895
55000900234607,2022-03-21,1,0,0.9999895
55000900234607,2022-03-22,1,0,0.9999895
55000900234607,2022-03-23,1,0,0.9999895
55000900234607,2022-03-24,1,0,0.9999895
55000900234607,2022-03-25,1,0,0.9999895
55000900234607,2022-03-26,1,0,0.9999895
55000900234607,2022-03-27,1,0,0.9999895
55000900234607,2022-03-28,1,0,0.9999895
55000900234607,2022-03-29,1,0,0.9999895
55000900234607,2022-03-30,1,0,0.9999895
55000900234607,2022-03-31,1,0,0.9999895
55000900234607,2022-04-01,1,0,0.9999895
55000900234607,2022-04-02,1,0,0.9999895
55000900234607,2022-04-03,1,0,0.9999895
55000900234607,2022-04-04,1,0,0.9999895
55000900234607,2022-04-05,1,0,0.9999895
55000900234607,2022-04-06,1,0,0.9999895
55000900234607,2022-04-07,1,0,0.9999895
55000900234607,2022-04-08,1,0,0.9999895
55000900234607,2022-04-09,1,0,0.9999895
55000900234607,2022-04-10,1,0,0.9999895
55000900234607,2022-04-11,1,0,0.9999895
55000900234607,2022-04-12,1,0,0.9999895
55000900234607,2022-04-13,1,0,0.9999895
55000900234607,2022-04-14,1,0,0.9999895
55000900234607,2022-04-15,1,0,0.9999895
55000900234607,2022-04-16,1,0,0.9999895
55000900234607,2022-04-17,1,0,0.9999895
55000900234607,2022-04-18,1,0,0.9999895
55000900234607,2022-04-19,1,0,0.9999895
55000900234607,2022-04-20,1,0,0.9999895
55000900234607,2022-04-21,1,0,0.9999895
55000900234607,2022-04-22,1,0,0.9999895
55000900234607,2022-04-23,1,0,0.9999895
55000900234607,2022-04-24,1,0,0.9999895
55000900234607,2022-04-25,1,0,0.9999895
55000900234607,2022-04-26,1,0,0.9999895
55000900234607,2022-04-27,1,0,0.9999895
55000900234607,2022-04-28,1,0,0.9999895
55000900234607,2022-04-29,1,0,0.9999895
55000900234607,2022-04-30,1,0,0.9999895
55000900234607,2022-05-01,1,0,0.9999895
55000900234607,2022-05-02,1,0,0.9999895
55000900234607,2022-05-03,1,0,0.9999895
55000900234607,2022-05-04,1,0,0.9999895
55000900234607,2022-05-05,1,0,0.9999895
55000900234607,2022-05-06,1,0,0.9999895
55000900234607,2022-05-07,1,0,0.9999895
55000900234607,2022-05-08,1,0,0.9999895
55000900234607,2022-05-09,1,0,0.9999895
55000900234607,2022-05-10,1,0,0.9999895
55000900234607,2022-05-11,1,0,0.9999895
55000900234607,2022-05-12,1,0,0.9999895
55000900234607,2022-05-13,1,0,0.9999895
55000900234607,2022-05-14,1,0,0.9999895
55000900234607,2022-05-15,1,0,0.9999895
55000900234607,2022-05-16,1,0,0.9999895
55000900234607,2022-05-17,1,0,0.9999895
55000900234607,2022-05-18,1,0,0.9999895
55000900234607,2022-05-19,1,0,0.9999895
55000900234607,2022-05-20,1,0,0.9999895
55000900234607,2022-05-21,1,0,0.9999895
55000900234607,2022-05-22,1,0,0.9999895
55000900234607,2022-05-23,1,0,0.9999895
55000900234607,2022-05-24,1,0,0.9999895
55000900234607,2022-05-25,1,0,0.9999895
55000900234607,2022-05-26,1,0,0.9999895
55000900234607,2022-05-27,1,0,0.9999895
55000900234607,2022-05-28,1,0,0.9999895
55000900234607,2022-05-29,1,0,0.9999895
55000900234607,2022-05-30,1,0,0.9999895
55000900234607,2022-05-31,1,0,0.9999895
55000900234607,2022-06-01,1,0,0.9999895
55000900234607,2022-06-02,1,0,0.9999895
55000900234607,2022-06-03,1,0,0.9999895
55000900234607,2022-06-04,1,0,0.9999895
55000900234607,2022-06-05,1,0,0.9999895
55000900234607,2022-06-06,1,0,0.9999895
55000900234607,2022-06-07,1,0,0.9999895
55000900234607,2022-06-08,1,0,0.9999895
55000900234607,2022-06-09,1,0,0.9999895
55000900234607,2022-06-10,1,0,0.9999895
55000900234607,2022-06-11,1,0,0.9999895
55000900234607,2022-06-12,1,0,0.9999895
55000900234607,2022-06-13,1,0,0.9999895
55000900234607,2022-06-14,1,0,0.9999895
55000900234607,2022-06-15,1,0,0.9999895
55000900234607,2022-06-16,1,0,0.9999895
55000900234607,2022-06-17,1,0,0.9999895
55000900234607,2022-06-18,1,0,0.9999895
55000900234607,2022-06-19,1,0,0.9999895
55000900234607,2022-06-20,1,0,0.9999895
55000900234607,2022-06-21,1,0,0.9999895
55000900234607,2022-06-22,1,0,0.9999895
55000900234607,2022-06-23,1,0,0.9999895
55000900234607,2022-06-24,1,0,0.9999895
55000900234607,2022-06-25,1,0,0.9999895
55000900234607,2022-06-26,1,0,0.9999895
55000900234607,2022-06-27,1,0,0.9999895
55000900234607,2022-06-28,1,0,0.9999895
55000900234607,2022-06-29,1,0,0.9999895
55000900234607,2022-06-30,1,0,0.9999895
55000900234607,2022-07-01,1,0,0.9999895
55000900234607,2022-07-02,1,0,0.9999895
55000900234607,2022-07-03,1,0,0.9999895
55000900234607,2022-07-04,1,0,0.9999895
55000900234607,2022-07-05,1,0,0.9999895
55000900234607,2022-07-06,1,0,0.9999895
55000900234607,2022-07-07,1,0,0.9999895
55000900234607,2022-07-08,1,0,0.9999895
55000900234607,2022-07-09,1,0,0.9999895
55000900234607,2022-07-10,1,0,0.9999895
55000900234607,2022-07-11,1,0,0.9999895
55000900234607,2022-07-12,1,0,0.9999895
55000900234607,2022-07-13,1,0,0.9999895
55000900234607,2022-07-14,1,0,0.9999895
55000900234607,2022-07-15,1,0,0.9999895
55000900234607,2022-07-16,1,0,0.9999895
55000900234607,2022-07-17,1,0,0.9999895
55000900234607,2022-07-18,1,0,0.9999895
55000900234607,2022-07-19,1,0,0.9999895
55000900234607,2022-07-20,1,0,0.9999895
55000900234607,2022-07-21,1,0,0.9999895
55000900234607,2022-07-22,1,0,0.9999895
55000900234607,2022-07-23,1,0,0.9999895
55000900234607,2022-07-24,1,0,0.9999895
55000900234607,2022-07-25,1,0,0.9999895
55000900234607,2022-07-26,1,0,0.9999895
55000900234607,2022-07-27,1,0,0.9999895
55000900234607,2022-07-28,1,0,0.9999895
55000900234607,2022-07-29,1,0,0.9999895
55000900234607,2022-07-30,1,0,0.9999895
55000900234607,2022-07-31,1,0,0.9999895
55000900234607,2022-08-01,1,0,0.9999895
55000900234607,2022-08-02,1,0,0.9999895
55000900234607,2022-08-03,1,0,0.9999895
55000900234607,2022-08-04,1,0,0.9999895
55000900234607,2022-08-05,1,0,0.9999895
55000900234607,2022-08-06,1,0,0.9999895
55000900234607,2022-08-07,1,0,0.9999895
55000900234607,2022-08-08,1,0,0.9999895
55000900234607,2022-08-09,1,0,0.9999895
55000900234607,2022-08-10,1,0,0.9999895
55000900234607,2022-08-11,1,0,0.9999895
55000900234607,2022-08-12,1,0,0.9999895
55000900234607,2022-08-13,1,0,0.9999895
55000900234607,2022-08-14,1,0,0.9999895
55000900234607,2022-08-15,1,0,0.9999895
55000900234607,2022-08-16,1,0,0.9999895
55000900234607,2022-08-17,1,0,0.9999895
55000900234607,2022-08-18,1,0,0.9999895
55000900234607,2022-08-19,1,0,0.9999895
55000900234607,2022-08-20,1,0,0.9999895
55000900234607,2022-08-21,1,0,0.9999895
55000900234607,2022-08-22,1,0,0.9999895
55000900234607,2022-08-23,1,0,0.9999895
55000900234607,2022-08-24,1,0,0.9999895
55000900234607,2022-08-25,1,0,0.9999895
55000900234607,2022-08-26,1,0,0.9999895
55000900234607,2022-08-27,1,0,0.9999895
55000900234607,2022-08-28,1,0,0.9999895
55000900234607,2022-08-29,1,0,0.9999895
55000900234607,2022-08-30,1,0,0.9999895
55000900234607,2022-08-31,1,0,0.9999895
55000900234607,2022-09-01,1,0,0.9999895
55000900234607,2022-09-02,1,0,0.9999895
55000900234607,2022-09-03,1,0,0.9999895
55000900234607,2022-09-04,1,0,0.9999895
55000900234607,2022-09-05,1,0,0.9999895
55000900234607,2022-09-06,1,0,0.9999895
55000900234607,2022-09-07,1,0,0.9999895
55000900234607,2022-09-08,1,0,0.9999895
55000900234607,2022-09-09,1,0,0.9999895
55000900234607,2022-09-10,1,0,0.9999895
55000900234607,2022-09-11,1,0,0.9999895
55000900234607,2022-09-12,1,0,0.9999895
55000900234607,2022-09-13,1,0,0.9999895
55000900234607,2022-09-14,1,0,0.9999895
55000900234607,2022-09-15,1,0,0.9999895
55000900234607,2022-09-16,1,0,0.9999895
55000900234607,2022-09-17,1,0,0.9999895
55000900234607,2022-09-18,1,0,0.9999895
55000900234607,2022-09-19,1,0,0.9999895
55000900234607,2022-09-20,1,0,0.9999895
55000900234607,2022-09-21,1,0,0.9999895
55000900234607,2022-09-22,1,0,0.9999895
55000900234607,2022-09-23,1,0,0.9999895
55000900234607,2022-09-24,1,0,0.9999895
55000900234607,2022-09-25,1,0,0.9999895
55000900234607,2022-09-26,1,0,0.9999895
55000900234607,2022-09-27,1,0,0.9999895
55000900234607,2022-09-28,1,0,0.9999895
55000900234607,2022-09-29,1,0,0.9999895
55000900234607,2022-09-30,1,0,0.9999895
55000900234607,2022-10-01,1,0,0.9999895
55000900234607,2022-10-02,1,0,0.9999895
55000900234607,2022-10-03,1,0,0.9999895
55000900234607,2022-10-04,1,0,0.9999895
55000900234607,2022-10-05,1,0,0.9999895
55000900234607,2022-10-06,1,0,0.9999895
55000900234607,2022-10-07,1,0,0.9999895
55000900234607,2022-10-08,1,0,0.9999895
55000900234607,2022-10-09,1,0,0.9999895
55000900234607,2022-10-10,1,0,0.9999895
55000900234607,2022-10-11,1,0,0.9999895
55000900234607,2022-10-12,1,0,0.9999895
55000900234607,2022-10-13,1,0,0.9999895
55000900234607,2022-10-14,1,0,0.9999895
55000900234607,2022-10-15,1,0,0.9999895
55000900234607,2022-10-16,1,0,0.9999895
55000900234607,2022-10-17,1,0,0.9999895
55000900234607,2022-10-18,1,0,0.9999895
55000900234607,2022-10-19,1,0,0.9999895
55000900234607,2022-10-20,1,0,0.9999895
55000900234607,2022-10-21,1,0,0.9999895
55000900234607,2022-10-22,1,0,0.9999895
55000900234607,2022-10-23,1,0,0.9999895
55000900234607,2022-10-24,1,0,0.9999895
55000900234607,2022-10-25,1,0,0.9999895
55000900234607,2022-10-26,1,0,0.9999895
55000900234607,2022-10-27,1,0,0.9999895
55000900234607,2022-10-28,1,0,0.9999895
55000900234607,2022-10-29,1,0,0.9999895
55000900234607,2022-10-30,1,0,0.9999895
55000900234607,2022-10-31,1,0,0.9999895
55000900234607,2022-11-01,1,0,0.9999895
55000900234607,2022-11-02,1,0,0.9999895
55000900234607,2022-11-03,1,0,0.9999895
55000900234607,2022-11-04,1,0,0.9999895
55000900234607,2022-11-05,1,0,0.9999895
55000900234607,2022-11-06,1,0,0.9999895
55000900234607,2022-11-07,1,0,0.9999895
55000900234607,2022-11-08,1,0,0.9999895
55000900234607,2022-11-09,1,0,0.9999895
55000900234607,2022-11-10,1,0,0.9999895
55000900234607,2022-11-11,1,0,0.9999895
55000900234607,2022-11-12,1,0,0.9999895
55000900234607,2022-11-13,1,0,0.9999895
55000900234607,2022-11-14,1,0,0.9999895
55000900234607,2022-11-15,1,0,0.9999895
55000900234607,2022-11-16,1,0,0.9999895
55000900234607,2022-11-17,1,0,0.9999895
55000900234607,2022-11-18,1,0,0.9999895
55000900234607,2022-11-19,1,0,0.9999895
55000900234607,2022-11-20,1,0,0.9999895
55000900234607,2022-11-21,1,0,0.9999895
55000900234607,2022-11-22,1,0,0.9999895
55000900234607,2022-11-23,1,0,0.9999895
55000900234607,2022-11-24,1,0,0.9999895
55000900234607,2022-11-25,1,0,0.9999895
55000900234607,2022-11-26,1,0,0.9999895
55000900234607,2022-11-27,1,0,0.9999895
55000900234607,2022-11-28,1,0,0.9999895
55000900234607,2022-11-29,1,0,0.9999895
55000900234607,2022-11-30,1,0,0.9999895
55000900234607,2022-12-01,1,0,0.9999895
55000900234607,2022-12-02,1,0,0.9999895
55000900234607,2022-12-03,1,0,0.9999895
55000900234607,2022-12-04,1,0,0.9999895
55000900234607,2022-12-05,1,0,0.9999895
55000900234607,2022-12-06,1,0,0.9999895
55000900234607,2022-12-07,1,0,0.9999895
55000900234607,2022-12-08,1,0,0.9999895
55000900234607,2022-12-09,1,0,0.9999895
55000900234607,2022-12-10,1,0,0.9999895
55000900234607,2022-12-11,1,0,0.9999895
55000900234607,2022-12-12,1,0,0.9999895
55000900234607,2022-12-13,1,0,0.9999895
55000900234607,2022-12-14,1,0,0.9999895
55000900234607,2022-12-15,1,0,0.9999895
55000900234607,2022-12-16,1,0,0.9999895
55000900234607,2022-12-17,1,0,0.9999895
55000900234607,2022-12-18,1,0,0.9999895
55000900234607,2022-12-19,1,0,0.9999895
55000900234607,2022-12-20,1,0,0.9999895
55000900234607,2022-12-21,1,0,0.9999895
55000900234607,2022-12-22,1,0,0.9999895
55000900234607,2022-12-23,1,0,0.9999895
55000900234607,2022-12-24,1,0,0.9999895
55000900234607,2022-12-25,1,0,0.9999895
55000900234607,2022-12-26,1,0,0.9999895
55000900234607,2022-12-27,1,0,0.9999895
55000900234607,2022-12-28,1,0,0.9999895
55000900234607,2022-12-29,1,0,0.9999895
55000900234607,2022-12-30,1,0,0.9999895
55000900234607,2022-12-31,1,0,0.9999895
55000900234607,2023-01-01,1,0,0.9999895
55000900234607,2023-01-02,1,0,0.9999895
55000900234607,2023-01-03,1,0,0.9999895
55000900234607,2023-01-04,1,0,0.9999895
55000900234607,2023-01-05,1,0,0.9999895
55000900234607,2023-01-06,1,0,0.9999895
55000900234607,2023-01-07,1,0,0.9999895
55000900234607,2023-01-08,1,0,0.9999895
55000900234607,2023-01-09,1,0,0.9999895
55000900234607,2023-01-10,1,0,0.9999895
55000900234607,2023-01-11,1,0,0.9999895
55000900234607,2023-01-12,1,0,0.9999895
55000900234607,2023-01-13,1,0,0.9999895
55000900234607,2023-01-14,1,0,0.9999895
55000900234607,2023-01-15,1,0,0.9999895
55000900234607,2023-01-16,1,0,0.9999895
55000900234607,2023-01-17,1,0,0.9999895
55000900234607,2023-01-18,1,0,0.9999895
55000900234607,2023-01-19,1,0,0.9999895
55000900234607,2023-01-20,1,0,0.9999895
55000900234607,2023-01-21,1,0,0.9999895
55000900234607,2023-01-22,1,0,0.9999895
55000900234607,2023-01-23,1,0,0.9999895
55000900234607,2023-01-24,1,0,0.9999895
55000900234607,2023-01-25,1,0,0.9999895
55000900234607,2023-01-26,1,0,0.9999895
55000900234607,2023-01-27,1,0,0.9999895
55000900234607,2023-01-28,1,0,0.9999895
55000900234607,2023-01-29,1,0,0.9999895
55000900234607,2023-01-30,1,0,0.9999895
55000900234607,2023-01-31,1,0,0.9999895
55000900234607,2023-02-01,1,0,0.9999895
55000900234607,2023-02-02,1,0,0.9999895
55000900234607,2023-02-03,1,0,0.9999895
55000900234607,2023-02-04,1,0,0.9999895
55000900234607,2023-02-05,1,0,0.9999895
55000900234607,2023-02-06,1,0,0.9999895
55000900234607,2023-02-07,1,0,0.9999895
55000900234607,2023-02-08,1,0,0.9999895
55000900234607,2023-02-09,1,0,0.9999895
55000900234607,2023-02-10,1,0,0.9999895
55000900234607,2023-02-11,1,0,0.9999895
55000900234607,2023-02-12,1,0,0.9999895
55000900234607,2023-02-14,1,0,0.9999895
55000900234607,2023-02-15,1,0,0.9999895
55000900234607,2023-02-16,1,0,0.9999895
55000900234607,2023-02-17,1,0,0.9999895
55000900234607,2023-02-18,1,0,0.9999895
55000900234607,2023-02-19,1,0,0.9999895
55000900234607,2023-02-20,1,0,0.9999895
55000900234607,2023-02-21,1,0,0.9999895
55000900234607,2023-02-22,1,0,0.9999895
55000900234607,2023-02-23,1,0,0.9999895
55000900234607,2023-02-24,1,0,0.9999895
55000900234607,2023-02-25,1,0,0.9999895
55000900234607,2023-02-26,1,0,0.9999895
55000900234607,2023-02-27,1,0,0.9999895
55000900234607,2023-02-28,1,0,0.9999895
55000900234607,2023-03-01,1,0,0.9999895
55000900234607,2023-03-02,1,0,0.9999895
55000900234607,2023-03-03,1,0,0.9999895
55000900234607,2023-03-04,1,0,0.9999895
55000900234607,2023-03-05,1,0,0.9999895
55000900234607,2023-03-06,1,0,0.9999895
55000900234607,2023-03-07,1,0,0.9999895
55000900234607,2023-03-08,1,0,0.9999895
55000900234607,2023-03-09,1,0,0.9999895
55000900234607,2023-03-10,1,0,0.9999895
55000900234607,2023-03-11,1,0,0.9999895
55000900234607,2023-03-13,1,0,0.9999895
55000900234607,2023-03-14,1,0,0.9999895
55000900234607,2023-03-15,1,0,0.9999895
55000900234607,2023-03-16,1,0,0.9999895
55000900234607,2023-03-17,1,0,0.9999895
55000900234607,2023-03-18,1,0,0.9999895
55000900234607,2023-03-19,1,0,0.9999895
55000900234607,2023-03-20,1,0,0.9999895
55000900234607,2023-03-21,1,0,0.9999895
55000900234607,2023-03-22,1,0,0.9999895
55000900234607,2023-03-23,1,0,0.9999895
55000900234607,2023-03-24,1,0,0.9999895
55000900234607,2023-03-25,1,0,0.9999895
55000900234607,2023-03-26,1,0,0.9999895
55000900234607,2023-03-27,1,0,0.9999895
55000900234607,2023-03-28,1,0,0.9999895
55000900234607,2023-03-29,1,0,0.9999895
55000900234607,2023-03-30,1,0,0.9999895
55000900234607,2023-03-31,1,0,0.9999895
55000900234607,2023-04-01,1,0,0.9999895
55000900234607,2023-04-02,1,0,0.9999895
55000900234607,2023-04-03,1,0,0.9999895
55000900234607,2023-04-04,1,0,0.9999895
55000900234607,2023-04-05,1,0,0.9999895
55000900234607,2023-04-06,1,0,0.9999895
55000900234607,2023-04-07,1,0,0.9999895
55000900234607,2023-04-08,1,0,0.9999895
55000900234607,2023-04-09,1,0,0.9999895
55000900234607,2023-04-10,1,0,0.9999895
55000900234607,2023-04-11,1,0,0.9999895
55000900234607,2023-04-12,1,0,0.9999895
55000900234607,2023-04-13,1,0,0.9999895
55000900234607,2023-04-14,1,0,0.9999895
55000900234607,2023-04-15,1,0,0.9999895
55000900234607,2023-04-16,1,0,0.9999895
55000900234607,2023-04-17,1,0,0.9999895
55000900234607,2023-04-18,1,0,0.9999895
55000900234607,2023-04-19,1,0,0.9999895
55000900234607,2023-04-20,1,0,0.9999895
55000900235848,2020-09-11,1,9,0.99987364
55000900235848,2020-09-12,1,9,0.9998305
55000900235848,2020-09-13,1,9,0.999796
55000900235848,2020-09-14,1,9,0.9998503
55000900235848,2020-09-15,1,9,0.9998615
55000900235848,2020-09-16,1,9,0.99984884
55000900235848,2020-09-17,1,9,0.99986684
55000900235848,2020-09-18,1,9,0.9999449
55000900235848,2020-09-19,1,9,0.9999447
55000900235848,2020-09-20,1,9,0.99995685
55000900235848,2020-09-21,1,9,0.9999583
55000900235848,2020-09-22,1,9,0.9999597
55000900235848,2020-09-23,1,9,0.999959
55000900235848,2020-09-24,1,9,0.9999596
55000900235848,2020-09-25,1,9,0.99996173
55000900235848,2020-09-26,1,9,0.9999746
55000900235848,2020-09-27,1,9,0.9999852
55000900235848,2020-09-28,1,9,0.99998915
55000900235848,2020-09-29,1,9,0.9999889
55000900235848,2020-09-30,1,9,0.9999883
55000900235848,2020-10-01,1,9,0.9999846
55000900235848,2020-10-02,1,9,0.99998116
55000900235848,2020-10-03,1,9,0.99997616
55000900235848,2020-10-04,1,9,0.99997246
55000900235848,2020-10-05,1,9,0.9999696
55000900235848,2020-10-06,1,9,0.9999819
55000900235848,2020-10-07,1,9,0.99998665
55000900235848,2020-10-08,1,9,0.9999789
55000900235848,2020-10-09,1,9,0.99996674
55000900235848,2020-10-10,1,9,0.9999802
55000900235848,2020-10-11,1,9,0.99998605
55000900235848,2020-10-12,1,9,0.99998593
55000900235848,2020-10-13,1,9,0.9999894
55000900235848,2020-10-14,1,9,0.9999896
55000900235848,2020-10-15,1,9,0.9999896
55000900235848,2020-10-16,1,9,0.9999896
55000900235848,2020-10-17,1,9,0.9999895
55000900235848,2020-10-18,1,9,0.9999889
55000900235848,2020-10-19,1,0,0.99998856
55000900235848,2020-10-20,1,0,0.99998736
55000900236525,2020-09-11,1,9,0.9969837
55000900236525,2020-09-12,1,9,0.99753785
55000900236525,2020-09-13,1,9,0.9977139
55000900236525,2020-09-14,1,9,0.99750876
55000900236525,2020-09-15,1,9,0.99768555
55000900236525,2020-09-16,1,9,0.9975573
55000900236525,2020-09-17,1,9,0.9979691
55000900236525,2020-09-18,1,9,0.9986557
55000900236525,2020-09-19,1,9,0.9988312
55000900236525,2020-09-20,1,9,0.9991104
55000900236525,2020-09-21,1,9,0.99955136
55000900236525,2020-09-22,1,9,0.99987054
55000900236525,2020-09-23,1,9,0.99940443
55000900236525,2020-09-24,1,9,0.9993038
55000900236525,2020-09-25,1,9,0.99941957
55000900236525,2020-09-26,1,9,0.9998908
55000900236525,2020-09-27,1,9,0.9999237
55000900236525,2020-09-28,1,9,0.99998105
55000900236525,2020-09-29,1,9,0.99998534
55000900236525,2020-09-30,1,9,0.9999839
55000900236525,2020-10-01,1,9,0.9999448
55000900236525,2020-10-02,1,9,0.9995974
55000900236525,2020-10-03,1,9,0.99909616
55000900236525,2020-10-04,1,9,0.9992323
55000900236525,2020-10-05,1,9,0.99925905
55000900236525,2020-10-06,1,9,0.9994849
55000900236525,2020-10-07,1,9,0.9996209
55000900236525,2020-10-08,1,9,0.9992459
55000900236525,2020-10-09,1,9,0.99839157
55000900236525,2020-10-10,1,9,0.9991167
55000900236525,2020-10-11,1,9,0.9993839
55000900236525,2020-10-12,1,9,0.99920684
55000900236525,2020-10-13,1,9,0.999951
55000900236525,2020-10-14,1,9,0.9999714
55000900236525,2020-10-15,1,9,0.9999796
55000900236525,2020-10-16,1,9,0.99998665
55000900236525,2020-10-17,1,9,0.99998903
55000900236525,2020-10-18,1,0,0.99998605
55000900236525,2020-10-19,1,0,0.99997807
55000900237668,2020-09-11,0,9,0.043796886
55000900237668,2020-09-12,0,9,0.04138072
55000900237668,2020-09-13,0,9,0.042116795
55000900237668,2020-09-14,0,9,0.041387536
55000900237668,2020-09-15,0,9,0.042071518
55000900237668,2020-09-16,0,9,0.04301583
55000900237668,2020-09-17,0,9,0.04212345
55000900237668,2020-09-18,0,9,0.04250583
55000900237668,2020-09-19,0,9,0.04092966
55000900237668,2020-09-20,0,9,0.038275898
55000900237668,2020-09-21,0,9,0.030596705
55000900237668,2020-09-22,0,9,0.02736021
55000900237668,2020-09-23,0,9,0.03906181
55000900237668,2020-09-24,0,9,0.037479263
55000900237668,2020-09-25,0,9,0.035776984
55000900237668,2020-09-26,0,9,0.040640343
55000900237668,2020-09-27,0,9,0.03497045
55000900237668,2020-09-28,0,9,0.07991145
55000900237668,2020-09-29,0,9,0.04105637
55000900237668,2020-09-30,0,9,0.03835431
55000900237668,2020-10-01,0,9,0.03730788
55000900237668,2020-10-02,0,9,0.038845576
55000900237668,2020-10-03,0,9,0.038099635
55000900237668,2020-10-04,0,9,0.03808351
55000900237668,2020-10-05,0,9,0.037928723
55000900237668,2020-10-06,0,9,0.038351163
55000900237668,2020-10-07,0,9,0.039098464
55000900237668,2020-10-08,0,9,0.03814389
55000900237668,2020-10-09,0,9,0.03870036
55000900237668,2020-10-10,0,9,0.03889412
55000900237668,2020-10-11,1,9,0.037798587
55000900237668,2020-10-12,1,9,0.038002595
55000900237668,2020-10-13,1,9,0.05760993
55000900237668,2020-10-14,1,9,0.09436142
55000900237668,2020-10-15,1,9,0.07462563
55000900237668,2020-10-16,0,9,0.14308469
55000900237668,2020-10-17,0,9,0.05108657
55000900237668,2020-10-18,0,9,0.047473922
55000900237668,2020-10-19,0,9,0.03749103
55000900237668,2020-10-20,0,9,0.0434294
55000900237668,2020-10-21,0,9,0.04038503
55000900237668,2020-10-22,0,9,0.040968683
55000900237668,2020-10-23,0,9,0.040545236
55000900237668,2020-10-24,1,9,0.043237075
55000900237668,2020-10-25,0,9,0.04364331
55000900237668,2020-10-26,0,0,0.042039514
55000900237668,2020-10-27,0,0,0.08865224
55000900271029,2020-09-11,1,9,0.99879336
55000900271029,2020-09-12,1,9,0.9985293
55000900271029,2020-09-13,1,9,0.99849045
55000900271029,2020-09-14,1,9,0.9992192
55000900271029,2020-09-15,1,9,0.9995653
55000900271029,2020-09-16,1,9,0.99969316
55000900271029,2020-09-17,1,9,0.9997565
55000900271029,2020-09-18,1,9,0.99984944
55000900271029,2020-09-19,1,9,0.9998703
55000900271029,2020-09-20,1,9,0.9998659
55000900271029,2020-09-21,1,9,0.9999571
55000900271029,2020-09-22,1,9,0.99996555
55000900271029,2020-09-23,1,9,0.9999567
55000900271029,2020-09-24,1,9,0.99996936
55000900271029,2020-09-25,1,9,0.9999851
55000900271029,2020-09-26,1,9,0.9999876
55000900271029,2020-09-27,1,9,0.99998844
55000900271029,2020-09-28,1,9,0.9999895
55000900271029,2020-09-29,1,9,0.99998975
55000900271029,2020-09-30,1,9,0.99998975
55000900271029,2020-10-01,1,9,0.99998605
55000900271029,2020-10-02,1,9,0.9999541
55000900271029,2020-10-03,1,9,0.99986315
55000900271029,2020-10-04,1,9,0.9997509
55000900271029,2020-10-05,1,9,0.99986184
55000900271029,2020-10-06,1,9,0.99998057
55000900271029,2020-10-07,1,9,0.99998605
55000900271029,2020-10-08,1,9,0.99995804
55000900271029,2020-10-09,1,9,0.99966764
55000900271029,2020-10-10,1,9,0.999977
55000900271029,2020-10-11,1,9,0.9999831
55000900271029,2020-10-12,1,9,0.9999819
55000900271029,2020-10-13,1,9,0.9999896
55000900271029,2020-10-14,1,9,0.9999895
55000900271029,2020-10-15,1,9,0.99998975
55000900271029,2020-10-16,1,9,0.99998975
55000900271029,2020-10-17,1,9,0.99999
55000900271029,2020-10-18,1,9,0.99998987
55000900271029,2020-10-19,1,9,0.9999895
55000900271029,2020-10-20,1,0,0.9999881
55000900271029,2020-10-21,1,0,0.9999895
55000900271031,2020-09-11,1,0,0.9532336
55000900271031,2020-09-12,1,0,0.9461711
55000900271031,2020-09-13,1,0,0.3420947
55000900271031,2020-09-14,1,0,0.61224174
55000900271031,2020-09-15,0,0,0.65922374
55000900271031,2020-09-16,0,0,0.670182
55000900271031,2020-09-17,0,0,0.68302363
55000900271031,2020-09-18,1,0,0.3377545
55000900271031,2020-09-19,1,0,0.27895057
55000900271031,2020-09-20,1,0,0.32254636
55000900271031,2020-09-21,1,0,0.53912157
55000900271031,2020-09-22,0,0,0.8094123
55000900271031,2020-09-23,1,0,0.78511834
55000900271031,2020-09-24,1,0,0.701822
55000900271031,2020-09-25,1,0,0.41247508
55000900271031,2020-09-26,1,0,0.7603657
55000900271031,2020-09-27,1,0,0.8068373
55000900271031,2020-09-28,1,0,0.97863823
55000900271031,2020-09-29,1,0,0.9302787
55000900271031,2020-09-30,1,0,0.84606826
55000900271031,2020-10-01,1,0,0.628369
55000900271031,2020-10-02,1,0,0.62430966
55000900271031,2020-10-03,0,0,0.6385142
55000900271031,2020-10-04,0,0,0.637705
55000900271031,2020-10-05,0,0,0.653952
55000900271031,2020-10-06,0,0,0.373314
55000900271031,2020-10-07,0,0,0.32844108
55000900271031,2020-10-08,0,0,0.26513362
55000900271031,2020-10-09,0,0,0.23757151
55000900271031,2020-10-10,1,0,0.33724543
55000900271031,2020-10-11,1,0,0.36239874
55000900271031,2020-10-12,1,0,0.36265314
55000900271031,2020-10-13,1,0,0.98734957
55000900271031,2020-10-14,1,0,0.993489
55000900271031,2020-10-15,0,0,0.9843998
55000900271031,2020-10-16,0,0,0.9971726
55000900271031,2020-10-17,0,0,0.9978725
55000900271031,2020-10-18,0,0,0.61925244
55000900271031,2020-10-19,0,0,0.48640022
55000900271031,2020-10-20,0,0,0.48870674
55000900271031,2020-10-21,0,0,0.5395501
55000900271031,2020-10-22,0,0,0.49823397
55000900271031,2020-10-23,0,0,0.41769013
55000900271031,2020-10-24,0,0,0.36998215
55000900271031,2020-10-25,0,0,0.4630821
55000900271031,2020-10-26,0,0,0.48286828
55000900271031,2020-10-27,0,0,0.5256019
55000900271031,2020-10-29,1,0,0.43674943
55000900271031,2020-10-30,1,0,0.5158444
55000900271031,2020-10-31,1,0,0.44694775
55000900271031,2020-11-01,1,0,0.60738665
55000900271031,2020-11-02,1,0,0.64929247
55000900271031,2020-11-03,1,0,0.694479
55000900271031,2020-11-04,1,0,0.6236667
55000900271031,2020-11-05,1,0,0.6182739
55000900271031,2020-11-06,1,0,0.6999345
55000900271031,2020-11-07,1,0,0.8591557
55000900271031,2020-11-08,1,0,0.975567
55000900271031,2020-11-09,1,0,0.95819473
55000900271031,2020-11-10,1,0,0.9596137
55000900271031,2020-11-11,1,0,0.95012563
55000900271031,2020-11-12,1,0,0.9801808
55000900271031,2020-11-13,1,0,0.9971405
55000900271031,2020-11-14,1,0,0.9962261
55000900271031,2020-11-15,1,0,0.9994572
55000900271031,2020-11-16,1,0,0.99982774
55000900271031,2020-11-17,1,0,0.9999151
55000900271031,2020-11-18,1,0,0.9999212
55000900271031,2020-11-19,1,0,0.9997955
55000900271031,2020-11-20,1,0,0.9998938
55000900271031,2020-11-21,1,0,0.99992204
55000900271031,2020-11-22,1,0,0.9999188
55000900271031,2020-11-23,1,0,0.999688
55000900271031,2020-11-24,1,0,0.9989561
55000900271031,2020-11-25,1,0,0.9983866
55000900271031,2020-11-26,1,0,0.9993581
55000900271031,2020-11-27,1,0,0.99982244
55000900271031,2020-11-28,1,0,0.99987686
55000900271031,2020-11-29,1,0,0.9997526
55000900271031,2020-11-30,1,0,0.99993896
55000900271031,2020-12-01,1,0,0.99994206
55000900271031,2020-12-02,1,0,0.99986804
55000900271031,2020-12-03,1,0,0.9999647
55000900271031,2020-12-04,1,0,0.9999603
55000900271031,2020-12-05,1,0,0.99993813
55000900271031,2020-12-06,1,0,0.9999311
55000900271031,2020-12-07,1,0,0.99989784
55000900271031,2020-12-08,1,0,0.9998518
55000900271031,2020-12-09,1,0,0.99996305
55000900271031,2020-12-10,1,0,0.99994266
55000900271031,2020-12-11,1,0,0.9998934
55000900271031,2020-12-12,1,0,0.9999654
55000900271031,2020-12-13,1,0,0.9999752
55000900271031,2020-12-14,1,0,0.99997747
55000900271031,2020-12-15,1,0,0.9999784
55000900271031,2020-12-16,1,0,0.9999826
55000900271031,2020-12-17,1,0,0.999977
55000900271031,2020-12-18,1,0,0.9999783
55000900271031,2020-12-19,1,0,0.9999833
55000900271031,2020-12-20,1,0,0.99998236
55000900271031,2020-12-21,1,0,0.9999796
55000900271031,2020-12-22,1,0,0.9999808
55000900271031,2020-12-23,1,0,0.9999838
55000900271031,2020-12-24,1,0,0.9999852
55000900271031,2020-12-25,1,0,0.9999844
55000900271031,2020-12-26,1,0,0.99996614
55000900271031,2020-12-27,1,0,0.99994934
55000900271031,2020-12-28,1,0,0.99997985
55000900271031,2020-12-29,1,0,0.99997926
55000900271031,2020-12-30,1,0,0.9999589
55000900271031,2020-12-31,1,0,0.9999286
55000900271031,2021-01-01,1,0,0.9999527
55000900271031,2021-01-02,1,0,0.99997926
55000900271031,2021-01-03,1,0,0.99998057
55000900271031,2021-01-04,1,0,0.99998033
55000900271031,2021-01-05,1,0,0.99998
55000900271031,2021-01-06,1,0,0.9999801
55000900271031,2021-01-07,1,0,0.99998295
55000900271031,2021-01-08,1,0,0.99997854
55000900271031,2021-01-09,1,0,0.99997866
55000900271031,2021-01-10,1,0,0.99998033
55000900271031,2021-01-11,1,0,0.9999831
55000900271031,2021-01-12,1,0,0.99998295
55000900271031,2021-01-13,1,0,0.9999826
55000900271031,2021-01-14,1,0,0.9999827
55000900271031,2021-01-15,1,0,0.99998367
55000900271031,2021-01-16,1,0,0.9999832
55000900271031,2021-01-17,1,0,0.9999832
55000900271031,2021-01-18,1,0,0.99998236
55000900271031,2021-01-19,1,0,0.99998295
55000900271031,2021-01-20,1,0,0.9999844
55000900271031,2021-01-21,1,0,0.9999831
55000900271031,2021-01-22,1,0,0.99998283
55000900271031,2021-01-23,1,0,0.9999808
55000900271031,2021-01-24,1,0,0.99997854
55000900271031,2021-01-25,1,0,0.999977
55000900271031,2021-01-26,1,0,0.99998236
55000900271031,2021-01-27,1,0,0.9999815
55000900271031,2021-01-28,1,0,0.99997866
55000900271031,2021-01-29,1,0,0.9999778
55000900271031,2021-01-30,1,0,0.9999784
55000900271031,2021-01-31,1,0,0.99998367
55000900271031,2021-02-01,1,0,0.9999819
55000900271031,2021-02-02,1,0,0.9999819
55000900271031,2021-02-03,1,0,0.9999819
55000900271031,2021-02-04,1,0,0.9999819
55000900271031,2021-02-05,1,0,0.9999819
55000900271031,2021-02-06,1,0,0.9999819
55000900271031,2021-02-07,1,0,0.9999819
55000900271031,2021-02-08,1,0,0.9999819
55000900271031,2021-02-09,1,0,0.9999819
55000900271031,2021-02-10,1,0,0.9999819
55000900271031,2021-02-11,1,0,0.9999819
55000900271031,2021-02-12,1,0,0.9999819
55000900271031,2021-02-13,1,0,0.9999819
55000900271031,2021-02-14,1,0,0.9999819
55000900271031,2021-02-15,1,0,0.9999819
55000900271031,2021-02-16,1,0,0.9999819
55000900271031,2021-02-17,1,0,0.9999819
55000900271031,2021-02-18,1,0,0.9999819
55000900271031,2021-02-19,1,0,0.9999819
55000900271031,2021-02-20,1,0,0.9999819
55000900271031,2021-02-21,1,0,0.9999819
55000900271031,2021-02-22,1,0,0.9999819
55000900271031,2021-02-23,1,0,0.9999819
55000900271031,2021-02-24,1,0,0.9999819
55000900271031,2021-02-25,1,0,0.9999819
55000900271031,2021-02-26,1,0,0.9999819
55000900271031,2021-02-27,1,0,0.9999819
55000900271031,2021-02-28,1,0,0.9999819
55000900271031,2021-03-01,1,0,0.9999819
55000900271031,2021-03-02,1,0,0.9999819
55000900271031,2021-03-03,1,0,0.9999819
55000900271031,2021-03-04,1,0,0.9999819
55000900271031,2021-03-05,1,0,0.9999819
55000900271031,2021-03-06,1,0,0.9999819
55000900271031,2021-03-07,1,0,0.9999819
55000900271031,2021-03-08,1,0,0.9999819
55000900271031,2021-03-09,1,0,0.9999819
55000900271031,2021-03-10,1,0,0.9999819
55000900271031,2021-03-11,1,0,0.9999819
55000900271031,2021-03-12,1,0,0.9999819
55000900271031,2021-03-13,1,0,0.9999819
55000900271031,2021-03-15,1,0,0.9999819
55000900271031,2021-03-16,1,0,0.9999819
55000900271031,2021-03-17,1,0,0.9999819
55000900271031,2021-03-18,1,0,0.9999819
55000900271031,2021-03-19,1,0,0.9999819
55000900271031,2021-03-20,1,0,0.9999819
55000900271031,2021-03-21,1,0,0.9999819
55000900271031,2021-03-22,1,0,0.9999819
55000900271031,2021-03-23,1,0,0.9999819
55000900271031,2021-03-24,1,0,0.9999819
55000900271031,2021-03-25,1,0,0.9999819
55000900271031,2021-03-26,1,0,0.9999819
55000900271031,2021-03-27,1,0,0.9999819
55000900271031,2021-03-28,1,0,0.9999819
55000900271031,2021-03-29,1,0,0.9999819
55000900271031,2021-03-30,1,0,0.9999819
55000900271031,2021-03-31,1,0,0.9999819
55000900271031,2021-04-01,1,0,0.9999819
55000900271031,2021-04-02,1,0,0.9999819
55000900271031,2021-04-03,1,0,0.9999819
55000900271031,2021-04-04,1,0,0.9999819
55000900271031,2021-04-05,1,0,0.9999819
55000900271031,2021-04-06,1,0,0.9999819
55000900271031,2021-04-07,1,0,0.9999819
55000900271031,2021-04-08,1,0,0.9999819
55000900271031,2021-04-09,1,0,0.9999819
55000900271031,2021-04-10,1,0,0.9999819
55000900271031,2021-04-11,1,0,0.9999819
55000900271031,2021-04-12,1,0,0.9999819
55000900271031,2021-04-13,1,0,0.9999819
55000900271031,2021-04-14,1,0,0.9999819
55000900271031,2021-04-15,1,0,0.9999819
55000900271031,2021-04-16,1,0,0.9999819
55000900271031,2021-04-17,1,0,0.9999819
55000900271031,2021-04-18,1,0,0.9999819
55000900271031,2021-04-19,1,0,0.9999819
55000900271031,2021-04-20,1,0,0.9999819
55000900271031,2021-04-21,1,0,0.9999819
55000900271031,2021-04-22,1,0,0.9999819
55000900271031,2021-04-23,1,0,0.9999819
55000900271031,2021-04-24,1,0,0.9999819
55000900271031,2021-04-25,1,0,0.9999819
55000900271031,2021-04-26,1,0,0.9999819
55000900271031,2021-04-27,1,0,0.9999819
55000900271031,2021-04-28,1,0,0.9999819
55000900271031,2021-04-29,1,0,0.9999819
55000900271031,2021-04-30,1,0,0.9999819
55000900271031,2021-05-01,1,0,0.9999819
55000900271031,2021-05-02,1,0,0.9999819
55000900271031,2021-05-03,1,0,0.9999819
55000900271031,2021-05-04,1,0,0.9999819
55000900271031,2021-05-05,1,0,0.9999819
55000900271031,2021-05-06,1,0,0.9999819
55000900271031,2021-05-07,1,0,0.9999819
55000900271031,2021-05-08,1,0,0.9999819
55000900271031,2021-05-09,1,0,0.9999819
55000900271031,2021-05-10,1,0,0.9999819
55000900271031,2021-05-11,1,0,0.9999819
55000900271031,2021-05-12,1,0,0.9999819
55000900271031,2021-05-13,1,0,0.9999819
55000900271031,2021-05-14,1,0,0.9999819
55000900271031,2021-05-15,1,0,0.9999819
55000900271031,2021-05-16,1,0,0.9999819
55000900271031,2021-05-17,1,0,0.9999819
55000900271031,2021-05-18,1,0,0.9999819
55000900271031,2021-05-19,1,0,0.9999819
55000900271031,2021-05-20,1,0,0.9999819
55000900271031,2021-05-21,1,0,0.9999819
55000900271031,2021-05-22,1,0,0.9999819
55000900271031,2021-05-23,1,0,0.9999819
55000900271031,2021-05-24,1,0,0.9999819
55000900271031,2021-05-25,1,0,0.9999819
55000900271031,2021-05-26,1,0,0.9999819
55000900271031,2021-05-27,1,0,0.9999819
55000900271031,2021-05-28,1,0,0.9999819
55000900271031,2021-05-29,1,0,0.9999819
55000900271031,2021-05-30,1,0,0.9999819
55000900271031,2021-05-31,1,0,0.9999819
55000900271031,2021-06-01,1,0,0.9999819
55000900271031,2021-06-02,1,0,0.9999819
55000900271031,2021-06-03,1,0,0.9999819
55000900271031,2021-06-04,1,0,0.9999819
55000900271031,2021-06-05,1,0,0.9999819
55000900271031,2021-06-06,1,0,0.9999819
55000900271031,2021-06-07,1,0,0.9999819
55000900271031,2021-06-08,1,0,0.9999819
55000900271031,2021-06-09,1,0,0.9999819
55000900271031,2021-06-10,1,0,0.9999819
55000900271031,2021-06-11,1,0,0.9999819
55000900271031,2021-06-12,1,0,0.9999819
55000900271031,2021-06-13,1,0,0.9999819
55000900271031,2021-06-14,1,0,0.9999819
55000900271031,2021-06-15,1,0,0.9999819
55000900271031,2021-06-16,1,0,0.9999819
55000900271031,2021-06-17,1,0,0.9999819
55000900271031,2021-06-18,1,0,0.9999819
55000900271031,2021-06-19,1,0,0.9999819
55000900271031,2021-06-20,1,0,0.9999819
55000900271031,2021-06-21,1,0,0.9999819
55000900271031,2021-06-22,1,0,0.9999819
55000900271031,2021-06-23,1,0,0.9999819
55000900271031,2021-06-24,1,0,0.9999819
55000900271031,2021-06-25,1,0,0.9999819
55000900271031,2021-06-26,1,0,0.9999819
55000900271031,2021-06-27,1,0,0.9999819
55000900271031,2021-06-28,1,0,0.9999819
55000900271031,2021-06-29,1,0,0.9999819
55000900271031,2021-06-30,1,0,0.9999819
55000900271031,2021-07-01,1,0,0.9999819
55000900271031,2021-07-02,1,0,0.9999819
55000900271031,2021-07-03,1,0,0.9999819
55000900271031,2021-07-04,1,0,0.9999819
55000900271031,2021-07-05,1,0,0.9999819
55000900271031,2021-07-06,1,0,0.9999819
55000900271031,2021-07-07,1,0,0.9999819
55000900271031,2021-07-08,1,0,0.9999819
55000900271031,2021-07-09,1,0,0.9999819
55000900271031,2021-07-10,1,0,0.9999819
55000900271031,2021-07-11,1,0,0.9999819
55000900271031,2021-07-12,1,0,0.9999819
55000900271031,2021-07-13,1,0,0.9999819
55000900271031,2021-07-14,1,0,0.9999819
55000900271031,2021-07-15,1,0,0.9999819
55000900271031,2021-07-16,1,0,0.9999819
55000900271031,2021-07-17,1,0,0.9999819
55000900271031,2021-07-18,1,0,0.9999819
55000900271031,2021-07-19,1,0,0.9999819
55000900271031,2021-07-20,1,0,0.9999819
55000900271031,2021-07-21,1,0,0.9999819
55000900271031,2021-07-22,1,0,0.9999819
55000900271031,2021-07-23,1,0,0.9999819
55000900271031,2021-07-24,1,0,0.9999819
55000900271031,2021-07-25,1,0,0.9999819
55000900271031,2021-07-26,1,0,0.9999819
55000900271031,2021-07-27,1,0,0.9999819
55000900271031,2021-07-28,1,0,0.9999819
55000900271031,2021-07-29,1,0,0.9999819
55000900271031,2021-07-30,1,0,0.9999819
55000900271031,2021-07-31,1,0,0.9999819
55000900271031,2021-08-01,1,0,0.9999819
55000900271031,2021-08-02,1,0,0.9999819
55000900271031,2021-08-03,0,0,0.9999819
55000900271031,2021-08-04,0,0,0.9999819
55000900271031,2021-08-05,0,0,0.9999819
55000900271031,2021-08-06,0,0,0.9999783
55000900271031,2021-08-07,0,0,0.9999584
55000900271031,2021-08-08,0,0,0.99994695
55000900271031,2021-08-09,0,0,0.9999386
55000900271031,2021-08-10,0,0,0.99991643
55000900271031,2021-08-11,0,0,0.99974996
55000900271031,2021-08-12,0,0,0.9994991
55000900271031,2021-08-13,0,0,0.99947184
55000900271031,2021-08-14,0,0,0.9994671
55000900271031,2021-08-15,0,0,0.99945945
55000900271031,2021-08-16,0,0,0.9994561
55000900271031,2021-08-17,0,0,0.9994537
55000900271031,2021-08-18,0,0,0.99945134
55000900271031,2021-08-19,0,0,0.9994493
55000900271031,2021-08-20,0,0,0.99944705
55000900271031,2021-08-21,0,0,0.9994443
55000900271031,2021-08-22,0,0,0.99942553
55000900271031,2021-08-23,0,0,0.9994159
55000900271031,2021-08-24,0,0,0.99941564
55000900271031,2021-08-25,0,0,0.9994153
55000900271031,2021-08-26,0,0,0.9994134
55000900271031,2021-08-27,0,0,0.99941134
55000900271031,2021-08-28,0,0,0.9994092
55000900271031,2021-08-29,0,0,0.9994068
55000900271031,2021-08-30,0,0,0.9994043
55000900271031,2021-08-31,0,0,0.9994011
55000900271031,2021-09-01,0,0,0.99939704
55000900271031,2021-09-02,0,0,0.9993938
55000900271031,2021-09-03,0,0,0.9993874
55000900271031,2021-09-04,0,0,0.99878424
55000900271031,2021-09-05,0,0,0.99878424
55000900271031,2021-09-06,0,0,0.99878424
55000900271031,2021-09-07,0,0,0.99878424
55000900271031,2021-09-08,0,0,0.99878424
55000900271031,2021-09-09,0,0,0.99878424
55000900271031,2021-09-10,0,0,0.99878424
55000900271031,2021-09-11,0,0,0.99878424
55000900271031,2021-09-12,0,0,0.99878424
55000900271031,2021-09-13,0,0,0.99878424
55000900271031,2021-09-14,0,0,0.99878424
55000900271031,2021-09-15,0,0,0.99878424
55000900271031,2021-09-16,0,0,0.99878424
55000900271031,2021-09-17,0,0,0.99878424
55000900271031,2021-09-18,1,0,0.99878424
55000900271031,2021-09-19,1,0,0.99878424
55000900271031,2021-09-20,1,0,0.99878424
55000900271031,2021-09-21,1,0,0.99987173
55000900271031,2021-09-22,1,0,0.9999584
55000900271031,2021-09-23,1,0,0.9999709
55000900271031,2021-09-24,1,0,0.99997365
55000900271031,2021-09-25,0,0,0.99997425
55000900271031,2021-09-26,0,0,0.99997365
55000900271031,2021-09-27,1,0,0.9999713
55000900271031,2021-09-28,1,0,0.99994683
55000900271031,2021-09-29,1,0,0.9997671
55000900271031,2021-09-30,1,0,0.99996006
55000900271031,2021-10-01,1,0,0.9999726
55000900271031,2021-10-02,1,0,0.99997115
55000900271031,2021-10-03,1,0,0.9999678
55000900271031,2021-10-04,1,0,0.9999641
55000900271031,2021-10-05,1,0,0.9999621
55000900271031,2021-10-06,1,0,0.99996126
55000900271031,2021-10-07,1,0,0.99996114
55000900271031,2021-10-08,1,0,0.99996114
55000900271031,2021-10-09,1,0,0.99996114
55000900271031,2021-10-10,1,0,0.99996126
55000900271031,2021-10-11,1,0,0.99996126
55000900271031,2021-10-12,1,0,0.99996126
55000900271031,2021-10-13,1,0,0.99996126
55000900271031,2021-10-14,1,0,0.99996126
55000900271031,2021-10-15,1,0,0.99996126
55000900271031,2021-10-16,1,0,0.99996126
55000900271031,2021-10-17,1,0,0.99996126
55000900271031,2021-10-18,1,0,0.99996245
55000900271031,2021-10-19,1,0,0.99996245
55000900271031,2021-10-20,1,0,0.99998176
55000900271031,2021-10-21,1,0,0.99998176
55000900271031,2021-10-22,1,0,0.99998176
55000900271031,2021-10-23,1,0,0.99998176
55000900271031,2021-10-24,1,0,0.99998176
55000900271031,2021-10-25,1,0,0.99998176
55000900271031,2021-10-26,1,0,0.99998176
55000900271031,2021-10-27,1,0,0.9999622
55000900271031,2021-10-28,1,0,0.999961
55000900271031,2021-10-29,1,0,0.9999819
55000900271031,2021-10-30,1,0,0.9999819
55000900271031,2021-10-31,1,0,0.9999819
55000900271031,2021-11-01,1,0,0.9999819
55000900271031,2021-11-02,1,0,0.9999819
55000900271031,2021-11-03,1,0,0.9999819
55000900271031,2021-11-04,1,0,0.9999819
55000900271031,2021-11-05,1,0,0.9999819
55000900271031,2021-11-06,1,0,0.9999819
55000900271031,2021-11-07,1,0,0.9999819
55000900271031,2021-11-08,1,0,0.9999819
55000900271031,2021-11-09,1,0,0.9999819
55000900271031,2021-11-10,1,0,0.9999819
55000900271031,2021-11-11,1,0,0.9999819
55000900271031,2021-11-12,1,0,0.9999819
55000900271031,2021-11-13,1,0,0.9999819
55000900271031,2021-11-14,1,0,0.9999819
55000900271031,2021-11-15,1,0,0.9999819
55000900271031,2021-11-16,1,0,0.9999819
55000900271031,2021-11-17,1,0,0.9999819
55000900271031,2021-11-18,1,0,0.9999819
55000900271031,2021-11-19,1,0,0.9999819
55000900271031,2021-11-20,1,0,0.9999819
55000900271031,2021-11-21,1,0,0.9999819
55000900271031,2021-11-22,1,0,0.9999819
55000900271031,2021-11-23,1,0,0.9999819
55000900271031,2021-11-24,1,0,0.9999819
55000900271031,2021-11-25,1,0,0.9999819
55000900271031,2021-11-26,1,0,0.9999819
55000900271031,2021-11-27,1,0,0.9999819
55000900271031,2021-11-28,1,0,0.9999819
55000900271031,2021-11-29,1,0,0.9999819
55000900271031,2021-11-30,1,0,0.9999819
55000900271031,2021-12-01,1,0,0.9999819
55000900271031,2021-12-02,1,0,0.9999819
55000900271031,2021-12-03,1,0,0.9999819
55000900271031,2021-12-04,1,0,0.9999819
55000900271031,2021-12-05,1,0,0.9999819
55000900271031,2021-12-06,1,0,0.9999819
55000900271031,2021-12-07,1,0,0.9999819
55000900271031,2021-12-08,1,0,0.9999819
55000900271031,2021-12-09,1,0,0.9999819
55000900271031,2021-12-10,1,0,0.9999819
55000900271031,2021-12-11,1,0,0.9999819
55000900271031,2021-12-12,1,0,0.9999819
55000900271031,2021-12-13,1,0,0.9999819
55000900271031,2021-12-14,1,0,0.9999819
55000900271031,2021-12-15,1,0,0.9999819
55000900271031,2021-12-16,1,0,0.9999819
55000900271031,2021-12-17,1,0,0.9999819
55000900271031,2021-12-18,1,0,0.9999819
55000900271031,2021-12-19,1,0,0.9999819
55000900271031,2021-12-20,1,0,0.9999819
55000900271031,2021-12-21,1,0,0.9999819
55000900271031,2021-12-22,1,0,0.9999819
55000900271031,2021-12-23,1,0,0.9999819
55000900271031,2021-12-24,1,0,0.9999819
55000900271031,2021-12-25,1,0,0.9999819
55000900271031,2021-12-26,1,0,0.9999819
55000900271031,2021-12-27,1,0,0.9999819
55000900271031,2021-12-28,1,0,0.9999819
55000900271031,2021-12-29,1,0,0.9999819
55000900271031,2021-12-30,1,0,0.9999819
55000900271031,2021-12-31,1,0,0.9999819
55000900271031,2022-01-01,1,0,0.9999819
55000900271031,2022-01-02,1,0,0.9999819
55000900271031,2022-01-03,1,0,0.9999819
55000900271031,2022-01-04,1,0,0.9999819
55000900271031,2022-01-05,1,0,0.9999819
55000900271031,2022-01-06,1,0,0.9999819
55000900271031,2022-01-07,1,0,0.9999819
55000900271031,2022-01-08,1,0,0.9999819
55000900271031,2022-01-09,1,0,0.9999819
55000900271031,2022-01-10,1,0,0.9999819
55000900271031,2022-01-11,1,0,0.9999819
55000900271031,2022-01-12,1,0,0.9999819
55000900271031,2022-01-13,1,0,0.9999819
55000900271031,2022-01-14,1,0,0.9999819
55000900271031,2022-01-15,1,0,0.9999819
55000900271031,2022-01-16,1,0,0.9999819
55000900271031,2022-01-17,1,0,0.9999819
55000900271031,2022-01-18,1,0,0.9999819
55000900271031,2022-01-19,1,0,0.9999819
55000900271031,2022-01-20,1,0,0.9999819
55000900271031,2022-01-21,1,0,0.9999819
55000900271031,2022-01-22,1,0,0.9999819
55000900271031,2022-01-23,1,0,0.9999819
55000900271031,2022-01-24,1,0,0.9999819
55000900271031,2022-01-25,1,0,0.9999819
55000900271031,2022-01-26,1,0,0.9999819
55000900271031,2022-01-27,1,0,0.9999819
55000900271031,2022-01-28,1,0,0.9999819
55000900271031,2022-01-29,1,0,0.9999819
55000900271031,2022-01-30,1,0,0.9999819
55000900271031,2022-01-31,1,0,0.9999819
55000900271031,2022-02-01,1,0,0.9999819
55000900271031,2022-02-02,1,0,0.9999819
55000900271031,2022-02-03,1,0,0.9999819
55000900271031,2022-02-04,1,0,0.9999819
55000900271031,2022-02-05,1,0,0.9999819
55000900271031,2022-02-06,1,0,0.9999819
55000900271031,2022-02-07,1,0,0.9999819
55000900271031,2022-02-08,1,0,0.9999819
55000900271031,2022-02-09,1,0,0.9999819
55000900271031,2022-02-10,1,0,0.9999819
55000900271031,2022-02-11,1,0,0.9999819
55000900271031,2022-02-12,1,0,0.9999819
55000900271031,2022-02-13,1,0,0.9999819
55000900271031,2022-02-14,1,0,0.9999819
55000900271031,2022-02-15,1,0,0.9999819
55000900271031,2022-02-16,1,0,0.9999819
55000900271031,2022-02-17,1,0,0.9999819
55000900271031,2022-02-18,1,0,0.9999819
55000900271031,2022-02-19,1,0,0.9999819
55000900271031,2022-02-20,1,0,0.9999819
55000900271031,2022-02-21,1,0,0.9999819
55000900271031,2022-02-22,1,0,0.9999819
55000900271031,2022-02-23,1,0,0.9999819
55000900271031,2022-02-24,1,0,0.9999819
55000900271031,2022-02-25,1,0,0.9999819
55000900271031,2022-02-26,1,0,0.9999819
55000900271031,2022-02-27,1,0,0.9999819
55000900271031,2022-02-28,1,0,0.9999819
55000900271031,2022-03-01,1,0,0.9999819
55000900271031,2022-03-02,1,0,0.9999819
55000900271031,2022-03-03,1,0,0.9999819
55000900271031,2022-03-04,1,0,0.9999819
55000900271031,2022-03-05,1,0,0.9999819
55000900271031,2022-03-06,1,0,0.9999819
55000900271031,2022-03-07,1,0,0.9999819
55000900271031,2022-03-08,1,0,0.9999819
55000900271031,2022-03-09,1,0,0.9999819
55000900271031,2022-03-10,1,0,0.9999819
55000900271031,2022-03-11,1,0,0.9999819
55000900271031,2022-03-12,1,0,0.9999819
55000900271031,2022-03-14,1,0,0.9999819
55000900271031,2022-03-15,1,0,0.9999819
55000900271031,2022-03-16,1,0,0.9999819
55000900271031,2022-03-17,1,0,0.9999819
55000900271031,2022-03-18,1,0,0.9999819
55000900271031,2022-03-19,1,0,0.9999819
55000900271031,2022-03-20,1,0,0.9999819
55000900271031,2022-03-21,1,0,0.9999819
55000900271031,2022-03-22,1,0,0.9999819
55000900271031,2022-03-23,1,0,0.9999819
55000900271031,2022-03-24,1,0,0.9999819
55000900271031,2022-03-25,1,0,0.9999819
55000900271031,2022-03-26,1,0,0.9999819
55000900271031,2022-03-27,1,0,0.9999819
55000900271031,2022-03-28,1,0,0.9999819
55000900271031,2022-03-29,1,0,0.9999819
55000900271031,2022-03-30,1,0,0.9999819
55000900271031,2022-03-31,1,0,0.9999819
55000900271031,2022-04-01,1,0,0.9999819
55000900271031,2022-04-02,1,0,0.9999819
55000900271031,2022-04-03,1,0,0.9999819
55000900271031,2022-04-04,1,0,0.9999819
55000900271031,2022-04-05,1,0,0.9999819
55000900271031,2022-04-06,1,0,0.9999819
55000900271031,2022-04-07,1,0,0.9999819
55000900271031,2022-04-08,1,0,0.9999819
55000900271031,2022-04-09,1,0,0.9999819
55000900271031,2022-04-10,1,0,0.9999819
55000900271031,2022-04-11,1,0,0.9999819
55000900271031,2022-04-12,1,0,0.9999819
55000900271031,2022-04-13,1,0,0.9999819
55000900271031,2022-04-14,1,0,0.9999819
55000900271031,2022-04-15,1,0,0.9999819
55000900271031,2022-04-16,1,0,0.9999819
55000900271031,2022-04-17,1,0,0.9999819
55000900271031,2022-04-18,1,0,0.9999819
55000900271031,2022-04-19,1,0,0.9999819
55000900271031,2022-04-20,1,0,0.9999819
55000900271031,2022-04-21,1,0,0.9999819
55000900271031,2022-04-22,1,0,0.9999819
55000900271031,2022-04-23,1,0,0.9999819
55000900271031,2022-04-24,1,0,0.9999819
55000900271031,2022-04-25,1,0,0.9999819
55000900271031,2022-04-26,1,0,0.9999819
55000900271031,2022-04-27,1,0,0.9999819
55000900271031,2022-04-28,1,0,0.9999819
55000900271031,2022-04-29,1,0,0.9999819
55000900271031,2022-04-30,1,0,0.9999819
55000900271031,2022-05-01,1,0,0.9999819
55000900271031,2022-05-02,1,0,0.9999819
55000900271031,2022-05-03,1,0,0.9999819
55000900271031,2022-05-04,1,0,0.9999819
55000900271031,2022-05-05,1,0,0.9999819
55000900271031,2022-05-06,1,0,0.9999819
55000900271031,2022-05-07,1,0,0.9999819
55000900271031,2022-05-08,1,0,0.9999819
55000900271031,2022-05-09,1,0,0.9999819
55000900271031,2022-05-10,1,0,0.9999819
55000900271031,2022-05-11,1,0,0.9999819
55000900271031,2022-05-12,1,0,0.9999819
55000900271031,2022-05-13,1,0,0.9999819
55000900271031,2022-05-14,1,0,0.9999819
55000900271031,2022-05-15,1,0,0.9999819
55000900271031,2022-05-16,1,0,0.9999819
55000900271031,2022-05-17,1,0,0.9999819
55000900271031,2022-05-18,1,0,0.9999819
55000900271031,2022-05-19,1,0,0.9999819
55000900271031,2022-05-20,1,0,0.9999819
55000900271031,2022-05-21,1,0,0.9999819
55000900271031,2022-05-22,1,0,0.9999819
55000900271031,2022-05-23,1,0,0.9999819
55000900271031,2022-05-24,1,0,0.9999819
55000900271031,2022-05-25,1,0,0.9999819
55000900271031,2022-05-26,1,0,0.9999819
55000900271031,2022-05-27,1,0,0.9999819
55000900271031,2022-05-28,1,0,0.9999819
55000900271031,2022-05-29,1,0,0.9999819
55000900271031,2022-05-30,1,0,0.9999819
55000900271031,2022-05-31,1,0,0.9999819
55000900271031,2022-06-01,1,0,0.9999819
55000900271031,2022-06-02,1,0,0.9999819
55000900271031,2022-06-03,1,0,0.9999819
55000900271031,2022-06-04,1,0,0.9999819
55000900271031,2022-06-05,1,0,0.9999819
55000900271031,2022-06-06,1,0,0.9999819
55000900271031,2022-06-07,1,0,0.9999819
55000900271031,2022-06-08,1,0,0.9999819
55000900271031,2022-06-09,1,0,0.9999819
55000900271031,2022-06-10,1,0,0.9999819
55000900271031,2022-06-11,1,0,0.9999819
55000900271031,2022-06-12,1,0,0.9999819
55000900271031,2022-06-13,1,0,0.9999819
55000900271031,2022-06-14,1,0,0.9999819
55000900271031,2022-06-15,1,0,0.9999819
55000900271031,2022-06-16,1,0,0.9999819
55000900271031,2022-06-17,1,0,0.9999819
55000900271031,2022-06-18,1,0,0.9999819
55000900271031,2022-06-19,1,0,0.9999819
55000900271031,2022-06-20,1,0,0.9999819
55000900271031,2022-06-21,1,0,0.9999819
55000900271031,2022-06-22,1,0,0.9999819
55000900271031,2022-06-23,1,0,0.9999819
55000900271031,2022-06-24,1,0,0.9999819
55000900271031,2022-06-25,1,0,0.9999819
55000900271031,2022-06-26,1,0,0.9999819
55000900271031,2022-06-27,1,0,0.9999819
55000900271031,2022-06-28,1,0,0.9999819
55000900271031,2022-06-29,1,0,0.9999819
55000900271031,2022-06-30,1,0,0.9999819
55000900271031,2022-07-01,1,0,0.9999819
55000900271031,2022-07-02,1,0,0.9999819
55000900271031,2022-07-03,1,0,0.9999819
55000900271031,2022-07-04,1,0,0.9999819
55000900271031,2022-07-05,1,0,0.9999819
55000900271031,2022-07-06,1,0,0.9999819
55000900271031,2022-07-07,1,0,0.9999819
55000900271031,2022-07-08,1,0,0.9999819
55000900271031,2022-07-09,1,0,0.9999819
55000900271031,2022-07-10,1,0,0.9999819
55000900271031,2022-07-11,1,0,0.9999819
55000900271031,2022-07-12,1,0,0.9999819
55000900271031,2022-07-13,1,0,0.9999819
55000900271031,2022-07-14,1,0,0.9999819
55000900271031,2022-07-15,1,0,0.9999819
55000900271031,2022-07-16,1,0,0.9999819
55000900271031,2022-07-17,1,0,0.9999819
55000900271031,2022-07-18,1,0,0.9999819
55000900271031,2022-07-19,1,0,0.9999819
55000900271031,2022-07-20,1,0,0.9999819
55000900271031,2022-07-21,1,0,0.9999819
55000900271031,2022-07-22,1,0,0.9999819
55000900271031,2022-07-23,1,0,0.9999819
55000900271031,2022-07-24,1,0,0.9999819
55000900271031,2022-07-25,1,0,0.9999819
55000900271031,2022-07-26,1,0,0.9999819
55000900271031,2022-07-27,1,0,0.9999819
55000900271031,2022-07-28,1,0,0.9999819
55000900271031,2022-07-29,1,0,0.9999819
55000900271031,2022-07-30,1,0,0.9999819
55000900271031,2022-07-31,1,0,0.9999819
55000900271031,2022-08-01,1,0,0.9999819
55000900271031,2022-08-02,1,0,0.9999819
55000900271031,2022-08-03,1,0,0.9999819
55000900271031,2022-08-04,1,0,0.9999819
55000900271031,2022-08-05,1,0,0.9999819
55000900271031,2022-08-06,1,0,0.9999819
55000900271031,2022-08-07,1,0,0.9999819
55000900271031,2022-08-08,1,0,0.9999819
55000900271031,2022-08-09,1,0,0.9999819
55000900271031,2022-08-10,1,0,0.9999819
55000900271031,2022-08-11,1,0,0.9999819
55000900271031,2022-08-12,1,0,0.9999819
55000900271031,2022-08-13,1,0,0.9999819
55000900271031,2022-08-14,1,0,0.9999819
55000900271031,2022-08-15,1,0,0.9999819
55000900271031,2022-08-16,1,0,0.9999819
55000900271031,2022-08-17,1,0,0.9999819
55000900271031,2022-08-18,1,0,0.9999819
55000900271031,2022-08-19,1,0,0.9999819
55000900271031,2022-08-20,1,0,0.9999819
55000900271031,2022-08-21,1,0,0.9999819
55000900271031,2022-08-22,1,0,0.9999819
55000900271031,2022-08-23,1,0,0.9999819
55000900271031,2022-08-24,1,0,0.9999819
55000900271031,2022-08-25,1,0,0.9999819
55000900271031,2022-08-26,1,0,0.9999819
55000900271031,2022-08-27,1,0,0.9999819
55000900271031,2022-08-28,1,0,0.9999819
55000900271031,2022-08-29,1,0,0.9999819
55000900271031,2022-08-30,1,0,0.9999819
55000900271031,2022-08-31,1,0,0.9999819
55000900271031,2022-09-01,1,0,0.9999819
55000900271031,2022-09-02,1,0,0.9999819
55000900271031,2022-09-03,1,0,0.9999819
55000900271031,2022-09-04,1,0,0.9999819
55000900271031,2022-09-05,1,0,0.9999819
55000900271031,2022-09-06,1,0,0.9999819
55000900271031,2022-09-07,1,0,0.9999819
55000900271031,2022-09-08,0,0,0.9999819
55000900271031,2022-09-09,1,0,0.9999819
55000900271031,2022-09-10,1,0,0.9999819
55000900271031,2022-09-11,1,0,0.9999783
55000900271031,2022-09-12,1,0,0.999984
55000900271031,2022-09-13,1,0,0.9999844
55000900271031,2022-09-14,1,0,0.9999832
55000900271031,2022-09-15,0,0,0.9999826
55000900271031,2022-09-16,1,0,0.9999821
55000900271031,2022-09-17,1,0,0.999982
55000900271031,2022-09-18,1,0,0.99997854
55000900271031,2022-09-19,1,0,0.999984
55000900271031,2022-09-20,0,0,0.9999844
55000900271031,2022-09-21,1,0,0.9999832
55000900271031,2022-09-22,1,0,0.9999826
55000900271031,2022-09-23,1,0,0.9999794
55000900271031,2022-09-24,0,0,0.99998415
55000900271031,2022-09-25,0,0,0.9999845
55000900271031,2022-09-26,0,0,0.9999832
55000900271031,2022-09-27,0,0,0.99998033
55000900271031,2022-09-28,0,0,0.99996114
55000900271031,2022-09-29,1,0,0.999949
55000900271031,2022-09-30,1,0,0.9999325
55000900271031,2022-10-01,1,0,0.99981123
55000900271031,2022-10-02,0,0,0.99997866
55000900271031,2022-10-03,0,0,0.9999851
55000900271031,2022-10-04,0,0,0.9999852
55000900271031,2022-10-05,0,0,0.99998105
55000900271031,2022-10-06,0,0,0.99992514
55000900271031,2022-10-07,0,0,0.9996805
55000900271031,2022-10-08,0,0,0.9994754
55000900271031,2022-10-09,0,0,0.99946684
55000900271031,2022-10-10,0,0,0.99909246
55000900271031,2022-10-11,0,0,0.99945647
55000900271031,2022-10-12,0,0,0.9994543
55000900271031,2022-10-13,0,0,0.99945194
55000900271031,2022-10-14,0,0,0.99944896
55000900271031,2022-10-15,0,0,0.99942434
55000900271031,2022-10-16,0,0,0.99940765
55000900271031,2022-10-17,0,0,0.9990403
55000900271031,2022-10-18,0,0,0.9994184
55000900271031,2022-10-19,0,0,0.999418
55000900271031,2022-10-20,0,0,0.9994173
55000900271031,2022-10-21,1,0,0.9994178
55000900271031,2022-10-22,1,0,0.999012
55000900271031,2022-10-23,1,0,0.9994137
55000900271031,2022-10-24,1,0,0.9999466
55000900271031,2022-10-25,1,0,0.9999784
55000900271031,2022-10-26,1,0,0.99997175
55000900271031,2022-10-27,1,0,0.99997437
55000900271031,2022-10-28,1,0,0.9999746
55000900271031,2022-10-29,1,0,0.99997354
55000900271031,2022-10-30,1,0,0.9999702
55000900271031,2022-10-31,1,0,0.9999825
55000900271031,2022-11-01,1,0,0.9999819
55000900271031,2022-11-02,1,0,0.99998164
55000900271031,2022-11-03,1,0,0.99996114
55000900271031,2022-11-04,1,0,0.999961
55000900271031,2022-11-05,1,0,0.999961
55000900271031,2022-11-06,1,0,0.999961
55000900271031,2022-11-07,1,0,0.99996114
55000900271031,2022-11-08,1,0,0.99996114
55000900271031,2022-11-09,1,0,0.99996114
55000900271031,2022-11-10,1,0,0.99996114
55000900271031,2022-11-11,1,0,0.99996114
55000900271031,2022-11-12,1,0,0.99996114
55000900271031,2022-11-13,1,0,0.99996126
55000900271031,2022-11-14,1,0,0.99996126
55000900271031,2022-11-15,1,0,0.99996126
55000900271031,2022-11-16,1,0,0.99996126
55000900271031,2022-11-17,1,0,0.99996126
55000900271031,2022-11-18,1,0,0.99996126
55000900271031,2022-11-19,1,0,0.99996126
55000900271031,2022-11-20,1,0,0.9999622
55000900271031,2022-11-21,1,0,0.999961
55000900271031,2022-11-22,1,0,0.9999819
55000900271031,2022-11-23,1,0,0.9999819
55000900271031,2022-11-24,1,0,0.9999819
55000900271031,2022-11-25,1,0,0.9999819
55000900271031,2022-11-26,1,0,0.9999819
55000900271031,2022-11-27,1,0,0.9999819
55000900271031,2022-11-28,1,0,0.9999819
55000900271031,2022-11-29,1,0,0.9999819
55000900271031,2022-11-30,1,0,0.9999819
55000900271031,2022-12-01,1,0,0.9999819
55000900271031,2022-12-02,1,0,0.9999819
55000900271031,2022-12-03,1,0,0.9999819
55000900271031,2022-12-04,1,0,0.9999819
55000900271031,2022-12-05,1,0,0.9999819
55000900271031,2022-12-06,1,0,0.9999819
55000900271031,2022-12-07,1,0,0.9999819
55000900271031,2022-12-08,1,0,0.9999819
55000900271031,2022-12-09,1,0,0.9999819
55000900271031,2022-12-10,1,0,0.9999819
55000900271031,2022-12-11,1,0,0.9999819
55000900271031,2022-12-12,1,0,0.9999819
55000900271031,2022-12-13,1,0,0.9999819
55000900271031,2022-12-14,1,0,0.9999819
55000900271031,2022-12-15,1,0,0.9999819
55000900271031,2022-12-16,1,0,0.9999819
55000900271031,2022-12-17,1,0,0.9999819
55000900271031,2022-12-18,1,0,0.9999819
55000900271031,2022-12-19,1,0,0.9999819
55000900271031,2022-12-20,1,0,0.9999819
55000900271031,2022-12-21,1,0,0.9999819
55000900271031,2022-12-22,1,0,0.9999819
55000900271031,2022-12-23,1,0,0.9999819
55000900271031,2022-12-24,1,0,0.9999819
55000900271031,2022-12-25,1,0,0.9999819
55000900271031,2022-12-26,1,0,0.9999819
55000900271031,2022-12-27,1,0,0.9999819
55000900271031,2022-12-28,1,0,0.9999819
55000900271031,2022-12-29,1,0,0.9999819
55000900271031,2022-12-30,1,0,0.9999819
55000900271031,2022-12-31,1,0,0.9999819
55000900271031,2023-01-01,1,0,0.9999819
55000900271031,2023-01-02,1,0,0.9999819
55000900271031,2023-01-03,1,0,0.9999819
55000900271031,2023-01-26,1,0,0.9999819
55000900271031,2023-01-27,1,0,0.9999819
55000900271031,2023-01-28,1,0,0.9999819
55000900271031,2023-01-29,1,0,0.9999819
55000900271031,2023-01-30,1,0,0.9999819
55000900271031,2023-01-31,1,0,0.9999819
55000900271031,2023-02-01,1,0,0.9999819
55000900271031,2023-02-02,1,0,0.9999819
55000900271031,2023-02-03,1,0,0.9999819
55000900271031,2023-02-04,1,0,0.9999819
55000900271031,2023-02-05,1,0,0.9999819
55000900271031,2023-02-06,1,0,0.9999819
55000900271031,2023-02-07,1,0,0.9999819
55000900271031,2023-02-08,1,0,0.9999819
55000900271031,2023-02-09,1,0,0.9999819
55000900271031,2023-02-10,1,0,0.9999819
55000900271031,2023-02-11,1,0,0.9999819
55000900271031,2023-02-12,1,0,0.9999819
55000900271031,2023-02-13,1,0,0.9999819
55000900271031,2023-02-14,1,0,0.9999819
55000900271031,2023-02-15,1,0,0.9999819
55000900271031,2023-02-16,1,0,0.9999819
55000900271031,2023-02-17,1,0,0.9999819
55000900271031,2023-02-18,1,0,0.9999819
55000900271031,2023-02-19,1,0,0.9999819
55000900271031,2023-02-20,1,0,0.9999819
55000900271031,2023-02-21,1,0,0.9999819
55000900271031,2023-02-22,1,0,0.9999819
55000900271031,2023-02-23,1,0,0.9999819
55000900271031,2023-02-24,1,0,0.9999819
55000900271031,2023-02-25,1,0,0.9999819
55000900271031,2023-02-26,1,0,0.9999819
55000900271031,2023-02-27,1,0,0.9999819
55000900271031,2023-02-28,1,0,0.9999819
55000900271031,2023-03-01,1,0,0.9999819
55000900271031,2023-03-02,1,0,0.9999819
55000900271031,2023-03-03,1,0,0.9999819
55000900271031,2023-03-04,1,0,0.9999819
55000900271031,2023-03-05,1,0,0.9999819
55000900271031,2023-03-06,1,0,0.9999819
55000900271031,2023-03-07,1,0,0.9999819
55000900271031,2023-03-08,1,0,0.9999819
55000900271031,2023-03-09,1,0,0.9999819
55000900271031,2023-03-10,1,0,0.9999819
55000900271031,2023-03-11,1,0,0.9999819
55000900271031,2023-03-13,1,0,0.9999819
55000900271031,2023-03-14,1,0,0.9999819
55000900271031,2023-03-15,1,0,0.9999819
55000900271031,2023-03-16,1,0,0.9999819
55000900271031,2023-03-17,1,0,0.9999819
55000900271031,2023-03-18,1,0,0.9999819
55000900271031,2023-03-19,1,0,0.9999819
55000900271031,2023-03-20,1,0,0.9999819
55000900271031,2023-03-21,1,0,0.9999819
55000900271031,2023-03-22,1,0,0.9999819
55000900271031,2023-03-23,1,0,0.9999819
55000900271031,2023-03-24,1,0,0.9999819
55000900271031,2023-03-25,1,0,0.9999819
55000900271031,2023-03-26,1,0,0.9999819
55000900271031,2023-03-27,1,0,0.9999819
55000900271031,2023-03-28,1,0,0.9999819
55000900271031,2023-03-29,1,0,0.9999819
55000900271031,2023-03-30,1,0,0.9999819
55000900271031,2023-03-31,1,0,0.9999819
55000900271031,2023-04-01,1,0,0.9999819
55000900271031,2023-04-02,1,0,0.9999819
55000900271031,2023-04-03,1,0,0.9999819
55000900271031,2023-04-04,1,0,0.9999819
55000900271031,2023-04-05,1,0,0.9999819
55000900271031,2023-04-06,1,0,0.9999819
55000900271031,2023-04-07,1,0,0.9999819
55000900271031,2023-04-08,1,0,0.9999819
55000900271031,2023-04-09,1,0,0.9999819
55000900271031,2023-04-10,1,0,0.9999819
55000900271031,2023-04-11,1,0,0.9999819
55000900271031,2023-04-12,1,0,0.9999819
55000900271031,2023-04-13,1,0,0.9999819
55000900271031,2023-04-14,1,0,0.9999819
55000900271031,2023-04-15,1,0,0.9999819
55000900271031,2023-04-16,1,0,0.9999819
55000900271031,2023-04-17,1,0,0.9999819
55000900271031,2023-04-18,1,0,0.9999819
55000900271031,2023-04-19,1,0,0.9999819
55000900271031,2023-04-20,1,0,0.9999819
55000900271635,2020-09-11,1,9,0.99490875
55000900271635,2020-09-12,1,9,0.99418396
55000900271635,2020-09-13,1,9,0.99422836
55000900271635,2020-09-14,1,9,0.99411905
55000900271635,2020-09-15,1,9,0.9931613
55000900271635,2020-09-16,1,9,0.9927529
55000900271635,2020-09-17,1,9,0.99140376
55000900271635,2020-09-18,1,9,0.99169207
55000900271635,2020-09-19,1,9,0.9942773
55000900271635,2020-09-20,1,9,0.9970188
55000900271635,2020-09-21,1,9,0.9985683
55000900271635,2020-09-22,1,9,0.99921703
55000900271635,2020-09-23,1,9,0.99876946
55000900271635,2020-09-24,1,9,0.99887985
55000900271635,2020-09-25,1,9,0.9988733
55000900271635,2020-09-26,1,9,0.99938524
55000900271635,2020-09-27,1,9,0.99945563
55000900271635,2020-09-28,1,9,0.9999145
55000900271635,2020-09-29,1,9,0.99975306
55000900271635,2020-09-30,1,9,0.9994972
55000900271635,2020-10-01,1,9,0.9992717
55000900271635,2020-10-02,1,9,0.9990663
55000900271635,2020-10-03,1,9,0.99847823
55000900271635,2020-10-04,1,9,0.9972699
55000900271635,2020-10-05,1,9,0.9964096
55000900271635,2020-10-06,1,9,0.9964999
55000900271635,2020-10-07,1,9,0.99654263
55000900271635,2020-10-08,1,9,0.99493957
55000900271635,2020-10-09,1,9,0.9958774
55000900271635,2020-10-10,1,9,0.9946295
55000900271635,2020-10-11,1,9,0.9946313
55000900271635,2020-10-12,1,9,0.9961786
55000900271635,2020-10-13,1,9,0.9997596
55000900271635,2020-10-14,1,9,0.9999473
55000900271635,2020-10-15,1,9,0.9998981
55000900271635,2020-10-16,1,9,0.9999628
55000900271635,2020-10-17,1,9,0.99993753
55000900271635,2020-10-18,1,9,0.99983525
55000900271635,2020-10-19,1,9,0.9996846
55000900271635,2020-10-20,1,0,0.9996927
55000900271635,2020-10-21,1,0,0.9997619
55000900272209,2020-09-11,1,9,0.9999846
55000900272209,2020-09-12,1,9,0.99998426
55000900272209,2020-09-13,1,9,0.9999825
55000900272209,2020-09-14,1,9,0.99998486
55000900272209,2020-09-15,1,9,0.99998605
55000900272209,2020-09-16,1,9,0.99998426
55000900272209,2020-09-17,1,9,0.99998474
55000900272209,2020-09-18,1,9,0.9999751
55000900272209,2020-09-19,1,9,0.99996316
55000900272209,2020-09-20,1,9,0.9999769
55000900272209,2020-09-21,1,9,0.9999865
55000900272209,2020-09-22,1,9,0.99998915
55000900272209,2020-09-23,1,9,0.99998677
55000900272209,2020-09-24,1,9,0.99998224
55000900272209,2020-09-25,1,9,0.9999832
55000900272209,2020-09-26,1,9,0.9999889
55000900272209,2020-09-27,1,9,0.99998987
55000900272209,2020-09-28,1,9,0.9999902
55000900272209,2020-09-29,1,9,0.9999895
55000900272209,2020-09-30,1,9,0.99999
55000900272209,2020-10-01,1,9,0.9999889
55000900272209,2020-10-02,1,9,0.9999846
55000900272209,2020-10-03,1,9,0.9999397
55000900272209,2020-10-04,1,9,0.9998667
55000900272209,2020-10-05,1,9,0.9999385
55000900272209,2020-10-06,1,9,0.9999541
55000900272209,2020-10-07,1,9,0.99995935
55000900272209,2020-10-08,1,9,0.9999441
55000900272209,2020-10-09,1,9,0.9998466
55000900272209,2020-10-10,1,9,0.9999509
55000900272209,2020-10-11,1,9,0.999959
55000900272209,2020-10-12,1,9,0.9999684
55000900272209,2020-10-13,1,9,0.9999887
55000900272209,2020-10-14,1,9,0.9999893
55000900272209,2020-10-15,1,9,0.9999895
55000900272209,2020-10-16,1,9,0.99999
55000900272209,2020-10-17,1,9,0.99999
55000900272209,2020-10-18,1,0,0.99999034
55000900272209,2020-10-19,1,0,0.9999895
55000900272714,2020-09-11,1,9,0.9997049
55000900272714,2020-09-12,1,9,0.99967396
55000900272714,2020-09-13,1,9,0.99965394
55000900272714,2020-09-14,1,9,0.9997614
55000900272714,2020-09-15,1,9,0.9998622
55000900272714,2020-09-16,1,9,0.99989367
55000900272714,2020-09-17,1,9,0.9999057
55000900272714,2020-09-18,1,9,0.9999107
55000900272714,2020-09-19,1,9,0.99993515
55000900272714,2020-09-20,1,9,0.99994063
55000900272714,2020-09-21,1,9,0.9999628
55000900272714,2020-09-22,1,9,0.9999546
55000900272714,2020-09-23,1,9,0.99993765
55000900272714,2020-09-24,1,9,0.99993086
55000900272714,2020-09-25,1,9,0.99993217
55000900272714,2020-09-26,1,9,0.99997747
55000900272714,2020-09-27,1,9,0.99997413
55000900272714,2020-09-28,1,9,0.99998844
55000900272714,2020-09-29,1,9,0.9999887
55000900272714,2020-09-30,1,9,0.99998677
55000900272714,2020-10-01,1,9,0.9999771
55000900272714,2020-10-02,1,9,0.9999651
55000900272714,2020-10-03,1,9,0.9999479
55000900272714,2020-10-04,1,9,0.9998883
55000900272714,2020-10-05,1,9,0.99990356
55000900272714,2020-10-06,1,9,0.999944
55000900272714,2020-10-07,1,9,0.9999671
55000900272714,2020-10-08,1,9,0.9999423
55000900272714,2020-10-09,1,9,0.9999435
55000900272714,2020-10-10,1,9,0.9999567
55000900272714,2020-10-11,1,9,0.9999776
55000900272714,2020-10-12,1,9,0.99998105
55000900272714,2020-10-13,1,9,0.99998987
55000900272714,2020-10-14,1,9,0.99999034
55000900272714,2020-10-15,1,9,0.9999902
55000900272714,2020-10-16,1,9,0.99999046
55000900272714,2020-10-17,1,9,0.99999
55000900272714,2020-10-18,1,9,0.9999894
55000900272714,2020-10-19,1,0,0.9999858
55000900272714,2020-10-20,1,0,0.99998677
