site_id,target_date,true_wetdry,label_is_hobo,pred_wetdry_prob
55000900029021,2020-09-11,1,9,0.9999014
55000900029021,2020-09-12,1,9,0.99990153
55000900029021,2020-09-13,1,9,0.9998247
55000900029021,2020-09-14,1,9,0.9999546
55000900029021,2020-09-15,1,9,0.9999809
55000900029021,2020-09-16,1,9,0.99993765
55000900029021,2020-09-17,1,9,0.9999815
55000900029021,2020-09-18,1,9,0.99997866
55000900029021,2020-09-19,1,9,0.9999716
55000900029021,2020-09-20,1,9,0.99999464
55000900029021,2020-09-21,1,9,0.9999962
55000900029021,2020-09-22,1,9,0.9999975
55000900029021,2020-09-23,1,9,0.9999987
55000900029021,2020-09-24,1,9,0.9999987
55000900029021,2020-09-25,1,9,0.99999857
55000900029021,2020-09-26,1,9,0.99998915
55000900029021,2020-09-27,1,9,0.9999951
55000900029021,2020-09-28,1,9,0.9997731
55000900029021,2020-09-29,1,9,0.9999647
55000900029021,2020-09-30,1,9,0.99999833
55000900029021,2020-10-01,1,9,0.9999956
55000900029021,2020-10-02,1,9,0.99999607
55000900029021,2020-10-03,1,9,0.9999945
55000900029021,2020-10-04,1,9,0.99999356
55000900029021,2020-10-05,1,9,0.9999938
55000900029021,2020-10-06,1,9,0.9999981
55000900029021,2020-10-07,1,9,0.9999989
55000900029021,2020-10-08,1,9,0.9999932
55000900029021,2020-10-09,1,9,0.99999
55000900029021,2020-10-10,1,9,0.99999857
55000900029021,2020-10-11,1,9,0.99999833
55000900029021,2020-10-12,1,9,0.99999857
55000900029021,2020-10-13,1,9,0.9999889
55000900029021,2020-10-14,1,9,0.99999213
55000900029021,2020-10-15,1,9,0.9999927
55000900029021,2020-10-16,1,9,0.9999709
55000900029021,2020-10-17,1,9,0.9999993
55000900029021,2020-10-18,1,9,0.9999988
55000900029021,2020-10-19,1,9,0.9999994
55000900029021,2020-10-20,1,9,0.99999845
55000900029021,2020-10-21,1,0,0.99998915
55000900029021,2020-10-22,1,0,0.99998796
55000900029021,2020-10-23,1,0,0.9999776
55000900029021,2020-10-24,1,0,0.99998033
55000900029021,2020-10-25,1,0,0.99997914
55000900029021,2020-10-26,1,0,0.99998903
55000900029021,2020-10-27,1,0,0.99999523
55000900029021,2020-10-28,1,0,0.99999917
55000900029021,2020-10-29,0,0,0.9999932
55000900029021,2020-10-30,1,0,0.9999902
55000900029021,2020-10-31,1,0,0.9999908
55000900029021,2020-11-01,1,0,0.9649025
55000900029021,2020-11-02,0,0,0.99976546
55000900029021,2020-11-03,0,0,0.99986804
55000900029021,2020-11-04,0,0,0.99992526
55000900029021,2020-11-05,1,0,0.4309854
55000900029021,2020-11-06,1,0,0.05580903
55000900029021,2020-11-07,1,0,0.08026462
55000900029021,2020-11-08,1,0,0.3938432
55000900029021,2020-11-09,1,0,0.48789328
55000900029021,2020-11-10,1,0,0.99257094
55000900029021,2020-11-11,1,0,0.9995933
55000900029021,2020-11-12,1,0,0.9998852
55000900029021,2020-11-13,1,0,0.9998982
55000900029021,2020-11-14,1,0,0.9998772
55000900029021,2020-11-15,1,0,0.9998196
55000900029021,2020-11-16,1,0,0.99997234
55000900029021,2020-11-17,1,0,0.9999887
55000900029021,2020-11-18,1,0,0.9999685
55000900029021,2020-11-19,1,0,0.999979
55000900029021,2020-11-20,1,0,0.9999871
55000900029021,2020-11-21,1,0,0.99993753
55000900029021,2020-11-22,1,0,0.9999548
55000900029021,2020-11-23,1,0,0.99999464
55000900029021,2020-11-24,1,0,0.99998856
55000900029021,2020-11-25,1,0,0.9999645
55000900029021,2020-11-26,1,0,0.9999696
55000900029021,2020-11-27,1,0,0.9999294
55000900029021,2020-11-28,1,0,0.99989915
55000900029021,2020-11-29,1,0,0.999995
55000900029021,2020-11-30,1,0,0.99996936
55000900029021,2020-12-01,1,0,0.99998057
55000900029021,2020-12-02,1,0,0.99996614
55000900029021,2020-12-03,1,0,0.9999217
55000900029021,2020-12-04,1,0,0.99995947
55000900029021,2020-12-05,1,0,0.999984
55000900029021,2020-12-06,1,0,0.99998593
55000900029021,2020-12-07,1,0,0.99999166
55000900029021,2020-12-08,1,0,0.999992
55000900029021,2020-12-09,1,0,0.9999931
55000900029021,2020-12-10,1,0,0.9999703
55000900029021,2020-12-11,1,0,0.9999596
55000900029021,2020-12-12,1,0,0.99998784
55000900029021,2020-12-13,1,0,0.9999927
55000900029021,2020-12-14,1,0,0.99999416
55000900029021,2020-12-15,1,0,0.9999914
55000900029021,2020-12-16,1,0,0.9999944
55000900029021,2020-12-17,1,0,0.9999658
55000900029021,2020-12-18,1,0,0.9999857
55000900029021,2020-12-19,1,0,0.9999751
55000900029021,2020-12-20,1,0,0.9999871
55000900029021,2020-12-21,1,0,0.99998534
55000900029021,2020-12-22,1,0,0.9999863
55000900029021,2020-12-23,1,0,0.9999676
55000900029021,2020-12-24,1,0,0.9999738
55000900029021,2020-12-25,1,0,0.99999523
55000900029021,2020-12-26,1,0,0.99998486
55000900029021,2020-12-27,1,0,0.99999344
55000900029021,2020-12-28,1,0,0.9999349
55000900029021,2020-12-29,1,0,0.99998224
55000900029021,2020-12-30,1,0,0.9999752
55000900029021,2020-12-31,1,0,0.9999746
55000900029021,2021-01-01,1,0,0.99998796
55000900029021,2021-01-02,1,0,0.999974
55000900029021,2021-01-03,1,0,0.9999869
55000900029021,2021-01-04,1,0,0.99998665
55000900029021,2021-01-05,1,0,0.9999902
55000900029021,2021-01-06,1,0,0.9999925
55000900029021,2021-01-07,1,0,0.9999931
55000900029021,2021-01-08,1,0,0.9999945
55000900029021,2021-01-09,1,0,0.9999943
55000900029021,2021-01-10,1,0,0.9999938
55000900029021,2021-01-11,1,0,0.99999416
55000900029021,2021-01-12,1,0,0.9999949
55000900029021,2021-01-13,1,0,0.99999285
55000900029021,2021-01-14,1,0,0.99999344
55000900029021,2021-01-15,1,0,0.9999926
55000900029021,2021-01-16,1,0,0.99999285
55000900029021,2021-01-17,1,0,0.9999944
55000900029021,2021-01-18,1,0,0.9999938
55000900029021,2021-01-19,1,0,0.9999931
55000900029021,2021-01-20,1,0,0.99999404
55000900029021,2021-01-21,1,0,0.9999893
55000900029021,2021-01-22,1,0,0.99998915
55000900029021,2021-01-23,1,0,0.99999094
55000900029021,2021-01-24,1,0,0.99998295
55000900029021,2021-01-25,1,0,0.9999893
55000900029021,2021-01-26,1,0,0.99998915
55000900029021,2021-01-27,1,0,0.99999046
55000900029021,2021-01-28,1,0,0.99999106
55000900029021,2021-01-29,1,0,0.9999889
55000900029021,2021-01-30,1,0,0.99998784
55000900029021,2021-01-31,1,0,0.9999918
55000900029021,2021-02-01,1,0,0.9999924
55000900029021,2021-02-02,1,0,0.9999924
55000900029021,2021-02-03,1,0,0.9999924
55000900029021,2021-02-04,1,0,0.9999924
55000900029021,2021-02-05,1,0,0.9999924
55000900029021,2021-02-06,1,0,0.9999924
55000900029021,2021-02-07,1,0,0.9999924
55000900029021,2021-02-08,1,0,0.9999924
55000900029021,2021-02-09,1,0,0.9999924
55000900029021,2021-02-10,1,0,0.9999924
55000900029021,2021-02-11,1,0,0.9999924
55000900029021,2021-02-12,1,0,0.9999924
55000900029021,2021-02-13,1,0,0.9999924
55000900029021,2021-02-14,1,0,0.9999924
55000900029021,2021-02-15,1,0,0.9999924
55000900029021,2021-02-16,1,0,0.9999924
55000900029021,2021-02-17,1,0,0.9999924
55000900029021,2021-02-18,1,0,0.9999924
55000900029021,2021-02-19,1,0,0.9999924
55000900029021,2021-02-20,1,0,0.9999924
55000900029021,2021-02-21,1,0,0.9999924
55000900029021,2021-02-22,1,0,0.9999924
55000900029021,2021-02-23,1,0,0.9999924
55000900029021,2021-02-24,1,0,0.9999924
55000900029021,2021-02-25,1,0,0.9999924
55000900029021,2021-02-26,1,0,0.9999924
55000900029021,2021-02-27,1,0,0.9999924
55000900029021,2021-02-28,1,0,0.9999924
55000900029021,2021-03-01,1,0,0.9999924
55000900029021,2021-03-02,1,0,0.9999924
55000900029021,2021-03-03,1,0,0.9999924
55000900029021,2021-03-04,1,0,0.9999924
55000900029021,2021-03-05,1,0,0.9999924
55000900029021,2021-03-06,1,0,0.9999924
55000900029021,2021-03-07,1,0,0.9999924
55000900029021,2021-03-08,1,0,0.9999924
55000900029021,2021-03-09,1,0,0.9999924
55000900029021,2021-03-10,1,0,0.9999924
55000900029021,2021-03-11,1,0,0.9999924
55000900029021,2021-03-12,1,0,0.9999924
55000900029021,2021-03-13,1,0,0.9999924
55000900029021,2021-03-15,1,0,0.9999924
55000900029021,2021-03-16,1,0,0.9999924
55000900029021,2021-03-17,1,0,0.9999924
55000900029021,2021-03-18,1,0,0.9999924
55000900029021,2021-03-19,1,0,0.9999924
55000900029021,2021-03-20,1,0,0.9999924
55000900029021,2021-03-21,1,0,0.9999924
55000900029021,2021-03-22,1,0,0.9999924
55000900029021,2021-03-23,1,0,0.9999924
55000900029021,2021-03-24,1,0,0.9999924
55000900029021,2021-03-25,1,0,0.9999924
55000900029021,2021-03-26,1,0,0.9999924
55000900029021,2021-03-27,1,0,0.9999924
55000900029021,2021-03-28,1,0,0.9999924
55000900029021,2021-03-29,1,0,0.9999924
55000900029021,2021-03-30,1,0,0.9999924
55000900029021,2021-03-31,1,0,0.9999924
55000900029021,2021-04-01,1,0,0.9999924
55000900029021,2021-04-02,1,0,0.9999924
55000900029021,2021-04-03,1,0,0.9999924
55000900029021,2021-04-04,1,0,0.9999924
55000900029021,2021-04-05,1,0,0.9999924
55000900029021,2021-04-06,1,0,0.9999924
55000900029021,2021-04-07,1,0,0.9999924
55000900029021,2021-04-08,1,0,0.9999924
55000900029021,2021-04-09,1,0,0.9999924
55000900029021,2021-04-10,1,0,0.9999924
55000900029021,2021-04-11,1,0,0.9999924
55000900029021,2021-04-12,1,0,0.9999924
55000900029021,2021-04-13,1,0,0.9999924
55000900029021,2021-04-14,1,0,0.9999924
55000900029021,2021-04-15,1,0,0.9999924
55000900029021,2021-04-16,1,0,0.9999924
55000900029021,2021-04-17,1,0,0.9999924
55000900029021,2021-04-18,1,0,0.9999924
55000900029021,2021-04-19,1,0,0.9999924
55000900029021,2021-04-20,1,0,0.9999924
55000900029021,2021-04-21,1,0,0.9999924
55000900029021,2021-04-22,1,0,0.9999924
55000900029021,2021-04-23,1,0,0.9999924
55000900029021,2021-04-24,1,0,0.9999924
55000900029021,2021-04-25,1,0,0.9999924
55000900029021,2021-04-26,1,0,0.9999924
55000900029021,2021-04-27,1,0,0.9999924
55000900029021,2021-04-28,1,0,0.9999924
55000900029021,2021-04-29,1,0,0.9999924
55000900029021,2021-04-30,1,0,0.9999924
55000900029021,2021-05-01,1,0,0.9999924
55000900029021,2021-05-02,1,0,0.9999924
55000900029021,2021-05-03,1,0,0.9999924
55000900029021,2021-05-04,1,0,0.9999924
55000900029021,2021-05-05,1,0,0.9999924
55000900029021,2021-05-06,1,0,0.9999924
55000900029021,2021-05-07,1,0,0.9999924
55000900029021,2021-05-08,1,0,0.9999924
55000900029021,2021-05-09,1,0,0.9999924
55000900029021,2021-05-10,1,0,0.9999924
55000900029021,2021-05-11,1,0,0.9999924
55000900029021,2021-05-12,1,0,0.9999924
55000900029021,2021-05-13,1,0,0.9999924
55000900029021,2021-05-14,1,0,0.9999924
55000900029021,2021-05-15,1,0,0.9999924
55000900029021,2021-05-16,1,0,0.9999924
55000900029021,2021-05-17,1,0,0.9999924
55000900029021,2021-05-18,1,0,0.9999924
55000900029021,2021-05-19,1,0,0.9999924
55000900029021,2021-05-20,1,0,0.9999924
55000900029021,2021-05-21,1,0,0.9999924
55000900029021,2021-05-22,1,0,0.9999924
55000900029021,2021-05-23,1,0,0.9999924
55000900029021,2021-05-24,1,0,0.9999924
55000900029021,2021-05-25,1,0,0.9999924
55000900029021,2021-05-26,1,0,0.9999924
55000900029021,2021-05-27,1,0,0.9999924
55000900029021,2021-05-28,1,0,0.9999924
55000900029021,2021-05-29,1,0,0.9999924
55000900029021,2021-05-30,1,0,0.9999924
55000900029021,2021-05-31,1,0,0.9999924
55000900029021,2021-06-01,1,0,0.9999924
55000900029021,2021-06-02,1,0,0.9999924
55000900029021,2021-06-03,1,0,0.9999924
55000900029021,2021-06-04,1,0,0.9999924
55000900029021,2021-06-05,1,0,0.9999924
55000900029021,2021-06-06,1,0,0.9999924
55000900029021,2021-06-07,1,0,0.9999924
55000900029021,2021-06-08,1,0,0.9999924
55000900029021,2021-06-09,1,0,0.9999924
55000900029021,2021-06-10,1,0,0.9999924
55000900029021,2021-06-11,1,0,0.9999924
55000900029021,2021-06-12,1,0,0.9999924
55000900029021,2021-06-13,1,0,0.9999924
55000900029021,2021-06-14,1,0,0.9999924
55000900029021,2021-06-15,1,0,0.9999924
55000900029021,2021-06-16,1,0,0.9999924
55000900029021,2021-06-17,1,0,0.9999924
55000900029021,2021-06-18,1,0,0.9999924
55000900029021,2021-06-19,1,0,0.9999924
55000900029021,2021-06-20,1,0,0.9999924
55000900029021,2021-06-21,1,0,0.9999924
55000900029021,2021-06-22,1,0,0.9999924
55000900029021,2021-06-23,1,0,0.9999924
55000900029021,2021-06-24,1,0,0.9999924
55000900029021,2021-06-25,1,0,0.9999924
55000900029021,2021-06-26,1,0,0.9999924
55000900029021,2021-06-27,1,0,0.9999924
55000900029021,2021-06-28,1,0,0.9999924
55000900029021,2021-06-29,1,0,0.9999924
55000900029021,2021-06-30,1,0,0.9999924
55000900029021,2021-07-01,1,0,0.9999924
55000900029021,2021-07-02,1,0,0.9999924
55000900029021,2021-07-03,1,0,0.9999924
55000900029021,2021-07-04,1,0,0.9999924
55000900029021,2021-07-05,1,0,0.9999924
55000900029021,2021-07-06,1,0,0.9999924
55000900029021,2021-07-07,1,0,0.9999924
55000900029021,2021-07-08,1,0,0.9999924
55000900029021,2021-07-09,1,0,0.9999924
55000900029021,2021-07-10,1,0,0.9999924
55000900029021,2021-07-11,1,0,0.9999924
55000900029021,2021-07-12,1,0,0.9999924
55000900029021,2021-07-13,1,0,0.9999924
55000900029021,2021-07-14,1,0,0.9999924
55000900029021,2021-07-15,1,0,0.9999924
55000900029021,2021-07-16,1,0,0.9999924
55000900029021,2021-07-17,1,0,0.9999924
55000900029021,2021-07-18,1,0,0.9999924
55000900029021,2021-07-19,1,0,0.9999924
55000900029021,2021-07-20,1,0,0.9999924
55000900029021,2021-07-21,1,0,0.9999924
55000900029021,2021-07-22,1,0,0.9999924
55000900029021,2021-07-23,1,0,0.9999924
55000900029021,2021-07-24,1,0,0.9999924
55000900029021,2021-07-25,0,0,0.9999924
55000900029021,2021-07-26,1,0,0.9999924
55000900029021,2021-07-27,1,0,0.9999924
55000900029021,2021-07-28,0,0,0.9999647
55000900029021,2021-07-29,0,0,0.9999888
55000900029021,2021-07-30,0,0,0.9999814
55000900029021,2021-07-31,0,0,0.99996793
55000900029021,2021-08-01,0,0,0.99995565
55000900029021,2021-08-02,0,0,0.9999727
55000900029021,2021-08-03,0,0,0.99997187
55000900029021,2021-08-04,0,0,0.9999714
55000900029021,2021-08-05,0,0,0.9999757
55000900029021,2021-08-06,0,0,0.99996984
55000900029021,2021-08-07,0,0,0.99997735
55000900029021,2021-08-08,0,0,0.99997175
55000900029021,2021-08-09,0,0,0.9999794
55000900029021,2021-08-10,0,0,0.9999763
55000900029021,2021-08-11,0,0,0.99998236
55000900029021,2021-08-12,0,0,0.9999808
55000900029021,2021-08-13,0,0,0.99998474
55000900029021,2021-08-14,0,0,0.99999
55000900029021,2021-08-15,0,0,0.99999774
55000900029021,2021-08-16,0,0,0.9999908
55000900029021,2021-08-17,0,0,0.9999957
55000900029021,2021-08-18,0,0,0.99998724
55000900029021,2021-08-19,0,0,0.99999464
55000900029021,2021-08-20,0,0,0.9999857
55000900029021,2021-08-21,0,0,0.9999939
55000900029021,2021-08-22,0,0,0.999985
55000900029021,2021-08-23,0,0,0.99999475
55000900029021,2021-08-24,0,0,0.99998164
55000900029021,2021-08-25,0,0,0.99998295
55000900029021,2021-08-26,0,0,0.9999807
55000900029021,2021-08-27,0,0,0.9999827
55000900029021,2021-08-28,0,0,0.99998116
55000900029021,2021-08-29,0,0,0.9999788
55000900029021,2021-08-30,0,0,0.9999788
55000900029021,2021-08-31,0,0,0.9999788
55000900029021,2021-09-01,0,0,0.9999788
55000900029021,2021-09-02,0,0,0.9999788
55000900029021,2021-09-03,0,0,0.9999788
55000900029021,2021-09-04,0,0,0.9999788
55000900029021,2021-09-05,0,0,0.9999788
55000900029021,2021-09-06,0,0,0.9999788
55000900029021,2021-09-07,0,0,0.9999788
55000900029021,2021-09-08,0,0,0.9999788
55000900029021,2021-09-09,0,0,0.9999788
55000900029021,2021-09-10,0,0,0.9999788
55000900029021,2021-09-11,0,0,0.9999788
55000900029021,2021-09-12,0,0,0.9999788
55000900029021,2021-09-13,0,0,0.9999788
55000900029021,2021-09-14,0,0,0.9999788
55000900029021,2021-09-15,0,0,0.9999788
55000900029021,2021-09-16,0,0,0.9999788
55000900029021,2021-09-17,0,0,0.9999788
55000900029021,2021-09-18,1,0,0.9999788
55000900029021,2021-09-19,1,0,0.9999788
55000900029021,2021-09-20,1,0,0.9999788
55000900029021,2021-09-21,0,0,0.99998724
55000900029021,2021-09-22,0,0,0.99998903
55000900029021,2021-09-23,0,0,0.9999833
55000900029021,2021-09-24,0,0,0.99996734
55000900029021,2021-09-25,0,0,0.9999696
55000900029021,2021-09-26,0,0,0.9999814
55000900029021,2021-09-27,1,0,0.9999808
55000900029021,2021-09-28,1,0,0.999979
55000900029021,2021-09-29,1,0,0.9999807
55000900029021,2021-09-30,1,0,0.99998665
55000900029021,2021-10-01,1,0,0.99997985
55000900029021,2021-10-02,0,0,0.99998283
55000900029021,2021-10-03,0,0,0.99997616
55000900029021,2021-10-04,0,0,0.99997234
55000900029021,2021-10-05,0,0,0.9999356
55000900029021,2021-10-06,0,0,0.99996674
55000900029021,2021-10-07,0,0,0.9999789
55000900029021,2021-10-08,0,0,0.99998164
55000900029021,2021-10-09,0,0,0.9999796
55000900029021,2021-10-10,1,0,0.9999809
55000900029021,2021-10-11,1,0,0.99997854
55000900029021,2021-10-12,1,0,0.9999788
55000900029021,2021-10-13,0,0,0.9999846
55000900029021,2021-10-14,1,0,0.9999794
55000900029021,2021-10-15,1,0,0.9999747
55000900029021,2021-10-16,0,0,0.99994266
55000900029021,2021-10-17,1,0,0.99997973
55000900029021,2021-10-18,1,0,0.9999846
55000900029021,2021-10-19,1,0,0.99997115
55000900029021,2021-10-20,1,0,0.9999889
55000900029021,2021-10-21,1,0,0.99998796
55000900029021,2021-10-22,1,0,0.999982
55000900029021,2021-10-23,1,0,0.9999815
55000900029021,2021-10-24,1,0,0.99998987
55000900029021,2021-10-25,1,0,0.9999652
55000900029021,2021-10-26,1,0,0.99996746
55000900029021,2021-10-27,1,0,0.999969
55000900029021,2021-10-28,1,0,0.9999887
55000900029021,2021-10-29,1,0,0.9999833
55000900029021,2021-10-30,1,0,0.9999827
55000900029021,2021-10-31,1,0,0.9999777
55000900029021,2021-11-01,1,0,0.9999707
55000900029021,2021-11-02,1,0,0.9999733
55000900029021,2021-11-03,1,0,0.9999716
55000900029021,2021-11-04,1,0,0.99997616
55000900029021,2021-11-05,1,0,0.99997807
55000900029021,2021-11-06,1,0,0.9999852
55000900029021,2021-11-07,1,0,0.999992
55000900029021,2021-11-08,1,0,0.99999297
55000900029021,2021-11-09,1,0,0.99999285
55000900029021,2021-11-10,1,0,0.99999297
55000900029021,2021-11-11,1,0,0.99999297
55000900029021,2021-11-12,1,0,0.99999285
55000900029021,2021-11-13,1,0,0.99999297
55000900029021,2021-11-14,1,0,0.9999931
55000900029021,2021-11-15,1,0,0.9999944
55000900029021,2021-11-16,1,0,0.9999969
55000900029021,2021-11-17,1,0,0.999997
55000900029021,2021-11-18,1,0,0.9999924
55000900029021,2021-11-19,1,0,0.9999924
55000900029021,2021-11-20,1,0,0.9999924
55000900029021,2021-11-21,1,0,0.9999924
55000900029021,2021-11-22,1,0,0.9999924
55000900029021,2021-11-23,1,0,0.9999924
55000900029021,2021-11-24,1,0,0.9999924
55000900029021,2021-11-25,1,0,0.9999924
55000900029021,2021-11-26,1,0,0.9999924
55000900029021,2021-11-27,1,0,0.9999924
55000900029021,2021-11-28,1,0,0.9999924
55000900029021,2021-11-29,1,0,0.9999924
55000900029021,2021-11-30,1,0,0.9999924
55000900029021,2021-12-01,1,0,0.9999924
55000900029021,2021-12-02,1,0,0.9999924
55000900029021,2021-12-03,1,0,0.9999924
55000900029021,2021-12-04,1,0,0.9999924
55000900029021,2021-12-05,1,0,0.9999924
55000900029021,2021-12-06,1,0,0.9999924
55000900029021,2021-12-07,1,0,0.9999924
55000900029021,2021-12-08,1,0,0.9999924
55000900029021,2021-12-09,1,0,0.9999924
55000900029021,2021-12-10,1,0,0.9999924
55000900029021,2021-12-11,1,0,0.9999924
55000900029021,2021-12-12,1,0,0.9999924
55000900029021,2021-12-13,1,0,0.9999924
55000900029021,2021-12-14,1,0,0.9999924
55000900029021,2021-12-15,1,0,0.9999924
55000900029021,2021-12-16,1,0,0.9999924
55000900029021,2021-12-17,1,0,0.9999924
55000900029021,2021-12-18,1,0,0.9999924
55000900029021,2021-12-19,1,0,0.9999924
55000900029021,2021-12-20,1,0,0.9999924
55000900029021,2021-12-21,1,0,0.9999924
55000900029021,2021-12-22,1,0,0.9999924
55000900029021,2021-12-23,1,0,0.9999924
55000900029021,2021-12-24,1,0,0.9999924
55000900029021,2021-12-25,1,0,0.9999924
55000900029021,2021-12-26,1,0,0.9999924
55000900029021,2021-12-27,1,0,0.9999924
55000900029021,2021-12-28,1,0,0.9999924
55000900029021,2021-12-29,1,0,0.9999924
55000900029021,2021-12-30,1,0,0.9999924
55000900029021,2021-12-31,1,0,0.9999924
55000900029021,2022-01-01,1,0,0.9999924
55000900029021,2022-01-02,1,0,0.9999924
55000900029021,2022-01-03,1,0,0.9999924
55000900029021,2022-01-04,1,0,0.9999924
55000900029021,2022-01-05,1,0,0.9999924
55000900029021,2022-01-06,1,0,0.9999924
55000900029021,2022-01-07,1,0,0.9999924
55000900029021,2022-01-08,1,0,0.9999924
55000900029021,2022-01-09,1,0,0.9999924
55000900029021,2022-01-10,1,0,0.9999924
55000900029021,2022-01-11,1,0,0.9999924
55000900029021,2022-01-12,1,0,0.9999924
55000900029021,2022-01-13,1,0,0.9999924
55000900029021,2022-01-14,1,0,0.9999924
55000900029021,2022-01-15,1,0,0.9999924
55000900029021,2022-01-16,1,0,0.9999924
55000900029021,2022-01-17,1,0,0.9999924
55000900029021,2022-01-18,1,0,0.9999924
55000900029021,2022-01-19,1,0,0.9999924
55000900029021,2022-01-20,1,0,0.9999924
55000900029021,2022-01-21,1,0,0.9999924
55000900029021,2022-01-22,1,0,0.9999924
55000900029021,2022-01-23,1,0,0.9999924
55000900029021,2022-01-24,1,0,0.9999924
55000900029021,2022-01-25,1,0,0.9999924
55000900029021,2022-01-26,1,0,0.9999924
55000900029021,2022-01-27,1,0,0.9999924
55000900029021,2022-01-28,1,0,0.9999924
55000900029021,2022-01-29,1,0,0.9999924
55000900029021,2022-01-30,1,0,0.9999924
55000900029021,2022-01-31,1,0,0.9999924
55000900029021,2022-02-01,1,0,0.9999924
55000900029021,2022-02-02,1,0,0.9999924
55000900029021,2022-02-03,1,0,0.9999924
55000900029021,2022-02-04,1,0,0.9999924
55000900029021,2022-02-05,1,0,0.9999924
55000900029021,2022-02-06,1,0,0.9999924
55000900029021,2022-02-07,1,0,0.9999924
55000900029021,2022-02-08,1,0,0.9999924
55000900029021,2022-02-09,1,0,0.9999924
55000900029021,2022-02-10,1,0,0.9999924
55000900029021,2022-02-11,1,0,0.9999924
55000900029021,2022-02-12,1,0,0.9999924
55000900029021,2022-02-13,1,0,0.9999924
55000900029021,2022-02-14,1,0,0.9999924
55000900029021,2022-02-15,1,0,0.9999924
55000900029021,2022-02-16,1,0,0.9999924
55000900029021,2022-02-17,1,0,0.9999924
55000900029021,2022-02-18,1,0,0.9999924
55000900029021,2022-02-19,1,0,0.9999924
55000900029021,2022-02-20,1,0,0.9999924
55000900029021,2022-02-21,1,0,0.9999924
55000900029021,2022-02-22,1,0,0.9999924
55000900029021,2022-02-23,1,0,0.9999924
55000900029021,2022-02-24,1,0,0.9999924
55000900029021,2022-02-25,1,0,0.9999924
55000900029021,2022-02-26,1,0,0.9999924
55000900029021,2022-02-27,1,0,0.9999924
55000900029021,2022-02-28,1,0,0.9999924
55000900029021,2022-03-01,1,0,0.9999924
55000900029021,2022-03-02,1,0,0.9999924
55000900029021,2022-03-03,1,0,0.9999924
55000900029021,2022-03-04,1,0,0.9999924
55000900029021,2022-03-05,1,0,0.9999924
55000900029021,2022-03-06,1,0,0.9999924
55000900029021,2022-03-07,1,0,0.9999924
55000900029021,2022-03-08,1,0,0.9999924
55000900029021,2022-03-09,1,0,0.9999924
55000900029021,2022-03-10,1,0,0.9999924
55000900029021,2022-03-11,1,0,0.9999924
55000900029021,2022-03-12,1,0,0.9999924
55000900029021,2022-03-14,1,0,0.9999924
55000900029021,2022-03-15,1,0,0.9999924
55000900029021,2022-03-16,1,0,0.9999924
55000900029021,2022-03-17,1,0,0.9999924
55000900029021,2022-03-18,1,0,0.9999924
55000900029021,2022-03-19,1,0,0.9999924
55000900029021,2022-03-20,1,0,0.9999924
55000900029021,2022-03-21,1,0,0.9999924
55000900029021,2022-03-22,1,0,0.9999924
55000900029021,2022-03-23,1,0,0.9999924
55000900029021,2022-03-24,1,0,0.9999924
55000900029021,2022-03-25,1,0,0.9999924
55000900029021,2022-03-26,1,0,0.9999924
55000900029021,2022-03-27,1,0,0.9999924
55000900029021,2022-03-28,1,0,0.9999924
55000900029021,2022-03-29,1,0,0.9999924
55000900029021,2022-03-30,1,0,0.9999924
55000900029021,2022-03-31,1,0,0.9999924
55000900029021,2022-04-01,1,0,0.9999924
55000900029021,2022-04-02,1,0,0.9999924
55000900029021,2022-04-03,1,0,0.9999924
55000900029021,2022-04-04,1,0,0.9999924
55000900029021,2022-04-05,1,0,0.9999924
55000900029021,2022-04-06,1,0,0.9999924
55000900029021,2022-04-07,1,0,0.9999924
55000900029021,2022-04-08,1,0,0.9999924
55000900029021,2022-04-09,1,0,0.9999924
55000900029021,2022-04-10,1,0,0.9999924
55000900029021,2022-04-11,1,0,0.9999924
55000900029021,2022-04-12,1,0,0.9999924
55000900029021,2022-04-13,1,0,0.9999924
55000900029021,2022-04-14,1,0,0.9999924
55000900029021,2022-04-15,1,0,0.9999924
55000900029021,2022-04-16,1,0,0.9999924
55000900029021,2022-04-17,1,0,0.9999924
55000900029021,2022-04-18,1,0,0.9999924
55000900029021,2022-04-19,1,0,0.9999924
55000900029021,2022-04-20,1,0,0.9999924
55000900029021,2022-04-21,1,0,0.9999924
55000900029021,2022-04-22,1,0,0.9999924
55000900029021,2022-04-23,1,0,0.9999924
55000900029021,2022-04-24,1,0,0.9999924
55000900029021,2022-04-25,1,0,0.9999924
55000900029021,2022-04-26,1,0,0.9999924
55000900029021,2022-04-27,1,0,0.9999924
55000900029021,2022-04-28,1,0,0.9999924
55000900029021,2022-04-29,1,0,0.9999924
55000900029021,2022-04-30,1,0,0.9999924
55000900029021,2022-05-01,1,0,0.9999924
55000900029021,2022-05-02,1,0,0.9999924
55000900029021,2022-05-03,1,0,0.9999924
55000900029021,2022-05-04,1,0,0.9999924
55000900029021,2022-05-05,1,0,0.9999924
55000900029021,2022-05-06,1,0,0.9999924
55000900029021,2022-05-07,1,0,0.9999924
55000900029021,2022-05-08,1,0,0.9999924
55000900029021,2022-05-09,1,0,0.9999924
55000900029021,2022-05-10,1,0,0.9999924
55000900029021,2022-05-11,1,0,0.9999924
55000900029021,2022-05-12,1,0,0.9999924
55000900029021,2022-05-13,1,0,0.9999924
55000900029021,2022-05-14,1,0,0.9999924
55000900029021,2022-05-15,1,0,0.9999924
55000900029021,2022-05-16,1,0,0.9999924
55000900029021,2022-05-17,1,0,0.9999924
55000900029021,2022-05-18,1,0,0.9999924
55000900029021,2022-05-19,1,0,0.9999924
55000900029021,2022-05-20,1,0,0.9999924
55000900029021,2022-05-21,1,0,0.9999924
55000900029021,2022-05-22,1,0,0.9999924
55000900029021,2022-05-23,1,0,0.9999924
55000900029021,2022-05-24,1,0,0.9999924
55000900029021,2022-05-25,1,0,0.9999924
55000900029021,2022-05-26,1,0,0.9999924
55000900029021,2022-05-27,1,0,0.9999924
55000900029021,2022-05-28,1,0,0.9999924
55000900029021,2022-05-29,1,0,0.9999924
55000900029021,2022-05-30,1,0,0.9999924
55000900029021,2022-05-31,1,0,0.9999924
55000900029021,2022-06-01,1,0,0.9999924
55000900029021,2022-06-02,1,0,0.9999924
55000900029021,2022-06-03,1,0,0.9999924
55000900029021,2022-06-04,1,0,0.9999924
55000900029021,2022-06-05,1,0,0.9999924
55000900029021,2022-06-06,1,0,0.9999924
55000900029021,2022-06-07,1,0,0.9999924
55000900029021,2022-06-08,1,0,0.9999924
55000900029021,2022-06-09,1,0,0.9999924
55000900029021,2022-06-10,1,0,0.9999924
55000900029021,2022-06-11,1,0,0.9999924
55000900029021,2022-06-12,1,0,0.9999924
55000900029021,2022-06-13,1,0,0.9999924
55000900029021,2022-06-14,1,0,0.9999924
55000900029021,2022-06-15,1,0,0.9999924
55000900029021,2022-06-16,1,0,0.9999924
55000900029021,2022-06-17,1,0,0.9999924
55000900029021,2022-06-18,1,0,0.9999924
55000900029021,2022-06-19,1,0,0.9999924
55000900029021,2022-06-20,1,0,0.9999924
55000900029021,2022-06-21,1,0,0.9999924
55000900029021,2022-06-22,1,0,0.9999924
55000900029021,2022-06-23,1,0,0.9999924
55000900029021,2022-06-24,1,0,0.9999924
55000900029021,2022-06-25,1,0,0.9999924
55000900029021,2022-06-26,1,0,0.9999924
55000900029021,2022-06-27,1,0,0.9999924
55000900029021,2022-06-28,1,0,0.9999924
55000900029021,2022-06-29,1,0,0.9999924
55000900029021,2022-06-30,1,0,0.9999924
55000900029021,2022-07-01,1,0,0.9999924
55000900029021,2022-07-02,1,0,0.9999924
55000900029021,2022-07-03,1,0,0.9999924
55000900029021,2022-07-04,1,0,0.9999924
55000900029021,2022-07-05,1,0,0.9999924
55000900029021,2022-07-06,1,0,0.9999924
55000900029021,2022-07-07,1,0,0.9999924
55000900029021,2022-07-08,1,0,0.9999924
55000900029021,2022-07-09,1,0,0.9999924
55000900029021,2022-07-10,1,0,0.9999924
55000900029021,2022-07-11,1,0,0.9999924
55000900029021,2022-07-12,1,0,0.9999924
55000900029021,2022-07-13,1,0,0.9999924
55000900029021,2022-07-14,1,0,0.9999924
55000900029021,2022-07-15,1,0,0.9999924
55000900029021,2022-07-16,1,0,0.9999924
55000900029021,2022-07-17,1,0,0.9999924
55000900029021,2022-07-18,1,0,0.9999924
55000900029021,2022-07-19,1,0,0.9999924
55000900029021,2022-07-20,1,0,0.9999924
55000900029021,2022-07-21,1,0,0.9999924
55000900029021,2022-07-22,1,0,0.9999924
55000900029021,2022-07-23,1,0,0.9999924
55000900029021,2022-07-24,1,0,0.9999924
55000900029021,2022-07-25,1,0,0.9999924
55000900029021,2022-07-26,1,0,0.9999924
55000900029021,2022-07-27,1,0,0.9999924
55000900029021,2022-07-28,1,0,0.9999924
55000900029021,2022-07-29,1,0,0.9999924
55000900029021,2022-07-30,1,0,0.9999924
55000900029021,2022-07-31,1,0,0.9999924
55000900029021,2022-08-01,1,0,0.9999924
55000900029021,2022-08-02,1,0,0.9999924
55000900029021,2022-08-03,1,0,0.9999924
55000900029021,2022-08-04,1,0,0.9999924
55000900029021,2022-08-05,1,0,0.9999924
55000900029021,2022-08-06,1,0,0.9999924
55000900029021,2022-08-07,1,0,0.9999924
55000900029021,2022-08-08,1,0,0.9999924
55000900029021,2022-08-09,1,0,0.9999924
55000900029021,2022-08-10,1,0,0.9999924
55000900029021,2022-08-11,1,0,0.9999924
55000900029021,2022-08-12,1,0,0.9999924
55000900029021,2022-08-13,1,0,0.9999924
55000900029021,2022-08-14,1,0,0.9999924
55000900029021,2022-08-15,1,0,0.9999924
55000900029021,2022-08-16,1,0,0.9999924
55000900029021,2022-08-17,1,0,0.9999924
55000900029021,2022-08-18,1,0,0.9999924
55000900029021,2022-08-19,1,0,0.9999924
55000900029021,2022-08-20,1,0,0.9999924
55000900029021,2022-08-21,1,0,0.9999924
55000900029021,2022-08-22,1,0,0.9999924
55000900029021,2022-08-23,1,0,0.9999924
55000900029021,2022-08-24,1,0,0.9999924
55000900029021,2022-08-25,1,0,0.9999924
55000900029021,2022-08-26,1,0,0.9999924
55000900029021,2022-08-27,1,0,0.9999924
55000900029021,2022-08-28,1,0,0.9999924
55000900029021,2022-08-29,1,0,0.9999924
55000900029021,2022-08-30,1,0,0.9999924
55000900029021,2022-08-31,1,0,0.9999924
55000900029021,2022-09-01,1,0,0.9999924
55000900029021,2022-09-02,1,0,0.9999924
55000900029021,2022-09-03,1,0,0.9999924
55000900029021,2022-09-04,1,0,0.9999924
55000900029021,2022-09-05,1,0,0.9999924
55000900029021,2022-09-06,1,0,0.9999924
55000900029021,2022-09-07,1,0,0.9999924
55000900029021,2022-09-08,1,0,0.9999924
55000900029021,2022-09-09,1,0,0.9999924
55000900029021,2022-09-10,1,0,0.9999924
55000900029021,2022-09-11,1,0,0.9999924
55000900029021,2022-09-12,1,0,0.9999924
55000900029021,2022-09-13,1,0,0.9999924
55000900029021,2022-09-14,1,0,0.9999924
55000900029021,2022-09-15,1,0,0.9999924
55000900029021,2022-09-16,1,0,0.9999924
55000900029021,2022-09-17,1,0,0.9999924
55000900029021,2022-09-18,1,0,0.9999924
55000900029021,2022-09-19,1,0,0.9999924
55000900029021,2022-09-20,1,0,0.9999924
55000900029021,2022-09-21,1,0,0.9999924
55000900029021,2022-09-22,1,0,0.9999924
55000900029021,2022-09-23,1,0,0.9999924
55000900029021,2022-09-24,1,0,0.9999924
55000900029021,2022-09-25,1,0,0.9999924
55000900029021,2022-09-26,1,0,0.9999924
55000900029021,2022-09-27,1,0,0.9999924
55000900029021,2022-09-28,1,0,0.9999924
55000900029021,2022-09-29,1,0,0.9999924
55000900029021,2022-09-30,1,0,0.9999924
55000900029021,2022-10-01,1,0,0.9999924
55000900029021,2022-10-02,0,0,0.9999924
55000900029021,2022-10-03,0,0,0.9999924
55000900029021,2022-10-04,0,0,0.9999924
55000900029021,2022-10-05,0,0,0.9999647
55000900029021,2022-10-06,0,0,0.99993384
55000900029021,2022-10-07,1,0,0.9999658
55000900029021,2022-10-08,1,0,0.99997115
55000900029021,2022-10-09,0,0,0.99997485
55000900029021,2022-10-10,0,0,0.99999154
55000900029021,2022-10-11,0,0,0.99998546
55000900029021,2022-10-12,0,0,0.99997246
55000900029021,2022-10-13,0,0,0.9999727
55000900029021,2022-10-14,0,0,0.999972
55000900029021,2022-10-15,0,0,0.9999763
55000900029021,2022-10-16,0,0,0.99997497
55000900029021,2022-10-17,0,0,0.9999815
55000900029021,2022-10-18,0,0,0.99997985
55000900029021,2022-10-19,0,0,0.99998367
55000900029021,2022-10-20,0,0,0.9999815
55000900029021,2022-10-21,1,0,0.99998343
55000900029021,2022-10-22,1,0,0.9999819
55000900029021,2022-10-23,1,0,0.9999833
55000900029021,2022-10-24,1,0,0.9999894
55000900029021,2022-10-25,1,0,0.9999721
55000900029021,2022-10-26,1,0,0.99999225
55000900029021,2022-10-27,1,0,0.99998605
55000900029021,2022-10-28,1,0,0.99997973
55000900029021,2022-10-29,1,0,0.9999753
55000900029021,2022-10-30,1,0,0.99996376
55000900029021,2022-10-31,1,0,0.9999602
55000900029021,2022-11-01,1,0,0.9999614
55000900029021,2022-11-02,1,0,0.9999635
55000900029021,2022-11-03,1,0,0.9999572
55000900029021,2022-11-04,1,0,0.99996924
55000900029021,2022-11-05,1,0,0.9999583
55000900029021,2022-11-06,1,0,0.9999722
55000900029021,2022-11-07,1,0,0.99996173
55000900029021,2022-11-08,1,0,0.9999697
55000900029021,2022-11-09,1,0,0.9999577
55000900029021,2022-11-10,1,0,0.9999745
55000900029021,2022-11-11,1,0,0.99997294
55000900029021,2022-11-12,1,0,0.9999752
55000900029021,2022-11-13,1,0,0.9999751
55000900029021,2022-11-14,1,0,0.99997723
55000900029021,2022-11-15,1,0,0.9999789
55000900029021,2022-11-16,1,0,0.9999838
55000900029021,2022-11-17,1,0,0.9999895
55000900029021,2022-11-18,1,0,0.9999925
55000900029021,2022-11-19,1,0,0.99999595
55000900029021,2022-11-20,1,0,0.9999976
55000900029021,2022-11-21,1,0,0.999997
55000900029021,2022-11-22,1,0,0.9999924
55000900029021,2022-11-23,1,0,0.9999924
55000900029021,2022-11-24,1,0,0.9999924
55000900029021,2022-11-25,1,0,0.9999924
55000900029021,2022-11-26,1,0,0.9999924
55000900029021,2022-11-27,1,0,0.9999924
55000900029021,2022-11-28,1,0,0.9999924
55000900029021,2022-11-29,1,0,0.9999924
55000900029021,2022-11-30,1,0,0.9999924
55000900029021,2022-12-01,1,0,0.9999924
55000900029021,2022-12-02,1,0,0.9999924
55000900029021,2022-12-03,1,0,0.9999924
55000900029021,2022-12-04,1,0,0.9999924
55000900029021,2022-12-05,1,0,0.9999924
55000900029021,2022-12-06,1,0,0.9999924
55000900029021,2022-12-07,1,0,0.9999924
55000900029021,2022-12-08,1,0,0.9999924
55000900029021,2022-12-09,1,0,0.9999924
55000900029021,2022-12-10,1,0,0.9999924
55000900029021,2022-12-11,1,0,0.9999924
55000900029021,2022-12-12,1,0,0.9999924
55000900029021,2022-12-13,1,0,0.9999924
55000900029021,2022-12-14,1,0,0.9999924
55000900029021,2022-12-15,1,0,0.9999924
55000900029021,2022-12-16,1,0,0.9999924
55000900029021,2022-12-17,1,0,0.9999924
55000900029021,2022-12-18,1,0,0.9999924
55000900029021,2022-12-19,1,0,0.9999924
55000900029021,2022-12-20,1,0,0.9999924
55000900029021,2022-12-21,1,0,0.9999924
55000900029021,2022-12-22,1,0,0.9999924
55000900029021,2022-12-23,1,0,0.9999924
55000900029021,2022-12-24,1,0,0.9999924
55000900029021,2022-12-25,1,0,0.9999924
55000900029021,2022-12-26,1,0,0.9999924
55000900029021,2022-12-27,1,0,0.9999924
55000900029021,2022-12-28,1,0,0.9999924
55000900029021,2022-12-29,1,0,0.9999924
55000900029021,2022-12-30,1,0,0.9999924
55000900029021,2022-12-31,1,0,0.9999924
55000900029021,2023-01-01,1,0,0.9999924
55000900029021,2023-01-02,1,0,0.9999924
55000900029021,2023-01-03,1,0,0.9999924
55000900029021,2023-01-04,1,0,0.9999924
55000900029021,2023-01-05,1,0,0.9999924
55000900029021,2023-01-06,1,0,0.9999924
55000900029021,2023-01-07,1,0,0.9999924
55000900029021,2023-01-08,1,0,0.9999924
55000900029021,2023-01-09,1,0,0.9999924
55000900029021,2023-01-10,1,0,0.9999924
55000900029021,2023-01-11,1,0,0.9999924
55000900029021,2023-01-12,1,0,0.9999924
55000900029021,2023-01-13,1,0,0.9999924
55000900029021,2023-01-14,1,0,0.9999924
55000900029021,2023-01-15,1,0,0.9999924
55000900029021,2023-01-16,1,0,0.9999924
55000900029021,2023-01-17,1,0,0.9999924
55000900029021,2023-01-18,1,0,0.9999924
55000900029021,2023-01-19,1,0,0.9999924
55000900029021,2023-01-20,1,0,0.9999924
55000900029021,2023-01-21,1,0,0.9999924
55000900029021,2023-01-22,1,0,0.9999924
55000900029021,2023-01-23,1,0,0.9999924
55000900029021,2023-01-24,1,0,0.9999924
55000900029021,2023-01-25,1,0,0.9999924
55000900029021,2023-01-26,1,0,0.9999924
55000900029021,2023-01-27,1,0,0.9999924
55000900029021,2023-01-28,1,0,0.9999924
55000900029021,2023-01-29,1,0,0.9999924
55000900029021,2023-01-30,1,0,0.9999924
55000900029021,2023-01-31,1,0,0.9999924
55000900029021,2023-02-01,1,0,0.9999924
55000900029021,2023-02-02,1,0,0.9999924
55000900029021,2023-02-03,1,0,0.9999924
55000900029021,2023-02-04,1,0,0.9999924
55000900029021,2023-02-05,1,0,0.9999924
55000900029021,2023-02-06,1,0,0.9999924
55000900029021,2023-02-07,1,0,0.9999924
55000900029021,2023-02-08,1,0,0.9999924
55000900029021,2023-02-09,1,0,0.9999924
55000900029021,2023-02-10,1,0,0.9999924
55000900029021,2023-02-11,1,0,0.9999924
55000900029021,2023-02-12,1,0,0.9999924
55000900029021,2023-02-13,1,0,0.9999924
55000900029021,2023-02-14,1,0,0.9999924
55000900029021,2023-02-15,1,0,0.9999924
55000900029021,2023-02-16,1,0,0.9999924
55000900029021,2023-02-17,1,0,0.9999924
55000900029021,2023-02-18,1,0,0.9999924
55000900029021,2023-02-19,1,0,0.9999924
55000900029021,2023-02-20,1,0,0.9999924
55000900029021,2023-02-21,1,0,0.9999924
55000900029021,2023-02-22,1,0,0.9999924
55000900029021,2023-02-23,1,0,0.9999924
55000900029021,2023-02-24,1,0,0.9999924
55000900029021,2023-02-25,1,0,0.9999924
55000900029021,2023-02-26,1,0,0.9999924
55000900029021,2023-02-27,1,0,0.9999924
55000900029021,2023-02-28,1,0,0.9999924
55000900029021,2023-03-01,1,0,0.9999924
55000900029021,2023-03-02,1,0,0.9999924
55000900029021,2023-03-03,1,0,0.9999924
55000900029021,2023-03-04,1,0,0.9999924
55000900029021,2023-03-05,1,0,0.9999924
55000900029021,2023-03-06,1,0,0.9999924
55000900029021,2023-03-07,1,0,0.9999924
55000900029021,2023-03-08,1,0,0.9999924
55000900029021,2023-03-09,1,0,0.9999924
55000900029021,2023-03-10,1,0,0.9999924
55000900029021,2023-03-11,1,0,0.9999924
55000900029021,2023-03-13,1,0,0.9999924
55000900029021,2023-03-14,1,0,0.9999924
55000900029021,2023-03-15,1,0,0.9999924
55000900029021,2023-03-16,1,0,0.9999924
55000900029021,2023-03-17,1,0,0.9999924
55000900029021,2023-03-18,1,0,0.9999924
55000900029021,2023-03-19,1,0,0.9999924
55000900029021,2023-03-20,1,0,0.9999924
55000900029021,2023-03-21,1,0,0.9999924
55000900029021,2023-03-22,1,0,0.9999924
55000900029021,2023-03-23,1,0,0.9999924
55000900029021,2023-03-24,1,0,0.9999924
55000900029021,2023-03-25,1,0,0.9999924
55000900029021,2023-03-26,1,0,0.9999924
55000900029021,2023-03-27,1,0,0.9999924
55000900029021,2023-03-28,1,0,0.9999924
55000900029021,2023-03-29,1,0,0.9999924
55000900029021,2023-03-30,1,0,0.9999924
55000900029021,2023-03-31,1,0,0.9999924
55000900029021,2023-04-01,1,0,0.9999924
55000900029021,2023-04-02,1,0,0.9999924
55000900029021,2023-04-03,1,0,0.9999924
55000900029021,2023-04-04,1,0,0.9999924
55000900029021,2023-04-05,1,0,0.9999924
55000900029021,2023-04-06,1,0,0.9999924
55000900029021,2023-04-07,1,0,0.9999924
55000900029021,2023-04-08,1,0,0.9999924
55000900029021,2023-04-09,1,0,0.9999924
55000900029021,2023-04-10,1,0,0.9999924
55000900029021,2023-04-11,1,0,0.9999924
55000900029021,2023-04-12,1,0,0.9999924
55000900029021,2023-04-13,1,0,0.9999924
55000900029021,2023-04-14,1,0,0.9999924
55000900029021,2023-04-15,1,0,0.9999924
55000900029021,2023-04-16,1,0,0.9999924
55000900029021,2023-04-17,1,0,0.9999924
55000900029021,2023-04-18,1,0,0.9999924
55000900029021,2023-04-19,1,0,0.9999924
55000900029021,2023-04-20,1,0,0.9999924
55000900029608,2020-09-11,1,0,0.99994624
55000900029608,2020-09-12,1,0,0.999567
55000900029608,2020-09-13,1,0,0.99997306
55000900029608,2020-09-14,1,0,0.9999583
55000900029608,2020-09-15,1,0,0.99996114
55000900029608,2020-09-16,1,0,0.99997425
55000900029608,2020-09-17,1,0,0.99997306
55000900029608,2020-09-18,1,0,0.99993885
55000900029608,2020-09-19,1,0,0.9998165
55000900029608,2020-09-20,1,0,0.9999229
55000900029608,2020-09-21,1,0,0.99999404
55000900029608,2020-09-22,1,0,0.99999857
55000900029608,2020-09-23,1,0,0.9999932
55000900029608,2020-09-24,1,0,0.9999716
55000900029608,2020-09-25,1,0,0.9999126
55000900029608,2020-09-26,1,0,0.9999958
55000900029608,2020-09-27,1,0,0.9999999
55000900029608,2020-09-28,1,0,0.9999999
55000900029608,2020-09-29,1,0,0.9999999
55000900029608,2020-09-30,1,0,0.9999999
55000900029608,2020-10-01,1,0,0.99999857
55000900029608,2020-10-02,1,0,0.99999833
55000900029608,2020-10-03,1,0,0.99999774
55000900029608,2020-10-04,1,0,0.9999958
55000900029608,2020-10-05,1,0,0.99999666
55000900029608,2020-10-06,1,0,0.999998
55000900029608,2020-10-07,1,0,0.99999833
55000900029608,2020-10-08,1,0,0.9999988
55000900029608,2020-10-09,1,0,0.9999988
55000900029608,2020-10-10,1,0,0.9999989
55000900029608,2020-10-11,1,0,0.99999964
55000900029608,2020-10-12,1,0,0.9999993
55000900029608,2020-10-13,1,0,0.99999917
55000900029608,2020-10-14,1,0,0.9999999
55000900029608,2020-10-15,1,0,0.9999994
55000900029608,2020-10-16,1,0,0.99999976
55000900029608,2020-10-17,1,0,0.9999999
55000900029608,2020-10-18,1,0,0.99999976
55000900029608,2020-10-19,1,0,0.99999976
55000900029608,2020-10-20,1,0,0.99999976
55000900029608,2020-10-21,1,0,0.9999999
55000900029608,2020-10-22,1,0,0.99999976
55000900029608,2020-10-23,1,0,0.9999999
55000900029608,2020-10-24,1,0,0.99999964
55000900029608,2020-10-25,1,0,0.9999999
55000900029608,2020-10-26,1,0,0.99999976
55000900029608,2020-10-27,1,0,0.99999976
55000900029608,2020-10-28,1,0,0.99999976
55000900029608,2020-10-29,1,0,0.9999987
55000900029608,2020-10-30,1,0,0.99999976
55000900029608,2020-10-31,1,0,0.99999976
55000900029608,2020-11-01,1,0,0.9999995
55000900029608,2020-11-02,1,0,0.9999999
55000900029608,2020-11-03,1,0,0.9999999
55000900029608,2020-11-04,1,0,0.9999995
55000900029608,2020-11-05,1,0,0.99999964
55000900029608,2020-11-06,1,0,0.99999964
55000900029608,2020-11-07,1,0,0.99999976
55000900029608,2020-11-08,1,0,0.9999999
55000900029608,2020-11-09,1,0,0.9999999
55000900029608,2020-11-10,1,0,0.99999976
55000900029608,2020-11-11,1,0,0.99999976
55000900029608,2020-11-12,1,0,0.99999976
55000900029608,2020-11-13,1,0,0.9999995
55000900029608,2020-11-14,1,0,0.99999964
55000900029608,2020-11-15,1,0,0.9999994
55000900029608,2020-11-16,1,0,0.9999995
55000900029608,2020-11-17,1,0,0.9999995
55000900029608,2020-11-18,1,0,0.99999964
55000900029608,2020-11-19,1,0,0.99999964
55000900029608,2020-11-20,1,0,0.99999976
55000900029608,2020-11-21,1,0,0.9999995
55000900029608,2020-11-22,1,0,0.9999994
55000900029608,2020-11-23,1,0,0.9999994
55000900029608,2020-11-24,1,0,0.99999976
55000900029608,2020-11-25,1,0,0.99999976
55000900029608,2020-11-26,1,0,0.9999994
55000900029608,2020-11-27,1,0,0.99999964
55000900029608,2020-11-28,1,0,0.99999964
55000900029608,2020-11-29,1,0,0.99999964
55000900029608,2020-11-30,1,0,0.9999999
55000900029608,2020-12-01,1,0,0.99999964
55000900029608,2020-12-02,1,0,0.99999976
55000900029608,2020-12-03,1,0,0.99999976
55000900029608,2020-12-04,1,0,0.99999976
55000900029608,2020-12-05,1,0,0.9999993
55000900029608,2020-12-06,1,0,0.9999995
55000900029608,2020-12-07,1,0,0.9999995
55000900029608,2020-12-08,1,0,0.99999976
55000900029608,2020-12-09,1,0,0.99999976
55000900029608,2020-12-10,1,0,0.9999999
55000900029608,2020-12-11,1,0,0.99999976
55000900029608,2020-12-12,1,0,0.99999976
55000900029608,2020-12-13,1,0,0.99999964
55000900029608,2020-12-14,1,0,0.9999995
55000900029608,2020-12-15,1,0,0.99999964
55000900029608,2020-12-16,1,0,0.99999964
55000900029608,2020-12-17,1,0,0.99999964
55000900029608,2020-12-18,1,0,0.99999964
55000900029608,2020-12-19,1,0,0.99999976
55000900029608,2020-12-20,1,0,0.99999964
55000900029608,2020-12-21,1,0,0.9999995
55000900029608,2020-12-22,1,0,0.9999995
55000900029608,2020-12-23,1,0,0.9999995
55000900029608,2020-12-24,1,0,0.9999995
55000900029608,2020-12-25,1,0,0.99999964
55000900029608,2020-12-26,1,0,0.9999999
55000900029608,2020-12-27,1,0,0.9999999
55000900029608,2020-12-28,1,0,0.9999995
55000900029608,2020-12-29,1,0,0.9999994
55000900029608,2020-12-30,1,0,0.99999976
55000900029608,2020-12-31,1,0,0.99999964
55000900029608,2021-01-01,1,0,0.99999976
55000900029608,2021-01-02,1,0,0.99999905
55000900029608,2021-01-03,1,0,0.9999994
55000900029608,2021-01-04,1,0,0.9999995
55000900029608,2021-01-05,1,0,0.99999964
55000900029608,2021-01-06,1,0,0.9999995
55000900029608,2021-01-07,1,0,0.9999995
55000900029608,2021-01-08,1,0,0.99999976
55000900029608,2021-01-09,1,0,0.9999995
55000900029608,2021-01-10,1,0,0.9999995
55000900029608,2021-01-11,1,0,0.9999995
55000900029608,2021-01-12,1,0,0.9999995
55000900029608,2021-01-13,1,0,0.9999995
55000900029608,2021-01-14,1,0,0.9999994
55000900029608,2021-01-15,1,0,0.99999964
55000900029608,2021-01-16,1,0,0.99999976
55000900029608,2021-01-17,1,0,0.99999976
55000900029608,2021-01-18,1,0,0.99999964
55000900029608,2021-01-19,1,0,0.9999995
55000900029608,2021-01-20,1,0,0.9999995
55000900029608,2021-01-21,1,0,0.9999995
55000900029608,2021-01-22,1,0,0.99999976
55000900029608,2021-01-23,1,0,0.99999976
55000900029608,2021-01-24,1,0,0.99999964
55000900029608,2021-01-25,1,0,0.99999964
55000900029608,2021-01-26,1,0,0.9999999
55000900029608,2021-01-27,1,0,0.9999995
55000900029608,2021-01-28,1,0,0.9999995
55000900029608,2021-01-29,1,0,0.99999964
55000900029608,2021-01-30,1,0,0.99999964
55000900029608,2021-01-31,1,0,0.9999999
55000900029608,2021-02-01,1,0,0.9999999
55000900029608,2021-02-02,1,0,0.9999999
55000900029608,2021-02-03,1,0,0.9999999
55000900029608,2021-02-04,1,0,0.9999999
55000900029608,2021-02-05,1,0,0.9999999
55000900029608,2021-02-06,1,0,0.9999999
55000900029608,2021-02-07,1,0,0.9999999
55000900029608,2021-02-08,1,0,0.9999999
55000900029608,2021-02-09,1,0,0.9999999
55000900029608,2021-02-10,1,0,0.9999999
55000900029608,2021-02-11,1,0,0.9999999
55000900029608,2021-02-12,1,0,0.9999999
55000900029608,2021-02-13,1,0,0.9999999
55000900029608,2021-02-14,1,0,0.9999999
55000900029608,2021-02-15,1,0,0.9999999
55000900029608,2021-02-16,1,0,0.9999999
55000900029608,2021-02-17,1,0,0.9999999
55000900029608,2021-02-18,1,0,0.9999999
55000900029608,2021-02-19,1,0,0.9999999
55000900029608,2021-02-20,1,0,0.9999999
55000900029608,2021-02-21,1,0,0.9999999
55000900029608,2021-02-22,1,0,0.9999999
55000900029608,2021-02-23,1,0,0.9999999
55000900029608,2021-02-24,1,0,0.9999999
55000900029608,2021-02-25,1,0,0.9999999
55000900029608,2021-02-26,1,0,0.9999999
55000900029608,2021-02-27,1,0,0.9999999
55000900029608,2021-02-28,1,0,0.9999999
55000900029608,2021-03-01,1,0,0.9999999
55000900029608,2021-03-02,1,0,0.9999999
55000900029608,2021-03-03,1,0,0.9999999
55000900029608,2021-03-04,1,0,0.9999999
55000900029608,2021-03-05,1,0,0.9999999
55000900029608,2021-03-06,1,0,0.9999999
55000900029608,2021-03-07,1,0,0.9999999
55000900029608,2021-03-08,1,0,0.9999999
55000900029608,2021-03-09,1,0,0.9999999
55000900029608,2021-03-10,1,0,0.9999999
55000900029608,2021-03-11,1,0,0.9999999
55000900029608,2021-03-12,1,0,0.9999999
55000900029608,2021-03-13,1,0,0.9999999
55000900029608,2021-03-15,1,0,0.9999999
55000900029608,2021-03-16,1,0,0.9999999
55000900029608,2021-03-17,1,0,0.9999999
55000900029608,2021-03-18,1,0,0.9999999
55000900029608,2021-03-19,1,0,0.9999999
55000900029608,2021-03-20,1,0,0.9999999
55000900029608,2021-03-21,1,0,0.9999999
55000900029608,2021-03-22,1,0,0.9999999
55000900029608,2021-03-23,1,0,0.9999999
55000900029608,2021-03-24,1,0,0.9999999
55000900029608,2021-03-25,1,0,0.9999999
55000900029608,2021-03-26,1,0,0.9999999
55000900029608,2021-03-27,1,0,0.9999999
55000900029608,2021-03-28,1,0,0.9999999
55000900029608,2021-03-29,1,0,0.9999999
55000900029608,2021-03-30,1,0,0.9999999
55000900029608,2021-03-31,1,0,0.9999999
55000900029608,2021-04-01,1,0,0.9999999
55000900029608,2021-04-02,1,0,0.9999999
55000900029608,2021-04-03,1,0,0.9999999
55000900029608,2021-04-04,1,0,0.9999999
55000900029608,2021-04-05,1,0,0.9999999
55000900029608,2021-04-06,1,0,0.9999999
55000900029608,2021-04-07,1,0,0.9999999
55000900029608,2021-04-08,1,0,0.9999999
55000900029608,2021-04-09,1,0,0.9999999
55000900029608,2021-04-10,1,0,0.9999999
55000900029608,2021-04-11,1,0,0.9999999
55000900029608,2021-04-12,1,0,0.9999999
55000900029608,2021-04-13,1,0,0.9999999
55000900029608,2021-04-14,1,0,0.9999999
55000900029608,2021-04-15,1,0,0.9999999
55000900029608,2021-04-16,1,0,0.9999999
55000900029608,2021-04-17,1,0,0.9999999
55000900029608,2021-04-18,1,0,0.9999999
55000900029608,2021-04-19,1,0,0.9999999
55000900029608,2021-04-20,1,0,0.9999999
55000900029608,2021-04-21,1,0,0.9999999
55000900029608,2021-04-22,1,0,0.9999999
55000900029608,2021-04-23,1,0,0.9999999
55000900029608,2021-04-24,1,0,0.9999999
55000900029608,2021-04-25,1,0,0.9999999
55000900029608,2021-04-26,1,0,0.9999999
55000900029608,2021-04-27,1,0,0.9999999
55000900029608,2021-04-28,1,0,0.9999999
55000900029608,2021-04-29,1,0,0.9999999
55000900029608,2021-04-30,1,0,0.9999999
55000900029608,2021-05-01,1,0,0.9999999
55000900029608,2021-05-02,1,0,0.9999999
55000900029608,2021-05-03,1,0,0.9999999
55000900029608,2021-05-04,1,0,0.9999999
55000900029608,2021-05-05,1,0,0.9999999
55000900029608,2021-05-06,1,0,0.9999999
55000900029608,2021-05-07,1,0,0.9999999
55000900029608,2021-05-08,1,0,0.9999999
55000900029608,2021-05-09,1,0,0.9999999
55000900029608,2021-05-10,1,0,0.9999999
55000900029608,2021-05-11,1,0,0.9999999
55000900029608,2021-05-12,1,0,0.9999999
55000900029608,2021-05-13,1,0,0.9999999
55000900029608,2021-05-14,1,0,0.9999999
55000900029608,2021-05-15,1,0,0.9999999
55000900029608,2021-05-16,1,0,0.9999999
55000900029608,2021-05-17,1,0,0.9999999
55000900029608,2021-05-18,1,0,0.9999999
55000900029608,2021-05-19,1,0,0.9999999
55000900029608,2021-05-20,1,0,0.9999999
55000900029608,2021-05-21,1,0,0.9999999
55000900029608,2021-05-22,1,0,0.9999999
55000900029608,2021-05-23,1,0,0.9999999
55000900029608,2021-05-24,1,0,0.9999999
55000900029608,2021-05-25,1,0,0.9999999
55000900029608,2021-05-26,1,0,0.9999999
55000900029608,2021-05-27,1,0,0.9999999
55000900029608,2021-05-28,1,0,0.9999999
55000900029608,2021-05-29,1,0,0.9999999
55000900029608,2021-05-30,1,0,0.9999999
55000900029608,2021-05-31,1,0,0.9999999
55000900029608,2021-06-01,1,0,0.9999999
55000900029608,2021-06-02,1,0,0.9999999
55000900029608,2021-06-03,1,0,0.9999999
55000900029608,2021-06-04,1,0,0.9999999
55000900029608,2021-06-05,1,0,0.9999999
55000900029608,2021-06-06,1,0,0.9999999
55000900029608,2021-06-07,1,0,0.9999999
55000900029608,2021-06-08,1,0,0.9999999
55000900029608,2021-06-09,1,0,0.9999999
55000900029608,2021-06-10,1,0,0.9999999
55000900029608,2021-06-11,1,0,0.9999999
55000900029608,2021-06-12,1,0,0.9999999
55000900029608,2021-06-13,1,0,0.9999999
55000900029608,2021-06-14,1,0,0.9999999
55000900029608,2021-06-15,1,0,0.9999999
55000900029608,2021-06-16,1,0,0.9999999
55000900029608,2021-06-17,1,0,0.9999999
55000900029608,2021-06-18,1,0,0.9999999
55000900029608,2021-06-19,1,0,0.9999999
55000900029608,2021-06-20,1,0,0.9999999
55000900029608,2021-06-21,1,0,0.9999999
55000900029608,2021-06-22,1,0,0.9999999
55000900029608,2021-06-23,1,0,0.9999999
55000900029608,2021-06-24,1,0,0.9999999
55000900029608,2021-06-25,1,0,0.9999999
55000900029608,2021-06-26,1,0,0.9999999
55000900029608,2021-06-27,1,0,0.9999999
55000900029608,2021-06-28,1,0,0.9999999
55000900029608,2021-06-29,1,0,0.9999999
55000900029608,2021-06-30,1,0,0.9999999
55000900029608,2021-07-01,1,0,0.9999999
55000900029608,2021-07-02,1,0,0.9999999
55000900029608,2021-07-03,1,0,0.9999999
55000900029608,2021-07-04,1,0,0.9999999
55000900029608,2021-07-05,1,0,0.9999999
55000900029608,2021-07-06,1,0,0.9999999
55000900029608,2021-07-07,1,0,0.9999999
55000900029608,2021-07-08,1,0,0.9999999
55000900029608,2021-07-09,1,0,0.9999999
55000900029608,2021-07-10,1,0,0.9999999
55000900029608,2021-07-11,1,0,0.9999999
55000900029608,2021-07-12,1,0,0.9999999
55000900029608,2021-07-13,1,0,0.9999999
55000900029608,2021-07-14,1,0,0.9999999
55000900029608,2021-07-15,1,0,0.9999999
55000900029608,2021-07-16,1,0,0.9999999
55000900029608,2021-07-17,1,0,0.9999999
55000900029608,2021-07-18,1,0,0.9999999
55000900029608,2021-07-19,1,0,0.9999999
55000900029608,2021-07-20,1,0,0.9999999
55000900029608,2021-07-21,1,0,0.9999999
55000900029608,2021-07-22,1,0,0.9999999
55000900029608,2021-07-23,1,0,0.9999999
55000900029608,2021-07-24,1,0,0.9999999
55000900029608,2021-07-25,1,0,0.9999999
55000900029608,2021-07-26,1,0,0.9999999
55000900029608,2021-07-27,1,0,0.9999999
55000900029608,2021-07-28,1,0,0.9999999
55000900029608,2021-07-29,1,0,0.9999999
55000900029608,2021-07-30,1,0,0.9999999
55000900029608,2021-07-31,1,0,0.9999999
55000900029608,2021-08-01,1,0,0.9999999
55000900029608,2021-08-02,1,0,0.9999999
55000900029608,2021-08-03,1,0,0.9999999
55000900029608,2021-08-04,1,0,0.9999999
55000900029608,2021-08-05,1,0,0.9999999
55000900029608,2021-08-06,1,0,0.9999999
55000900029608,2021-08-07,1,0,0.9999999
55000900029608,2021-08-08,1,0,0.9999999
55000900029608,2021-08-09,1,0,0.9999999
55000900029608,2021-08-10,1,0,0.9999999
55000900029608,2021-08-11,1,0,0.9999999
55000900029608,2021-08-12,1,0,0.9999999
55000900029608,2021-08-13,1,0,0.9999999
55000900029608,2021-08-14,1,0,0.9999999
55000900029608,2021-08-15,1,0,0.9999999
55000900029608,2021-08-16,1,0,0.9999999
55000900029608,2021-08-17,1,0,0.9999999
55000900029608,2021-08-18,1,0,0.9999999
55000900029608,2021-08-19,1,0,0.9999999
55000900029608,2021-08-20,1,0,0.9999999
55000900029608,2021-08-21,1,0,0.9999999
55000900029608,2021-08-22,1,0,0.9999999
55000900029608,2021-08-23,1,0,0.9999999
55000900029608,2021-08-24,1,0,0.9999999
55000900029608,2021-08-25,1,0,0.9999999
55000900029608,2021-08-26,1,0,0.9999999
55000900029608,2021-08-27,1,0,0.9999999
55000900029608,2021-08-28,1,0,0.9999999
55000900029608,2021-08-29,1,0,0.9999999
55000900029608,2021-08-30,1,0,0.9999999
55000900029608,2021-08-31,1,0,0.9999999
55000900029608,2021-09-01,1,0,0.9999999
55000900029608,2021-09-02,1,0,0.9999999
55000900029608,2021-09-03,1,0,0.9999999
55000900029608,2021-09-04,1,0,0.9999999
55000900029608,2021-09-05,1,0,0.9999999
55000900029608,2021-09-06,1,0,0.9999999
55000900029608,2021-09-07,1,0,0.9999999
55000900029608,2021-09-08,1,0,0.9999999
55000900029608,2021-09-09,1,0,0.9999999
55000900029608,2021-09-10,1,0,0.9999999
55000900029608,2021-09-11,1,0,0.9999999
55000900029608,2021-09-12,1,0,0.9999999
55000900029608,2021-09-13,1,0,0.9999999
55000900029608,2021-09-14,1,0,0.9999999
55000900029608,2021-09-15,1,0,0.9999999
55000900029608,2021-09-16,1,0,0.9999999
55000900029608,2021-09-17,1,0,0.9999999
55000900029608,2021-09-18,1,0,0.9999999
55000900029608,2021-09-19,1,0,0.9999999
55000900029608,2021-09-20,1,0,0.9999999
55000900029608,2021-09-21,1,0,0.9999999
55000900029608,2021-09-22,1,0,0.9999999
55000900029608,2021-09-23,1,0,0.9999999
55000900029608,2021-09-24,1,0,0.9999999
55000900029608,2021-09-25,1,0,0.9999999
55000900029608,2021-09-26,1,0,0.9999999
55000900029608,2021-09-27,1,0,0.9999999
55000900029608,2021-09-28,1,0,0.9999999
55000900029608,2021-09-29,1,0,0.9999999
55000900029608,2021-09-30,1,0,0.9999999
55000900029608,2021-10-01,1,0,0.9999999
55000900029608,2021-10-02,1,0,0.9999999
55000900029608,2021-10-03,1,0,0.9999999
55000900029608,2021-10-04,1,0,0.9999999
55000900029608,2021-10-05,1,0,0.9999999
55000900029608,2021-10-06,1,0,0.9999999
55000900029608,2021-10-07,1,0,0.9999999
55000900029608,2021-10-08,1,0,0.9999999
55000900029608,2021-10-09,1,0,0.9999999
55000900029608,2021-10-10,1,0,0.9999999
55000900029608,2021-10-11,1,0,0.9999999
55000900029608,2021-10-12,1,0,0.9999999
55000900029608,2021-10-13,1,0,0.9999999
55000900029608,2021-10-14,1,0,0.9999999
55000900029608,2021-10-15,1,0,0.9999999
55000900029608,2021-10-16,1,0,0.9999999
55000900029608,2021-10-17,1,0,0.9999999
55000900029608,2021-10-18,1,0,0.9999999
55000900029608,2021-10-19,1,0,0.9999999
55000900029608,2021-10-20,1,0,0.9999999
55000900029608,2021-10-21,1,0,0.9999999
55000900029608,2021-10-22,1,0,0.9999999
55000900029608,2021-10-23,1,0,0.9999999
55000900029608,2021-10-24,1,0,0.9999999
55000900029608,2021-10-25,1,0,0.9999999
55000900029608,2021-10-26,1,0,0.9999999
55000900029608,2021-10-27,1,0,0.9999999
55000900029608,2021-10-28,1,0,0.9999999
55000900029608,2021-10-29,1,0,0.9999999
55000900029608,2021-10-30,1,0,0.9999999
55000900029608,2021-10-31,1,0,0.9999999
55000900029608,2021-11-01,1,0,0.9999999
55000900029608,2021-11-02,1,0,0.9999999
55000900029608,2021-11-03,1,0,0.9999999
55000900029608,2021-11-04,1,0,0.9999999
55000900029608,2021-11-05,1,0,0.9999999
55000900029608,2021-11-06,1,0,0.9999999
55000900029608,2021-11-07,1,0,0.9999999
55000900029608,2021-11-08,1,0,0.9999999
55000900029608,2021-11-09,1,0,0.9999999
55000900029608,2021-11-10,1,0,0.9999999
55000900029608,2021-11-11,1,0,0.9999999
55000900029608,2021-11-12,1,0,0.9999999
55000900029608,2021-11-13,1,0,0.9999999
55000900029608,2021-11-14,1,0,0.9999999
55000900029608,2021-11-15,1,0,0.9999999
55000900029608,2021-11-16,1,0,0.9999999
55000900029608,2021-11-17,1,0,0.9999999
55000900029608,2021-11-18,1,0,0.9999999
55000900029608,2021-11-19,1,0,0.9999999
55000900029608,2021-11-20,1,0,0.9999999
55000900029608,2021-11-21,1,0,0.9999999
55000900029608,2021-11-22,1,0,0.9999999
55000900029608,2021-11-23,1,0,0.9999999
55000900029608,2021-11-24,1,0,0.9999999
55000900029608,2021-11-25,1,0,0.9999999
55000900029608,2021-11-26,1,0,0.9999999
55000900029608,2021-11-27,1,0,0.9999999
55000900029608,2021-11-28,1,0,0.9999999
55000900029608,2021-11-29,1,0,0.9999999
55000900029608,2021-11-30,1,0,0.9999999
55000900029608,2021-12-01,1,0,0.9999999
55000900029608,2021-12-02,1,0,0.9999999
55000900029608,2021-12-03,1,0,0.9999999
55000900029608,2021-12-04,1,0,0.9999999
55000900029608,2021-12-05,1,0,0.9999999
55000900029608,2021-12-06,1,0,0.9999999
55000900029608,2021-12-07,1,0,0.9999999
55000900029608,2021-12-08,1,0,0.9999999
55000900029608,2021-12-09,1,0,0.9999999
55000900029608,2021-12-10,1,0,0.9999999
55000900029608,2021-12-11,1,0,0.9999999
55000900029608,2021-12-12,1,0,0.9999999
55000900029608,2021-12-13,1,0,0.9999999
55000900029608,2021-12-14,1,0,0.9999999
55000900029608,2021-12-15,1,0,0.9999999
55000900029608,2021-12-16,1,0,0.9999999
55000900029608,2021-12-17,1,0,0.9999999
55000900029608,2021-12-18,1,0,0.9999999
55000900029608,2021-12-19,1,0,0.9999999
55000900029608,2021-12-20,1,0,0.9999999
55000900029608,2021-12-21,1,0,0.9999999
55000900029608,2021-12-22,1,0,0.9999999
55000900029608,2021-12-23,1,0,0.9999999
55000900029608,2021-12-24,1,0,0.9999999
55000900029608,2021-12-25,1,0,0.9999999
55000900029608,2021-12-26,1,0,0.9999999
55000900029608,2021-12-27,1,0,0.9999999
55000900029608,2021-12-28,1,0,0.9999999
55000900029608,2021-12-29,1,0,0.9999999
55000900029608,2021-12-30,1,0,0.9999999
55000900029608,2021-12-31,1,0,0.9999999
55000900029608,2022-01-01,1,0,0.9999999
55000900029608,2022-01-02,1,0,0.9999999
55000900029608,2022-01-03,1,0,0.9999999
55000900029608,2022-01-04,1,0,0.9999999
55000900029608,2022-01-05,1,0,0.9999999
55000900029608,2022-01-06,1,0,0.9999999
55000900029608,2022-01-07,1,0,0.9999999
55000900029608,2022-01-08,1,0,0.9999999
55000900029608,2022-01-09,1,0,0.9999999
55000900029608,2022-01-10,1,0,0.9999999
55000900029608,2022-01-11,1,0,0.9999999
55000900029608,2022-01-12,1,0,0.9999999
55000900029608,2022-01-13,1,0,0.9999999
55000900029608,2022-01-14,1,0,0.9999999
55000900029608,2022-01-15,1,0,0.9999999
55000900029608,2022-01-16,1,0,0.9999999
55000900029608,2022-01-17,1,0,0.9999999
55000900029608,2022-01-18,1,0,0.9999999
55000900029608,2022-01-19,1,0,0.9999999
55000900029608,2022-01-20,1,0,0.9999999
55000900029608,2022-01-21,1,0,0.9999999
55000900029608,2022-01-22,1,0,0.9999999
55000900029608,2022-01-23,1,0,0.9999999
55000900029608,2022-01-24,1,0,0.9999999
55000900029608,2022-01-25,1,0,0.9999999
55000900029608,2022-01-26,1,0,0.9999999
55000900029608,2022-01-27,1,0,0.9999999
55000900029608,2022-01-28,1,0,0.9999999
55000900029608,2022-01-29,1,0,0.9999999
55000900029608,2022-01-30,1,0,0.9999999
55000900029608,2022-01-31,1,0,0.9999999
55000900029608,2022-02-01,1,0,0.9999999
55000900029608,2022-02-02,1,0,0.9999999
55000900029608,2022-02-03,1,0,0.9999999
55000900029608,2022-02-04,1,0,0.9999999
55000900029608,2022-02-05,1,0,0.9999999
55000900029608,2022-02-06,1,0,0.9999999
55000900029608,2022-02-07,1,0,0.9999999
55000900029608,2022-02-08,1,0,0.9999999
55000900029608,2022-02-09,1,0,0.9999999
55000900029608,2022-02-10,1,0,0.9999999
55000900029608,2022-02-11,1,0,0.9999999
55000900029608,2022-02-12,1,0,0.9999999
55000900029608,2022-02-13,1,0,0.9999999
55000900029608,2022-02-14,1,0,0.9999999
55000900029608,2022-02-15,1,0,0.9999999
55000900029608,2022-02-16,1,0,0.9999999
55000900029608,2022-02-17,1,0,0.9999999
55000900029608,2022-02-18,1,0,0.9999999
55000900029608,2022-02-19,1,0,0.9999999
55000900029608,2022-02-20,1,0,0.9999999
55000900029608,2022-02-21,1,0,0.9999999
55000900029608,2022-02-22,1,0,0.9999999
55000900029608,2022-02-23,1,0,0.9999999
55000900029608,2022-02-24,1,0,0.9999999
55000900029608,2022-02-25,1,0,0.9999999
55000900029608,2022-02-26,1,0,0.9999999
55000900029608,2022-02-27,1,0,0.9999999
55000900029608,2022-02-28,1,0,0.9999999
55000900029608,2022-03-01,1,0,0.9999999
55000900029608,2022-03-02,1,0,0.9999999
55000900029608,2022-03-03,1,0,0.9999999
55000900029608,2022-03-04,1,0,0.9999999
55000900029608,2022-03-05,1,0,0.9999999
55000900029608,2022-03-06,1,0,0.9999999
55000900029608,2022-03-07,1,0,0.9999999
55000900029608,2022-03-08,1,0,0.9999999
55000900029608,2022-03-09,1,0,0.9999999
55000900029608,2022-03-10,1,0,0.9999999
55000900029608,2022-03-11,1,0,0.9999999
55000900029608,2022-03-12,1,0,0.9999999
55000900029608,2022-03-14,1,0,0.9999999
55000900029608,2022-03-15,1,0,0.9999999
55000900029608,2022-03-16,1,0,0.9999999
55000900029608,2022-03-17,1,0,0.9999999
55000900029608,2022-03-18,1,0,0.9999999
55000900029608,2022-03-19,1,0,0.9999999
55000900029608,2022-03-20,1,0,0.9999999
55000900029608,2022-03-21,1,0,0.9999999
55000900029608,2022-03-22,1,0,0.9999999
55000900029608,2022-03-23,1,0,0.9999999
55000900029608,2022-03-24,1,0,0.9999999
55000900029608,2022-03-25,1,0,0.9999999
55000900029608,2022-03-26,1,0,0.9999999
55000900029608,2022-03-27,1,0,0.9999999
55000900029608,2022-03-28,1,0,0.9999999
55000900029608,2022-03-29,1,0,0.9999999
55000900029608,2022-03-30,1,0,0.9999999
55000900029608,2022-03-31,1,0,0.9999999
55000900029608,2022-04-01,1,0,0.9999999
55000900029608,2022-04-02,1,0,0.9999999
55000900029608,2022-04-03,1,0,0.9999999
55000900029608,2022-04-04,1,0,0.9999999
55000900029608,2022-04-05,1,0,0.9999999
55000900029608,2022-04-06,1,0,0.9999999
55000900029608,2022-04-07,1,0,0.9999999
55000900029608,2022-04-08,1,0,0.9999999
55000900029608,2022-04-09,1,0,0.9999999
55000900029608,2022-04-10,1,0,0.9999999
55000900029608,2022-04-11,1,0,0.9999999
55000900029608,2022-04-12,1,0,0.9999999
55000900029608,2022-04-13,1,0,0.9999999
55000900029608,2022-04-14,1,0,0.9999999
55000900029608,2022-04-15,1,0,0.9999999
55000900029608,2022-04-16,1,0,0.9999999
55000900029608,2022-04-17,1,0,0.9999999
55000900029608,2022-04-18,1,0,0.9999999
55000900029608,2022-04-19,1,0,0.9999999
55000900029608,2022-04-20,1,0,0.9999999
55000900029608,2022-04-21,1,0,0.9999999
55000900029608,2022-04-22,1,0,0.9999999
55000900029608,2022-04-23,1,0,0.9999999
55000900029608,2022-04-24,1,0,0.9999999
55000900029608,2022-04-25,1,0,0.9999999
55000900029608,2022-04-26,1,0,0.9999999
55000900029608,2022-04-27,1,0,0.9999999
55000900029608,2022-04-28,1,0,0.9999999
55000900029608,2022-04-29,1,0,0.9999999
55000900029608,2022-04-30,1,0,0.9999999
55000900029608,2022-05-01,1,0,0.9999999
55000900029608,2022-05-02,1,0,0.9999999
55000900029608,2022-05-03,1,0,0.9999999
55000900029608,2022-05-04,1,0,0.9999999
55000900029608,2022-05-05,1,0,0.9999999
55000900029608,2022-05-06,1,0,0.9999999
55000900029608,2022-05-07,1,0,0.9999999
55000900029608,2022-05-08,1,0,0.9999999
55000900029608,2022-05-09,1,0,0.9999999
55000900029608,2022-05-10,1,0,0.9999999
55000900029608,2022-05-11,1,0,0.9999999
55000900029608,2022-05-12,1,0,0.9999999
55000900029608,2022-05-13,1,0,0.9999999
55000900029608,2022-05-14,1,0,0.9999999
55000900029608,2022-05-15,1,0,0.9999999
55000900029608,2022-05-16,1,0,0.9999999
55000900029608,2022-05-17,1,0,0.9999999
55000900029608,2022-05-18,1,0,0.9999999
55000900029608,2022-05-19,1,0,0.9999999
55000900029608,2022-05-20,1,0,0.9999999
55000900029608,2022-05-21,1,0,0.9999999
55000900029608,2022-05-22,1,0,0.9999999
55000900029608,2022-05-23,1,0,0.9999999
55000900029608,2022-05-24,1,0,0.9999999
55000900029608,2022-05-25,1,0,0.9999999
55000900029608,2022-05-26,1,0,0.9999999
55000900029608,2022-05-27,1,0,0.9999999
55000900029608,2022-05-28,1,0,0.9999999
55000900029608,2022-05-29,1,0,0.9999999
55000900029608,2022-05-30,1,0,0.9999999
55000900029608,2022-05-31,1,0,0.9999999
55000900029608,2022-06-01,1,0,0.9999999
55000900029608,2022-06-02,1,0,0.9999999
55000900029608,2022-06-03,1,0,0.9999999
55000900029608,2022-06-04,1,0,0.9999999
55000900029608,2022-06-05,1,0,0.9999999
55000900029608,2022-06-06,1,0,0.9999999
55000900029608,2022-06-07,1,0,0.9999999
55000900029608,2022-06-08,1,0,0.9999999
55000900029608,2022-06-09,1,0,0.9999999
55000900029608,2022-06-10,1,0,0.9999999
55000900029608,2022-06-11,1,0,0.9999999
55000900029608,2022-06-12,1,0,0.9999999
55000900029608,2022-06-13,1,0,0.9999999
55000900029608,2022-06-14,1,0,0.9999999
55000900029608,2022-06-15,1,0,0.9999999
55000900029608,2022-06-16,1,0,0.9999999
55000900029608,2022-06-17,1,0,0.9999999
55000900029608,2022-06-18,1,0,0.9999999
55000900029608,2022-06-19,1,0,0.9999999
55000900029608,2022-06-20,1,0,0.9999999
55000900029608,2022-06-21,1,0,0.9999999
55000900029608,2022-06-22,1,0,0.9999999
55000900029608,2022-06-23,1,0,0.9999999
55000900029608,2022-06-24,1,0,0.9999999
55000900029608,2022-06-25,1,0,0.9999999
55000900029608,2022-06-26,1,0,0.9999999
55000900029608,2022-06-27,1,0,0.9999999
55000900029608,2022-06-28,1,0,0.9999999
55000900029608,2022-06-29,1,0,0.9999999
55000900029608,2022-06-30,1,0,0.9999999
55000900029608,2022-07-01,1,0,0.9999999
55000900029608,2022-07-02,1,0,0.9999999
55000900029608,2022-07-03,1,0,0.9999999
55000900029608,2022-07-04,1,0,0.9999999
55000900029608,2022-07-05,1,0,0.9999999
55000900029608,2022-07-06,1,0,0.9999999
55000900029608,2022-07-07,1,0,0.9999999
55000900029608,2022-07-08,1,0,0.9999999
55000900029608,2022-07-09,1,0,0.9999999
55000900029608,2022-07-10,1,0,0.9999999
55000900029608,2022-07-11,1,0,0.9999999
55000900029608,2022-07-12,1,0,0.9999999
55000900029608,2022-07-13,1,0,0.9999999
55000900029608,2022-07-14,1,0,0.9999999
55000900029608,2022-07-15,1,0,0.9999999
55000900029608,2022-07-16,1,0,0.9999999
55000900029608,2022-07-17,1,0,0.9999999
55000900029608,2022-07-18,1,0,0.9999999
55000900029608,2022-07-19,1,0,0.9999999
55000900029608,2022-07-20,1,0,0.9999999
55000900029608,2022-07-21,1,0,0.9999999
55000900029608,2022-07-22,1,0,0.9999999
55000900029608,2022-07-23,1,0,0.9999999
55000900029608,2022-07-24,1,0,0.9999999
55000900029608,2022-07-25,1,0,0.9999999
55000900029608,2022-07-26,1,0,0.9999999
55000900029608,2022-07-27,1,0,0.9999999
55000900029608,2022-07-28,1,0,0.9999999
55000900029608,2022-07-29,1,0,0.9999999
55000900029608,2022-07-30,1,0,0.9999999
55000900029608,2022-07-31,1,0,0.9999999
55000900029608,2022-08-01,1,0,0.9999999
55000900029608,2022-08-02,1,0,0.9999999
55000900029608,2022-08-03,1,0,0.9999999
55000900029608,2022-08-04,1,0,0.9999999
55000900029608,2022-08-05,1,0,0.9999999
55000900029608,2022-08-06,1,0,0.9999999
55000900029608,2022-08-07,1,0,0.9999999
55000900029608,2022-08-08,1,0,0.9999999
55000900029608,2022-08-09,1,0,0.9999999
55000900029608,2022-08-10,1,0,0.9999999
55000900029608,2022-08-11,1,0,0.9999999
55000900029608,2022-08-12,1,0,0.9999999
55000900029608,2022-08-13,1,0,0.9999999
55000900029608,2022-08-14,1,0,0.9999999
55000900029608,2022-08-15,1,0,0.9999999
55000900029608,2022-08-16,1,0,0.9999999
55000900029608,2022-08-17,1,0,0.9999999
55000900029608,2022-08-18,1,0,0.9999999
55000900029608,2022-08-19,1,0,0.9999999
55000900029608,2022-08-20,1,0,0.9999999
55000900029608,2022-08-21,1,0,0.9999999
55000900029608,2022-08-22,1,0,0.9999999
55000900029608,2022-08-23,1,0,0.9999999
55000900029608,2022-08-24,1,0,0.9999999
55000900029608,2022-08-25,1,0,0.9999999
55000900029608,2022-08-26,1,0,0.9999999
55000900029608,2022-08-27,1,0,0.9999999
55000900029608,2022-08-28,1,0,0.9999999
55000900029608,2022-08-29,1,0,0.9999999
55000900029608,2022-08-30,1,0,0.9999999
55000900029608,2022-08-31,1,0,0.9999999
55000900029608,2022-09-01,1,0,0.9999999
55000900029608,2022-09-02,1,0,0.9999999
55000900029608,2022-09-03,1,0,0.9999999
55000900029608,2022-09-04,1,0,0.9999999
55000900029608,2022-09-05,1,0,0.9999999
55000900029608,2022-09-06,1,0,0.9999999
55000900029608,2022-09-07,1,0,0.9999999
55000900029608,2022-09-08,1,0,0.9999999
55000900029608,2022-09-09,1,0,0.9999999
55000900029608,2022-09-10,1,0,0.9999999
55000900029608,2022-09-11,1,0,0.9999999
55000900029608,2022-09-12,1,0,0.9999999
55000900029608,2022-09-13,1,0,0.9999999
55000900029608,2022-09-14,1,0,0.9999999
55000900029608,2022-09-15,1,0,0.9999999
55000900029608,2022-09-16,1,0,0.9999999
55000900029608,2022-09-17,1,0,0.9999999
55000900029608,2022-09-18,1,0,0.9999999
55000900029608,2022-09-19,1,0,0.9999999
55000900029608,2022-09-20,1,0,0.9999999
55000900029608,2022-09-21,1,0,0.9999999
55000900029608,2022-09-22,1,0,0.9999999
55000900029608,2022-09-23,1,0,0.9999999
55000900029608,2022-09-24,1,0,0.9999999
55000900029608,2022-09-25,1,0,0.9999999
55000900029608,2022-09-26,1,0,0.9999999
55000900029608,2022-09-27,1,0,0.9999999
55000900029608,2022-09-28,1,0,0.9999999
55000900029608,2022-09-29,1,0,0.9999999
55000900029608,2022-09-30,1,0,0.9999999
55000900029608,2022-10-01,1,0,0.9999999
55000900029608,2022-10-02,1,0,0.9999999
55000900029608,2022-10-03,1,0,0.9999999
55000900029608,2022-10-04,1,0,0.9999999
55000900029608,2022-10-05,1,0,0.9999999
55000900029608,2022-10-06,1,0,0.9999999
55000900029608,2022-10-07,1,0,0.9999999
55000900029608,2022-10-08,1,0,0.9999999
55000900029608,2022-10-09,1,0,0.9999999
55000900029608,2022-10-10,1,0,0.9999999
55000900029608,2022-10-11,1,0,0.9999999
55000900029608,2022-10-12,1,0,0.9999999
55000900029608,2022-10-13,1,0,0.9999999
55000900029608,2022-10-14,1,0,0.9999999
55000900029608,2022-10-15,1,0,0.9999999
55000900029608,2022-10-16,1,0,0.9999999
55000900029608,2022-10-17,1,0,0.9999999
55000900029608,2022-10-18,1,0,0.9999999
55000900029608,2022-10-19,1,0,0.9999999
55000900029608,2022-10-20,1,0,0.9999999
55000900029608,2022-10-21,1,0,0.9999999
55000900029608,2022-10-22,1,0,0.9999999
55000900029608,2022-10-23,1,0,0.9999999
55000900029608,2022-10-24,1,0,0.9999999
55000900029608,2022-10-25,1,0,0.9999999
55000900029608,2022-10-26,1,0,0.9999999
55000900029608,2022-10-27,1,0,0.9999999
55000900029608,2022-10-28,1,0,0.9999999
55000900029608,2022-10-29,1,0,0.9999999
55000900029608,2022-10-30,1,0,0.9999999
55000900029608,2022-10-31,1,0,0.9999999
55000900029608,2022-11-01,1,0,0.9999999
55000900029608,2022-11-02,1,0,0.9999999
55000900029608,2022-11-03,1,0,0.9999999
55000900029608,2022-11-04,1,0,0.9999999
55000900029608,2022-11-05,1,0,0.9999999
55000900029608,2022-11-06,1,0,0.9999999
55000900029608,2022-11-07,1,0,0.9999999
55000900029608,2022-11-08,1,0,0.9999999
55000900029608,2022-11-09,1,0,0.9999999
55000900029608,2022-11-10,1,0,0.9999999
55000900029608,2022-11-11,1,0,0.9999999
55000900029608,2022-11-12,1,0,0.9999999
55000900029608,2022-11-13,1,0,0.9999999
55000900029608,2022-11-14,1,0,0.9999999
55000900029608,2022-11-15,1,0,0.9999999
55000900029608,2022-11-16,1,0,0.9999999
55000900029608,2022-11-17,1,0,0.9999999
55000900029608,2022-11-18,1,0,0.9999999
55000900029608,2022-11-19,1,0,0.9999999
55000900029608,2022-11-20,1,0,0.9999999
55000900029608,2022-11-21,1,0,0.9999999
55000900029608,2022-11-22,1,0,0.9999999
55000900029608,2022-11-23,1,0,0.9999999
55000900029608,2022-11-24,1,0,0.9999999
55000900029608,2022-11-25,1,0,0.9999999
55000900029608,2022-11-26,1,0,0.9999999
55000900029608,2022-11-27,1,0,0.9999999
55000900029608,2022-11-28,1,0,0.9999999
55000900029608,2022-11-29,1,0,0.9999999
55000900029608,2022-11-30,1,0,0.9999999
55000900029608,2022-12-01,1,0,0.9999999
55000900029608,2022-12-02,1,0,0.9999999
55000900029608,2022-12-03,1,0,0.9999999
55000900029608,2022-12-04,1,0,0.9999999
55000900029608,2022-12-05,1,0,0.9999999
55000900029608,2022-12-06,1,0,0.9999999
55000900029608,2022-12-07,1,0,0.9999999
55000900029608,2022-12-08,1,0,0.9999999
55000900029608,2022-12-09,1,0,0.9999999
55000900029608,2022-12-10,1,0,0.9999999
55000900029608,2022-12-11,1,0,0.9999999
55000900029608,2022-12-12,1,0,0.9999999
55000900029608,2022-12-13,1,0,0.9999999
55000900029608,2022-12-14,1,0,0.9999999
55000900029608,2022-12-15,1,0,0.9999999
55000900029608,2022-12-16,1,0,0.9999999
55000900029608,2022-12-17,1,0,0.9999999
55000900029608,2022-12-18,1,0,0.9999999
55000900029608,2022-12-19,1,0,0.9999999
55000900029608,2022-12-20,1,0,0.9999999
55000900029608,2022-12-21,1,0,0.9999999
55000900029608,2022-12-22,1,0,0.9999999
55000900029608,2022-12-23,1,0,0.9999999
55000900029608,2022-12-24,1,0,0.9999999
55000900029608,2022-12-25,1,0,0.9999999
55000900029608,2022-12-26,1,0,0.9999999
55000900029608,2022-12-27,1,0,0.9999999
55000900029608,2022-12-28,1,0,0.9999999
55000900029608,2022-12-29,1,0,0.9999999
55000900029608,2022-12-30,1,0,0.9999999
55000900029608,2022-12-31,1,0,0.9999999
55000900029608,2023-01-01,1,0,0.9999999
55000900029608,2023-01-02,1,0,0.9999999
55000900029608,2023-01-03,1,0,0.9999999
55000900029608,2023-01-04,1,0,0.9999999
55000900029608,2023-01-05,1,0,0.9999999
55000900029608,2023-01-06,1,0,0.9999999
55000900029608,2023-01-07,1,0,0.9999999
55000900029608,2023-01-08,1,0,0.9999999
55000900029608,2023-01-09,1,0,0.9999999
55000900029608,2023-01-10,1,0,0.9999999
55000900029608,2023-01-11,1,0,0.9999999
55000900029608,2023-01-12,1,0,0.9999999
55000900029608,2023-01-13,1,0,0.9999999
55000900029608,2023-01-14,1,0,0.9999999
55000900029608,2023-01-15,1,0,0.9999999
55000900029608,2023-01-16,1,0,0.9999999
55000900029608,2023-01-17,1,0,0.9999999
55000900029608,2023-01-18,1,0,0.9999999
55000900029608,2023-01-19,1,0,0.9999999
55000900029608,2023-01-20,1,0,0.9999999
55000900029608,2023-01-21,1,0,0.9999999
55000900029608,2023-01-22,1,0,0.9999999
55000900029608,2023-01-23,1,0,0.9999999
55000900029608,2023-01-24,1,0,0.9999999
55000900029608,2023-01-25,1,0,0.9999999
55000900029608,2023-01-26,1,0,0.9999999
55000900029608,2023-01-27,1,0,0.9999999
55000900029608,2023-01-28,1,0,0.9999999
55000900029608,2023-01-29,1,0,0.9999999
55000900029608,2023-01-30,1,0,0.9999999
55000900029608,2023-01-31,1,0,0.9999999
55000900029608,2023-02-01,1,0,0.9999999
55000900029608,2023-02-02,1,0,0.9999999
55000900029608,2023-02-03,1,0,0.9999999
55000900029608,2023-02-04,1,0,0.9999999
55000900029608,2023-02-05,1,0,0.9999999
55000900029608,2023-02-06,1,0,0.9999999
55000900029608,2023-02-07,1,0,0.9999999
55000900029608,2023-02-08,1,0,0.9999999
55000900029608,2023-02-09,1,0,0.9999999
55000900029608,2023-02-10,1,0,0.9999999
55000900029608,2023-02-11,1,0,0.9999999
55000900029608,2023-02-12,1,0,0.9999999
55000900029608,2023-02-13,1,0,0.9999999
55000900029608,2023-02-14,1,0,0.9999999
55000900029608,2023-02-15,1,0,0.9999999
55000900029608,2023-02-16,1,0,0.9999999
55000900029608,2023-02-17,1,0,0.9999999
55000900029608,2023-02-18,1,0,0.9999999
55000900029608,2023-02-19,1,0,0.9999999
55000900029608,2023-02-20,1,0,0.9999999
55000900029608,2023-02-21,1,0,0.9999999
55000900029608,2023-02-22,1,0,0.9999999
55000900029608,2023-02-23,1,0,0.9999999
55000900029608,2023-02-24,1,0,0.9999999
55000900029608,2023-02-25,1,0,0.9999999
55000900029608,2023-02-26,1,0,0.9999999
55000900029608,2023-02-27,1,0,0.9999999
55000900029608,2023-02-28,1,0,0.9999999
55000900029608,2023-03-01,1,0,0.9999999
55000900029608,2023-03-02,1,0,0.9999999
55000900029608,2023-03-03,1,0,0.9999999
55000900029608,2023-03-04,1,0,0.9999999
55000900029608,2023-03-05,1,0,0.9999999
55000900029608,2023-03-06,1,0,0.9999999
55000900029608,2023-03-07,1,0,0.9999999
55000900029608,2023-03-08,1,0,0.9999999
55000900029608,2023-03-09,1,0,0.9999999
55000900029608,2023-03-10,1,0,0.9999999
55000900029608,2023-03-11,1,0,0.9999999
55000900029608,2023-03-13,1,0,0.9999999
55000900029608,2023-03-14,1,0,0.9999999
55000900029608,2023-03-15,1,0,0.9999999
55000900029608,2023-03-16,1,0,0.9999999
55000900029608,2023-03-17,1,0,0.9999999
55000900029608,2023-03-18,1,0,0.9999999
55000900029608,2023-03-19,1,0,0.9999999
55000900029608,2023-03-20,1,0,0.9999999
55000900029608,2023-03-21,1,0,0.9999999
55000900029608,2023-03-22,1,0,0.9999999
55000900029608,2023-03-23,1,0,0.9999999
55000900029608,2023-03-24,1,0,0.9999999
55000900029608,2023-03-25,1,0,0.9999999
55000900029608,2023-03-26,1,0,0.9999999
55000900029608,2023-03-27,1,0,0.9999999
55000900029608,2023-03-28,1,0,0.9999999
55000900029608,2023-03-29,1,0,0.9999999
55000900029608,2023-03-30,1,0,0.9999999
55000900029608,2023-03-31,1,0,0.9999999
55000900029608,2023-04-01,1,0,0.9999999
55000900029608,2023-04-02,1,0,0.9999999
55000900029608,2023-04-03,1,0,0.9999999
55000900029608,2023-04-04,1,0,0.9999999
55000900029608,2023-04-05,1,0,0.9999999
55000900029608,2023-04-06,1,0,0.9999999
55000900029608,2023-04-07,1,0,0.9999999
55000900029608,2023-04-08,1,0,0.9999999
55000900029608,2023-04-09,1,0,0.9999999
55000900029608,2023-04-10,1,0,0.9999999
55000900029608,2023-04-11,1,0,0.9999999
55000900029608,2023-04-12,1,0,0.9999999
55000900029608,2023-04-13,1,0,0.9999999
55000900029608,2023-04-14,1,0,0.9999999
55000900029608,2023-04-15,1,0,0.9999999
55000900029608,2023-04-16,1,0,0.9999999
55000900029608,2023-04-17,1,0,0.9999999
55000900029608,2023-04-18,1,0,0.9999999
55000900029608,2023-04-19,1,0,0.9999999
55000900029608,2023-04-20,1,0,0.9999999
55000900030173,2020-09-11,1,9,0.9999782
55000900030173,2020-09-12,1,9,0.99995506
55000900030173,2020-09-13,1,9,0.99994504
55000900030173,2020-09-14,1,9,0.9999881
55000900030173,2020-09-15,1,9,0.99997354
55000900030173,2020-09-16,1,9,0.99996984
55000900030173,2020-09-17,1,9,0.99998486
55000900030173,2020-09-18,1,9,0.9999616
55000900030173,2020-09-19,1,9,0.9999809
55000900030173,2020-09-20,1,9,0.9999795
55000900030173,2020-09-21,1,9,0.99999726
55000900030173,2020-09-22,1,9,0.9999995
55000900030173,2020-09-23,1,9,0.9999993
55000900030173,2020-09-24,1,9,0.99999857
55000900030173,2020-09-25,1,9,0.9999993
55000900030173,2020-09-26,1,9,0.9999993
55000900030173,2020-09-27,1,9,0.99999964
55000900030173,2020-09-28,1,9,0.9999995
55000900030173,2020-09-29,1,9,0.9999987
55000900030173,2020-09-30,1,9,0.9999995
55000900030173,2020-10-01,1,9,0.9999995
55000900030173,2020-10-02,1,9,0.99999595
55000900030173,2020-10-03,1,9,0.9999989
55000900030173,2020-10-04,1,9,0.99999857
55000900030173,2020-10-05,1,9,0.9999927
55000900030173,2020-10-06,1,9,0.99999666
55000900030173,2020-10-07,1,9,0.9999945
55000900030173,2020-10-08,1,9,0.99998116
55000900030173,2020-10-09,1,9,0.9999715
55000900030173,2020-10-10,1,9,0.99996936
55000900030173,2020-10-11,1,9,0.9994667
55000900030173,2020-10-12,1,9,0.9997973
55000900030173,2020-10-13,1,9,0.9999975
55000900030173,2020-10-14,1,9,0.9999994
55000900030173,2020-10-15,1,9,0.99999905
55000900030173,2020-10-16,1,9,0.9999987
55000900030173,2020-10-17,1,9,0.99999845
55000900030173,2020-10-18,1,9,0.9999994
55000900030173,2020-10-19,1,9,0.9999995
55000900030173,2020-10-20,1,9,0.99999964
55000900030173,2020-10-21,1,0,0.99999654
55000900030173,2020-10-22,1,0,0.9999809
55000900061097,2020-09-11,1,0,0.9999982
55000900061097,2020-09-12,1,0,0.9999982
55000900061097,2020-09-13,1,0,0.99999475
55000900061097,2020-09-14,1,0,0.99998856
55000900061097,2020-09-15,1,0,0.99999285
55000900061097,2020-09-16,1,0,0.9999918
55000900061097,2020-09-17,1,0,0.9999963
55000900061097,2020-09-18,1,0,0.9999987
55000900061097,2020-09-19,1,0,0.99999917
55000900061097,2020-09-20,1,0,0.9999989
55000900061097,2020-09-21,1,0,0.9999989
55000900061097,2020-09-22,1,0,0.9999994
55000900061097,2020-09-23,1,0,0.9999994
55000900061097,2020-09-24,1,0,0.9999993
55000900061097,2020-09-25,1,0,0.99999905
55000900061097,2020-09-26,1,0,0.9999995
55000900061097,2020-09-27,1,0,0.9999993
55000900061097,2020-09-28,1,0,0.9999993
55000900061097,2020-09-29,1,0,0.9999993
55000900061097,2020-09-30,1,0,0.9999993
55000900061097,2020-10-01,1,0,0.9999995
55000900061097,2020-10-02,1,0,0.99999964
55000900061097,2020-10-03,1,0,0.99999976
55000900061097,2020-10-04,1,0,0.99999964
55000900061097,2020-10-05,1,0,0.99999964
55000900061097,2020-10-06,1,0,0.9999994
55000900061097,2020-10-07,1,0,0.9999994
55000900061097,2020-10-08,1,0,0.9999995
55000900061097,2020-10-09,1,0,0.99999976
55000900061097,2020-10-10,1,0,0.9999994
55000900061097,2020-10-11,1,0,0.9999994
55000900061097,2020-10-12,1,0,0.9999993
55000900061097,2020-10-13,1,0,0.9999994
55000900061097,2020-10-14,1,0,0.9999993
55000900061097,2020-10-15,1,0,0.9999994
55000900061097,2020-10-16,1,0,0.9999994
55000900061097,2020-10-17,1,0,0.9999994
55000900061097,2020-10-18,1,0,0.9999995
55000900061097,2020-10-19,1,0,0.9999995
55000900061097,2020-10-20,1,0,0.9999995
55000900061097,2020-10-21,1,0,0.9999994
55000900061097,2020-10-22,1,0,0.9999994
55000900061097,2020-10-23,1,0,0.9999995
55000900061097,2020-10-24,1,0,0.9999994
55000900061097,2020-10-25,1,0,0.9999994
55000900061097,2020-10-26,1,0,0.9999995
55000900061097,2020-10-27,1,0,0.9999994
55000900061097,2020-10-28,1,0,0.9999994
55000900061097,2020-10-29,1,0,0.99999964
55000900061097,2020-10-30,1,0,0.9999994
55000900061097,2020-10-31,1,0,0.99999976
55000900061097,2020-11-01,1,0,0.9999994
55000900061097,2020-11-02,1,0,0.9999994
55000900061097,2020-11-03,1,0,0.9999995
55000900061097,2020-11-04,1,0,0.9999995
55000900061097,2020-11-05,1,0,0.99999964
55000900061097,2020-11-06,1,0,0.9999994
55000900061097,2020-11-07,1,0,0.9999994
55000900061097,2020-11-08,1,0,0.9999994
55000900061097,2020-11-09,1,0,0.9999993
55000900061097,2020-11-10,1,0,0.9999995
55000900061097,2020-11-11,1,0,0.99999964
55000900061097,2020-11-12,1,0,0.9999994
55000900061097,2020-11-13,1,0,0.9999995
55000900061097,2020-11-14,1,0,0.9999995
55000900061097,2020-11-15,1,0,0.9999994
55000900061097,2020-11-16,1,0,0.99999905
55000900061097,2020-11-17,1,0,0.9999993
55000900061097,2020-11-18,1,0,0.9999993
55000900061097,2020-11-19,1,0,0.9999995
55000900061097,2020-11-20,1,0,0.9999993
55000900061097,2020-11-21,1,0,0.99999905
55000900061097,2020-11-22,1,0,0.99999917
55000900061097,2020-11-23,1,0,0.9999995
55000900061097,2020-11-24,1,0,0.9999995
55000900061097,2020-11-25,1,0,0.9999994
55000900061097,2020-11-26,1,0,0.9999994
55000900061097,2020-11-27,1,0,0.9999994
55000900061097,2020-11-28,1,0,0.9999993
55000900061097,2020-11-29,1,0,0.9999995
55000900061097,2020-11-30,1,0,0.9999995
55000900061097,2020-12-01,1,0,0.9999995
55000900061097,2020-12-02,1,0,0.99999964
55000900061097,2020-12-03,1,0,0.9999993
55000900061097,2020-12-04,1,0,0.99999964
55000900061097,2020-12-05,1,0,0.99999976
55000900061097,2020-12-06,1,0,0.9999995
55000900061097,2020-12-07,1,0,0.99999964
55000900061097,2020-12-08,1,0,0.99999964
55000900061097,2020-12-09,1,0,0.99999976
55000900061097,2020-12-10,1,0,0.99999976
55000900061097,2020-12-11,1,0,0.99999976
55000900061097,2020-12-12,1,0,0.99999976
55000900061097,2020-12-13,1,0,0.99999964
55000900061097,2020-12-14,1,0,0.99999976
55000900061097,2020-12-15,1,0,0.99999964
55000900061097,2020-12-16,1,0,0.99999976
55000900061097,2020-12-17,1,0,0.99999964
55000900061097,2020-12-18,1,0,0.99999976
55000900061097,2020-12-19,1,0,0.99999976
55000900061097,2020-12-20,1,0,0.9999995
55000900061097,2020-12-21,1,0,0.99999964
55000900061097,2020-12-22,1,0,0.9999994
55000900061097,2020-12-23,1,0,0.9999988
55000900061097,2020-12-24,1,0,0.9999993
55000900061097,2020-12-25,1,0,0.9999994
55000900061097,2020-12-26,1,0,0.99999964
55000900061097,2020-12-27,1,0,0.99999964
55000900061097,2020-12-28,1,0,0.9999994
55000900061097,2020-12-29,1,0,0.9999995
55000900061097,2020-12-30,1,0,0.99999964
55000900061097,2020-12-31,1,0,0.99999976
55000900061097,2021-01-01,1,0,0.9999993
55000900061097,2021-01-02,1,0,0.9999993
55000900061097,2021-01-03,1,0,0.99999964
55000900061097,2021-01-04,1,0,0.9999995
55000900061097,2021-01-05,1,0,0.9999994
55000900061097,2021-01-06,1,0,0.9999994
55000900061097,2021-01-07,1,0,0.9999993
55000900061097,2021-01-08,1,0,0.9999994
55000900061097,2021-01-09,1,0,0.9999994
55000900061097,2021-01-10,1,0,0.99999964
55000900061097,2021-01-11,1,0,0.9999995
55000900061097,2021-01-12,1,0,0.99999964
55000900061097,2021-01-13,1,0,0.9999993
55000900061097,2021-01-14,1,0,0.9999995
55000900061097,2021-01-15,1,0,0.99999964
55000900061097,2021-01-16,1,0,0.99999964
55000900061097,2021-01-17,1,0,0.9999995
55000900061097,2021-01-18,1,0,0.99999964
55000900061097,2021-01-19,1,0,0.9999995
55000900061097,2021-01-20,1,0,0.9999993
55000900061097,2021-01-21,1,0,0.9999993
55000900061097,2021-01-22,1,0,0.99999905
55000900061097,2021-01-23,1,0,0.9999994
55000900061097,2021-01-24,1,0,0.9999994
55000900061097,2021-01-25,1,0,0.99999917
55000900061097,2021-01-26,1,0,0.99999905
55000900061097,2021-01-27,1,0,0.9999993
55000900061097,2021-01-28,1,0,0.9999994
55000900061097,2021-01-29,1,0,0.9999994
55000900061097,2021-01-30,1,0,0.9999994
55000900061097,2021-01-31,1,0,0.99999976
55000900061097,2021-02-01,1,0,0.99999976
55000900061097,2021-02-02,1,0,0.99999976
55000900061097,2021-02-03,1,0,0.99999976
55000900061097,2021-02-04,1,0,0.99999976
55000900061097,2021-02-05,1,0,0.99999976
55000900061097,2021-02-06,1,0,0.99999976
55000900061097,2021-02-07,1,0,0.99999976
55000900061097,2021-02-08,1,0,0.99999976
55000900061097,2021-02-09,1,0,0.99999976
55000900061097,2021-02-10,1,0,0.99999976
55000900061097,2021-02-11,1,0,0.99999976
55000900061097,2021-02-12,1,0,0.99999976
55000900061097,2021-02-13,1,0,0.99999976
55000900061097,2021-02-14,1,0,0.99999976
55000900061097,2021-02-15,1,0,0.99999976
55000900061097,2021-02-16,1,0,0.99999976
55000900061097,2021-02-17,1,0,0.99999976
55000900061097,2021-02-18,1,0,0.99999976
55000900061097,2021-02-19,1,0,0.99999976
55000900061097,2021-02-20,1,0,0.99999976
55000900061097,2021-02-21,1,0,0.99999976
55000900061097,2021-02-22,1,0,0.99999976
55000900061097,2021-02-23,1,0,0.99999976
55000900061097,2021-02-24,1,0,0.99999976
55000900061097,2021-02-25,1,0,0.99999976
55000900061097,2021-02-26,1,0,0.99999976
55000900061097,2021-02-27,1,0,0.99999976
55000900061097,2021-02-28,1,0,0.99999976
55000900061097,2021-03-01,1,0,0.99999976
55000900061097,2021-03-02,1,0,0.99999976
55000900061097,2021-03-03,1,0,0.99999976
55000900061097,2021-03-04,1,0,0.99999976
55000900061097,2021-03-05,1,0,0.99999976
55000900061097,2021-03-06,1,0,0.99999976
55000900061097,2021-03-07,1,0,0.99999976
55000900061097,2021-03-08,1,0,0.99999976
55000900061097,2021-03-09,1,0,0.99999976
55000900061097,2021-03-10,1,0,0.99999976
55000900061097,2021-03-11,1,0,0.99999976
55000900061097,2021-03-12,1,0,0.99999976
55000900061097,2021-03-13,1,0,0.99999976
55000900061097,2021-03-14,1,0,0.99999976
55000900061097,2021-03-15,1,0,0.99999976
55000900061097,2021-03-16,1,0,0.99999976
55000900061097,2021-03-17,1,0,0.99999976
55000900061097,2021-03-18,1,0,0.99999976
55000900061097,2021-03-19,1,0,0.99999976
55000900061097,2021-03-20,1,0,0.99999976
55000900061097,2021-03-21,1,0,0.99999976
55000900061097,2021-03-22,1,0,0.99999976
55000900061097,2021-03-23,1,0,0.99999976
55000900061097,2021-03-24,1,0,0.99999976
55000900061097,2021-03-25,1,0,0.99999976
55000900061097,2021-03-26,1,0,0.99999976
55000900061097,2021-03-27,1,0,0.99999976
55000900061097,2021-03-28,1,0,0.99999976
55000900061097,2021-03-29,1,0,0.99999976
55000900061097,2021-03-30,1,0,0.99999976
55000900061097,2021-03-31,1,0,0.99999976
55000900061097,2021-04-01,1,0,0.99999976
55000900061097,2021-04-02,1,0,0.99999976
55000900061097,2021-04-03,1,0,0.99999976
55000900061097,2021-04-04,1,0,0.99999976
55000900061097,2021-04-05,1,0,0.99999976
55000900061097,2021-04-06,1,0,0.99999976
55000900061097,2021-04-07,1,0,0.99999976
55000900061097,2021-04-08,1,0,0.99999976
55000900061097,2021-04-09,1,0,0.99999976
55000900061097,2021-04-10,1,0,0.99999976
55000900061097,2021-04-11,1,0,0.99999976
55000900061097,2021-04-12,1,0,0.99999976
55000900061097,2021-04-13,1,0,0.99999976
55000900061097,2021-04-14,1,0,0.99999976
55000900061097,2021-04-15,1,0,0.99999976
55000900061097,2021-04-16,1,0,0.99999976
55000900061097,2021-04-17,1,0,0.99999976
55000900061097,2021-04-18,1,0,0.99999976
55000900061097,2021-04-19,1,0,0.99999976
55000900061097,2021-04-20,1,0,0.99999976
55000900061097,2021-04-21,1,0,0.99999976
55000900061097,2021-04-22,1,0,0.99999976
55000900061097,2021-04-23,1,0,0.99999976
55000900061097,2021-04-24,1,0,0.99999976
55000900061097,2021-04-25,1,0,0.99999976
55000900061097,2021-04-26,1,0,0.99999976
55000900061097,2021-04-27,1,0,0.99999976
55000900061097,2021-04-28,1,0,0.99999976
55000900061097,2021-04-29,1,0,0.99999976
55000900061097,2021-04-30,1,0,0.99999976
55000900061097,2021-05-01,1,0,0.99999976
55000900061097,2021-05-02,1,0,0.99999976
55000900061097,2021-05-03,1,0,0.99999976
55000900061097,2021-05-04,1,0,0.99999976
55000900061097,2021-05-05,1,0,0.99999976
55000900061097,2021-05-06,1,0,0.99999976
55000900061097,2021-05-07,1,0,0.99999976
55000900061097,2021-05-08,1,0,0.99999976
55000900061097,2021-05-09,1,0,0.99999976
55000900061097,2021-05-10,1,0,0.99999976
55000900061097,2021-05-11,1,0,0.99999976
55000900061097,2021-05-12,1,0,0.99999976
55000900061097,2021-05-13,1,0,0.99999976
55000900061097,2021-05-14,1,0,0.99999976
55000900061097,2021-05-15,1,0,0.99999976
55000900061097,2021-05-16,1,0,0.99999976
55000900061097,2021-05-17,1,0,0.99999976
55000900061097,2021-05-18,1,0,0.99999976
55000900061097,2021-05-19,1,0,0.99999976
55000900061097,2021-05-20,1,0,0.99999976
55000900061097,2021-05-21,1,0,0.99999976
55000900061097,2021-05-22,1,0,0.99999976
55000900061097,2021-05-23,1,0,0.99999976
55000900061097,2021-05-24,1,0,0.99999976
55000900061097,2021-05-25,1,0,0.99999976
55000900061097,2021-05-26,1,0,0.99999976
55000900061097,2021-05-27,1,0,0.99999976
55000900061097,2021-05-28,1,0,0.99999976
55000900061097,2021-05-29,1,0,0.99999976
55000900061097,2021-05-30,1,0,0.99999976
55000900061097,2021-05-31,1,0,0.99999976
55000900061097,2021-06-01,1,0,0.99999976
55000900061097,2021-06-02,1,0,0.99999976
55000900061097,2021-06-03,1,0,0.99999976
55000900061097,2021-06-04,1,0,0.99999976
55000900061097,2021-06-05,1,0,0.99999976
55000900061097,2021-06-06,1,0,0.99999976
55000900061097,2021-06-07,1,0,0.99999976
55000900061097,2021-06-08,1,0,0.99999976
55000900061097,2021-06-09,1,0,0.99999976
55000900061097,2021-06-10,1,0,0.99999976
55000900061097,2021-06-11,1,0,0.99999976
55000900061097,2021-06-12,1,0,0.99999976
55000900061097,2021-06-13,1,0,0.99999976
55000900061097,2021-06-14,1,0,0.99999976
55000900061097,2021-06-15,1,0,0.99999976
55000900061097,2021-06-16,1,0,0.99999976
55000900061097,2021-06-17,1,0,0.99999976
55000900061097,2021-06-18,1,0,0.99999976
55000900061097,2021-06-19,1,0,0.99999976
55000900061097,2021-06-20,1,0,0.99999976
55000900061097,2021-06-21,1,0,0.99999976
55000900061097,2021-06-22,1,0,0.99999976
55000900061097,2021-06-23,1,0,0.99999976
55000900061097,2021-06-24,1,0,0.99999976
55000900061097,2021-06-25,1,0,0.99999976
55000900061097,2021-06-26,1,0,0.99999976
55000900061097,2021-06-27,1,0,0.99999976
55000900061097,2021-06-28,1,0,0.99999976
55000900061097,2021-06-29,1,0,0.99999976
55000900061097,2021-06-30,1,0,0.99999976
55000900061097,2021-07-01,1,0,0.99999976
55000900061097,2021-07-02,1,0,0.99999976
55000900061097,2021-07-03,1,0,0.99999976
55000900061097,2021-07-04,1,0,0.99999976
55000900061097,2021-07-05,1,0,0.99999976
55000900061097,2021-07-06,1,0,0.99999976
55000900061097,2021-07-07,1,0,0.99999976
55000900061097,2021-07-08,1,0,0.99999976
55000900061097,2021-07-09,1,0,0.99999976
55000900061097,2021-07-10,1,0,0.99999976
55000900061097,2021-07-11,1,0,0.99999976
55000900061097,2021-07-12,1,0,0.99999976
55000900061097,2021-07-13,1,0,0.99999976
55000900061097,2021-07-14,1,0,0.99999976
55000900061097,2021-07-15,1,0,0.99999976
55000900061097,2021-07-16,1,0,0.99999976
55000900061097,2021-07-17,1,0,0.99999976
55000900061097,2021-07-18,1,0,0.99999976
55000900061097,2021-07-19,1,0,0.99999976
55000900061097,2021-07-20,1,0,0.99999976
55000900061097,2021-07-21,1,0,0.99999976
55000900061097,2021-07-22,1,0,0.99999976
55000900061097,2021-07-23,1,0,0.99999976
55000900061097,2021-07-24,1,0,0.99999976
55000900061097,2021-07-25,1,0,0.99999976
55000900061097,2021-07-26,1,0,0.99999976
55000900061097,2021-07-27,1,0,0.99999976
55000900061097,2021-07-28,1,0,0.99999976
55000900061097,2021-07-29,1,0,0.99999976
55000900061097,2021-07-30,1,0,0.99999976
55000900061097,2021-07-31,1,0,0.99999976
55000900061097,2021-08-01,1,0,0.99999976
55000900061097,2021-08-02,1,0,0.99999976
55000900061097,2021-08-03,1,0,0.99999976
55000900061097,2021-08-04,1,0,0.99999976
55000900061097,2021-08-05,1,0,0.99999976
55000900061097,2021-08-06,1,0,0.99999976
55000900061097,2021-08-07,1,0,0.99999976
55000900061097,2021-08-08,1,0,0.99999976
55000900061097,2021-08-09,1,0,0.99999976
55000900061097,2021-08-10,1,0,0.99999976
55000900061097,2021-08-11,1,0,0.99999976
55000900061097,2021-08-12,1,0,0.99999976
55000900061097,2021-08-13,1,0,0.99999976
55000900061097,2021-08-14,1,0,0.99999976
55000900061097,2021-08-15,1,0,0.99999976
55000900061097,2021-08-16,1,0,0.99999976
55000900061097,2021-08-17,1,0,0.99999976
55000900061097,2021-08-18,1,0,0.99999976
55000900061097,2021-08-19,1,0,0.99999976
55000900061097,2021-08-20,1,0,0.99999976
55000900061097,2021-08-21,1,0,0.99999976
55000900061097,2021-08-22,1,0,0.99999976
55000900061097,2021-08-23,1,0,0.99999976
55000900061097,2021-08-24,1,0,0.99999976
55000900061097,2021-08-25,1,0,0.99999976
55000900061097,2021-08-26,1,0,0.99999976
55000900061097,2021-08-27,1,0,0.99999976
55000900061097,2021-08-28,1,0,0.99999976
55000900061097,2021-08-29,1,0,0.99999976
55000900061097,2021-08-30,1,0,0.99999976
55000900061097,2021-08-31,1,0,0.99999976
55000900061097,2021-09-01,1,0,0.99999976
55000900061097,2021-09-02,1,0,0.99999976
55000900061097,2021-09-03,1,0,0.99999976
55000900061097,2021-09-04,1,0,0.99999976
55000900061097,2021-09-05,1,0,0.99999976
55000900061097,2021-09-06,1,0,0.99999976
55000900061097,2021-09-07,1,0,0.99999976
55000900061097,2021-09-08,1,0,0.99999976
55000900061097,2021-09-09,1,0,0.99999976
55000900061097,2021-09-10,1,0,0.99999976
55000900061097,2021-09-11,1,0,0.99999976
55000900061097,2021-09-12,1,0,0.99999976
55000900061097,2021-09-13,1,0,0.99999976
55000900061097,2021-09-14,1,0,0.99999976
55000900061097,2021-09-15,1,0,0.99999976
55000900061097,2021-09-16,1,0,0.99999976
55000900061097,2021-09-17,1,0,0.99999976
55000900061097,2021-09-18,1,0,0.99999976
55000900061097,2021-09-19,1,0,0.99999976
55000900061097,2021-09-20,1,0,0.99999976
55000900061097,2021-09-21,1,0,0.99999976
55000900061097,2021-09-22,1,0,0.99999976
55000900061097,2021-09-23,1,0,0.99999976
55000900061097,2021-09-24,1,0,0.99999976
55000900061097,2021-09-25,1,0,0.99999976
55000900061097,2021-09-26,1,0,0.99999976
55000900061097,2021-09-27,1,0,0.99999976
55000900061097,2021-09-28,1,0,0.99999976
55000900061097,2021-09-29,1,0,0.99999976
55000900061097,2021-09-30,1,0,0.99999976
55000900061097,2021-10-01,1,0,0.99999976
55000900061097,2021-10-02,1,0,0.99999976
55000900061097,2021-10-03,1,0,0.99999976
55000900061097,2021-10-04,1,0,0.99999976
55000900061097,2021-10-05,1,0,0.99999976
55000900061097,2021-10-06,1,0,0.99999976
55000900061097,2021-10-07,1,0,0.99999976
55000900061097,2021-10-08,1,0,0.99999976
55000900061097,2021-10-09,1,0,0.99999976
55000900061097,2021-10-10,1,0,0.99999976
55000900061097,2021-10-11,1,0,0.99999976
55000900061097,2021-10-12,1,0,0.99999976
55000900061097,2021-10-13,1,0,0.99999976
55000900061097,2021-10-14,1,0,0.99999976
55000900061097,2021-10-15,1,0,0.99999976
55000900061097,2021-10-16,1,0,0.99999976
55000900061097,2021-10-17,1,0,0.99999976
55000900061097,2021-10-18,1,0,0.99999976
55000900061097,2021-10-19,1,0,0.99999976
55000900061097,2021-10-20,1,0,0.99999976
55000900061097,2021-10-21,1,0,0.99999976
55000900061097,2021-10-22,1,0,0.99999976
55000900061097,2021-10-23,1,0,0.99999976
55000900061097,2021-10-24,1,0,0.99999976
55000900061097,2021-10-25,1,0,0.99999976
55000900061097,2021-10-26,1,0,0.99999976
55000900061097,2021-10-27,1,0,0.99999976
55000900061097,2021-10-28,1,0,0.99999976
55000900061097,2021-10-29,1,0,0.99999976
55000900061097,2021-10-30,1,0,0.99999976
55000900061097,2021-10-31,1,0,0.99999976
55000900061097,2021-11-01,1,0,0.99999976
55000900061097,2021-11-02,1,0,0.99999976
55000900061097,2021-11-03,1,0,0.99999976
55000900061097,2021-11-04,1,0,0.99999976
55000900061097,2021-11-05,1,0,0.99999976
55000900061097,2021-11-06,1,0,0.99999976
55000900061097,2021-11-07,1,0,0.99999976
55000900061097,2021-11-08,1,0,0.99999976
55000900061097,2021-11-09,1,0,0.99999976
55000900061097,2021-11-10,1,0,0.99999976
55000900061097,2021-11-11,1,0,0.99999976
55000900061097,2021-11-12,1,0,0.99999976
55000900061097,2021-11-13,1,0,0.99999976
55000900061097,2021-11-14,1,0,0.99999976
55000900061097,2021-11-15,1,0,0.99999976
55000900061097,2021-11-16,1,0,0.99999976
55000900061097,2021-11-17,1,0,0.99999976
55000900061097,2021-11-18,1,0,0.99999976
55000900061097,2021-11-19,1,0,0.99999976
55000900061097,2021-11-20,1,0,0.99999976
55000900061097,2021-11-21,1,0,0.99999976
55000900061097,2021-11-22,1,0,0.99999976
55000900061097,2021-11-23,1,0,0.99999976
55000900061097,2021-11-24,1,0,0.99999976
55000900061097,2021-11-25,1,0,0.99999976
55000900061097,2021-11-26,1,0,0.99999976
55000900061097,2021-11-27,1,0,0.99999976
55000900061097,2021-11-28,1,0,0.99999976
55000900061097,2021-11-29,1,0,0.99999976
55000900061097,2021-11-30,1,0,0.99999976
55000900061097,2021-12-01,1,0,0.99999976
55000900061097,2021-12-02,1,0,0.99999976
55000900061097,2021-12-03,1,0,0.99999976
55000900061097,2021-12-04,1,0,0.99999976
55000900061097,2021-12-05,1,0,0.99999976
55000900061097,2021-12-06,1,0,0.99999976
55000900061097,2021-12-07,1,0,0.99999976
55000900061097,2021-12-08,1,0,0.99999976
55000900061097,2021-12-09,1,0,0.99999976
55000900061097,2021-12-10,1,0,0.99999976
55000900061097,2021-12-11,1,0,0.99999976
55000900061097,2021-12-12,1,0,0.99999976
55000900061097,2021-12-13,1,0,0.99999976
55000900061097,2021-12-14,1,0,0.99999976
55000900061097,2021-12-15,1,0,0.99999976
55000900061097,2021-12-16,1,0,0.99999976
55000900061097,2021-12-17,1,0,0.99999976
55000900061097,2021-12-18,1,0,0.99999976
55000900061097,2021-12-19,1,0,0.99999976
55000900061097,2021-12-20,1,0,0.99999976
55000900061097,2021-12-21,1,0,0.99999976
55000900061097,2021-12-22,1,0,0.99999976
55000900061097,2021-12-23,1,0,0.99999976
55000900061097,2021-12-24,1,0,0.99999976
55000900061097,2021-12-25,1,0,0.99999976
55000900061097,2021-12-26,1,0,0.99999976
55000900061097,2021-12-27,1,0,0.99999976
55000900061097,2021-12-28,1,0,0.99999976
55000900061097,2021-12-29,1,0,0.99999976
55000900061097,2021-12-30,1,0,0.99999976
55000900061097,2021-12-31,1,0,0.99999976
55000900061097,2022-01-01,1,0,0.99999976
55000900061097,2022-01-02,1,0,0.99999976
55000900061097,2022-01-03,1,0,0.99999976
55000900061097,2022-01-04,1,0,0.99999976
55000900061097,2022-01-05,1,0,0.99999976
55000900061097,2022-01-06,1,0,0.99999976
55000900061097,2022-01-07,1,0,0.99999976
55000900061097,2022-01-08,1,0,0.99999976
55000900061097,2022-01-09,1,0,0.99999976
55000900061097,2022-01-10,1,0,0.99999976
55000900061097,2022-01-11,1,0,0.99999976
55000900061097,2022-01-12,1,0,0.99999976
55000900061097,2022-01-13,1,0,0.99999976
55000900061097,2022-01-14,1,0,0.99999976
55000900061097,2022-01-15,1,0,0.99999976
55000900061097,2022-01-16,1,0,0.99999976
55000900061097,2022-01-17,1,0,0.99999976
55000900061097,2022-01-18,1,0,0.99999976
55000900061097,2022-01-19,1,0,0.99999976
55000900061097,2022-01-20,1,0,0.99999976
55000900061097,2022-01-21,1,0,0.99999976
55000900061097,2022-01-22,1,0,0.99999976
55000900061097,2022-01-23,1,0,0.99999976
55000900061097,2022-01-24,1,0,0.99999976
55000900061097,2022-01-25,1,0,0.99999976
55000900061097,2022-01-26,1,0,0.99999976
55000900061097,2022-01-27,1,0,0.99999976
55000900061097,2022-01-28,1,0,0.99999976
55000900061097,2022-01-29,1,0,0.99999976
55000900061097,2022-01-30,1,0,0.99999976
55000900061097,2022-01-31,1,0,0.99999976
55000900061097,2022-02-01,1,0,0.99999976
55000900061097,2022-02-02,1,0,0.99999976
55000900061097,2022-02-03,1,0,0.99999976
55000900061097,2022-02-04,1,0,0.99999976
55000900061097,2022-02-05,1,0,0.99999976
55000900061097,2022-02-06,1,0,0.99999976
55000900061097,2022-02-07,1,0,0.99999976
55000900061097,2022-02-08,1,0,0.99999976
55000900061097,2022-02-09,1,0,0.99999976
55000900061097,2022-02-10,1,0,0.99999976
55000900061097,2022-02-11,1,0,0.99999976
55000900061097,2022-02-12,1,0,0.99999976
55000900061097,2022-02-13,1,0,0.99999976
55000900061097,2022-02-14,1,0,0.99999976
55000900061097,2022-02-15,1,0,0.99999976
55000900061097,2022-02-16,1,0,0.99999976
55000900061097,2022-02-17,1,0,0.99999976
55000900061097,2022-02-18,1,0,0.99999976
55000900061097,2022-02-19,1,0,0.99999976
55000900061097,2022-02-20,1,0,0.99999976
55000900061097,2022-02-21,1,0,0.99999976
55000900061097,2022-02-22,1,0,0.99999976
55000900061097,2022-02-23,1,0,0.99999976
55000900061097,2022-02-24,1,0,0.99999976
55000900061097,2022-02-25,1,0,0.99999976
55000900061097,2022-02-26,1,0,0.99999976
55000900061097,2022-02-27,1,0,0.99999976
55000900061097,2022-02-28,1,0,0.99999976
55000900061097,2022-03-01,1,0,0.99999976
55000900061097,2022-03-02,1,0,0.99999976
55000900061097,2022-03-03,1,0,0.99999976
55000900061097,2022-03-04,1,0,0.99999976
55000900061097,2022-03-05,1,0,0.99999976
55000900061097,2022-03-06,1,0,0.99999976
55000900061097,2022-03-07,1,0,0.99999976
55000900061097,2022-03-08,1,0,0.99999976
55000900061097,2022-03-09,1,0,0.99999976
55000900061097,2022-03-10,1,0,0.99999976
55000900061097,2022-03-11,1,0,0.99999976
55000900061097,2022-03-12,1,0,0.99999976
55000900061097,2022-03-13,1,0,0.99999976
55000900061097,2022-03-14,1,0,0.99999976
55000900061097,2022-03-15,1,0,0.99999976
55000900061097,2022-03-16,1,0,0.99999976
55000900061097,2022-03-17,1,0,0.99999976
55000900061097,2022-03-18,1,0,0.99999976
55000900061097,2022-03-19,1,0,0.99999976
55000900061097,2022-03-20,1,0,0.99999976
55000900061097,2022-03-21,1,0,0.99999976
55000900061097,2022-03-22,1,0,0.99999976
55000900061097,2022-03-23,1,0,0.99999976
55000900061097,2022-03-24,1,0,0.99999976
55000900061097,2022-03-25,1,0,0.99999976
55000900061097,2022-03-26,1,0,0.99999976
55000900061097,2022-03-27,1,0,0.99999976
55000900061097,2022-03-28,1,0,0.99999976
55000900061097,2022-03-29,1,0,0.99999976
55000900061097,2022-03-30,1,0,0.99999976
55000900061097,2022-03-31,1,0,0.99999976
55000900061097,2022-04-01,1,0,0.99999976
55000900061097,2022-04-02,1,0,0.99999976
55000900061097,2022-04-03,1,0,0.99999976
55000900061097,2022-04-04,1,0,0.99999976
55000900061097,2022-04-05,1,0,0.99999976
55000900061097,2022-04-06,1,0,0.99999976
55000900061097,2022-04-07,1,0,0.99999976
55000900061097,2022-04-08,1,0,0.99999976
55000900061097,2022-04-09,1,0,0.99999976
55000900061097,2022-04-10,1,0,0.99999976
55000900061097,2022-04-11,1,0,0.99999976
55000900061097,2022-04-12,1,0,0.99999976
55000900061097,2022-04-13,1,0,0.99999976
55000900061097,2022-04-14,1,0,0.99999976
55000900061097,2022-04-15,1,0,0.99999976
55000900061097,2022-04-16,1,0,0.99999976
55000900061097,2022-04-17,1,0,0.99999976
55000900061097,2022-04-18,1,0,0.99999976
55000900061097,2022-04-19,1,0,0.99999976
55000900061097,2022-04-20,1,0,0.99999976
55000900061097,2022-04-21,1,0,0.99999976
55000900061097,2022-04-22,1,0,0.99999976
55000900061097,2022-04-23,1,0,0.99999976
55000900061097,2022-04-24,1,0,0.99999976
55000900061097,2022-04-25,1,0,0.99999976
55000900061097,2022-04-26,1,0,0.99999976
55000900061097,2022-04-27,1,0,0.99999976
55000900061097,2022-04-28,1,0,0.99999976
55000900061097,2022-04-29,1,0,0.99999976
55000900061097,2022-04-30,1,0,0.99999976
55000900061097,2022-05-01,1,0,0.99999976
55000900061097,2022-05-02,1,0,0.99999976
55000900061097,2022-05-03,1,0,0.99999976
55000900061097,2022-05-04,1,0,0.99999976
55000900061097,2022-05-05,1,0,0.99999976
55000900061097,2022-05-06,1,0,0.99999976
55000900061097,2022-05-07,1,0,0.99999976
55000900061097,2022-05-08,1,0,0.99999976
55000900061097,2022-05-09,1,0,0.99999976
55000900061097,2022-05-10,1,0,0.99999976
55000900061097,2022-05-11,1,0,0.99999976
55000900061097,2022-05-12,1,0,0.99999976
55000900061097,2022-05-13,1,0,0.99999976
55000900061097,2022-05-14,1,0,0.99999976
55000900061097,2022-05-15,1,0,0.99999976
55000900061097,2022-05-16,1,0,0.99999976
55000900061097,2022-05-17,1,0,0.99999976
55000900061097,2022-05-18,1,0,0.99999976
55000900061097,2022-05-19,1,0,0.99999976
55000900061097,2022-05-20,1,0,0.99999976
55000900061097,2022-05-21,1,0,0.99999976
55000900061097,2022-05-22,1,0,0.99999976
55000900061097,2022-05-23,1,0,0.99999976
55000900061097,2022-05-24,1,0,0.99999976
55000900061097,2022-05-25,1,0,0.99999976
55000900061097,2022-05-26,1,0,0.99999976
55000900061097,2022-05-27,1,0,0.99999976
55000900061097,2022-05-28,1,0,0.99999976
55000900061097,2022-05-29,1,0,0.99999976
55000900061097,2022-05-30,1,0,0.99999976
55000900061097,2022-05-31,1,0,0.99999976
55000900061097,2022-06-01,1,0,0.99999976
55000900061097,2022-06-02,1,0,0.99999976
55000900061097,2022-06-03,1,0,0.99999976
55000900061097,2022-06-04,1,0,0.99999976
55000900061097,2022-06-05,1,0,0.99999976
55000900061097,2022-06-06,1,0,0.99999976
55000900061097,2022-06-07,1,0,0.99999976
55000900061097,2022-06-08,1,0,0.99999976
55000900061097,2022-06-09,1,0,0.99999976
55000900061097,2022-06-10,1,0,0.99999976
55000900061097,2022-06-11,1,0,0.99999976
55000900061097,2022-06-12,1,0,0.99999976
55000900061097,2022-06-13,1,0,0.99999976
55000900061097,2022-06-14,1,0,0.99999976
55000900061097,2022-06-15,1,0,0.99999976
55000900061097,2022-06-16,1,0,0.99999976
55000900061097,2022-06-17,1,0,0.99999976
55000900061097,2022-06-18,1,0,0.99999976
55000900061097,2022-06-19,1,0,0.99999976
55000900061097,2022-06-20,1,0,0.99999976
55000900061097,2022-06-21,1,0,0.99999976
55000900061097,2022-06-22,1,0,0.99999976
55000900061097,2022-06-23,1,0,0.99999976
55000900061097,2022-06-24,1,0,0.99999976
55000900061097,2022-06-25,1,0,0.99999976
55000900061097,2022-06-26,1,0,0.99999976
55000900061097,2022-06-27,1,0,0.99999976
55000900061097,2022-06-28,1,0,0.99999976
55000900061097,2022-06-29,1,0,0.99999976
55000900061097,2022-06-30,1,0,0.99999976
55000900061097,2022-07-01,1,0,0.99999976
55000900061097,2022-07-02,1,0,0.99999976
55000900061097,2022-07-03,1,0,0.99999976
55000900061097,2022-07-04,1,0,0.99999976
55000900061097,2022-07-05,1,0,0.99999976
55000900061097,2022-07-06,1,0,0.99999976
55000900061097,2022-07-07,1,0,0.99999976
55000900061097,2022-07-08,1,0,0.99999976
55000900061097,2022-07-09,1,0,0.99999976
55000900061097,2022-07-10,1,0,0.99999976
55000900061097,2022-07-11,1,0,0.99999976
55000900061097,2022-07-12,1,0,0.99999976
55000900061097,2022-07-13,1,0,0.99999976
55000900061097,2022-07-14,1,0,0.99999976
55000900061097,2022-07-15,1,0,0.99999976
55000900061097,2022-07-16,1,0,0.99999976
55000900061097,2022-07-17,1,0,0.99999976
55000900061097,2022-07-18,1,0,0.99999976
55000900061097,2022-07-19,1,0,0.99999976
55000900061097,2022-07-20,1,0,0.99999976
55000900061097,2022-07-21,1,0,0.99999976
55000900061097,2022-07-22,1,0,0.99999976
55000900061097,2022-07-23,1,0,0.99999976
55000900061097,2022-07-24,1,0,0.99999976
55000900061097,2022-07-25,1,0,0.99999976
55000900061097,2022-07-26,1,0,0.99999976
55000900061097,2022-07-27,1,0,0.99999976
55000900061097,2022-07-28,1,0,0.99999976
55000900061097,2022-07-29,1,0,0.99999976
55000900061097,2022-07-30,1,0,0.99999976
55000900061097,2022-07-31,1,0,0.99999976
55000900061097,2022-08-01,1,0,0.99999976
55000900061097,2022-08-02,1,0,0.99999976
55000900061097,2022-08-03,1,0,0.99999976
55000900061097,2022-08-04,1,0,0.99999976
55000900061097,2022-08-05,1,0,0.99999976
55000900061097,2022-08-06,1,0,0.99999976
55000900061097,2022-08-07,1,0,0.99999976
55000900061097,2022-08-08,1,0,0.99999976
55000900061097,2022-08-09,1,0,0.99999976
55000900061097,2022-08-10,1,0,0.99999976
55000900061097,2022-08-11,1,0,0.99999976
55000900061097,2022-08-12,1,0,0.99999976
55000900061097,2022-08-13,1,0,0.99999976
55000900061097,2022-08-14,1,0,0.99999976
55000900061097,2022-08-15,1,0,0.99999976
55000900061097,2022-08-16,1,0,0.99999976
55000900061097,2022-08-17,1,0,0.99999976
55000900061097,2022-08-18,1,0,0.99999976
55000900061097,2022-08-19,1,0,0.99999976
55000900061097,2022-08-20,1,0,0.99999976
55000900061097,2022-08-21,1,0,0.99999976
55000900061097,2022-08-22,1,0,0.99999976
55000900061097,2022-08-23,1,0,0.99999976
55000900061097,2022-08-24,1,0,0.99999976
55000900061097,2022-08-25,1,0,0.99999976
55000900061097,2022-08-26,1,0,0.99999976
55000900061097,2022-08-27,1,0,0.99999976
55000900061097,2022-08-28,1,0,0.99999976
55000900061097,2022-08-29,1,0,0.99999976
55000900061097,2022-08-30,1,0,0.99999976
55000900061097,2022-08-31,1,0,0.99999976
55000900061097,2022-09-01,1,0,0.99999976
55000900061097,2022-09-02,1,0,0.99999976
55000900061097,2022-09-03,1,0,0.99999976
55000900061097,2022-09-04,1,0,0.99999976
55000900061097,2022-09-05,1,0,0.99999976
55000900061097,2022-09-06,1,0,0.99999976
55000900061097,2022-09-07,1,0,0.99999976
55000900061097,2022-09-08,1,0,0.99999976
55000900061097,2022-09-09,1,0,0.99999976
55000900061097,2022-09-10,1,0,0.99999976
55000900061097,2022-09-11,1,0,0.99999976
55000900061097,2022-09-12,1,0,0.99999976
55000900061097,2022-09-13,1,0,0.99999976
55000900061097,2022-09-14,1,0,0.99999976
55000900061097,2022-09-15,1,0,0.99999976
55000900061097,2022-09-16,1,0,0.99999976
55000900061097,2022-09-17,1,0,0.99999976
55000900061097,2022-09-18,1,0,0.99999976
55000900061097,2022-09-19,1,0,0.99999976
55000900061097,2022-09-20,1,0,0.99999976
55000900061097,2022-09-21,1,0,0.99999976
55000900061097,2022-09-22,1,0,0.99999976
55000900061097,2022-09-23,1,0,0.99999976
55000900061097,2022-09-24,1,0,0.99999976
55000900061097,2022-09-25,1,0,0.99999976
55000900061097,2022-09-26,1,0,0.99999976
55000900061097,2022-09-27,1,0,0.99999976
55000900061097,2022-09-28,1,0,0.99999976
55000900061097,2022-09-29,1,0,0.99999976
55000900061097,2022-09-30,1,0,0.99999976
55000900061097,2022-10-01,1,0,0.99999976
55000900061097,2022-10-02,1,0,0.99999976
55000900061097,2022-10-03,1,0,0.99999976
55000900061097,2022-10-04,1,0,0.99999976
55000900061097,2022-10-05,1,0,0.99999976
55000900061097,2022-10-06,1,0,0.99999976
55000900061097,2022-10-07,1,0,0.99999976
55000900061097,2022-10-08,1,0,0.99999976
55000900061097,2022-10-09,1,0,0.99999976
55000900061097,2022-10-10,1,0,0.99999976
55000900061097,2022-10-11,1,0,0.99999976
55000900061097,2022-10-12,1,0,0.99999976
55000900061097,2022-10-13,1,0,0.99999976
55000900061097,2022-10-14,1,0,0.99999976
55000900061097,2022-10-15,1,0,0.99999976
55000900061097,2022-10-16,1,0,0.99999976
55000900061097,2022-10-17,1,0,0.99999976
55000900061097,2022-10-18,1,0,0.99999976
55000900061097,2022-10-19,1,0,0.99999976
55000900061097,2022-10-20,1,0,0.99999976
55000900061097,2022-10-21,1,0,0.99999976
55000900061097,2022-10-22,1,0,0.99999976
55000900061097,2022-10-23,1,0,0.99999976
55000900061097,2022-10-24,1,0,0.99999976
55000900061097,2022-10-25,1,0,0.99999976
55000900061097,2022-10-26,1,0,0.99999976
55000900061097,2022-10-27,1,0,0.99999976
55000900061097,2022-10-28,1,0,0.99999976
55000900061097,2022-10-29,1,0,0.99999976
55000900061097,2022-10-30,1,0,0.99999976
55000900061097,2022-10-31,1,0,0.99999976
55000900061097,2022-11-01,1,0,0.99999976
55000900061097,2022-11-02,1,0,0.99999976
55000900061097,2022-11-03,1,0,0.99999976
55000900061097,2022-11-04,1,0,0.99999976
55000900061097,2022-11-05,1,0,0.99999976
55000900061097,2022-11-06,1,0,0.99999976
55000900061097,2022-11-07,1,0,0.99999976
55000900061097,2022-11-08,1,0,0.99999976
55000900061097,2022-11-09,1,0,0.99999976
55000900061097,2022-11-10,1,0,0.99999976
55000900061097,2022-11-11,1,0,0.99999976
55000900061097,2022-11-12,1,0,0.99999976
55000900061097,2022-11-13,1,0,0.99999976
55000900061097,2022-11-14,1,0,0.99999976
55000900061097,2022-11-15,1,0,0.99999976
55000900061097,2022-11-16,1,0,0.99999976
55000900061097,2022-11-17,1,0,0.99999976
55000900061097,2022-11-18,1,0,0.99999976
55000900061097,2022-11-19,1,0,0.99999976
55000900061097,2022-11-20,1,0,0.99999976
55000900061097,2022-11-21,1,0,0.99999976
55000900061097,2022-11-22,1,0,0.99999976
55000900061097,2022-11-23,1,0,0.99999976
55000900061097,2022-11-24,1,0,0.99999976
55000900061097,2022-11-25,1,0,0.99999976
55000900061097,2022-11-26,1,0,0.99999976
55000900061097,2022-11-27,1,0,0.99999976
55000900061097,2022-11-28,1,0,0.99999976
55000900061097,2022-11-29,1,0,0.99999976
55000900061097,2022-11-30,1,0,0.99999976
55000900061097,2022-12-01,1,0,0.99999976
55000900061097,2022-12-02,1,0,0.99999976
55000900061097,2022-12-03,1,0,0.99999976
55000900061097,2022-12-04,1,0,0.99999976
55000900061097,2022-12-05,1,0,0.99999976
55000900061097,2022-12-06,1,0,0.99999976
55000900061097,2022-12-07,1,0,0.99999976
55000900061097,2022-12-08,1,0,0.99999976
55000900061097,2022-12-09,1,0,0.99999976
55000900061097,2022-12-10,1,0,0.99999976
55000900061097,2022-12-11,1,0,0.99999976
55000900061097,2022-12-12,1,0,0.99999976
55000900061097,2022-12-13,1,0,0.99999976
55000900061097,2022-12-14,1,0,0.99999976
55000900061097,2022-12-15,1,0,0.99999976
55000900061097,2022-12-16,1,0,0.99999976
55000900061097,2022-12-17,1,0,0.99999976
55000900061097,2022-12-18,1,0,0.99999976
55000900061097,2022-12-19,1,0,0.99999976
55000900061097,2022-12-20,1,0,0.99999976
55000900061097,2022-12-21,1,0,0.99999976
55000900061097,2022-12-22,1,0,0.99999976
55000900061097,2022-12-23,1,0,0.99999976
55000900061097,2022-12-24,1,0,0.99999976
55000900061097,2022-12-25,1,0,0.99999976
55000900061097,2022-12-26,1,0,0.99999976
55000900061097,2022-12-27,1,0,0.99999976
55000900061097,2022-12-28,1,0,0.99999976
55000900061097,2022-12-29,1,0,0.99999976
55000900061097,2022-12-30,1,0,0.99999976
55000900061097,2022-12-31,1,0,0.99999976
55000900061097,2023-01-01,1,0,0.99999976
55000900061097,2023-01-02,1,0,0.99999976
55000900061097,2023-01-03,1,0,0.99999976
55000900061097,2023-01-04,1,0,0.99999976
55000900061097,2023-01-05,1,0,0.99999976
55000900061097,2023-01-06,1,0,0.99999976
55000900061097,2023-01-07,1,0,0.99999976
55000900061097,2023-01-08,1,0,0.99999976
55000900061097,2023-01-09,1,0,0.99999976
55000900061097,2023-01-10,1,0,0.99999976
55000900061097,2023-01-11,1,0,0.99999976
55000900061097,2023-01-12,1,0,0.99999976
55000900061097,2023-01-13,1,0,0.99999976
55000900061097,2023-01-14,1,0,0.99999976
55000900061097,2023-01-15,1,0,0.99999976
55000900061097,2023-01-16,1,0,0.99999976
55000900061097,2023-01-17,1,0,0.99999976
55000900061097,2023-01-18,1,0,0.99999976
55000900061097,2023-01-19,1,0,0.99999976
55000900061097,2023-01-20,1,0,0.99999976
55000900061097,2023-01-21,1,0,0.99999976
55000900061097,2023-01-22,1,0,0.99999976
55000900061097,2023-01-23,1,0,0.99999976
55000900061097,2023-01-24,1,0,0.99999976
55000900061097,2023-01-25,1,0,0.99999976
55000900061097,2023-01-26,1,0,0.99999976
55000900061097,2023-01-27,1,0,0.99999976
55000900061097,2023-01-28,1,0,0.99999976
55000900061097,2023-01-29,1,0,0.99999976
55000900061097,2023-01-30,1,0,0.99999976
55000900061097,2023-01-31,1,0,0.99999976
55000900061097,2023-02-01,1,0,0.99999976
55000900061097,2023-02-02,1,0,0.99999976
55000900061097,2023-02-03,1,0,0.99999976
55000900061097,2023-02-04,1,0,0.99999976
55000900061097,2023-02-05,1,0,0.99999976
55000900061097,2023-02-06,1,0,0.99999976
55000900061097,2023-02-07,1,0,0.99999976
55000900061097,2023-02-08,1,0,0.99999976
55000900061097,2023-02-09,1,0,0.99999976
55000900061097,2023-02-10,1,0,0.99999976
55000900061097,2023-02-11,1,0,0.99999976
55000900061097,2023-02-12,1,0,0.99999976
55000900061097,2023-02-13,1,0,0.99999976
55000900061097,2023-02-14,1,0,0.99999976
55000900061097,2023-02-15,1,0,0.99999976
55000900061097,2023-02-16,1,0,0.99999976
55000900061097,2023-02-17,1,0,0.99999976
55000900061097,2023-02-18,1,0,0.99999976
55000900061097,2023-02-19,1,0,0.99999976
55000900061097,2023-02-20,1,0,0.99999976
55000900061097,2023-02-21,1,0,0.99999976
55000900061097,2023-02-22,1,0,0.99999976
55000900061097,2023-02-23,1,0,0.99999976
55000900061097,2023-02-24,1,0,0.99999976
55000900061097,2023-02-25,1,0,0.99999976
55000900061097,2023-02-26,1,0,0.99999976
55000900061097,2023-02-27,1,0,0.99999976
55000900061097,2023-02-28,1,0,0.99999976
55000900061097,2023-03-01,1,0,0.99999976
55000900061097,2023-03-02,1,0,0.99999976
55000900061097,2023-03-03,1,0,0.99999976
55000900061097,2023-03-04,1,0,0.99999976
55000900061097,2023-03-05,1,0,0.99999976
55000900061097,2023-03-06,1,0,0.99999976
55000900061097,2023-03-07,1,0,0.99999976
55000900061097,2023-03-08,1,0,0.99999976
55000900061097,2023-03-09,1,0,0.99999976
55000900061097,2023-03-10,1,0,0.99999976
55000900061097,2023-03-11,1,0,0.99999976
55000900061097,2023-03-12,1,0,0.99999976
55000900061097,2023-03-13,1,0,0.99999976
55000900061097,2023-03-14,1,0,0.99999976
55000900061097,2023-03-15,1,0,0.99999976
55000900061097,2023-03-16,1,0,0.99999976
55000900061097,2023-03-17,1,0,0.99999976
55000900061097,2023-03-18,1,0,0.99999976
55000900061097,2023-03-19,1,0,0.99999976
55000900061097,2023-03-20,1,0,0.99999976
55000900061097,2023-03-21,1,0,0.99999976
55000900061097,2023-03-22,1,0,0.99999976
55000900061097,2023-03-23,1,0,0.99999976
55000900061097,2023-03-24,1,0,0.99999976
55000900061097,2023-03-25,1,0,0.99999976
55000900061097,2023-03-26,1,0,0.99999976
55000900061097,2023-03-27,1,0,0.99999976
55000900061097,2023-03-28,1,0,0.99999976
55000900061097,2023-03-29,1,0,0.99999976
55000900061097,2023-03-30,1,0,0.99999976
55000900061097,2023-03-31,1,0,0.99999976
55000900061097,2023-04-01,1,0,0.99999976
55000900061097,2023-04-02,1,0,0.99999976
55000900061097,2023-04-03,1,0,0.99999976
55000900061097,2023-04-04,1,0,0.99999976
55000900061097,2023-04-05,1,0,0.99999976
55000900061097,2023-04-06,1,0,0.99999976
55000900061097,2023-04-07,1,0,0.99999976
55000900061097,2023-04-08,1,0,0.99999976
55000900061097,2023-04-09,1,0,0.99999976
55000900061097,2023-04-10,1,0,0.99999976
55000900061097,2023-04-11,1,0,0.99999976
55000900061097,2023-04-12,1,0,0.99999976
55000900061097,2023-04-13,1,0,0.99999976
55000900061097,2023-04-14,1,0,0.99999976
55000900061097,2023-04-15,1,0,0.99999976
55000900061097,2023-04-16,1,0,0.99999976
55000900061097,2023-04-17,1,0,0.99999976
55000900061097,2023-04-18,1,0,0.99999976
55000900061097,2023-04-19,1,0,0.99999976
55000900061097,2023-04-20,1,0,0.99999976
55000900061097,2023-04-21,1,0,0.99999976
55000900061097,2023-04-22,1,0,0.99999976
55000900061097,2023-04-23,1,0,0.99999976
55000900061097,2023-04-24,1,0,0.99999976
55000900061097,2023-04-25,1,0,0.99999976
55000900061097,2023-04-26,1,0,0.99999976
55000900061097,2023-04-27,1,0,0.99999976
55000900061097,2023-04-28,1,0,0.99999976
55000900061097,2023-04-29,1,0,0.99999976
55000900061097,2023-04-30,1,0,0.99999976
55000900061097,2023-05-01,1,0,0.99999976
55000900061097,2023-05-02,1,0,0.99999976
55000900061097,2023-05-03,1,0,0.99999976
55000900061097,2023-05-04,1,0,0.99999976
55000900061097,2023-05-05,1,0,0.99999976
55000900061097,2023-05-06,1,0,0.99999976
55000900061097,2023-05-07,1,0,0.99999976
55000900061097,2023-05-08,1,0,0.99999976
55000900061097,2023-05-09,1,0,0.99999976
55000900061097,2023-05-10,1,0,0.99999976
55000900061097,2023-05-11,1,0,0.99999976
55000900061097,2023-05-12,1,0,0.99999976
55000900061097,2023-05-13,1,0,0.99999976
55000900061097,2023-05-14,1,0,0.99999976
55000900061097,2023-05-15,1,0,0.99999976
55000900061097,2023-05-16,1,0,0.99999976
55000900061097,2023-05-17,1,0,0.99999976
55000900061097,2023-05-18,1,0,0.99999976
55000900061097,2023-05-19,1,0,0.99999976
55000900061097,2023-05-20,1,0,0.99999976
55000900061097,2023-05-21,1,0,0.99999976
55000900061097,2023-05-22,1,0,0.99999976
55000900061097,2023-05-23,1,0,0.99999976
55000900061097,2023-05-24,1,0,0.99999976
55000900061097,2023-05-25,1,0,0.99999976
55000900061097,2023-05-26,1,0,0.99999976
55000900061097,2023-05-27,1,0,0.99999976
55000900061097,2023-05-28,1,0,0.99999976
55000900061097,2023-05-29,1,0,0.99999976
55000900061097,2023-05-30,1,0,0.99999976
55000900061097,2023-05-31,1,0,0.99999976
55000900061097,2023-06-01,1,0,0.99999976
55000900061097,2023-06-02,1,0,0.99999976
55000900061097,2023-06-03,1,0,0.99999976
55000900061097,2023-06-04,1,0,0.99999976
55000900061097,2023-06-05,1,0,0.99999976
55000900061097,2023-06-06,1,0,0.99999976
55000900061097,2023-06-07,1,0,0.99999976
55000900061097,2023-06-08,1,0,0.99999976
55000900061097,2023-06-09,1,0,0.99999976
55000900061097,2023-06-10,1,0,0.99999976
55000900061097,2023-06-11,1,0,0.99999976
55000900061097,2023-06-12,1,0,0.99999976
55000900061097,2023-06-13,1,0,0.99999976
55000900061097,2023-06-14,1,0,0.99999976
55000900061097,2023-06-15,1,0,0.99999976
55000900061097,2023-06-16,1,0,0.99999976
55000900061097,2023-06-17,1,0,0.99999976
55000900061097,2023-06-18,1,0,0.99999976
55000900061097,2023-06-19,1,0,0.99999976
55000900061097,2023-06-20,1,0,0.99999976
55000900061097,2023-06-21,1,0,0.99999976
55000900061097,2023-06-22,1,0,0.99999976
55000900061097,2023-06-23,1,0,0.99999976
55000900061097,2023-06-24,1,0,0.99999976
55000900061097,2023-06-25,1,0,0.99999976
55000900095919,2020-09-11,0,0,0.02815631
55000900095919,2020-09-12,0,0,0.02815631
55000900095919,2020-09-13,0,0,0.02815631
55000900095919,2020-09-14,0,0,0.02815631
55000900095919,2020-09-20,1,0,0.02815631
55000900095919,2020-09-21,1,0,0.02815631
55000900095919,2020-09-22,0,0,0.02815631
55000900095919,2020-09-23,1,0,0.09198129
55000900095919,2020-09-24,1,0,0.05313097
55000900095919,2020-09-25,1,0,0.036607686
55000900095919,2020-09-26,1,0,0.25585672
55000900095919,2020-09-27,1,0,0.18517092
55000900095919,2020-09-28,1,0,0.29424056
55000900095919,2020-09-29,1,0,0.33396783
55000900095919,2020-09-30,0,0,0.32878366
55000900095919,2020-10-01,0,0,0.33619443
55000900095919,2020-10-02,0,0,0.3839154
55000900095919,2020-10-03,0,0,0.08538557
55000900095919,2020-10-04,0,0,0.100203276
55000900095919,2020-10-05,0,0,0.0898069
55000900095919,2020-10-06,0,0,0.090853006
55000900095919,2020-10-07,0,0,0.09779791
55000900095919,2020-10-08,0,0,0.0972301
55000900095919,2020-10-09,0,0,0.09723119
55000900095919,2020-10-10,1,0,0.09710793
55000900095919,2020-10-11,1,0,0.0972254
55000900095919,2020-10-12,1,0,0.09718423
55000900095919,2020-10-13,1,0,0.37112975
55000900095919,2020-10-14,1,0,0.19836365
55000900095919,2020-10-15,1,0,0.27601513
55000900095919,2020-10-16,1,0,0.31872174
55000900095919,2020-10-17,1,0,0.3344197
55000900095919,2020-10-18,0,0,0.35054383
55000900095919,2020-10-19,0,0,0.40251347
55000900095919,2020-10-20,0,0,0.40450034
55000900095919,2020-10-21,0,0,0.090202264
55000900095919,2020-10-22,0,0,0.089083254
55000900095919,2020-10-23,0,0,0.08569307
55000900095919,2020-10-24,1,0,0.08793159
55000900095919,2020-10-25,0,0,0.0618625
55000900095919,2020-10-26,0,0,0.062217217
55000900095919,2020-10-27,0,0,0.28279686
55000900095919,2020-10-28,0,0,0.06757009
55000900095919,2020-10-29,0,0,0.08813793
55000900095919,2020-10-30,0,0,0.088652946
55000900095919,2020-10-31,0,0,0.08640078
55000900095919,2020-11-01,0,0,0.088252656
55000900095919,2020-11-02,0,0,0.08869727
55000900095919,2020-11-03,0,0,0.08919954
55000900095919,2020-11-04,0,0,0.08951904
55000900095919,2020-11-05,1,0,0.08956881
55000900095919,2020-11-06,1,0,0.0898307
55000900095919,2020-11-07,1,0,0.089599855
55000900095919,2020-11-08,1,0,0.39758584
55000900095919,2020-11-09,1,0,0.22737846
55000900095919,2020-11-10,1,0,0.3141101
55000900095919,2020-11-11,1,0,0.4376355
55000900095919,2020-11-12,1,0,0.39635313
55000900095919,2020-11-13,1,0,0.39652365
55000900095919,2020-11-14,1,0,0.42345056
55000900095919,2020-11-15,1,0,0.4680164
55000900095919,2020-11-16,1,0,0.42871422
55000900095919,2020-11-17,1,0,0.47145495
55000900095919,2020-11-18,1,0,0.46865565
55000900095919,2020-11-19,1,0,0.5817826
55000900095919,2020-11-20,1,0,0.6418752
55000900095919,2020-11-21,1,0,0.65011716
55000900095919,2020-11-22,1,0,0.65232605
55000900095919,2020-11-23,1,0,0.6483784
55000900095919,2020-11-24,1,0,0.6584031
55000900095919,2020-11-25,1,0,0.29093263
55000900095919,2020-11-26,1,0,0.30037406
55000900095919,2020-11-27,1,0,0.3245415
55000900095919,2020-11-28,1,0,0.39635125
55000900095919,2020-11-29,1,0,0.5615202
55000900095919,2020-11-30,1,0,0.6114362
55000900095919,2020-12-01,1,0,0.61603945
55000900095919,2020-12-03,1,0,0.6213489
55000900095919,2020-12-04,1,0,0.6236017
55000900095919,2020-12-05,1,0,0.634372
55000900095919,2020-12-06,1,0,0.62361807
55000900095919,2020-12-07,1,0,0.69612676
55000900095919,2020-12-08,1,0,0.70294285
55000900095919,2020-12-09,1,0,0.70294285
55000900095919,2020-12-10,1,0,0.70294285
55000900095919,2020-12-11,1,0,0.70294285
55000900095919,2020-12-12,1,0,0.70294285
55000900095919,2020-12-13,1,0,0.70294285
55000900095919,2020-12-14,1,0,0.70294285
55000900095919,2020-12-15,1,0,0.70294285
55000900095919,2020-12-16,1,0,0.70294285
55000900095919,2020-12-17,1,0,0.70294285
55000900095919,2020-12-18,1,0,0.70294285
55000900095919,2020-12-19,1,0,0.70294285
55000900095919,2020-12-20,1,0,0.70294285
55000900095919,2020-12-21,1,0,0.70294285
55000900095919,2020-12-22,1,0,0.70294285
55000900095919,2020-12-23,1,0,0.70294285
55000900095919,2020-12-24,1,0,0.70294285
55000900095919,2020-12-25,1,0,0.70294285
55000900095919,2020-12-26,1,0,0.70294285
55000900095919,2020-12-27,1,0,0.70294285
55000900095919,2020-12-28,1,0,0.70294285
55000900095919,2020-12-29,1,0,0.70294285
55000900095919,2020-12-30,1,0,0.70294285
55000900095919,2020-12-31,1,0,0.70294285
55000900095919,2021-01-01,1,0,0.70294285
55000900095919,2021-01-02,1,0,0.70294285
55000900095919,2021-01-03,1,0,0.70294285
55000900095919,2021-01-04,1,0,0.70294285
55000900095919,2021-01-05,1,0,0.70294285
55000900095919,2021-01-06,1,0,0.70294285
55000900095919,2021-01-07,1,0,0.70294285
55000900095919,2021-01-08,1,0,0.70294285
55000900095919,2021-01-09,1,0,0.70294285
55000900095919,2021-01-10,1,0,0.70294285
55000900095919,2021-01-11,1,0,0.70294285
55000900095919,2021-01-12,1,0,0.70294285
55000900095919,2021-01-13,1,0,0.70294285
55000900095919,2021-01-14,1,0,0.70294285
55000900095919,2021-01-15,1,0,0.70294285
55000900095919,2021-01-16,1,0,0.70294285
55000900095919,2021-01-17,1,0,0.70294285
55000900095919,2021-01-18,1,0,0.70294285
55000900095919,2021-01-19,1,0,0.70294285
55000900095919,2021-01-20,1,0,0.70294285
55000900095919,2021-01-21,1,0,0.70294285
55000900095919,2021-01-22,1,0,0.70294285
55000900095919,2021-01-23,1,0,0.70294285
55000900095919,2021-01-24,1,0,0.70294285
55000900095919,2021-01-25,1,0,0.70294285
55000900095919,2021-01-26,1,0,0.70294285
55000900095919,2021-01-27,1,0,0.70294285
55000900095919,2021-01-28,1,0,0.70294285
55000900095919,2021-01-29,1,0,0.70294285
55000900095919,2021-01-30,1,0,0.70294285
55000900095919,2021-01-31,1,0,0.70294285
55000900095919,2021-02-01,1,0,0.70294285
55000900095919,2021-02-02,1,0,0.70294285
55000900095919,2021-02-03,1,0,0.70294285
55000900095919,2021-02-04,1,0,0.70294285
55000900095919,2021-02-05,1,0,0.70294285
55000900095919,2021-02-06,1,0,0.70294285
55000900095919,2021-02-07,1,0,0.70294285
55000900095919,2021-02-08,1,0,0.70294285
55000900095919,2021-02-09,1,0,0.70294285
55000900095919,2021-02-10,1,0,0.70294285
55000900095919,2021-02-11,1,0,0.70294285
55000900095919,2021-02-12,1,0,0.70294285
55000900095919,2021-02-13,1,0,0.70294285
55000900095919,2021-02-14,1,0,0.70294285
55000900095919,2021-02-15,1,0,0.70294285
55000900095919,2021-02-16,1,0,0.70294285
55000900095919,2021-02-17,1,0,0.70294285
55000900095919,2021-02-18,1,0,0.70294285
55000900095919,2021-02-19,1,0,0.70294285
55000900095919,2021-02-20,1,0,0.70294285
55000900095919,2021-02-21,1,0,0.70294285
55000900095919,2021-02-22,1,0,0.70294285
55000900095919,2021-02-23,1,0,0.70294285
55000900095919,2021-02-24,1,0,0.70294285
55000900095919,2021-02-25,1,0,0.70294285
55000900095919,2021-02-26,1,0,0.70294285
55000900095919,2021-02-27,1,0,0.70294285
55000900095919,2021-02-28,1,0,0.70294285
55000900095919,2021-03-01,1,0,0.70294285
55000900095919,2021-03-02,1,0,0.70294285
55000900095919,2021-03-03,1,0,0.70294285
55000900095919,2021-03-04,1,0,0.70294285
55000900095919,2021-03-05,1,0,0.70294285
55000900095919,2021-03-06,1,0,0.70294285
55000900095919,2021-03-07,1,0,0.70294285
55000900095919,2021-03-08,1,0,0.70294285
55000900095919,2021-03-09,1,0,0.70294285
55000900095919,2021-03-10,1,0,0.70294285
55000900095919,2021-03-11,1,0,0.70294285
55000900095919,2021-03-12,1,0,0.70294285
55000900095919,2021-03-13,1,0,0.70294285
55000900095919,2021-03-15,1,0,0.70294285
55000900095919,2021-03-16,1,0,0.70294285
55000900095919,2021-03-17,1,0,0.70294285
55000900095919,2021-03-18,1,0,0.70294285
55000900095919,2021-03-19,1,0,0.70294285
55000900095919,2021-03-20,1,0,0.70294285
55000900095919,2021-03-21,1,0,0.70294285
55000900095919,2021-03-22,1,0,0.70294285
55000900095919,2021-03-23,1,0,0.70294285
55000900095919,2021-03-24,1,0,0.70294285
55000900095919,2021-03-25,1,0,0.70294285
55000900095919,2021-03-26,1,0,0.70294285
55000900095919,2021-03-27,1,0,0.70294285
55000900095919,2021-03-28,1,0,0.70294285
55000900095919,2021-03-29,1,0,0.70294285
55000900095919,2021-03-30,1,0,0.70294285
55000900095919,2021-03-31,1,0,0.70294285
55000900095919,2021-04-01,1,0,0.70294285
55000900095919,2021-04-02,1,0,0.70294285
55000900095919,2021-04-03,1,0,0.70294285
55000900095919,2021-04-04,1,0,0.70294285
55000900095919,2021-04-05,1,0,0.70294285
55000900095919,2021-04-06,1,0,0.70294285
55000900095919,2021-04-07,1,0,0.70294285
55000900095919,2021-04-08,1,0,0.70294285
55000900095919,2021-04-09,1,0,0.70294285
55000900095919,2021-04-10,1,0,0.70294285
55000900095919,2021-04-11,1,0,0.70294285
55000900095919,2021-04-12,1,0,0.70294285
55000900095919,2021-04-13,1,0,0.70294285
55000900095919,2021-04-14,1,0,0.70294285
55000900095919,2021-04-15,1,0,0.70294285
55000900095919,2021-04-16,1,0,0.70294285
55000900095919,2021-04-17,1,0,0.70294285
55000900095919,2021-04-18,1,0,0.70294285
55000900095919,2021-04-19,1,0,0.70294285
55000900095919,2021-04-20,1,0,0.70294285
55000900095919,2021-04-21,1,0,0.70294285
55000900095919,2021-04-22,1,0,0.70294285
55000900095919,2021-04-23,1,0,0.70294285
55000900095919,2021-04-24,1,0,0.70294285
55000900095919,2021-04-25,1,0,0.70294285
55000900095919,2021-04-26,1,0,0.70294285
55000900095919,2021-04-27,1,0,0.70294285
55000900095919,2021-04-28,1,0,0.70294285
55000900095919,2021-04-29,1,0,0.70294285
55000900095919,2021-04-30,1,0,0.70294285
55000900095919,2021-05-01,1,0,0.70294285
55000900095919,2021-05-02,1,0,0.70294285
55000900095919,2021-05-03,1,0,0.70294285
55000900095919,2021-05-04,1,0,0.70294285
55000900095919,2021-05-05,1,0,0.70294285
55000900095919,2021-05-06,1,0,0.70294285
55000900095919,2021-05-07,1,0,0.70294285
55000900095919,2021-05-08,1,0,0.70294285
55000900095919,2021-05-09,1,0,0.70294285
55000900095919,2021-05-10,1,0,0.70294285
55000900095919,2021-05-11,1,0,0.70294285
55000900095919,2021-05-12,1,0,0.70294285
55000900095919,2021-05-13,1,0,0.70294285
55000900095919,2021-05-14,1,0,0.70294285
55000900095919,2021-05-15,1,0,0.70294285
55000900095919,2021-05-16,1,0,0.70294285
55000900095919,2021-05-17,1,0,0.70294285
55000900095919,2021-05-18,1,0,0.70294285
55000900095919,2021-05-19,1,0,0.70294285
55000900095919,2021-05-20,1,0,0.70294285
55000900095919,2021-05-21,1,0,0.70294285
55000900095919,2021-05-22,1,0,0.70294285
55000900095919,2021-05-23,1,0,0.70294285
55000900095919,2021-05-24,1,0,0.70294285
55000900095919,2021-05-26,1,0,0.70294285
55000900095919,2021-05-27,1,0,0.70294285
55000900095919,2021-05-28,1,0,0.70294285
55000900095919,2021-05-29,1,0,0.70294285
55000900095919,2021-05-30,1,0,0.70294285
55000900095919,2021-05-31,1,0,0.70294285
55000900095919,2021-06-01,1,0,0.70294285
55000900095919,2021-06-02,1,0,0.70294285
55000900095919,2021-06-03,1,0,0.70294285
55000900095919,2021-06-04,1,0,0.70294285
55000900095919,2021-06-05,1,0,0.70294285
55000900095919,2021-06-06,1,0,0.70294285
55000900095919,2021-06-07,1,0,0.70294285
55000900095919,2021-06-08,1,0,0.70294285
55000900095919,2021-06-09,1,0,0.70294285
55000900095919,2021-06-10,1,0,0.70294285
55000900095919,2021-06-11,1,0,0.70294285
55000900095919,2021-06-12,1,0,0.70294285
55000900095919,2021-06-13,1,0,0.70294285
55000900095919,2021-06-14,1,0,0.70294285
55000900095919,2021-06-15,1,0,0.70294285
55000900095919,2021-06-16,1,0,0.70294285
55000900095919,2021-06-17,1,0,0.70294285
55000900095919,2021-06-18,1,0,0.70294285
55000900095919,2021-06-19,1,0,0.70294285
55000900095919,2021-06-20,1,0,0.70294285
55000900095919,2021-06-21,1,0,0.70294285
55000900095919,2021-06-22,1,0,0.70294285
55000900095919,2021-06-23,1,0,0.70294285
55000900095919,2021-06-24,1,0,0.70294285
55000900095919,2021-06-25,1,0,0.70294285
55000900095919,2021-06-26,1,0,0.70294285
55000900095919,2021-06-27,1,0,0.70294285
55000900095919,2021-06-28,1,0,0.70294285
55000900095919,2021-06-29,1,0,0.70294285
55000900095919,2021-06-30,1,0,0.70294285
55000900095919,2021-07-01,1,0,0.70294285
55000900095919,2021-07-02,1,0,0.70294285
55000900095919,2021-07-03,1,0,0.70294285
55000900095919,2021-07-04,1,0,0.70294285
55000900095919,2021-07-05,1,0,0.70294285
55000900095919,2021-07-06,1,0,0.70294285
55000900095919,2021-07-07,1,0,0.70294285
55000900095919,2021-07-08,1,0,0.70294285
55000900095919,2021-07-09,1,0,0.70294285
55000900095919,2021-07-10,1,0,0.70294285
55000900095919,2021-07-11,1,0,0.70294285
55000900095919,2021-07-12,1,0,0.70294285
55000900095919,2021-07-13,1,0,0.70294285
55000900095919,2021-07-14,1,0,0.70294285
55000900095919,2021-07-15,1,0,0.70294285
55000900095919,2021-07-16,1,0,0.70294285
55000900095919,2021-07-17,1,0,0.70294285
55000900095919,2021-07-18,1,0,0.70294285
55000900095919,2021-07-19,1,0,0.70294285
55000900095919,2021-07-20,1,0,0.70294285
55000900095919,2021-07-21,1,0,0.70294285
55000900095919,2021-07-22,1,0,0.70294285
55000900095919,2021-07-23,1,0,0.70294285
55000900095919,2021-07-24,1,0,0.70294285
55000900095919,2021-07-25,1,0,0.70294285
55000900095919,2021-07-26,1,0,0.70294285
55000900095919,2021-07-27,1,0,0.70294285
55000900095919,2021-07-28,1,0,0.70294285
55000900095919,2021-07-29,1,0,0.70294285
55000900095919,2021-07-30,1,0,0.70294285
55000900095919,2021-07-31,1,0,0.70294285
55000900095919,2021-08-01,1,0,0.70294285
55000900095919,2021-08-02,1,0,0.70294285
55000900095919,2021-08-03,1,0,0.70294285
55000900095919,2021-08-04,1,0,0.70294285
55000900095919,2021-08-05,1,0,0.70294285
55000900095919,2021-08-06,1,0,0.70294285
55000900095919,2021-08-07,1,0,0.70294285
55000900095919,2021-08-08,0,0,0.70294285
55000900095919,2021-08-09,0,0,0.70294285
55000900095919,2021-08-10,0,0,0.70294285
55000900095919,2021-08-11,0,0,0.03366076
55000900095919,2021-08-12,0,0,0.014969205
55000900095919,2021-08-13,0,0,0.02427839
55000900095919,2021-08-14,0,0,0.02370691
55000900095919,2021-08-15,0,0,0.024036465
55000900095919,2021-08-16,0,0,0.024030868
55000900095919,2021-08-17,0,0,0.024023725
55000900095919,2021-08-19,0,0,0.024112592
55000900095919,2021-08-20,0,0,0.02423764
55000900095919,2021-08-21,0,0,0.0243636
55000900095919,2021-08-22,0,0,0.024507653
55000900095919,2021-08-23,0,0,0.024662688
55000900095919,2021-08-24,0,0,0.024844907
55000900095919,2021-08-25,0,0,0.02502063
55000900095919,2021-08-26,0,0,0.025228884
55000900095919,2021-08-27,0,0,0.02541217
55000900095919,2021-08-28,0,0,0.025649589
55000900095919,2021-08-29,0,0,0.025834782
55000900095919,2021-08-30,0,0,0.026124865
55000900095919,2021-08-31,0,0,0.026290877
55000900095919,2021-09-01,0,0,0.02661429
55000900095919,2021-09-02,0,0,0.026731052
55000900095919,2021-09-03,0,0,0.027251191
55000900095919,2021-09-04,0,0,0.027279356
55000900095919,2021-09-05,0,0,0.027704995
55000900095919,2021-09-06,0,0,0.027715916
55000900095919,2021-09-07,0,0,0.02909595
55000900095919,2021-09-08,0,0,0.02948696
55000900095919,2021-09-09,0,0,0.030919297
55000900095919,2021-09-10,0,0,0.02815631
55000900095919,2021-09-11,0,0,0.02815631
55000900095919,2021-09-12,0,0,0.02815631
55000900095919,2021-09-13,0,0,0.02815631
55000900095919,2021-09-14,0,0,0.02815631
55000900095919,2021-09-15,0,0,0.02815631
55000900095919,2021-09-16,0,0,0.02815631
55000900095919,2021-09-17,0,0,0.02815631
55000900095919,2021-09-18,1,0,0.02815631
55000900095919,2021-09-19,1,0,0.02815631
55000900095919,2021-09-20,1,0,0.02815631
55000900095919,2021-09-21,1,0,0.09198129
55000900095919,2021-09-22,1,0,0.05313097
55000900095919,2021-09-23,1,0,0.04677027
55000900095919,2021-09-24,1,0,0.078781016
55000900095919,2021-09-25,1,0,0.12797141
55000900095919,2021-09-26,1,0,0.19909805
55000900095919,2021-09-27,1,0,0.22241336
55000900095919,2021-09-28,1,0,0.22276162
55000900095919,2021-09-29,1,0,0.216746
55000900095919,2021-09-30,1,0,0.22359604
55000900095919,2021-10-01,1,0,0.22955607
55000900095919,2021-10-02,1,0,0.23388053
55000900095919,2021-10-03,1,0,0.2407439
55000900095919,2021-10-04,1,0,0.24718839
55000900095919,2021-10-05,1,0,0.25363678
55000900095919,2021-10-06,1,0,0.26327765
55000900095919,2021-10-07,1,0,0.2729559
55000900095919,2021-10-08,1,0,0.2841702
55000900095919,2021-10-09,1,0,0.30037406
55000900095919,2021-10-10,1,0,0.3245415
55000900095919,2021-10-11,1,0,0.39635125
55000900095919,2021-10-12,1,0,0.5615202
55000900095919,2021-10-13,1,0,0.6114362
55000900095919,2021-10-14,1,0,0.61603945
55000900095919,2021-10-15,1,0,0.6213489
55000900095919,2021-10-16,1,0,0.6236017
55000900095919,2021-10-17,1,0,0.634372
55000900095919,2021-10-18,1,0,0.62361807
55000900095919,2021-10-19,1,0,0.69612676
55000900095919,2021-10-20,1,0,0.70294285
55000900095919,2021-10-21,1,0,0.70294285
55000900095919,2021-10-22,1,0,0.70294285
55000900095919,2021-10-23,1,0,0.70294285
55000900095919,2021-10-24,1,0,0.70294285
55000900095919,2021-10-25,1,0,0.70294285
55000900095919,2021-10-26,1,0,0.70294285
55000900095919,2021-10-27,1,0,0.70294285
55000900095919,2021-10-28,1,0,0.70294285
55000900095919,2021-10-29,1,0,0.70294285
55000900095919,2021-10-30,1,0,0.70294285
55000900095919,2021-10-31,1,0,0.70294285
55000900095919,2021-11-01,1,0,0.70294285
55000900095919,2021-11-02,1,0,0.70294285
55000900095919,2021-11-03,1,0,0.70294285
55000900095919,2021-11-04,1,0,0.70294285
55000900095919,2021-11-05,1,0,0.70294285
55000900095919,2021-11-06,1,0,0.70294285
55000900095919,2021-11-07,1,0,0.70294285
55000900095919,2021-11-08,1,0,0.70294285
55000900095919,2021-11-09,1,0,0.70294285
55000900095919,2021-11-10,1,0,0.70294285
55000900095919,2021-11-11,1,0,0.70294285
55000900095919,2021-11-12,1,0,0.70294285
55000900095919,2021-11-13,1,0,0.70294285
55000900095919,2021-11-14,1,0,0.70294285
55000900095919,2021-11-15,1,0,0.70294285
55000900095919,2021-11-16,1,0,0.70294285
55000900095919,2021-11-17,1,0,0.70294285
55000900095919,2021-11-18,1,0,0.70294285
55000900095919,2021-11-19,1,0,0.70294285
55000900095919,2021-11-20,1,0,0.70294285
55000900095919,2021-11-21,1,0,0.70294285
55000900095919,2021-11-22,1,0,0.70294285
55000900095919,2021-11-23,1,0,0.70294285
55000900095919,2021-11-24,1,0,0.70294285
55000900095919,2021-11-25,1,0,0.70294285
55000900095919,2021-11-26,1,0,0.70294285
55000900095919,2021-11-27,1,0,0.70294285
55000900095919,2021-11-28,1,0,0.70294285
55000900095919,2021-11-29,1,0,0.70294285
55000900095919,2021-11-30,1,0,0.70294285
55000900095919,2021-12-01,1,0,0.70294285
55000900095919,2021-12-02,1,0,0.70294285
55000900095919,2021-12-03,1,0,0.70294285
55000900095919,2021-12-04,1,0,0.70294285
55000900095919,2021-12-05,1,0,0.70294285
55000900095919,2021-12-06,1,0,0.70294285
55000900095919,2021-12-07,1,0,0.70294285
55000900095919,2021-12-08,1,0,0.70294285
55000900095919,2021-12-09,1,0,0.70294285
55000900095919,2021-12-10,1,0,0.70294285
55000900095919,2021-12-11,1,0,0.70294285
55000900095919,2021-12-12,1,0,0.70294285
55000900095919,2021-12-13,1,0,0.70294285
55000900095919,2021-12-14,1,0,0.70294285
55000900095919,2021-12-15,1,0,0.70294285
55000900095919,2021-12-16,1,0,0.70294285
55000900095919,2021-12-17,1,0,0.70294285
55000900095919,2021-12-18,1,0,0.70294285
55000900095919,2021-12-19,1,0,0.70294285
55000900095919,2021-12-20,1,0,0.70294285
55000900095919,2021-12-21,1,0,0.70294285
55000900095919,2021-12-22,1,0,0.70294285
55000900095919,2021-12-23,1,0,0.70294285
55000900095919,2021-12-24,1,0,0.70294285
55000900095919,2021-12-25,1,0,0.70294285
55000900095919,2021-12-26,1,0,0.70294285
55000900095919,2021-12-27,1,0,0.70294285
55000900095919,2021-12-28,1,0,0.70294285
55000900095919,2021-12-29,1,0,0.70294285
55000900095919,2021-12-30,1,0,0.70294285
55000900095919,2021-12-31,1,0,0.70294285
55000900095919,2022-01-01,1,0,0.70294285
55000900095919,2022-01-02,1,0,0.70294285
55000900095919,2022-01-03,1,0,0.70294285
55000900095919,2022-01-04,1,0,0.70294285
55000900095919,2022-01-05,1,0,0.70294285
55000900095919,2022-01-06,1,0,0.70294285
55000900095919,2022-01-07,1,0,0.70294285
55000900095919,2022-01-08,1,0,0.70294285
55000900095919,2022-01-09,1,0,0.70294285
55000900095919,2022-01-10,1,0,0.70294285
55000900095919,2022-01-11,1,0,0.70294285
55000900095919,2022-01-12,1,0,0.70294285
55000900095919,2022-01-13,1,0,0.70294285
55000900095919,2022-01-14,1,0,0.70294285
55000900095919,2022-01-15,1,0,0.70294285
55000900095919,2022-01-16,1,0,0.70294285
55000900095919,2022-01-17,1,0,0.70294285
55000900095919,2022-01-18,1,0,0.70294285
55000900095919,2022-01-19,1,0,0.70294285
55000900095919,2022-01-20,1,0,0.70294285
55000900095919,2022-01-21,1,0,0.70294285
55000900095919,2022-01-22,1,0,0.70294285
55000900095919,2022-01-23,1,0,0.70294285
55000900095919,2022-01-24,1,0,0.70294285
55000900095919,2022-01-25,1,0,0.70294285
55000900095919,2022-01-26,1,0,0.70294285
55000900095919,2022-01-27,1,0,0.70294285
55000900095919,2022-01-28,1,0,0.70294285
55000900095919,2022-01-29,1,0,0.70294285
55000900095919,2022-01-30,1,0,0.70294285
55000900095919,2022-01-31,1,0,0.70294285
55000900095919,2022-02-01,1,0,0.70294285
55000900095919,2022-02-02,1,0,0.70294285
55000900095919,2022-02-03,1,0,0.70294285
55000900095919,2022-02-04,1,0,0.70294285
55000900095919,2022-02-05,1,0,0.70294285
55000900095919,2022-02-06,1,0,0.70294285
55000900095919,2022-02-07,1,0,0.70294285
55000900095919,2022-02-08,1,0,0.70294285
55000900095919,2022-02-09,1,0,0.70294285
55000900095919,2022-02-10,1,0,0.70294285
55000900095919,2022-02-11,1,0,0.70294285
55000900095919,2022-02-12,1,0,0.70294285
55000900095919,2022-02-13,1,0,0.70294285
55000900095919,2022-02-14,1,0,0.70294285
55000900095919,2022-02-15,1,0,0.70294285
55000900095919,2022-02-16,1,0,0.70294285
55000900095919,2022-02-17,1,0,0.70294285
55000900095919,2022-02-18,1,0,0.70294285
55000900095919,2022-02-19,1,0,0.70294285
55000900095919,2022-02-20,1,0,0.70294285
55000900095919,2022-02-21,1,0,0.70294285
55000900095919,2022-02-22,1,0,0.70294285
55000900095919,2022-02-23,1,0,0.70294285
55000900095919,2022-02-24,1,0,0.70294285
55000900095919,2022-02-25,1,0,0.70294285
55000900095919,2022-02-26,1,0,0.70294285
55000900095919,2022-02-27,1,0,0.70294285
55000900095919,2022-02-28,1,0,0.70294285
55000900095919,2022-03-01,1,0,0.70294285
55000900095919,2022-03-02,1,0,0.70294285
55000900095919,2022-03-03,1,0,0.70294285
55000900095919,2022-03-04,1,0,0.70294285
55000900095919,2022-03-05,1,0,0.70294285
55000900095919,2022-03-06,1,0,0.70294285
55000900095919,2022-03-07,1,0,0.70294285
55000900095919,2022-03-08,1,0,0.70294285
55000900095919,2022-03-09,1,0,0.70294285
55000900095919,2022-03-10,1,0,0.70294285
55000900095919,2022-03-11,1,0,0.70294285
55000900095919,2022-03-12,1,0,0.70294285
55000900095919,2022-03-14,1,0,0.70294285
55000900095919,2022-03-15,1,0,0.70294285
55000900095919,2022-03-16,1,0,0.70294285
55000900095919,2022-03-17,1,0,0.70294285
55000900095919,2022-03-18,1,0,0.70294285
55000900095919,2022-03-19,1,0,0.70294285
55000900095919,2022-03-20,1,0,0.70294285
55000900095919,2022-03-21,1,0,0.70294285
55000900095919,2022-03-22,1,0,0.70294285
55000900095919,2022-03-23,1,0,0.70294285
55000900095919,2022-03-24,1,0,0.70294285
55000900095919,2022-03-25,1,0,0.70294285
55000900095919,2022-03-26,1,0,0.70294285
55000900095919,2022-03-27,1,0,0.70294285
55000900095919,2022-03-28,1,0,0.70294285
55000900095919,2022-03-29,1,0,0.70294285
55000900095919,2022-03-30,1,0,0.70294285
55000900095919,2022-03-31,1,0,0.70294285
55000900095919,2022-04-01,1,0,0.70294285
55000900095919,2022-04-02,1,0,0.70294285
55000900095919,2022-04-03,1,0,0.70294285
55000900095919,2022-04-04,1,0,0.70294285
55000900095919,2022-04-05,1,0,0.70294285
55000900095919,2022-04-06,1,0,0.70294285
55000900095919,2022-04-07,1,0,0.70294285
55000900095919,2022-04-08,1,0,0.70294285
55000900095919,2022-04-09,1,0,0.70294285
55000900095919,2022-04-10,1,0,0.70294285
55000900095919,2022-04-11,1,0,0.70294285
55000900095919,2022-04-12,1,0,0.70294285
55000900095919,2022-04-13,1,0,0.70294285
55000900095919,2022-04-14,1,0,0.70294285
55000900095919,2022-04-15,1,0,0.70294285
55000900095919,2022-04-16,1,0,0.70294285
55000900095919,2022-04-17,1,0,0.70294285
55000900095919,2022-04-18,1,0,0.70294285
55000900095919,2022-04-19,1,0,0.70294285
55000900095919,2022-04-20,1,0,0.70294285
55000900095919,2022-04-21,1,0,0.70294285
55000900095919,2022-04-22,1,0,0.70294285
55000900095919,2022-04-23,1,0,0.70294285
55000900095919,2022-04-24,1,0,0.70294285
55000900095919,2022-04-25,1,0,0.70294285
55000900095919,2022-04-26,1,0,0.70294285
55000900095919,2022-04-27,1,0,0.70294285
55000900095919,2022-04-28,1,0,0.70294285
55000900095919,2022-04-29,1,0,0.70294285
55000900095919,2022-04-30,1,0,0.70294285
55000900095919,2022-05-01,1,0,0.70294285
55000900095919,2022-05-02,1,0,0.70294285
55000900095919,2022-05-03,1,0,0.70294285
55000900095919,2022-05-04,1,0,0.70294285
55000900095919,2022-05-05,1,0,0.70294285
55000900095919,2022-05-06,1,0,0.70294285
55000900095919,2022-05-07,1,0,0.70294285
55000900095919,2022-05-08,1,0,0.70294285
55000900095919,2022-05-09,1,0,0.70294285
55000900095919,2022-05-10,1,0,0.70294285
55000900095919,2022-05-11,1,0,0.70294285
55000900095919,2022-05-12,1,0,0.70294285
55000900095919,2022-05-13,1,0,0.70294285
55000900095919,2022-05-14,1,0,0.70294285
55000900095919,2022-05-15,1,0,0.70294285
55000900095919,2022-05-16,1,0,0.70294285
55000900095919,2022-05-17,1,0,0.70294285
55000900095919,2022-05-18,1,0,0.70294285
55000900095919,2022-05-19,1,0,0.70294285
55000900095919,2022-05-20,1,0,0.70294285
55000900095919,2022-05-21,1,0,0.70294285
55000900095919,2022-05-22,1,0,0.70294285
55000900095919,2022-05-23,1,0,0.70294285
55000900095919,2022-05-24,1,0,0.70294285
55000900095919,2022-05-25,1,0,0.70294285
55000900095919,2022-05-26,1,0,0.70294285
55000900095919,2022-05-27,1,0,0.70294285
55000900095919,2022-05-28,1,0,0.70294285
55000900095919,2022-05-29,1,0,0.70294285
55000900095919,2022-05-30,1,0,0.70294285
55000900095919,2022-05-31,1,0,0.70294285
55000900095919,2022-06-01,1,0,0.70294285
55000900095919,2022-06-02,1,0,0.70294285
55000900095919,2022-06-03,1,0,0.70294285
55000900095919,2022-06-04,1,0,0.70294285
55000900095919,2022-06-05,1,0,0.70294285
55000900095919,2022-06-06,1,0,0.70294285
55000900095919,2022-06-07,1,0,0.70294285
55000900095919,2022-06-08,1,0,0.70294285
55000900095919,2022-06-09,1,0,0.70294285
55000900095919,2022-06-10,1,0,0.70294285
55000900095919,2022-06-11,1,0,0.70294285
55000900095919,2022-06-12,1,0,0.70294285
55000900095919,2022-06-13,1,0,0.70294285
55000900095919,2022-06-14,1,0,0.70294285
55000900095919,2022-06-15,1,0,0.70294285
55000900095919,2022-06-16,1,0,0.70294285
55000900095919,2022-06-17,1,0,0.70294285
55000900095919,2022-06-18,1,0,0.70294285
55000900095919,2022-06-19,1,0,0.70294285
55000900095919,2022-06-20,1,0,0.70294285
55000900095919,2022-06-21,1,0,0.70294285
55000900095919,2022-06-22,1,0,0.70294285
55000900095919,2022-06-23,1,0,0.70294285
55000900095919,2022-06-24,1,0,0.70294285
55000900095919,2022-06-25,1,0,0.70294285
55000900095919,2022-06-26,1,0,0.70294285
55000900095919,2022-06-27,1,0,0.70294285
55000900095919,2022-06-28,1,0,0.70294285
55000900095919,2022-06-29,1,0,0.70294285
55000900095919,2022-06-30,1,0,0.70294285
55000900095919,2022-07-01,1,0,0.70294285
55000900095919,2022-07-02,1,0,0.70294285
55000900095919,2022-07-03,1,0,0.70294285
55000900095919,2022-07-04,1,0,0.70294285
55000900095919,2022-07-05,1,0,0.70294285
55000900095919,2022-07-06,1,0,0.70294285
55000900095919,2022-07-07,1,0,0.70294285
55000900095919,2022-07-08,1,0,0.70294285
55000900095919,2022-07-09,1,0,0.70294285
55000900095919,2022-07-10,1,0,0.70294285
55000900095919,2022-07-11,1,0,0.70294285
55000900095919,2022-07-12,1,0,0.70294285
55000900095919,2022-07-13,1,0,0.70294285
55000900095919,2022-07-14,1,0,0.70294285
55000900095919,2022-07-15,1,0,0.70294285
55000900095919,2022-07-16,1,0,0.70294285
55000900095919,2022-07-17,1,0,0.70294285
55000900095919,2022-07-18,1,0,0.70294285
55000900095919,2022-07-19,1,0,0.70294285
55000900095919,2022-07-20,1,0,0.70294285
55000900095919,2022-07-21,1,0,0.70294285
55000900095919,2022-07-22,1,0,0.70294285
55000900095919,2022-07-23,1,0,0.70294285
55000900095919,2022-07-24,1,0,0.70294285
55000900095919,2022-07-25,1,0,0.70294285
55000900095919,2022-07-26,1,0,0.70294285
55000900095919,2022-07-27,1,0,0.70294285
55000900095919,2022-07-28,1,0,0.70294285
55000900095919,2022-07-29,1,0,0.70294285
55000900095919,2022-07-30,1,0,0.70294285
55000900095919,2022-07-31,1,0,0.70294285
55000900095919,2022-08-01,1,0,0.70294285
55000900095919,2022-08-02,1,0,0.70294285
55000900095919,2022-08-03,1,0,0.70294285
55000900095919,2022-08-04,1,0,0.70294285
55000900095919,2022-08-05,1,0,0.70294285
55000900095919,2022-08-06,1,0,0.70294285
55000900095919,2022-08-07,1,0,0.70294285
55000900095919,2022-08-08,1,0,0.70294285
55000900095919,2022-08-09,1,0,0.70294285
55000900095919,2022-08-10,1,0,0.70294285
55000900095919,2022-08-11,1,0,0.70294285
55000900095919,2022-08-12,1,0,0.70294285
55000900095919,2022-08-13,1,0,0.70294285
55000900095919,2022-08-14,1,0,0.70294285
55000900095919,2022-08-15,1,0,0.70294285
55000900095919,2022-08-16,1,0,0.70294285
55000900095919,2022-08-17,1,0,0.70294285
55000900095919,2022-08-18,1,0,0.70294285
55000900095919,2022-08-19,1,0,0.70294285
55000900095919,2022-08-20,1,0,0.70294285
55000900095919,2022-08-21,1,0,0.70294285
55000900095919,2022-08-22,1,0,0.70294285
55000900095919,2022-08-23,1,0,0.70294285
55000900095919,2022-08-24,1,0,0.70294285
55000900095919,2022-08-25,1,0,0.70294285
55000900095919,2022-08-26,1,0,0.70294285
55000900095919,2022-08-27,1,0,0.70294285
55000900095919,2022-08-28,1,0,0.70294285
55000900095919,2022-08-29,1,0,0.70294285
55000900095919,2022-08-30,1,0,0.70294285
55000900095919,2022-08-31,1,0,0.70294285
55000900095919,2022-09-01,1,0,0.70294285
55000900095919,2022-09-02,1,0,0.70294285
55000900095919,2022-09-03,1,0,0.70294285
55000900095919,2022-09-04,1,0,0.70294285
55000900095919,2022-09-05,1,0,0.70294285
55000900095919,2022-09-06,1,0,0.70294285
55000900095919,2022-09-07,1,0,0.70294285
55000900095919,2022-09-08,1,0,0.70294285
55000900095919,2022-09-09,1,0,0.70294285
55000900095919,2022-09-10,1,0,0.70294285
55000900095919,2022-09-11,1,0,0.70294285
55000900095919,2022-09-12,1,0,0.70294285
55000900095919,2022-09-13,1,0,0.70294285
55000900095919,2022-09-14,1,0,0.70294285
55000900095919,2022-09-15,1,0,0.70294285
55000900095919,2022-09-16,1,0,0.70294285
55000900095919,2022-09-17,1,0,0.70294285
55000900095919,2022-09-18,1,0,0.70294285
55000900095919,2022-09-19,1,0,0.70294285
55000900095919,2022-09-20,1,0,0.70294285
55000900095919,2022-09-21,1,0,0.70294285
55000900095919,2022-09-22,1,0,0.70294285
55000900095919,2022-09-23,1,0,0.70294285
55000900095919,2022-09-24,1,0,0.70294285
55000900095919,2022-09-25,1,0,0.70294285
55000900095919,2022-09-26,1,0,0.70294285
55000900095919,2022-09-27,1,0,0.70294285
55000900095919,2022-09-28,1,0,0.70294285
55000900095919,2022-09-29,1,0,0.70294285
55000900095919,2022-09-30,1,0,0.70294285
55000900095919,2022-10-01,1,0,0.70294285
55000900095919,2022-10-02,1,0,0.70294285
55000900095919,2022-10-03,1,0,0.70294285
55000900095919,2022-10-04,1,0,0.70294285
55000900095919,2022-10-05,1,0,0.70294285
55000900095919,2022-10-06,1,0,0.70294285
55000900095919,2022-10-07,1,0,0.70294285
55000900095919,2022-10-08,1,0,0.70294285
55000900095919,2022-10-09,1,0,0.70294285
55000900095919,2022-10-10,1,0,0.70294285
55000900095919,2022-10-11,1,0,0.70294285
55000900095919,2022-10-12,1,0,0.70294285
55000900095919,2022-10-13,1,0,0.70294285
55000900095919,2022-10-14,1,0,0.70294285
55000900095919,2022-10-15,1,0,0.70294285
55000900095919,2022-10-16,1,0,0.70294285
55000900095919,2022-10-17,1,0,0.70294285
55000900095919,2022-10-18,1,0,0.70294285
55000900095919,2022-10-19,1,0,0.70294285
55000900095919,2022-10-20,1,0,0.70294285
55000900095919,2022-10-21,1,0,0.70294285
55000900095919,2022-10-22,1,0,0.70294285
55000900095919,2022-10-23,1,0,0.70294285
55000900095919,2022-10-24,1,0,0.70294285
55000900095919,2022-10-25,1,0,0.70294285
55000900095919,2022-10-26,1,0,0.70294285
55000900095919,2022-10-27,1,0,0.70294285
55000900095919,2022-10-28,1,0,0.70294285
55000900095919,2022-10-29,1,0,0.70294285
55000900095919,2022-10-30,1,0,0.70294285
55000900095919,2022-10-31,1,0,0.70294285
55000900095919,2022-11-01,1,0,0.70294285
55000900095919,2022-11-02,1,0,0.70294285
55000900095919,2022-11-03,1,0,0.70294285
55000900095919,2022-11-04,1,0,0.70294285
55000900095919,2022-11-05,1,0,0.70294285
55000900095919,2022-11-06,1,0,0.70294285
55000900095919,2022-11-07,1,0,0.70294285
55000900095919,2022-11-08,1,0,0.70294285
55000900095919,2022-11-09,1,0,0.70294285
55000900095919,2022-11-10,1,0,0.70294285
55000900095919,2022-11-11,1,0,0.70294285
55000900095919,2022-11-12,1,0,0.70294285
55000900095919,2022-11-13,1,0,0.70294285
55000900095919,2022-11-14,1,0,0.70294285
55000900095919,2022-11-15,1,0,0.70294285
55000900095919,2022-11-16,1,0,0.70294285
55000900095919,2022-11-17,1,0,0.70294285
55000900095919,2022-11-18,1,0,0.70294285
55000900095919,2022-11-19,1,0,0.70294285
55000900095919,2022-11-20,1,0,0.70294285
55000900095919,2022-11-21,1,0,0.70294285
55000900095919,2022-11-22,1,0,0.70294285
55000900095919,2022-11-23,1,0,0.70294285
55000900095919,2022-11-24,1,0,0.70294285
55000900095919,2022-11-25,1,0,0.70294285
55000900095919,2022-11-26,1,0,0.70294285
55000900095919,2022-11-27,1,0,0.70294285
55000900095919,2022-11-28,1,0,0.70294285
55000900095919,2022-11-29,1,0,0.70294285
55000900095919,2022-11-30,1,0,0.70294285
55000900095919,2022-12-01,1,0,0.70294285
55000900095919,2022-12-02,1,0,0.70294285
55000900095919,2022-12-03,1,0,0.70294285
55000900095919,2022-12-04,1,0,0.70294285
55000900095919,2022-12-05,1,0,0.70294285
55000900095919,2022-12-06,1,0,0.70294285
55000900095919,2022-12-07,1,0,0.70294285
55000900095919,2022-12-08,1,0,0.70294285
55000900095919,2022-12-09,1,0,0.70294285
55000900095919,2022-12-10,1,0,0.70294285
55000900095919,2022-12-11,1,0,0.70294285
55000900095919,2022-12-12,1,0,0.70294285
55000900095919,2022-12-13,1,0,0.70294285
55000900095919,2022-12-14,1,0,0.70294285
55000900095919,2022-12-15,1,0,0.70294285
55000900095919,2022-12-16,1,0,0.70294285
55000900095919,2022-12-17,1,0,0.70294285
55000900095919,2022-12-18,1,0,0.70294285
55000900095919,2022-12-19,1,0,0.70294285
55000900095919,2022-12-20,1,0,0.70294285
55000900095919,2022-12-21,1,0,0.70294285
55000900095919,2022-12-22,1,0,0.70294285
55000900095919,2022-12-23,1,0,0.70294285
55000900095919,2022-12-24,1,0,0.70294285
55000900095919,2022-12-25,1,0,0.70294285
55000900095919,2022-12-26,1,0,0.70294285
55000900095919,2022-12-27,1,0,0.70294285
55000900095919,2022-12-28,1,0,0.70294285
55000900095919,2022-12-29,1,0,0.70294285
55000900095919,2022-12-30,1,0,0.70294285
55000900095919,2022-12-31,1,0,0.70294285
55000900095919,2023-01-01,1,0,0.70294285
55000900095919,2023-01-02,1,0,0.70294285
55000900095919,2023-01-03,1,0,0.70294285
55000900095919,2023-01-04,1,0,0.70294285
55000900095919,2023-01-05,1,0,0.70294285
55000900095919,2023-01-06,1,0,0.70294285
55000900095919,2023-01-07,1,0,0.70294285
55000900095919,2023-01-08,1,0,0.70294285
55000900095919,2023-01-09,1,0,0.70294285
55000900095919,2023-01-10,1,0,0.70294285
55000900095919,2023-01-11,1,0,0.70294285
55000900095919,2023-01-12,1,0,0.70294285
55000900095919,2023-01-13,1,0,0.70294285
55000900095919,2023-01-14,1,0,0.70294285
55000900095919,2023-01-15,1,0,0.70294285
55000900095919,2023-01-16,1,0,0.70294285
55000900095919,2023-01-17,1,0,0.70294285
55000900095919,2023-01-18,1,0,0.70294285
55000900095919,2023-01-19,1,0,0.70294285
55000900095919,2023-01-20,1,0,0.70294285
55000900095919,2023-01-21,1,0,0.70294285
55000900095919,2023-01-22,1,0,0.70294285
55000900096564,2020-09-11,1,9,0.99576855
55000900096564,2020-09-12,1,9,0.9988777
55000900096564,2020-09-13,1,9,0.9916121
55000900096564,2020-09-14,1,9,0.9924891
55000900096564,2020-09-15,1,9,0.9998078
55000900096564,2020-09-16,1,9,0.9999268
55000900096564,2020-09-17,1,9,0.9999565
55000900096564,2020-09-20,1,9,0.99992216
55000900096564,2020-09-21,1,9,0.9998623
55000900096564,2020-09-22,1,9,0.9998745
55000900096564,2020-09-27,1,9,0.999987
55000900096564,2020-09-28,1,9,0.9999665
55000900096564,2020-09-29,1,9,0.9999809
55000900096564,2020-09-30,1,9,0.999985
55000900096564,2020-10-01,1,9,0.9999645
55000900096564,2020-10-02,1,9,0.999944
55000900096564,2020-10-03,1,9,0.99509794
55000900096564,2020-10-04,1,9,0.9995958
55000900096564,2020-10-05,1,9,0.9994067
55000900096564,2020-10-06,1,9,0.9999703
55000900096564,2020-10-07,1,9,0.9999465
55000900096564,2020-10-08,1,9,0.9999932
55000900096564,2020-10-09,1,9,0.99993527
55000900096564,2020-10-11,1,9,0.99998975
55000900096564,2020-10-13,0,9,0.999998
55000900096564,2020-10-15,1,9,0.9999927
55000900096564,2020-10-16,1,9,0.9999999
55000900096564,2020-10-17,1,9,0.99999964
55000900096564,2020-10-18,1,9,0.99999595
55000900096564,2020-10-19,1,9,0.9999927
55000900096564,2020-10-20,1,9,0.9999976
55000900096564,2020-10-22,1,9,0.9999975
55000900096564,2020-10-25,1,9,0.99999905
55000900096564,2020-10-23,1,0,0.99999917
55000900096564,2020-10-25,1,0,0.99999917
55000900097164,2020-09-11,0,9,0.00010385759
55000900097164,2020-09-12,0,9,0.00012931318
55000900097164,2020-09-13,0,9,0.00011384024
55000900097164,2020-09-14,0,9,0.00013050945
55000900097164,2020-09-15,0,9,0.00015610764
55000900097164,2020-09-16,0,9,0.00019826888
55000900097164,2020-09-17,0,9,0.0001614183
55000900097164,2020-09-18,0,9,0.00018073627
55000900097164,2020-09-19,0,9,0.00022643998
55000900097164,2020-09-20,0,9,0.00020985027
55000900097164,2020-09-21,0,9,0.0008641046
55000900097164,2020-09-22,0,9,0.0010657822
55000900097164,2020-09-23,0,9,0.002926501
55000900097164,2020-09-24,0,9,0.0045040185
55000900097164,2020-09-25,0,9,0.00096753694
55000900097164,2020-09-26,0,9,0.0066867955
55000900097164,2020-09-27,0,9,0.02036481
55000900097164,2020-09-28,0,9,0.7084416
55000900097164,2020-09-29,0,9,0.71694535
55000900097164,2020-09-30,0,9,0.4572058
55000900097164,2020-10-01,0,9,0.028082363
55000900097164,2020-10-02,0,9,0.00155215
55000900097164,2020-10-03,0,9,0.00061118475
55000900097164,2020-10-04,0,9,0.00047474608
55000900097164,2020-10-05,0,9,0.0007457027
55000900097164,2020-10-06,0,9,0.0010504278
55000900097164,2020-10-07,0,9,0.0010907245
55000900097164,2020-10-08,0,9,0.001358236
55000900097164,2020-10-09,0,9,0.001224316
55000900097164,2020-10-11,1,9,0.0022439642
55000900097164,2020-10-12,1,9,0.005974839
55000900097164,2020-10-13,1,9,0.005565366
55000900097164,2020-10-14,1,9,0.44748187
55000900097164,2020-10-15,1,9,0.9749647
55000900097164,2020-10-16,1,9,0.9992466
55000900097164,2020-10-17,1,9,0.9998049
55000900097164,2020-10-18,1,9,0.99572694
55000900097164,2020-10-19,1,9,0.9985019
55000900097164,2020-10-20,1,0,0.99919325
55000900097164,2020-10-21,1,0,0.99999
55000900097169,2020-09-11,0,9,0.003836673
55000900097169,2020-09-12,0,9,0.0040607485
55000900097169,2020-09-13,0,9,0.0038730595
55000900097169,2020-09-14,0,9,0.0038584743
55000900097169,2020-09-15,0,9,0.0041714227
55000900097169,2020-09-16,0,9,0.003696416
55000900097169,2020-09-17,0,9,0.004407087
55000900097169,2020-09-18,0,9,0.002996878
55000900097169,2020-09-19,0,9,0.0035868152
55000900097169,2020-09-20,0,9,0.0034384537
55000900097169,2020-09-21,0,9,0.00421543
55000900097169,2020-09-22,0,9,0.00419429
55000900097169,2020-09-23,0,9,0.0038982816
55000900097169,2020-09-24,0,9,0.003672038
55000900097169,2020-09-25,0,9,0.0036795875
55000900097169,2020-09-26,0,9,0.00058198767
55000900097169,2020-09-27,0,9,0.003116556
55000900097169,2020-09-28,0,9,0.00030488407
55000900097169,2020-09-29,0,9,0.0027050092
55000900097169,2020-09-30,0,9,0.003326588
55000900097169,2020-10-01,0,9,0.003116626
55000900097169,2020-10-02,0,9,0.0032098712
55000900097169,2020-10-03,0,9,0.0034851313
55000900097169,2020-10-04,0,9,0.003762224
55000900097169,2020-10-05,0,9,0.0033785948
55000900097169,2020-10-06,0,9,0.003081131
55000900097169,2020-10-07,0,9,0.0028349117
55000900097169,2020-10-08,0,9,0.0031001496
55000900097169,2020-10-09,0,9,0.0044988706
55000900097169,2020-10-10,1,9,0.0039199404
55000900097169,2020-10-11,1,9,0.0026880926
55000900097169,2020-10-12,1,9,0.0034260286
55000900097169,2020-10-13,1,9,0.00045605047
55000900097169,2020-10-14,1,9,0.00290548
55000900097169,2020-10-15,1,9,0.0048217913
55000900097169,2020-10-16,0,9,0.0009869194
55000900097169,2020-10-17,0,9,0.005001812
55000900097169,2020-10-18,0,9,0.0037048357
55000900097169,2020-10-19,0,9,0.0034352755
55000900097169,2020-10-20,0,0,0.0035601298
55000900097169,2020-10-21,0,0,0.0063380473
55000900097170,2020-09-11,0,9,6.155344e-05
55000900097170,2020-09-12,0,9,7.582179e-05
55000900097170,2020-09-13,0,9,5.5946508e-05
55000900097170,2020-09-14,0,9,3.136531e-05
55000900097170,2020-09-15,0,9,4.3782362e-05
55000900097170,2020-09-16,0,9,9.3473725e-05
55000900097170,2020-09-17,0,9,8.161048e-05
55000900097170,2020-09-18,0,9,0.0002693705
55000900097170,2020-09-19,0,9,7.7472774e-05
55000900097170,2020-09-20,0,9,7.3129e-05
55000900097170,2020-09-21,0,9,0.0006636015
55000900097170,2020-09-22,0,9,0.0042939107
55000900097170,2020-09-23,0,9,0.014488245
55000900097170,2020-09-24,0,9,0.0016228681
55000900097170,2020-09-26,0,9,0.0005689676
55000900097170,2020-09-27,0,9,0.43498456
55000900097170,2020-09-28,0,9,0.9996805
55000900097170,2020-09-29,0,9,0.9999646
55000900097170,2020-09-30,0,9,0.9998735
55000900097170,2020-10-01,0,9,0.8804585
55000900097170,2020-10-02,0,9,0.0015269594
55000900097170,2020-10-03,0,9,0.00040452124
55000900097170,2020-10-04,0,9,0.00024387865
55000900097170,2020-10-05,0,9,0.00016162777
55000900097170,2020-10-06,0,9,0.00017265107
55000900097170,2020-10-07,0,9,9.032344e-05
55000900097170,2020-10-08,0,9,0.00015054888
55000900097170,2020-10-09,0,9,0.00013894474
55000900097170,2020-10-10,0,9,0.00013904905
55000900097170,2020-10-11,0,9,0.00029339662
55000900097170,2020-10-12,0,9,0.00091834407
55000900097170,2020-10-13,1,9,0.7472062
55000900097170,2020-10-14,0,9,0.9999759
55000900097170,2020-10-15,0,9,0.9998865
55000900097170,2020-10-16,0,9,0.9999937
55000900097170,2020-10-17,0,9,0.9999975
55000900097170,2020-10-18,0,9,0.9999931
55000900097170,2020-10-19,0,9,0.9999895
55000900097170,2020-10-20,0,9,0.99999976
55000900097170,2020-10-21,0,9,0.9999988
55000900097170,2020-10-22,0,9,0.99999964
55000900097170,2020-10-23,0,9,0.9999981
55000900097170,2020-10-24,0,9,0.99999905
55000900097170,2020-10-25,1,9,0.9999957
55000900097170,2020-10-26,0,9,0.9999988
55000900097170,2020-10-27,0,0,0.9999995
55000900097170,2020-10-28,0,0,0.9999989
55000900098500,2020-09-11,1,0,0.99968755
55000900098500,2020-09-12,1,0,0.9994229
55000900098500,2020-09-13,1,0,0.99955004
55000900098500,2020-09-14,1,0,0.9995363
55000900098500,2020-09-15,1,0,0.99954104
55000900098500,2020-09-16,1,0,0.99916065
55000900098500,2020-09-17,1,0,0.9989919
55000900098500,2020-09-18,1,0,0.9987047
55000900098500,2020-09-19,1,0,0.9979279
55000900098500,2020-09-20,1,0,0.9974444
55000900098500,2020-09-21,1,0,0.99543387
55000900098500,2020-09-22,1,0,0.99346524
55000900098500,2020-09-23,1,0,0.99785304
55000900098500,2020-09-24,1,0,0.9970976
55000900098500,2020-09-25,1,0,0.9973947
55000900098500,2020-09-26,1,0,0.99955004
55000900098500,2020-09-27,1,0,0.99993837
55000900098500,2020-09-28,1,0,0.99997354
55000900098500,2020-09-29,1,0,0.9999944
55000900098500,2020-09-30,1,0,0.9999801
55000900098500,2020-10-01,1,0,0.9998627
55000900098500,2020-10-02,1,0,0.99985266
55000900098500,2020-10-03,1,0,0.99983644
55000900098500,2020-10-04,1,0,0.9998641
55000900098500,2020-10-05,1,0,0.99983156
55000900098500,2020-10-06,1,0,0.9999405
55000900098500,2020-10-07,1,0,0.9999536
55000900098500,2020-10-08,1,0,0.99991727
55000900098500,2020-10-09,1,0,0.9955231
55000900098500,2020-10-10,1,0,0.99942327
55000900098500,2020-10-11,1,0,0.9582474
55000900098500,2020-10-12,1,0,0.97379476
55000900098500,2020-10-13,1,0,0.99995136
55000900098500,2020-10-14,1,0,0.99997044
55000900098500,2020-10-15,1,0,0.9999621
55000900098500,2020-10-16,1,0,0.9998691
55000900098500,2020-10-17,1,0,0.9999695
55000900098500,2020-10-18,1,0,0.9999465
55000900098500,2020-10-19,1,0,0.99981445
55000900098500,2020-10-20,1,0,0.9997731
55000900098500,2020-10-21,1,0,0.9997675
55000900098500,2020-10-22,1,0,0.9996674
55000900098500,2020-10-23,1,0,0.9996723
55000900098500,2020-10-24,1,0,0.99983895
55000900098500,2020-10-25,1,0,0.9999757
55000900098500,2020-10-26,1,0,0.9999789
55000900098500,2020-10-27,1,0,0.99994016
55000900098500,2020-10-28,1,0,0.99998057
55000900098500,2020-10-29,1,0,0.99998236
55000900098500,2020-10-30,1,0,0.99996054
55000900098500,2020-10-31,1,0,0.999879
55000900098500,2020-11-01,1,0,0.9998369
55000900098500,2020-11-02,1,0,0.99996865
55000900098500,2020-11-03,1,0,0.9999237
55000900098500,2020-11-04,1,0,0.9997913
55000900098500,2020-11-05,1,0,0.9996685
55000900098500,2020-11-06,1,0,0.999936
55000900098500,2020-11-07,1,0,0.9999809
55000900098500,2020-11-08,1,0,0.99994814
55000900098500,2020-11-09,1,0,0.99997723
55000900098500,2020-11-10,1,0,0.9999646
55000900098500,2020-11-11,1,0,0.999966
55000900098500,2020-11-12,1,0,0.9999571
55000900098500,2020-11-13,1,0,0.9999025
55000900098500,2020-11-14,1,0,0.9998969
55000900098500,2020-11-15,1,0,0.99990904
55000900098500,2020-11-16,1,0,0.9998685
55000900098500,2020-11-17,1,0,0.9999763
55000900098500,2020-11-18,1,0,0.9999802
55000900098500,2020-11-19,1,0,0.9999728
55000900098500,2020-11-20,1,0,0.99997175
55000900098500,2020-11-21,1,0,0.999936
55000900098500,2020-11-22,1,0,0.9999957
55000900098500,2020-11-23,1,0,0.9999968
55000900098500,2020-11-24,1,0,0.9999914
55000900098500,2020-11-25,1,0,0.99997556
55000900098500,2020-11-26,1,0,0.99993503
55000900098500,2020-11-27,1,0,0.99996734
55000900098500,2020-11-28,1,0,0.99999607
55000900098500,2020-11-29,1,0,0.99999523
55000900098500,2020-11-30,1,0,0.9999943
55000900098500,2020-12-01,1,0,0.999987
55000900099610,2020-09-11,1,9,0.99985456
55000900099610,2020-09-12,1,9,0.9974349
55000900099610,2020-09-13,1,9,0.9990569
55000900099610,2020-09-14,1,9,0.9971711
55000900099610,2020-09-15,1,9,0.9939697
55000900099610,2020-09-16,1,9,0.9949942
55000900099610,2020-09-17,1,9,0.9956138
55000900099610,2020-09-18,1,9,0.9550967
55000900099610,2020-09-19,1,9,0.9901636
55000900099610,2020-09-20,1,9,0.99548364
55000900099610,2020-09-21,1,9,0.9999808
55000900099610,2020-09-22,1,9,0.999992
55000900099610,2020-09-24,1,9,0.99999774
55000900099610,2020-09-25,1,9,0.9999975
55000900099610,2020-09-26,1,9,0.9999982
55000900099610,2020-09-27,1,9,0.99999785
55000900099610,2020-09-28,1,9,0.9999957
55000900099610,2020-09-29,1,9,0.9999964
55000900099610,2020-09-30,1,9,0.99999833
55000900099610,2020-10-01,1,9,0.99999857
55000900099610,2020-10-02,1,9,0.9999994
55000900099610,2020-10-03,1,9,0.9999969
55000900099610,2020-10-04,1,9,0.9999927
55000900099610,2020-10-05,1,9,0.99999845
55000900099610,2020-10-06,1,9,0.9999981
55000900099610,2020-10-07,1,9,0.9999989
55000900099610,2020-10-08,1,9,0.99999857
55000900099610,2020-10-09,1,9,0.99999857
55000900099610,2020-10-10,1,9,0.9999988
55000900099610,2020-10-11,1,9,0.99999917
55000900099610,2020-10-12,1,9,0.9999994
55000900099610,2020-10-13,1,9,0.99999785
55000900099610,2020-10-14,1,9,0.9999949
55000900099610,2020-10-15,1,9,0.9999924
55000900099610,2020-10-16,1,9,0.99999774
55000900099610,2020-10-17,1,9,0.9999974
55000900099610,2020-10-18,1,0,0.9999987
55000900099610,2020-10-19,1,0,0.999998
55000900100137,2020-09-11,0,9,0.0005498567
55000900100137,2020-09-12,0,9,0.0037479945
55000900100137,2020-09-13,0,9,0.0054653
55000900100137,2020-09-14,0,9,0.014540136
55000900100137,2020-09-15,0,9,0.013983724
55000900100137,2020-09-16,0,9,0.019735815
55000900100137,2020-09-17,0,9,0.0070618824
55000900100137,2020-09-18,0,9,0.015013196
55000900100137,2020-09-19,0,9,0.00889697
55000900100137,2020-09-20,0,9,0.028218267
55000900100137,2020-09-21,0,9,0.011964169
55000900100137,2020-09-22,0,9,0.0049915235
55000900100137,2020-09-23,0,9,0.006241026
55000900100137,2020-09-24,0,9,0.013307812
55000900100137,2020-09-25,0,9,0.020461356
55000900100137,2020-09-26,0,9,0.035398476
55000900100137,2020-09-27,0,9,0.026472924
55000900100137,2020-09-28,0,9,0.0048777135
55000900100137,2020-09-29,0,9,0.0012451564
55000900100137,2020-09-30,0,9,0.0032609955
55000900100137,2020-10-01,0,9,0.0033024645
55000900100137,2020-10-02,0,9,0.00289905
55000900100137,2020-10-03,0,9,0.0031556422
55000900100137,2020-10-04,0,9,0.007018771
55000900100137,2020-10-05,0,9,0.0030736625
55000900100137,2020-10-06,0,9,0.0020576555
55000900100137,2020-10-07,0,9,0.0017393644
55000900100137,2020-10-08,0,9,0.0014091616
55000900100137,2020-10-09,0,9,0.0011380174
55000900100137,2020-10-10,0,9,0.00090456865
55000900100137,2020-10-11,1,9,0.0018277351
55000900100137,2020-10-12,1,9,0.0018616439
55000900100137,2020-10-13,1,9,0.09716069
55000900100137,2020-10-14,1,9,0.9982048
55000900100137,2020-10-16,0,9,0.97237307
55000900100137,2020-10-17,0,9,0.99981993
55000900100137,2020-10-18,0,9,0.99928963
55000900100137,2020-10-19,0,0,0.73120904
55000900100137,2020-10-20,0,0,0.0061366116
55000900130309,2020-09-11,1,0,0.9955172
55000900130309,2020-09-12,1,0,0.99401253
55000900130309,2020-09-13,1,0,0.9975472
55000900130309,2020-09-14,1,0,0.9979233
55000900130309,2020-09-15,1,0,0.9996088
55000900130309,2020-09-16,1,0,0.9405929
55000900130309,2020-09-17,1,0,0.996228
55000900130309,2020-09-18,1,0,0.9988167
55000900130309,2020-09-19,1,0,0.9981634
55000900130309,2020-09-20,1,0,0.9996469
55000900130309,2020-09-21,1,0,0.9998462
55000900130309,2020-09-22,1,0,0.99995375
55000900130309,2020-09-23,1,0,0.999984
55000900130309,2020-09-24,1,0,0.99998844
55000900130309,2020-09-25,1,0,0.999992
55000900130309,2020-09-26,1,0,0.9999949
55000900130309,2020-09-27,1,0,0.99999726
55000900130309,2020-09-28,1,0,0.9999994
55000900130309,2020-09-29,1,0,0.99999964
55000900130309,2020-09-30,1,0,0.99999833
55000900130309,2020-10-01,1,0,0.9999993
55000900130309,2020-10-02,1,0,0.9999969
55000900130309,2020-10-03,1,0,0.99999917
55000900130309,2020-10-04,1,0,0.9999987
55000900130309,2020-10-05,1,0,0.9999982
55000900130309,2020-10-06,1,0,0.99999964
55000900130309,2020-10-07,1,0,0.9999995
55000900130309,2020-10-08,1,0,0.9999993
55000900130309,2020-10-09,1,0,0.99999785
55000900130309,2020-10-10,1,0,0.9999995
55000900130309,2020-10-11,1,0,0.99999917
55000900130309,2020-10-12,1,0,0.99999964
55000900130309,2020-10-13,1,0,0.99999964
55000900130309,2020-10-14,1,0,0.9999995
55000900130309,2020-10-15,1,0,0.99999976
55000900130309,2020-10-16,1,0,0.99999976
55000900130309,2020-10-17,1,0,0.99999964
55000900130309,2020-10-18,1,0,0.9999995
55000900130309,2020-10-19,1,0,0.9999993
55000900130309,2020-10-20,1,0,0.99999976
55000900130309,2020-10-21,1,0,0.99999964
55000900130309,2020-10-22,1,0,0.99999964
55000900130309,2020-10-23,1,0,0.99999976
55000900130309,2020-10-24,1,0,0.9999995
55000900130309,2020-10-25,1,0,0.99999964
55000900130309,2020-10-26,1,0,0.99999976
55000900130309,2020-10-27,1,0,0.99999976
55000900130309,2020-10-28,1,0,0.99999964
55000900130309,2020-10-29,1,0,0.99999905
55000900130309,2020-10-30,1,0,0.9999989
55000900130309,2020-10-31,1,0,0.99999857
55000900130309,2020-11-01,1,0,0.99999964
55000900130309,2020-11-02,1,0,0.9999989
55000900130309,2020-11-03,1,0,0.9999995
55000900130309,2020-11-04,1,0,0.9999999
55000900130309,2020-11-05,1,0,0.9999999
55000900130309,2020-11-06,1,0,0.9999994
55000900130309,2020-11-07,1,0,0.9999993
55000900130309,2020-11-08,1,0,0.99999917
55000900130309,2020-11-09,1,0,0.99999905
55000900130309,2020-11-10,1,0,0.9999987
55000900130309,2020-11-11,1,0,0.9999995
55000900130309,2020-11-12,1,0,0.99999964
55000900130309,2020-11-13,1,0,0.9999995
55000900130309,2020-11-14,1,0,0.99999964
55000900130309,2020-11-15,1,0,0.99999964
55000900130309,2020-11-16,1,0,0.9999995
55000900130309,2020-11-17,1,0,0.9999995
55000900130309,2020-11-18,1,0,0.99999964
55000900130309,2020-11-19,1,0,0.99999964
55000900130309,2020-11-20,1,0,0.9999994
55000900130309,2020-11-21,1,0,0.99999964
55000900130309,2020-11-22,1,0,0.99999964
55000900130309,2020-11-23,1,0,0.99999976
55000900130309,2020-11-24,1,0,0.9999995
55000900130309,2020-11-25,1,0,0.99999964
55000900130309,2020-11-26,1,0,0.99999964
55000900130309,2020-11-27,1,0,0.99999964
55000900130309,2020-11-28,1,0,0.99999964
55000900130309,2020-11-29,1,0,0.99999976
55000900130309,2020-11-30,1,0,0.99999976
55000900130309,2020-12-01,1,0,0.99999976
55000900130309,2020-12-03,1,0,0.99999905
55000900130309,2020-12-04,1,0,0.99999964
55000900130309,2020-12-05,1,0,0.99999964
55000900130309,2020-12-06,1,0,0.99999976
55000900130309,2020-12-07,1,0,0.99999976
55000900130309,2020-12-08,1,0,0.99999976
55000900130309,2020-12-09,1,0,0.99999976
55000900130309,2020-12-10,1,0,0.9999999
55000900130309,2020-12-11,1,0,0.99999964
55000900130309,2020-12-12,1,0,0.99999976
55000900130309,2020-12-13,1,0,0.99999964
55000900130309,2020-12-14,1,0,0.99999976
55000900130309,2020-12-15,1,0,0.99999964
55000900130309,2020-12-16,1,0,0.99999964
55000900130309,2020-12-18,1,0,0.99999964
55000900130309,2020-12-19,1,0,0.99999976
55000900130309,2020-12-20,1,0,0.99999976
55000900130309,2020-12-21,1,0,0.99999964
55000900130309,2020-12-22,1,0,0.99999964
55000900130309,2020-12-23,1,0,0.99999964
55000900130309,2020-12-24,1,0,0.9999994
55000900130309,2020-12-25,1,0,0.99999976
55000900130309,2020-12-26,1,0,0.9999993
55000900130309,2020-12-27,1,0,0.99999976
55000900130309,2020-12-28,1,0,0.99999976
55000900130309,2020-12-29,1,0,0.99999964
55000900130309,2020-12-30,1,0,0.99999976
55000900130309,2020-12-31,1,0,0.9999993
55000900130309,2021-01-01,1,0,0.99999976
55000900130309,2021-01-02,1,0,0.9999995
55000900130309,2021-01-03,1,0,0.99999964
55000900130309,2021-01-04,1,0,0.99999964
55000900130309,2021-01-05,1,0,0.99999964
55000900130309,2021-01-06,1,0,0.99999964
55000900130309,2021-01-07,1,0,0.9999995
55000900130309,2021-01-08,1,0,0.99999976
55000900130309,2021-01-09,1,0,0.99999964
55000900130309,2021-01-10,1,0,0.99999964
55000900130309,2021-01-11,1,0,0.99999976
55000900130309,2021-01-12,1,0,0.99999964
55000900130309,2021-01-13,1,0,0.99999976
55000900130309,2021-01-14,1,0,0.99999976
55000900130309,2021-01-15,1,0,0.99999976
55000900130309,2021-01-16,1,0,0.99999976
55000900130309,2021-01-17,1,0,0.99999976
55000900130309,2021-01-18,1,0,0.99999976
55000900130309,2021-01-19,1,0,0.99999964
55000900130309,2021-01-20,1,0,0.9999995
55000900130309,2021-01-21,1,0,0.99999964
55000900130309,2021-01-22,1,0,0.99999964
55000900130309,2021-01-23,1,0,0.99999976
55000900130309,2021-01-24,1,0,0.99999964
55000900130309,2021-01-25,1,0,0.9999995
55000900130309,2021-01-26,1,0,0.99999976
55000900130309,2021-01-27,1,0,0.99999976
55000900130309,2021-01-28,1,0,0.9999995
55000900130309,2021-01-29,1,0,0.9999993
55000900130309,2021-01-30,1,0,0.99999964
55000900130309,2021-01-31,1,0,0.99999964
55000900130309,2021-02-01,1,0,0.99999976
55000900130309,2021-02-02,1,0,0.99999976
55000900130309,2021-02-03,1,0,0.99999976
55000900130309,2021-02-04,1,0,0.99999976
55000900130309,2021-02-05,1,0,0.99999976
55000900130309,2021-02-06,1,0,0.99999976
55000900130309,2021-02-07,1,0,0.99999976
55000900130309,2021-02-08,1,0,0.99999976
55000900130309,2021-02-09,1,0,0.99999976
55000900130309,2021-02-10,1,0,0.99999976
55000900130309,2021-02-11,1,0,0.99999976
55000900130309,2021-02-12,1,0,0.99999976
55000900130309,2021-02-13,1,0,0.99999976
55000900130309,2021-02-14,1,0,0.99999976
55000900130309,2021-02-15,1,0,0.99999976
55000900130309,2021-02-16,1,0,0.99999976
55000900130309,2021-02-17,1,0,0.99999976
55000900130309,2021-02-18,1,0,0.99999976
55000900130309,2021-02-19,1,0,0.99999976
55000900130309,2021-02-20,1,0,0.99999976
55000900130309,2021-02-21,1,0,0.99999976
55000900130309,2021-02-22,1,0,0.99999976
55000900130309,2021-02-23,1,0,0.99999976
55000900130309,2021-02-24,1,0,0.99999976
55000900130309,2021-02-25,1,0,0.99999976
55000900130309,2021-02-26,1,0,0.99999976
55000900130309,2021-02-27,1,0,0.99999976
55000900130309,2021-02-28,1,0,0.99999976
55000900130309,2021-03-01,1,0,0.99999976
55000900130309,2021-03-02,1,0,0.99999976
55000900130309,2021-03-03,1,0,0.99999976
55000900130309,2021-03-04,1,0,0.99999976
55000900130309,2021-03-05,1,0,0.99999976
55000900130309,2021-03-06,1,0,0.99999976
55000900130309,2021-03-07,1,0,0.99999976
55000900130309,2021-03-08,1,0,0.99999976
55000900130309,2021-03-09,1,0,0.99999976
55000900130309,2021-03-10,1,0,0.99999976
55000900130309,2021-03-11,1,0,0.99999976
55000900130309,2021-03-12,1,0,0.99999976
55000900130309,2021-03-13,1,0,0.99999976
55000900130309,2021-03-15,1,0,0.99999976
55000900130309,2021-03-16,1,0,0.99999976
55000900130309,2021-03-17,1,0,0.99999976
55000900130309,2021-03-18,1,0,0.99999976
55000900130309,2021-03-19,1,0,0.99999976
55000900130309,2021-03-20,1,0,0.99999976
55000900130309,2021-03-21,1,0,0.99999976
55000900130309,2021-03-22,1,0,0.99999976
55000900130309,2021-03-23,1,0,0.99999976
55000900130309,2021-03-24,1,0,0.99999976
55000900130309,2021-03-25,1,0,0.99999976
55000900130309,2021-03-26,1,0,0.99999976
55000900130309,2021-03-27,1,0,0.99999976
55000900130309,2021-03-28,1,0,0.99999976
55000900130309,2021-03-29,1,0,0.99999976
55000900130309,2021-03-30,1,0,0.99999976
55000900130309,2021-03-31,1,0,0.99999976
55000900130309,2021-04-01,1,0,0.99999976
55000900130309,2021-04-02,1,0,0.99999976
55000900130309,2021-04-03,1,0,0.99999976
55000900130309,2021-04-04,1,0,0.99999976
55000900130309,2021-04-05,1,0,0.99999976
55000900130309,2021-04-06,1,0,0.99999976
55000900130309,2021-04-07,1,0,0.99999976
55000900130309,2021-04-08,1,0,0.99999976
55000900130309,2021-04-09,1,0,0.99999976
55000900130309,2021-04-10,1,0,0.99999976
55000900130309,2021-04-11,1,0,0.99999976
55000900130309,2021-04-12,1,0,0.99999976
55000900130309,2021-04-13,1,0,0.99999976
55000900130309,2021-04-14,1,0,0.99999976
55000900130309,2021-04-15,1,0,0.99999976
55000900130309,2021-04-16,1,0,0.99999976
55000900130309,2021-04-17,1,0,0.99999976
55000900130309,2021-04-18,1,0,0.99999976
55000900130309,2021-04-19,1,0,0.99999976
55000900130309,2021-04-20,1,0,0.99999976
55000900130309,2021-04-21,1,0,0.99999976
55000900130309,2021-04-22,1,0,0.99999976
55000900130309,2021-04-23,1,0,0.99999976
55000900130309,2021-04-24,1,0,0.99999976
55000900130309,2021-04-25,1,0,0.99999976
55000900130309,2021-04-26,1,0,0.99999976
55000900130309,2021-04-27,1,0,0.99999976
55000900130309,2021-04-28,1,0,0.99999976
55000900130309,2021-04-29,1,0,0.99999976
55000900130309,2021-04-30,1,0,0.99999976
55000900130309,2021-05-01,1,0,0.99999976
55000900130309,2021-05-02,1,0,0.99999976
55000900130309,2021-05-03,1,0,0.99999976
55000900130309,2021-05-04,1,0,0.99999976
55000900130309,2021-05-05,1,0,0.99999976
55000900130309,2021-05-06,1,0,0.99999976
55000900130309,2021-05-07,1,0,0.99999976
55000900130309,2021-05-08,1,0,0.99999976
55000900130309,2021-05-09,1,0,0.99999976
55000900130309,2021-05-10,1,0,0.99999976
55000900130309,2021-05-11,1,0,0.99999976
55000900130309,2021-05-12,1,0,0.99999976
55000900130309,2021-05-13,1,0,0.99999976
55000900130309,2021-05-14,1,0,0.99999976
55000900130309,2021-05-15,1,0,0.99999976
55000900130309,2021-05-16,1,0,0.99999976
55000900130309,2021-05-17,1,0,0.99999976
55000900130309,2021-05-18,1,0,0.99999976
55000900130309,2021-05-19,1,0,0.99999976
55000900130309,2021-05-20,1,0,0.99999976
55000900130309,2021-05-21,1,0,0.99999976
55000900130309,2021-05-22,1,0,0.99999976
55000900130309,2021-05-23,1,0,0.99999976
55000900130309,2021-05-24,1,0,0.99999976
55000900130309,2021-05-25,1,0,0.99999976
55000900130309,2021-05-26,1,0,0.99999976
55000900130309,2021-05-27,1,0,0.99999976
55000900130309,2021-05-28,1,0,0.99999976
55000900130309,2021-05-29,1,0,0.99999976
55000900130309,2021-05-30,1,0,0.99999976
55000900130309,2021-05-31,1,0,0.99999976
55000900130309,2021-06-01,1,0,0.99999976
55000900130309,2021-06-02,1,0,0.99999976
55000900130309,2021-06-03,1,0,0.99999976
55000900130309,2021-06-04,1,0,0.99999976
55000900130309,2021-06-05,1,0,0.99999976
55000900130309,2021-06-06,1,0,0.99999976
55000900130309,2021-06-07,1,0,0.99999976
55000900130309,2021-06-08,1,0,0.99999976
55000900130309,2021-06-09,1,0,0.99999976
55000900130309,2021-06-10,1,0,0.99999976
55000900130309,2021-06-11,1,0,0.99999976
55000900130309,2021-06-12,1,0,0.99999976
55000900130309,2021-06-13,1,0,0.99999976
55000900130309,2021-06-14,1,0,0.99999976
55000900130309,2021-06-15,1,0,0.99999976
55000900130309,2021-06-16,1,0,0.99999976
55000900130309,2021-06-17,1,0,0.99999976
55000900130309,2021-06-18,1,0,0.99999976
55000900130309,2021-06-19,1,0,0.99999976
55000900130309,2021-06-20,1,0,0.99999976
55000900130309,2021-06-21,1,0,0.99999976
55000900130309,2021-06-22,1,0,0.99999976
55000900130309,2021-06-23,1,0,0.99999976
55000900130309,2021-06-24,1,0,0.99999976
55000900130309,2021-06-25,1,0,0.99999976
55000900130309,2021-06-26,1,0,0.99999976
55000900130309,2021-06-27,1,0,0.99999976
55000900130309,2021-06-28,1,0,0.99999976
55000900130309,2021-06-29,1,0,0.99999976
55000900130309,2021-06-30,1,0,0.99999976
55000900130309,2021-07-01,1,0,0.99999976
55000900130309,2021-07-02,1,0,0.99999976
55000900130309,2021-07-03,1,0,0.99999976
55000900130309,2021-07-04,1,0,0.99999976
55000900130309,2021-07-05,1,0,0.99999976
55000900130309,2021-07-06,1,0,0.99999976
55000900130309,2021-07-07,1,0,0.99999976
55000900130309,2021-07-08,1,0,0.99999976
55000900130309,2021-07-09,1,0,0.99999976
55000900130309,2021-07-10,1,0,0.99999976
55000900130309,2021-07-11,1,0,0.99999976
55000900130309,2021-07-12,1,0,0.99999976
55000900130309,2021-07-13,1,0,0.99999976
55000900130309,2021-07-14,1,0,0.99999976
55000900130309,2021-07-15,1,0,0.99999976
55000900130309,2021-07-16,1,0,0.99999976
55000900130309,2021-07-20,1,0,0.99999976
55000900130309,2021-07-21,1,0,0.99999976
55000900130309,2021-07-22,1,0,0.99999976
55000900130309,2021-07-23,1,0,0.99999976
55000900130309,2021-07-24,1,0,0.99999976
55000900130309,2021-07-25,1,0,0.99999976
55000900130309,2021-07-26,1,0,0.99999976
55000900130309,2021-07-27,1,0,0.99999976
55000900130309,2021-07-28,1,0,0.99999976
55000900130309,2021-07-29,1,0,0.99999976
55000900130309,2021-07-30,1,0,0.99999976
55000900130309,2021-07-31,1,0,0.99999976
55000900130309,2021-08-01,1,0,0.99999976
55000900130309,2021-08-02,1,0,0.99999976
55000900130309,2021-08-03,1,0,0.99999976
55000900130309,2021-08-04,1,0,0.99999976
55000900130309,2021-08-05,1,0,0.99999976
55000900130309,2021-08-06,1,0,0.99999976
55000900130309,2021-08-07,1,0,0.99999976
55000900130309,2021-08-08,1,0,0.99999976
55000900130309,2021-08-09,1,0,0.99999976
55000900130309,2021-08-10,1,0,0.99999976
55000900130309,2021-08-11,1,0,0.99999976
55000900130309,2021-08-12,1,0,0.99999976
55000900130309,2021-08-13,1,0,0.99999976
55000900130309,2021-08-14,1,0,0.99999976
55000900130309,2021-08-15,1,0,0.99999976
55000900130309,2021-08-16,1,0,0.99999976
55000900130309,2021-08-25,1,0,0.99999976
55000900130309,2021-08-26,1,0,0.99999976
55000900130309,2021-08-27,1,0,0.99999976
55000900130309,2021-08-28,1,0,0.99999976
55000900130309,2021-08-29,1,0,0.99999976
55000900130309,2021-08-30,1,0,0.99999976
55000900130309,2021-08-31,1,0,0.99999976
55000900130309,2021-09-01,1,0,0.99999976
55000900130309,2021-09-02,1,0,0.99999976
55000900130309,2021-09-03,1,0,0.99999976
55000900130309,2021-09-04,1,0,0.99999976
55000900130309,2021-09-05,1,0,0.99999976
55000900130309,2021-09-06,1,0,0.99999976
55000900130309,2021-09-07,1,0,0.99999976
55000900130309,2021-09-08,1,0,0.99999976
55000900130309,2021-09-09,1,0,0.99999976
55000900130309,2021-09-10,1,0,0.99999976
55000900130309,2021-09-11,1,0,0.99999976
55000900130309,2021-09-12,1,0,0.99999976
55000900130309,2021-09-13,1,0,0.99999976
55000900130309,2021-09-14,1,0,0.99999976
55000900130309,2021-09-15,1,0,0.99999976
55000900130309,2021-09-16,1,0,0.99999976
55000900130309,2021-09-17,1,0,0.99999976
55000900130309,2021-09-18,1,0,0.99999976
55000900130309,2021-09-19,1,0,0.99999976
55000900130309,2021-09-20,1,0,0.99999976
55000900130309,2021-09-21,1,0,0.99999976
55000900130309,2021-09-22,1,0,0.99999976
55000900130309,2021-09-23,1,0,0.99999976
55000900130309,2021-09-24,1,0,0.99999976
55000900130309,2021-09-25,1,0,0.99999976
55000900130309,2021-09-26,1,0,0.99999976
55000900130309,2021-09-27,1,0,0.99999976
55000900130309,2021-09-28,1,0,0.99999976
55000900130309,2021-09-29,1,0,0.99999976
55000900130309,2021-09-30,1,0,0.99999976
55000900130309,2021-10-01,1,0,0.99999976
55000900130309,2021-10-02,1,0,0.99999976
55000900130309,2021-10-03,1,0,0.99999976
55000900130309,2021-10-04,1,0,0.99999976
55000900130309,2021-10-05,1,0,0.99999976
55000900130309,2021-10-06,1,0,0.99999976
55000900130309,2021-10-07,1,0,0.99999976
55000900130309,2021-10-08,1,0,0.99999976
55000900130309,2021-10-09,1,0,0.99999976
55000900130309,2021-10-10,1,0,0.99999976
55000900130309,2021-10-11,1,0,0.99999976
55000900130309,2021-10-12,1,0,0.99999976
55000900130309,2021-10-13,1,0,0.99999976
55000900130309,2021-10-14,1,0,0.99999976
55000900130309,2021-10-15,1,0,0.99999976
55000900130309,2021-10-16,1,0,0.99999976
55000900130309,2021-10-17,1,0,0.99999976
55000900130309,2021-10-18,1,0,0.99999976
55000900130309,2021-10-19,1,0,0.99999976
55000900130309,2021-10-20,1,0,0.99999976
55000900130309,2021-10-21,1,0,0.99999976
55000900130309,2021-10-22,1,0,0.99999976
55000900130309,2021-10-23,1,0,0.99999976
55000900130309,2021-10-24,1,0,0.99999976
55000900130309,2021-10-25,1,0,0.99999976
55000900130309,2021-10-26,1,0,0.99999976
55000900130309,2021-10-27,1,0,0.99999976
55000900130309,2021-10-28,1,0,0.99999976
55000900130309,2021-10-29,1,0,0.99999976
55000900130309,2021-10-30,1,0,0.99999976
55000900130309,2021-10-31,1,0,0.99999976
55000900130309,2021-11-01,1,0,0.99999976
55000900130309,2021-11-02,1,0,0.99999976
55000900130309,2021-11-03,1,0,0.99999976
55000900130309,2021-11-04,1,0,0.99999976
55000900130309,2021-11-05,1,0,0.99999976
55000900130309,2021-11-06,1,0,0.99999976
55000900130309,2021-11-07,1,0,0.99999976
55000900130309,2021-11-08,1,0,0.99999976
55000900130309,2021-11-09,1,0,0.99999976
55000900130309,2021-11-10,1,0,0.99999976
55000900130309,2021-11-11,1,0,0.99999976
55000900130309,2021-11-12,1,0,0.99999976
55000900130309,2021-11-13,1,0,0.99999976
55000900130309,2021-11-14,1,0,0.99999976
55000900130309,2021-11-15,1,0,0.99999976
55000900130309,2021-11-16,1,0,0.99999976
55000900130309,2021-11-17,1,0,0.99999976
55000900130309,2021-11-18,1,0,0.99999976
55000900130309,2021-11-19,1,0,0.99999976
55000900130309,2021-11-20,1,0,0.99999976
55000900130309,2021-11-21,1,0,0.99999976
55000900130309,2021-11-22,1,0,0.99999976
55000900130309,2021-11-23,1,0,0.99999976
55000900130309,2021-11-24,1,0,0.99999976
55000900130309,2021-11-25,1,0,0.99999976
55000900130309,2021-11-26,1,0,0.99999976
55000900130309,2021-11-27,1,0,0.99999976
55000900130309,2021-11-28,1,0,0.99999976
55000900130309,2021-11-29,1,0,0.99999976
55000900130309,2021-11-30,1,0,0.99999976
55000900130309,2021-12-01,1,0,0.99999976
55000900130309,2021-12-02,1,0,0.99999976
55000900130309,2021-12-03,1,0,0.99999976
55000900130309,2021-12-04,1,0,0.99999976
55000900130309,2021-12-05,1,0,0.99999976
55000900130309,2021-12-06,1,0,0.99999976
55000900130309,2021-12-07,1,0,0.99999976
55000900130309,2021-12-08,1,0,0.99999976
55000900130309,2021-12-09,1,0,0.99999976
55000900130309,2021-12-10,1,0,0.99999976
55000900130309,2021-12-11,1,0,0.99999976
55000900130309,2021-12-12,1,0,0.99999976
55000900130309,2021-12-13,1,0,0.99999976
55000900130309,2021-12-14,1,0,0.99999976
55000900130309,2021-12-15,1,0,0.99999976
55000900130309,2021-12-16,1,0,0.99999976
55000900130309,2021-12-17,1,0,0.99999976
55000900130309,2021-12-18,1,0,0.99999976
55000900130309,2021-12-19,1,0,0.99999976
55000900130309,2021-12-20,1,0,0.99999976
55000900130309,2021-12-21,1,0,0.99999976
55000900130309,2021-12-22,1,0,0.99999976
55000900130309,2021-12-23,1,0,0.99999976
55000900130309,2021-12-24,1,0,0.99999976
55000900130309,2021-12-25,1,0,0.99999976
55000900130309,2021-12-26,1,0,0.99999976
55000900130309,2021-12-27,1,0,0.99999976
55000900130309,2021-12-28,1,0,0.99999976
55000900130309,2021-12-29,1,0,0.99999976
55000900130309,2021-12-30,1,0,0.99999976
55000900130309,2021-12-31,1,0,0.99999976
55000900130309,2022-01-01,1,0,0.99999976
55000900130309,2022-01-02,1,0,0.99999976
55000900130309,2022-01-03,1,0,0.99999976
55000900130309,2022-01-04,1,0,0.99999976
55000900130309,2022-01-05,1,0,0.99999976
55000900130309,2022-01-06,1,0,0.99999976
55000900130309,2022-01-07,1,0,0.99999976
55000900130309,2022-01-08,1,0,0.99999976
55000900130309,2022-01-09,1,0,0.99999976
55000900130309,2022-01-10,1,0,0.99999976
55000900130309,2022-01-11,1,0,0.99999976
55000900130309,2022-01-12,1,0,0.99999976
55000900130309,2022-01-13,1,0,0.99999976
55000900130309,2022-01-14,1,0,0.99999976
55000900130309,2022-01-15,1,0,0.99999976
55000900130309,2022-01-16,1,0,0.99999976
55000900130309,2022-01-17,1,0,0.99999976
55000900130309,2022-01-18,1,0,0.99999976
55000900130309,2022-01-19,1,0,0.99999976
55000900130309,2022-01-20,1,0,0.99999976
55000900130309,2022-01-21,1,0,0.99999976
55000900130309,2022-01-22,1,0,0.99999976
55000900130309,2022-01-23,1,0,0.99999976
55000900130309,2022-01-24,1,0,0.99999976
55000900130309,2022-01-25,1,0,0.99999976
55000900130309,2022-01-26,1,0,0.99999976
55000900130309,2022-01-27,1,0,0.99999976
55000900130309,2022-01-28,1,0,0.99999976
55000900130309,2022-01-29,1,0,0.99999976
55000900130309,2022-01-30,1,0,0.99999976
55000900130309,2022-01-31,1,0,0.99999976
55000900130309,2022-02-01,1,0,0.99999976
55000900130309,2022-02-02,1,0,0.99999976
55000900130309,2022-02-03,1,0,0.99999976
55000900130309,2022-02-04,1,0,0.99999976
55000900130309,2022-02-05,1,0,0.99999976
55000900130309,2022-02-06,1,0,0.99999976
55000900130309,2022-02-07,1,0,0.99999976
55000900130309,2022-02-08,1,0,0.99999976
55000900130309,2022-02-09,1,0,0.99999976
55000900130309,2022-02-10,1,0,0.99999976
55000900130309,2022-02-11,1,0,0.99999976
55000900130309,2022-02-12,1,0,0.99999976
55000900130309,2022-02-13,1,0,0.99999976
55000900130309,2022-02-14,1,0,0.99999976
55000900130309,2022-02-15,1,0,0.99999976
55000900130309,2022-02-16,1,0,0.99999976
55000900130309,2022-02-17,1,0,0.99999976
55000900130309,2022-02-18,1,0,0.99999976
55000900130309,2022-02-19,1,0,0.99999976
55000900130309,2022-02-20,1,0,0.99999976
55000900130309,2022-02-21,1,0,0.99999976
55000900130309,2022-02-22,1,0,0.99999976
55000900130309,2022-02-23,1,0,0.99999976
55000900130309,2022-02-24,1,0,0.99999976
55000900130309,2022-02-25,1,0,0.99999976
55000900130309,2022-02-26,1,0,0.99999976
55000900130309,2022-02-27,1,0,0.99999976
55000900130309,2022-02-28,1,0,0.99999976
55000900130309,2022-03-01,1,0,0.99999976
55000900130309,2022-03-02,1,0,0.99999976
55000900130309,2022-03-03,1,0,0.99999976
55000900130309,2022-03-04,1,0,0.99999976
55000900130309,2022-03-05,1,0,0.99999976
55000900130309,2022-03-06,1,0,0.99999976
55000900130309,2022-03-07,1,0,0.99999976
55000900130309,2022-03-08,1,0,0.99999976
55000900130309,2022-03-09,1,0,0.99999976
55000900130309,2022-03-10,1,0,0.99999976
55000900130309,2022-03-11,1,0,0.99999976
55000900130309,2022-03-12,1,0,0.99999976
55000900130309,2022-03-14,1,0,0.99999976
55000900130309,2022-03-15,1,0,0.99999976
55000900130309,2022-03-16,1,0,0.99999976
55000900130309,2022-03-17,1,0,0.99999976
55000900130309,2022-03-18,1,0,0.99999976
55000900130309,2022-03-19,1,0,0.99999976
55000900130309,2022-03-20,1,0,0.99999976
55000900130309,2022-03-21,1,0,0.99999976
55000900130309,2022-03-22,1,0,0.99999976
55000900130309,2022-03-23,1,0,0.99999976
55000900130309,2022-03-24,1,0,0.99999976
55000900130309,2022-03-25,1,0,0.99999976
55000900130309,2022-03-26,1,0,0.99999976
55000900130309,2022-03-27,1,0,0.99999976
55000900130309,2022-03-28,1,0,0.99999976
55000900130309,2022-03-29,1,0,0.99999976
55000900130309,2022-03-30,1,0,0.99999976
55000900130309,2022-03-31,1,0,0.99999976
55000900130309,2022-04-01,1,0,0.99999976
55000900130309,2022-04-02,1,0,0.99999976
55000900130309,2022-04-03,1,0,0.99999976
55000900130309,2022-04-04,1,0,0.99999976
55000900130309,2022-04-05,1,0,0.99999976
55000900130309,2022-04-06,1,0,0.99999976
55000900130309,2022-04-07,1,0,0.99999976
55000900130309,2022-04-08,1,0,0.99999976
55000900130309,2022-04-09,1,0,0.99999976
55000900130309,2022-04-10,1,0,0.99999976
55000900130309,2022-04-11,1,0,0.99999976
55000900130309,2022-04-12,1,0,0.99999976
55000900130309,2022-04-13,1,0,0.99999976
55000900130309,2022-04-14,1,0,0.99999976
55000900130309,2022-04-15,1,0,0.99999976
55000900130309,2022-04-16,1,0,0.99999976
55000900130309,2022-04-17,1,0,0.99999976
55000900130309,2022-04-18,1,0,0.99999976
55000900130309,2022-04-19,1,0,0.99999976
55000900130309,2022-04-20,1,0,0.99999976
55000900130309,2022-04-21,1,0,0.99999976
55000900130309,2022-04-22,1,0,0.99999976
55000900130309,2022-04-23,1,0,0.99999976
55000900130309,2022-04-24,1,0,0.99999976
55000900130309,2022-04-25,1,0,0.99999976
55000900130309,2022-04-26,1,0,0.99999976
55000900130309,2022-04-27,1,0,0.99999976
55000900130309,2022-04-28,1,0,0.99999976
55000900130309,2022-04-29,1,0,0.99999976
55000900130309,2022-04-30,1,0,0.99999976
55000900130309,2022-05-01,1,0,0.99999976
55000900130309,2022-05-02,1,0,0.99999976
55000900130309,2022-05-03,1,0,0.99999976
55000900130309,2022-05-04,1,0,0.99999976
55000900130309,2022-05-05,1,0,0.99999976
55000900130309,2022-05-06,1,0,0.99999976
55000900130309,2022-05-07,1,0,0.99999976
55000900130309,2022-05-08,1,0,0.99999976
55000900130309,2022-05-09,1,0,0.99999976
55000900130309,2022-05-10,1,0,0.99999976
55000900130309,2022-05-11,1,0,0.99999976
55000900130309,2022-05-12,1,0,0.99999976
55000900130309,2022-05-13,1,0,0.99999976
55000900130309,2022-05-14,1,0,0.99999976
55000900130309,2022-05-15,1,0,0.99999976
55000900130309,2022-05-16,1,0,0.99999976
55000900130309,2022-05-17,1,0,0.99999976
55000900130309,2022-05-18,1,0,0.99999976
55000900130309,2022-05-19,1,0,0.99999976
55000900130309,2022-05-20,1,0,0.99999976
55000900130309,2022-05-21,1,0,0.99999976
55000900130309,2022-05-22,1,0,0.99999976
55000900130309,2022-05-23,1,0,0.99999976
55000900130309,2022-05-24,1,0,0.99999976
55000900130309,2022-05-25,1,0,0.99999976
55000900130309,2022-05-26,1,0,0.99999976
55000900130309,2022-05-27,1,0,0.99999976
55000900130309,2022-05-28,1,0,0.99999976
55000900130309,2022-05-29,1,0,0.99999976
55000900130309,2022-05-30,1,0,0.99999976
55000900130309,2022-05-31,1,0,0.99999976
55000900130309,2022-06-01,1,0,0.99999976
55000900130309,2022-06-02,1,0,0.99999976
55000900130309,2022-06-03,1,0,0.99999976
55000900130309,2022-06-04,1,0,0.99999976
55000900130309,2022-06-05,1,0,0.99999976
55000900130309,2022-06-06,1,0,0.99999976
55000900130309,2022-06-07,1,0,0.99999976
55000900130309,2022-06-08,1,0,0.99999976
55000900130309,2022-06-09,1,0,0.99999976
55000900130309,2022-06-10,1,0,0.99999976
55000900130309,2022-06-11,1,0,0.99999976
55000900130309,2022-06-12,1,0,0.99999976
55000900130309,2022-06-13,1,0,0.99999976
55000900130309,2022-06-14,1,0,0.99999976
55000900130309,2022-06-15,1,0,0.99999976
55000900130309,2022-06-16,1,0,0.99999976
55000900130309,2022-06-17,1,0,0.99999976
55000900130309,2022-06-18,1,0,0.99999976
55000900130309,2022-06-19,1,0,0.99999976
55000900130309,2022-06-20,1,0,0.99999976
55000900130309,2022-06-21,1,0,0.99999976
55000900130309,2022-06-22,1,0,0.99999976
55000900130309,2022-06-23,1,0,0.99999976
55000900130309,2022-06-24,1,0,0.99999976
55000900130309,2022-06-25,1,0,0.99999976
55000900130309,2022-06-26,1,0,0.99999976
55000900130309,2022-06-27,1,0,0.99999976
55000900130309,2022-06-28,1,0,0.99999976
55000900130309,2022-06-29,1,0,0.99999976
55000900130309,2022-06-30,1,0,0.99999976
55000900130309,2022-07-01,1,0,0.99999976
55000900130309,2022-07-02,1,0,0.99999976
55000900130309,2022-07-03,1,0,0.99999976
55000900130309,2022-07-04,1,0,0.99999976
55000900130309,2022-07-05,1,0,0.99999976
55000900130309,2022-07-06,1,0,0.99999976
55000900130309,2022-07-07,1,0,0.99999976
55000900130309,2022-07-08,1,0,0.99999976
55000900130309,2022-07-09,1,0,0.99999976
55000900130309,2022-07-10,1,0,0.99999976
55000900130309,2022-07-11,1,0,0.99999976
55000900130309,2022-07-12,1,0,0.99999976
55000900130309,2022-07-13,1,0,0.99999976
55000900130309,2022-07-14,1,0,0.99999976
55000900130309,2022-07-15,1,0,0.99999976
55000900130309,2022-07-16,1,0,0.99999976
55000900130309,2022-07-17,1,0,0.99999976
55000900130309,2022-07-18,1,0,0.99999976
55000900130309,2022-07-19,1,0,0.99999976
55000900130309,2022-07-20,1,0,0.99999976
55000900130309,2022-07-21,1,0,0.99999976
55000900130309,2022-07-22,1,0,0.99999976
55000900130309,2022-07-23,1,0,0.99999976
55000900130309,2022-07-24,1,0,0.99999976
55000900130309,2022-07-25,1,0,0.99999976
55000900130309,2022-07-26,1,0,0.99999976
55000900130309,2022-07-27,1,0,0.99999976
55000900130309,2022-07-28,1,0,0.99999976
55000900130309,2022-07-29,1,0,0.99999976
55000900130309,2022-07-30,1,0,0.99999976
55000900130309,2022-07-31,1,0,0.99999976
55000900130309,2022-08-01,1,0,0.99999976
55000900130309,2022-08-02,1,0,0.99999976
55000900130309,2022-08-03,1,0,0.99999976
55000900130309,2022-08-04,1,0,0.99999976
55000900130309,2022-08-05,1,0,0.99999976
55000900130309,2022-08-06,1,0,0.99999976
55000900130309,2022-08-07,1,0,0.99999976
55000900130309,2022-08-08,1,0,0.99999976
55000900130309,2022-08-09,1,0,0.99999976
55000900130309,2022-08-10,1,0,0.99999976
55000900130309,2022-08-11,1,0,0.99999976
55000900130309,2022-08-12,1,0,0.99999976
55000900130309,2022-08-13,1,0,0.99999976
55000900130309,2022-08-14,1,0,0.99999976
55000900130309,2022-08-15,1,0,0.99999976
55000900130309,2022-08-16,1,0,0.99999976
55000900130309,2022-08-17,1,0,0.99999976
55000900130309,2022-08-18,1,0,0.99999976
55000900130309,2022-08-19,1,0,0.99999976
55000900130309,2022-08-20,1,0,0.99999976
55000900130309,2022-08-21,1,0,0.99999976
55000900130309,2022-08-22,1,0,0.99999976
55000900130309,2022-08-23,1,0,0.99999976
55000900130309,2022-08-24,1,0,0.99999976
55000900130309,2022-08-25,1,0,0.99999976
55000900130309,2022-08-26,1,0,0.99999976
55000900130309,2022-08-27,1,0,0.99999976
55000900130309,2022-08-28,1,0,0.99999976
55000900130309,2022-08-29,1,0,0.99999976
55000900130309,2022-08-30,1,0,0.99999976
55000900130309,2022-08-31,1,0,0.99999976
55000900130309,2022-09-01,1,0,0.99999976
55000900130309,2022-09-02,1,0,0.99999976
55000900130309,2022-09-03,1,0,0.99999976
55000900130309,2022-09-04,1,0,0.99999976
55000900130309,2022-09-05,1,0,0.99999976
55000900130309,2022-09-06,1,0,0.99999976
55000900130309,2022-09-07,1,0,0.99999976
55000900130309,2022-09-08,1,0,0.99999976
55000900130309,2022-09-09,1,0,0.99999976
55000900130309,2022-09-10,1,0,0.99999976
55000900130309,2022-09-11,1,0,0.99999976
55000900130309,2022-09-12,1,0,0.99999976
55000900130309,2022-09-13,1,0,0.99999976
55000900130309,2022-09-14,1,0,0.99999976
55000900130309,2022-09-15,1,0,0.99999976
55000900130309,2022-09-16,1,0,0.99999976
55000900130309,2022-09-17,1,0,0.99999976
55000900130309,2022-09-18,1,0,0.99999976
55000900130309,2022-09-19,1,0,0.99999976
55000900130309,2022-09-20,1,0,0.99999976
55000900130309,2022-09-21,1,0,0.99999976
55000900130309,2022-09-22,1,0,0.99999976
55000900130309,2022-09-23,1,0,0.99999976
55000900130309,2022-09-24,1,0,0.99999976
55000900130309,2022-09-25,1,0,0.99999976
55000900130309,2022-09-26,1,0,0.99999976
55000900130309,2022-09-27,1,0,0.99999976
55000900130309,2022-09-28,1,0,0.99999976
55000900130309,2022-09-29,1,0,0.99999976
55000900130309,2022-09-30,1,0,0.99999976
55000900130309,2022-10-01,1,0,0.99999976
55000900130309,2022-10-02,1,0,0.99999976
55000900130309,2022-10-03,1,0,0.99999976
55000900130309,2022-10-04,1,0,0.99999976
55000900130309,2022-10-05,1,0,0.99999976
55000900130309,2022-10-06,1,0,0.99999976
55000900130309,2022-10-07,1,0,0.99999976
55000900130309,2022-10-08,1,0,0.99999976
55000900130309,2022-10-09,1,0,0.99999976
55000900130309,2022-10-10,1,0,0.99999976
55000900130309,2022-10-11,1,0,0.99999976
55000900130309,2022-10-12,1,0,0.99999976
55000900130309,2022-10-13,1,0,0.99999976
55000900130309,2022-10-14,1,0,0.99999976
55000900130309,2022-10-15,1,0,0.99999976
55000900130309,2022-10-16,1,0,0.99999976
55000900130309,2022-10-17,1,0,0.99999976
55000900130309,2022-10-18,1,0,0.99999976
55000900130309,2022-10-19,1,0,0.99999976
55000900130309,2022-10-20,1,0,0.99999976
55000900130309,2022-10-21,1,0,0.99999976
55000900130309,2022-10-22,1,0,0.99999976
55000900130309,2022-10-23,1,0,0.99999976
55000900130309,2022-10-24,1,0,0.99999976
55000900130309,2022-10-25,1,0,0.99999976
55000900130309,2022-10-26,1,0,0.99999976
55000900130309,2022-10-27,1,0,0.99999976
55000900130309,2022-10-28,1,0,0.99999976
55000900130309,2022-10-29,1,0,0.99999976
55000900130309,2022-10-30,1,0,0.99999976
55000900130309,2022-10-31,1,0,0.99999976
55000900130309,2022-11-01,1,0,0.99999976
55000900130309,2022-11-02,1,0,0.99999976
55000900130309,2022-11-03,1,0,0.99999976
55000900130309,2022-11-04,1,0,0.99999976
55000900130309,2022-11-05,1,0,0.99999976
55000900130309,2022-11-06,1,0,0.99999976
55000900130309,2022-11-07,1,0,0.99999976
55000900130309,2022-11-08,1,0,0.99999976
55000900130309,2022-11-09,1,0,0.99999976
55000900130309,2022-11-10,1,0,0.99999976
55000900130309,2022-11-11,1,0,0.99999976
55000900130309,2022-11-12,1,0,0.99999976
55000900130309,2022-11-13,1,0,0.99999976
55000900130309,2022-11-14,1,0,0.99999976
55000900130309,2022-11-15,1,0,0.99999976
55000900130309,2022-11-16,1,0,0.99999976
55000900130309,2022-11-17,1,0,0.99999976
55000900130309,2022-11-18,1,0,0.99999976
55000900130309,2022-11-19,1,0,0.99999976
55000900130309,2022-11-20,1,0,0.99999976
55000900130309,2022-11-21,1,0,0.99999976
55000900130309,2022-11-22,1,0,0.99999976
55000900130309,2022-11-23,1,0,0.99999976
55000900130309,2022-11-24,1,0,0.99999976
55000900130309,2022-11-25,1,0,0.99999976
55000900130309,2022-11-26,1,0,0.99999976
55000900130309,2022-11-27,1,0,0.99999976
55000900130309,2022-11-28,1,0,0.99999976
55000900130309,2022-11-29,1,0,0.99999976
55000900130309,2022-11-30,1,0,0.99999976
55000900130309,2022-12-01,1,0,0.99999976
55000900130309,2022-12-02,1,0,0.99999976
55000900130309,2022-12-03,1,0,0.99999976
55000900130309,2022-12-04,1,0,0.99999976
55000900130309,2022-12-05,1,0,0.99999976
55000900130309,2022-12-06,1,0,0.99999976
55000900130309,2022-12-07,1,0,0.99999976
55000900130309,2022-12-08,1,0,0.99999976
55000900130309,2022-12-09,1,0,0.99999976
55000900130309,2022-12-10,1,0,0.99999976
55000900130309,2022-12-11,1,0,0.99999976
55000900130309,2022-12-12,1,0,0.99999976
55000900130309,2022-12-13,1,0,0.99999976
55000900130309,2022-12-14,1,0,0.99999976
55000900130309,2022-12-15,1,0,0.99999976
55000900130309,2022-12-16,1,0,0.99999976
55000900130309,2022-12-17,1,0,0.99999976
55000900130309,2022-12-18,1,0,0.99999976
55000900130309,2022-12-19,1,0,0.99999976
55000900130309,2022-12-20,1,0,0.99999976
55000900130309,2022-12-21,1,0,0.99999976
55000900130309,2022-12-22,1,0,0.99999976
55000900130309,2022-12-23,1,0,0.99999976
55000900130309,2022-12-24,1,0,0.99999976
55000900130309,2022-12-25,1,0,0.99999976
55000900130309,2022-12-26,1,0,0.99999976
55000900130309,2022-12-27,1,0,0.99999976
55000900130309,2022-12-28,1,0,0.99999976
55000900130309,2022-12-29,1,0,0.99999976
55000900130309,2022-12-30,1,0,0.99999976
55000900130309,2022-12-31,1,0,0.99999976
55000900130309,2023-01-01,1,0,0.99999976
55000900130309,2023-01-02,1,0,0.99999976
55000900130309,2023-01-03,1,0,0.99999976
55000900130309,2023-01-04,1,0,0.99999976
55000900130309,2023-01-05,1,0,0.99999976
55000900130309,2023-01-06,1,0,0.99999976
55000900130309,2023-01-07,1,0,0.99999976
55000900130309,2023-01-08,1,0,0.99999976
55000900130309,2023-01-09,1,0,0.99999976
55000900130309,2023-01-10,1,0,0.99999976
55000900130309,2023-01-11,1,0,0.99999976
55000900130309,2023-01-12,1,0,0.99999976
55000900130309,2023-01-13,1,0,0.99999976
55000900130309,2023-01-14,1,0,0.99999976
55000900130309,2023-01-15,1,0,0.99999976
55000900130309,2023-01-16,1,0,0.99999976
55000900130309,2023-01-17,1,0,0.99999976
55000900130309,2023-01-18,1,0,0.99999976
55000900130309,2023-01-19,1,0,0.99999976
55000900130309,2023-01-20,1,0,0.99999976
55000900130309,2023-01-21,1,0,0.99999976
55000900130309,2023-01-22,1,0,0.99999976
55000900130309,2023-01-23,1,0,0.99999976
55000900130309,2023-01-24,1,0,0.99999976
55000900130309,2023-01-25,1,0,0.99999976
55000900130309,2023-01-26,1,0,0.99999976
55000900130309,2023-01-27,1,0,0.99999976
55000900130309,2023-01-28,1,0,0.99999976
55000900130309,2023-01-29,1,0,0.99999976
55000900130309,2023-01-30,1,0,0.99999976
55000900130309,2023-01-31,1,0,0.99999976
55000900130309,2023-02-01,1,0,0.99999976
55000900130309,2023-02-02,1,0,0.99999976
55000900130309,2023-02-03,1,0,0.99999976
55000900130309,2023-02-04,1,0,0.99999976
55000900130309,2023-02-05,1,0,0.99999976
55000900130309,2023-02-06,1,0,0.99999976
55000900130309,2023-02-07,1,0,0.99999976
55000900130309,2023-02-08,1,0,0.99999976
55000900130309,2023-02-09,1,0,0.99999976
55000900130309,2023-02-10,1,0,0.99999976
55000900130309,2023-02-11,1,0,0.99999976
55000900130309,2023-02-12,1,0,0.99999976
55000900130309,2023-02-13,1,0,0.99999976
55000900130309,2023-02-14,1,0,0.99999976
55000900130309,2023-02-15,1,0,0.99999976
55000900130309,2023-02-16,1,0,0.99999976
55000900130309,2023-02-17,1,0,0.99999976
55000900130309,2023-02-18,1,0,0.99999976
55000900130309,2023-02-19,1,0,0.99999976
55000900130309,2023-02-20,1,0,0.99999976
55000900130309,2023-02-21,1,0,0.99999976
55000900130309,2023-02-22,1,0,0.99999976
55000900130309,2023-02-23,1,0,0.99999976
55000900130309,2023-02-24,1,0,0.99999976
55000900130309,2023-02-25,1,0,0.99999976
55000900130309,2023-02-26,1,0,0.99999976
55000900130309,2023-02-27,1,0,0.99999976
55000900130309,2023-02-28,1,0,0.99999976
55000900130309,2023-03-01,1,0,0.99999976
55000900130309,2023-03-02,1,0,0.99999976
55000900130309,2023-03-03,1,0,0.99999976
55000900130309,2023-03-04,1,0,0.99999976
55000900130309,2023-03-05,1,0,0.99999976
55000900130309,2023-03-06,1,0,0.99999976
55000900130309,2023-03-07,1,0,0.99999976
55000900130309,2023-03-08,1,0,0.99999976
55000900130309,2023-03-09,1,0,0.99999976
55000900130309,2023-03-10,1,0,0.99999976
55000900130309,2023-03-11,1,0,0.99999976
55000900130309,2023-03-13,1,0,0.99999976
55000900130309,2023-03-14,1,0,0.99999976
55000900130309,2023-03-15,1,0,0.99999976
55000900130309,2023-03-16,1,0,0.99999976
55000900130309,2023-03-17,1,0,0.99999976
55000900130309,2023-03-18,1,0,0.99999976
55000900130309,2023-03-19,1,0,0.99999976
55000900130309,2023-03-20,1,0,0.99999976
55000900130309,2023-03-21,1,0,0.99999976
55000900130309,2023-03-22,1,0,0.99999976
55000900130309,2023-03-23,1,0,0.99999976
55000900130309,2023-03-24,1,0,0.99999976
55000900130309,2023-03-25,1,0,0.99999976
55000900130309,2023-03-26,1,0,0.99999976
55000900130309,2023-03-27,1,0,0.99999976
55000900130309,2023-03-28,1,0,0.99999976
55000900130309,2023-03-29,1,0,0.99999976
55000900130309,2023-03-30,1,0,0.99999976
55000900130309,2023-03-31,1,0,0.99999976
55000900130309,2023-04-01,1,0,0.99999976
55000900130309,2023-04-02,1,0,0.99999976
55000900130309,2023-04-03,1,0,0.99999976
55000900130309,2023-04-04,1,0,0.99999976
55000900130309,2023-04-05,1,0,0.99999976
55000900130309,2023-04-06,1,0,0.99999976
55000900130309,2023-04-07,1,0,0.99999976
55000900130309,2023-04-08,1,0,0.99999976
55000900130309,2023-04-09,1,0,0.99999976
55000900130309,2023-04-10,1,0,0.99999976
55000900130309,2023-04-11,1,0,0.99999976
55000900130309,2023-04-12,1,0,0.99999976
55000900130309,2023-04-13,1,0,0.99999976
55000900130309,2023-04-14,1,0,0.99999976
55000900130309,2023-04-15,1,0,0.99999976
55000900130309,2023-04-16,1,0,0.99999976
55000900130309,2023-04-17,1,0,0.99999976
55000900130309,2023-04-18,1,0,0.99999976
55000900130309,2023-04-19,1,0,0.99999976
55000900130309,2023-04-20,1,0,0.99999976
55000900130316,2020-09-11,0,0,0.008034138
55000900130316,2020-09-12,0,0,0.008034138
55000900130316,2020-09-13,0,0,0.008034138
55000900130316,2020-09-14,0,0,0.008034138
55000900130316,2020-09-15,0,0,0.008034138
55000900130316,2020-09-16,0,0,0.008034138
55000900130316,2020-09-17,0,0,0.008034138
55000900130316,2020-09-18,0,0,0.008034138
55000900130316,2020-09-19,1,0,0.008034138
55000900130316,2020-09-20,0,0,0.008034138
55000900130316,2020-09-21,0,0,0.008034138
55000900130316,2020-09-22,0,0,0.035045084
55000900130316,2020-09-23,0,0,0.014293706
55000900130316,2020-09-24,1,0,0.022222314
55000900130316,2020-09-25,1,0,0.021231437
55000900130316,2020-09-26,1,0,0.021831922
55000900130316,2020-09-27,0,0,0.21489327
55000900130316,2020-09-28,0,0,0.14510785
55000900130316,2020-09-29,0,0,0.19447151
55000900130316,2020-09-30,0,0,0.07491827
55000900130316,2020-10-01,0,0,0.08988812
55000900130316,2020-10-02,0,0,0.08934896
55000900130316,2020-10-03,0,0,0.08982064
55000900130316,2020-10-04,0,0,0.089667924
55000900130316,2020-10-05,0,0,0.08999894
55000900130316,2020-10-06,0,0,0.09027373
55000900130316,2020-10-07,0,0,0.09043186
55000900130316,2020-10-08,0,0,0.09058117
55000900130316,2020-10-09,0,0,0.09076957
55000900130316,2020-10-10,1,0,0.090951905
55000900130316,2020-10-11,1,0,0.09115338
55000900130316,2020-10-12,1,0,0.09140727
55000900130316,2020-10-13,1,0,0.49001992
55000900130316,2020-10-14,1,0,0.34006235
55000900130316,2020-10-15,1,0,0.3519087
55000900130316,2020-10-16,1,0,0.45546696
55000900130316,2020-10-17,0,0,0.5708847
55000900130316,2020-10-18,0,0,0.49573785
55000900130316,2020-10-19,0,0,0.6187084
55000900130316,2020-10-20,0,0,0.10496495
55000900130316,2020-10-21,0,0,0.11753465
55000900130316,2020-10-22,0,0,0.09618025
55000900130316,2020-10-23,0,0,0.09340152
55000900130316,2020-10-24,0,0,0.09308798
55000900130316,2020-10-25,0,0,0.105777316
55000900130316,2020-10-26,0,0,0.056941908
55000900130316,2020-10-27,0,0,0.05443
55000900130316,2020-10-28,0,0,0.05172557
55000900130316,2020-10-29,0,0,0.026763245
55000900130316,2020-10-30,0,0,0.027078
55000900130316,2020-10-31,0,0,0.027362151
55000900130316,2020-11-01,0,0,0.027615523
55000900130316,2020-11-02,0,0,0.027869405
55000900130316,2020-11-03,0,0,0.028046802
55000900130316,2020-11-04,0,0,0.027888183
55000900130316,2020-11-05,1,0,0.02789133
55000900130316,2020-11-06,1,0,0.0296962
55000900130316,2020-11-07,1,0,0.031889632
55000900130316,2020-11-08,1,0,0.20621195
55000900130316,2020-11-09,1,0,0.07796262
55000900130316,2020-11-10,1,0,0.08447746
55000900130316,2020-11-11,1,0,0.057736892
55000900130316,2020-11-12,1,0,0.06602429
55000900130316,2020-11-13,1,0,0.089225225
55000900130316,2020-11-14,1,0,0.10934231
55000900130316,2020-11-15,1,0,0.16899543
55000900130316,2020-11-16,1,0,0.16942796
55000900130316,2020-11-17,1,0,0.17310365
55000900130316,2020-11-18,1,0,0.11651758
55000900130316,2020-11-19,1,0,0.20253436
55000900130316,2020-11-20,1,0,0.2925725
55000900130316,2020-11-21,1,0,0.36562976
55000900130316,2020-11-22,1,0,0.53540343
55000900130316,2020-11-23,1,0,0.7786865
55000900130316,2020-11-24,1,0,0.88453835
55000900130316,2020-11-25,1,0,0.9094121
55000900130316,2020-11-26,1,0,0.92231417
55000900130316,2020-11-27,1,0,0.93623257
55000900130316,2020-11-28,1,0,0.94132805
55000900130316,2020-11-29,1,0,0.94328076
55000900130316,2020-11-30,1,0,0.94464326
55000900130316,2020-12-01,1,0,0.9458313
55000900130316,2020-12-02,1,0,0.946893
55000900130316,2020-12-03,1,0,0.9478957
55000900130316,2020-12-04,1,0,0.94987637
55000900130316,2020-12-05,1,0,0.95249987
55000900130316,2020-12-06,1,0,0.9541752
55000900130316,2020-12-07,1,0,0.6361563
55000900130316,2020-12-08,1,0,0.6361563
55000900130316,2020-12-09,1,0,0.6361563
55000900130316,2020-12-10,1,0,0.6361563
55000900130316,2020-12-11,1,0,0.6361563
55000900130316,2020-12-12,1,0,0.6361563
55000900130316,2020-12-13,1,0,0.6361563
55000900130316,2020-12-14,1,0,0.6361563
55000900130316,2020-12-15,1,0,0.6361563
55000900130316,2020-12-16,1,0,0.6361563
55000900130316,2020-12-17,1,0,0.6361563
55000900130316,2020-12-18,1,0,0.6361563
55000900130316,2020-12-19,1,0,0.6361563
55000900130316,2020-12-20,1,0,0.6361563
55000900130316,2020-12-21,1,0,0.6361563
55000900130316,2020-12-22,1,0,0.6361563
55000900130316,2020-12-23,1,0,0.6361563
55000900130316,2020-12-24,1,0,0.6361563
55000900130316,2020-12-25,1,0,0.6361563
55000900130316,2020-12-26,1,0,0.6361563
55000900130316,2020-12-27,1,0,0.6361563
55000900130316,2020-12-28,1,0,0.6361563
55000900130316,2020-12-29,1,0,0.6361563
55000900130316,2020-12-30,1,0,0.6361563
55000900130316,2020-12-31,1,0,0.6361563
55000900130316,2021-01-01,1,0,0.6361563
55000900130316,2021-01-02,1,0,0.6361563
55000900130316,2021-01-03,1,0,0.6361563
55000900130316,2021-01-04,1,0,0.6361563
55000900130316,2021-01-05,1,0,0.6361563
55000900130316,2021-01-06,1,0,0.6361563
55000900130316,2021-01-07,1,0,0.6361563
55000900130316,2021-01-08,1,0,0.6361563
55000900130316,2021-01-09,1,0,0.6361563
55000900130316,2021-01-10,1,0,0.6361563
55000900130316,2021-01-11,1,0,0.6361563
55000900130316,2021-01-12,1,0,0.6361563
55000900130316,2021-01-13,1,0,0.6361563
55000900130316,2021-01-14,1,0,0.6361563
55000900130316,2021-01-15,1,0,0.6361563
55000900130316,2021-01-16,1,0,0.6361563
55000900130316,2021-01-17,1,0,0.6361563
55000900130316,2021-01-18,1,0,0.6361563
55000900130316,2021-01-19,1,0,0.6361563
55000900130316,2021-01-20,1,0,0.6361563
55000900130316,2021-01-21,1,0,0.6361563
55000900130316,2021-01-22,1,0,0.6361563
55000900130316,2021-01-23,1,0,0.6361563
55000900130316,2021-01-24,1,0,0.6361563
55000900130316,2021-01-25,1,0,0.6361563
55000900130316,2021-01-26,1,0,0.6361563
55000900130316,2021-01-27,1,0,0.6361563
55000900130316,2021-01-28,1,0,0.6361563
55000900130316,2021-01-29,1,0,0.6361563
55000900130316,2021-01-30,1,0,0.6361563
55000900130316,2021-01-31,1,0,0.6361563
55000900130316,2021-02-01,1,0,0.6361563
55000900130316,2021-02-02,1,0,0.6361563
55000900130316,2021-02-03,1,0,0.6361563
55000900130316,2021-02-04,1,0,0.6361563
55000900130316,2021-02-05,1,0,0.6361563
55000900130316,2021-02-06,1,0,0.6361563
55000900130316,2021-02-07,1,0,0.6361563
55000900130316,2021-02-08,1,0,0.6361563
55000900130316,2021-02-09,1,0,0.6361563
55000900130316,2021-02-10,1,0,0.6361563
55000900130316,2021-02-11,1,0,0.6361563
55000900130316,2021-02-12,1,0,0.6361563
55000900130316,2021-02-13,1,0,0.6361563
55000900130316,2021-02-14,1,0,0.6361563
55000900130316,2021-02-15,1,0,0.6361563
55000900130316,2021-02-16,1,0,0.6361563
55000900130316,2021-02-17,1,0,0.6361563
55000900130316,2021-02-18,1,0,0.6361563
55000900130316,2021-02-19,1,0,0.6361563
55000900130316,2021-02-20,1,0,0.6361563
55000900130316,2021-02-21,1,0,0.6361563
55000900130316,2021-02-22,1,0,0.6361563
55000900130316,2021-02-23,1,0,0.6361563
55000900130316,2021-02-24,1,0,0.6361563
55000900130316,2021-02-25,1,0,0.6361563
55000900130316,2021-02-26,1,0,0.6361563
55000900130316,2021-02-27,1,0,0.6361563
55000900130316,2021-02-28,1,0,0.6361563
55000900130316,2021-03-01,1,0,0.6361563
55000900130316,2021-03-02,1,0,0.6361563
55000900130316,2021-03-03,1,0,0.6361563
55000900130316,2021-03-04,1,0,0.6361563
55000900130316,2021-03-05,1,0,0.6361563
55000900130316,2021-03-06,1,0,0.6361563
55000900130316,2021-03-07,1,0,0.6361563
55000900130316,2021-03-08,1,0,0.6361563
55000900130316,2021-03-09,1,0,0.6361563
55000900130316,2021-03-10,1,0,0.6361563
55000900130316,2021-03-11,1,0,0.6361563
55000900130316,2021-03-12,1,0,0.6361563
55000900130316,2021-03-13,1,0,0.6361563
55000900130316,2021-03-15,1,0,0.6361563
55000900130316,2021-03-16,1,0,0.6361563
55000900130316,2021-03-17,1,0,0.6361563
55000900130316,2021-03-18,1,0,0.6361563
55000900130316,2021-03-19,1,0,0.6361563
55000900130316,2021-03-20,1,0,0.6361563
55000900130316,2021-03-21,1,0,0.6361563
55000900130316,2021-03-22,1,0,0.6361563
55000900130316,2021-03-23,1,0,0.6361563
55000900130316,2021-03-24,1,0,0.6361563
55000900130316,2021-03-25,1,0,0.6361563
55000900130316,2021-03-26,1,0,0.6361563
55000900130316,2021-03-27,1,0,0.6361563
55000900130316,2021-03-28,1,0,0.6361563
55000900130316,2021-03-29,1,0,0.6361563
55000900130316,2021-03-30,1,0,0.6361563
55000900130316,2021-03-31,1,0,0.6361563
55000900130316,2021-04-01,1,0,0.6361563
55000900130316,2021-04-02,1,0,0.6361563
55000900130316,2021-04-03,1,0,0.6361563
55000900130316,2021-04-04,1,0,0.6361563
55000900130316,2021-04-05,1,0,0.6361563
55000900130316,2021-04-06,1,0,0.6361563
55000900130316,2021-04-07,1,0,0.6361563
55000900130316,2021-04-08,1,0,0.6361563
55000900130316,2021-04-09,1,0,0.6361563
55000900130316,2021-04-10,1,0,0.6361563
55000900130316,2021-04-11,1,0,0.6361563
55000900130316,2021-04-12,1,0,0.6361563
55000900130316,2021-04-13,1,0,0.6361563
55000900130316,2021-04-14,1,0,0.6361563
55000900130316,2021-04-15,1,0,0.6361563
55000900130316,2021-04-16,1,0,0.6361563
55000900130316,2021-04-17,1,0,0.6361563
55000900130316,2021-04-18,1,0,0.6361563
55000900130316,2021-04-19,1,0,0.6361563
55000900130316,2021-04-20,1,0,0.6361563
55000900130316,2021-04-21,1,0,0.6361563
55000900130316,2021-04-22,1,0,0.6361563
55000900130316,2021-04-23,1,0,0.6361563
55000900130316,2021-04-24,1,0,0.6361563
55000900130316,2021-04-25,1,0,0.6361563
55000900130316,2021-04-26,1,0,0.6361563
55000900130316,2021-04-27,1,0,0.6361563
55000900130316,2021-04-28,1,0,0.6361563
55000900130316,2021-04-29,1,0,0.6361563
55000900130316,2021-04-30,1,0,0.6361563
55000900130316,2021-05-01,1,0,0.6361563
55000900130316,2021-05-02,1,0,0.6361563
55000900130316,2021-05-03,1,0,0.6361563
55000900130316,2021-05-04,1,0,0.6361563
55000900130316,2021-05-05,1,0,0.6361563
55000900130316,2021-05-06,1,0,0.6361563
55000900130316,2021-05-07,1,0,0.6361563
55000900130316,2021-05-08,1,0,0.6361563
55000900130316,2021-05-09,1,0,0.6361563
55000900130316,2021-05-10,1,0,0.6361563
55000900130316,2021-05-11,1,0,0.6361563
55000900130316,2021-05-12,1,0,0.6361563
55000900130316,2021-05-13,1,0,0.6361563
55000900130316,2021-05-14,1,0,0.6361563
55000900130316,2021-05-15,1,0,0.6361563
55000900130316,2021-05-16,1,0,0.6361563
55000900130316,2021-05-17,1,0,0.6361563
55000900130316,2021-05-18,1,0,0.6361563
55000900130316,2021-05-19,1,0,0.6361563
55000900130316,2021-05-20,1,0,0.6361563
55000900130316,2021-05-21,1,0,0.6361563
55000900130316,2021-05-22,1,0,0.6361563
55000900130316,2021-05-23,1,0,0.6361563
55000900130316,2021-05-24,1,0,0.6361563
55000900130316,2021-05-25,1,0,0.6361563
55000900130316,2021-05-26,1,0,0.6361563
55000900130316,2021-05-27,1,0,0.6361563
55000900130316,2021-05-28,1,0,0.6361563
55000900130316,2021-05-29,1,0,0.6361563
55000900130316,2021-05-30,1,0,0.6361563
55000900130316,2021-05-31,1,0,0.6361563
55000900130316,2021-06-01,1,0,0.6361563
55000900130316,2021-06-02,1,0,0.6361563
55000900130316,2021-06-03,1,0,0.6361563
55000900130316,2021-06-04,1,0,0.6361563
55000900130316,2021-06-05,1,0,0.6361563
55000900130316,2021-06-06,1,0,0.6361563
55000900130316,2021-06-07,1,0,0.6361563
55000900130316,2021-06-08,1,0,0.6361563
55000900130316,2021-06-09,1,0,0.6361563
55000900130316,2021-06-10,1,0,0.6361563
55000900130316,2021-06-11,1,0,0.6361563
55000900130316,2021-06-12,1,0,0.6361563
55000900130316,2021-06-13,1,0,0.6361563
55000900130316,2021-06-14,1,0,0.6361563
55000900130316,2021-06-15,1,0,0.6361563
55000900130316,2021-06-16,0,0,0.6361563
55000900130316,2021-06-17,0,0,0.6361563
55000900130316,2021-06-18,0,0,0.6361563
55000900130316,2021-06-19,0,0,0.012167866
55000900130316,2021-06-20,0,0,0.0051635974
55000900130316,2021-06-21,0,0,0.011452936
55000900130316,2021-06-22,0,0,0.013747893
55000900130316,2021-06-23,0,0,0.014450289
55000900130316,2021-06-24,1,0,0.014515136
55000900130316,2021-06-25,1,0,0.014665082
55000900130316,2021-06-26,0,0,0.014823276
55000900130316,2021-06-27,0,0,0.06886233
55000900130316,2021-06-28,0,0,0.04844552
55000900130316,2021-06-29,0,0,0.036274802
55000900130316,2021-06-30,0,0,0.046860684
55000900130316,2021-07-01,0,0,0.045095697
55000900130316,2021-07-02,0,0,0.04642665
55000900130316,2021-07-03,0,0,0.046728898
55000900130316,2021-07-04,0,0,0.047167227
55000900130316,2021-07-05,0,0,0.04763216
55000900130316,2021-07-06,0,0,0.048152953
55000900130316,2021-07-07,0,0,0.048577003
55000900130316,2021-07-08,0,0,0.04910962
55000900130316,2021-07-09,0,0,0.04941728
55000900130316,2021-07-10,0,0,0.049966205
55000900130316,2021-07-11,0,0,0.050447304
55000900130316,2021-07-12,0,0,0.051142972
55000900130316,2021-07-13,0,0,0.050581794
55000900130316,2021-07-14,0,0,0.0499634
55000900130316,2021-07-15,0,0,0.05296351
55000900130316,2021-07-16,0,0,0.051674955
55000900130316,2021-07-17,0,0,0.05129567
55000900130316,2021-07-18,0,0,0.025806138
55000900130316,2021-07-19,0,0,0.02573031
55000900130316,2021-07-20,0,0,0.02583978
55000900130316,2021-07-21,0,0,0.027515652
55000900130316,2021-07-22,0,0,0.029183276
55000900130316,2021-07-23,0,0,0.020138988
55000900130316,2021-07-24,0,0,0.028055519
55000900130316,2021-07-25,0,0,0.09351626
55000900130316,2021-07-26,0,0,0.019529298
55000900130316,2021-07-27,0,0,0.020533947
55000900130316,2021-07-28,0,0,0.008034138
55000900130316,2021-07-29,0,0,0.008034138
55000900130316,2021-07-30,0,0,0.008034138
55000900130316,2021-07-31,0,0,0.008034138
55000900130316,2021-08-01,0,0,0.008034138
55000900130316,2021-08-02,0,0,0.008034138
55000900130316,2021-08-03,0,0,0.008034138
55000900130316,2021-08-04,0,0,0.008034138
55000900130316,2021-08-05,0,0,0.008034138
55000900130316,2021-08-06,0,0,0.008034138
55000900130316,2021-08-07,0,0,0.008034138
55000900130316,2021-08-08,0,0,0.008034138
55000900130316,2021-08-09,0,0,0.008034138
55000900130316,2021-08-10,0,0,0.008034138
55000900130316,2021-08-11,0,0,0.008034138
55000900130316,2021-08-12,0,0,0.008034138
55000900130316,2021-08-13,0,0,0.008034138
55000900130316,2021-08-14,0,0,0.008034138
55000900130316,2021-08-15,0,0,0.008034138
55000900130316,2021-08-16,0,0,0.008034138
55000900130316,2021-08-17,0,0,0.008034138
55000900130316,2021-08-18,0,0,0.008034138
55000900130316,2021-08-19,0,0,0.008034138
55000900130316,2021-08-20,0,0,0.008034138
55000900130316,2021-08-21,0,0,0.008034138
55000900130316,2021-08-22,0,0,0.008034138
55000900130316,2021-08-23,0,0,0.008034138
55000900130316,2021-08-24,0,0,0.008034138
55000900130316,2021-08-25,0,0,0.008034138
55000900130316,2021-08-26,0,0,0.008034138
55000900130316,2021-08-27,0,0,0.008034138
55000900130316,2021-08-28,0,0,0.008034138
55000900130316,2021-08-29,0,0,0.008034138
55000900130316,2021-08-30,0,0,0.008034138
55000900130316,2021-08-31,0,0,0.008034138
55000900130316,2021-09-01,0,0,0.008034138
55000900130316,2021-09-02,0,0,0.008034138
55000900130316,2021-09-03,0,0,0.008034138
55000900130316,2021-09-04,0,0,0.008034138
55000900130316,2021-09-05,0,0,0.008034138
55000900130316,2021-09-06,0,0,0.008034138
55000900130316,2021-09-07,0,0,0.008034138
55000900130316,2021-09-08,0,0,0.008034138
55000900130316,2021-09-09,0,0,0.008034138
55000900130316,2021-09-10,0,0,0.008034138
55000900130316,2021-09-11,0,0,0.008034138
55000900130316,2021-09-12,0,0,0.008034138
55000900130316,2021-09-13,0,0,0.008034138
55000900130316,2021-09-14,0,0,0.008034138
55000900130316,2021-09-15,0,0,0.008034138
55000900130316,2021-09-16,0,0,0.008034138
55000900130316,2021-09-17,0,0,0.008034138
55000900130316,2021-09-18,1,0,0.008034138
55000900130316,2021-09-19,1,0,0.008034138
55000900130316,2021-09-20,1,0,0.008034138
55000900130316,2021-09-21,0,0,0.035045084
55000900130316,2021-09-22,0,0,0.021953763
55000900130316,2021-09-23,0,0,0.017666578
55000900130316,2021-09-24,0,0,0.014687753
55000900130316,2021-09-25,0,0,0.022409365
55000900130316,2021-09-26,0,0,0.021335168
55000900130316,2021-09-27,1,0,0.021963896
55000900130316,2021-09-28,1,0,0.02232762
55000900130316,2021-09-29,1,0,0.02266281
55000900130316,2021-09-30,0,0,0.22263847
55000900130316,2021-10-01,0,0,0.14047132
55000900130316,2021-10-02,0,0,0.18501374
55000900130316,2021-10-03,0,0,0.07569308
55000900130316,2021-10-04,0,0,0.08955523
55000900130316,2021-10-05,0,0,0.08920916
55000900130316,2021-10-06,0,0,0.09016681
55000900130316,2021-10-07,0,0,0.09057937
55000900130316,2021-10-08,0,0,0.09142055
55000900130316,2021-10-09,0,0,0.09211009
55000900130316,2021-10-10,0,0,0.09268652
55000900130316,2021-10-11,0,0,0.093279324
55000900130316,2021-10-12,0,0,0.093882166
55000900130316,2021-10-13,0,0,0.09426979
55000900130316,2021-10-14,0,0,0.09468223
55000900130316,2021-10-15,0,0,0.09615856
55000900130316,2021-10-16,0,0,0.09767071
55000900130316,2021-10-17,0,0,0.092462644
55000900130316,2021-10-18,0,0,0.09011311
55000900130316,2021-10-19,0,0,0.10151777
55000900130316,2021-10-20,0,0,0.055281434
55000900130316,2021-10-21,1,0,0.053191163
55000900130316,2021-10-22,1,0,0.051691342
55000900130316,2021-10-23,1,0,0.02643315
55000900130316,2021-10-24,1,0,0.25499722
55000900130316,2021-10-25,1,0,0.15672588
55000900130316,2021-10-26,1,0,0.1684941
55000900130316,2021-10-27,1,0,0.12915288
55000900130316,2021-10-28,1,0,0.19076724
55000900130316,2021-10-29,1,0,0.08877765
55000900130316,2021-10-30,1,0,0.10569117
55000900130316,2021-10-31,1,0,0.14600809
55000900130316,2021-11-01,1,0,0.09594135
55000900130316,2021-11-02,1,0,0.09806914
55000900130316,2021-11-03,1,0,0.11651758
55000900130316,2021-11-04,1,0,0.20253436
55000900130316,2021-11-05,1,0,0.2925725
55000900130316,2021-11-06,1,0,0.36562976
55000900130316,2021-11-07,1,0,0.53540343
55000900130316,2021-11-08,1,0,0.7786865
55000900130316,2021-11-09,1,0,0.88453835
55000900130316,2021-11-10,1,0,0.9094121
55000900130316,2021-11-11,1,0,0.92231417
55000900130316,2021-11-12,1,0,0.93623257
55000900130316,2021-11-13,1,0,0.94132805
55000900130316,2021-11-14,1,0,0.94328076
55000900130316,2021-11-15,1,0,0.94464326
55000900130316,2021-11-16,1,0,0.9458313
55000900130316,2021-11-17,1,0,0.946893
55000900130316,2021-11-18,1,0,0.9478957
55000900130316,2021-11-19,1,0,0.94987637
55000900130316,2021-11-20,1,0,0.95249987
55000900130316,2021-11-21,1,0,0.9541752
55000900130316,2021-11-22,1,0,0.6361563
55000900130316,2021-11-23,1,0,0.6361563
55000900130316,2021-11-24,1,0,0.6361563
55000900130316,2021-11-25,1,0,0.6361563
55000900130316,2021-11-26,1,0,0.6361563
55000900130316,2021-11-27,1,0,0.6361563
55000900130316,2021-11-28,1,0,0.6361563
55000900130316,2021-11-29,1,0,0.6361563
55000900130316,2021-11-30,1,0,0.6361563
55000900130316,2021-12-01,1,0,0.6361563
55000900130316,2021-12-02,1,0,0.6361563
55000900130316,2021-12-03,1,0,0.6361563
55000900130316,2021-12-04,1,0,0.6361563
55000900130316,2021-12-05,1,0,0.6361563
55000900130316,2021-12-06,1,0,0.6361563
55000900130316,2021-12-07,1,0,0.6361563
55000900130316,2021-12-08,1,0,0.6361563
55000900130316,2021-12-09,1,0,0.6361563
55000900130316,2021-12-10,1,0,0.6361563
55000900130316,2021-12-11,1,0,0.6361563
55000900130316,2021-12-12,1,0,0.6361563
55000900130316,2021-12-13,1,0,0.6361563
55000900130316,2021-12-14,1,0,0.6361563
55000900130316,2021-12-15,1,0,0.6361563
55000900130316,2021-12-16,1,0,0.6361563
55000900130316,2021-12-17,1,0,0.6361563
55000900130316,2021-12-18,1,0,0.6361563
55000900130316,2021-12-19,1,0,0.6361563
55000900130316,2021-12-20,1,0,0.6361563
55000900130316,2021-12-21,1,0,0.6361563
55000900130316,2021-12-22,1,0,0.6361563
55000900130316,2021-12-23,1,0,0.6361563
55000900130316,2021-12-24,1,0,0.6361563
55000900130316,2021-12-25,1,0,0.6361563
55000900130316,2021-12-26,1,0,0.6361563
55000900130316,2021-12-27,1,0,0.6361563
55000900130316,2021-12-28,1,0,0.6361563
55000900130316,2021-12-29,1,0,0.6361563
55000900130316,2021-12-30,1,0,0.6361563
55000900130316,2021-12-31,1,0,0.6361563
55000900130316,2022-01-01,1,0,0.6361563
55000900130316,2022-01-02,1,0,0.6361563
55000900130316,2022-01-03,1,0,0.6361563
55000900130316,2022-01-04,1,0,0.6361563
55000900130316,2022-01-05,1,0,0.6361563
55000900130316,2022-01-06,1,0,0.6361563
55000900130316,2022-01-07,1,0,0.6361563
55000900130316,2022-01-08,1,0,0.6361563
55000900130316,2022-01-09,1,0,0.6361563
55000900130316,2022-01-10,1,0,0.6361563
55000900130316,2022-01-11,1,0,0.6361563
55000900130316,2022-01-12,1,0,0.6361563
55000900130316,2022-01-13,1,0,0.6361563
55000900130316,2022-01-14,1,0,0.6361563
55000900130316,2022-01-15,1,0,0.6361563
55000900130316,2022-01-16,1,0,0.6361563
55000900130316,2022-01-17,1,0,0.6361563
55000900130316,2022-01-18,1,0,0.6361563
55000900130316,2022-01-19,1,0,0.6361563
55000900130316,2022-01-20,1,0,0.6361563
55000900130316,2022-01-21,1,0,0.6361563
55000900130316,2022-01-22,1,0,0.6361563
55000900130316,2022-01-23,1,0,0.6361563
55000900130316,2022-01-24,1,0,0.6361563
55000900130316,2022-01-25,1,0,0.6361563
55000900130316,2022-01-26,1,0,0.6361563
55000900130316,2022-01-27,1,0,0.6361563
55000900130316,2022-01-28,1,0,0.6361563
55000900130316,2022-01-29,1,0,0.6361563
55000900130316,2022-01-30,1,0,0.6361563
55000900130316,2022-01-31,1,0,0.6361563
55000900130316,2022-02-01,1,0,0.6361563
55000900130316,2022-02-02,1,0,0.6361563
55000900130316,2022-02-03,1,0,0.6361563
55000900130316,2022-02-04,1,0,0.6361563
55000900130316,2022-02-05,1,0,0.6361563
55000900130316,2022-02-06,1,0,0.6361563
55000900130316,2022-02-07,1,0,0.6361563
55000900130316,2022-02-08,1,0,0.6361563
55000900130316,2022-02-09,1,0,0.6361563
55000900130316,2022-02-10,1,0,0.6361563
55000900130316,2022-02-11,1,0,0.6361563
55000900130316,2022-02-12,1,0,0.6361563
55000900130316,2022-02-13,1,0,0.6361563
55000900130316,2022-02-14,1,0,0.6361563
55000900130316,2022-02-15,1,0,0.6361563
55000900130316,2022-02-16,1,0,0.6361563
55000900130316,2022-02-17,1,0,0.6361563
55000900130316,2022-02-18,1,0,0.6361563
55000900130316,2022-02-19,1,0,0.6361563
55000900130316,2022-02-20,1,0,0.6361563
55000900130316,2022-02-21,1,0,0.6361563
55000900130316,2022-02-22,1,0,0.6361563
55000900130316,2022-02-23,1,0,0.6361563
55000900130316,2022-02-24,1,0,0.6361563
55000900130316,2022-02-25,1,0,0.6361563
55000900130316,2022-02-26,1,0,0.6361563
55000900130316,2022-02-27,1,0,0.6361563
55000900130316,2022-02-28,1,0,0.6361563
55000900130316,2022-03-01,1,0,0.6361563
55000900130316,2022-03-02,1,0,0.6361563
55000900130316,2022-03-03,1,0,0.6361563
55000900130316,2022-03-04,1,0,0.6361563
55000900130316,2022-03-05,1,0,0.6361563
55000900130316,2022-03-06,1,0,0.6361563
55000900130316,2022-03-07,1,0,0.6361563
55000900130316,2022-03-08,1,0,0.6361563
55000900130316,2022-03-09,1,0,0.6361563
55000900130316,2022-03-10,1,0,0.6361563
55000900130316,2022-03-11,1,0,0.6361563
55000900130316,2022-03-12,1,0,0.6361563
55000900130316,2022-03-14,1,0,0.6361563
55000900130316,2022-03-15,1,0,0.6361563
55000900130316,2022-03-16,1,0,0.6361563
55000900130316,2022-03-17,1,0,0.6361563
55000900130316,2022-03-18,1,0,0.6361563
55000900130316,2022-03-19,1,0,0.6361563
55000900130316,2022-03-20,1,0,0.6361563
55000900130316,2022-03-21,1,0,0.6361563
55000900130316,2022-03-22,1,0,0.6361563
55000900130316,2022-03-23,1,0,0.6361563
55000900130316,2022-03-24,1,0,0.6361563
55000900130316,2022-03-25,1,0,0.6361563
55000900130316,2022-03-26,1,0,0.6361563
55000900130316,2022-03-27,1,0,0.6361563
55000900130316,2022-03-28,1,0,0.6361563
55000900130316,2022-03-29,1,0,0.6361563
55000900130316,2022-03-30,1,0,0.6361563
55000900130316,2022-03-31,1,0,0.6361563
55000900130316,2022-04-01,1,0,0.6361563
55000900130316,2022-04-02,1,0,0.6361563
55000900130316,2022-04-03,1,0,0.6361563
55000900130316,2022-04-04,1,0,0.6361563
55000900130316,2022-04-05,1,0,0.6361563
55000900130316,2022-04-06,1,0,0.6361563
55000900130316,2022-04-07,1,0,0.6361563
55000900130316,2022-04-08,1,0,0.6361563
55000900130316,2022-04-09,1,0,0.6361563
55000900130316,2022-04-10,1,0,0.6361563
55000900130316,2022-04-11,1,0,0.6361563
55000900130316,2022-04-12,1,0,0.6361563
55000900130316,2022-04-13,1,0,0.6361563
55000900130316,2022-04-14,1,0,0.6361563
55000900130316,2022-04-15,1,0,0.6361563
55000900130316,2022-04-16,1,0,0.6361563
55000900130316,2022-04-17,1,0,0.6361563
55000900130316,2022-04-18,1,0,0.6361563
55000900130316,2022-04-19,1,0,0.6361563
55000900130316,2022-04-20,1,0,0.6361563
55000900130316,2022-04-21,1,0,0.6361563
55000900130316,2022-04-22,1,0,0.6361563
55000900130316,2022-04-23,1,0,0.6361563
55000900130316,2022-04-24,1,0,0.6361563
55000900130316,2022-04-25,1,0,0.6361563
55000900130316,2022-04-26,1,0,0.6361563
55000900130316,2022-04-27,1,0,0.6361563
55000900130316,2022-04-28,1,0,0.6361563
55000900130316,2022-04-29,1,0,0.6361563
55000900130316,2022-04-30,1,0,0.6361563
55000900130316,2022-05-01,1,0,0.6361563
55000900130316,2022-05-02,1,0,0.6361563
55000900130316,2022-05-03,1,0,0.6361563
55000900130316,2022-05-04,1,0,0.6361563
55000900130316,2022-05-05,1,0,0.6361563
55000900130316,2022-05-06,1,0,0.6361563
55000900130316,2022-05-07,1,0,0.6361563
55000900130316,2022-05-08,1,0,0.6361563
55000900130316,2022-05-09,1,0,0.6361563
55000900130316,2022-05-10,1,0,0.6361563
55000900130316,2022-05-11,1,0,0.6361563
55000900130316,2022-05-12,1,0,0.6361563
55000900130316,2022-05-13,1,0,0.6361563
55000900130316,2022-05-14,1,0,0.6361563
55000900130316,2022-05-15,1,0,0.6361563
55000900130316,2022-05-16,1,0,0.6361563
55000900130316,2022-05-17,1,0,0.6361563
55000900130316,2022-05-18,1,0,0.6361563
55000900130316,2022-05-19,1,0,0.6361563
55000900130316,2022-05-20,1,0,0.6361563
55000900130316,2022-05-21,1,0,0.6361563
55000900130316,2022-05-22,1,0,0.6361563
55000900130316,2022-05-23,1,0,0.6361563
55000900130316,2022-05-24,1,0,0.6361563
55000900130316,2022-05-25,1,0,0.6361563
55000900130316,2022-05-26,1,0,0.6361563
55000900130316,2022-05-27,1,0,0.6361563
55000900130316,2022-05-28,1,0,0.6361563
55000900130316,2022-05-29,1,0,0.6361563
55000900130316,2022-05-30,1,0,0.6361563
55000900130316,2022-05-31,1,0,0.6361563
55000900130316,2022-06-01,1,0,0.6361563
55000900130316,2022-06-02,1,0,0.6361563
55000900130316,2022-06-03,1,0,0.6361563
55000900130316,2022-06-04,1,0,0.6361563
55000900130316,2022-06-05,1,0,0.6361563
55000900130316,2022-06-06,1,0,0.6361563
55000900130316,2022-06-07,1,0,0.6361563
55000900130316,2022-06-08,1,0,0.6361563
55000900130316,2022-06-09,1,0,0.6361563
55000900130316,2022-06-10,1,0,0.6361563
55000900130316,2022-06-11,1,0,0.6361563
55000900130316,2022-06-12,1,0,0.6361563
55000900130316,2022-06-13,1,0,0.6361563
55000900130316,2022-06-14,1,0,0.6361563
55000900130316,2022-06-15,1,0,0.6361563
55000900130316,2022-06-16,1,0,0.6361563
55000900130316,2022-06-17,1,0,0.6361563
55000900130316,2022-06-18,1,0,0.6361563
55000900130316,2022-06-19,1,0,0.6361563
55000900130316,2022-06-20,1,0,0.6361563
55000900130316,2022-06-21,1,0,0.6361563
55000900130316,2022-06-22,1,0,0.6361563
55000900130316,2022-06-23,1,0,0.6361563
55000900130316,2022-06-24,1,0,0.6361563
55000900130316,2022-06-25,1,0,0.6361563
55000900130316,2022-06-26,1,0,0.6361563
55000900130316,2022-06-29,1,0,0.6361563
55000900130316,2022-06-30,1,0,0.6361563
55000900130316,2022-07-01,1,0,0.6361563
55000900130316,2022-07-02,1,0,0.6361563
55000900130316,2022-07-03,1,0,0.6361563
55000900130316,2022-07-04,1,0,0.6361563
55000900130316,2022-07-05,1,0,0.6361563
55000900130316,2022-07-06,1,0,0.6361563
55000900130316,2022-07-07,1,0,0.6361563
55000900130316,2022-07-08,1,0,0.6361563
55000900130316,2022-07-09,1,0,0.6361563
55000900130316,2022-07-10,1,0,0.6361563
55000900130316,2022-07-11,1,0,0.6361563
55000900130316,2022-07-12,1,0,0.6361563
55000900130316,2022-07-13,1,0,0.6361563
55000900130316,2022-07-14,1,0,0.6361563
55000900130316,2022-07-15,1,0,0.6361563
55000900130316,2022-07-16,1,0,0.6361563
55000900130316,2022-07-17,1,0,0.6361563
55000900130316,2022-07-18,1,0,0.6361563
55000900130316,2022-07-19,1,0,0.6361563
55000900130316,2022-07-20,1,0,0.6361563
55000900130316,2022-07-21,1,0,0.6361563
55000900130316,2022-07-22,1,0,0.6361563
55000900130316,2022-07-23,1,0,0.6361563
55000900130316,2022-07-24,1,0,0.6361563
55000900130316,2022-07-25,1,0,0.6361563
55000900130316,2022-07-26,1,0,0.6361563
55000900130316,2022-07-27,1,0,0.6361563
55000900130316,2022-07-28,1,0,0.6361563
55000900130316,2022-07-29,1,0,0.6361563
55000900130316,2022-07-30,1,0,0.6361563
55000900130316,2022-07-31,1,0,0.6361563
55000900130316,2022-08-01,1,0,0.6361563
55000900130316,2022-08-02,1,0,0.6361563
55000900130316,2022-08-03,1,0,0.6361563
55000900130316,2022-08-04,1,0,0.6361563
55000900130316,2022-08-05,1,0,0.6361563
55000900130316,2022-08-06,1,0,0.6361563
55000900130316,2022-08-07,1,0,0.6361563
55000900130316,2022-08-08,1,0,0.6361563
55000900130316,2022-08-09,1,0,0.6361563
55000900130316,2022-08-10,1,0,0.6361563
55000900130316,2022-08-11,1,0,0.6361563
55000900130316,2022-08-12,1,0,0.6361563
55000900130316,2022-08-13,1,0,0.6361563
55000900130316,2022-08-14,1,0,0.6361563
55000900130316,2022-08-15,1,0,0.6361563
55000900130316,2022-08-16,1,0,0.6361563
55000900130316,2022-08-17,1,0,0.6361563
55000900130316,2022-08-18,1,0,0.6361563
55000900130316,2022-08-19,1,0,0.6361563
55000900130316,2022-08-20,1,0,0.6361563
55000900130316,2022-08-21,1,0,0.6361563
55000900130316,2022-08-22,1,0,0.6361563
55000900130316,2022-08-23,1,0,0.6361563
55000900130316,2022-08-24,1,0,0.6361563
55000900130316,2022-08-25,1,0,0.6361563
55000900130316,2022-08-26,0,0,0.6361563
55000900130316,2022-08-27,0,0,0.6361563
55000900130316,2022-08-28,0,0,0.6361563
55000900130316,2022-08-29,0,0,0.012167866
55000900130316,2022-08-30,0,0,0.0051635974
55000900130316,2022-08-31,0,0,0.011452936
55000900130316,2022-09-01,0,0,0.013747893
55000900130316,2022-09-02,0,0,0.014450289
55000900130316,2022-09-03,0,0,0.014515136
55000900130316,2022-09-04,0,0,0.014665082
55000900130316,2022-09-05,0,0,0.014823276
55000900130316,2022-09-06,0,0,0.015019748
55000900130316,2022-09-07,0,0,0.015217485
55000900130316,2022-09-08,0,0,0.015415277
55000900130316,2022-09-09,0,0,0.015625546
55000900130316,2022-09-10,0,0,0.015831409
55000900130316,2022-09-11,0,0,0.01604787
55000900130316,2022-09-12,0,0,0.016254565
55000900130316,2022-09-13,0,0,0.016480468
55000900130316,2022-09-14,0,0,0.016691277
55000900130316,2022-09-15,0,0,0.016918093
55000900130316,2022-09-16,0,0,0.017120996
55000900130316,2022-09-17,0,0,0.017372448
55000900130316,2022-09-18,0,0,0.017594075
55000900130316,2022-09-19,0,0,0.017828321
55000900130316,2022-09-20,0,0,0.017992035
55000900130316,2022-09-21,1,0,0.018389815
55000900130316,2022-09-22,1,0,0.018812757
55000900130316,2022-09-23,0,0,0.019374186
55000900130316,2022-09-24,0,0,0.07951934
55000900130316,2022-09-25,0,0,0.04806997
55000900130316,2022-09-26,0,0,0.033086833
55000900130316,2022-09-27,0,0,0.023808565
55000900130316,2022-09-28,0,0,0.022172946
55000900130316,2022-09-29,0,0,0.023020813
55000900130316,2022-09-30,0,0,0.023045868
55000900130316,2022-10-01,0,0,0.023241628
55000900130316,2022-10-02,0,0,0.023450697
55000900130316,2022-10-03,0,0,0.023622775
55000900130316,2022-10-04,0,0,0.023806915
55000900130316,2022-10-05,0,0,0.023985041
55000900130316,2022-10-06,0,0,0.024169035
55000900130316,2022-10-07,0,0,0.024355892
55000900130316,2022-10-08,0,0,0.024536911
55000900130316,2022-10-09,0,0,0.02472227
55000900130316,2022-10-10,0,0,0.024910713
55000900130316,2022-10-11,0,0,0.025094377
55000900130316,2022-10-12,0,0,0.02526943
55000900130316,2022-10-13,0,0,0.025439275
55000900130316,2022-10-14,0,0,0.025637912
55000900130316,2022-10-15,0,0,0.025806138
55000900130316,2022-10-16,0,0,0.02573031
55000900130316,2022-10-17,0,0,0.02583978
55000900130316,2022-10-18,0,0,0.027515652
55000900130316,2022-10-19,0,0,0.029183276
55000900130316,2022-10-20,0,0,0.020138988
55000900130316,2022-10-21,1,0,0.028055519
55000900130316,2022-10-22,1,0,0.09351626
55000900130316,2022-10-23,1,0,0.019529298
55000900130316,2022-10-24,1,0,0.07575527
55000900130316,2022-10-25,1,0,0.021953763
55000900130316,2022-10-26,1,0,0.017666578
55000900130316,2022-10-27,1,0,0.02029204
55000900130316,2022-10-28,0,0,0.020858156
55000900130316,2022-10-29,0,0,0.032351565
55000900130316,2022-10-30,0,0,0.04516279
55000900130316,2022-10-31,0,0,0.00869416
55000900130316,2022-11-01,1,0,0.02290127
55000900130316,2022-11-02,1,0,0.024196427
55000900130316,2022-11-03,1,0,0.024075778
55000900130316,2022-11-04,1,0,0.28674966
55000900130316,2022-11-05,1,0,0.2647867
55000900130316,2022-11-06,1,0,0.2979068
55000900130316,2022-11-07,1,0,0.33342248
55000900130316,2022-11-08,1,0,0.38710004
55000900130316,2022-11-09,1,0,0.39111748
55000900130316,2022-11-10,1,0,0.46460217
55000900130316,2022-11-11,1,0,0.5790936
55000900130316,2022-11-12,1,0,0.66289073
55000900130316,2022-11-13,1,0,0.75514704
55000900130316,2022-11-14,1,0,0.81313986
55000900130316,2022-11-15,1,0,0.869047
55000900130316,2022-11-16,1,0,0.9110531
55000900130316,2022-11-17,1,0,0.9314529
55000900130316,2022-11-18,0,0,0.9372818
55000900130316,2022-11-19,0,0,0.9384999
55000900130316,2022-11-20,0,0,0.93959475
55000900130316,2022-11-21,0,0,0.22508606
55000900130316,2022-11-22,1,0,0.2206146
55000900130316,2022-11-23,1,0,0.12259678
55000900130316,2022-11-24,1,0,0.11007534
55000900130316,2022-11-25,1,0,0.22952141
55000900130316,2022-11-26,1,0,0.13235283
55000900130316,2022-11-27,1,0,0.20889004
55000900130316,2022-11-28,1,0,0.18208508
55000900130316,2022-11-29,1,0,0.27316353
55000900130316,2022-11-30,1,0,0.3273136
55000900130316,2022-12-01,1,0,0.38733357
55000900130316,2022-12-02,1,0,0.50756323
55000900130316,2022-12-03,1,0,0.24486583
55000900130316,2022-12-04,1,0,0.41137195
55000900130316,2022-12-05,1,0,0.5091364
55000900130316,2022-12-06,1,0,0.61069983
55000900130316,2022-12-07,1,0,0.7223185
55000900130316,2022-12-08,1,0,0.8549605
55000900130316,2022-12-09,1,0,0.9164818
55000900130316,2022-12-10,1,0,0.934792
55000900130316,2022-12-11,1,0,0.9401993
55000900130316,2022-12-12,1,0,0.9426421
55000900130316,2022-12-13,1,0,0.94428086
55000900130316,2022-12-14,1,0,0.9456698
55000900130316,2022-12-15,1,0,0.9473312
55000900130316,2022-12-16,1,0,0.9491579
55000900130316,2022-12-17,1,0,0.949068
55000900130316,2022-12-18,1,0,0.94985604
55000900130316,2022-12-19,1,0,0.95159924
55000900130316,2022-12-20,1,0,0.9478957
55000900130316,2022-12-21,1,0,0.94987637
55000900130316,2022-12-22,1,0,0.95249987
55000900130316,2022-12-23,1,0,0.9541752
55000900130316,2022-12-24,1,0,0.6361563
55000900130316,2022-12-25,1,0,0.6361563
55000900130316,2022-12-26,1,0,0.6361563
55000900130316,2022-12-27,1,0,0.6361563
55000900130316,2022-12-28,1,0,0.6361563
55000900130316,2022-12-29,1,0,0.6361563
55000900130316,2022-12-30,1,0,0.6361563
55000900130316,2022-12-31,1,0,0.6361563
55000900130316,2023-01-01,1,0,0.6361563
55000900130316,2023-01-02,1,0,0.6361563
55000900130316,2023-01-03,1,0,0.6361563
55000900130316,2023-01-04,1,0,0.6361563
55000900130316,2023-01-05,1,0,0.6361563
55000900130316,2023-01-06,1,0,0.6361563
55000900130316,2023-01-07,1,0,0.6361563
55000900130316,2023-01-08,1,0,0.6361563
55000900130316,2023-01-09,1,0,0.6361563
55000900130316,2023-01-10,1,0,0.6361563
55000900130316,2023-01-11,1,0,0.6361563
55000900130316,2023-01-12,1,0,0.6361563
55000900130316,2023-01-13,1,0,0.6361563
55000900130316,2023-01-14,1,0,0.6361563
55000900130316,2023-01-15,1,0,0.6361563
55000900130316,2023-01-16,1,0,0.6361563
55000900130316,2023-01-17,1,0,0.6361563
55000900130316,2023-01-18,1,0,0.6361563
55000900130316,2023-01-19,1,0,0.6361563
55000900130316,2023-01-20,1,0,0.6361563
55000900130316,2023-01-21,1,0,0.6361563
55000900130316,2023-01-22,1,0,0.6361563
55000900130316,2023-01-23,1,0,0.6361563
55000900130316,2023-01-24,1,0,0.6361563
55000900130316,2023-01-25,1,0,0.6361563
55000900130316,2023-01-26,1,0,0.6361563
55000900130316,2023-01-27,1,0,0.6361563
55000900130316,2023-01-28,1,0,0.6361563
55000900130316,2023-01-29,1,0,0.6361563
55000900130316,2023-01-30,1,0,0.6361563
55000900130316,2023-01-31,1,0,0.6361563
55000900130316,2023-02-01,1,0,0.6361563
55000900130316,2023-02-02,1,0,0.6361563
55000900130316,2023-02-03,1,0,0.6361563
55000900130316,2023-02-04,1,0,0.6361563
55000900130316,2023-02-05,1,0,0.6361563
55000900130316,2023-02-06,1,0,0.6361563
55000900130316,2023-02-07,1,0,0.6361563
55000900130316,2023-02-08,1,0,0.6361563
55000900130316,2023-02-09,1,0,0.6361563
55000900130316,2023-02-10,1,0,0.6361563
55000900130316,2023-02-11,1,0,0.6361563
55000900130316,2023-02-12,1,0,0.6361563
55000900130316,2023-02-13,1,0,0.6361563
55000900130316,2023-02-14,1,0,0.6361563
55000900130316,2023-02-15,1,0,0.6361563
55000900130316,2023-02-16,1,0,0.6361563
55000900130316,2023-02-17,1,0,0.6361563
55000900130316,2023-02-18,1,0,0.6361563
55000900130316,2023-02-19,1,0,0.6361563
55000900130316,2023-02-20,1,0,0.6361563
55000900130316,2023-02-21,1,0,0.6361563
55000900130316,2023-02-22,1,0,0.6361563
55000900130316,2023-02-23,1,0,0.6361563
55000900130316,2023-02-24,1,0,0.6361563
55000900130316,2023-02-25,1,0,0.6361563
55000900130316,2023-02-26,1,0,0.6361563
55000900130316,2023-02-27,1,0,0.6361563
55000900130316,2023-02-28,1,0,0.6361563
55000900130316,2023-03-01,1,0,0.6361563
55000900130316,2023-03-02,1,0,0.6361563
55000900130316,2023-03-03,1,0,0.6361563
55000900130316,2023-03-04,1,0,0.6361563
55000900130316,2023-03-05,1,0,0.6361563
55000900130316,2023-03-06,1,0,0.6361563
55000900130316,2023-03-07,1,0,0.6361563
55000900130316,2023-03-08,1,0,0.6361563
55000900130316,2023-03-09,1,0,0.6361563
55000900130316,2023-03-10,1,0,0.6361563
55000900130316,2023-03-11,1,0,0.6361563
55000900130316,2023-03-13,1,0,0.6361563
55000900130316,2023-03-14,1,0,0.6361563
55000900130316,2023-03-15,1,0,0.6361563
55000900130316,2023-03-16,1,0,0.6361563
55000900130316,2023-03-17,1,0,0.6361563
55000900130316,2023-03-18,1,0,0.6361563
55000900130316,2023-03-19,1,0,0.6361563
55000900130316,2023-03-20,1,0,0.6361563
55000900130316,2023-03-21,1,0,0.6361563
55000900130316,2023-03-22,1,0,0.6361563
55000900130316,2023-03-23,1,0,0.6361563
55000900130316,2023-03-24,1,0,0.6361563
55000900130316,2023-03-25,1,0,0.6361563
55000900130316,2023-03-26,1,0,0.6361563
55000900130316,2023-03-27,1,0,0.6361563
55000900130316,2023-03-28,1,0,0.6361563
55000900130316,2023-03-29,1,0,0.6361563
55000900130316,2023-03-30,1,0,0.6361563
55000900130316,2023-03-31,1,0,0.6361563
55000900130316,2023-04-01,1,0,0.6361563
55000900130316,2023-04-02,1,0,0.6361563
55000900130316,2023-04-03,1,0,0.6361563
55000900130316,2023-04-04,1,0,0.6361563
55000900130316,2023-04-05,1,0,0.6361563
55000900130316,2023-04-06,1,0,0.6361563
55000900130316,2023-04-07,1,0,0.6361563
55000900130316,2023-04-08,1,0,0.6361563
55000900130316,2023-04-09,1,0,0.6361563
55000900130316,2023-04-10,1,0,0.6361563
55000900130316,2023-04-11,1,0,0.6361563
55000900130316,2023-04-12,1,0,0.6361563
55000900130316,2023-04-13,1,0,0.6361563
55000900130316,2023-04-14,1,0,0.6361563
55000900130316,2023-04-15,1,0,0.6361563
55000900130316,2023-04-16,1,0,0.6361563
55000900130316,2023-04-17,1,0,0.6361563
55000900130316,2023-04-18,1,0,0.6361563
55000900130316,2023-04-19,1,0,0.6361563
55000900130316,2023-04-20,1,0,0.6361563
55000900131558,2020-09-11,1,9,0.14434198
55000900131558,2020-09-12,1,9,0.3295763
55000900131558,2020-09-13,1,9,0.17909345
55000900131558,2020-09-14,1,9,0.29577366
55000900131558,2020-09-15,1,9,0.20585747
55000900131558,2020-09-16,1,9,0.73788583
55000900131558,2020-09-17,1,9,0.5837643
55000900131558,2020-09-18,1,9,0.58470243
55000900131558,2020-09-19,1,9,0.3411389
55000900131558,2020-09-20,1,9,0.5877727
55000900131558,2020-09-21,1,9,0.8898279
55000900131558,2020-09-22,1,9,0.8516474
55000900131558,2020-09-23,1,9,0.87956977
55000900131558,2020-09-24,1,9,0.9913011
55000900131558,2020-09-25,1,9,0.99834156
55000900131558,2020-09-26,1,9,0.9979882
55000900131558,2020-09-27,1,9,0.996932
55000900131558,2020-09-28,1,9,0.9995245
55000900131558,2020-09-29,1,9,0.999701
55000900131558,2020-09-30,1,9,0.9996283
55000900131558,2020-10-01,1,9,0.9976615
55000900131558,2020-10-02,1,9,0.9943674
55000900131558,2020-10-03,1,9,0.91517967
55000900131558,2020-10-04,1,9,0.9387608
55000900131558,2020-10-05,1,9,0.9525392
55000900131558,2020-10-06,1,9,0.9932201
55000900131558,2020-10-07,1,9,0.99834657
55000900131558,2020-10-08,1,9,0.9978975
55000900131558,2020-10-09,1,9,0.99705255
55000900131558,2020-10-10,1,9,0.9998901
55000900131558,2020-10-11,1,9,0.99855965
55000900131558,2020-10-12,1,9,0.9976667
55000900131558,2020-10-13,1,9,0.9999671
55000900131558,2020-10-14,1,9,0.99999905
55000900131558,2020-10-15,1,9,0.9999975
55000900131558,2020-10-16,1,9,0.99999905
55000900131558,2020-10-17,1,9,0.99999917
55000900131558,2020-10-18,1,9,0.9999976
55000900131558,2020-10-19,1,9,0.9999989
55000900131558,2020-10-20,1,0,0.9999989
55000900131558,2020-10-21,1,0,0.99999905
55000900133417,2020-09-11,1,0,0.9998018
55000900133417,2020-09-12,1,0,0.99882275
55000900133417,2020-09-13,1,0,0.9995958
55000900133417,2020-09-14,1,0,0.9990202
55000900133417,2020-09-15,1,0,0.99928063
55000900133417,2020-09-16,1,0,0.99843127
55000900133417,2020-09-17,1,0,0.9988311
55000900133417,2020-09-18,1,0,0.9971091
55000900133417,2020-09-19,1,0,0.99809605
55000900133417,2020-09-20,1,0,0.9980617
55000900133417,2020-09-21,1,0,0.99956995
55000900133417,2020-09-22,1,0,0.9994117
55000900133417,2020-09-23,1,0,0.99722666
55000900133417,2020-09-24,1,0,0.99414057
55000900133417,2020-09-25,1,0,0.999131
55000900133417,2020-09-26,1,0,0.99917126
55000900133417,2020-09-27,1,0,0.99992967
55000900133417,2020-09-28,1,0,0.9999976
55000900133417,2020-09-29,1,0,0.9999995
55000900133417,2020-09-30,1,0,0.9999988
55000900133417,2020-10-01,1,0,0.99999976
55000900133417,2020-10-02,1,0,0.9999993
55000900133417,2020-10-03,1,0,0.9999989
55000900133417,2020-10-04,1,0,0.99999595
55000900133417,2020-10-05,1,0,0.9999962
55000900133417,2020-10-06,1,0,0.9997025
55000900133417,2020-10-07,1,0,0.99993193
55000900133417,2020-10-08,1,0,0.9994449
55000900133417,2020-10-09,1,0,0.99988747
55000900133417,2020-10-10,1,0,0.9999745
55000900133417,2020-10-11,1,0,0.9999753
55000900133417,2020-10-12,1,0,0.9999585
55000900133417,2020-10-13,1,0,0.99999857
55000900133417,2020-10-14,1,0,0.9999982
55000900133417,2020-10-15,1,0,0.99999905
55000900133417,2020-10-16,1,0,0.9999994
55000900133417,2020-10-17,1,0,0.9999994
55000900133417,2020-10-18,1,0,0.99999964
55000900133417,2020-10-19,1,0,0.99999964
55000900133417,2020-10-20,1,0,0.9999989
55000900133417,2020-10-21,1,0,0.9999988
55000900133417,2020-10-22,1,0,0.9999931
55000900133417,2020-10-23,1,0,0.9999982
55000900133417,2020-10-24,1,0,0.9999995
55000900133417,2020-10-25,1,0,0.9999994
55000900133417,2020-10-26,1,0,0.9999994
55000900133417,2020-10-27,1,0,0.99999976
55000900133417,2020-10-28,1,0,0.9999995
55000900133417,2020-10-29,1,0,0.99999845
55000900133417,2020-10-30,1,0,0.9999976
55000900133417,2020-10-31,1,0,0.9999924
55000900133417,2020-11-01,1,0,0.99999297
55000900133417,2020-11-02,1,0,0.99999857
55000900133417,2020-11-03,1,0,0.99996805
55000900133417,2020-11-04,1,0,0.9999894
55000900133417,2020-11-05,1,0,0.9999939
55000900133417,2020-11-06,1,0,0.99996376
55000900133417,2020-11-07,1,0,0.99999917
55000900133417,2020-11-08,1,0,0.9999995
55000900133417,2020-11-09,1,0,0.9999995
55000900133417,2020-11-10,1,0,0.99999964
55000900133417,2020-11-11,1,0,0.99999976
55000900133417,2020-11-12,1,0,0.9999995
55000900133417,2020-11-13,1,0,0.99999964
55000900133417,2020-11-14,1,0,0.99999964
55000900133417,2020-11-16,1,0,0.99999976
55000900133417,2020-11-17,1,0,0.99999976
55000900133417,2020-11-18,1,0,0.99999964
55000900133417,2020-11-19,1,0,0.9999994
55000900133417,2020-11-20,1,0,0.99999905
55000900133417,2020-11-21,1,0,0.99999976
55000900133417,2020-11-22,1,0,0.99999976
55000900133417,2020-11-23,1,0,0.9999994
55000900133417,2020-11-24,1,0,0.99999845
55000900133417,2020-11-25,1,0,0.9999988
55000900133417,2020-11-26,1,0,0.9999995
55000900133417,2020-11-27,1,0,0.99999976
55000900133417,2020-11-28,1,0,0.99999964
55000900133417,2020-11-29,1,0,0.99999964
55000900133417,2020-11-30,1,0,0.99999857
55000900133417,2020-12-01,1,0,0.9999993
55000900167054,2020-09-11,1,9,0.9766207
55000900167054,2020-09-12,1,9,0.97779375
55000900167054,2020-09-13,1,9,0.98487747
55000900167054,2020-09-14,1,9,0.99746275
55000900167054,2020-09-15,1,9,0.99763536
55000900167054,2020-09-16,1,9,0.99899894
55000900167054,2020-09-17,1,9,0.9992581
55000900167054,2020-09-18,1,9,0.99770015
55000900167054,2020-09-19,1,9,0.9980118
55000900167054,2020-09-20,1,9,0.9992055
55000900167054,2020-09-21,1,9,0.99958795
55000900167054,2020-09-22,1,9,0.99824
55000900167054,2020-09-23,1,9,0.9999652
55000900167054,2020-09-24,1,9,0.9998901
55000900167054,2020-09-25,1,9,0.9999728
55000900167054,2020-09-26,1,9,0.99999595
55000900167054,2020-09-27,1,9,0.9999914
55000900167054,2020-09-28,1,9,0.99999774
55000900167054,2020-09-29,1,9,0.9999981
55000900167054,2020-09-30,1,9,0.9999988
55000900167054,2020-10-01,1,9,0.9999975
55000900167054,2020-10-02,1,9,0.9998797
55000900167054,2020-10-03,1,9,0.99975353
55000900167054,2020-10-04,1,9,0.99956983
55000900167054,2020-10-05,1,9,0.99993026
55000900167054,2020-10-06,1,9,0.9999461
55000900167054,2020-10-07,1,9,0.9999714
55000900167054,2020-10-08,1,9,0.99996483
55000900167054,2020-10-09,1,9,0.9999509
55000900167054,2020-10-10,1,9,0.99992096
55000900167054,2020-10-11,1,9,0.9999169
55000900167054,2020-10-12,1,9,0.99998546
55000900167054,2020-10-13,1,9,0.99999785
55000900167054,2020-10-14,1,9,0.9999974
55000900167054,2020-10-15,1,9,0.9999987
55000900167054,2020-10-16,1,9,0.9999981
55000900167054,2020-10-17,1,9,0.9999931
55000900167054,2020-10-18,1,9,0.9999994
55000900167054,2020-10-19,1,0,0.9999981
55000900167054,2020-10-20,1,0,0.9999771
55000900167055,2020-09-11,1,0,0.99999714
55000900167055,2020-09-12,1,0,0.99999046
55000900167055,2020-09-13,1,0,0.9999732
55000900167055,2020-09-14,1,0,0.9999924
55000900167055,2020-09-15,1,0,0.99999356
55000900167055,2020-09-16,1,0,0.9999871
55000900167055,2020-09-17,1,0,0.99999416
55000900167055,2020-09-18,1,0,0.9999924
55000900167055,2020-09-19,1,0,0.999982
55000900167055,2020-09-20,1,0,0.99999666
55000900167055,2020-09-21,1,0,0.9999956
55000900167055,2020-09-22,1,0,0.999998
55000900167055,2020-09-23,1,0,0.99999774
55000900167055,2020-09-24,1,0,0.99999857
55000900167055,2020-09-25,1,0,0.9999981
55000900167055,2020-09-26,1,0,0.9999993
55000900167055,2020-09-27,1,0,0.9999994
55000900167055,2020-09-28,1,0,0.99999917
55000900167055,2020-09-29,1,0,0.99999964
55000900167055,2020-09-30,1,0,0.9999994
55000900167055,2020-10-01,1,0,0.9999994
55000900167055,2020-10-02,1,0,0.9999994
55000900167055,2020-10-03,1,0,0.999998
55000900167055,2020-10-04,1,0,0.99999785
55000900167055,2020-10-05,1,0,0.99999917
55000900167055,2020-10-06,1,0,0.99999845
55000900167055,2020-10-07,1,0,0.99999785
55000900167055,2020-10-08,1,0,0.9999949
55000900167055,2020-10-09,1,0,0.9999975
55000900167055,2020-10-10,1,0,0.9999981
55000900167055,2020-10-11,1,0,0.9999993
55000900167055,2020-10-12,1,0,0.99999845
55000900167055,2020-10-13,1,0,0.9999987
55000900167055,2020-10-14,1,0,0.9999993
55000900167055,2020-10-15,1,0,0.9999999
55000900167055,2020-10-16,1,0,0.9999989
55000900167055,2020-10-17,1,0,0.9999994
55000900167055,2020-10-18,1,0,0.99999917
55000900167055,2020-10-19,1,0,0.99999905
55000900167055,2020-10-20,1,0,0.9999993
55000900167055,2020-10-21,1,0,0.9999989
55000900167055,2020-10-22,1,0,0.99999917
55000900167055,2020-10-23,1,0,0.9999994
55000900167055,2020-10-24,1,0,0.99999964
55000900167055,2020-10-25,1,0,0.9999994
55000900167055,2020-10-26,1,0,0.9999999
55000900167055,2020-10-27,1,0,0.99999964
55000900167055,2020-10-28,1,0,0.9999994
55000900167055,2020-10-29,1,0,0.99999774
55000900167055,2020-10-30,1,0,0.99999976
55000900167055,2020-10-31,1,0,0.9999982
55000900167055,2020-11-01,1,0,0.99999905
55000900167055,2020-11-02,1,0,0.99999964
55000900167055,2020-11-03,1,0,0.99999964
55000900167055,2020-11-04,1,0,0.999998
55000900167055,2020-11-05,1,0,0.9999988
55000900167055,2020-11-06,1,0,0.9999994
55000900167055,2020-11-07,1,0,0.99999905
55000900167055,2020-11-08,1,0,0.99999964
55000900167055,2020-11-09,1,0,0.9999993
55000900167055,2020-11-10,1,0,0.9999995
55000900167055,2020-11-11,1,0,0.99999905
55000900167055,2020-11-12,1,0,0.9999994
55000900167055,2020-11-13,1,0,0.99999976
55000900167055,2020-11-14,1,0,0.9999995
55000900167055,2020-11-16,1,0,0.99999976
55000900167055,2020-11-17,1,0,0.99999964
55000900167055,2020-11-18,1,0,0.99999917
55000900167055,2020-11-19,1,0,0.99999964
55000900167055,2020-11-20,1,0,0.9999999
55000900167055,2020-11-21,1,0,0.99999976
55000900167055,2020-11-22,1,0,0.99999976
55000900167055,2020-11-23,1,0,0.9999995
55000900167055,2020-11-24,1,0,0.99999964
55000900167055,2020-11-25,1,0,0.99999976
55000900167055,2020-11-26,1,0,0.9999994
55000900167055,2020-11-27,1,0,0.99999976
55000900167055,2020-11-28,1,0,0.99999976
55000900167055,2020-11-29,1,0,0.9999995
55000900167055,2020-11-30,1,0,0.9999994
55000900167692,2020-09-11,1,9,0.99962187
55000900167692,2020-09-12,1,9,0.99908507
55000900167692,2020-09-13,1,9,0.9996673
55000900167692,2020-09-14,1,9,0.99924797
55000900167692,2020-09-15,1,9,0.99914074
55000900167692,2020-09-16,1,9,0.99939835
55000900167692,2020-09-17,1,9,0.99963737
55000900167692,2020-09-19,1,9,0.99972886
55000900167692,2020-09-20,1,9,0.9998274
55000900167692,2020-09-21,1,9,0.99993837
55000900167692,2020-09-22,1,9,0.99998844
55000900167692,2020-09-23,1,9,0.9999975
55000900167692,2020-09-24,1,9,0.99993753
55000900167692,2020-09-25,1,9,0.9999858
55000900167692,2020-09-26,1,9,0.9999925
55000900167692,2020-09-27,1,9,0.9999945
55000900167692,2020-09-28,1,9,0.99998796
55000900167692,2020-09-29,1,9,0.9999987
55000900167692,2020-09-30,1,9,0.9999987
55000900167692,2020-10-01,1,9,0.9999913
55000900167692,2020-10-02,1,9,0.99998236
55000900167692,2020-10-03,1,9,0.9999621
55000900167692,2020-10-04,1,9,0.99996877
55000900167692,2020-10-05,1,9,0.9999876
55000900167692,2020-10-10,1,9,0.999984
55000900167692,2020-10-11,1,9,0.99999475
55000900167692,2020-10-12,1,9,0.9999763
55000900167692,2020-10-13,1,9,0.99999857
55000900167692,2020-10-14,1,9,0.99999917
55000900167692,2020-10-15,1,9,0.99999535
55000900167692,2020-10-16,1,9,0.9999939
55000900167692,2020-10-17,1,9,0.9999956
55000900167692,2020-10-18,1,0,0.9999956
55000900167692,2020-10-19,1,0,0.9999989
55000900167704,2020-09-11,1,9,0.9999441
55000900167704,2020-09-12,1,9,0.9998907
55000900167704,2020-09-13,1,9,0.99991715
55000900167704,2020-09-14,1,9,0.9999764
55000900167704,2020-09-15,1,9,0.99999225
55000900167704,2020-09-16,1,9,0.9999722
55000900167704,2020-09-17,1,9,0.9999931
55000900167704,2020-09-18,1,9,0.99997437
55000900167704,2020-09-19,1,9,0.99998116
55000900167704,2020-09-20,1,9,0.9999882
55000900167704,2020-09-21,1,9,0.99999666
55000900167704,2020-09-22,1,9,0.99999666
55000900167704,2020-09-23,1,9,0.9999944
55000900167704,2020-09-24,1,9,0.99996877
55000900167704,2020-09-25,1,9,0.9999888
55000900167704,2020-09-26,1,9,0.9999969
55000900167704,2020-09-27,1,9,0.99999726
55000900167704,2020-09-28,1,9,0.9999989
55000900167704,2020-09-29,1,9,0.9999994
55000900167704,2020-09-30,1,9,0.99999833
55000900167704,2020-10-01,1,9,0.99999106
55000900167704,2020-10-02,1,9,0.99999416
55000900167704,2020-10-03,1,9,0.9999937
55000900167704,2020-10-04,1,9,0.99999225
55000900167704,2020-10-05,1,9,0.9999913
55000900167704,2020-10-06,1,9,0.99999607
55000900167704,2020-10-07,1,9,0.9999937
55000900167704,2020-10-08,1,9,0.9999931
55000900167704,2020-10-09,1,9,0.9999925
55000900167704,2020-10-10,1,9,0.99999046
55000900167704,2020-10-11,1,9,0.99999523
55000900167704,2020-10-12,1,9,0.99999774
55000900167704,2020-10-13,1,9,0.99999607
55000900167704,2020-10-14,1,9,0.9999964
55000900167704,2020-10-15,1,9,0.9999975
55000900167704,2020-10-16,1,9,0.9999974
55000900167704,2020-10-17,1,9,0.9999987
55000900167704,2020-10-18,1,9,0.99999654
55000900167704,2020-10-19,1,9,0.999998
55000900167704,2020-10-20,1,9,0.99999917
55000900167704,2020-10-21,1,9,0.9999939
55000900167704,2020-10-22,0,0,0.99999666
55000900167704,2020-10-23,0,0,0.9999933
55000900167704,2020-10-24,0,0,0.99996305
55000900167704,2020-10-25,1,0,0.9367895
55000900167704,2020-10-26,1,0,0.23996502
55000900167704,2020-10-27,1,0,0.07235429
55000900167704,2020-10-28,1,0,0.027656827
55000900167704,2020-10-29,0,0,0.016264798
55000900167704,2020-10-30,0,0,0.024804255
55000900167704,2020-10-31,0,0,0.040006556
55000900167704,2020-11-01,0,0,0.009124792
55000900167704,2020-11-02,0,0,0.019284936
55000900167704,2020-11-03,0,0,0.028359987
55000900167704,2020-11-04,0,0,0.05230627
55000900167704,2020-11-05,1,0,0.012408261
55000900167704,2020-11-06,1,0,0.014639546
55000900167704,2020-11-07,1,0,0.02581325
55000900167704,2020-11-08,0,0,0.018390996
55000900167704,2020-11-09,0,0,0.08520967
55000900167704,2020-11-10,1,0,0.5589813
55000900167704,2020-11-11,1,0,0.15808038
55000900167704,2020-11-12,1,0,0.059146598
55000900167704,2020-11-13,1,0,0.9807314
55000900167704,2020-11-14,1,0,0.73941547
55000900167704,2020-11-15,1,0,0.99449074
55000900167704,2020-11-16,1,0,0.9999161
55000900167704,2020-11-17,1,0,0.99997675
55000900167704,2020-11-18,1,0,0.99992704
55000900167704,2020-11-19,1,0,0.9997737
55000900167704,2020-11-20,1,0,0.999956
55000900167704,2020-11-21,1,0,0.99994755
55000900167704,2020-11-22,1,0,0.9999441
55000900167704,2020-11-23,1,0,0.9998124
55000900167704,2020-11-24,1,0,0.9987208
55000900167704,2020-11-25,1,0,0.99950576
55000900167704,2020-11-26,1,0,0.99991405
55000900167704,2020-11-27,1,0,0.99997807
55000900167704,2020-11-28,1,0,0.99998176
55000900167704,2020-11-29,1,0,0.9999652
55000900167704,2020-11-30,1,0,0.9994716
55000900167704,2020-12-01,1,0,0.9990608
55000900167704,2020-12-02,1,0,0.999529
55000900167704,2020-12-03,1,0,0.99997723
55000900167704,2020-12-04,1,0,0.999821
55000900167704,2020-12-05,1,0,0.99988306
55000900167704,2020-12-06,1,0,0.9997578
55000900167704,2020-12-07,1,0,0.999884
55000900167704,2020-12-08,1,0,0.9999894
55000900167704,2020-12-09,1,0,0.9999838
55000900167704,2020-12-10,1,0,0.9999467
55000900167704,2020-12-11,1,0,0.9998271
55000900167704,2020-12-12,1,0,0.99997973
55000900167704,2020-12-13,1,0,0.99999
55000900167704,2020-12-14,1,0,0.9999962
55000900167704,2020-12-15,1,0,0.999972
55000900167704,2020-12-16,1,0,0.99999034
55000900167704,2020-12-17,1,0,0.9999801
55000900167704,2020-12-18,1,0,0.9999925
55000900167704,2020-12-19,1,0,0.99998736
55000900167704,2020-12-20,1,0,0.9999926
55000900167704,2020-12-21,1,0,0.99996877
55000900167704,2020-12-22,1,0,0.9999771
55000900167704,2020-12-23,1,0,0.99995303
55000900167704,2020-12-24,1,0,0.99998176
55000900167704,2020-12-25,1,0,0.99999475
55000900167704,2020-12-26,1,0,0.99997854
55000900167704,2020-12-27,1,0,0.9999685
55000900167704,2020-12-28,1,0,0.9999777
55000900167704,2020-12-29,1,0,0.9999844
55000900167704,2020-12-30,1,0,0.9998338
55000900167704,2020-12-31,1,0,0.99992454
55000900167704,2021-01-01,1,0,0.99993265
55000900167704,2021-01-02,1,0,0.99999654
55000900167704,2021-01-03,1,0,0.9999906
55000900167704,2021-01-04,1,0,0.9999589
55000900167704,2021-01-05,1,0,0.9999745
55000900167704,2021-01-06,1,0,0.99996436
55000900167704,2021-01-07,1,0,0.9999696
55000900167704,2021-01-08,1,0,0.9999671
55000900167704,2021-01-09,1,0,0.99996877
55000900167704,2021-01-10,1,0,0.9999682
55000900167704,2021-01-11,1,0,0.99997056
55000900167704,2021-01-12,1,0,0.9999703
55000900167704,2021-01-13,1,0,0.9999691
55000900167704,2021-01-14,1,0,0.99997044
55000900167704,2021-01-15,1,0,0.999969
55000900167704,2021-01-16,1,0,0.99997056
55000900167704,2021-01-17,1,0,0.9999707
55000900167704,2021-01-18,1,0,0.99997044
55000900167704,2021-01-19,1,0,0.99997103
55000900167704,2021-01-20,1,0,0.99997103
55000900167704,2021-01-21,1,0,0.99996984
55000900167704,2021-01-22,1,0,0.99997044
55000900167704,2021-01-23,1,0,0.99996996
55000900167704,2021-01-24,1,0,0.99996924
55000900167704,2021-01-25,1,0,0.999969
55000900167704,2021-01-26,1,0,0.99997115
55000900167704,2021-01-27,1,0,0.9999707
55000900167704,2021-01-28,1,0,0.9999689
55000900167704,2021-01-29,1,0,0.9999695
55000900167704,2021-01-30,1,0,0.9999703
55000900167704,2021-01-31,1,0,0.999972
55000900167704,2021-02-01,1,0,0.9999697
55000900167704,2021-02-02,1,0,0.9999697
55000900167704,2021-02-03,1,0,0.9999697
55000900167704,2021-02-04,1,0,0.9999697
55000900167704,2021-02-05,1,0,0.9999697
55000900167704,2021-02-06,1,0,0.9999697
55000900167704,2021-02-07,1,0,0.9999697
55000900167704,2021-02-08,1,0,0.9999697
55000900167704,2021-02-09,1,0,0.9999697
55000900167704,2021-02-10,1,0,0.9999697
55000900167704,2021-02-11,1,0,0.9999697
55000900167704,2021-02-12,1,0,0.9999697
55000900167704,2021-02-13,1,0,0.9999697
55000900167704,2021-02-14,1,0,0.9999697
55000900167704,2021-02-15,1,0,0.9999697
55000900167704,2021-02-16,1,0,0.9999697
55000900167704,2021-02-17,1,0,0.9999697
55000900167704,2021-02-18,1,0,0.9999697
55000900167704,2021-02-19,1,0,0.9999697
55000900167704,2021-02-20,1,0,0.9999697
55000900167704,2021-02-21,1,0,0.9999697
55000900167704,2021-02-22,1,0,0.9999697
55000900167704,2021-02-23,1,0,0.9999697
55000900167704,2021-02-24,1,0,0.9999697
55000900167704,2021-02-25,1,0,0.9999697
55000900167704,2021-02-26,1,0,0.9999697
55000900167704,2021-02-27,1,0,0.9999697
55000900167704,2021-02-28,1,0,0.9999697
55000900167704,2021-03-01,1,0,0.9999697
55000900167704,2021-03-02,1,0,0.9999697
55000900167704,2021-03-03,1,0,0.9999697
55000900167704,2021-03-04,1,0,0.9999697
55000900167704,2021-03-05,1,0,0.9999697
55000900167704,2021-03-06,1,0,0.9999697
55000900167704,2021-03-07,1,0,0.9999697
55000900167704,2021-03-08,1,0,0.9999697
55000900167704,2021-03-09,1,0,0.9999697
55000900167704,2021-03-10,1,0,0.9999697
55000900167704,2021-03-11,1,0,0.9999697
55000900167704,2021-03-12,1,0,0.9999697
55000900167704,2021-03-13,1,0,0.9999697
55000900167704,2021-03-15,1,0,0.9999697
55000900167704,2021-03-16,1,0,0.9999697
55000900167704,2021-03-17,1,0,0.9999697
55000900167704,2021-03-18,1,0,0.9999697
55000900167704,2021-03-19,1,0,0.9999697
55000900167704,2021-03-20,1,0,0.9999697
55000900167704,2021-03-21,1,0,0.9999697
55000900167704,2021-03-22,1,0,0.9999697
55000900167704,2021-03-23,1,0,0.9999697
55000900167704,2021-03-24,1,0,0.9999697
55000900167704,2021-03-25,1,0,0.9999697
55000900167704,2021-03-26,1,0,0.9999697
55000900167704,2021-03-27,1,0,0.9999697
55000900167704,2021-03-28,1,0,0.9999697
55000900167704,2021-03-29,1,0,0.9999697
55000900167704,2021-03-30,1,0,0.9999697
55000900167704,2021-03-31,1,0,0.9999697
55000900167704,2021-04-01,1,0,0.9999697
55000900167704,2021-04-02,1,0,0.9999697
55000900167704,2021-04-03,1,0,0.9999697
55000900167704,2021-04-04,1,0,0.9999697
55000900167704,2021-04-05,1,0,0.9999697
55000900167704,2021-04-06,1,0,0.9999697
55000900167704,2021-04-07,1,0,0.9999697
55000900167704,2021-04-08,1,0,0.9999697
55000900167704,2021-04-09,1,0,0.9999697
55000900167704,2021-04-10,1,0,0.9999697
55000900167704,2021-04-11,1,0,0.9999697
55000900167704,2021-04-12,1,0,0.9999697
55000900167704,2021-04-13,1,0,0.9999697
55000900167704,2021-04-14,1,0,0.9999697
55000900167704,2021-04-15,1,0,0.9999697
55000900167704,2021-04-16,1,0,0.9999697
55000900167704,2021-04-17,1,0,0.9999697
55000900167704,2021-04-18,1,0,0.9999697
55000900167704,2021-04-19,1,0,0.9999697
55000900167704,2021-04-20,1,0,0.9999697
55000900167704,2021-04-21,1,0,0.9999697
55000900167704,2021-04-22,1,0,0.9999697
55000900167704,2021-04-23,1,0,0.9999697
55000900167704,2021-04-24,1,0,0.9999697
55000900167704,2021-04-25,1,0,0.9999697
55000900167704,2021-04-26,1,0,0.9999697
55000900167704,2021-04-27,1,0,0.9999697
55000900167704,2021-04-28,1,0,0.9999697
55000900167704,2021-04-29,1,0,0.9999697
55000900167704,2021-04-30,1,0,0.9999697
55000900167704,2021-05-01,1,0,0.9999697
55000900167704,2021-05-02,1,0,0.9999697
55000900167704,2021-05-03,1,0,0.9999697
55000900167704,2021-05-04,1,0,0.9999697
55000900167704,2021-05-05,1,0,0.9999697
55000900167704,2021-05-06,1,0,0.9999697
55000900167704,2021-05-07,1,0,0.9999697
55000900167704,2021-05-08,1,0,0.9999697
55000900167704,2021-05-09,1,0,0.9999697
55000900167704,2021-05-10,1,0,0.9999697
55000900167704,2021-05-11,1,0,0.9999697
55000900167704,2021-05-12,1,0,0.9999697
55000900167704,2021-05-13,1,0,0.9999697
55000900167704,2021-05-14,1,0,0.9999697
55000900167704,2021-05-15,1,0,0.9999697
55000900167704,2021-05-16,1,0,0.9999697
55000900167704,2021-05-17,1,0,0.9999697
55000900167704,2021-05-18,1,0,0.9999697
55000900167704,2021-05-19,1,0,0.9999697
55000900167704,2021-05-20,1,0,0.9999697
55000900167704,2021-05-21,1,0,0.9999697
55000900167704,2021-05-22,1,0,0.9999697
55000900167704,2021-05-23,1,0,0.9999697
55000900167704,2021-05-24,1,0,0.9999697
55000900167704,2021-05-25,1,0,0.9999697
55000900167704,2021-05-26,1,0,0.9999697
55000900167704,2021-05-27,1,0,0.9999697
55000900167704,2021-05-28,1,0,0.9999697
55000900167704,2021-05-29,1,0,0.9999697
55000900167704,2021-05-30,1,0,0.9999697
55000900167704,2021-05-31,1,0,0.9999697
55000900167704,2021-06-01,1,0,0.9999697
55000900167704,2021-06-02,1,0,0.9999697
55000900167704,2021-06-03,1,0,0.9999697
55000900167704,2021-06-04,1,0,0.9999697
55000900167704,2021-06-05,1,0,0.9999697
55000900167704,2021-06-06,1,0,0.9999697
55000900167704,2021-06-07,1,0,0.9999697
55000900167704,2021-06-08,1,0,0.9999697
55000900167704,2021-06-09,1,0,0.9999697
55000900167704,2021-06-10,1,0,0.9999697
55000900167704,2021-06-11,1,0,0.9999697
55000900167704,2021-06-12,1,0,0.9999697
55000900167704,2021-06-13,1,0,0.9999697
55000900167704,2021-06-14,1,0,0.9999697
55000900167704,2021-06-15,1,0,0.9999697
55000900167704,2021-06-16,1,0,0.9999697
55000900167704,2021-06-17,1,0,0.9999697
55000900167704,2021-06-18,1,0,0.9999697
55000900167704,2021-06-19,1,0,0.9999697
55000900167704,2021-06-20,1,0,0.9999697
55000900167704,2021-06-21,1,0,0.9999697
55000900167704,2021-06-22,1,0,0.9999697
55000900167704,2021-06-23,1,0,0.9999697
55000900167704,2021-06-24,1,0,0.9999697
55000900167704,2021-06-25,1,0,0.9999697
55000900167704,2021-06-26,1,0,0.9999697
55000900167704,2021-06-27,1,0,0.9999697
55000900167704,2021-06-28,1,0,0.9999697
55000900167704,2021-06-29,1,0,0.9999697
55000900167704,2021-06-30,1,0,0.9999697
55000900167704,2021-07-01,1,0,0.9999697
55000900167704,2021-07-02,1,0,0.9999697
55000900167704,2021-07-03,1,0,0.9999697
55000900167704,2021-07-04,1,0,0.9999697
55000900167704,2021-07-05,1,0,0.9999697
55000900167704,2021-07-06,1,0,0.9999697
55000900167704,2021-07-07,1,0,0.9999697
55000900167704,2021-07-08,1,0,0.9999697
55000900167704,2021-07-09,0,0,0.9999697
55000900167704,2021-07-10,0,0,0.9999697
55000900167704,2021-07-11,0,0,0.9999697
55000900167704,2021-07-12,0,0,0.99981755
55000900167704,2021-07-13,0,0,0.9996352
55000900167704,2021-07-14,0,0,0.9997483
55000900167704,2021-07-15,0,0,0.9998659
55000900167704,2021-07-16,0,0,0.9998894
55000900167704,2021-07-17,0,0,0.9999466
55000900167704,2021-07-18,0,0,0.99996865
55000900167704,2021-07-19,0,0,0.9999461
55000900167704,2021-07-20,0,0,0.99997365
55000900167704,2021-07-21,0,0,0.9999443
55000900167704,2021-07-22,0,0,0.9999733
55000900167704,2021-07-23,0,0,0.9999459
55000900167704,2021-07-24,0,0,0.99997354
55000900167704,2021-07-25,0,0,0.9999486
55000900167704,2021-07-26,0,0,0.99997604
55000900167704,2021-07-27,0,0,0.99997854
55000900167704,2021-07-28,0,0,0.99999666
55000900167704,2021-07-29,0,0,0.9999963
55000900167704,2021-07-30,0,0,0.9999963
55000900167704,2021-07-31,0,0,0.99999475
55000900167704,2021-08-01,0,0,0.99999654
55000900167704,2021-08-02,0,0,0.999995
55000900167704,2021-08-03,0,0,0.9999962
55000900167704,2021-08-04,0,0,0.9999976
55000900167704,2021-08-05,0,0,0.9999975
55000900167704,2021-08-06,0,0,0.99999
55000900167704,2021-08-07,0,0,0.9999305
55000900167704,2021-08-08,0,0,0.9999957
55000900167704,2021-08-09,0,0,0.9999896
55000900167704,2021-08-10,0,0,0.99973375
55000900167704,2021-08-11,0,0,0.99973375
55000900167704,2021-08-12,0,0,0.99973375
55000900167704,2021-08-13,0,0,0.99973375
55000900167704,2021-08-14,0,0,0.99973375
55000900167704,2021-08-15,0,0,0.99973375
55000900167704,2021-08-16,0,0,0.99973375
55000900167704,2021-08-17,0,0,0.99973375
55000900167704,2021-08-18,0,0,0.99973375
55000900167704,2021-08-20,0,0,0.99973375
55000900167704,2021-08-21,0,0,0.99973375
55000900167704,2021-08-22,0,0,0.99973375
55000900167704,2021-08-23,0,0,0.99973375
55000900167704,2021-08-24,0,0,0.99973375
55000900167704,2021-08-25,0,0,0.99973375
55000900167704,2021-08-26,0,0,0.99973375
55000900167704,2021-08-27,0,0,0.99973375
55000900167704,2021-08-28,0,0,0.99973375
55000900167704,2021-08-29,0,0,0.99973375
55000900167704,2021-08-30,0,0,0.99973375
55000900167704,2021-08-31,0,0,0.99973375
55000900167704,2021-09-01,0,0,0.99973375
55000900167704,2021-09-02,0,0,0.99973375
55000900167704,2021-09-03,0,0,0.99973375
55000900167704,2021-09-04,0,0,0.99973375
55000900167704,2021-09-05,0,0,0.99973375
55000900167704,2021-09-06,0,0,0.99973375
55000900167704,2021-09-07,0,0,0.99973375
55000900167704,2021-09-08,0,0,0.99973375
55000900167704,2021-09-09,0,0,0.99973375
55000900167704,2021-09-10,0,0,0.99973375
55000900167704,2021-09-11,0,0,0.99973375
55000900167704,2021-09-12,0,0,0.99973375
55000900167704,2021-09-13,0,0,0.99973375
55000900167704,2021-09-14,0,0,0.99973375
55000900167704,2021-09-15,0,0,0.99973375
55000900167704,2021-09-16,0,0,0.99973375
55000900167704,2021-09-17,0,0,0.99973375
55000900167704,2021-09-18,1,0,0.99973375
55000900167704,2021-09-19,1,0,0.99973375
55000900167704,2021-09-20,0,0,0.99973375
55000900167704,2021-09-21,0,0,0.9998884
55000900167704,2021-09-22,0,0,0.9999398
55000900167704,2021-09-23,0,0,0.99996674
55000900167704,2021-09-24,0,0,0.99954224
55000900167704,2021-09-25,0,0,0.99934596
55000900167704,2021-09-26,0,0,0.9991736
55000900167704,2021-09-27,1,0,0.9989491
55000900167704,2021-09-28,1,0,0.9991774
55000900167704,2021-09-29,0,0,0.99910057
55000900167704,2021-09-30,0,0,0.99955696
55000900167704,2021-10-01,0,0,0.9998747
55000900167704,2021-10-02,0,0,0.99996316
55000900167704,2021-10-03,0,0,0.9995442
55000900167704,2021-10-04,0,0,0.99899584
55000900167704,2021-10-05,0,0,0.99992824
55000900167704,2021-10-06,0,0,0.9997446
55000900167704,2021-10-07,0,0,0.9998429
55000900167704,2021-10-08,0,0,0.9999473
55000900167704,2021-10-09,0,0,0.99993825
55000900167704,2021-10-10,0,0,0.9999634
55000900167704,2021-10-11,0,0,0.9999329
55000900167704,2021-10-12,0,0,0.99996257
55000900167704,2021-10-13,0,0,0.9999347
55000900167704,2021-10-14,0,0,0.9999647
55000900167704,2021-10-15,0,0,0.9999825
55000900167704,2021-10-16,0,0,0.999997
55000900167704,2021-10-17,0,0,0.9998331
55000900167704,2021-10-18,0,0,0.9999144
55000900167704,2021-10-19,0,0,0.99994063
55000900167704,2021-10-21,0,0,0.9999893
55000900167704,2021-10-22,1,0,0.99998844
55000900167704,2021-10-23,1,0,0.9999287
55000900167704,2021-10-24,1,0,0.99993527
55000900167704,2021-10-25,1,0,0.9999989
55000900167704,2021-10-26,1,0,0.9999876
55000900167704,2021-10-27,1,0,0.9999726
55000900167704,2021-10-28,1,0,0.99994695
55000900167704,2021-10-29,1,0,0.9999634
55000900167704,2021-10-30,1,0,0.99997246
55000900167704,2021-10-31,1,0,0.99997735
55000900167704,2021-11-01,1,0,0.9999721
55000900167704,2021-11-02,1,0,0.9999757
55000900167704,2021-11-03,1,0,0.9999763
55000900167704,2021-11-04,1,0,0.999977
55000900167704,2021-11-05,1,0,0.99997663
55000900167704,2021-11-06,1,0,0.99997795
55000900167704,2021-11-07,1,0,0.99997747
55000900167704,2021-11-08,1,0,0.99997795
55000900167704,2021-11-09,1,0,0.9999778
55000900167704,2021-11-10,1,0,0.99997807
55000900167704,2021-11-11,1,0,0.99997795
55000900167704,2021-11-12,1,0,0.9999777
55000900167704,2021-11-13,1,0,0.99997795
55000900167704,2021-11-14,1,0,0.9999778
55000900167704,2021-11-15,1,0,0.9999776
55000900167704,2021-11-16,1,0,0.99997735
55000900167704,2021-11-17,1,0,0.9999771
55000900167704,2021-11-18,1,0,0.99997675
55000900167704,2021-11-19,1,0,0.9999765
55000900167704,2021-11-20,1,0,0.99999475
55000900167704,2021-11-21,1,0,0.99999404
55000900167704,2021-11-22,1,0,0.999984
55000900167704,2021-11-23,1,0,0.9999697
55000900167704,2021-11-24,1,0,0.9999697
55000900167704,2021-11-25,1,0,0.9999697
55000900167704,2021-11-26,1,0,0.9999697
55000900167704,2021-11-27,1,0,0.9999697
55000900167704,2021-11-28,1,0,0.9999697
55000900167704,2021-11-29,1,0,0.9999697
55000900167704,2021-11-30,1,0,0.9999697
55000900167704,2021-12-01,1,0,0.9999697
55000900167704,2021-12-02,1,0,0.9999697
55000900167704,2021-12-03,1,0,0.9999697
55000900167704,2021-12-04,1,0,0.9999697
55000900167704,2021-12-05,1,0,0.9999697
55000900167704,2021-12-06,1,0,0.9999697
55000900167704,2021-12-07,1,0,0.9999697
55000900167704,2021-12-08,1,0,0.9999697
55000900167704,2021-12-09,1,0,0.9999697
55000900167704,2021-12-10,1,0,0.9999697
55000900167704,2021-12-11,1,0,0.9999697
55000900167704,2021-12-12,1,0,0.9999697
55000900167704,2021-12-13,1,0,0.9999697
55000900167704,2021-12-14,1,0,0.9999697
55000900167704,2021-12-15,1,0,0.9999697
55000900167704,2021-12-16,1,0,0.9999697
55000900167704,2021-12-17,1,0,0.9999697
55000900167704,2021-12-18,1,0,0.9999697
55000900167704,2021-12-19,1,0,0.9999697
55000900167704,2021-12-20,1,0,0.9999697
55000900167704,2021-12-21,1,0,0.9999697
55000900167704,2021-12-22,1,0,0.9999697
55000900167704,2021-12-23,1,0,0.9999697
55000900167704,2021-12-24,1,0,0.9999697
55000900167704,2021-12-25,1,0,0.9999697
55000900167704,2021-12-26,1,0,0.9999697
55000900167704,2021-12-27,1,0,0.9999697
55000900167704,2021-12-28,1,0,0.9999697
55000900167704,2021-12-29,1,0,0.9999697
55000900167704,2021-12-30,1,0,0.9999697
55000900167704,2021-12-31,1,0,0.9999697
55000900167704,2022-01-01,1,0,0.9999697
55000900167704,2022-01-02,1,0,0.9999697
55000900167704,2022-01-03,1,0,0.9999697
55000900167704,2022-01-04,1,0,0.9999697
55000900167704,2022-01-05,1,0,0.9999697
55000900167704,2022-01-06,1,0,0.9999697
55000900167704,2022-01-07,1,0,0.9999697
55000900167704,2022-01-08,1,0,0.9999697
55000900167704,2022-01-09,1,0,0.9999697
55000900167704,2022-01-10,1,0,0.9999697
55000900167704,2022-01-11,1,0,0.9999697
55000900167704,2022-01-12,1,0,0.9999697
55000900167704,2022-01-13,1,0,0.9999697
55000900167704,2022-01-14,1,0,0.9999697
55000900167704,2022-01-15,1,0,0.9999697
55000900167704,2022-01-16,1,0,0.9999697
55000900167704,2022-01-17,1,0,0.9999697
55000900167704,2022-01-18,1,0,0.9999697
55000900167704,2022-01-19,1,0,0.9999697
55000900167704,2022-01-20,1,0,0.9999697
55000900167704,2022-01-21,1,0,0.9999697
55000900167704,2022-01-22,1,0,0.9999697
55000900167704,2022-01-23,1,0,0.9999697
55000900167704,2022-01-24,1,0,0.9999697
55000900167704,2022-01-25,1,0,0.9999697
55000900167704,2022-01-26,1,0,0.9999697
55000900167704,2022-01-27,1,0,0.9999697
55000900167704,2022-01-28,1,0,0.9999697
55000900167704,2022-01-29,1,0,0.9999697
55000900167704,2022-01-30,1,0,0.9999697
55000900167704,2022-01-31,1,0,0.9999697
55000900167704,2022-02-01,1,0,0.9999697
55000900167704,2022-02-02,1,0,0.9999697
55000900167704,2022-02-03,1,0,0.9999697
55000900167704,2022-02-04,1,0,0.9999697
55000900167704,2022-02-05,1,0,0.9999697
55000900167704,2022-02-06,1,0,0.9999697
55000900167704,2022-02-07,1,0,0.9999697
55000900167704,2022-02-08,1,0,0.9999697
55000900167704,2022-02-09,1,0,0.9999697
55000900167704,2022-02-10,1,0,0.9999697
55000900167704,2022-02-11,1,0,0.9999697
55000900167704,2022-02-12,1,0,0.9999697
55000900167704,2022-02-13,1,0,0.9999697
55000900167704,2022-02-14,1,0,0.9999697
55000900167704,2022-02-15,1,0,0.9999697
55000900167704,2022-02-16,1,0,0.9999697
55000900167704,2022-02-17,1,0,0.9999697
55000900167704,2022-02-18,1,0,0.9999697
55000900167704,2022-02-19,1,0,0.9999697
55000900167704,2022-02-20,1,0,0.9999697
55000900167704,2022-02-21,1,0,0.9999697
55000900167704,2022-02-22,1,0,0.9999697
55000900167704,2022-02-23,1,0,0.9999697
55000900167704,2022-02-24,1,0,0.9999697
55000900167704,2022-02-25,1,0,0.9999697
55000900167704,2022-02-26,1,0,0.9999697
55000900167704,2022-02-27,1,0,0.9999697
55000900167704,2022-02-28,1,0,0.9999697
55000900167704,2022-03-01,1,0,0.9999697
55000900167704,2022-03-02,1,0,0.9999697
55000900167704,2022-03-03,1,0,0.9999697
55000900167704,2022-03-04,1,0,0.9999697
55000900167704,2022-03-05,1,0,0.9999697
55000900167704,2022-03-06,1,0,0.9999697
55000900167704,2022-03-07,1,0,0.9999697
55000900167704,2022-03-08,1,0,0.9999697
55000900167704,2022-03-09,1,0,0.9999697
55000900167704,2022-03-10,1,0,0.9999697
55000900167704,2022-03-11,1,0,0.9999697
55000900167704,2022-03-12,1,0,0.9999697
55000900167704,2022-03-14,1,0,0.9999697
55000900167704,2022-03-15,1,0,0.9999697
55000900167704,2022-03-16,1,0,0.9999697
55000900167704,2022-03-17,1,0,0.9999697
55000900167704,2022-03-18,1,0,0.9999697
55000900167704,2022-03-19,1,0,0.9999697
55000900167704,2022-03-20,1,0,0.9999697
55000900167704,2022-03-21,1,0,0.9999697
55000900167704,2022-03-22,1,0,0.9999697
55000900167704,2022-03-23,1,0,0.9999697
55000900167704,2022-03-24,1,0,0.9999697
55000900167704,2022-03-25,1,0,0.9999697
55000900167704,2022-03-26,1,0,0.9999697
55000900167704,2022-03-27,1,0,0.9999697
55000900167704,2022-03-28,1,0,0.9999697
55000900167704,2022-03-29,1,0,0.9999697
55000900167704,2022-03-30,1,0,0.9999697
55000900167704,2022-03-31,1,0,0.9999697
55000900167704,2022-04-01,1,0,0.9999697
55000900167704,2022-04-02,1,0,0.9999697
55000900167704,2022-04-03,1,0,0.9999697
55000900167704,2022-04-04,1,0,0.9999697
55000900167704,2022-04-05,1,0,0.9999697
55000900167704,2022-04-06,1,0,0.9999697
55000900167704,2022-04-07,1,0,0.9999697
55000900167704,2022-04-08,1,0,0.9999697
55000900167704,2022-04-09,1,0,0.9999697
55000900167704,2022-04-10,1,0,0.9999697
55000900167704,2022-04-11,1,0,0.9999697
55000900167704,2022-04-12,1,0,0.9999697
55000900167704,2022-04-13,1,0,0.9999697
55000900167704,2022-04-14,1,0,0.9999697
55000900167704,2022-04-15,1,0,0.9999697
55000900167704,2022-04-16,1,0,0.9999697
55000900167704,2022-04-17,1,0,0.9999697
55000900167704,2022-04-18,1,0,0.9999697
55000900167704,2022-04-19,1,0,0.9999697
55000900167704,2022-04-20,1,0,0.9999697
55000900167704,2022-04-21,1,0,0.9999697
55000900167704,2022-04-22,1,0,0.9999697
55000900167704,2022-04-23,1,0,0.9999697
55000900167704,2022-04-24,1,0,0.9999697
55000900167704,2022-04-25,1,0,0.9999697
55000900167704,2022-04-26,1,0,0.9999697
55000900167704,2022-04-27,1,0,0.9999697
55000900167704,2022-04-28,1,0,0.9999697
55000900167704,2022-04-29,1,0,0.9999697
55000900167704,2022-04-30,1,0,0.9999697
55000900167704,2022-05-01,1,0,0.9999697
55000900167704,2022-05-02,1,0,0.9999697
55000900167704,2022-05-03,1,0,0.9999697
55000900167704,2022-05-04,1,0,0.9999697
55000900167704,2022-05-05,1,0,0.9999697
55000900167704,2022-05-06,1,0,0.9999697
55000900167704,2022-05-07,1,0,0.9999697
55000900167704,2022-05-08,1,0,0.9999697
55000900167704,2022-05-09,1,0,0.9999697
55000900167704,2022-05-10,1,0,0.9999697
55000900167704,2022-05-11,1,0,0.9999697
55000900167704,2022-05-12,1,0,0.9999697
55000900167704,2022-05-13,1,0,0.9999697
55000900167704,2022-05-14,1,0,0.9999697
55000900167704,2022-05-15,1,0,0.9999697
55000900167704,2022-05-16,1,0,0.9999697
55000900167704,2022-05-17,1,0,0.9999697
55000900167704,2022-05-18,1,0,0.9999697
55000900167704,2022-05-19,1,0,0.9999697
55000900167704,2022-05-20,1,0,0.9999697
55000900167704,2022-05-21,1,0,0.9999697
55000900167704,2022-05-22,1,0,0.9999697
55000900167704,2022-05-23,1,0,0.9999697
55000900167704,2022-05-24,1,0,0.9999697
55000900167704,2022-05-25,1,0,0.9999697
55000900167704,2022-05-26,1,0,0.9999697
55000900167704,2022-05-27,1,0,0.9999697
55000900167704,2022-05-28,1,0,0.9999697
55000900167704,2022-05-29,1,0,0.9999697
55000900167704,2022-05-30,1,0,0.9999697
55000900167704,2022-05-31,1,0,0.9999697
55000900167704,2022-06-01,1,0,0.9999697
55000900167704,2022-06-02,1,0,0.9999697
55000900167704,2022-06-03,1,0,0.9999697
55000900167704,2022-06-04,1,0,0.9999697
55000900167704,2022-06-05,1,0,0.9999697
55000900167704,2022-06-06,1,0,0.9999697
55000900167704,2022-06-07,1,0,0.9999697
55000900167704,2022-06-08,1,0,0.9999697
55000900167704,2022-06-09,1,0,0.9999697
55000900167704,2022-06-10,1,0,0.9999697
55000900167704,2022-06-11,1,0,0.9999697
55000900167704,2022-06-12,1,0,0.9999697
55000900167704,2022-06-13,1,0,0.9999697
55000900167704,2022-06-14,1,0,0.9999697
55000900167704,2022-06-15,1,0,0.9999697
55000900167704,2022-06-16,1,0,0.9999697
55000900167704,2022-06-17,1,0,0.9999697
55000900167704,2022-06-18,1,0,0.9999697
55000900167704,2022-06-19,1,0,0.9999697
55000900167704,2022-06-20,1,0,0.9999697
55000900167704,2022-06-21,1,0,0.9999697
55000900167704,2022-06-22,1,0,0.9999697
55000900167704,2022-06-23,1,0,0.9999697
55000900167704,2022-06-24,1,0,0.9999697
55000900167704,2022-06-25,1,0,0.9999697
55000900167704,2022-06-26,1,0,0.9999697
55000900167704,2022-06-27,1,0,0.9999697
55000900167704,2022-06-28,1,0,0.9999697
55000900167704,2022-06-29,1,0,0.9999697
55000900167704,2022-06-30,1,0,0.9999697
55000900167704,2022-07-01,1,0,0.9999697
55000900167704,2022-07-02,1,0,0.9999697
55000900167704,2022-07-03,1,0,0.9999697
55000900167704,2022-07-04,1,0,0.9999697
55000900167704,2022-07-05,1,0,0.9999697
55000900167704,2022-07-06,1,0,0.9999697
55000900167704,2022-07-07,1,0,0.9999697
55000900167704,2022-07-08,1,0,0.9999697
55000900167704,2022-07-09,1,0,0.9999697
55000900167704,2022-07-10,1,0,0.9999697
55000900167704,2022-07-11,1,0,0.9999697
55000900167704,2022-07-12,1,0,0.9999697
55000900167704,2022-07-13,1,0,0.9999697
55000900167704,2022-07-14,1,0,0.9999697
55000900167704,2022-07-15,1,0,0.9999697
55000900167704,2022-07-16,1,0,0.9999697
55000900167704,2022-07-17,1,0,0.9999697
55000900167704,2022-07-18,1,0,0.9999697
55000900167704,2022-07-19,1,0,0.9999697
55000900167704,2022-07-20,1,0,0.9999697
55000900167704,2022-07-21,1,0,0.9999697
55000900167704,2022-07-22,1,0,0.9999697
55000900167704,2022-07-23,1,0,0.9999697
55000900167704,2022-07-24,1,0,0.9999697
55000900167704,2022-07-25,1,0,0.9999697
55000900167704,2022-07-26,1,0,0.9999697
55000900167704,2022-07-27,1,0,0.9999697
55000900167704,2022-07-28,1,0,0.9999697
55000900167704,2022-07-29,1,0,0.9999697
55000900167704,2022-07-30,1,0,0.9999697
55000900167704,2022-07-31,1,0,0.9999697
55000900167704,2022-08-01,1,0,0.9999697
55000900167704,2022-08-02,1,0,0.9999697
55000900167704,2022-08-03,1,0,0.9999697
55000900167704,2022-08-04,1,0,0.9999697
55000900167704,2022-08-05,1,0,0.9999697
55000900167704,2022-08-06,1,0,0.9999697
55000900167704,2022-08-07,1,0,0.9999697
55000900167704,2022-08-08,1,0,0.9999697
55000900167704,2022-08-09,1,0,0.9999697
55000900167704,2022-08-10,1,0,0.9999697
55000900167704,2022-08-11,1,0,0.9999697
55000900167704,2022-08-12,1,0,0.9999697
55000900167704,2022-08-13,1,0,0.9999697
55000900167704,2022-08-14,1,0,0.9999697
55000900167704,2022-08-15,1,0,0.9999697
55000900167704,2022-08-16,1,0,0.9999697
55000900167704,2022-08-17,1,0,0.9999697
55000900167704,2022-08-18,1,0,0.9999697
55000900167704,2022-08-19,1,0,0.9999697
55000900167704,2022-08-20,1,0,0.9999697
55000900167704,2022-08-21,1,0,0.9999697
55000900167704,2022-08-22,1,0,0.9999697
55000900167704,2022-08-23,1,0,0.9999697
55000900167704,2022-08-24,1,0,0.9999697
55000900167704,2022-08-25,1,0,0.9999697
55000900167704,2022-08-26,1,0,0.9999697
55000900167704,2022-08-27,1,0,0.9999697
55000900167704,2022-08-28,1,0,0.9999697
55000900167704,2022-08-29,1,0,0.9999697
55000900167704,2022-08-30,1,0,0.9999697
55000900167704,2022-08-31,1,0,0.9999697
55000900167704,2022-09-01,1,0,0.9999697
55000900167704,2022-09-02,1,0,0.9999697
55000900167704,2022-09-03,1,0,0.9999697
55000900167704,2022-09-04,1,0,0.9999697
55000900167704,2022-09-05,0,0,0.9999697
55000900167704,2022-09-06,0,0,0.9999697
55000900167704,2022-09-07,0,0,0.9999697
55000900167704,2022-09-08,0,0,0.99981755
55000900167704,2022-09-09,0,0,0.9996352
55000900167704,2022-09-10,0,0,0.9997483
55000900167704,2022-09-11,0,0,0.9998659
55000900167704,2022-09-12,0,0,0.9998894
55000900167704,2022-09-13,0,0,0.9999466
55000900167704,2022-09-14,0,0,0.99996865
55000900167704,2022-09-15,0,0,0.9999461
55000900167704,2022-09-16,0,0,0.99997365
55000900167704,2022-09-17,0,0,0.9999443
55000900167704,2022-09-18,0,0,0.9999733
55000900167704,2022-09-19,0,0,0.9999459
55000900167704,2022-09-20,0,0,0.99997354
55000900167704,2022-09-21,0,0,0.9999486
55000900167704,2022-09-22,0,0,0.99997604
55000900167704,2022-09-23,0,0,0.99997854
55000900167704,2022-09-24,0,0,0.99999666
55000900167704,2022-09-25,0,0,0.9999963
55000900167704,2022-09-26,0,0,0.9999963
55000900167704,2022-09-27,0,0,0.99999475
55000900167704,2022-09-28,0,0,0.99999654
55000900167704,2022-09-29,0,0,0.999995
55000900167704,2022-09-30,0,0,0.9999962
55000900167704,2022-10-01,0,0,0.9999976
55000900167704,2022-10-02,0,0,0.9999975
55000900167704,2022-10-03,0,0,0.99999
55000900167704,2022-10-04,0,0,0.9999305
55000900167704,2022-10-05,0,0,0.9999957
55000900167704,2022-10-06,0,0,0.9999896
55000900167704,2022-10-07,0,0,0.99973375
55000900167704,2022-10-08,0,0,0.99973375
55000900167704,2022-10-09,0,0,0.99973375
55000900167704,2022-10-10,0,0,0.99973375
55000900167704,2022-10-11,0,0,0.99973375
55000900167704,2022-10-12,0,0,0.99973375
55000900167704,2022-10-13,0,0,0.99973375
55000900167704,2022-10-14,0,0,0.99973375
55000900167704,2022-10-15,0,0,0.99973375
55000900167704,2022-10-16,0,0,0.99973375
55000900167704,2022-10-17,0,0,0.99973375
55000900167704,2022-10-18,0,0,0.99973375
55000900167704,2022-10-19,0,0,0.99973375
55000900167704,2022-10-20,0,0,0.99973375
55000900167704,2022-10-21,0,0,0.99973375
55000900167704,2022-10-22,1,0,0.99973375
55000900167704,2022-10-23,0,0,0.99973375
55000900167704,2022-10-24,1,0,0.99973375
55000900167704,2022-10-25,1,0,0.9998884
55000900167704,2022-10-26,1,0,0.9999262
55000900167704,2022-10-27,0,0,0.999949
55000900167704,2022-10-28,0,0,0.999951
55000900167704,2022-10-29,0,0,0.9999548
55000900167704,2022-10-30,0,0,0.99995804
55000900167704,2022-10-31,0,0,0.99958307
55000900167704,2022-11-01,1,0,0.999408
55000900167704,2022-11-02,0,0,0.99968326
55000900167704,2022-11-03,0,0,0.9995433
55000900167704,2022-11-04,1,0,0.9996784
55000900167704,2022-11-05,1,0,0.999948
55000900167704,2022-11-06,1,0,0.9997807
55000900167704,2022-11-07,1,0,0.9997812
55000900167704,2022-11-08,1,0,0.99988604
55000900167704,2022-11-09,1,0,0.9999478
55000900167704,2022-11-10,1,0,0.99996626
55000900167704,2022-11-11,1,0,0.9999713
55000900167704,2022-11-12,1,0,0.9999709
55000900167704,2022-11-13,1,0,0.99997616
55000900167704,2022-11-14,1,0,0.9999777
55000900167704,2022-11-15,1,0,0.9999789
55000900167704,2022-11-16,1,0,0.99997866
55000900167704,2022-11-17,1,0,0.9999801
55000900167704,2022-11-18,1,0,0.9999796
55000900167704,2022-11-19,1,0,0.99997973
55000900167704,2022-11-20,1,0,0.99998116
55000900167704,2022-11-21,1,0,0.99997985
55000900167704,2022-11-22,1,0,0.99998665
55000900167704,2022-11-23,1,0,0.9999974
55000900167704,2022-11-24,1,0,0.9999881
55000900167704,2022-11-25,1,0,0.99999535
55000900167704,2022-11-26,1,0,0.9999949
55000900167704,2022-11-27,1,0,0.9999949
55000900167704,2022-11-28,1,0,0.99997735
55000900167704,2022-11-29,1,0,0.9999771
55000900167704,2022-11-30,1,0,0.9999782
55000900167704,2022-12-01,1,0,0.99997663
55000900167704,2022-12-02,1,0,0.99998546
55000900167704,2022-12-03,1,0,0.99999416
55000900167704,2022-12-04,1,0,0.99999404
55000900167704,2022-12-05,1,0,0.999984
55000900167704,2022-12-06,1,0,0.9999697
55000900167704,2022-12-07,1,0,0.9999697
55000900167704,2022-12-08,1,0,0.9999697
55000900167704,2022-12-09,1,0,0.9999697
55000900167704,2022-12-10,1,0,0.9999697
55000900167704,2022-12-11,1,0,0.9999697
55000900167704,2022-12-12,1,0,0.9999697
55000900167704,2022-12-13,1,0,0.9999697
55000900167704,2022-12-14,1,0,0.9999697
55000900167704,2022-12-15,1,0,0.9999697
55000900167704,2022-12-16,1,0,0.9999697
55000900167704,2022-12-17,1,0,0.9999697
55000900167704,2022-12-18,1,0,0.9999697
55000900167704,2022-12-19,1,0,0.9999697
55000900167704,2022-12-20,1,0,0.9999697
55000900167704,2022-12-21,1,0,0.9999697
55000900167704,2022-12-22,1,0,0.9999697
55000900167704,2022-12-23,1,0,0.9999697
55000900167704,2022-12-24,1,0,0.9999697
55000900167704,2022-12-25,1,0,0.9999697
55000900167704,2022-12-26,1,0,0.9999697
55000900167704,2022-12-27,1,0,0.9999697
55000900167704,2022-12-28,1,0,0.9999697
55000900167704,2022-12-29,1,0,0.9999697
55000900167704,2022-12-30,1,0,0.9999697
55000900167704,2022-12-31,1,0,0.9999697
55000900167704,2023-01-01,1,0,0.9999697
55000900167704,2023-01-02,1,0,0.9999697
55000900167704,2023-01-03,1,0,0.9999697
55000900167704,2023-01-04,1,0,0.9999697
55000900167704,2023-01-05,1,0,0.9999697
55000900167704,2023-01-06,1,0,0.9999697
55000900167704,2023-01-07,1,0,0.9999697
55000900167704,2023-01-08,1,0,0.9999697
55000900167704,2023-01-09,1,0,0.9999697
55000900167704,2023-01-10,1,0,0.9999697
55000900167704,2023-01-11,1,0,0.9999697
55000900167704,2023-01-12,1,0,0.9999697
55000900167704,2023-01-13,1,0,0.9999697
55000900167704,2023-01-14,1,0,0.9999697
55000900167704,2023-01-15,1,0,0.9999697
55000900167704,2023-01-16,1,0,0.9999697
55000900167704,2023-01-17,1,0,0.9999697
55000900167704,2023-01-18,1,0,0.9999697
55000900167704,2023-01-19,1,0,0.9999697
55000900167704,2023-01-20,1,0,0.9999697
55000900167704,2023-01-21,1,0,0.9999697
55000900167704,2023-01-22,1,0,0.9999697
55000900167704,2023-01-23,1,0,0.9999697
55000900167704,2023-01-24,1,0,0.9999697
55000900167704,2023-01-25,1,0,0.9999697
55000900167704,2023-01-26,1,0,0.9999697
55000900167704,2023-01-27,1,0,0.9999697
55000900167704,2023-01-28,1,0,0.9999697
55000900167704,2023-01-29,1,0,0.9999697
55000900167704,2023-01-30,1,0,0.9999697
55000900167704,2023-01-31,1,0,0.9999697
55000900167704,2023-02-01,1,0,0.9999697
55000900167704,2023-02-02,1,0,0.9999697
55000900167704,2023-02-03,1,0,0.9999697
55000900167704,2023-02-04,1,0,0.9999697
55000900167704,2023-02-05,1,0,0.9999697
55000900167704,2023-02-06,1,0,0.9999697
55000900167704,2023-02-07,1,0,0.9999697
55000900167704,2023-02-08,1,0,0.9999697
55000900167704,2023-02-09,1,0,0.9999697
55000900167704,2023-02-10,1,0,0.9999697
55000900167704,2023-02-11,1,0,0.9999697
55000900167704,2023-02-12,1,0,0.9999697
55000900167704,2023-02-13,1,0,0.9999697
55000900167704,2023-02-14,1,0,0.9999697
55000900167704,2023-02-15,1,0,0.9999697
55000900167704,2023-02-16,1,0,0.9999697
55000900167704,2023-02-17,1,0,0.9999697
55000900167704,2023-02-18,1,0,0.9999697
55000900167704,2023-02-19,1,0,0.9999697
55000900167704,2023-02-20,1,0,0.9999697
55000900167704,2023-02-21,1,0,0.9999697
55000900167704,2023-02-22,1,0,0.9999697
55000900167704,2023-02-23,1,0,0.9999697
55000900167704,2023-02-24,1,0,0.9999697
55000900167704,2023-02-25,1,0,0.9999697
55000900167704,2023-02-26,1,0,0.9999697
55000900167704,2023-02-27,1,0,0.9999697
55000900167704,2023-02-28,1,0,0.9999697
55000900167704,2023-03-01,1,0,0.9999697
55000900167704,2023-03-02,1,0,0.9999697
55000900167704,2023-03-03,1,0,0.9999697
55000900167704,2023-03-04,1,0,0.9999697
55000900167704,2023-03-05,1,0,0.9999697
55000900167704,2023-03-06,1,0,0.9999697
55000900167704,2023-03-07,1,0,0.9999697
55000900167704,2023-03-08,1,0,0.9999697
55000900167704,2023-03-09,1,0,0.9999697
55000900167704,2023-03-10,1,0,0.9999697
55000900167704,2023-03-11,1,0,0.9999697
55000900167704,2023-03-13,1,0,0.9999697
55000900167704,2023-03-14,1,0,0.9999697
55000900167704,2023-03-15,1,0,0.9999697
55000900167704,2023-03-16,1,0,0.9999697
55000900167704,2023-03-17,1,0,0.9999697
55000900167704,2023-03-18,1,0,0.9999697
55000900167704,2023-03-19,1,0,0.9999697
55000900167704,2023-03-20,1,0,0.9999697
55000900167704,2023-03-21,1,0,0.9999697
55000900167704,2023-03-22,1,0,0.9999697
55000900167704,2023-03-23,1,0,0.9999697
55000900167704,2023-03-24,1,0,0.9999697
55000900167704,2023-03-25,1,0,0.9999697
55000900167704,2023-03-26,1,0,0.9999697
55000900167704,2023-03-27,1,0,0.9999697
55000900167704,2023-03-28,1,0,0.9999697
55000900167704,2023-03-29,1,0,0.9999697
55000900167704,2023-03-30,1,0,0.9999697
55000900167704,2023-03-31,1,0,0.9999697
55000900167704,2023-04-01,1,0,0.9999697
55000900167704,2023-04-02,1,0,0.9999697
55000900167704,2023-04-03,1,0,0.9999697
55000900167704,2023-04-04,1,0,0.9999697
55000900167704,2023-04-05,1,0,0.9999697
55000900167704,2023-04-06,1,0,0.9999697
55000900167704,2023-04-07,1,0,0.9999697
55000900167704,2023-04-08,1,0,0.9999697
55000900167704,2023-04-09,1,0,0.9999697
55000900167704,2023-04-10,1,0,0.9999697
55000900167704,2023-04-11,1,0,0.9999697
55000900167704,2023-04-12,1,0,0.9999697
55000900167704,2023-04-13,1,0,0.9999697
55000900167704,2023-04-14,1,0,0.9999697
55000900167704,2023-04-15,1,0,0.9999697
55000900167704,2023-04-16,1,0,0.9999697
55000900167704,2023-04-17,1,0,0.9999697
55000900167704,2023-04-18,1,0,0.9999697
55000900167704,2023-04-19,1,0,0.9999697
55000900167704,2023-04-20,1,0,0.9999697
55000900200040,2020-09-11,1,0,0.9993667
55000900200040,2020-09-12,1,0,0.99944717
55000900200040,2020-09-13,1,0,0.9996965
55000900200040,2020-09-14,1,0,0.999819
55000900200040,2020-09-15,1,0,0.999864
55000900200040,2020-09-16,1,0,0.99975365
55000900200040,2020-09-17,1,0,0.999744
55000900200040,2020-09-18,1,0,0.9995776
55000900200040,2020-09-19,1,0,0.9993136
55000900200040,2020-09-20,1,0,0.9997806
55000900200040,2020-09-21,1,0,0.9999832
55000900200040,2020-09-22,1,0,0.9998864
55000900200040,2020-09-23,1,0,0.99991965
55000900200040,2020-09-24,1,0,0.9999262
55000900200040,2020-09-25,1,0,0.99988985
55000900200040,2020-09-26,1,0,0.99996924
55000900200040,2020-09-27,1,0,0.99995303
55000900200040,2020-09-28,1,0,0.99999905
55000900200040,2020-09-29,1,0,0.9999988
55000900200040,2020-09-30,1,0,0.99999905
55000900200040,2020-10-01,1,0,0.9999982
55000900200040,2020-10-02,1,0,0.9999957
55000900200040,2020-10-03,1,0,0.9999974
55000900200040,2020-10-04,1,0,0.99999654
55000900200040,2020-10-05,1,0,0.9999963
55000900200040,2020-10-06,1,0,0.99999774
55000900200040,2020-10-07,1,0,0.999979
55000900200040,2020-10-08,1,0,0.9999957
55000900200040,2020-10-09,1,0,0.9999981
55000900200040,2020-10-10,1,0,0.9999975
55000900200040,2020-10-11,1,0,0.99996805
55000900200040,2020-10-12,1,0,0.99992156
55000900200040,2020-10-13,1,0,0.99999964
55000900200040,2020-10-14,1,0,0.9999999
55000900200040,2020-10-15,1,0,0.99999976
55000900200040,2020-10-16,1,0,0.99999976
55000900200040,2020-10-17,1,0,0.99999976
55000900200040,2020-10-18,1,0,0.9999989
55000900200040,2020-10-19,1,0,0.9999995
55000900200040,2020-10-20,1,0,0.9999994
55000900200040,2020-10-21,1,0,0.9999989
55000900200040,2020-10-22,1,0,0.9999994
55000900200040,2020-10-23,1,0,0.9999989
55000900200040,2020-10-24,1,0,0.99999917
55000900200040,2020-10-25,1,0,0.9999995
55000900200040,2020-10-26,1,0,0.99999917
55000900200040,2020-10-27,1,0,0.9999995
55000900200040,2020-10-28,1,0,0.9999995
55000900200040,2020-10-29,1,0,0.99999905
55000900200040,2020-10-30,1,0,0.99999905
55000900200040,2020-10-31,1,0,0.99999905
55000900200040,2020-11-01,1,0,0.99999964
55000900200040,2020-11-02,1,0,0.99999917
55000900200040,2020-11-03,1,0,0.99999833
55000900200040,2020-11-04,1,0,0.9999988
55000900200040,2020-11-05,1,0,0.99999917
55000900200040,2020-11-06,1,0,0.9999999
55000900200040,2020-11-07,1,0,0.99999964
55000900200040,2020-11-08,1,0,0.9999995
55000900200040,2020-11-09,1,0,0.99999976
55000900200040,2020-11-10,1,0,0.9999999
55000900200040,2020-11-11,1,0,0.9999999
55000900200040,2020-11-12,1,0,0.9999999
55000900200040,2020-11-13,1,0,0.99999976
55000900200040,2020-11-14,1,0,0.99999976
55000900200040,2020-11-15,1,0,0.99999976
55000900200040,2020-11-16,1,0,0.99999964
55000900200040,2020-11-17,1,0,0.99999976
55000900200040,2020-11-18,1,0,0.9999999
55000900200040,2020-11-19,1,0,0.99999976
55000900200040,2020-11-20,1,0,0.99999976
55000900200040,2020-11-21,1,0,0.99999976
55000900200040,2020-11-22,1,0,0.9999999
55000900200040,2020-11-23,1,0,0.9999999
55000900200040,2020-11-24,1,0,0.99999976
55000900200040,2020-11-25,1,0,0.9999999
55000900200040,2020-11-26,1,0,0.99999976
55000900200040,2020-11-27,1,0,0.99999964
55000900200040,2020-11-28,1,0,0.99999976
55000900200040,2020-11-29,1,0,0.9999999
55000900200040,2020-11-30,1,0,0.99999976
55000900200040,2020-12-01,1,0,0.9999999
55000900200040,2020-12-02,1,0,0.99999976
55000900200040,2020-12-03,1,0,0.99999976
55000900200040,2020-12-04,1,0,0.99999964
55000900200040,2020-12-05,1,0,0.9999999
55000900200040,2020-12-06,1,0,0.99999976
55000900200040,2020-12-07,1,0,0.9999999
55000900200040,2020-12-08,1,0,0.99999976
55000900200040,2020-12-09,1,0,0.99999964
55000900200040,2020-12-10,1,0,0.99999976
55000900200040,2020-12-11,1,0,0.99999976
55000900200040,2020-12-12,1,0,0.99999964
55000900200040,2020-12-13,1,0,0.99999976
55000900200040,2020-12-14,1,0,0.99999976
55000900200040,2020-12-15,1,0,0.99999976
55000900200040,2020-12-16,1,0,0.99999976
55000900200040,2020-12-17,1,0,0.99999976
55000900200040,2020-12-18,1,0,0.99999976
55000900200040,2020-12-19,1,0,0.99999976
55000900200040,2020-12-20,1,0,0.99999976
55000900200040,2020-12-21,1,0,0.99999976
55000900200040,2020-12-22,1,0,0.99999964
55000900200040,2020-12-23,1,0,0.99999964
55000900200040,2020-12-24,1,0,0.99999964
55000900200040,2020-12-25,1,0,0.99999976
55000900200040,2020-12-26,1,0,0.99999976
55000900200040,2020-12-27,1,0,0.99999917
55000900200040,2020-12-28,1,0,0.99999964
55000900200040,2020-12-29,1,0,0.99999976
55000900200040,2020-12-30,1,0,0.99999976
55000900200040,2020-12-31,1,0,0.9999995
55000900200040,2021-01-01,1,0,0.9999999
55000900200040,2021-01-02,1,0,0.99999976
55000900200040,2021-01-03,1,0,0.99999964
55000900200040,2021-01-04,1,0,0.9999999
55000900200040,2021-01-05,1,0,0.9999999
55000900200040,2021-01-06,1,0,0.9999999
55000900200040,2021-01-07,1,0,0.9999999
55000900200040,2021-01-08,1,0,0.9999999
55000900200040,2021-01-09,1,0,0.99999976
55000900200040,2021-01-10,1,0,0.99999976
55000900200040,2021-01-11,1,0,0.9999999
55000900200040,2021-01-12,1,0,0.9999999
55000900200040,2021-01-13,1,0,0.9999999
55000900200040,2021-01-14,1,0,0.9999999
55000900200040,2021-01-15,1,0,0.9999999
55000900200040,2021-01-16,1,0,0.9999999
55000900200040,2021-01-17,1,0,0.9999999
55000900200040,2021-01-18,1,0,0.9999999
55000900200040,2021-01-19,1,0,0.9999999
55000900200040,2021-01-20,1,0,0.99999976
55000900200040,2021-01-21,1,0,0.9999999
55000900200040,2021-01-22,1,0,0.9999999
55000900200040,2021-01-23,1,0,0.99999976
55000900200040,2021-01-24,1,0,0.99999976
55000900200040,2021-01-25,1,0,0.99999976
55000900200040,2021-01-26,1,0,0.9999999
55000900200040,2021-01-27,1,0,0.99999976
55000900200040,2021-01-28,1,0,0.9999999
55000900200040,2021-01-29,1,0,0.99999976
55000900200040,2021-01-30,1,0,0.99999964
55000900200040,2021-01-31,1,0,0.9999995
55000900200040,2021-02-01,1,0,0.9999995
55000900200040,2021-02-02,1,0,0.9999995
55000900200040,2021-02-03,1,0,0.9999995
55000900200040,2021-02-04,1,0,0.9999995
55000900200040,2021-02-05,1,0,0.9999995
55000900200040,2021-02-06,1,0,0.9999995
55000900200040,2021-02-07,1,0,0.9999995
55000900200040,2021-02-08,1,0,0.9999995
55000900200040,2021-02-09,1,0,0.9999995
55000900200040,2021-02-10,1,0,0.9999995
55000900200040,2021-02-11,1,0,0.9999995
55000900200040,2021-02-12,1,0,0.9999995
55000900200040,2021-02-13,1,0,0.9999995
55000900200040,2021-02-14,1,0,0.9999995
55000900200040,2021-02-15,1,0,0.9999995
55000900200040,2021-02-16,1,0,0.9999995
55000900200040,2021-02-17,1,0,0.9999995
55000900200040,2021-02-18,1,0,0.9999995
55000900200040,2021-02-19,1,0,0.9999995
55000900200040,2021-02-20,1,0,0.9999995
55000900200040,2021-02-21,1,0,0.9999995
55000900200040,2021-02-22,1,0,0.9999995
55000900200040,2021-02-23,1,0,0.9999995
55000900200040,2021-02-24,1,0,0.9999995
55000900200040,2021-02-25,1,0,0.9999995
55000900200040,2021-02-26,1,0,0.9999995
55000900200040,2021-02-27,1,0,0.9999995
55000900200040,2021-02-28,1,0,0.9999995
55000900200040,2021-03-01,1,0,0.9999995
55000900200040,2021-03-02,1,0,0.9999995
55000900200040,2021-03-03,1,0,0.9999995
55000900200040,2021-03-04,1,0,0.9999995
55000900200040,2021-03-05,1,0,0.9999995
55000900200040,2021-03-06,1,0,0.9999995
55000900200040,2021-03-07,1,0,0.9999995
55000900200040,2021-03-08,1,0,0.9999995
55000900200040,2021-03-09,1,0,0.9999995
55000900200040,2021-03-10,1,0,0.9999995
55000900200040,2021-03-11,1,0,0.9999995
55000900200040,2021-03-12,1,0,0.9999995
55000900200040,2021-03-13,1,0,0.9999995
55000900200040,2021-03-15,1,0,0.9999995
55000900200040,2021-03-16,1,0,0.9999995
55000900200040,2021-03-17,1,0,0.9999995
55000900200040,2021-03-18,1,0,0.9999995
55000900200040,2021-03-19,1,0,0.9999995
55000900200040,2021-03-20,1,0,0.9999995
55000900200040,2021-03-21,1,0,0.9999995
55000900200040,2021-03-22,1,0,0.9999995
55000900200040,2021-03-23,1,0,0.9999995
55000900200040,2021-03-24,1,0,0.9999995
55000900200040,2021-03-25,1,0,0.9999995
55000900200040,2021-03-26,1,0,0.9999995
55000900200040,2021-03-27,1,0,0.9999995
55000900200040,2021-03-28,1,0,0.9999995
55000900200040,2021-03-29,1,0,0.9999995
55000900200040,2021-03-30,1,0,0.9999995
55000900200040,2021-03-31,1,0,0.9999995
55000900200040,2021-04-01,1,0,0.9999995
55000900200040,2021-04-02,1,0,0.9999995
55000900200040,2021-04-03,1,0,0.9999995
55000900200040,2021-04-04,1,0,0.9999995
55000900200040,2021-04-05,1,0,0.9999995
55000900200040,2021-04-06,1,0,0.9999995
55000900200040,2021-04-07,1,0,0.9999995
55000900200040,2021-04-08,1,0,0.9999995
55000900200040,2021-04-09,1,0,0.9999995
55000900200040,2021-04-10,1,0,0.9999995
55000900200040,2021-04-11,1,0,0.9999995
55000900200040,2021-04-12,1,0,0.9999995
55000900200040,2021-04-13,1,0,0.9999995
55000900200040,2021-04-14,1,0,0.9999995
55000900200040,2021-04-15,1,0,0.9999995
55000900200040,2021-04-16,1,0,0.9999995
55000900200040,2021-04-17,1,0,0.9999995
55000900200040,2021-04-18,1,0,0.9999995
55000900200040,2021-04-19,1,0,0.9999995
55000900200040,2021-04-20,1,0,0.9999995
55000900200040,2021-04-21,1,0,0.9999995
55000900200040,2021-04-22,1,0,0.9999995
55000900200040,2021-04-23,1,0,0.9999995
55000900200040,2021-04-24,1,0,0.9999995
55000900200040,2021-04-25,1,0,0.9999995
55000900200040,2021-04-26,1,0,0.9999995
55000900200040,2021-04-27,1,0,0.9999995
55000900200040,2021-04-28,1,0,0.9999995
55000900200040,2021-04-29,1,0,0.9999995
55000900200040,2021-04-30,1,0,0.9999995
55000900200040,2021-05-01,1,0,0.9999995
55000900200040,2021-05-02,1,0,0.9999995
55000900200040,2021-05-03,1,0,0.9999995
55000900200040,2021-05-04,1,0,0.9999995
55000900200040,2021-05-05,1,0,0.9999995
55000900200040,2021-05-06,1,0,0.9999995
55000900200040,2021-05-07,1,0,0.9999995
55000900200040,2021-05-08,1,0,0.9999995
55000900200040,2021-05-09,1,0,0.9999995
55000900200040,2021-05-10,1,0,0.9999995
55000900200040,2021-05-11,1,0,0.9999995
55000900200040,2021-05-12,1,0,0.9999995
55000900200040,2021-05-13,1,0,0.9999995
55000900200040,2021-05-14,1,0,0.9999995
55000900200040,2021-05-15,1,0,0.9999995
55000900200040,2021-05-16,1,0,0.9999995
55000900200040,2021-05-17,1,0,0.9999995
55000900200040,2021-05-18,1,0,0.9999995
55000900200040,2021-05-19,1,0,0.9999995
55000900200040,2021-05-20,1,0,0.9999995
55000900200040,2021-05-21,1,0,0.9999995
55000900200040,2021-05-22,1,0,0.9999995
55000900200040,2021-05-23,1,0,0.9999995
55000900200040,2021-05-24,1,0,0.9999995
55000900200040,2021-05-27,1,0,0.9999995
55000900200040,2021-05-28,1,0,0.9999995
55000900200040,2021-05-29,1,0,0.9999995
55000900200040,2021-05-30,1,0,0.9999995
55000900200040,2021-05-31,1,0,0.9999995
55000900200040,2021-06-01,1,0,0.9999995
55000900200040,2021-06-02,1,0,0.9999995
55000900200040,2021-06-03,1,0,0.9999995
55000900200040,2021-06-04,1,0,0.9999995
55000900200040,2021-06-05,1,0,0.9999995
55000900200040,2021-06-06,1,0,0.9999995
55000900200040,2021-06-07,1,0,0.9999995
55000900200040,2021-06-08,1,0,0.9999995
55000900200040,2021-06-09,1,0,0.9999995
55000900200040,2021-06-10,1,0,0.9999995
55000900200040,2021-06-11,1,0,0.9999995
55000900200040,2021-06-12,1,0,0.9999995
55000900200040,2021-06-13,1,0,0.9999995
55000900200040,2021-06-14,1,0,0.9999995
55000900200040,2021-06-15,1,0,0.9999995
55000900200040,2021-06-16,1,0,0.9999995
55000900200040,2021-06-17,1,0,0.9999995
55000900200040,2021-06-18,1,0,0.9999995
55000900200040,2021-06-19,1,0,0.9999995
55000900200040,2021-06-20,1,0,0.9999995
55000900200040,2021-06-21,1,0,0.9999995
55000900200040,2021-06-22,1,0,0.9999995
55000900200040,2021-06-23,1,0,0.9999995
55000900200040,2021-06-24,1,0,0.9999995
55000900200040,2021-06-25,1,0,0.9999995
55000900200040,2021-06-26,1,0,0.9999995
55000900200040,2021-06-27,1,0,0.9999995
55000900200040,2021-06-28,1,0,0.9999995
55000900200040,2021-06-29,1,0,0.9999995
55000900200040,2021-06-30,1,0,0.9999995
55000900200040,2021-07-01,1,0,0.9999995
55000900200040,2021-07-02,1,0,0.9999995
55000900200040,2021-07-03,1,0,0.9999995
55000900200040,2021-07-04,1,0,0.9999995
55000900200040,2021-07-05,1,0,0.9999995
55000900200040,2021-07-06,1,0,0.9999995
55000900200040,2021-07-07,1,0,0.9999995
55000900200040,2021-07-08,1,0,0.9999995
55000900200040,2021-07-09,1,0,0.9999995
55000900200040,2021-07-10,1,0,0.9999995
55000900200040,2021-07-11,1,0,0.9999995
55000900200040,2021-07-12,1,0,0.9999995
55000900200040,2021-07-13,1,0,0.9999995
55000900200040,2021-07-14,1,0,0.9999995
55000900200040,2021-07-15,1,0,0.9999995
55000900200040,2021-07-16,1,0,0.9999995
55000900200040,2021-07-17,1,0,0.9999995
55000900200040,2021-07-18,1,0,0.9999995
55000900200040,2021-07-19,1,0,0.9999995
55000900200040,2021-07-20,1,0,0.9999995
55000900200040,2021-07-21,1,0,0.9999995
55000900200040,2021-07-22,1,0,0.9999995
55000900200040,2021-07-23,1,0,0.9999995
55000900200040,2021-07-24,1,0,0.9999995
55000900200040,2021-07-25,1,0,0.9999995
55000900200040,2021-07-26,1,0,0.9999995
55000900200040,2021-07-27,1,0,0.9999995
55000900200040,2021-07-28,1,0,0.9999995
55000900200040,2021-07-29,1,0,0.9999995
55000900200040,2021-07-30,1,0,0.9999995
55000900200040,2021-07-31,1,0,0.9999995
55000900200040,2021-08-01,1,0,0.9999995
55000900200040,2021-08-02,1,0,0.9999995
55000900200040,2021-08-03,1,0,0.9999995
55000900200040,2021-08-04,1,0,0.9999995
55000900200040,2021-08-05,1,0,0.9999995
55000900200040,2021-08-06,1,0,0.9999995
55000900200040,2021-08-07,1,0,0.9999995
55000900200040,2021-08-08,1,0,0.9999995
55000900200040,2021-08-09,1,0,0.9999995
55000900200040,2021-08-10,1,0,0.9999995
55000900200040,2021-08-11,1,0,0.9999995
55000900200040,2021-08-12,1,0,0.9999995
55000900200040,2021-08-13,1,0,0.9999995
55000900200040,2021-08-14,1,0,0.9999995
55000900200040,2021-08-15,1,0,0.9999995
55000900200040,2021-08-16,1,0,0.9999995
55000900200040,2021-08-17,1,0,0.9999995
55000900200040,2021-08-18,1,0,0.9999995
55000900200040,2021-08-19,1,0,0.9999995
55000900200040,2021-08-20,1,0,0.9999995
55000900200040,2021-08-21,1,0,0.9999995
55000900200040,2021-08-22,1,0,0.9999995
55000900200040,2021-08-23,1,0,0.9999995
55000900200040,2021-08-24,1,0,0.9999995
55000900200040,2021-08-25,1,0,0.9999995
55000900200040,2021-08-26,1,0,0.9999995
55000900200040,2021-08-27,1,0,0.9999995
55000900200040,2021-08-28,1,0,0.9999995
55000900200040,2021-08-29,1,0,0.9999995
55000900200040,2021-08-30,1,0,0.9999995
55000900200040,2021-08-31,1,0,0.9999995
55000900200040,2021-09-01,1,0,0.9999995
55000900200040,2021-09-02,1,0,0.9999995
55000900200040,2021-09-03,1,0,0.9999995
55000900200040,2021-09-04,1,0,0.9999995
55000900200040,2021-09-05,1,0,0.9999995
55000900200040,2021-09-06,1,0,0.9999995
55000900200040,2021-09-07,1,0,0.9999995
55000900200040,2021-09-08,1,0,0.9999995
55000900200040,2021-09-09,1,0,0.9999995
55000900200040,2021-09-10,1,0,0.9999995
55000900200040,2021-09-11,1,0,0.9999995
55000900200040,2021-09-12,1,0,0.9999995
55000900200040,2021-09-13,1,0,0.9999995
55000900200040,2021-09-14,1,0,0.9999995
55000900200040,2021-09-15,1,0,0.9999995
55000900200040,2021-09-16,1,0,0.9999995
55000900200040,2021-09-17,1,0,0.9999995
55000900200040,2021-09-18,1,0,0.9999995
55000900200040,2021-09-19,1,0,0.9999995
55000900200040,2021-09-20,1,0,0.9999995
55000900200040,2021-09-21,1,0,0.9999995
55000900200040,2021-09-22,1,0,0.9999995
55000900200040,2021-09-23,1,0,0.9999995
55000900200040,2021-09-24,1,0,0.9999995
55000900200040,2021-09-25,1,0,0.9999995
55000900200040,2021-09-26,1,0,0.9999995
55000900200040,2021-09-27,1,0,0.9999995
55000900200040,2021-09-28,1,0,0.9999995
55000900200040,2021-09-29,1,0,0.9999995
55000900200040,2021-09-30,1,0,0.9999995
55000900200040,2021-10-01,1,0,0.9999995
55000900200040,2021-10-02,1,0,0.9999995
55000900200040,2021-10-03,1,0,0.9999995
55000900200040,2021-10-04,1,0,0.9999995
55000900200040,2021-10-05,1,0,0.9999995
55000900200040,2021-10-06,1,0,0.9999995
55000900200040,2021-10-07,1,0,0.9999995
55000900200040,2021-10-08,1,0,0.9999995
55000900200040,2021-10-09,1,0,0.9999995
55000900200040,2021-10-10,1,0,0.9999995
55000900200040,2021-10-11,1,0,0.9999995
55000900200040,2021-10-12,1,0,0.9999995
55000900200040,2021-10-13,1,0,0.9999995
55000900200040,2021-10-14,1,0,0.9999995
55000900200040,2021-10-15,1,0,0.9999995
55000900200040,2021-10-16,1,0,0.9999995
55000900200040,2021-10-17,1,0,0.9999995
55000900200040,2021-10-18,1,0,0.9999995
55000900200040,2021-10-19,1,0,0.9999995
55000900200040,2021-10-20,1,0,0.9999995
55000900200040,2021-10-21,1,0,0.9999995
55000900200040,2021-10-22,1,0,0.9999995
55000900200040,2021-10-23,1,0,0.9999995
55000900200040,2021-10-24,1,0,0.9999995
55000900200040,2021-10-25,1,0,0.9999995
55000900200040,2021-10-26,1,0,0.9999995
55000900200040,2021-10-27,1,0,0.9999995
55000900200040,2021-10-28,1,0,0.9999995
55000900200040,2021-10-29,1,0,0.9999995
55000900200040,2021-10-30,1,0,0.9999995
55000900200040,2021-10-31,1,0,0.9999995
55000900200040,2021-11-01,1,0,0.9999995
55000900200040,2021-11-02,1,0,0.9999995
55000900200040,2021-11-03,1,0,0.9999995
55000900200040,2021-11-04,1,0,0.9999995
55000900200040,2021-11-05,1,0,0.9999995
55000900200040,2021-11-06,1,0,0.9999995
55000900200040,2021-11-07,1,0,0.9999995
55000900200040,2021-11-08,1,0,0.9999995
55000900200040,2021-11-09,1,0,0.9999995
55000900200040,2021-11-10,1,0,0.9999995
55000900200040,2021-11-11,1,0,0.9999995
55000900200040,2021-11-12,1,0,0.9999995
55000900200040,2021-11-13,1,0,0.9999995
55000900200040,2021-11-14,1,0,0.9999995
55000900200040,2021-11-15,1,0,0.9999995
55000900200040,2021-11-16,1,0,0.9999995
55000900200040,2021-11-17,1,0,0.9999995
55000900200040,2021-11-18,1,0,0.9999995
55000900200040,2021-11-19,1,0,0.9999995
55000900200040,2021-11-20,1,0,0.9999995
55000900200040,2021-11-21,1,0,0.9999995
55000900200040,2021-11-22,1,0,0.9999995
55000900200040,2021-11-23,1,0,0.9999995
55000900200040,2021-11-24,1,0,0.9999995
55000900200040,2021-11-25,1,0,0.9999995
55000900200040,2021-11-26,1,0,0.9999995
55000900200040,2021-11-27,1,0,0.9999995
55000900200040,2021-11-28,1,0,0.9999995
55000900200040,2021-11-29,1,0,0.9999995
55000900200040,2021-11-30,1,0,0.9999995
55000900200040,2021-12-01,1,0,0.9999995
55000900200040,2021-12-02,1,0,0.9999995
55000900200040,2021-12-03,1,0,0.9999995
55000900200040,2021-12-04,1,0,0.9999995
55000900200040,2021-12-05,1,0,0.9999995
55000900200040,2021-12-06,1,0,0.9999995
55000900200040,2021-12-07,1,0,0.9999995
55000900200040,2021-12-08,1,0,0.9999995
55000900200040,2021-12-09,1,0,0.9999995
55000900200040,2021-12-10,1,0,0.9999995
55000900200040,2021-12-11,1,0,0.9999995
55000900200040,2021-12-12,1,0,0.9999995
55000900200040,2021-12-13,1,0,0.9999995
55000900200040,2021-12-14,1,0,0.9999995
55000900200040,2021-12-15,1,0,0.9999995
55000900200040,2021-12-16,1,0,0.9999995
55000900200040,2021-12-17,1,0,0.9999995
55000900200040,2021-12-18,1,0,0.9999995
55000900200040,2021-12-19,1,0,0.9999995
55000900200040,2021-12-20,1,0,0.9999995
55000900200040,2021-12-21,1,0,0.9999995
55000900200040,2021-12-22,1,0,0.9999995
55000900200040,2021-12-23,1,0,0.9999995
55000900200040,2021-12-24,1,0,0.9999995
55000900200040,2021-12-25,1,0,0.9999995
55000900200040,2021-12-26,1,0,0.9999995
55000900200040,2021-12-27,1,0,0.9999995
55000900200040,2021-12-28,1,0,0.9999995
55000900200040,2021-12-29,1,0,0.9999995
55000900200040,2021-12-30,1,0,0.9999995
55000900200040,2021-12-31,1,0,0.9999995
55000900200040,2022-01-01,1,0,0.9999995
55000900200040,2022-01-02,1,0,0.9999995
55000900200040,2022-01-03,1,0,0.9999995
55000900200040,2022-01-04,1,0,0.9999995
55000900200040,2022-01-05,1,0,0.9999995
55000900200040,2022-01-06,1,0,0.9999995
55000900200040,2022-01-07,1,0,0.9999995
55000900200040,2022-01-08,1,0,0.9999995
55000900200040,2022-01-09,1,0,0.9999995
55000900200040,2022-01-10,1,0,0.9999995
55000900200040,2022-01-11,1,0,0.9999995
55000900200040,2022-01-12,1,0,0.9999995
55000900200040,2022-01-13,1,0,0.9999995
55000900200040,2022-01-14,1,0,0.9999995
55000900200040,2022-01-15,1,0,0.9999995
55000900200040,2022-01-16,1,0,0.9999995
55000900200040,2022-01-17,1,0,0.9999995
55000900200040,2022-01-18,1,0,0.9999995
55000900200040,2022-01-19,1,0,0.9999995
55000900200040,2022-01-20,1,0,0.9999995
55000900200040,2022-01-21,1,0,0.9999995
55000900200040,2022-01-22,1,0,0.9999995
55000900200040,2022-01-23,1,0,0.9999995
55000900200040,2022-01-24,1,0,0.9999995
55000900200040,2022-01-25,1,0,0.9999995
55000900200040,2022-01-26,1,0,0.9999995
55000900200040,2022-01-27,1,0,0.9999995
55000900200040,2022-01-28,1,0,0.9999995
55000900200040,2022-01-29,1,0,0.9999995
55000900200040,2022-01-30,1,0,0.9999995
55000900200040,2022-01-31,1,0,0.9999995
55000900200040,2022-02-01,1,0,0.9999995
55000900200040,2022-02-02,1,0,0.9999995
55000900200040,2022-02-03,1,0,0.9999995
55000900200040,2022-02-04,1,0,0.9999995
55000900200040,2022-02-05,1,0,0.9999995
55000900200040,2022-02-06,1,0,0.9999995
55000900200040,2022-02-07,1,0,0.9999995
55000900200040,2022-02-08,1,0,0.9999995
55000900200040,2022-02-09,1,0,0.9999995
55000900200040,2022-02-10,1,0,0.9999995
55000900200040,2022-02-11,1,0,0.9999995
55000900200040,2022-02-12,1,0,0.9999995
55000900200040,2022-02-13,1,0,0.9999995
55000900200040,2022-02-14,1,0,0.9999995
55000900200040,2022-02-15,1,0,0.9999995
55000900200040,2022-02-16,1,0,0.9999995
55000900200040,2022-02-17,1,0,0.9999995
55000900200040,2022-02-18,1,0,0.9999995
55000900200040,2022-02-19,1,0,0.9999995
55000900200040,2022-02-20,1,0,0.9999995
55000900200040,2022-02-21,1,0,0.9999995
55000900200040,2022-02-22,1,0,0.9999995
55000900200040,2022-02-23,1,0,0.9999995
55000900200040,2022-02-24,1,0,0.9999995
55000900200040,2022-02-25,1,0,0.9999995
55000900200040,2022-02-26,1,0,0.9999995
55000900200040,2022-02-27,1,0,0.9999995
55000900200040,2022-02-28,1,0,0.9999995
55000900200040,2022-03-01,1,0,0.9999995
55000900200040,2022-03-02,1,0,0.9999995
55000900200040,2022-03-03,1,0,0.9999995
55000900200040,2022-03-04,1,0,0.9999995
55000900200040,2022-03-05,1,0,0.9999995
55000900200040,2022-03-06,1,0,0.9999995
55000900200040,2022-03-07,1,0,0.9999995
55000900200040,2022-03-08,1,0,0.9999995
55000900200040,2022-03-09,1,0,0.9999995
55000900200040,2022-03-10,1,0,0.9999995
55000900200040,2022-03-11,1,0,0.9999995
55000900200040,2022-03-12,1,0,0.9999995
55000900200040,2022-03-14,1,0,0.9999995
55000900200040,2022-03-15,1,0,0.9999995
55000900200040,2022-03-16,1,0,0.9999995
55000900200040,2022-03-17,1,0,0.9999995
55000900200040,2022-03-18,1,0,0.9999995
55000900200040,2022-03-19,1,0,0.9999995
55000900200040,2022-03-20,1,0,0.9999995
55000900200040,2022-03-21,1,0,0.9999995
55000900200040,2022-03-22,1,0,0.9999995
55000900200040,2022-03-23,1,0,0.9999995
55000900200040,2022-03-24,1,0,0.9999995
55000900200040,2022-03-25,1,0,0.9999995
55000900200040,2022-03-26,1,0,0.9999995
55000900200040,2022-03-27,1,0,0.9999995
55000900200040,2022-03-28,1,0,0.9999995
55000900200040,2022-03-29,1,0,0.9999995
55000900200040,2022-03-30,1,0,0.9999995
55000900200040,2022-03-31,1,0,0.9999995
55000900200040,2022-04-01,1,0,0.9999995
55000900200040,2022-04-02,1,0,0.9999995
55000900200040,2022-04-03,1,0,0.9999995
55000900200040,2022-04-04,1,0,0.9999995
55000900200040,2022-04-05,1,0,0.9999995
55000900200040,2022-04-06,1,0,0.9999995
55000900200040,2022-04-07,1,0,0.9999995
55000900200040,2022-04-08,1,0,0.9999995
55000900200040,2022-04-09,1,0,0.9999995
55000900200040,2022-04-10,1,0,0.9999995
55000900200040,2022-04-11,1,0,0.9999995
55000900200040,2022-04-12,1,0,0.9999995
55000900200040,2022-04-13,1,0,0.9999995
55000900200040,2022-04-14,1,0,0.9999995
55000900200040,2022-04-15,1,0,0.9999995
55000900200040,2022-04-16,1,0,0.9999995
55000900200040,2022-04-17,1,0,0.9999995
55000900200040,2022-04-18,1,0,0.9999995
55000900200040,2022-04-19,1,0,0.9999995
55000900200040,2022-04-20,1,0,0.9999995
55000900200040,2022-04-21,1,0,0.9999995
55000900200040,2022-04-22,1,0,0.9999995
55000900200040,2022-04-23,1,0,0.9999995
55000900200040,2022-04-24,1,0,0.9999995
55000900200040,2022-04-25,1,0,0.9999995
55000900200040,2022-04-26,1,0,0.9999995
55000900200040,2022-04-27,1,0,0.9999995
55000900200040,2022-04-28,1,0,0.9999995
55000900200040,2022-04-29,1,0,0.9999995
55000900200040,2022-04-30,1,0,0.9999995
55000900200040,2022-05-01,1,0,0.9999995
55000900200040,2022-05-02,1,0,0.9999995
55000900200040,2022-05-03,1,0,0.9999995
55000900200040,2022-05-04,1,0,0.9999995
55000900200040,2022-05-05,1,0,0.9999995
55000900200040,2022-05-06,1,0,0.9999995
55000900200040,2022-05-07,1,0,0.9999995
55000900200040,2022-05-08,1,0,0.9999995
55000900200040,2022-05-09,1,0,0.9999995
55000900200040,2022-05-10,1,0,0.9999995
55000900200040,2022-05-11,1,0,0.9999995
55000900200040,2022-05-12,1,0,0.9999995
55000900200040,2022-05-13,1,0,0.9999995
55000900200040,2022-05-14,1,0,0.9999995
55000900200040,2022-05-15,1,0,0.9999995
55000900200040,2022-05-16,1,0,0.9999995
55000900200040,2022-05-17,1,0,0.9999995
55000900200040,2022-05-18,1,0,0.9999995
55000900200040,2022-05-19,1,0,0.9999995
55000900200040,2022-05-20,1,0,0.9999995
55000900200040,2022-05-21,1,0,0.9999995
55000900200040,2022-05-22,1,0,0.9999995
55000900200040,2022-05-23,1,0,0.9999995
55000900200040,2022-05-24,1,0,0.9999995
55000900200040,2022-05-25,1,0,0.9999995
55000900200040,2022-05-26,1,0,0.9999995
55000900200040,2022-05-27,1,0,0.9999995
55000900200040,2022-05-28,1,0,0.9999995
55000900200040,2022-05-29,1,0,0.9999995
55000900200040,2022-05-30,1,0,0.9999995
55000900200040,2022-05-31,1,0,0.9999995
55000900200040,2022-06-01,1,0,0.9999995
55000900200040,2022-06-02,1,0,0.9999995
55000900200040,2022-06-03,1,0,0.9999995
55000900200040,2022-06-04,1,0,0.9999995
55000900200040,2022-06-05,1,0,0.9999995
55000900200040,2022-06-06,1,0,0.9999995
55000900200040,2022-06-07,1,0,0.9999995
55000900200040,2022-06-08,1,0,0.9999995
55000900200040,2022-06-09,1,0,0.9999995
55000900200040,2022-06-10,1,0,0.9999995
55000900200040,2022-06-11,1,0,0.9999995
55000900200040,2022-06-12,1,0,0.9999995
55000900200040,2022-06-13,1,0,0.9999995
55000900200040,2022-06-14,1,0,0.9999995
55000900200040,2022-06-15,1,0,0.9999995
55000900200040,2022-06-16,1,0,0.9999995
55000900200040,2022-06-17,1,0,0.9999995
55000900200040,2022-06-18,1,0,0.9999995
55000900200040,2022-06-19,1,0,0.9999995
55000900200040,2022-06-20,1,0,0.9999995
55000900200040,2022-06-21,1,0,0.9999995
55000900200040,2022-06-22,1,0,0.9999995
55000900200040,2022-06-23,1,0,0.9999995
55000900200040,2022-06-24,1,0,0.9999995
55000900200040,2022-06-25,1,0,0.9999995
55000900200040,2022-06-26,1,0,0.9999995
55000900200040,2022-06-27,1,0,0.9999995
55000900200040,2022-06-28,1,0,0.9999995
55000900200040,2022-06-29,1,0,0.9999995
55000900200040,2022-06-30,1,0,0.9999995
55000900200040,2022-07-01,1,0,0.9999995
55000900200040,2022-07-02,1,0,0.9999995
55000900200040,2022-07-03,1,0,0.9999995
55000900200040,2022-07-04,1,0,0.9999995
55000900200040,2022-07-05,1,0,0.9999995
55000900200040,2022-07-06,1,0,0.9999995
55000900200040,2022-07-07,1,0,0.9999995
55000900200040,2022-07-08,1,0,0.9999995
55000900200040,2022-07-09,1,0,0.9999995
55000900200040,2022-07-10,1,0,0.9999995
55000900200040,2022-07-11,1,0,0.9999995
55000900200040,2022-07-12,1,0,0.9999995
55000900200040,2022-07-13,1,0,0.9999995
55000900200040,2022-07-14,1,0,0.9999995
55000900200040,2022-07-15,1,0,0.9999995
55000900200040,2022-07-16,1,0,0.9999995
55000900200040,2022-07-17,1,0,0.9999995
55000900200040,2022-07-18,1,0,0.9999995
55000900200040,2022-07-19,1,0,0.9999995
55000900200040,2022-07-20,1,0,0.9999995
55000900200040,2022-07-21,1,0,0.9999995
55000900200040,2022-07-22,1,0,0.9999995
55000900200040,2022-07-23,1,0,0.9999995
55000900200040,2022-07-24,1,0,0.9999995
55000900200040,2022-07-25,1,0,0.9999995
55000900200040,2022-07-26,1,0,0.9999995
55000900200040,2022-07-27,1,0,0.9999995
55000900200040,2022-07-28,1,0,0.9999995
55000900200040,2022-07-29,1,0,0.9999995
55000900200040,2022-07-30,1,0,0.9999995
55000900200040,2022-07-31,1,0,0.9999995
55000900200040,2022-08-01,1,0,0.9999995
55000900200040,2022-08-02,1,0,0.9999995
55000900200040,2022-08-03,1,0,0.9999995
55000900200040,2022-08-04,1,0,0.9999995
55000900200040,2022-08-05,1,0,0.9999995
55000900200040,2022-08-06,1,0,0.9999995
55000900200040,2022-08-07,1,0,0.9999995
55000900200040,2022-08-08,1,0,0.9999995
55000900200040,2022-08-09,1,0,0.9999995
55000900200040,2022-08-10,1,0,0.9999995
55000900200040,2022-08-11,1,0,0.9999995
55000900200040,2022-08-12,1,0,0.9999995
55000900200040,2022-08-13,1,0,0.9999995
55000900200040,2022-08-14,1,0,0.9999995
55000900200040,2022-08-15,1,0,0.9999995
55000900200040,2022-08-16,1,0,0.9999995
55000900200040,2022-08-17,1,0,0.9999995
55000900200040,2022-08-18,1,0,0.9999995
55000900200040,2022-08-19,1,0,0.9999995
55000900200040,2022-08-20,1,0,0.9999995
55000900200040,2022-08-21,1,0,0.9999995
55000900200040,2022-08-22,1,0,0.9999995
55000900200040,2022-08-23,1,0,0.9999995
55000900200040,2022-08-24,1,0,0.9999995
55000900200040,2022-08-25,1,0,0.9999995
55000900200040,2022-08-26,1,0,0.9999995
55000900200040,2022-08-27,1,0,0.9999995
55000900200040,2022-08-28,1,0,0.9999995
55000900200040,2022-08-29,1,0,0.9999995
55000900200040,2022-08-30,1,0,0.9999995
55000900200040,2022-08-31,1,0,0.9999995
55000900200040,2022-09-01,1,0,0.9999995
55000900200040,2022-09-02,1,0,0.9999995
55000900200040,2022-09-03,1,0,0.9999995
55000900200040,2022-09-04,1,0,0.9999995
55000900200040,2022-09-05,1,0,0.9999995
55000900200040,2022-09-06,1,0,0.9999995
55000900200040,2022-09-07,1,0,0.9999995
55000900200040,2022-09-08,1,0,0.9999995
55000900200040,2022-09-09,1,0,0.9999995
55000900200040,2022-09-10,1,0,0.9999995
55000900200040,2022-09-11,1,0,0.9999995
55000900200040,2022-09-12,1,0,0.9999995
55000900200040,2022-09-13,1,0,0.9999995
55000900200040,2022-09-14,1,0,0.9999995
55000900200040,2022-09-15,1,0,0.9999995
55000900200040,2022-09-16,1,0,0.9999995
55000900200040,2022-09-17,1,0,0.9999995
55000900200040,2022-09-18,1,0,0.9999995
55000900200040,2022-09-19,1,0,0.9999995
55000900200040,2022-09-20,1,0,0.9999995
55000900200040,2022-09-21,1,0,0.9999995
55000900200040,2022-09-22,1,0,0.9999995
55000900200040,2022-09-23,1,0,0.9999995
55000900200040,2022-09-24,1,0,0.9999995
55000900200040,2022-09-25,1,0,0.9999995
55000900200040,2022-09-26,1,0,0.9999995
55000900200040,2022-09-27,1,0,0.9999995
55000900200040,2022-09-28,1,0,0.9999995
55000900200040,2022-09-29,1,0,0.9999995
55000900200040,2022-09-30,1,0,0.9999995
55000900200040,2022-10-01,1,0,0.9999995
55000900200040,2022-10-02,1,0,0.9999995
55000900200040,2022-10-03,1,0,0.9999995
55000900200040,2022-10-04,1,0,0.9999995
55000900200040,2022-10-05,1,0,0.9999995
55000900200040,2022-10-06,1,0,0.9999995
55000900200040,2022-10-07,1,0,0.9999995
55000900200040,2022-10-08,1,0,0.9999995
55000900200040,2022-10-09,1,0,0.9999995
55000900200040,2022-10-10,1,0,0.9999995
55000900200040,2022-10-11,1,0,0.9999995
55000900200040,2022-10-12,1,0,0.9999995
55000900200040,2022-10-13,1,0,0.9999995
55000900200040,2022-10-14,1,0,0.9999995
55000900200040,2022-10-15,1,0,0.9999995
55000900200040,2022-10-16,1,0,0.9999995
55000900200040,2022-10-17,1,0,0.9999995
55000900200040,2022-10-18,1,0,0.9999995
55000900200040,2022-10-19,1,0,0.9999995
55000900200040,2022-10-20,1,0,0.9999995
55000900200040,2022-10-21,1,0,0.9999995
55000900200040,2022-10-22,1,0,0.9999995
55000900200040,2022-10-23,1,0,0.9999995
55000900200040,2022-10-24,1,0,0.9999995
55000900200040,2022-10-25,1,0,0.9999995
55000900200040,2022-10-26,1,0,0.9999995
55000900200040,2022-10-27,1,0,0.9999995
55000900200040,2022-10-28,1,0,0.9999995
55000900200040,2022-10-29,1,0,0.9999995
55000900200040,2022-10-30,1,0,0.9999995
55000900200040,2022-10-31,1,0,0.9999995
55000900200040,2022-11-01,1,0,0.9999995
55000900200040,2022-11-02,1,0,0.9999995
55000900200040,2022-11-03,1,0,0.9999995
55000900200040,2022-11-04,1,0,0.9999995
55000900200040,2022-11-05,1,0,0.9999995
55000900200040,2022-11-06,1,0,0.9999995
55000900200040,2022-11-07,1,0,0.9999995
55000900200040,2022-11-08,1,0,0.9999995
55000900200040,2022-11-09,1,0,0.9999995
55000900200040,2022-11-10,1,0,0.9999995
55000900200040,2022-11-11,1,0,0.9999995
55000900200040,2022-11-12,1,0,0.9999995
55000900200040,2022-11-13,1,0,0.9999995
55000900200040,2022-11-14,1,0,0.9999995
55000900200040,2022-11-15,1,0,0.9999995
55000900200040,2022-11-16,1,0,0.9999995
55000900200040,2022-11-17,1,0,0.9999995
55000900200040,2022-11-18,1,0,0.9999995
55000900200040,2022-11-19,1,0,0.9999995
55000900200040,2022-11-20,1,0,0.9999995
55000900200040,2022-11-21,1,0,0.9999995
55000900200040,2022-11-22,1,0,0.9999995
55000900200040,2022-11-23,1,0,0.9999995
55000900200040,2022-11-24,1,0,0.9999995
55000900200040,2022-11-25,1,0,0.9999995
55000900200040,2022-11-26,1,0,0.9999995
55000900200040,2022-11-27,1,0,0.9999995
55000900200040,2022-11-28,1,0,0.9999995
55000900200040,2022-11-29,1,0,0.9999995
55000900200040,2022-11-30,1,0,0.9999995
55000900200040,2022-12-01,1,0,0.9999995
55000900200040,2022-12-02,1,0,0.9999995
55000900200040,2022-12-03,1,0,0.9999995
55000900200040,2022-12-04,1,0,0.9999995
55000900200040,2022-12-05,1,0,0.9999995
55000900200040,2022-12-06,1,0,0.9999995
55000900200040,2022-12-07,1,0,0.9999995
55000900200040,2022-12-08,1,0,0.9999995
55000900200040,2022-12-09,1,0,0.9999995
55000900200040,2022-12-10,1,0,0.9999995
55000900200040,2022-12-11,1,0,0.9999995
55000900200040,2022-12-12,1,0,0.9999995
55000900200040,2022-12-13,1,0,0.9999995
55000900200040,2022-12-14,1,0,0.9999995
55000900200040,2022-12-15,1,0,0.9999995
55000900200040,2022-12-16,1,0,0.9999995
55000900200040,2022-12-17,1,0,0.9999995
55000900200040,2022-12-18,1,0,0.9999995
55000900200040,2022-12-19,1,0,0.9999995
55000900200040,2022-12-20,1,0,0.9999995
55000900200040,2022-12-21,1,0,0.9999995
55000900200040,2022-12-22,1,0,0.9999995
55000900200040,2022-12-23,1,0,0.9999995
55000900200040,2022-12-24,1,0,0.9999995
55000900200040,2022-12-25,1,0,0.9999995
55000900200040,2022-12-26,1,0,0.9999995
55000900200040,2022-12-27,1,0,0.9999995
55000900200040,2022-12-28,1,0,0.9999995
55000900200040,2022-12-29,1,0,0.9999995
55000900200040,2022-12-30,1,0,0.9999995
55000900200040,2022-12-31,1,0,0.9999995
55000900200040,2023-01-01,1,0,0.9999995
55000900200040,2023-01-02,1,0,0.9999995
55000900200040,2023-01-03,1,0,0.9999995
55000900200040,2023-01-04,1,0,0.9999995
55000900200040,2023-01-05,1,0,0.9999995
55000900200040,2023-01-06,1,0,0.9999995
55000900200040,2023-01-07,1,0,0.9999995
55000900200040,2023-01-08,1,0,0.9999995
55000900200040,2023-01-09,1,0,0.9999995
55000900200040,2023-01-10,1,0,0.9999995
55000900200040,2023-01-11,1,0,0.9999995
55000900200040,2023-01-12,1,0,0.9999995
55000900200040,2023-01-13,1,0,0.9999995
55000900200040,2023-01-14,1,0,0.9999995
55000900200040,2023-01-15,1,0,0.9999995
55000900200040,2023-01-16,1,0,0.9999995
55000900200040,2023-01-17,1,0,0.9999995
55000900200040,2023-01-18,1,0,0.9999995
55000900200040,2023-01-19,1,0,0.9999995
55000900200040,2023-01-20,1,0,0.9999995
55000900200040,2023-01-21,1,0,0.9999995
55000900200040,2023-01-22,1,0,0.9999995
55000900200040,2023-01-23,1,0,0.9999995
55000900200040,2023-01-24,1,0,0.9999995
55000900200040,2023-01-25,1,0,0.9999995
55000900200040,2023-01-26,1,0,0.9999995
55000900200040,2023-01-27,1,0,0.9999995
55000900200040,2023-01-28,1,0,0.9999995
55000900200040,2023-01-29,1,0,0.9999995
55000900200040,2023-01-30,1,0,0.9999995
55000900200040,2023-01-31,1,0,0.9999995
55000900200040,2023-02-01,1,0,0.9999995
55000900200040,2023-02-02,1,0,0.9999995
55000900200040,2023-02-03,1,0,0.9999995
55000900200040,2023-02-04,1,0,0.9999995
55000900200040,2023-02-05,1,0,0.9999995
55000900200040,2023-02-06,1,0,0.9999995
55000900200040,2023-02-07,1,0,0.9999995
55000900200040,2023-02-08,1,0,0.9999995
55000900200040,2023-02-09,1,0,0.9999995
55000900200040,2023-02-10,1,0,0.9999995
55000900200040,2023-02-11,1,0,0.9999995
55000900200040,2023-02-12,1,0,0.9999995
55000900200040,2023-02-13,1,0,0.9999995
55000900200040,2023-02-14,1,0,0.9999995
55000900200040,2023-02-15,1,0,0.9999995
55000900200040,2023-02-16,1,0,0.9999995
55000900200040,2023-02-17,1,0,0.9999995
55000900200040,2023-02-18,1,0,0.9999995
55000900200040,2023-02-19,1,0,0.9999995
55000900200040,2023-02-20,1,0,0.9999995
55000900200040,2023-02-21,1,0,0.9999995
55000900200040,2023-02-22,1,0,0.9999995
55000900200040,2023-02-23,1,0,0.9999995
55000900200040,2023-02-24,1,0,0.9999995
55000900200040,2023-02-25,1,0,0.9999995
55000900200040,2023-02-26,1,0,0.9999995
55000900200040,2023-02-27,1,0,0.9999995
55000900200040,2023-02-28,1,0,0.9999995
55000900200040,2023-03-01,1,0,0.9999995
55000900200040,2023-03-02,1,0,0.9999995
55000900200040,2023-03-03,1,0,0.9999995
55000900200040,2023-03-04,1,0,0.9999995
55000900200040,2023-03-05,1,0,0.9999995
55000900200040,2023-03-06,1,0,0.9999995
55000900200040,2023-03-07,1,0,0.9999995
55000900200040,2023-03-08,1,0,0.9999995
55000900200040,2023-03-09,1,0,0.9999995
55000900200040,2023-03-10,1,0,0.9999995
55000900200040,2023-03-11,1,0,0.9999995
55000900200040,2023-03-13,1,0,0.9999995
55000900200040,2023-03-14,1,0,0.9999995
55000900200040,2023-03-15,1,0,0.9999995
55000900200040,2023-03-16,1,0,0.9999995
55000900200040,2023-03-17,1,0,0.9999995
55000900200040,2023-03-18,1,0,0.9999995
55000900200040,2023-03-19,1,0,0.9999995
55000900200040,2023-03-20,1,0,0.9999995
55000900200040,2023-03-21,1,0,0.9999995
55000900200040,2023-03-22,1,0,0.9999995
55000900200040,2023-03-23,1,0,0.9999995
55000900200040,2023-03-24,1,0,0.9999995
55000900200040,2023-03-25,1,0,0.9999995
55000900200040,2023-03-26,1,0,0.9999995
55000900200040,2023-03-27,1,0,0.9999995
55000900200040,2023-03-28,1,0,0.9999995
55000900200040,2023-03-29,1,0,0.9999995
55000900200040,2023-03-30,1,0,0.9999995
55000900200040,2023-03-31,1,0,0.9999995
55000900200040,2023-04-01,1,0,0.9999995
55000900200040,2023-04-02,1,0,0.9999995
55000900200040,2023-04-03,1,0,0.9999995
55000900200040,2023-04-04,1,0,0.9999995
55000900200040,2023-04-05,1,0,0.9999995
55000900200040,2023-04-06,1,0,0.9999995
55000900200040,2023-04-07,1,0,0.9999995
55000900200040,2023-04-08,1,0,0.9999995
55000900200040,2023-04-09,1,0,0.9999995
55000900200040,2023-04-10,1,0,0.9999995
55000900200040,2023-04-11,1,0,0.9999995
55000900200040,2023-04-12,1,0,0.9999995
55000900200040,2023-04-13,1,0,0.9999995
55000900200040,2023-04-14,1,0,0.9999995
55000900200040,2023-04-15,1,0,0.9999995
55000900200040,2023-04-16,1,0,0.9999995
55000900200040,2023-04-17,1,0,0.9999995
55000900200040,2023-04-18,1,0,0.9999995
55000900200040,2023-04-19,1,0,0.9999995
55000900200040,2023-04-20,1,0,0.9999995
55000900201800,2020-09-11,1,9,0.9838504
55000900201800,2020-09-12,1,9,0.96956223
55000900201800,2020-09-13,1,9,0.7241567
55000900201800,2020-09-14,1,9,0.8010273
55000900201800,2020-09-15,1,9,0.90250653
55000900201800,2020-09-16,1,9,0.7913236
55000900201800,2020-09-17,1,9,0.7044672
55000900201800,2020-09-18,1,9,0.92753005
55000900201800,2020-09-19,1,9,0.8751135
55000900201800,2020-09-20,1,9,0.973692
55000900201800,2020-09-21,1,9,0.9986148
55000900201800,2020-09-22,1,9,0.9940554
55000900201800,2020-09-23,1,9,0.999556
55000900201800,2020-09-24,1,9,0.99902415
55000900201800,2020-09-25,1,9,0.99883443
55000900201800,2020-09-26,1,9,0.999866
55000900201800,2020-09-27,1,9,0.9997414
55000900201800,2020-09-28,1,9,0.99999833
55000900201800,2020-09-29,1,9,0.9999969
55000900201800,2020-09-30,1,9,0.999997
55000900201800,2020-10-01,1,9,0.99994683
55000900201800,2020-10-02,1,9,0.9997936
55000900201800,2020-10-03,1,9,0.99981195
55000900201800,2020-10-04,1,9,0.9998498
55000900201800,2020-10-05,1,9,0.9997434
55000900201800,2020-10-06,1,9,0.9994943
55000900201800,2020-10-07,1,9,0.99983144
55000900201800,2020-10-08,1,9,0.99950767
55000900201800,2020-10-09,1,9,0.9975502
55000900201800,2020-10-11,1,9,0.99886537
55000900201800,2020-10-12,1,9,0.99911326
55000900201800,2020-10-13,1,9,0.9999467
55000900201800,2020-10-14,1,9,0.99999833
55000900201800,2020-10-15,1,9,0.99999547
55000900201800,2020-10-16,1,9,0.99999905
55000900201800,2020-10-17,1,9,0.99999964
55000900201800,2020-10-18,1,9,0.99999785
55000900201800,2020-10-19,1,9,0.9999993
55000900201800,2020-10-20,1,0,0.99996054
55000900201800,2020-10-21,1,0,0.9999807
55000900201811,2020-09-11,1,9,0.99998844
55000900201811,2020-09-12,1,9,0.9999919
55000900201811,2020-09-13,1,9,0.99999654
55000900201811,2020-09-14,1,9,0.99999464
55000900201811,2020-09-15,1,9,0.99998844
55000900201811,2020-09-16,1,9,0.99999225
55000900201811,2020-09-17,1,9,0.9999926
55000900201811,2020-09-18,1,9,0.9999924
55000900201811,2020-09-19,1,9,0.9999958
55000900201811,2020-09-20,1,9,0.9999939
55000900201811,2020-09-21,1,9,0.9999963
55000900201811,2020-09-22,1,9,0.9999883
55000900201811,2020-09-23,1,9,0.99999344
55000900201811,2020-09-24,1,9,0.9999908
55000900201811,2020-09-25,1,9,0.9999963
55000900201811,2020-09-26,1,9,0.9999927
55000900201811,2020-09-27,1,9,0.99999404
55000900201811,2020-09-28,1,9,0.9999819
55000900201811,2020-09-29,1,9,0.99997544
55000900201811,2020-09-30,1,9,0.99999416
55000900201811,2020-10-01,1,9,0.99998987
55000900201811,2020-10-02,1,9,0.9999962
55000900201811,2020-10-03,1,9,0.99999726
55000900201811,2020-10-04,1,9,0.9999931
55000900201811,2020-10-05,1,9,0.9999976
55000900201811,2020-10-06,1,9,0.9999958
55000900201811,2020-10-07,1,9,0.99999726
55000900201811,2020-10-08,1,9,0.99999225
55000900201811,2020-10-09,1,9,0.9999956
55000900201811,2020-10-10,1,9,0.9999987
55000900201811,2020-10-11,1,9,0.999998
55000900201811,2020-10-12,1,9,0.99999404
55000900201811,2020-10-13,1,9,0.9999938
55000900201811,2020-10-14,1,9,0.9999728
55000900201811,2020-10-15,1,9,0.99998903
55000900201811,2020-10-16,1,9,0.9999821
55000900201811,2020-10-17,1,9,0.999998
55000900201811,2020-10-18,1,9,0.9999815
55000900201811,2020-10-19,1,9,0.99999845
55000900201811,2020-10-20,1,9,0.99999774
55000900201811,2020-10-21,1,9,0.9999831
55000900201811,2020-10-22,1,0,0.9999907
55000900201811,2020-10-23,1,0,0.99999344
55000900202948,2020-09-11,1,9,0.9999349
55000900202948,2020-09-12,1,9,0.9998171
55000900202948,2020-09-13,1,9,0.9999149
55000900202948,2020-09-14,1,9,0.99989486
55000900202948,2020-09-15,1,9,0.9969824
55000900202948,2020-09-16,1,9,0.9998281
55000900202948,2020-09-17,1,9,0.99981374
55000900202948,2020-09-18,1,9,0.9997216
55000900202948,2020-09-19,1,9,0.9997507
55000900202948,2020-09-20,1,9,0.9993931
55000900202948,2020-09-21,1,9,0.99993193
55000900202948,2020-09-22,1,9,0.99998283
55000900202948,2020-09-23,1,9,0.9999523
55000900202948,2020-09-24,1,9,0.9999229
55000900202948,2020-09-25,1,9,0.9999716
55000900202948,2020-09-26,1,9,0.9999845
55000900202948,2020-09-27,1,9,0.99999464
55000900202948,2020-09-28,1,9,0.9999888
55000900202948,2020-09-29,1,9,0.9999845
55000900202948,2020-09-30,1,9,0.99999595
55000900202948,2020-10-01,1,9,0.99999964
55000900202948,2020-10-02,1,9,0.9999988
55000900202948,2020-10-03,1,9,0.999995
55000900202948,2020-10-04,1,9,0.9999933
55000900202948,2020-10-05,1,9,0.99996674
55000900202948,2020-10-06,1,9,0.9999856
55000900202948,2020-10-07,1,9,0.99999034
55000900202948,2020-10-08,1,9,0.99999654
55000900202948,2020-10-09,1,9,0.999998
55000900202948,2020-10-10,1,9,0.99999917
55000900202948,2020-10-11,1,9,0.99999917
55000900202948,2020-10-12,1,9,0.99999905
55000900202948,2020-10-13,1,9,0.9999914
55000900202948,2020-10-14,1,9,0.99998724
55000900202948,2020-10-15,1,9,0.9999863
55000900202948,2020-10-16,1,9,0.99998116
55000900202948,2020-10-17,1,9,0.9999943
55000900202948,2020-10-18,1,9,0.9999976
55000900202948,2020-10-19,1,9,0.9999988
55000900202948,2020-10-20,1,9,0.9999988
55000900202948,2020-10-21,1,0,0.9999987
55000900202948,2020-10-22,1,0,0.9999988
55000900233930,2020-09-11,1,9,0.99999917
55000900233930,2020-09-12,1,9,0.99999917
55000900233930,2020-09-13,1,9,0.99999917
55000900233930,2020-09-14,1,9,0.99999917
55000900233930,2020-09-15,1,9,0.99999917
55000900233930,2020-09-16,1,9,0.99999917
55000900233930,2020-09-17,1,9,0.99999917
55000900233930,2020-09-18,1,9,0.99999917
55000900233930,2020-09-19,1,9,0.99999917
55000900233930,2020-09-20,1,9,0.99999917
55000900233930,2020-09-21,1,9,0.99999917
55000900233930,2020-09-22,1,9,0.99999917
55000900233930,2020-09-23,1,9,0.99999917
55000900233930,2020-09-24,1,9,0.99999917
55000900233930,2020-09-25,1,9,0.99999917
55000900233930,2020-09-26,1,9,0.99999917
55000900233930,2020-09-27,1,9,0.99999917
55000900233930,2020-09-28,1,9,0.99999917
55000900233930,2020-09-29,1,9,0.99999917
55000900233930,2020-09-30,1,9,0.99999917
55000900233930,2020-10-01,1,9,0.99999917
55000900233930,2020-10-02,1,9,0.99999917
55000900233930,2020-10-03,1,9,0.99999917
55000900233930,2020-10-04,1,9,0.99999917
55000900233930,2020-10-05,1,9,0.99999917
55000900233930,2020-10-06,1,9,0.99999917
55000900233930,2020-10-07,1,9,0.99999917
55000900233930,2020-10-08,1,9,0.99999917
55000900233930,2020-10-09,1,9,0.99999917
55000900233930,2020-10-10,1,9,0.99999917
55000900233930,2020-10-11,1,9,0.99999917
55000900233930,2020-10-12,1,9,0.99999917
55000900233930,2020-10-13,1,9,0.99999917
55000900233930,2020-10-14,1,9,0.99999917
55000900233930,2020-10-15,1,9,0.99999917
55000900233930,2020-10-16,1,9,0.99999917
55000900233930,2020-10-17,1,9,0.99999917
55000900233930,2020-10-18,1,9,0.99999917
55000900233930,2020-10-19,1,9,0.99999917
55000900233930,2020-10-20,1,9,0.99999917
55000900233930,2020-10-21,1,9,0.99999917
55000900233930,2020-10-22,1,9,0.99999917
55000900233930,2020-10-23,1,9,0.99999917
55000900233930,2020-10-24,1,9,0.99999917
55000900233930,2020-10-25,1,9,0.99999917
55000900233930,2020-10-26,1,0,0.99999905
55000900233930,2020-10-27,1,0,0.9999994
55000900234607,2020-09-11,1,0,0.99784064
55000900234607,2020-09-12,1,0,0.9975309
55000900234607,2020-09-13,1,0,0.99747187
55000900234607,2020-09-14,1,0,0.9975889
55000900234607,2020-09-15,1,0,0.99803215
55000900234607,2020-09-16,1,0,0.9987968
55000900234607,2020-09-17,1,0,0.99796236
55000900234607,2020-09-18,1,0,0.99800116
55000900234607,2020-09-19,1,0,0.9982913
55000900234607,2020-09-20,1,0,0.99933976
55000900234607,2020-09-21,1,0,0.99976224
55000900234607,2020-09-22,1,0,0.99486583
55000900234607,2020-09-23,1,0,0.9915854
55000900234607,2020-09-24,1,0,0.9936568
55000900234607,2020-09-25,1,0,0.96048313
55000900234607,2020-09-26,1,0,0.99989104
55000900234607,2020-09-27,1,0,0.99988437
55000900234607,2020-09-28,1,0,0.9999976
55000900234607,2020-09-29,1,0,0.99999905
55000900234607,2020-09-30,1,0,0.9999981
55000900234607,2020-10-01,1,0,0.9999864
55000900234607,2020-10-02,1,0,0.99988127
55000900234607,2020-10-03,1,0,0.99934477
55000900234607,2020-10-04,1,0,0.99930274
55000900234607,2020-10-05,1,0,0.9994671
55000900234607,2020-10-06,1,0,0.9988431
55000900234607,2020-10-07,1,0,0.99904734
55000900234607,2020-10-08,1,0,0.99632406
55000900234607,2020-10-09,1,0,0.997177
55000900234607,2020-10-10,1,0,0.9993531
55000900234607,2020-10-11,1,0,0.99351525
55000900234607,2020-10-12,1,0,0.9943599
55000900234607,2020-10-13,1,0,0.9999993
55000900234607,2020-10-14,1,0,0.9999995
55000900234607,2020-10-15,1,0,0.99999905
55000900234607,2020-10-16,1,0,0.9999988
55000900234607,2020-10-17,1,0,0.9999993
55000900234607,2020-10-18,1,0,0.9999993
55000900234607,2020-10-19,1,0,0.9999993
55000900234607,2020-10-20,1,0,0.9999995
55000900234607,2020-10-21,1,0,0.99999964
55000900234607,2020-10-22,1,0,0.9999995
55000900234607,2020-10-23,1,0,0.99999905
55000900234607,2020-10-24,1,0,0.9999993
55000900234607,2020-10-25,1,0,0.9999994
55000900234607,2020-10-26,1,0,0.9999993
55000900234607,2020-10-27,1,0,0.99999964
55000900234607,2020-10-28,1,0,0.99999976
55000900234607,2020-10-29,1,0,0.99999964
55000900234607,2020-10-30,1,0,0.9999995
55000900234607,2020-10-31,1,0,0.9999995
55000900234607,2020-11-01,1,0,0.99999964
55000900234607,2020-11-02,1,0,0.9999994
55000900234607,2020-11-03,1,0,0.99999976
55000900234607,2020-11-04,1,0,0.99999964
55000900234607,2020-11-05,1,0,0.99999976
55000900234607,2020-11-06,1,0,0.99999964
55000900234607,2020-11-07,1,0,0.9999995
55000900234607,2020-11-08,1,0,0.9999989
55000900234607,2020-11-09,1,0,0.9999999
55000900234607,2020-11-10,1,0,0.99999976
55000900234607,2020-11-11,1,0,0.99999976
55000900234607,2020-11-12,1,0,0.99999976
55000900234607,2020-11-13,1,0,0.99999964
55000900234607,2020-11-14,1,0,0.99999964
55000900234607,2020-11-15,1,0,0.99999964
55000900234607,2020-11-16,1,0,0.9999995
55000900234607,2020-11-17,1,0,0.99999964
55000900234607,2020-11-18,1,0,0.99999964
55000900234607,2020-11-19,1,0,0.99999976
55000900234607,2020-11-20,1,0,0.99999964
55000900234607,2020-11-21,1,0,0.99999964
55000900234607,2020-11-22,1,0,0.99999976
55000900234607,2020-11-23,1,0,0.9999995
55000900234607,2020-11-24,1,0,0.99999976
55000900234607,2020-11-25,1,0,0.99999976
55000900234607,2020-11-26,1,0,0.99999976
55000900234607,2020-11-27,1,0,0.99999964
55000900234607,2020-11-28,1,0,0.99999976
55000900234607,2020-11-29,1,0,0.99999976
55000900234607,2020-11-30,1,0,0.99999976
55000900234607,2020-12-01,1,0,0.99999964
55000900234607,2020-12-02,1,0,0.99999964
55000900234607,2020-12-03,1,0,0.99999976
55000900234607,2020-12-04,1,0,0.99999964
55000900234607,2020-12-05,1,0,0.99999976
55000900234607,2020-12-06,1,0,0.99999976
55000900234607,2020-12-07,1,0,0.99999976
55000900234607,2020-12-08,1,0,0.99999976
55000900234607,2020-12-09,1,0,0.99999976
55000900234607,2020-12-10,1,0,0.9999995
55000900234607,2020-12-11,1,0,0.99999976
55000900234607,2020-12-12,1,0,0.99999976
55000900234607,2020-12-13,1,0,0.9999995
55000900234607,2020-12-14,1,0,0.9999999
55000900234607,2020-12-15,1,0,0.9999999
55000900234607,2020-12-16,1,0,0.99999976
55000900234607,2020-12-17,1,0,0.99999976
55000900234607,2020-12-18,1,0,0.99999976
55000900234607,2020-12-19,1,0,0.99999964
55000900234607,2020-12-20,1,0,0.99999976
55000900234607,2020-12-21,1,0,0.99999964
55000900234607,2020-12-22,1,0,0.99999964
55000900234607,2020-12-23,1,0,0.99999964
55000900234607,2020-12-24,1,0,0.9999995
55000900234607,2020-12-25,1,0,0.99999976
55000900234607,2020-12-26,1,0,0.99999976
55000900234607,2020-12-27,1,0,0.99999964
55000900234607,2020-12-28,1,0,0.99999976
55000900234607,2020-12-29,1,0,0.9999994
55000900234607,2020-12-30,1,0,0.99999976
55000900234607,2020-12-31,1,0,0.99999964
55000900234607,2021-01-01,1,0,0.99999976
55000900234607,2021-01-02,1,0,0.99999964
55000900234607,2021-01-03,1,0,0.99999964
55000900234607,2021-01-04,1,0,0.99999976
55000900234607,2021-01-05,1,0,0.99999976
55000900234607,2021-01-06,1,0,0.99999976
55000900234607,2021-01-07,1,0,0.99999976
55000900234607,2021-01-08,1,0,0.99999976
55000900234607,2021-01-09,1,0,0.99999976
55000900234607,2021-01-10,1,0,0.99999976
55000900234607,2021-01-11,1,0,0.99999976
55000900234607,2021-01-12,1,0,0.99999976
55000900234607,2021-01-13,1,0,0.99999976
55000900234607,2021-01-14,1,0,0.99999976
55000900234607,2021-01-15,1,0,0.99999976
55000900234607,2021-01-16,1,0,0.99999976
55000900234607,2021-01-17,1,0,0.99999976
55000900234607,2021-01-18,1,0,0.99999976
55000900234607,2021-01-19,1,0,0.99999976
55000900234607,2021-01-20,1,0,0.99999976
55000900234607,2021-01-21,1,0,0.99999976
55000900234607,2021-01-22,1,0,0.99999976
55000900234607,2021-01-23,1,0,0.99999964
55000900234607,2021-01-24,1,0,0.99999964
55000900234607,2021-01-25,1,0,0.99999964
55000900234607,2021-01-26,1,0,0.99999964
55000900234607,2021-01-27,1,0,0.99999964
55000900234607,2021-01-28,1,0,0.99999964
55000900234607,2021-01-29,1,0,0.9999995
55000900234607,2021-01-30,1,0,0.99999964
55000900234607,2021-01-31,1,0,0.99999964
55000900234607,2021-02-01,1,0,0.99999964
55000900234607,2021-02-02,1,0,0.99999964
55000900234607,2021-02-03,1,0,0.99999964
55000900234607,2021-02-04,1,0,0.99999964
55000900234607,2021-02-05,1,0,0.99999964
55000900234607,2021-02-06,1,0,0.99999964
55000900234607,2021-02-07,1,0,0.99999964
55000900234607,2021-02-08,1,0,0.99999964
55000900234607,2021-02-09,1,0,0.99999964
55000900234607,2021-02-10,1,0,0.99999964
55000900234607,2021-02-11,1,0,0.99999964
55000900234607,2021-02-12,1,0,0.99999964
55000900234607,2021-02-13,1,0,0.99999964
55000900234607,2021-02-14,1,0,0.99999964
55000900234607,2021-02-15,1,0,0.99999964
55000900234607,2021-02-16,1,0,0.99999964
55000900234607,2021-02-17,1,0,0.99999964
55000900234607,2021-02-18,1,0,0.99999964
55000900234607,2021-02-19,1,0,0.99999964
55000900234607,2021-02-20,1,0,0.99999964
55000900234607,2021-02-21,1,0,0.99999964
55000900234607,2021-02-22,1,0,0.99999964
55000900234607,2021-02-23,1,0,0.99999964
55000900234607,2021-02-24,1,0,0.99999964
55000900234607,2021-02-25,1,0,0.99999964
55000900234607,2021-02-26,1,0,0.99999964
55000900234607,2021-02-27,1,0,0.99999964
55000900234607,2021-02-28,1,0,0.99999964
55000900234607,2021-03-01,1,0,0.99999964
55000900234607,2021-03-02,1,0,0.99999964
55000900234607,2021-03-03,1,0,0.99999964
55000900234607,2021-03-04,1,0,0.99999964
55000900234607,2021-03-05,1,0,0.99999964
55000900234607,2021-03-06,1,0,0.99999964
55000900234607,2021-03-07,1,0,0.99999964
55000900234607,2021-03-08,1,0,0.99999964
55000900234607,2021-03-09,1,0,0.99999964
55000900234607,2021-03-10,1,0,0.99999964
55000900234607,2021-03-11,1,0,0.99999964
55000900234607,2021-03-12,1,0,0.99999964
55000900234607,2021-03-13,1,0,0.99999964
55000900234607,2021-03-15,1,0,0.99999964
55000900234607,2021-03-16,1,0,0.99999964
55000900234607,2021-03-17,1,0,0.99999964
55000900234607,2021-03-18,1,0,0.99999964
55000900234607,2021-03-19,1,0,0.99999964
55000900234607,2021-03-20,1,0,0.99999964
55000900234607,2021-03-21,1,0,0.99999964
55000900234607,2021-03-22,1,0,0.99999964
55000900234607,2021-03-23,1,0,0.99999964
55000900234607,2021-03-24,1,0,0.99999964
55000900234607,2021-03-25,1,0,0.99999964
55000900234607,2021-03-26,1,0,0.99999964
55000900234607,2021-03-27,1,0,0.99999964
55000900234607,2021-03-28,1,0,0.99999964
55000900234607,2021-03-29,1,0,0.99999964
55000900234607,2021-03-30,1,0,0.99999964
55000900234607,2021-03-31,1,0,0.99999964
55000900234607,2021-04-01,1,0,0.99999964
55000900234607,2021-04-02,1,0,0.99999964
55000900234607,2021-04-03,1,0,0.99999964
55000900234607,2021-04-04,1,0,0.99999964
55000900234607,2021-04-05,1,0,0.99999964
55000900234607,2021-04-06,1,0,0.99999964
55000900234607,2021-04-07,1,0,0.99999964
55000900234607,2021-04-08,1,0,0.99999964
55000900234607,2021-04-09,1,0,0.99999964
55000900234607,2021-04-10,1,0,0.99999964
55000900234607,2021-04-11,1,0,0.99999964
55000900234607,2021-04-12,1,0,0.99999964
55000900234607,2021-04-13,1,0,0.99999964
55000900234607,2021-04-14,1,0,0.99999964
55000900234607,2021-04-15,1,0,0.99999964
55000900234607,2021-04-16,1,0,0.99999964
55000900234607,2021-04-17,1,0,0.99999964
55000900234607,2021-04-18,1,0,0.99999964
55000900234607,2021-04-19,1,0,0.99999964
55000900234607,2021-04-20,1,0,0.99999964
55000900234607,2021-04-21,1,0,0.99999964
55000900234607,2021-04-22,1,0,0.99999964
55000900234607,2021-04-23,1,0,0.99999964
55000900234607,2021-04-24,1,0,0.99999964
55000900234607,2021-04-25,1,0,0.99999964
55000900234607,2021-04-26,1,0,0.99999964
55000900234607,2021-04-27,1,0,0.99999964
55000900234607,2021-04-28,1,0,0.99999964
55000900234607,2021-04-29,1,0,0.99999964
55000900234607,2021-04-30,1,0,0.99999964
55000900234607,2021-05-01,1,0,0.99999964
55000900234607,2021-05-02,1,0,0.99999964
55000900234607,2021-05-03,1,0,0.99999964
55000900234607,2021-05-04,1,0,0.99999964
55000900234607,2021-05-05,1,0,0.99999964
55000900234607,2021-05-06,1,0,0.99999964
55000900234607,2021-05-07,1,0,0.99999964
55000900234607,2021-05-08,1,0,0.99999964
55000900234607,2021-05-09,1,0,0.99999964
55000900234607,2021-05-10,1,0,0.99999964
55000900234607,2021-05-11,1,0,0.99999964
55000900234607,2021-05-12,1,0,0.99999964
55000900234607,2021-05-13,1,0,0.99999964
55000900234607,2021-05-14,1,0,0.99999964
55000900234607,2021-05-15,1,0,0.99999964
55000900234607,2021-05-16,1,0,0.99999964
55000900234607,2021-05-17,1,0,0.99999964
55000900234607,2021-05-18,1,0,0.99999964
55000900234607,2021-05-19,1,0,0.99999964
55000900234607,2021-05-20,1,0,0.99999964
55000900234607,2021-05-21,1,0,0.99999964
55000900234607,2021-05-22,1,0,0.99999964
55000900234607,2021-05-23,1,0,0.99999964
55000900234607,2021-05-24,1,0,0.99999964
55000900234607,2021-05-25,1,0,0.99999964
55000900234607,2021-05-26,1,0,0.99999964
55000900234607,2021-05-27,1,0,0.99999964
55000900234607,2021-05-28,1,0,0.99999964
55000900234607,2021-05-29,1,0,0.99999964
55000900234607,2021-05-30,1,0,0.99999964
55000900234607,2021-05-31,1,0,0.99999964
55000900234607,2021-06-01,1,0,0.99999964
55000900234607,2021-06-02,1,0,0.99999964
55000900234607,2021-06-03,1,0,0.99999964
55000900234607,2021-06-04,1,0,0.99999964
55000900234607,2021-06-05,1,0,0.99999964
55000900234607,2021-06-06,1,0,0.99999964
55000900234607,2021-06-07,1,0,0.99999964
55000900234607,2021-06-08,1,0,0.99999964
55000900234607,2021-06-09,1,0,0.99999964
55000900234607,2021-06-10,1,0,0.99999964
55000900234607,2021-06-11,1,0,0.99999964
55000900234607,2021-06-12,1,0,0.99999964
55000900234607,2021-06-13,1,0,0.99999964
55000900234607,2021-06-14,1,0,0.99999964
55000900234607,2021-06-15,1,0,0.99999964
55000900234607,2021-06-16,1,0,0.99999964
55000900234607,2021-06-17,1,0,0.99999964
55000900234607,2021-06-18,1,0,0.99999964
55000900234607,2021-06-19,1,0,0.99999964
55000900234607,2021-06-20,1,0,0.99999964
55000900234607,2021-06-22,1,0,0.99999964
55000900234607,2021-06-23,1,0,0.99999964
55000900234607,2021-06-24,1,0,0.99999964
55000900234607,2021-06-25,1,0,0.99999964
55000900234607,2021-06-26,1,0,0.99999964
55000900234607,2021-06-27,1,0,0.99999964
55000900234607,2021-06-28,1,0,0.99999964
55000900234607,2021-06-29,1,0,0.99999964
55000900234607,2021-06-30,1,0,0.99999964
55000900234607,2021-07-01,1,0,0.99999964
55000900234607,2021-07-02,1,0,0.99999964
55000900234607,2021-07-03,1,0,0.99999964
55000900234607,2021-07-04,1,0,0.99999964
55000900234607,2021-07-05,1,0,0.99999964
55000900234607,2021-07-06,1,0,0.99999964
55000900234607,2021-07-07,1,0,0.99999964
55000900234607,2021-07-08,1,0,0.99999964
55000900234607,2021-07-09,1,0,0.99999964
55000900234607,2021-07-10,1,0,0.99999964
55000900234607,2021-07-11,1,0,0.99999964
55000900234607,2021-07-12,1,0,0.99999964
55000900234607,2021-07-13,1,0,0.99999964
55000900234607,2021-07-14,1,0,0.99999964
55000900234607,2021-07-15,1,0,0.99999964
55000900234607,2021-07-16,1,0,0.99999964
55000900234607,2021-07-17,1,0,0.99999964
55000900234607,2021-07-18,1,0,0.99999964
55000900234607,2021-07-19,1,0,0.99999964
55000900234607,2021-07-27,1,0,0.99999964
55000900234607,2021-07-28,1,0,0.99999964
55000900234607,2021-07-29,1,0,0.99999964
55000900234607,2021-07-30,1,0,0.99999964
55000900234607,2021-07-31,1,0,0.99999964
55000900234607,2021-08-01,1,0,0.99999964
55000900234607,2021-08-02,1,0,0.99999964
55000900234607,2021-08-03,1,0,0.99999964
55000900234607,2021-08-04,1,0,0.99999964
55000900234607,2021-08-05,1,0,0.99999964
55000900234607,2021-08-06,1,0,0.99999964
55000900234607,2021-08-07,1,0,0.99999964
55000900234607,2021-08-08,1,0,0.99999964
55000900234607,2021-08-09,1,0,0.99999964
55000900234607,2021-08-10,1,0,0.99999964
55000900234607,2021-08-11,1,0,0.99999964
55000900234607,2021-08-12,1,0,0.99999964
55000900234607,2021-08-13,1,0,0.99999964
55000900234607,2021-08-14,1,0,0.99999964
55000900234607,2021-08-15,1,0,0.99999964
55000900234607,2021-08-16,1,0,0.99999964
55000900234607,2021-08-17,1,0,0.99999964
55000900234607,2021-08-18,1,0,0.99999964
55000900234607,2021-08-19,1,0,0.99999964
55000900234607,2021-08-20,1,0,0.99999964
55000900234607,2021-08-21,1,0,0.99999964
55000900234607,2021-08-22,1,0,0.99999964
55000900234607,2021-08-23,1,0,0.99999964
55000900234607,2021-08-24,1,0,0.99999964
55000900234607,2021-08-25,1,0,0.99999964
55000900234607,2021-08-26,1,0,0.99999964
55000900234607,2021-08-27,1,0,0.99999964
55000900234607,2021-08-28,1,0,0.99999964
55000900234607,2021-08-29,1,0,0.99999964
55000900234607,2021-08-30,1,0,0.99999964
55000900234607,2021-08-31,1,0,0.99999964
55000900234607,2021-09-01,1,0,0.99999964
55000900234607,2021-09-02,1,0,0.99999964
55000900234607,2021-09-03,1,0,0.99999964
55000900234607,2021-09-04,1,0,0.99999964
55000900234607,2021-09-05,1,0,0.99999964
55000900234607,2021-09-06,1,0,0.99999964
55000900234607,2021-09-07,1,0,0.99999964
55000900234607,2021-09-08,1,0,0.99999964
55000900234607,2021-09-09,1,0,0.99999964
55000900234607,2021-09-10,1,0,0.99999964
55000900234607,2021-09-11,1,0,0.99999964
55000900234607,2021-09-12,1,0,0.99999964
55000900234607,2021-09-13,1,0,0.99999964
55000900234607,2021-09-14,1,0,0.99999964
55000900234607,2021-09-15,1,0,0.99999964
55000900234607,2021-09-16,1,0,0.99999964
55000900234607,2021-09-17,1,0,0.99999964
55000900234607,2021-09-18,1,0,0.99999964
55000900234607,2021-09-19,1,0,0.99999964
55000900234607,2021-09-20,1,0,0.99999964
55000900234607,2021-09-21,1,0,0.99999964
55000900234607,2021-09-22,1,0,0.99999964
55000900234607,2021-09-23,1,0,0.99999964
55000900234607,2021-09-24,1,0,0.99999964
55000900234607,2021-09-25,1,0,0.99999964
55000900234607,2021-09-26,1,0,0.99999964
55000900234607,2021-09-27,1,0,0.99999964
55000900234607,2021-09-28,1,0,0.99999964
55000900234607,2021-09-29,1,0,0.99999964
55000900234607,2021-09-30,1,0,0.99999964
55000900234607,2021-10-01,1,0,0.99999964
55000900234607,2021-10-02,1,0,0.99999964
55000900234607,2021-10-03,1,0,0.99999964
55000900234607,2021-10-04,1,0,0.99999964
55000900234607,2021-10-05,1,0,0.99999964
55000900234607,2021-10-06,1,0,0.99999964
55000900234607,2021-10-07,1,0,0.99999964
55000900234607,2021-10-08,1,0,0.99999964
55000900234607,2021-10-09,1,0,0.99999964
55000900234607,2021-10-10,1,0,0.99999964
55000900234607,2021-10-11,1,0,0.99999964
55000900234607,2021-10-12,1,0,0.99999964
55000900234607,2021-10-13,1,0,0.99999964
55000900234607,2021-10-14,1,0,0.99999964
55000900234607,2021-10-15,1,0,0.99999964
55000900234607,2021-10-16,1,0,0.99999964
55000900234607,2021-10-17,1,0,0.99999964
55000900234607,2021-10-18,1,0,0.99999964
55000900234607,2021-10-19,1,0,0.99999964
55000900234607,2021-10-20,1,0,0.99999964
55000900234607,2021-10-21,1,0,0.99999964
55000900234607,2021-10-22,1,0,0.99999964
55000900234607,2021-10-23,1,0,0.99999964
55000900234607,2021-10-24,1,0,0.99999964
55000900234607,2021-10-25,1,0,0.99999964
55000900234607,2021-10-26,1,0,0.99999964
55000900234607,2021-10-27,1,0,0.99999964
55000900234607,2021-10-28,1,0,0.99999964
55000900234607,2021-10-29,1,0,0.99999964
55000900234607,2021-10-30,1,0,0.99999964
55000900234607,2021-10-31,1,0,0.99999964
55000900234607,2021-11-01,1,0,0.99999964
55000900234607,2021-11-02,1,0,0.99999964
55000900234607,2021-11-03,1,0,0.99999964
55000900234607,2021-11-04,1,0,0.99999964
55000900234607,2021-11-05,1,0,0.99999964
55000900234607,2021-11-06,1,0,0.99999964
55000900234607,2021-11-07,1,0,0.99999964
55000900234607,2021-11-08,1,0,0.99999964
55000900234607,2021-11-09,1,0,0.99999964
55000900234607,2021-11-10,1,0,0.99999964
55000900234607,2021-11-11,1,0,0.99999964
55000900234607,2021-11-12,1,0,0.99999964
55000900234607,2021-11-13,1,0,0.99999964
55000900234607,2021-11-14,1,0,0.99999964
55000900234607,2021-11-15,1,0,0.99999964
55000900234607,2021-11-16,1,0,0.99999964
55000900234607,2021-11-17,1,0,0.99999964
55000900234607,2021-11-18,1,0,0.99999964
55000900234607,2021-11-19,1,0,0.99999964
55000900234607,2021-11-20,1,0,0.99999964
55000900234607,2021-11-21,1,0,0.99999964
55000900234607,2021-11-22,1,0,0.99999964
55000900234607,2021-11-23,1,0,0.99999964
55000900234607,2021-11-24,1,0,0.99999964
55000900234607,2021-11-25,1,0,0.99999964
55000900234607,2021-11-26,1,0,0.99999964
55000900234607,2021-11-27,1,0,0.99999964
55000900234607,2021-11-28,1,0,0.99999964
55000900234607,2021-11-29,1,0,0.99999964
55000900234607,2021-11-30,1,0,0.99999964
55000900234607,2021-12-01,1,0,0.99999964
55000900234607,2021-12-02,1,0,0.99999964
55000900234607,2021-12-03,1,0,0.99999964
55000900234607,2021-12-04,1,0,0.99999964
55000900234607,2021-12-05,1,0,0.99999964
55000900234607,2021-12-06,1,0,0.99999964
55000900234607,2021-12-07,1,0,0.99999964
55000900234607,2021-12-08,1,0,0.99999964
55000900234607,2021-12-09,1,0,0.99999964
55000900234607,2021-12-10,1,0,0.99999964
55000900234607,2021-12-11,1,0,0.99999964
55000900234607,2021-12-12,1,0,0.99999964
55000900234607,2021-12-13,1,0,0.99999964
55000900234607,2021-12-14,1,0,0.99999964
55000900234607,2021-12-15,1,0,0.99999964
55000900234607,2021-12-16,1,0,0.99999964
55000900234607,2021-12-17,1,0,0.99999964
55000900234607,2021-12-18,1,0,0.99999964
55000900234607,2021-12-19,1,0,0.99999964
55000900234607,2021-12-20,1,0,0.99999964
55000900234607,2021-12-21,1,0,0.99999964
55000900234607,2021-12-22,1,0,0.99999964
55000900234607,2021-12-23,1,0,0.99999964
55000900234607,2021-12-24,1,0,0.99999964
55000900234607,2021-12-25,1,0,0.99999964
55000900234607,2021-12-26,1,0,0.99999964
55000900234607,2021-12-27,1,0,0.99999964
55000900234607,2021-12-28,1,0,0.99999964
55000900234607,2021-12-29,1,0,0.99999964
55000900234607,2021-12-30,1,0,0.99999964
55000900234607,2021-12-31,1,0,0.99999964
55000900234607,2022-01-01,1,0,0.99999964
55000900234607,2022-01-02,1,0,0.99999964
55000900234607,2022-01-03,1,0,0.99999964
55000900234607,2022-01-04,1,0,0.99999964
55000900234607,2022-01-05,1,0,0.99999964
55000900234607,2022-01-06,1,0,0.99999964
55000900234607,2022-01-07,1,0,0.99999964
55000900234607,2022-01-08,1,0,0.99999964
55000900234607,2022-01-09,1,0,0.99999964
55000900234607,2022-01-10,1,0,0.99999964
55000900234607,2022-01-11,1,0,0.99999964
55000900234607,2022-01-12,1,0,0.99999964
55000900234607,2022-01-13,1,0,0.99999964
55000900234607,2022-01-14,1,0,0.99999964
55000900234607,2022-01-15,1,0,0.99999964
55000900234607,2022-01-16,1,0,0.99999964
55000900234607,2022-01-17,1,0,0.99999964
55000900234607,2022-01-18,1,0,0.99999964
55000900234607,2022-01-19,1,0,0.99999964
55000900234607,2022-01-20,1,0,0.99999964
55000900234607,2022-01-21,1,0,0.99999964
55000900234607,2022-01-22,1,0,0.99999964
55000900234607,2022-01-23,1,0,0.99999964
55000900234607,2022-01-24,1,0,0.99999964
55000900234607,2022-01-25,1,0,0.99999964
55000900234607,2022-01-26,1,0,0.99999964
55000900234607,2022-01-27,1,0,0.99999964
55000900234607,2022-01-28,1,0,0.99999964
55000900234607,2022-01-29,1,0,0.99999964
55000900234607,2022-01-30,1,0,0.99999964
55000900234607,2022-01-31,1,0,0.99999964
55000900234607,2022-02-01,1,0,0.99999964
55000900234607,2022-02-02,1,0,0.99999964
55000900234607,2022-02-03,1,0,0.99999964
55000900234607,2022-02-04,1,0,0.99999964
55000900234607,2022-02-05,1,0,0.99999964
55000900234607,2022-02-06,1,0,0.99999964
55000900234607,2022-02-07,1,0,0.99999964
55000900234607,2022-02-08,1,0,0.99999964
55000900234607,2022-02-09,1,0,0.99999964
55000900234607,2022-02-10,1,0,0.99999964
55000900234607,2022-02-11,1,0,0.99999964
55000900234607,2022-02-12,1,0,0.99999964
55000900234607,2022-02-13,1,0,0.99999964
55000900234607,2022-02-14,1,0,0.99999964
55000900234607,2022-02-15,1,0,0.99999964
55000900234607,2022-02-16,1,0,0.99999964
55000900234607,2022-02-17,1,0,0.99999964
55000900234607,2022-02-18,1,0,0.99999964
55000900234607,2022-02-19,1,0,0.99999964
55000900234607,2022-02-20,1,0,0.99999964
55000900234607,2022-02-21,1,0,0.99999964
55000900234607,2022-02-22,1,0,0.99999964
55000900234607,2022-02-23,1,0,0.99999964
55000900234607,2022-02-24,1,0,0.99999964
55000900234607,2022-02-25,1,0,0.99999964
55000900234607,2022-02-26,1,0,0.99999964
55000900234607,2022-02-27,1,0,0.99999964
55000900234607,2022-02-28,1,0,0.99999964
55000900234607,2022-03-01,1,0,0.99999964
55000900234607,2022-03-02,1,0,0.99999964
55000900234607,2022-03-03,1,0,0.99999964
55000900234607,2022-03-04,1,0,0.99999964
55000900234607,2022-03-05,1,0,0.99999964
55000900234607,2022-03-06,1,0,0.99999964
55000900234607,2022-03-07,1,0,0.99999964
55000900234607,2022-03-08,1,0,0.99999964
55000900234607,2022-03-09,1,0,0.99999964
55000900234607,2022-03-10,1,0,0.99999964
55000900234607,2022-03-11,1,0,0.99999964
55000900234607,2022-03-12,1,0,0.99999964
55000900234607,2022-03-14,1,0,0.99999964
55000900234607,2022-03-15,1,0,0.99999964
55000900234607,2022-03-16,1,0,0.99999964
55000900234607,2022-03-17,1,0,0.99999964
55000900234607,2022-03-18,1,0,0.99999964
55000900234607,2022-03-19,1,0,0.99999964
55000900234607,2022-03-20,1,0,0.99999964
55000900234607,2022-03-21,1,0,0.99999964
55000900234607,2022-03-22,1,0,0.99999964
55000900234607,2022-03-23,1,0,0.99999964
55000900234607,2022-03-24,1,0,0.99999964
55000900234607,2022-03-25,1,0,0.99999964
55000900234607,2022-03-26,1,0,0.99999964
55000900234607,2022-03-27,1,0,0.99999964
55000900234607,2022-03-28,1,0,0.99999964
55000900234607,2022-03-29,1,0,0.99999964
55000900234607,2022-03-30,1,0,0.99999964
55000900234607,2022-03-31,1,0,0.99999964
55000900234607,2022-04-01,1,0,0.99999964
55000900234607,2022-04-02,1,0,0.99999964
55000900234607,2022-04-03,1,0,0.99999964
55000900234607,2022-04-04,1,0,0.99999964
55000900234607,2022-04-05,1,0,0.99999964
55000900234607,2022-04-06,1,0,0.99999964
55000900234607,2022-04-07,1,0,0.99999964
55000900234607,2022-04-08,1,0,0.99999964
55000900234607,2022-04-09,1,0,0.99999964
55000900234607,2022-04-10,1,0,0.99999964
55000900234607,2022-04-11,1,0,0.99999964
55000900234607,2022-04-12,1,0,0.99999964
55000900234607,2022-04-13,1,0,0.99999964
55000900234607,2022-04-14,1,0,0.99999964
55000900234607,2022-04-15,1,0,0.99999964
55000900234607,2022-04-16,1,0,0.99999964
55000900234607,2022-04-17,1,0,0.99999964
55000900234607,2022-04-18,1,0,0.99999964
55000900234607,2022-04-19,1,0,0.99999964
55000900234607,2022-04-20,1,0,0.99999964
55000900234607,2022-04-21,1,0,0.99999964
55000900234607,2022-04-22,1,0,0.99999964
55000900234607,2022-04-23,1,0,0.99999964
55000900234607,2022-04-24,1,0,0.99999964
55000900234607,2022-04-25,1,0,0.99999964
55000900234607,2022-04-26,1,0,0.99999964
55000900234607,2022-04-27,1,0,0.99999964
55000900234607,2022-04-28,1,0,0.99999964
55000900234607,2022-04-29,1,0,0.99999964
55000900234607,2022-04-30,1,0,0.99999964
55000900234607,2022-05-01,1,0,0.99999964
55000900234607,2022-05-02,1,0,0.99999964
55000900234607,2022-05-03,1,0,0.99999964
55000900234607,2022-05-04,1,0,0.99999964
55000900234607,2022-05-05,1,0,0.99999964
55000900234607,2022-05-06,1,0,0.99999964
55000900234607,2022-05-07,1,0,0.99999964
55000900234607,2022-05-08,1,0,0.99999964
55000900234607,2022-05-09,1,0,0.99999964
55000900234607,2022-05-10,1,0,0.99999964
55000900234607,2022-05-11,1,0,0.99999964
55000900234607,2022-05-12,1,0,0.99999964
55000900234607,2022-05-13,1,0,0.99999964
55000900234607,2022-05-14,1,0,0.99999964
55000900234607,2022-05-15,1,0,0.99999964
55000900234607,2022-05-16,1,0,0.99999964
55000900234607,2022-05-17,1,0,0.99999964
55000900234607,2022-05-18,1,0,0.99999964
55000900234607,2022-05-19,1,0,0.99999964
55000900234607,2022-05-20,1,0,0.99999964
55000900234607,2022-05-21,1,0,0.99999964
55000900234607,2022-05-22,1,0,0.99999964
55000900234607,2022-05-23,1,0,0.99999964
55000900234607,2022-05-24,1,0,0.99999964
55000900234607,2022-05-25,1,0,0.99999964
55000900234607,2022-05-26,1,0,0.99999964
55000900234607,2022-05-27,1,0,0.99999964
55000900234607,2022-05-28,1,0,0.99999964
55000900234607,2022-05-29,1,0,0.99999964
55000900234607,2022-05-30,1,0,0.99999964
55000900234607,2022-05-31,1,0,0.99999964
55000900234607,2022-06-01,1,0,0.99999964
55000900234607,2022-06-02,1,0,0.99999964
55000900234607,2022-06-03,1,0,0.99999964
55000900234607,2022-06-04,1,0,0.99999964
55000900234607,2022-06-05,1,0,0.99999964
55000900234607,2022-06-06,1,0,0.99999964
55000900234607,2022-06-07,1,0,0.99999964
55000900234607,2022-06-08,1,0,0.99999964
55000900234607,2022-06-09,1,0,0.99999964
55000900234607,2022-06-10,1,0,0.99999964
55000900234607,2022-06-11,1,0,0.99999964
55000900234607,2022-06-12,1,0,0.99999964
55000900234607,2022-06-13,1,0,0.99999964
55000900234607,2022-06-14,1,0,0.99999964
55000900234607,2022-06-15,1,0,0.99999964
55000900234607,2022-06-16,1,0,0.99999964
55000900234607,2022-06-17,1,0,0.99999964
55000900234607,2022-06-18,1,0,0.99999964
55000900234607,2022-06-19,1,0,0.99999964
55000900234607,2022-06-20,1,0,0.99999964
55000900234607,2022-06-21,1,0,0.99999964
55000900234607,2022-06-22,1,0,0.99999964
55000900234607,2022-06-23,1,0,0.99999964
55000900234607,2022-06-24,1,0,0.99999964
55000900234607,2022-06-25,1,0,0.99999964
55000900234607,2022-06-26,1,0,0.99999964
55000900234607,2022-06-27,1,0,0.99999964
55000900234607,2022-06-28,1,0,0.99999964
55000900234607,2022-06-29,1,0,0.99999964
55000900234607,2022-06-30,1,0,0.99999964
55000900234607,2022-07-01,1,0,0.99999964
55000900234607,2022-07-02,1,0,0.99999964
55000900234607,2022-07-03,1,0,0.99999964
55000900234607,2022-07-04,1,0,0.99999964
55000900234607,2022-07-05,1,0,0.99999964
55000900234607,2022-07-06,1,0,0.99999964
55000900234607,2022-07-07,1,0,0.99999964
55000900234607,2022-07-08,1,0,0.99999964
55000900234607,2022-07-09,1,0,0.99999964
55000900234607,2022-07-10,1,0,0.99999964
55000900234607,2022-07-11,1,0,0.99999964
55000900234607,2022-07-12,1,0,0.99999964
55000900234607,2022-07-13,1,0,0.99999964
55000900234607,2022-07-14,1,0,0.99999964
55000900234607,2022-07-15,1,0,0.99999964
55000900234607,2022-07-16,1,0,0.99999964
55000900234607,2022-07-17,1,0,0.99999964
55000900234607,2022-07-18,1,0,0.99999964
55000900234607,2022-07-19,1,0,0.99999964
55000900234607,2022-07-20,1,0,0.99999964
55000900234607,2022-07-21,1,0,0.99999964
55000900234607,2022-07-22,1,0,0.99999964
55000900234607,2022-07-23,1,0,0.99999964
55000900234607,2022-07-24,1,0,0.99999964
55000900234607,2022-07-25,1,0,0.99999964
55000900234607,2022-07-26,1,0,0.99999964
55000900234607,2022-07-27,1,0,0.99999964
55000900234607,2022-07-28,1,0,0.99999964
55000900234607,2022-07-29,1,0,0.99999964
55000900234607,2022-07-30,1,0,0.99999964
55000900234607,2022-07-31,1,0,0.99999964
55000900234607,2022-08-01,1,0,0.99999964
55000900234607,2022-08-02,1,0,0.99999964
55000900234607,2022-08-03,1,0,0.99999964
55000900234607,2022-08-04,1,0,0.99999964
55000900234607,2022-08-05,1,0,0.99999964
55000900234607,2022-08-06,1,0,0.99999964
55000900234607,2022-08-07,1,0,0.99999964
55000900234607,2022-08-08,1,0,0.99999964
55000900234607,2022-08-09,1,0,0.99999964
55000900234607,2022-08-10,1,0,0.99999964
55000900234607,2022-08-11,1,0,0.99999964
55000900234607,2022-08-12,1,0,0.99999964
55000900234607,2022-08-13,1,0,0.99999964
55000900234607,2022-08-14,1,0,0.99999964
55000900234607,2022-08-15,1,0,0.99999964
55000900234607,2022-08-16,1,0,0.99999964
55000900234607,2022-08-17,1,0,0.99999964
55000900234607,2022-08-18,1,0,0.99999964
55000900234607,2022-08-19,1,0,0.99999964
55000900234607,2022-08-20,1,0,0.99999964
55000900234607,2022-08-21,1,0,0.99999964
55000900234607,2022-08-22,1,0,0.99999964
55000900234607,2022-08-23,1,0,0.99999964
55000900234607,2022-08-24,1,0,0.99999964
55000900234607,2022-08-25,1,0,0.99999964
55000900234607,2022-08-26,1,0,0.99999964
55000900234607,2022-08-27,1,0,0.99999964
55000900234607,2022-08-28,1,0,0.99999964
55000900234607,2022-08-29,1,0,0.99999964
55000900234607,2022-08-30,1,0,0.99999964
55000900234607,2022-08-31,1,0,0.99999964
55000900234607,2022-09-01,1,0,0.99999964
55000900234607,2022-09-02,1,0,0.99999964
55000900234607,2022-09-03,1,0,0.99999964
55000900234607,2022-09-04,1,0,0.99999964
55000900234607,2022-09-05,1,0,0.99999964
55000900234607,2022-09-06,1,0,0.99999964
55000900234607,2022-09-07,1,0,0.99999964
55000900234607,2022-09-08,1,0,0.99999964
55000900234607,2022-09-09,1,0,0.99999964
55000900234607,2022-09-10,1,0,0.99999964
55000900234607,2022-09-11,1,0,0.99999964
55000900234607,2022-09-12,1,0,0.99999964
55000900234607,2022-09-13,1,0,0.99999964
55000900234607,2022-09-14,1,0,0.99999964
55000900234607,2022-09-15,1,0,0.99999964
55000900234607,2022-09-16,1,0,0.99999964
55000900234607,2022-09-17,1,0,0.99999964
55000900234607,2022-09-18,1,0,0.99999964
55000900234607,2022-09-19,1,0,0.99999964
55000900234607,2022-09-20,1,0,0.99999964
55000900234607,2022-09-21,1,0,0.99999964
55000900234607,2022-09-22,1,0,0.99999964
55000900234607,2022-09-23,1,0,0.99999964
55000900234607,2022-09-24,1,0,0.99999964
55000900234607,2022-09-25,1,0,0.99999964
55000900234607,2022-09-26,1,0,0.99999964
55000900234607,2022-09-27,1,0,0.99999964
55000900234607,2022-09-28,1,0,0.99999964
55000900234607,2022-09-29,1,0,0.99999964
55000900234607,2022-09-30,1,0,0.99999964
55000900234607,2022-10-01,1,0,0.99999964
55000900234607,2022-10-02,1,0,0.99999964
55000900234607,2022-10-03,1,0,0.99999964
55000900234607,2022-10-04,1,0,0.99999964
55000900234607,2022-10-05,1,0,0.99999964
55000900234607,2022-10-06,1,0,0.99999964
55000900234607,2022-10-07,1,0,0.99999964
55000900234607,2022-10-08,1,0,0.99999964
55000900234607,2022-10-09,1,0,0.99999964
55000900234607,2022-10-10,1,0,0.99999964
55000900234607,2022-10-11,1,0,0.99999964
55000900234607,2022-10-12,1,0,0.99999964
55000900234607,2022-10-13,1,0,0.99999964
55000900234607,2022-10-14,1,0,0.99999964
55000900234607,2022-10-15,1,0,0.99999964
55000900234607,2022-10-16,1,0,0.99999964
55000900234607,2022-10-17,1,0,0.99999964
55000900234607,2022-10-18,1,0,0.99999964
55000900234607,2022-10-19,1,0,0.99999964
55000900234607,2022-10-20,1,0,0.99999964
55000900234607,2022-10-21,1,0,0.99999964
55000900234607,2022-10-22,1,0,0.99999964
55000900234607,2022-10-23,1,0,0.99999964
55000900234607,2022-10-24,1,0,0.99999964
55000900234607,2022-10-25,1,0,0.99999964
55000900234607,2022-10-26,1,0,0.99999964
55000900234607,2022-10-27,1,0,0.99999964
55000900234607,2022-10-28,1,0,0.99999964
55000900234607,2022-10-29,1,0,0.99999964
55000900234607,2022-10-30,1,0,0.99999964
55000900234607,2022-10-31,1,0,0.99999964
55000900234607,2022-11-01,1,0,0.99999964
55000900234607,2022-11-02,1,0,0.99999964
55000900234607,2022-11-03,1,0,0.99999964
55000900234607,2022-11-04,1,0,0.99999964
55000900234607,2022-11-05,1,0,0.99999964
55000900234607,2022-11-06,1,0,0.99999964
55000900234607,2022-11-07,1,0,0.99999964
55000900234607,2022-11-08,1,0,0.99999964
55000900234607,2022-11-09,1,0,0.99999964
55000900234607,2022-11-10,1,0,0.99999964
55000900234607,2022-11-11,1,0,0.99999964
55000900234607,2022-11-12,1,0,0.99999964
55000900234607,2022-11-13,1,0,0.99999964
55000900234607,2022-11-14,1,0,0.99999964
55000900234607,2022-11-15,1,0,0.99999964
55000900234607,2022-11-16,1,0,0.99999964
55000900234607,2022-11-17,1,0,0.99999964
55000900234607,2022-11-18,1,0,0.99999964
55000900234607,2022-11-19,1,0,0.99999964
55000900234607,2022-11-20,1,0,0.99999964
55000900234607,2022-11-21,1,0,0.99999964
55000900234607,2022-11-22,1,0,0.99999964
55000900234607,2022-11-23,1,0,0.99999964
55000900234607,2022-11-24,1,0,0.99999964
55000900234607,2022-11-25,1,0,0.99999964
55000900234607,2022-11-26,1,0,0.99999964
55000900234607,2022-11-27,1,0,0.99999964
55000900234607,2022-11-28,1,0,0.99999964
55000900234607,2022-11-29,1,0,0.99999964
55000900234607,2022-11-30,1,0,0.99999964
55000900234607,2022-12-01,1,0,0.99999964
55000900234607,2022-12-02,1,0,0.99999964
55000900234607,2022-12-03,1,0,0.99999964
55000900234607,2022-12-04,1,0,0.99999964
55000900234607,2022-12-05,1,0,0.99999964
55000900234607,2022-12-06,1,0,0.99999964
55000900234607,2022-12-07,1,0,0.99999964
55000900234607,2022-12-08,1,0,0.99999964
55000900234607,2022-12-09,1,0,0.99999964
55000900234607,2022-12-10,1,0,0.99999964
55000900234607,2022-12-11,1,0,0.99999964
55000900234607,2022-12-12,1,0,0.99999964
55000900234607,2022-12-13,1,0,0.99999964
55000900234607,2022-12-14,1,0,0.99999964
55000900234607,2022-12-15,1,0,0.99999964
55000900234607,2022-12-16,1,0,0.99999964
55000900234607,2022-12-17,1,0,0.99999964
55000900234607,2022-12-18,1,0,0.99999964
55000900234607,2022-12-19,1,0,0.99999964
55000900234607,2022-12-20,1,0,0.99999964
55000900234607,2022-12-21,1,0,0.99999964
55000900234607,2022-12-22,1,0,0.99999964
55000900234607,2022-12-23,1,0,0.99999964
55000900234607,2022-12-24,1,0,0.99999964
55000900234607,2022-12-25,1,0,0.99999964
55000900234607,2022-12-26,1,0,0.99999964
55000900234607,2022-12-27,1,0,0.99999964
55000900234607,2022-12-28,1,0,0.99999964
55000900234607,2022-12-29,1,0,0.99999964
55000900234607,2022-12-30,1,0,0.99999964
55000900234607,2022-12-31,1,0,0.99999964
55000900234607,2023-01-01,1,0,0.99999964
55000900234607,2023-01-02,1,0,0.99999964
55000900234607,2023-01-03,1,0,0.99999964
55000900234607,2023-01-04,1,0,0.99999964
55000900234607,2023-01-05,1,0,0.99999964
55000900234607,2023-01-06,1,0,0.99999964
55000900234607,2023-01-07,1,0,0.99999964
55000900234607,2023-01-08,1,0,0.99999964
55000900234607,2023-01-09,1,0,0.99999964
55000900234607,2023-01-10,1,0,0.99999964
55000900234607,2023-01-11,1,0,0.99999964
55000900234607,2023-01-12,1,0,0.99999964
55000900234607,2023-01-13,1,0,0.99999964
55000900234607,2023-01-14,1,0,0.99999964
55000900234607,2023-01-15,1,0,0.99999964
55000900234607,2023-01-16,1,0,0.99999964
55000900234607,2023-01-17,1,0,0.99999964
55000900234607,2023-01-18,1,0,0.99999964
55000900234607,2023-01-19,1,0,0.99999964
55000900234607,2023-01-20,1,0,0.99999964
55000900234607,2023-01-21,1,0,0.99999964
55000900234607,2023-01-22,1,0,0.99999964
55000900234607,2023-01-23,1,0,0.99999964
55000900234607,2023-01-24,1,0,0.99999964
55000900234607,2023-01-25,1,0,0.99999964
55000900234607,2023-01-26,1,0,0.99999964
55000900234607,2023-01-27,1,0,0.99999964
55000900234607,2023-01-28,1,0,0.99999964
55000900234607,2023-01-29,1,0,0.99999964
55000900234607,2023-01-30,1,0,0.99999964
55000900234607,2023-01-31,1,0,0.99999964
55000900234607,2023-02-01,1,0,0.99999964
55000900234607,2023-02-02,1,0,0.99999964
55000900234607,2023-02-03,1,0,0.99999964
55000900234607,2023-02-04,1,0,0.99999964
55000900234607,2023-02-05,1,0,0.99999964
55000900234607,2023-02-06,1,0,0.99999964
55000900234607,2023-02-07,1,0,0.99999964
55000900234607,2023-02-08,1,0,0.99999964
55000900234607,2023-02-09,1,0,0.99999964
55000900234607,2023-02-10,1,0,0.99999964
55000900234607,2023-02-11,1,0,0.99999964
55000900234607,2023-02-12,1,0,0.99999964
55000900234607,2023-02-14,1,0,0.99999964
55000900234607,2023-02-15,1,0,0.99999964
55000900234607,2023-02-16,1,0,0.99999964
55000900234607,2023-02-17,1,0,0.99999964
55000900234607,2023-02-18,1,0,0.99999964
55000900234607,2023-02-19,1,0,0.99999964
55000900234607,2023-02-20,1,0,0.99999964
55000900234607,2023-02-21,1,0,0.99999964
55000900234607,2023-02-22,1,0,0.99999964
55000900234607,2023-02-23,1,0,0.99999964
55000900234607,2023-02-24,1,0,0.99999964
55000900234607,2023-02-25,1,0,0.99999964
55000900234607,2023-02-26,1,0,0.99999964
55000900234607,2023-02-27,1,0,0.99999964
55000900234607,2023-02-28,1,0,0.99999964
55000900234607,2023-03-01,1,0,0.99999964
55000900234607,2023-03-02,1,0,0.99999964
55000900234607,2023-03-03,1,0,0.99999964
55000900234607,2023-03-04,1,0,0.99999964
55000900234607,2023-03-05,1,0,0.99999964
55000900234607,2023-03-06,1,0,0.99999964
55000900234607,2023-03-07,1,0,0.99999964
55000900234607,2023-03-08,1,0,0.99999964
55000900234607,2023-03-09,1,0,0.99999964
55000900234607,2023-03-10,1,0,0.99999964
55000900234607,2023-03-11,1,0,0.99999964
55000900234607,2023-03-13,1,0,0.99999964
55000900234607,2023-03-14,1,0,0.99999964
55000900234607,2023-03-15,1,0,0.99999964
55000900234607,2023-03-16,1,0,0.99999964
55000900234607,2023-03-17,1,0,0.99999964
55000900234607,2023-03-18,1,0,0.99999964
55000900234607,2023-03-19,1,0,0.99999964
55000900234607,2023-03-20,1,0,0.99999964
55000900234607,2023-03-21,1,0,0.99999964
55000900234607,2023-03-22,1,0,0.99999964
55000900234607,2023-03-23,1,0,0.99999964
55000900234607,2023-03-24,1,0,0.99999964
55000900234607,2023-03-25,1,0,0.99999964
55000900234607,2023-03-26,1,0,0.99999964
55000900234607,2023-03-27,1,0,0.99999964
55000900234607,2023-03-28,1,0,0.99999964
55000900234607,2023-03-29,1,0,0.99999964
55000900234607,2023-03-30,1,0,0.99999964
55000900234607,2023-03-31,1,0,0.99999964
55000900234607,2023-04-01,1,0,0.99999964
55000900234607,2023-04-02,1,0,0.99999964
55000900234607,2023-04-03,1,0,0.99999964
55000900234607,2023-04-04,1,0,0.99999964
55000900234607,2023-04-05,1,0,0.99999964
55000900234607,2023-04-06,1,0,0.99999964
55000900234607,2023-04-07,1,0,0.99999964
55000900234607,2023-04-08,1,0,0.99999964
55000900234607,2023-04-09,1,0,0.99999964
55000900234607,2023-04-10,1,0,0.99999964
55000900234607,2023-04-11,1,0,0.99999964
55000900234607,2023-04-12,1,0,0.99999964
55000900234607,2023-04-13,1,0,0.99999964
55000900234607,2023-04-14,1,0,0.99999964
55000900234607,2023-04-15,1,0,0.99999964
55000900234607,2023-04-16,1,0,0.99999964
55000900234607,2023-04-17,1,0,0.99999964
55000900234607,2023-04-18,1,0,0.99999964
55000900234607,2023-04-19,1,0,0.99999964
55000900234607,2023-04-20,1,0,0.99999964
55000900235848,2020-09-11,1,9,0.999974
55000900235848,2020-09-12,1,9,0.99993443
55000900235848,2020-09-13,1,9,0.9999641
55000900235848,2020-09-14,1,9,0.9999349
55000900235848,2020-09-15,1,9,0.9999107
55000900235848,2020-09-16,1,9,0.99991405
55000900235848,2020-09-17,1,9,0.99991274
55000900235848,2020-09-18,1,9,0.9998864
55000900235848,2020-09-19,1,9,0.999861
55000900235848,2020-09-20,1,9,0.9998896
55000900235848,2020-09-21,1,9,0.99994266
55000900235848,2020-09-22,1,9,0.99991536
55000900235848,2020-09-23,1,9,0.99995625
55000900235848,2020-09-24,1,9,0.99989605
55000900235848,2020-09-25,1,9,0.99990404
55000900235848,2020-09-26,1,9,0.9999821
55000900235848,2020-09-27,1,9,0.9999831
55000900235848,2020-09-28,1,9,0.99999726
55000900235848,2020-09-29,1,9,0.99999595
55000900235848,2020-09-30,1,9,0.9999974
55000900235848,2020-10-01,1,9,0.9999988
55000900235848,2020-10-02,1,9,0.99999595
55000900235848,2020-10-03,1,9,0.9999988
55000900235848,2020-10-04,1,9,0.9999968
55000900235848,2020-10-05,1,9,0.9999963
55000900235848,2020-10-06,1,9,0.99999285
55000900235848,2020-10-07,1,9,0.9999939
55000900235848,2020-10-08,1,9,0.9999958
55000900235848,2020-10-09,1,9,0.999992
55000900235848,2020-10-10,1,9,0.999985
55000900235848,2020-10-11,1,9,0.9999709
55000900235848,2020-10-12,1,9,0.99996793
55000900235848,2020-10-13,1,9,0.9999956
55000900235848,2020-10-14,1,9,0.99999464
55000900235848,2020-10-15,1,9,0.99999857
55000900235848,2020-10-16,1,9,0.9999981
55000900235848,2020-10-17,1,9,0.999998
55000900235848,2020-10-18,1,9,0.9999957
55000900235848,2020-10-19,1,0,0.99999034
55000900235848,2020-10-20,1,0,0.99999774
55000900236525,2020-09-11,1,9,0.9996611
55000900236525,2020-09-12,1,9,0.99992025
55000900236525,2020-09-13,1,9,0.99995637
55000900236525,2020-09-14,1,9,0.99994636
55000900236525,2020-09-15,1,9,0.99996614
55000900236525,2020-09-16,1,9,0.99996936
55000900236525,2020-09-17,1,9,0.99985886
55000900236525,2020-09-18,1,9,0.9999616
55000900236525,2020-09-19,1,9,0.99995875
55000900236525,2020-09-20,1,9,0.9999609
55000900236525,2020-09-21,1,9,0.9999865
55000900236525,2020-09-22,1,9,0.9999914
55000900236525,2020-09-23,1,9,0.9999927
55000900236525,2020-09-24,1,9,0.9999907
55000900236525,2020-09-25,1,9,0.99999094
55000900236525,2020-09-26,1,9,0.9999962
55000900236525,2020-09-27,1,9,0.9999974
55000900236525,2020-09-28,1,9,0.99998915
55000900236525,2020-09-29,1,9,0.9999982
55000900236525,2020-09-30,1,9,0.9999989
55000900236525,2020-10-01,1,9,0.9999968
55000900236525,2020-10-02,1,9,0.9999951
55000900236525,2020-10-03,1,9,0.999995
55000900236525,2020-10-04,1,9,0.99999547
55000900236525,2020-10-05,1,9,0.9999933
55000900236525,2020-10-06,1,9,0.99999344
55000900236525,2020-10-07,1,9,0.9999939
55000900236525,2020-10-08,1,9,0.9999939
55000900236525,2020-10-09,1,9,0.9999938
55000900236525,2020-10-10,1,9,0.9999944
55000900236525,2020-10-11,1,9,0.99998546
55000900236525,2020-10-12,1,9,0.9999808
55000900236525,2020-10-13,1,9,0.9999846
55000900236525,2020-10-14,1,9,0.99998736
55000900236525,2020-10-15,1,9,0.9999901
55000900236525,2020-10-16,1,9,0.9999603
55000900236525,2020-10-17,1,9,0.9999993
55000900236525,2020-10-18,1,0,0.9999963
55000900236525,2020-10-19,1,0,0.9999944
55000900237668,2020-09-11,0,9,0.00095629616
55000900237668,2020-09-12,0,9,0.0010106286
55000900237668,2020-09-13,0,9,0.0010767741
55000900237668,2020-09-14,0,9,0.0014623306
55000900237668,2020-09-15,0,9,0.0015785868
55000900237668,2020-09-16,0,9,0.0014878998
55000900237668,2020-09-17,0,9,0.0014575266
55000900237668,2020-09-18,0,9,0.0021959518
55000900237668,2020-09-19,0,9,0.001273654
55000900237668,2020-09-20,0,9,0.0014908847
55000900237668,2020-09-21,0,9,0.00090552587
55000900237668,2020-09-22,0,9,0.0016291313
55000900237668,2020-09-23,0,9,0.008456731
55000900237668,2020-09-24,0,9,0.0036902537
55000900237668,2020-09-25,0,9,0.0026922708
55000900237668,2020-09-26,0,9,0.018632729
55000900237668,2020-09-27,0,9,0.59432536
55000900237668,2020-09-28,0,9,0.9972631
55000900237668,2020-09-29,0,9,0.99950147
55000900237668,2020-09-30,0,9,0.9980572
55000900237668,2020-10-01,0,9,0.98050207
55000900237668,2020-10-02,0,9,0.07357503
55000900237668,2020-10-03,0,9,0.003725322
55000900237668,2020-10-04,0,9,0.0029692347
55000900237668,2020-10-05,0,9,0.0047787204
55000900237668,2020-10-06,0,9,0.0010206243
55000900237668,2020-10-07,0,9,0.0011977045
55000900237668,2020-10-08,0,9,0.0006816526
55000900237668,2020-10-09,0,9,0.0013001646
55000900237668,2020-10-10,0,9,0.0007775657
55000900237668,2020-10-11,1,9,0.00084062654
55000900237668,2020-10-12,1,9,0.0007999623
55000900237668,2020-10-13,1,9,0.8611482
55000900237668,2020-10-14,1,9,0.99687433
55000900237668,2020-10-15,1,9,0.9988954
55000900237668,2020-10-16,0,9,0.99995327
55000900237668,2020-10-17,0,9,0.9997187
55000900237668,2020-10-18,0,9,0.9999808
55000900237668,2020-10-19,0,9,0.99998426
55000900237668,2020-10-20,0,9,0.99996305
55000900237668,2020-10-21,0,9,0.9999974
55000900237668,2020-10-22,0,9,0.9996997
55000900237668,2020-10-23,0,9,0.9990571
55000900237668,2020-10-24,1,9,0.99988496
55000900237668,2020-10-25,0,9,0.9998348
55000900237668,2020-10-26,0,0,0.9999937
55000900237668,2020-10-27,0,0,0.99988186
55000900271029,2020-09-11,1,9,0.9998273
55000900271029,2020-09-12,1,9,0.99975735
55000900271029,2020-09-13,1,9,0.99971217
55000900271029,2020-09-14,1,9,0.9998661
55000900271029,2020-09-15,1,9,0.9999056
55000900271029,2020-09-16,1,9,0.9999045
55000900271029,2020-09-17,1,9,0.99990463
55000900271029,2020-09-18,1,9,0.999874
55000900271029,2020-09-19,1,9,0.9999137
55000900271029,2020-09-20,1,9,0.9999919
55000900271029,2020-09-21,1,9,0.9999403
55000900271029,2020-09-22,1,9,0.9999864
55000900271029,2020-09-23,1,9,0.9999982
55000900271029,2020-09-24,1,9,0.99999475
55000900271029,2020-09-25,1,9,0.99999
55000900271029,2020-09-26,1,9,0.9999951
55000900271029,2020-09-27,1,9,0.99999595
55000900271029,2020-09-28,1,9,0.99998355
55000900271029,2020-09-29,1,9,0.99999905
55000900271029,2020-09-30,1,9,0.99999833
55000900271029,2020-10-01,1,9,0.9999987
55000900271029,2020-10-02,1,9,0.9999924
55000900271029,2020-10-03,1,9,0.99999523
55000900271029,2020-10-04,1,9,0.9999896
55000900271029,2020-10-05,1,9,0.99998343
55000900271029,2020-10-06,1,9,0.999992
55000900271029,2020-10-07,1,9,0.9999943
55000900271029,2020-10-08,1,9,0.9999931
55000900271029,2020-10-09,1,9,0.9999629
55000900271029,2020-10-10,1,9,0.9999957
55000900271029,2020-10-11,1,9,0.99999857
55000900271029,2020-10-12,1,9,0.9999993
55000900271029,2020-10-13,1,9,0.9999887
55000900271029,2020-10-14,1,9,0.999997
55000900271029,2020-10-15,1,9,0.9999957
55000900271029,2020-10-16,1,9,0.9999844
55000900271029,2020-10-17,1,9,0.99999833
55000900271029,2020-10-18,1,9,0.99999726
55000900271029,2020-10-19,1,9,0.9999995
55000900271029,2020-10-20,1,0,0.9999995
55000900271029,2020-10-21,1,0,0.99999857
55000900271031,2020-09-11,1,0,0.48214957
55000900271031,2020-09-12,1,0,0.4081784
55000900271031,2020-09-13,1,0,0.07178135
55000900271031,2020-09-14,1,0,0.113063075
55000900271031,2020-09-15,0,0,0.26725167
55000900271031,2020-09-16,0,0,0.72135735
55000900271031,2020-09-17,0,0,0.7756828
55000900271031,2020-09-18,1,0,0.081514776
55000900271031,2020-09-19,1,0,0.026270075
55000900271031,2020-09-20,1,0,0.06681105
55000900271031,2020-09-21,1,0,0.30980676
55000900271031,2020-09-22,0,0,0.2033837
55000900271031,2020-09-23,1,0,0.23874581
55000900271031,2020-09-24,1,0,0.39252242
55000900271031,2020-09-25,1,0,0.14577311
55000900271031,2020-09-26,1,0,0.5310192
55000900271031,2020-09-27,1,0,0.7686768
55000900271031,2020-09-28,1,0,0.98786014
55000900271031,2020-09-29,1,0,0.9864202
55000900271031,2020-09-30,1,0,0.9806732
55000900271031,2020-10-01,1,0,0.8245711
55000900271031,2020-10-02,1,0,0.4975131
55000900271031,2020-10-03,0,0,0.5351583
55000900271031,2020-10-04,0,0,0.37080014
55000900271031,2020-10-05,0,0,0.4799715
55000900271031,2020-10-06,0,0,0.12669082
55000900271031,2020-10-07,0,0,0.11275028
55000900271031,2020-10-08,0,0,0.10210915
55000900271031,2020-10-09,0,0,0.108849265
55000900271031,2020-10-10,1,0,0.07396413
55000900271031,2020-10-11,1,0,0.12312149
55000900271031,2020-10-12,1,0,0.10827891
55000900271031,2020-10-13,1,0,0.8226708
55000900271031,2020-10-14,1,0,0.99604404
55000900271031,2020-10-15,0,0,0.98364186
55000900271031,2020-10-16,0,0,0.9989046
55000900271031,2020-10-17,0,0,0.9891923
55000900271031,2020-10-18,0,0,0.12528284
55000900271031,2020-10-19,0,0,0.11498734
55000900271031,2020-10-20,0,0,0.09992634
55000900271031,2020-10-21,0,0,0.07080582
55000900271031,2020-10-22,0,0,0.07557629
55000900271031,2020-10-23,0,0,0.08383652
55000900271031,2020-10-24,0,0,0.07840707
55000900271031,2020-10-25,0,0,0.112949945
55000900271031,2020-10-26,0,0,0.26388386
55000900271031,2020-10-27,0,0,0.16653119
55000900271031,2020-10-29,1,0,0.09487192
55000900271031,2020-10-30,1,0,0.087338716
55000900271031,2020-10-31,1,0,0.07873916
55000900271031,2020-11-01,1,0,0.32814714
55000900271031,2020-11-02,1,0,0.46449095
55000900271031,2020-11-03,1,0,0.24250817
55000900271031,2020-11-04,1,0,0.32049486
55000900271031,2020-11-05,1,0,0.36963513
55000900271031,2020-11-06,1,0,0.23373552
55000900271031,2020-11-07,1,0,0.97783023
55000900271031,2020-11-08,1,0,0.99673176
55000900271031,2020-11-09,1,0,0.99908996
55000900271031,2020-11-10,1,0,0.99982977
55000900271031,2020-11-11,1,0,0.9998845
55000900271031,2020-11-12,1,0,0.9998714
55000900271031,2020-11-13,1,0,0.9999311
55000900271031,2020-11-14,1,0,0.99991083
55000900271031,2020-11-15,1,0,0.9999833
55000900271031,2020-11-16,1,0,0.99981004
55000900271031,2020-11-17,1,0,0.9999871
55000900271031,2020-11-18,1,0,0.99998
55000900271031,2020-11-19,1,0,0.99998236
55000900271031,2020-11-20,1,0,0.99998665
55000900271031,2020-11-21,1,0,0.99998295
55000900271031,2020-11-22,1,0,0.9999875
55000900271031,2020-11-23,1,0,0.99999654
55000900271031,2020-11-24,1,0,0.99998987
55000900271031,2020-11-25,1,0,0.99999034
55000900271031,2020-11-26,1,0,0.99999404
55000900271031,2020-11-27,1,0,0.9999932
55000900271031,2020-11-28,1,0,0.9999851
55000900271031,2020-11-29,1,0,0.99999857
55000900271031,2020-11-30,1,0,0.9999863
55000900271031,2020-12-01,1,0,0.99999034
55000900271031,2020-12-02,1,0,0.9999865
55000900271031,2020-12-03,1,0,0.9999206
55000900271031,2020-12-04,1,0,0.9999615
55000900271031,2020-12-05,1,0,0.99999154
55000900271031,2020-12-06,1,0,0.9999889
55000900271031,2020-12-07,1,0,0.9999608
55000900271031,2020-12-08,1,0,0.99998486
55000900271031,2020-12-09,1,0,0.9999777
55000900271031,2020-12-10,1,0,0.9999858
55000900271031,2020-12-11,1,0,0.9999763
55000900271031,2020-12-12,1,0,0.9999894
55000900271031,2020-12-13,1,0,0.9999707
55000900271031,2020-12-14,1,0,0.99998903
55000900271031,2020-12-15,1,0,0.9999956
55000900271031,2020-12-16,1,0,0.9999616
55000900271031,2020-12-17,1,0,0.9999974
55000900271031,2020-12-18,1,0,0.9999578
55000900271031,2020-12-19,1,0,0.9999726
55000900271031,2020-12-20,1,0,0.99997795
55000900271031,2020-12-21,1,0,0.99998033
55000900271031,2020-12-22,1,0,0.9999554
55000900271031,2020-12-23,1,0,0.99989104
55000900271031,2020-12-24,1,0,0.9999709
55000900271031,2020-12-25,1,0,0.9999964
55000900271031,2020-12-26,1,0,0.9999862
55000900271031,2020-12-27,1,0,0.9999914
55000900271031,2020-12-28,1,0,0.99994516
55000900271031,2020-12-29,1,0,0.9999722
55000900271031,2020-12-30,1,0,0.9999764
55000900271031,2020-12-31,1,0,0.99996805
55000900271031,2021-01-01,1,0,0.99999475
55000900271031,2021-01-02,1,0,0.99998236
55000900271031,2021-01-03,1,0,0.9999753
55000900271031,2021-01-04,1,0,0.99997556
55000900271031,2021-01-05,1,0,0.9999776
55000900271031,2021-01-06,1,0,0.9999739
55000900271031,2021-01-07,1,0,0.99997973
55000900271031,2021-01-08,1,0,0.9999788
55000900271031,2021-01-09,1,0,0.9999802
55000900271031,2021-01-10,1,0,0.9999784
55000900271031,2021-01-11,1,0,0.99997973
55000900271031,2021-01-12,1,0,0.99998045
55000900271031,2021-01-13,1,0,0.9999807
55000900271031,2021-01-14,1,0,0.99998045
55000900271031,2021-01-15,1,0,0.99998105
55000900271031,2021-01-16,1,0,0.9999732
55000900271031,2021-01-17,1,0,0.999979
55000900271031,2021-01-18,1,0,0.99998033
55000900271031,2021-01-19,1,0,0.99998665
55000900271031,2021-01-20,1,0,0.99999344
55000900271031,2021-01-21,1,0,0.9999913
55000900271031,2021-01-22,1,0,0.99999094
55000900271031,2021-01-23,1,0,0.9999913
55000900271031,2021-01-24,1,0,0.9999919
55000900271031,2021-01-25,1,0,0.99999106
55000900271031,2021-01-26,1,0,0.9999907
55000900271031,2021-01-27,1,0,0.99999154
55000900271031,2021-01-28,1,0,0.9999924
55000900271031,2021-01-29,1,0,0.99999106
55000900271031,2021-01-30,1,0,0.9999906
55000900271031,2021-01-31,1,0,0.9999931
55000900271031,2021-02-01,1,0,0.9999937
55000900271031,2021-02-02,1,0,0.9999937
55000900271031,2021-02-03,1,0,0.9999937
55000900271031,2021-02-04,1,0,0.9999937
55000900271031,2021-02-05,1,0,0.9999937
55000900271031,2021-02-06,1,0,0.9999937
55000900271031,2021-02-07,1,0,0.9999937
55000900271031,2021-02-08,1,0,0.9999937
55000900271031,2021-02-09,1,0,0.9999937
55000900271031,2021-02-10,1,0,0.9999937
55000900271031,2021-02-11,1,0,0.9999937
55000900271031,2021-02-12,1,0,0.9999937
55000900271031,2021-02-13,1,0,0.9999937
55000900271031,2021-02-14,1,0,0.9999937
55000900271031,2021-02-15,1,0,0.9999937
55000900271031,2021-02-16,1,0,0.9999937
55000900271031,2021-02-17,1,0,0.9999937
55000900271031,2021-02-18,1,0,0.9999937
55000900271031,2021-02-19,1,0,0.9999937
55000900271031,2021-02-20,1,0,0.9999937
55000900271031,2021-02-21,1,0,0.9999937
55000900271031,2021-02-22,1,0,0.9999937
55000900271031,2021-02-23,1,0,0.9999937
55000900271031,2021-02-24,1,0,0.9999937
55000900271031,2021-02-25,1,0,0.9999937
55000900271031,2021-02-26,1,0,0.9999937
55000900271031,2021-02-27,1,0,0.9999937
55000900271031,2021-02-28,1,0,0.9999937
55000900271031,2021-03-01,1,0,0.9999937
55000900271031,2021-03-02,1,0,0.9999937
55000900271031,2021-03-03,1,0,0.9999937
55000900271031,2021-03-04,1,0,0.9999937
55000900271031,2021-03-05,1,0,0.9999937
55000900271031,2021-03-06,1,0,0.9999937
55000900271031,2021-03-07,1,0,0.9999937
55000900271031,2021-03-08,1,0,0.9999937
55000900271031,2021-03-09,1,0,0.9999937
55000900271031,2021-03-10,1,0,0.9999937
55000900271031,2021-03-11,1,0,0.9999937
55000900271031,2021-03-12,1,0,0.9999937
55000900271031,2021-03-13,1,0,0.9999937
55000900271031,2021-03-15,1,0,0.9999937
55000900271031,2021-03-16,1,0,0.9999937
55000900271031,2021-03-17,1,0,0.9999937
55000900271031,2021-03-18,1,0,0.9999937
55000900271031,2021-03-19,1,0,0.9999937
55000900271031,2021-03-20,1,0,0.9999937
55000900271031,2021-03-21,1,0,0.9999937
55000900271031,2021-03-22,1,0,0.9999937
55000900271031,2021-03-23,1,0,0.9999937
55000900271031,2021-03-24,1,0,0.9999937
55000900271031,2021-03-25,1,0,0.9999937
55000900271031,2021-03-26,1,0,0.9999937
55000900271031,2021-03-27,1,0,0.9999937
55000900271031,2021-03-28,1,0,0.9999937
55000900271031,2021-03-29,1,0,0.9999937
55000900271031,2021-03-30,1,0,0.9999937
55000900271031,2021-03-31,1,0,0.9999937
55000900271031,2021-04-01,1,0,0.9999937
55000900271031,2021-04-02,1,0,0.9999937
55000900271031,2021-04-03,1,0,0.9999937
55000900271031,2021-04-04,1,0,0.9999937
55000900271031,2021-04-05,1,0,0.9999937
55000900271031,2021-04-06,1,0,0.9999937
55000900271031,2021-04-07,1,0,0.9999937
55000900271031,2021-04-08,1,0,0.9999937
55000900271031,2021-04-09,1,0,0.9999937
55000900271031,2021-04-10,1,0,0.9999937
55000900271031,2021-04-11,1,0,0.9999937
55000900271031,2021-04-12,1,0,0.9999937
55000900271031,2021-04-13,1,0,0.9999937
55000900271031,2021-04-14,1,0,0.9999937
55000900271031,2021-04-15,1,0,0.9999937
55000900271031,2021-04-16,1,0,0.9999937
55000900271031,2021-04-17,1,0,0.9999937
55000900271031,2021-04-18,1,0,0.9999937
55000900271031,2021-04-19,1,0,0.9999937
55000900271031,2021-04-20,1,0,0.9999937
55000900271031,2021-04-21,1,0,0.9999937
55000900271031,2021-04-22,1,0,0.9999937
55000900271031,2021-04-23,1,0,0.9999937
55000900271031,2021-04-24,1,0,0.9999937
55000900271031,2021-04-25,1,0,0.9999937
55000900271031,2021-04-26,1,0,0.9999937
55000900271031,2021-04-27,1,0,0.9999937
55000900271031,2021-04-28,1,0,0.9999937
55000900271031,2021-04-29,1,0,0.9999937
55000900271031,2021-04-30,1,0,0.9999937
55000900271031,2021-05-01,1,0,0.9999937
55000900271031,2021-05-02,1,0,0.9999937
55000900271031,2021-05-03,1,0,0.9999937
55000900271031,2021-05-04,1,0,0.9999937
55000900271031,2021-05-05,1,0,0.9999937
55000900271031,2021-05-06,1,0,0.9999937
55000900271031,2021-05-07,1,0,0.9999937
55000900271031,2021-05-08,1,0,0.9999937
55000900271031,2021-05-09,1,0,0.9999937
55000900271031,2021-05-10,1,0,0.9999937
55000900271031,2021-05-11,1,0,0.9999937
55000900271031,2021-05-12,1,0,0.9999937
55000900271031,2021-05-13,1,0,0.9999937
55000900271031,2021-05-14,1,0,0.9999937
55000900271031,2021-05-15,1,0,0.9999937
55000900271031,2021-05-16,1,0,0.9999937
55000900271031,2021-05-17,1,0,0.9999937
55000900271031,2021-05-18,1,0,0.9999937
55000900271031,2021-05-19,1,0,0.9999937
55000900271031,2021-05-20,1,0,0.9999937
55000900271031,2021-05-21,1,0,0.9999937
55000900271031,2021-05-22,1,0,0.9999937
55000900271031,2021-05-23,1,0,0.9999937
55000900271031,2021-05-24,1,0,0.9999937
55000900271031,2021-05-25,1,0,0.9999937
55000900271031,2021-05-26,1,0,0.9999937
55000900271031,2021-05-27,1,0,0.9999937
55000900271031,2021-05-28,1,0,0.9999937
55000900271031,2021-05-29,1,0,0.9999937
55000900271031,2021-05-30,1,0,0.9999937
55000900271031,2021-05-31,1,0,0.9999937
55000900271031,2021-06-01,1,0,0.9999937
55000900271031,2021-06-02,1,0,0.9999937
55000900271031,2021-06-03,1,0,0.9999937
55000900271031,2021-06-04,1,0,0.9999937
55000900271031,2021-06-05,1,0,0.9999937
55000900271031,2021-06-06,1,0,0.9999937
55000900271031,2021-06-07,1,0,0.9999937
55000900271031,2021-06-08,1,0,0.9999937
55000900271031,2021-06-09,1,0,0.9999937
55000900271031,2021-06-10,1,0,0.9999937
55000900271031,2021-06-11,1,0,0.9999937
55000900271031,2021-06-12,1,0,0.9999937
55000900271031,2021-06-13,1,0,0.9999937
55000900271031,2021-06-14,1,0,0.9999937
55000900271031,2021-06-15,1,0,0.9999937
55000900271031,2021-06-16,1,0,0.9999937
55000900271031,2021-06-17,1,0,0.9999937
55000900271031,2021-06-18,1,0,0.9999937
55000900271031,2021-06-19,1,0,0.9999937
55000900271031,2021-06-20,1,0,0.9999937
55000900271031,2021-06-21,1,0,0.9999937
55000900271031,2021-06-22,1,0,0.9999937
55000900271031,2021-06-23,1,0,0.9999937
55000900271031,2021-06-24,1,0,0.9999937
55000900271031,2021-06-25,1,0,0.9999937
55000900271031,2021-06-26,1,0,0.9999937
55000900271031,2021-06-27,1,0,0.9999937
55000900271031,2021-06-28,1,0,0.9999937
55000900271031,2021-06-29,1,0,0.9999937
55000900271031,2021-06-30,1,0,0.9999937
55000900271031,2021-07-01,1,0,0.9999937
55000900271031,2021-07-02,1,0,0.9999937
55000900271031,2021-07-03,1,0,0.9999937
55000900271031,2021-07-04,1,0,0.9999937
55000900271031,2021-07-05,1,0,0.9999937
55000900271031,2021-07-06,1,0,0.9999937
55000900271031,2021-07-07,1,0,0.9999937
55000900271031,2021-07-08,1,0,0.9999937
55000900271031,2021-07-09,1,0,0.9999937
55000900271031,2021-07-10,1,0,0.9999937
55000900271031,2021-07-11,1,0,0.9999937
55000900271031,2021-07-12,1,0,0.9999937
55000900271031,2021-07-13,1,0,0.9999937
55000900271031,2021-07-14,1,0,0.9999937
55000900271031,2021-07-15,1,0,0.9999937
55000900271031,2021-07-16,1,0,0.9999937
55000900271031,2021-07-17,1,0,0.9999937
55000900271031,2021-07-18,1,0,0.9999937
55000900271031,2021-07-19,1,0,0.9999937
55000900271031,2021-07-20,1,0,0.9999937
55000900271031,2021-07-21,1,0,0.9999937
55000900271031,2021-07-22,1,0,0.9999937
55000900271031,2021-07-23,1,0,0.9999937
55000900271031,2021-07-24,1,0,0.9999937
55000900271031,2021-07-25,1,0,0.9999937
55000900271031,2021-07-26,1,0,0.9999937
55000900271031,2021-07-27,1,0,0.9999937
55000900271031,2021-07-28,1,0,0.9999937
55000900271031,2021-07-29,1,0,0.9999937
55000900271031,2021-07-30,1,0,0.9999937
55000900271031,2021-07-31,1,0,0.9999937
55000900271031,2021-08-01,1,0,0.9999937
55000900271031,2021-08-02,1,0,0.9999937
55000900271031,2021-08-03,0,0,0.9999937
55000900271031,2021-08-04,0,0,0.9999937
55000900271031,2021-08-05,0,0,0.9999937
55000900271031,2021-08-06,0,0,0.99991715
55000900271031,2021-08-07,0,0,0.99994564
55000900271031,2021-08-08,0,0,0.99997306
55000900271031,2021-08-09,0,0,0.999987
55000900271031,2021-08-10,0,0,0.9999883
55000900271031,2021-08-11,0,0,0.9999887
55000900271031,2021-08-12,0,0,0.9999877
55000900271031,2021-08-13,0,0,0.9999883
55000900271031,2021-08-14,0,0,0.9999869
55000900271031,2021-08-15,0,0,0.9999881
55000900271031,2021-08-16,0,0,0.9999863
55000900271031,2021-08-17,0,0,0.9999875
55000900271031,2021-08-18,0,0,0.9999863
55000900271031,2021-08-19,0,0,0.99999166
55000900271031,2021-08-20,0,0,0.99999774
55000900271031,2021-08-21,0,0,0.9999982
55000900271031,2021-08-22,0,0,0.9999982
55000900271031,2021-08-23,0,0,0.99999833
55000900271031,2021-08-24,0,0,0.99999833
55000900271031,2021-08-25,0,0,0.99999833
55000900271031,2021-08-26,0,0,0.99999833
55000900271031,2021-08-27,0,0,0.99999833
55000900271031,2021-08-28,0,0,0.99999833
55000900271031,2021-08-29,0,0,0.9999982
55000900271031,2021-08-30,0,0,0.9999982
55000900271031,2021-08-31,0,0,0.9999807
55000900271031,2021-09-01,0,0,0.9999709
55000900271031,2021-09-02,0,0,0.99999726
55000900271031,2021-09-03,0,0,0.9999982
55000900271031,2021-09-04,0,0,0.9999981
55000900271031,2021-09-05,0,0,0.9999981
55000900271031,2021-09-06,0,0,0.9999981
55000900271031,2021-09-07,0,0,0.9999981
55000900271031,2021-09-08,0,0,0.9999981
55000900271031,2021-09-09,0,0,0.9999981
55000900271031,2021-09-10,0,0,0.9999981
55000900271031,2021-09-11,0,0,0.9999981
55000900271031,2021-09-12,0,0,0.9999981
55000900271031,2021-09-13,0,0,0.9999981
55000900271031,2021-09-14,0,0,0.9999981
55000900271031,2021-09-15,0,0,0.9999981
55000900271031,2021-09-16,0,0,0.9999981
55000900271031,2021-09-17,0,0,0.9999981
55000900271031,2021-09-18,1,0,0.9999981
55000900271031,2021-09-19,1,0,0.9999981
55000900271031,2021-09-20,1,0,0.9999981
55000900271031,2021-09-21,1,0,0.9999989
55000900271031,2021-09-22,1,0,0.9999987
55000900271031,2021-09-23,1,0,0.99999833
55000900271031,2021-09-24,1,0,0.9999951
55000900271031,2021-09-25,0,0,0.9999951
55000900271031,2021-09-26,0,0,0.9999951
55000900271031,2021-09-27,1,0,0.999995
55000900271031,2021-09-28,1,0,0.9999862
55000900271031,2021-09-29,1,0,0.9999951
55000900271031,2021-09-30,1,0,0.9999994
55000900271031,2021-10-01,1,0,0.99999976
55000900271031,2021-10-02,1,0,0.9999994
55000900271031,2021-10-03,1,0,0.9999982
55000900271031,2021-10-04,1,0,0.9999957
55000900271031,2021-10-05,1,0,0.99999464
55000900271031,2021-10-06,1,0,0.9999943
55000900271031,2021-10-07,1,0,0.9999939
55000900271031,2021-10-08,1,0,0.9999944
55000900271031,2021-10-09,1,0,0.9999943
55000900271031,2021-10-10,1,0,0.99999416
55000900271031,2021-10-11,1,0,0.99999416
55000900271031,2021-10-12,1,0,0.9999939
55000900271031,2021-10-13,1,0,0.9999931
55000900271031,2021-10-14,1,0,0.99999404
55000900271031,2021-10-15,1,0,0.9999939
55000900271031,2021-10-16,1,0,0.99999416
55000900271031,2021-10-17,1,0,0.99999404
55000900271031,2021-10-18,1,0,0.9999931
55000900271031,2021-10-19,1,0,0.99999356
55000900271031,2021-10-20,1,0,0.99999356
55000900271031,2021-10-21,1,0,0.99999356
55000900271031,2021-10-22,1,0,0.99999344
55000900271031,2021-10-23,1,0,0.99999404
55000900271031,2021-10-24,1,0,0.9999939
55000900271031,2021-10-25,1,0,0.99999404
55000900271031,2021-10-26,1,0,0.99999356
55000900271031,2021-10-27,1,0,0.99999344
55000900271031,2021-10-28,1,0,0.99999356
55000900271031,2021-10-29,1,0,0.9999937
55000900271031,2021-10-30,1,0,0.9999937
55000900271031,2021-10-31,1,0,0.9999937
55000900271031,2021-11-01,1,0,0.9999937
55000900271031,2021-11-02,1,0,0.9999937
55000900271031,2021-11-03,1,0,0.9999937
55000900271031,2021-11-04,1,0,0.9999937
55000900271031,2021-11-05,1,0,0.9999937
55000900271031,2021-11-06,1,0,0.9999937
55000900271031,2021-11-07,1,0,0.9999937
55000900271031,2021-11-08,1,0,0.9999937
55000900271031,2021-11-09,1,0,0.9999937
55000900271031,2021-11-10,1,0,0.9999937
55000900271031,2021-11-11,1,0,0.9999937
55000900271031,2021-11-12,1,0,0.9999937
55000900271031,2021-11-13,1,0,0.9999937
55000900271031,2021-11-14,1,0,0.9999937
55000900271031,2021-11-15,1,0,0.9999937
55000900271031,2021-11-16,1,0,0.9999937
55000900271031,2021-11-17,1,0,0.9999937
55000900271031,2021-11-18,1,0,0.9999937
55000900271031,2021-11-19,1,0,0.9999937
55000900271031,2021-11-20,1,0,0.9999937
55000900271031,2021-11-21,1,0,0.9999937
55000900271031,2021-11-22,1,0,0.9999937
55000900271031,2021-11-23,1,0,0.9999937
55000900271031,2021-11-24,1,0,0.9999937
55000900271031,2021-11-25,1,0,0.9999937
55000900271031,2021-11-26,1,0,0.9999937
55000900271031,2021-11-27,1,0,0.9999937
55000900271031,2021-11-28,1,0,0.9999937
55000900271031,2021-11-29,1,0,0.9999937
55000900271031,2021-11-30,1,0,0.9999937
55000900271031,2021-12-01,1,0,0.9999937
55000900271031,2021-12-02,1,0,0.9999937
55000900271031,2021-12-03,1,0,0.9999937
55000900271031,2021-12-04,1,0,0.9999937
55000900271031,2021-12-05,1,0,0.9999937
55000900271031,2021-12-06,1,0,0.9999937
55000900271031,2021-12-07,1,0,0.9999937
55000900271031,2021-12-08,1,0,0.9999937
55000900271031,2021-12-09,1,0,0.9999937
55000900271031,2021-12-10,1,0,0.9999937
55000900271031,2021-12-11,1,0,0.9999937
55000900271031,2021-12-12,1,0,0.9999937
55000900271031,2021-12-13,1,0,0.9999937
55000900271031,2021-12-14,1,0,0.9999937
55000900271031,2021-12-15,1,0,0.9999937
55000900271031,2021-12-16,1,0,0.9999937
55000900271031,2021-12-17,1,0,0.9999937
55000900271031,2021-12-18,1,0,0.9999937
55000900271031,2021-12-19,1,0,0.9999937
55000900271031,2021-12-20,1,0,0.9999937
55000900271031,2021-12-21,1,0,0.9999937
55000900271031,2021-12-22,1,0,0.9999937
55000900271031,2021-12-23,1,0,0.9999937
55000900271031,2021-12-24,1,0,0.9999937
55000900271031,2021-12-25,1,0,0.9999937
55000900271031,2021-12-26,1,0,0.9999937
55000900271031,2021-12-27,1,0,0.9999937
55000900271031,2021-12-28,1,0,0.9999937
55000900271031,2021-12-29,1,0,0.9999937
55000900271031,2021-12-30,1,0,0.9999937
55000900271031,2021-12-31,1,0,0.9999937
55000900271031,2022-01-01,1,0,0.9999937
55000900271031,2022-01-02,1,0,0.9999937
55000900271031,2022-01-03,1,0,0.9999937
55000900271031,2022-01-04,1,0,0.9999937
55000900271031,2022-01-05,1,0,0.9999937
55000900271031,2022-01-06,1,0,0.9999937
55000900271031,2022-01-07,1,0,0.9999937
55000900271031,2022-01-08,1,0,0.9999937
55000900271031,2022-01-09,1,0,0.9999937
55000900271031,2022-01-10,1,0,0.9999937
55000900271031,2022-01-11,1,0,0.9999937
55000900271031,2022-01-12,1,0,0.9999937
55000900271031,2022-01-13,1,0,0.9999937
55000900271031,2022-01-14,1,0,0.9999937
55000900271031,2022-01-15,1,0,0.9999937
55000900271031,2022-01-16,1,0,0.9999937
55000900271031,2022-01-17,1,0,0.9999937
55000900271031,2022-01-18,1,0,0.9999937
55000900271031,2022-01-19,1,0,0.9999937
55000900271031,2022-01-20,1,0,0.9999937
55000900271031,2022-01-21,1,0,0.9999937
55000900271031,2022-01-22,1,0,0.9999937
55000900271031,2022-01-23,1,0,0.9999937
55000900271031,2022-01-24,1,0,0.9999937
55000900271031,2022-01-25,1,0,0.9999937
55000900271031,2022-01-26,1,0,0.9999937
55000900271031,2022-01-27,1,0,0.9999937
55000900271031,2022-01-28,1,0,0.9999937
55000900271031,2022-01-29,1,0,0.9999937
55000900271031,2022-01-30,1,0,0.9999937
55000900271031,2022-01-31,1,0,0.9999937
55000900271031,2022-02-01,1,0,0.9999937
55000900271031,2022-02-02,1,0,0.9999937
55000900271031,2022-02-03,1,0,0.9999937
55000900271031,2022-02-04,1,0,0.9999937
55000900271031,2022-02-05,1,0,0.9999937
55000900271031,2022-02-06,1,0,0.9999937
55000900271031,2022-02-07,1,0,0.9999937
55000900271031,2022-02-08,1,0,0.9999937
55000900271031,2022-02-09,1,0,0.9999937
55000900271031,2022-02-10,1,0,0.9999937
55000900271031,2022-02-11,1,0,0.9999937
55000900271031,2022-02-12,1,0,0.9999937
55000900271031,2022-02-13,1,0,0.9999937
55000900271031,2022-02-14,1,0,0.9999937
55000900271031,2022-02-15,1,0,0.9999937
55000900271031,2022-02-16,1,0,0.9999937
55000900271031,2022-02-17,1,0,0.9999937
55000900271031,2022-02-18,1,0,0.9999937
55000900271031,2022-02-19,1,0,0.9999937
55000900271031,2022-02-20,1,0,0.9999937
55000900271031,2022-02-21,1,0,0.9999937
55000900271031,2022-02-22,1,0,0.9999937
55000900271031,2022-02-23,1,0,0.9999937
55000900271031,2022-02-24,1,0,0.9999937
55000900271031,2022-02-25,1,0,0.9999937
55000900271031,2022-02-26,1,0,0.9999937
55000900271031,2022-02-27,1,0,0.9999937
55000900271031,2022-02-28,1,0,0.9999937
55000900271031,2022-03-01,1,0,0.9999937
55000900271031,2022-03-02,1,0,0.9999937
55000900271031,2022-03-03,1,0,0.9999937
55000900271031,2022-03-04,1,0,0.9999937
55000900271031,2022-03-05,1,0,0.9999937
55000900271031,2022-03-06,1,0,0.9999937
55000900271031,2022-03-07,1,0,0.9999937
55000900271031,2022-03-08,1,0,0.9999937
55000900271031,2022-03-09,1,0,0.9999937
55000900271031,2022-03-10,1,0,0.9999937
55000900271031,2022-03-11,1,0,0.9999937
55000900271031,2022-03-12,1,0,0.9999937
55000900271031,2022-03-14,1,0,0.9999937
55000900271031,2022-03-15,1,0,0.9999937
55000900271031,2022-03-16,1,0,0.9999937
55000900271031,2022-03-17,1,0,0.9999937
55000900271031,2022-03-18,1,0,0.9999937
55000900271031,2022-03-19,1,0,0.9999937
55000900271031,2022-03-20,1,0,0.9999937
55000900271031,2022-03-21,1,0,0.9999937
55000900271031,2022-03-22,1,0,0.9999937
55000900271031,2022-03-23,1,0,0.9999937
55000900271031,2022-03-24,1,0,0.9999937
55000900271031,2022-03-25,1,0,0.9999937
55000900271031,2022-03-26,1,0,0.9999937
55000900271031,2022-03-27,1,0,0.9999937
55000900271031,2022-03-28,1,0,0.9999937
55000900271031,2022-03-29,1,0,0.9999937
55000900271031,2022-03-30,1,0,0.9999937
55000900271031,2022-03-31,1,0,0.9999937
55000900271031,2022-04-01,1,0,0.9999937
55000900271031,2022-04-02,1,0,0.9999937
55000900271031,2022-04-03,1,0,0.9999937
55000900271031,2022-04-04,1,0,0.9999937
55000900271031,2022-04-05,1,0,0.9999937
55000900271031,2022-04-06,1,0,0.9999937
55000900271031,2022-04-07,1,0,0.9999937
55000900271031,2022-04-08,1,0,0.9999937
55000900271031,2022-04-09,1,0,0.9999937
55000900271031,2022-04-10,1,0,0.9999937
55000900271031,2022-04-11,1,0,0.9999937
55000900271031,2022-04-12,1,0,0.9999937
55000900271031,2022-04-13,1,0,0.9999937
55000900271031,2022-04-14,1,0,0.9999937
55000900271031,2022-04-15,1,0,0.9999937
55000900271031,2022-04-16,1,0,0.9999937
55000900271031,2022-04-17,1,0,0.9999937
55000900271031,2022-04-18,1,0,0.9999937
55000900271031,2022-04-19,1,0,0.9999937
55000900271031,2022-04-20,1,0,0.9999937
55000900271031,2022-04-21,1,0,0.9999937
55000900271031,2022-04-22,1,0,0.9999937
55000900271031,2022-04-23,1,0,0.9999937
55000900271031,2022-04-24,1,0,0.9999937
55000900271031,2022-04-25,1,0,0.9999937
55000900271031,2022-04-26,1,0,0.9999937
55000900271031,2022-04-27,1,0,0.9999937
55000900271031,2022-04-28,1,0,0.9999937
55000900271031,2022-04-29,1,0,0.9999937
55000900271031,2022-04-30,1,0,0.9999937
55000900271031,2022-05-01,1,0,0.9999937
55000900271031,2022-05-02,1,0,0.9999937
55000900271031,2022-05-03,1,0,0.9999937
55000900271031,2022-05-04,1,0,0.9999937
55000900271031,2022-05-05,1,0,0.9999937
55000900271031,2022-05-06,1,0,0.9999937
55000900271031,2022-05-07,1,0,0.9999937
55000900271031,2022-05-08,1,0,0.9999937
55000900271031,2022-05-09,1,0,0.9999937
55000900271031,2022-05-10,1,0,0.9999937
55000900271031,2022-05-11,1,0,0.9999937
55000900271031,2022-05-12,1,0,0.9999937
55000900271031,2022-05-13,1,0,0.9999937
55000900271031,2022-05-14,1,0,0.9999937
55000900271031,2022-05-15,1,0,0.9999937
55000900271031,2022-05-16,1,0,0.9999937
55000900271031,2022-05-17,1,0,0.9999937
55000900271031,2022-05-18,1,0,0.9999937
55000900271031,2022-05-19,1,0,0.9999937
55000900271031,2022-05-20,1,0,0.9999937
55000900271031,2022-05-21,1,0,0.9999937
55000900271031,2022-05-22,1,0,0.9999937
55000900271031,2022-05-23,1,0,0.9999937
55000900271031,2022-05-24,1,0,0.9999937
55000900271031,2022-05-25,1,0,0.9999937
55000900271031,2022-05-26,1,0,0.9999937
55000900271031,2022-05-27,1,0,0.9999937
55000900271031,2022-05-28,1,0,0.9999937
55000900271031,2022-05-29,1,0,0.9999937
55000900271031,2022-05-30,1,0,0.9999937
55000900271031,2022-05-31,1,0,0.9999937
55000900271031,2022-06-01,1,0,0.9999937
55000900271031,2022-06-02,1,0,0.9999937
55000900271031,2022-06-03,1,0,0.9999937
55000900271031,2022-06-04,1,0,0.9999937
55000900271031,2022-06-05,1,0,0.9999937
55000900271031,2022-06-06,1,0,0.9999937
55000900271031,2022-06-07,1,0,0.9999937
55000900271031,2022-06-08,1,0,0.9999937
55000900271031,2022-06-09,1,0,0.9999937
55000900271031,2022-06-10,1,0,0.9999937
55000900271031,2022-06-11,1,0,0.9999937
55000900271031,2022-06-12,1,0,0.9999937
55000900271031,2022-06-13,1,0,0.9999937
55000900271031,2022-06-14,1,0,0.9999937
55000900271031,2022-06-15,1,0,0.9999937
55000900271031,2022-06-16,1,0,0.9999937
55000900271031,2022-06-17,1,0,0.9999937
55000900271031,2022-06-18,1,0,0.9999937
55000900271031,2022-06-19,1,0,0.9999937
55000900271031,2022-06-20,1,0,0.9999937
55000900271031,2022-06-21,1,0,0.9999937
55000900271031,2022-06-22,1,0,0.9999937
55000900271031,2022-06-23,1,0,0.9999937
55000900271031,2022-06-24,1,0,0.9999937
55000900271031,2022-06-25,1,0,0.9999937
55000900271031,2022-06-26,1,0,0.9999937
55000900271031,2022-06-27,1,0,0.9999937
55000900271031,2022-06-28,1,0,0.9999937
55000900271031,2022-06-29,1,0,0.9999937
55000900271031,2022-06-30,1,0,0.9999937
55000900271031,2022-07-01,1,0,0.9999937
55000900271031,2022-07-02,1,0,0.9999937
55000900271031,2022-07-03,1,0,0.9999937
55000900271031,2022-07-04,1,0,0.9999937
55000900271031,2022-07-05,1,0,0.9999937
55000900271031,2022-07-06,1,0,0.9999937
55000900271031,2022-07-07,1,0,0.9999937
55000900271031,2022-07-08,1,0,0.9999937
55000900271031,2022-07-09,1,0,0.9999937
55000900271031,2022-07-10,1,0,0.9999937
55000900271031,2022-07-11,1,0,0.9999937
55000900271031,2022-07-12,1,0,0.9999937
55000900271031,2022-07-13,1,0,0.9999937
55000900271031,2022-07-14,1,0,0.9999937
55000900271031,2022-07-15,1,0,0.9999937
55000900271031,2022-07-16,1,0,0.9999937
55000900271031,2022-07-17,1,0,0.9999937
55000900271031,2022-07-18,1,0,0.9999937
55000900271031,2022-07-19,1,0,0.9999937
55000900271031,2022-07-20,1,0,0.9999937
55000900271031,2022-07-21,1,0,0.9999937
55000900271031,2022-07-22,1,0,0.9999937
55000900271031,2022-07-23,1,0,0.9999937
55000900271031,2022-07-24,1,0,0.9999937
55000900271031,2022-07-25,1,0,0.9999937
55000900271031,2022-07-26,1,0,0.9999937
55000900271031,2022-07-27,1,0,0.9999937
55000900271031,2022-07-28,1,0,0.9999937
55000900271031,2022-07-29,1,0,0.9999937
55000900271031,2022-07-30,1,0,0.9999937
55000900271031,2022-07-31,1,0,0.9999937
55000900271031,2022-08-01,1,0,0.9999937
55000900271031,2022-08-02,1,0,0.9999937
55000900271031,2022-08-03,1,0,0.9999937
55000900271031,2022-08-04,1,0,0.9999937
55000900271031,2022-08-05,1,0,0.9999937
55000900271031,2022-08-06,1,0,0.9999937
55000900271031,2022-08-07,1,0,0.9999937
55000900271031,2022-08-08,1,0,0.9999937
55000900271031,2022-08-09,1,0,0.9999937
55000900271031,2022-08-10,1,0,0.9999937
55000900271031,2022-08-11,1,0,0.9999937
55000900271031,2022-08-12,1,0,0.9999937
55000900271031,2022-08-13,1,0,0.9999937
55000900271031,2022-08-14,1,0,0.9999937
55000900271031,2022-08-15,1,0,0.9999937
55000900271031,2022-08-16,1,0,0.9999937
55000900271031,2022-08-17,1,0,0.9999937
55000900271031,2022-08-18,1,0,0.9999937
55000900271031,2022-08-19,1,0,0.9999937
55000900271031,2022-08-20,1,0,0.9999937
55000900271031,2022-08-21,1,0,0.9999937
55000900271031,2022-08-22,1,0,0.9999937
55000900271031,2022-08-23,1,0,0.9999937
55000900271031,2022-08-24,1,0,0.9999937
55000900271031,2022-08-25,1,0,0.9999937
55000900271031,2022-08-26,1,0,0.9999937
55000900271031,2022-08-27,1,0,0.9999937
55000900271031,2022-08-28,1,0,0.9999937
55000900271031,2022-08-29,1,0,0.9999937
55000900271031,2022-08-30,1,0,0.9999937
55000900271031,2022-08-31,1,0,0.9999937
55000900271031,2022-09-01,1,0,0.9999937
55000900271031,2022-09-02,1,0,0.9999937
55000900271031,2022-09-03,1,0,0.9999937
55000900271031,2022-09-04,1,0,0.9999937
55000900271031,2022-09-05,1,0,0.9999937
55000900271031,2022-09-06,1,0,0.9999937
55000900271031,2022-09-07,1,0,0.9999937
55000900271031,2022-09-08,0,0,0.9999937
55000900271031,2022-09-09,1,0,0.9999937
55000900271031,2022-09-10,1,0,0.9999937
55000900271031,2022-09-11,1,0,0.99991715
55000900271031,2022-09-12,1,0,0.9999875
55000900271031,2022-09-13,1,0,0.9999877
55000900271031,2022-09-14,1,0,0.9999925
55000900271031,2022-09-15,0,0,0.9999939
55000900271031,2022-09-16,1,0,0.9999939
55000900271031,2022-09-17,1,0,0.9999939
55000900271031,2022-09-18,1,0,0.999943
55000900271031,2022-09-19,1,0,0.99999046
55000900271031,2022-09-20,0,0,0.9999881
55000900271031,2022-09-21,1,0,0.9999927
55000900271031,2022-09-22,1,0,0.9999938
55000900271031,2022-09-23,1,0,0.99995863
55000900271031,2022-09-24,0,0,0.9999914
55000900271031,2022-09-25,0,0,0.9999881
55000900271031,2022-09-26,0,0,0.99999285
55000900271031,2022-09-27,0,0,0.9999368
55000900271031,2022-09-28,0,0,0.9999726
55000900271031,2022-09-29,1,0,0.9999789
55000900271031,2022-09-30,1,0,0.9999845
55000900271031,2022-10-01,1,0,0.99998546
55000900271031,2022-10-02,0,0,0.99999416
55000900271031,2022-10-03,0,0,0.99997985
55000900271031,2022-10-04,0,0,0.9999628
55000900271031,2022-10-05,0,0,0.99995387
55000900271031,2022-10-06,0,0,0.9999814
55000900271031,2022-10-07,0,0,0.999987
55000900271031,2022-10-08,0,0,0.9999882
55000900271031,2022-10-09,0,0,0.9999883
55000900271031,2022-10-10,0,0,0.99998665
55000900271031,2022-10-11,0,0,0.9999877
55000900271031,2022-10-12,0,0,0.999987
55000900271031,2022-10-13,0,0,0.9999957
55000900271031,2022-10-14,0,0,0.99999833
55000900271031,2022-10-15,0,0,0.99999845
55000900271031,2022-10-16,0,0,0.99999833
55000900271031,2022-10-17,0,0,0.9999982
55000900271031,2022-10-18,0,0,0.99999845
55000900271031,2022-10-19,0,0,0.9999933
55000900271031,2022-10-20,0,0,0.9999871
55000900271031,2022-10-21,1,0,0.99999845
55000900271031,2022-10-22,1,0,0.9999981
55000900271031,2022-10-23,1,0,0.9999752
55000900271031,2022-10-24,1,0,0.99999785
55000900271031,2022-10-25,1,0,0.99999976
55000900271031,2022-10-26,1,0,0.9999982
55000900271031,2022-10-27,1,0,0.99999523
55000900271031,2022-10-28,1,0,0.99999535
55000900271031,2022-10-29,1,0,0.99999523
55000900271031,2022-10-30,1,0,0.999995
55000900271031,2022-10-31,1,0,0.99999535
55000900271031,2022-11-01,1,0,0.99999535
55000900271031,2022-11-02,1,0,0.99999547
55000900271031,2022-11-03,1,0,0.99999464
55000900271031,2022-11-04,1,0,0.99999416
55000900271031,2022-11-05,1,0,0.99999404
55000900271031,2022-11-06,1,0,0.99999404
55000900271031,2022-11-07,1,0,0.99999416
55000900271031,2022-11-08,1,0,0.99999416
55000900271031,2022-11-09,1,0,0.99999416
55000900271031,2022-11-10,1,0,0.99999416
55000900271031,2022-11-11,1,0,0.99999416
55000900271031,2022-11-12,1,0,0.99999416
55000900271031,2022-11-13,1,0,0.99999416
55000900271031,2022-11-14,1,0,0.99999404
55000900271031,2022-11-15,1,0,0.9999937
55000900271031,2022-11-16,1,0,0.99999416
55000900271031,2022-11-17,1,0,0.99999416
55000900271031,2022-11-18,1,0,0.99999416
55000900271031,2022-11-19,1,0,0.99999416
55000900271031,2022-11-20,1,0,0.99999344
55000900271031,2022-11-21,1,0,0.99999356
55000900271031,2022-11-22,1,0,0.9999937
55000900271031,2022-11-23,1,0,0.9999937
55000900271031,2022-11-24,1,0,0.9999937
55000900271031,2022-11-25,1,0,0.9999937
55000900271031,2022-11-26,1,0,0.9999937
55000900271031,2022-11-27,1,0,0.9999937
55000900271031,2022-11-28,1,0,0.9999937
55000900271031,2022-11-29,1,0,0.9999937
55000900271031,2022-11-30,1,0,0.9999937
55000900271031,2022-12-01,1,0,0.9999937
55000900271031,2022-12-02,1,0,0.9999937
55000900271031,2022-12-03,1,0,0.9999937
55000900271031,2022-12-04,1,0,0.9999937
55000900271031,2022-12-05,1,0,0.9999937
55000900271031,2022-12-06,1,0,0.9999937
55000900271031,2022-12-07,1,0,0.9999937
55000900271031,2022-12-08,1,0,0.9999937
55000900271031,2022-12-09,1,0,0.9999937
55000900271031,2022-12-10,1,0,0.9999937
55000900271031,2022-12-11,1,0,0.9999937
55000900271031,2022-12-12,1,0,0.9999937
55000900271031,2022-12-13,1,0,0.9999937
55000900271031,2022-12-14,1,0,0.9999937
55000900271031,2022-12-15,1,0,0.9999937
55000900271031,2022-12-16,1,0,0.9999937
55000900271031,2022-12-17,1,0,0.9999937
55000900271031,2022-12-18,1,0,0.9999937
55000900271031,2022-12-19,1,0,0.9999937
55000900271031,2022-12-20,1,0,0.9999937
55000900271031,2022-12-21,1,0,0.9999937
55000900271031,2022-12-22,1,0,0.9999937
55000900271031,2022-12-23,1,0,0.9999937
55000900271031,2022-12-24,1,0,0.9999937
55000900271031,2022-12-25,1,0,0.9999937
55000900271031,2022-12-26,1,0,0.9999937
55000900271031,2022-12-27,1,0,0.9999937
55000900271031,2022-12-28,1,0,0.9999937
55000900271031,2022-12-29,1,0,0.9999937
55000900271031,2022-12-30,1,0,0.9999937
55000900271031,2022-12-31,1,0,0.9999937
55000900271031,2023-01-01,1,0,0.9999937
55000900271031,2023-01-02,1,0,0.9999937
55000900271031,2023-01-03,1,0,0.9999937
55000900271031,2023-01-26,1,0,0.9999937
55000900271031,2023-01-27,1,0,0.9999937
55000900271031,2023-01-28,1,0,0.9999937
55000900271031,2023-01-29,1,0,0.9999937
55000900271031,2023-01-30,1,0,0.9999937
55000900271031,2023-01-31,1,0,0.9999937
55000900271031,2023-02-01,1,0,0.9999937
55000900271031,2023-02-02,1,0,0.9999937
55000900271031,2023-02-03,1,0,0.9999937
55000900271031,2023-02-04,1,0,0.9999937
55000900271031,2023-02-05,1,0,0.9999937
55000900271031,2023-02-06,1,0,0.9999937
55000900271031,2023-02-07,1,0,0.9999937
55000900271031,2023-02-08,1,0,0.9999937
55000900271031,2023-02-09,1,0,0.9999937
55000900271031,2023-02-10,1,0,0.9999937
55000900271031,2023-02-11,1,0,0.9999937
55000900271031,2023-02-12,1,0,0.9999937
55000900271031,2023-02-13,1,0,0.9999937
55000900271031,2023-02-14,1,0,0.9999937
55000900271031,2023-02-15,1,0,0.9999937
55000900271031,2023-02-16,1,0,0.9999937
55000900271031,2023-02-17,1,0,0.9999937
55000900271031,2023-02-18,1,0,0.9999937
55000900271031,2023-02-19,1,0,0.9999937
55000900271031,2023-02-20,1,0,0.9999937
55000900271031,2023-02-21,1,0,0.9999937
55000900271031,2023-02-22,1,0,0.9999937
55000900271031,2023-02-23,1,0,0.9999937
55000900271031,2023-02-24,1,0,0.9999937
55000900271031,2023-02-25,1,0,0.9999937
55000900271031,2023-02-26,1,0,0.9999937
55000900271031,2023-02-27,1,0,0.9999937
55000900271031,2023-02-28,1,0,0.9999937
55000900271031,2023-03-01,1,0,0.9999937
55000900271031,2023-03-02,1,0,0.9999937
55000900271031,2023-03-03,1,0,0.9999937
55000900271031,2023-03-04,1,0,0.9999937
55000900271031,2023-03-05,1,0,0.9999937
55000900271031,2023-03-06,1,0,0.9999937
55000900271031,2023-03-07,1,0,0.9999937
55000900271031,2023-03-08,1,0,0.9999937
55000900271031,2023-03-09,1,0,0.9999937
55000900271031,2023-03-10,1,0,0.9999937
55000900271031,2023-03-11,1,0,0.9999937
55000900271031,2023-03-13,1,0,0.9999937
55000900271031,2023-03-14,1,0,0.9999937
55000900271031,2023-03-15,1,0,0.9999937
55000900271031,2023-03-16,1,0,0.9999937
55000900271031,2023-03-17,1,0,0.9999937
55000900271031,2023-03-18,1,0,0.9999937
55000900271031,2023-03-19,1,0,0.9999937
55000900271031,2023-03-20,1,0,0.9999937
55000900271031,2023-03-21,1,0,0.9999937
55000900271031,2023-03-22,1,0,0.9999937
55000900271031,2023-03-23,1,0,0.9999937
55000900271031,2023-03-24,1,0,0.9999937
55000900271031,2023-03-25,1,0,0.9999937
55000900271031,2023-03-26,1,0,0.9999937
55000900271031,2023-03-27,1,0,0.9999937
55000900271031,2023-03-28,1,0,0.9999937
55000900271031,2023-03-29,1,0,0.9999937
55000900271031,2023-03-30,1,0,0.9999937
55000900271031,2023-03-31,1,0,0.9999937
55000900271031,2023-04-01,1,0,0.9999937
55000900271031,2023-04-02,1,0,0.9999937
55000900271031,2023-04-03,1,0,0.9999937
55000900271031,2023-04-04,1,0,0.9999937
55000900271031,2023-04-05,1,0,0.9999937
55000900271031,2023-04-06,1,0,0.9999937
55000900271031,2023-04-07,1,0,0.9999937
55000900271031,2023-04-08,1,0,0.9999937
55000900271031,2023-04-09,1,0,0.9999937
55000900271031,2023-04-10,1,0,0.9999937
55000900271031,2023-04-11,1,0,0.9999937
55000900271031,2023-04-12,1,0,0.9999937
55000900271031,2023-04-13,1,0,0.9999937
55000900271031,2023-04-14,1,0,0.9999937
55000900271031,2023-04-15,1,0,0.9999937
55000900271031,2023-04-16,1,0,0.9999937
55000900271031,2023-04-17,1,0,0.9999937
55000900271031,2023-04-18,1,0,0.9999937
55000900271031,2023-04-19,1,0,0.9999937
55000900271031,2023-04-20,1,0,0.9999937
55000900271635,2020-09-11,1,9,0.99945515
55000900271635,2020-09-12,1,9,0.9996136
55000900271635,2020-09-13,1,9,0.99966764
55000900271635,2020-09-14,1,9,0.99929976
55000900271635,2020-09-15,1,9,0.9994867
55000900271635,2020-09-16,1,9,0.99949086
55000900271635,2020-09-17,1,9,0.9993967
55000900271635,2020-09-18,1,9,0.9994325
55000900271635,2020-09-19,1,9,0.99953973
55000900271635,2020-09-20,1,9,0.999476
55000900271635,2020-09-21,1,9,0.99779475
55000900271635,2020-09-22,1,9,0.9994991
55000900271635,2020-09-23,1,9,0.99967265
55000900271635,2020-09-24,1,9,0.99939334
55000900271635,2020-09-25,1,9,0.99936074
55000900271635,2020-09-26,1,9,0.9999913
55000900271635,2020-09-27,1,9,0.99997115
55000900271635,2020-09-28,1,9,0.9999995
55000900271635,2020-09-29,1,9,0.999998
55000900271635,2020-09-30,1,9,0.99999964
55000900271635,2020-10-01,1,9,0.99999654
55000900271635,2020-10-02,1,9,0.9999927
55000900271635,2020-10-03,1,9,0.9999819
55000900271635,2020-10-04,1,9,0.99997973
55000900271635,2020-10-05,1,9,0.9999759
55000900271635,2020-10-06,1,9,0.99997056
55000900271635,2020-10-07,1,9,0.999964
55000900271635,2020-10-08,1,9,0.99998546
55000900271635,2020-10-09,1,9,0.9999852
55000900271635,2020-10-10,1,9,0.9999527
55000900271635,2020-10-11,1,9,0.99996805
55000900271635,2020-10-12,1,9,0.99996877
55000900271635,2020-10-13,1,9,0.99999666
55000900271635,2020-10-14,1,9,0.99999857
55000900271635,2020-10-15,1,9,0.99999964
55000900271635,2020-10-16,1,9,0.99999964
55000900271635,2020-10-17,1,9,0.9999995
55000900271635,2020-10-18,1,9,0.9999993
55000900271635,2020-10-19,1,9,0.9999993
55000900271635,2020-10-20,1,0,0.9999974
55000900271635,2020-10-21,1,0,0.9999933
55000900272209,2020-09-11,1,9,0.99999845
55000900272209,2020-09-12,1,9,0.99999833
55000900272209,2020-09-13,1,9,0.9999993
55000900272209,2020-09-14,1,9,0.9999989
55000900272209,2020-09-15,1,9,0.99999404
55000900272209,2020-09-16,1,9,0.99999774
55000900272209,2020-09-17,1,9,0.99999726
55000900272209,2020-09-18,1,9,0.99998915
55000900272209,2020-09-19,1,9,0.9999968
55000900272209,2020-09-20,1,9,0.9999975
55000900272209,2020-09-21,1,9,0.99999917
55000900272209,2020-09-22,1,9,0.9999995
55000900272209,2020-09-23,1,9,0.9999995
55000900272209,2020-09-24,1,9,0.9999995
55000900272209,2020-09-25,1,9,0.9999994
55000900272209,2020-09-26,1,9,0.99999845
55000900272209,2020-09-27,1,9,0.9999932
55000900272209,2020-09-28,1,9,0.999995
55000900272209,2020-09-29,1,9,0.9999945
55000900272209,2020-09-30,1,9,0.9999981
55000900272209,2020-10-01,1,9,0.9999945
55000900272209,2020-10-02,1,9,0.99998236
55000900272209,2020-10-03,1,9,0.999966
55000900272209,2020-10-04,1,9,0.9999721
55000900272209,2020-10-05,1,9,0.999956
55000900272209,2020-10-06,1,9,0.99997985
55000900272209,2020-10-07,1,9,0.9999924
55000900272209,2020-10-08,1,9,0.9999751
55000900272209,2020-10-09,1,9,0.9999503
55000900272209,2020-10-10,1,9,0.99999774
55000900272209,2020-10-11,1,9,0.999997
55000900272209,2020-10-12,1,9,0.9999958
55000900272209,2020-10-13,1,9,0.99999166
55000900272209,2020-10-14,1,9,0.9999825
55000900272209,2020-10-15,1,9,0.99999714
55000900272209,2020-10-16,1,9,0.9999976
55000900272209,2020-10-17,1,9,0.99999905
55000900272209,2020-10-18,1,0,0.9999926
55000900272209,2020-10-19,1,0,0.9999963
55000900272714,2020-09-11,1,9,0.99976164
55000900272714,2020-09-12,1,9,0.9998541
55000900272714,2020-09-13,1,9,0.9996884
55000900272714,2020-09-14,1,9,0.99950755
55000900272714,2020-09-15,1,9,0.99912316
55000900272714,2020-09-16,1,9,0.99948055
55000900272714,2020-09-17,1,9,0.99912125
55000900272714,2020-09-18,1,9,0.99226886
55000900272714,2020-09-19,1,9,0.930938
55000900272714,2020-09-20,1,9,0.9793815
55000900272714,2020-09-21,1,9,0.9998331
55000900272714,2020-09-22,1,9,0.99996173
55000900272714,2020-09-23,1,9,0.9992612
55000900272714,2020-09-24,1,9,0.9998467
55000900272714,2020-09-25,1,9,0.9998963
55000900272714,2020-09-26,1,9,0.9999958
55000900272714,2020-09-27,1,9,0.9999875
55000900272714,2020-09-28,1,9,0.99999
55000900272714,2020-09-29,1,9,0.9999912
55000900272714,2020-09-30,1,9,0.99999535
55000900272714,2020-10-01,1,9,0.9999993
55000900272714,2020-10-02,1,9,0.9999809
55000900272714,2020-10-03,1,9,0.9999881
55000900272714,2020-10-04,1,9,0.9999939
55000900272714,2020-10-05,1,9,0.9999927
55000900272714,2020-10-06,1,9,0.9999939
55000900272714,2020-10-07,1,9,0.99999106
55000900272714,2020-10-08,1,9,0.9999615
55000900272714,2020-10-09,1,9,0.9999697
55000900272714,2020-10-10,1,9,0.9999927
55000900272714,2020-10-11,1,9,0.9999969
55000900272714,2020-10-12,1,9,0.9999968
55000900272714,2020-10-13,1,9,0.9999982
55000900272714,2020-10-14,1,9,0.9999976
55000900272714,2020-10-15,1,9,0.9999857
55000900272714,2020-10-16,1,9,0.9999715
55000900272714,2020-10-17,1,9,0.9999995
55000900272714,2020-10-18,1,9,0.9999951
55000900272714,2020-10-19,1,0,0.99999547
55000900272714,2020-10-20,1,0,0.9999958
